Using DV Solver
The settings used:
batch_size : 64
epochs : 2000
lr : 0.001
seed : 42
print_every : 1
log_path : ./results/models/checkpoints/schrodinger/qho
input_dim : 2
output_dim : 2
num_qubits : 5
hidden_dim : 30
num_quantum_layers : 1
classic_network : [2, 30, 2]
q_ansatz : sim_circ_19
mode : hybrid
activation : null
shots : 20
problem : schrodinger
solver : DV
device : cpu
method : None
cutoff_dim : 20
class : CVNeuralNetwork2
encoding : amplitude
eq_params : {'example': 'ho', 'L': 5.0, 'T': 0.1, 'hbar': 1.0, 'mass': 1.0, 'n_level': 0, 'omega': 1.0, 'potential_fn': 'lambda t, x : 0.5 * 1.0 * (1.0**2) * (x**2)'}
noise : True
Total number of parameters: 502
The circuit used in the study:
It: 1, Loss: 1.273e-01, Loss_res: 3.884e+00,  Loss_bcs: 8.635e-02, Loss_ut_ics: 2.161e-01, lr: 1.000e-03, Time: 2.02e+00
Model state saved to ./results/models/checkpoints/schrodinger/qho/2025-09-19_21-56-28-345443/model.pth
Model state saved to ./results/models/checkpoints/schrodinger/qho/2025-09-19_21-56-28-345443/model_weights.pth
It: 2, Loss: 9.737e-02, Loss_res: 2.488e+00,  Loss_bcs: 7.116e-02, Loss_ut_ics: 1.337e-01, lr: 1.000e-03, Time: 3.16e+00
Model state saved to ./results/models/checkpoints/schrodinger/qho/2025-09-19_21-56-28-345443/model.pth
Model state saved to ./results/models/checkpoints/schrodinger/qho/2025-09-19_21-56-28-345443/model_weights.pth
It: 3, Loss: 7.971e-02, Loss_res: 2.093e+00,  Loss_bcs: 5.806e-02, Loss_ut_ics: 7.155e-02, lr: 1.000e-03, Time: 4.24e+00
Model state saved to ./results/models/checkpoints/schrodinger/qho/2025-09-19_21-56-28-345443/model.pth
Model state saved to ./results/models/checkpoints/schrodinger/qho/2025-09-19_21-56-28-345443/model_weights.pth
It: 4, Loss: 5.947e-02, Loss_res: 1.161e+00,  Loss_bcs: 4.711e-02, Loss_ut_ics: 7.481e-02, lr: 1.000e-03, Time: 5.34e+00
Model state saved to ./results/models/checkpoints/schrodinger/qho/2025-09-19_21-56-28-345443/model.pth
Model state saved to ./results/models/checkpoints/schrodinger/qho/2025-09-19_21-56-28-345443/model_weights.pth
It: 5, Loss: 7.145e-02, Loss_res: 3.289e+00,  Loss_bcs: 3.748e-02, Loss_ut_ics: 1.083e-01, lr: 1.000e-03, Time: 6.43e+00
Model state saved to ./results/models/checkpoints/schrodinger/qho/2025-09-19_21-56-28-345443/model.pth
Model state saved to ./results/models/checkpoints/schrodinger/qho/2025-09-19_21-56-28-345443/model_weights.pth
It: 6, Loss: 4.478e-02, Loss_res: 1.515e+00,  Loss_bcs: 2.897e-02, Loss_ut_ics: 6.629e-02, lr: 1.000e-03, Time: 7.52e+00
Model state saved to ./results/models/checkpoints/schrodinger/qho/2025-09-19_21-56-28-345443/model.pth
Model state saved to ./results/models/checkpoints/schrodinger/qho/2025-09-19_21-56-28-345443/model_weights.pth
It: 7, Loss: 2.994e-02, Loss_res: 7.513e-01,  Loss_bcs: 2.156e-02, Loss_ut_ics: 8.629e-02, lr: 1.000e-03, Time: 8.61e+00
Model state saved to ./results/models/checkpoints/schrodinger/qho/2025-09-19_21-56-28-345443/model.pth
Model state saved to ./results/models/checkpoints/schrodinger/qho/2025-09-19_21-56-28-345443/model_weights.pth
It: 8, Loss: 2.358e-02, Loss_res: 5.940e-01,  Loss_bcs: 1.540e-02, Loss_ut_ics: 2.237e-01, lr: 1.000e-03, Time: 9.83e+00
Model state saved to ./results/models/checkpoints/schrodinger/qho/2025-09-19_21-56-28-345443/model.pth
Model state saved to ./results/models/checkpoints/schrodinger/qho/2025-09-19_21-56-28-345443/model_weights.pth
It: 9, Loss: 1.471e-02, Loss_res: 3.635e-01,  Loss_bcs: 1.039e-02, Loss_ut_ics: 6.903e-02, lr: 1.000e-03, Time: 1.11e+01
Model state saved to ./results/models/checkpoints/schrodinger/qho/2025-09-19_21-56-28-345443/model.pth
Model state saved to ./results/models/checkpoints/schrodinger/qho/2025-09-19_21-56-28-345443/model_weights.pth
It: 10, Loss: 1.196e-02, Loss_res: 4.276e-01,  Loss_bcs: 6.487e-03, Loss_ut_ics: 1.201e-01, lr: 1.000e-03, Time: 1.22e+01
Model state saved to ./results/models/checkpoints/schrodinger/qho/2025-09-19_21-56-28-345443/model.pth
Model state saved to ./results/models/checkpoints/schrodinger/qho/2025-09-19_21-56-28-345443/model_weights.pth
It: 11, Loss: 4.206e-03, Loss_res: 5.824e-02,  Loss_bcs: 3.569e-03, Loss_ut_ics: 5.480e-03, lr: 1.000e-03, Time: 1.34e+01
Model state saved to ./results/models/checkpoints/schrodinger/qho/2025-09-19_21-56-28-345443/model.pth
Model state saved to ./results/models/checkpoints/schrodinger/qho/2025-09-19_21-56-28-345443/model_weights.pth
It: 12, Loss: 2.883e-03, Loss_res: 1.133e-01,  Loss_bcs: 1.628e-03, Loss_ut_ics: 1.217e-02, lr: 1.000e-03, Time: 1.46e+01
Model state saved to ./results/models/checkpoints/schrodinger/qho/2025-09-19_21-56-28-345443/model.pth
Model state saved to ./results/models/checkpoints/schrodinger/qho/2025-09-19_21-56-28-345443/model_weights.pth
It: 13, Loss: 2.520e-03, Loss_res: 8.319e-02,  Loss_bcs: 4.750e-04, Loss_ut_ics: 1.213e-01, lr: 1.000e-03, Time: 1.57e+01
Model state saved to ./results/models/checkpoints/schrodinger/qho/2025-09-19_21-56-28-345443/model.pth
Model state saved to ./results/models/checkpoints/schrodinger/qho/2025-09-19_21-56-28-345443/model_weights.pth
It: 14, Loss: 6.460e-04, Loss_res: 5.420e-03,  Loss_bcs: 2.751e-05, Loss_ut_ics: 5.643e-02, lr: 1.000e-03, Time: 1.69e+01
Model state saved to ./results/models/checkpoints/schrodinger/qho/2025-09-19_21-56-28-345443/model.pth
Model state saved to ./results/models/checkpoints/schrodinger/qho/2025-09-19_21-56-28-345443/model_weights.pth
It: 15, Loss: 1.995e-03, Loss_res: 4.664e-03,  Loss_bcs: 1.202e-04, Loss_ut_ics: 1.829e-01, lr: 1.000e-03, Time: 1.81e+01
Model state saved to ./results/models/checkpoints/schrodinger/qho/2025-09-19_21-56-28-345443/model.pth
Model state saved to ./results/models/checkpoints/schrodinger/qho/2025-09-19_21-56-28-345443/model_weights.pth
It: 16, Loss: 1.974e-03, Loss_res: 1.333e-01,  Loss_bcs: 6.029e-04, Loss_ut_ics: 3.796e-03, lr: 1.000e-03, Time: 1.93e+01
Model state saved to ./results/models/checkpoints/schrodinger/qho/2025-09-19_21-56-28-345443/model.pth
Model state saved to ./results/models/checkpoints/schrodinger/qho/2025-09-19_21-56-28-345443/model_weights.pth
It: 17, Loss: 2.839e-03, Loss_res: 2.036e-02,  Loss_bcs: 1.257e-03, Loss_ut_ics: 1.378e-01, lr: 1.000e-03, Time: 2.04e+01
Model state saved to ./results/models/checkpoints/schrodinger/qho/2025-09-19_21-56-28-345443/model.pth
Model state saved to ./results/models/checkpoints/schrodinger/qho/2025-09-19_21-56-28-345443/model_weights.pth
It: 18, Loss: 3.569e-03, Loss_res: 5.450e-02,  Loss_bcs: 2.007e-03, Loss_ut_ics: 1.017e-01, lr: 1.000e-03, Time: 2.16e+01
Model state saved to ./results/models/checkpoints/schrodinger/qho/2025-09-19_21-56-28-345443/model.pth
Model state saved to ./results/models/checkpoints/schrodinger/qho/2025-09-19_21-56-28-345443/model_weights.pth
It: 19, Loss: 1.904e-02, Loss_res: 1.527e+00,  Loss_bcs: 2.733e-03, Loss_ut_ics: 1.038e-01, lr: 1.000e-03, Time: 2.28e+01
Model state saved to ./results/models/checkpoints/schrodinger/qho/2025-09-19_21-56-28-345443/model.pth
Model state saved to ./results/models/checkpoints/schrodinger/qho/2025-09-19_21-56-28-345443/model_weights.pth
It: 20, Loss: 5.453e-03, Loss_res: 1.618e-01,  Loss_bcs: 3.350e-03, Loss_ut_ics: 4.852e-02, lr: 1.000e-03, Time: 2.39e+01
Model state saved to ./results/models/checkpoints/schrodinger/qho/2025-09-19_21-56-28-345443/model.pth
Model state saved to ./results/models/checkpoints/schrodinger/qho/2025-09-19_21-56-28-345443/model_weights.pth
It: 21, Loss: 7.923e-03, Loss_res: 3.243e-01,  Loss_bcs: 3.845e-03, Loss_ut_ics: 8.349e-02, lr: 1.000e-03, Time: 2.50e+01
Model state saved to ./results/models/checkpoints/schrodinger/qho/2025-09-19_21-56-28-345443/model.pth
Model state saved to ./results/models/checkpoints/schrodinger/qho/2025-09-19_21-56-28-345443/model_weights.pth
It: 22, Loss: 7.231e-03, Loss_res: 2.628e-01,  Loss_bcs: 4.088e-03, Loss_ut_ics: 5.153e-02, lr: 1.000e-03, Time: 2.61e+01
Model state saved to ./results/models/checkpoints/schrodinger/qho/2025-09-19_21-56-28-345443/model.pth
Model state saved to ./results/models/checkpoints/schrodinger/qho/2025-09-19_21-56-28-345443/model_weights.pth
It: 23, Loss: 7.480e-03, Loss_res: 2.941e-01,  Loss_bcs: 4.147e-03, Loss_ut_ics: 3.915e-02, lr: 1.000e-03, Time: 2.73e+01
Model state saved to ./results/models/checkpoints/schrodinger/qho/2025-09-19_21-56-28-345443/model.pth
Model state saved to ./results/models/checkpoints/schrodinger/qho/2025-09-19_21-56-28-345443/model_weights.pth
It: 24, Loss: 6.740e-03, Loss_res: 2.590e-01,  Loss_bcs: 3.979e-03, Loss_ut_ics: 1.718e-02, lr: 1.000e-03, Time: 2.84e+01
Model state saved to ./results/models/checkpoints/schrodinger/qho/2025-09-19_21-56-28-345443/model.pth
Model state saved to ./results/models/checkpoints/schrodinger/qho/2025-09-19_21-56-28-345443/model_weights.pth
It: 25, Loss: 1.386e-02, Loss_res: 8.470e-01,  Loss_bcs: 3.643e-03, Loss_ut_ics: 1.750e-01, lr: 1.000e-03, Time: 2.95e+01
Model state saved to ./results/models/checkpoints/schrodinger/qho/2025-09-19_21-56-28-345443/model.pth
Model state saved to ./results/models/checkpoints/schrodinger/qho/2025-09-19_21-56-28-345443/model_weights.pth
It: 26, Loss: 6.035e-03, Loss_res: 1.574e-01,  Loss_bcs: 3.188e-03, Loss_ut_ics: 1.272e-01, lr: 1.000e-03, Time: 3.06e+01
Model state saved to ./results/models/checkpoints/schrodinger/qho/2025-09-19_21-56-28-345443/model.pth
Model state saved to ./results/models/checkpoints/schrodinger/qho/2025-09-19_21-56-28-345443/model_weights.pth
It: 27, Loss: 3.843e-03, Loss_res: 6.868e-02,  Loss_bcs: 2.678e-03, Loss_ut_ics: 4.782e-02, lr: 1.000e-03, Time: 3.17e+01
Model state saved to ./results/models/checkpoints/schrodinger/qho/2025-09-19_21-56-28-345443/model.pth
Model state saved to ./results/models/checkpoints/schrodinger/qho/2025-09-19_21-56-28-345443/model_weights.pth
It: 28, Loss: 4.386e-03, Loss_res: 5.512e-02,  Loss_bcs: 2.142e-03, Loss_ut_ics: 1.693e-01, lr: 1.000e-03, Time: 3.28e+01
Model state saved to ./results/models/checkpoints/schrodinger/qho/2025-09-19_21-56-28-345443/model.pth
Model state saved to ./results/models/checkpoints/schrodinger/qho/2025-09-19_21-56-28-345443/model_weights.pth
It: 29, Loss: 3.012e-03, Loss_res: 3.824e-02,  Loss_bcs: 1.629e-03, Loss_ut_ics: 9.999e-02, lr: 1.000e-03, Time: 3.39e+01
Model state saved to ./results/models/checkpoints/schrodinger/qho/2025-09-19_21-56-28-345443/model.pth
Model state saved to ./results/models/checkpoints/schrodinger/qho/2025-09-19_21-56-28-345443/model_weights.pth
It: 30, Loss: 1.756e-03, Loss_res: 3.655e-02,  Loss_bcs: 1.177e-03, Loss_ut_ics: 2.134e-02, lr: 1.000e-03, Time: 3.50e+01
Model state saved to ./results/models/checkpoints/schrodinger/qho/2025-09-19_21-56-28-345443/model.pth
Model state saved to ./results/models/checkpoints/schrodinger/qho/2025-09-19_21-56-28-345443/model_weights.pth
It: 31, Loss: 1.997e-03, Loss_res: 5.095e-02,  Loss_bcs: 7.871e-04, Loss_ut_ics: 7.004e-02, lr: 1.000e-03, Time: 3.61e+01
Model state saved to ./results/models/checkpoints/schrodinger/qho/2025-09-19_21-56-28-345443/model.pth
Model state saved to ./results/models/checkpoints/schrodinger/qho/2025-09-19_21-56-28-345443/model_weights.pth
It: 32, Loss: 4.770e-03, Loss_res: 4.089e-01,  Loss_bcs: 4.795e-04, Loss_ut_ics: 2.023e-02, lr: 1.000e-03, Time: 3.72e+01
Model state saved to ./results/models/checkpoints/schrodinger/qho/2025-09-19_21-56-28-345443/model.pth
Model state saved to ./results/models/checkpoints/schrodinger/qho/2025-09-19_21-56-28-345443/model_weights.pth
It: 33, Loss: 6.027e-04, Loss_res: 5.155e-03,  Loss_bcs: 2.592e-04, Loss_ut_ics: 2.920e-02, lr: 1.000e-03, Time: 3.83e+01
Model state saved to ./results/models/checkpoints/schrodinger/qho/2025-09-19_21-56-28-345443/model.pth
Model state saved to ./results/models/checkpoints/schrodinger/qho/2025-09-19_21-56-28-345443/model_weights.pth
It: 34, Loss: 1.173e-03, Loss_res: 5.020e-03,  Loss_bcs: 1.137e-04, Loss_ut_ics: 1.009e-01, lr: 1.000e-03, Time: 3.94e+01
Model state saved to ./results/models/checkpoints/schrodinger/qho/2025-09-19_21-56-28-345443/model.pth
Model state saved to ./results/models/checkpoints/schrodinger/qho/2025-09-19_21-56-28-345443/model_weights.pth
It: 35, Loss: 1.465e-03, Loss_res: 7.174e-03,  Loss_bcs: 3.020e-05, Loss_ut_ics: 1.364e-01, lr: 1.000e-03, Time: 4.05e+01
Model state saved to ./results/models/checkpoints/schrodinger/qho/2025-09-19_21-56-28-345443/model.pth
Model state saved to ./results/models/checkpoints/schrodinger/qho/2025-09-19_21-56-28-345443/model_weights.pth
It: 36, Loss: 3.922e-04, Loss_res: 1.953e-04,  Loss_bcs: 2.209e-06, Loss_ut_ics: 3.881e-02, lr: 1.000e-03, Time: 4.16e+01
Model state saved to ./results/models/checkpoints/schrodinger/qho/2025-09-19_21-56-28-345443/model.pth
Model state saved to ./results/models/checkpoints/schrodinger/qho/2025-09-19_21-56-28-345443/model_weights.pth
It: 37, Loss: 3.172e-04, Loss_res: 6.196e-03,  Loss_bcs: 1.494e-05, Loss_ut_ics: 2.403e-02, lr: 1.000e-03, Time: 4.27e+01
Model state saved to ./results/models/checkpoints/schrodinger/qho/2025-09-19_21-56-28-345443/model.pth
Model state saved to ./results/models/checkpoints/schrodinger/qho/2025-09-19_21-56-28-345443/model_weights.pth
It: 38, Loss: 2.088e-03, Loss_res: 1.169e-03,  Loss_bcs: 5.816e-05, Loss_ut_ics: 2.018e-01, lr: 1.000e-03, Time: 4.38e+01
Model state saved to ./results/models/checkpoints/schrodinger/qho/2025-09-19_21-56-28-345443/model.pth
Model state saved to ./results/models/checkpoints/schrodinger/qho/2025-09-19_21-56-28-345443/model_weights.pth
It: 39, Loss: 9.042e-04, Loss_res: 5.720e-02,  Loss_bcs: 1.193e-04, Loss_ut_ics: 2.129e-02, lr: 1.000e-03, Time: 4.49e+01
Model state saved to ./results/models/checkpoints/schrodinger/qho/2025-09-19_21-56-28-345443/model.pth
Model state saved to ./results/models/checkpoints/schrodinger/qho/2025-09-19_21-56-28-345443/model_weights.pth
It: 40, Loss: 1.202e-03, Loss_res: 8.631e-03,  Loss_bcs: 1.872e-04, Loss_ut_ics: 9.289e-02, lr: 1.000e-03, Time: 4.60e+01
Model state saved to ./results/models/checkpoints/schrodinger/qho/2025-09-19_21-56-28-345443/model.pth
Model state saved to ./results/models/checkpoints/schrodinger/qho/2025-09-19_21-56-28-345443/model_weights.pth
It: 41, Loss: 4.745e-04, Loss_res: 9.242e-04,  Loss_bcs: 2.547e-04, Loss_ut_ics: 2.106e-02, lr: 1.000e-03, Time: 4.71e+01
Model state saved to ./results/models/checkpoints/schrodinger/qho/2025-09-19_21-56-28-345443/model.pth
Model state saved to ./results/models/checkpoints/schrodinger/qho/2025-09-19_21-56-28-345443/model_weights.pth
It: 42, Loss: 8.144e-04, Loss_res: 8.544e-03,  Loss_bcs: 3.146e-04, Loss_ut_ics: 4.144e-02, lr: 1.000e-03, Time: 4.81e+01
Model state saved to ./results/models/checkpoints/schrodinger/qho/2025-09-19_21-56-28-345443/model.pth
Model state saved to ./results/models/checkpoints/schrodinger/qho/2025-09-19_21-56-28-345443/model_weights.pth
It: 43, Loss: 1.144e-03, Loss_res: 1.083e-02,  Loss_bcs: 3.617e-04, Loss_ut_ics: 6.742e-02, lr: 1.000e-03, Time: 4.92e+01
Model state saved to ./results/models/checkpoints/schrodinger/qho/2025-09-19_21-56-28-345443/model.pth
Model state saved to ./results/models/checkpoints/schrodinger/qho/2025-09-19_21-56-28-345443/model_weights.pth
It: 44, Loss: 3.907e-03, Loss_res: 1.921e-01,  Loss_bcs: 3.932e-04, Loss_ut_ics: 1.592e-01, lr: 1.000e-03, Time: 5.03e+01
Model state saved to ./results/models/checkpoints/schrodinger/qho/2025-09-19_21-56-28-345443/model.pth
Model state saved to ./results/models/checkpoints/schrodinger/qho/2025-09-19_21-56-28-345443/model_weights.pth
It: 45, Loss: 1.964e-03, Loss_res: 1.772e-02,  Loss_bcs: 4.105e-04, Loss_ut_ics: 1.376e-01, lr: 1.000e-03, Time: 5.14e+01
Model state saved to ./results/models/checkpoints/schrodinger/qho/2025-09-19_21-56-28-345443/model.pth
Model state saved to ./results/models/checkpoints/schrodinger/qho/2025-09-19_21-56-28-345443/model_weights.pth
It: 46, Loss: 5.821e-04, Loss_res: 1.700e-02,  Loss_bcs: 4.077e-04, Loss_ut_ics: 4.373e-04, lr: 1.000e-03, Time: 5.25e+01
Model state saved to ./results/models/checkpoints/schrodinger/qho/2025-09-19_21-56-28-345443/model.pth
Model state saved to ./results/models/checkpoints/schrodinger/qho/2025-09-19_21-56-28-345443/model_weights.pth
It: 47, Loss: 5.304e-04, Loss_res: 1.298e-02,  Loss_bcs: 3.874e-04, Loss_ut_ics: 1.314e-03, lr: 1.000e-03, Time: 5.36e+01
Model state saved to ./results/models/checkpoints/schrodinger/qho/2025-09-19_21-56-28-345443/model.pth
Model state saved to ./results/models/checkpoints/schrodinger/qho/2025-09-19_21-56-28-345443/model_weights.pth
It: 48, Loss: 9.544e-04, Loss_res: 1.298e-02,  Loss_bcs: 3.531e-04, Loss_ut_ics: 4.716e-02, lr: 1.000e-03, Time: 5.48e+01
Model state saved to ./results/models/checkpoints/schrodinger/qho/2025-09-19_21-56-28-345443/model.pth
Model state saved to ./results/models/checkpoints/schrodinger/qho/2025-09-19_21-56-28-345443/model_weights.pth
It: 49, Loss: 2.996e-03, Loss_res: 1.895e-02,  Loss_bcs: 3.098e-04, Loss_ut_ics: 2.497e-01, lr: 1.000e-03, Time: 5.59e+01
Model state saved to ./results/models/checkpoints/schrodinger/qho/2025-09-19_21-56-28-345443/model.pth
Model state saved to ./results/models/checkpoints/schrodinger/qho/2025-09-19_21-56-28-345443/model_weights.pth
It: 50, Loss: 6.730e-03, Loss_res: 5.090e-01,  Loss_bcs: 2.590e-04, Loss_ut_ics: 1.381e-01, lr: 1.000e-03, Time: 5.69e+01
Model state saved to ./results/models/checkpoints/schrodinger/qho/2025-09-19_21-56-28-345443/model.pth
Model state saved to ./results/models/checkpoints/schrodinger/qho/2025-09-19_21-56-28-345443/model_weights.pth
It: 51, Loss: 9.344e-04, Loss_res: 2.718e-02,  Loss_bcs: 2.207e-04, Loss_ut_ics: 4.419e-02, lr: 1.000e-03, Time: 5.80e+01
Model state saved to ./results/models/checkpoints/schrodinger/qho/2025-09-19_21-56-28-345443/model.pth
Model state saved to ./results/models/checkpoints/schrodinger/qho/2025-09-19_21-56-28-345443/model_weights.pth
It: 52, Loss: 2.191e-03, Loss_res: 1.981e-03,  Loss_bcs: 1.798e-04, Loss_ut_ics: 1.992e-01, lr: 1.000e-03, Time: 5.91e+01
Model state saved to ./results/models/checkpoints/schrodinger/qho/2025-09-19_21-56-28-345443/model.pth
Model state saved to ./results/models/checkpoints/schrodinger/qho/2025-09-19_21-56-28-345443/model_weights.pth
It: 53, Loss: 2.102e-03, Loss_res: 5.862e-03,  Loss_bcs: 1.408e-04, Loss_ut_ics: 1.903e-01, lr: 1.000e-03, Time: 6.02e+01
Model state saved to ./results/models/checkpoints/schrodinger/qho/2025-09-19_21-56-28-345443/model.pth
Model state saved to ./results/models/checkpoints/schrodinger/qho/2025-09-19_21-56-28-345443/model_weights.pth
It: 54, Loss: 2.258e-04, Loss_res: 3.184e-03,  Loss_bcs: 1.030e-04, Loss_ut_ics: 9.087e-03, lr: 1.000e-03, Time: 6.13e+01
Model state saved to ./results/models/checkpoints/schrodinger/qho/2025-09-19_21-56-28-345443/model.pth
Model state saved to ./results/models/checkpoints/schrodinger/qho/2025-09-19_21-56-28-345443/model_weights.pth
It: 55, Loss: 9.120e-03, Loss_res: 6.964e-01,  Loss_bcs: 6.980e-05, Loss_ut_ics: 2.087e-01, lr: 1.000e-03, Time: 6.24e+01
Model state saved to ./results/models/checkpoints/schrodinger/qho/2025-09-19_21-56-28-345443/model.pth
Model state saved to ./results/models/checkpoints/schrodinger/qho/2025-09-19_21-56-28-345443/model_weights.pth
It: 56, Loss: 1.359e-03, Loss_res: 5.709e-03,  Loss_bcs: 4.406e-05, Loss_ut_ics: 1.257e-01, lr: 1.000e-03, Time: 6.35e+01
Model state saved to ./results/models/checkpoints/schrodinger/qho/2025-09-19_21-56-28-345443/model.pth
Model state saved to ./results/models/checkpoints/schrodinger/qho/2025-09-19_21-56-28-345443/model_weights.pth
It: 57, Loss: 3.024e-04, Loss_res: 6.248e-03,  Loss_bcs: 2.344e-05, Loss_ut_ics: 2.164e-02, lr: 1.000e-03, Time: 6.46e+01
Model state saved to ./results/models/checkpoints/schrodinger/qho/2025-09-19_21-56-28-345443/model.pth
Model state saved to ./results/models/checkpoints/schrodinger/qho/2025-09-19_21-56-28-345443/model_weights.pth
It: 58, Loss: 4.220e-03, Loss_res: 2.665e-01,  Loss_bcs: 1.015e-05, Loss_ut_ics: 1.545e-01, lr: 1.000e-03, Time: 6.57e+01
Model state saved to ./results/models/checkpoints/schrodinger/qho/2025-09-19_21-56-28-345443/model.pth
Model state saved to ./results/models/checkpoints/schrodinger/qho/2025-09-19_21-56-28-345443/model_weights.pth
It: 59, Loss: 2.446e-03, Loss_res: 7.344e-03,  Loss_bcs: 1.621e-06, Loss_ut_ics: 2.371e-01, lr: 1.000e-03, Time: 6.68e+01
Model state saved to ./results/models/checkpoints/schrodinger/qho/2025-09-19_21-56-28-345443/model.pth
Model state saved to ./results/models/checkpoints/schrodinger/qho/2025-09-19_21-56-28-345443/model_weights.pth
It: 60, Loss: 6.719e-04, Loss_res: 8.231e-04,  Loss_bcs: 6.828e-07, Loss_ut_ics: 6.630e-02, lr: 1.000e-03, Time: 6.79e+01
Model state saved to ./results/models/checkpoints/schrodinger/qho/2025-09-19_21-56-28-345443/model.pth
Model state saved to ./results/models/checkpoints/schrodinger/qho/2025-09-19_21-56-28-345443/model_weights.pth
It: 61, Loss: 2.156e-03, Loss_res: 9.945e-02,  Loss_bcs: 5.932e-06, Loss_ut_ics: 1.156e-01, lr: 1.000e-03, Time: 6.90e+01
Model state saved to ./results/models/checkpoints/schrodinger/qho/2025-09-19_21-56-28-345443/model.pth
Model state saved to ./results/models/checkpoints/schrodinger/qho/2025-09-19_21-56-28-345443/model_weights.pth
It: 62, Loss: 4.503e-04, Loss_res: 3.883e-03,  Loss_bcs: 2.025e-05, Loss_ut_ics: 3.912e-02, lr: 1.000e-03, Time: 7.01e+01
Model state saved to ./results/models/checkpoints/schrodinger/qho/2025-09-19_21-56-28-345443/model.pth
Model state saved to ./results/models/checkpoints/schrodinger/qho/2025-09-19_21-56-28-345443/model_weights.pth
It: 63, Loss: 7.560e-04, Loss_res: 6.660e-03,  Loss_bcs: 3.778e-05, Loss_ut_ics: 6.516e-02, lr: 1.000e-03, Time: 7.12e+01
Model state saved to ./results/models/checkpoints/schrodinger/qho/2025-09-19_21-56-28-345443/model.pth
Model state saved to ./results/models/checkpoints/schrodinger/qho/2025-09-19_21-56-28-345443/model_weights.pth
It: 64, Loss: 1.892e-03, Loss_res: 2.562e-03,  Loss_bcs: 5.317e-05, Loss_ut_ics: 1.813e-01, lr: 1.000e-03, Time: 7.22e+01
Model state saved to ./results/models/checkpoints/schrodinger/qho/2025-09-19_21-56-28-345443/model.pth
Model state saved to ./results/models/checkpoints/schrodinger/qho/2025-09-19_21-56-28-345443/model_weights.pth
It: 65, Loss: 5.731e-04, Loss_res: 4.267e-03,  Loss_bcs: 6.405e-05, Loss_ut_ics: 4.664e-02, lr: 1.000e-03, Time: 7.33e+01
Model state saved to ./results/models/checkpoints/schrodinger/qho/2025-09-19_21-56-28-345443/model.pth
Model state saved to ./results/models/checkpoints/schrodinger/qho/2025-09-19_21-56-28-345443/model_weights.pth
It: 66, Loss: 3.689e-03, Loss_res: 1.932e-01,  Loss_bcs: 7.044e-05, Loss_ut_ics: 1.686e-01, lr: 1.000e-03, Time: 7.44e+01
Model state saved to ./results/models/checkpoints/schrodinger/qho/2025-09-19_21-56-28-345443/model.pth
Model state saved to ./results/models/checkpoints/schrodinger/qho/2025-09-19_21-56-28-345443/model_weights.pth
It: 67, Loss: 2.115e-03, Loss_res: 2.010e-03,  Loss_bcs: 8.155e-05, Loss_ut_ics: 2.014e-01, lr: 1.000e-03, Time: 7.55e+01
Model state saved to ./results/models/checkpoints/schrodinger/qho/2025-09-19_21-56-28-345443/model.pth
Model state saved to ./results/models/checkpoints/schrodinger/qho/2025-09-19_21-56-28-345443/model_weights.pth
It: 68, Loss: 1.585e-04, Loss_res: 4.143e-03,  Loss_bcs: 8.565e-05, Loss_ut_ics: 3.141e-03, lr: 1.000e-03, Time: 7.66e+01
Model state saved to ./results/models/checkpoints/schrodinger/qho/2025-09-19_21-56-28-345443/model.pth
Model state saved to ./results/models/checkpoints/schrodinger/qho/2025-09-19_21-56-28-345443/model_weights.pth
It: 69, Loss: 2.954e-04, Loss_res: 1.303e-02,  Loss_bcs: 8.286e-05, Loss_ut_ics: 8.223e-03, lr: 1.000e-03, Time: 7.77e+01
Model state saved to ./results/models/checkpoints/schrodinger/qho/2025-09-19_21-56-28-345443/model.pth
Model state saved to ./results/models/checkpoints/schrodinger/qho/2025-09-19_21-56-28-345443/model_weights.pth
It: 70, Loss: 4.623e-04, Loss_res: 8.304e-03,  Loss_bcs: 7.415e-05, Loss_ut_ics: 3.051e-02, lr: 1.000e-03, Time: 7.88e+01
Model state saved to ./results/models/checkpoints/schrodinger/qho/2025-09-19_21-56-28-345443/model.pth
Model state saved to ./results/models/checkpoints/schrodinger/qho/2025-09-19_21-56-28-345443/model_weights.pth
It: 71, Loss: 1.127e-02, Loss_res: 1.110e+00,  Loss_bcs: 6.338e-05, Loss_ut_ics: 1.101e-02, lr: 1.000e-03, Time: 7.99e+01
Model state saved to ./results/models/checkpoints/schrodinger/qho/2025-09-19_21-56-28-345443/model.pth
Model state saved to ./results/models/checkpoints/schrodinger/qho/2025-09-19_21-56-28-345443/model_weights.pth
It: 72, Loss: 9.404e-05, Loss_res: 2.764e-03,  Loss_bcs: 6.453e-05, Loss_ut_ics: 1.872e-04, lr: 1.000e-03, Time: 8.10e+01
Model state saved to ./results/models/checkpoints/schrodinger/qho/2025-09-19_21-56-28-345443/model.pth
Model state saved to ./results/models/checkpoints/schrodinger/qho/2025-09-19_21-56-28-345443/model_weights.pth
It: 73, Loss: 1.622e-03, Loss_res: 2.575e-03,  Loss_bcs: 6.003e-05, Loss_ut_ics: 1.537e-01, lr: 1.000e-03, Time: 8.21e+01
Model state saved to ./results/models/checkpoints/schrodinger/qho/2025-09-19_21-56-28-345443/model.pth
Model state saved to ./results/models/checkpoints/schrodinger/qho/2025-09-19_21-56-28-345443/model_weights.pth
It: 74, Loss: 2.284e-03, Loss_res: 4.002e-03,  Loss_bcs: 5.428e-05, Loss_ut_ics: 2.189e-01, lr: 1.000e-03, Time: 8.32e+01
Model state saved to ./results/models/checkpoints/schrodinger/qho/2025-09-19_21-56-28-345443/model.pth
Model state saved to ./results/models/checkpoints/schrodinger/qho/2025-09-19_21-56-28-345443/model_weights.pth
It: 75, Loss: 5.112e-04, Loss_res: 5.482e-03,  Loss_bcs: 4.556e-05, Loss_ut_ics: 4.109e-02, lr: 1.000e-03, Time: 8.43e+01
Model state saved to ./results/models/checkpoints/schrodinger/qho/2025-09-19_21-56-28-345443/model.pth
Model state saved to ./results/models/checkpoints/schrodinger/qho/2025-09-19_21-56-28-345443/model_weights.pth
It: 76, Loss: 4.613e-04, Loss_res: 5.027e-03,  Loss_bcs: 3.556e-05, Loss_ut_ics: 3.754e-02, lr: 1.000e-03, Time: 8.54e+01
Model state saved to ./results/models/checkpoints/schrodinger/qho/2025-09-19_21-56-28-345443/model.pth
Model state saved to ./results/models/checkpoints/schrodinger/qho/2025-09-19_21-56-28-345443/model_weights.pth
It: 77, Loss: 1.378e-03, Loss_res: 5.856e-02,  Loss_bcs: 2.562e-05, Loss_ut_ics: 7.667e-02, lr: 1.000e-03, Time: 8.65e+01
Model state saved to ./results/models/checkpoints/schrodinger/qho/2025-09-19_21-56-28-345443/model.pth
Model state saved to ./results/models/checkpoints/schrodinger/qho/2025-09-19_21-56-28-345443/model_weights.pth
It: 78, Loss: 9.693e-04, Loss_res: 1.034e-03,  Loss_bcs: 1.894e-05, Loss_ut_ics: 9.400e-02, lr: 1.000e-03, Time: 8.75e+01
Model state saved to ./results/models/checkpoints/schrodinger/qho/2025-09-19_21-56-28-345443/model.pth
Model state saved to ./results/models/checkpoints/schrodinger/qho/2025-09-19_21-56-28-345443/model_weights.pth
It: 79, Loss: 1.641e-03, Loss_res: 4.624e-03,  Loss_bcs: 1.310e-05, Loss_ut_ics: 1.581e-01, lr: 1.000e-03, Time: 8.86e+01
Model state saved to ./results/models/checkpoints/schrodinger/qho/2025-09-19_21-56-28-345443/model.pth
Model state saved to ./results/models/checkpoints/schrodinger/qho/2025-09-19_21-56-28-345443/model_weights.pth
It: 80, Loss: 1.776e-03, Loss_res: 4.475e-03,  Loss_bcs: 8.491e-06, Loss_ut_ics: 1.722e-01, lr: 1.000e-03, Time: 8.97e+01
Model state saved to ./results/models/checkpoints/schrodinger/qho/2025-09-19_21-56-28-345443/model.pth
Model state saved to ./results/models/checkpoints/schrodinger/qho/2025-09-19_21-56-28-345443/model_weights.pth
It: 81, Loss: 1.766e-03, Loss_res: 2.187e-04,  Loss_bcs: 5.954e-06, Loss_ut_ics: 1.758e-01, lr: 1.000e-03, Time: 9.08e+01
Model state saved to ./results/models/checkpoints/schrodinger/qho/2025-09-19_21-56-28-345443/model.pth
Model state saved to ./results/models/checkpoints/schrodinger/qho/2025-09-19_21-56-28-345443/model_weights.pth
It: 82, Loss: 5.096e-04, Loss_res: 1.980e-03,  Loss_bcs: 4.313e-06, Loss_ut_ics: 4.855e-02, lr: 1.000e-03, Time: 9.19e+01
Model state saved to ./results/models/checkpoints/schrodinger/qho/2025-09-19_21-56-28-345443/model.pth
Model state saved to ./results/models/checkpoints/schrodinger/qho/2025-09-19_21-56-28-345443/model_weights.pth
It: 83, Loss: 2.753e-03, Loss_res: 1.436e-04,  Loss_bcs: 3.746e-06, Loss_ut_ics: 2.748e-01, lr: 1.000e-03, Time: 9.30e+01
Model state saved to ./results/models/checkpoints/schrodinger/qho/2025-09-19_21-56-28-345443/model.pth
Model state saved to ./results/models/checkpoints/schrodinger/qho/2025-09-19_21-56-28-345443/model_weights.pth
It: 84, Loss: 6.167e-04, Loss_res: 9.914e-04,  Loss_bcs: 5.109e-06, Loss_ut_ics: 6.017e-02, lr: 1.000e-03, Time: 9.41e+01
Model state saved to ./results/models/checkpoints/schrodinger/qho/2025-09-19_21-56-28-345443/model.pth
Model state saved to ./results/models/checkpoints/schrodinger/qho/2025-09-19_21-56-28-345443/model_weights.pth
It: 85, Loss: 6.422e-04, Loss_res: 4.140e-02,  Loss_bcs: 6.741e-06, Loss_ut_ics: 2.214e-02, lr: 1.000e-03, Time: 9.52e+01
Model state saved to ./results/models/checkpoints/schrodinger/qho/2025-09-19_21-56-28-345443/model.pth
Model state saved to ./results/models/checkpoints/schrodinger/qho/2025-09-19_21-56-28-345443/model_weights.pth
It: 86, Loss: 2.234e-03, Loss_res: 2.548e-04,  Loss_bcs: 7.543e-06, Loss_ut_ics: 2.223e-01, lr: 1.000e-03, Time: 9.63e+01
Model state saved to ./results/models/checkpoints/schrodinger/qho/2025-09-19_21-56-28-345443/model.pth
Model state saved to ./results/models/checkpoints/schrodinger/qho/2025-09-19_21-56-28-345443/model_weights.pth
It: 87, Loss: 7.450e-04, Loss_res: 1.540e-03,  Loss_bcs: 8.734e-06, Loss_ut_ics: 7.209e-02, lr: 1.000e-03, Time: 9.73e+01
Model state saved to ./results/models/checkpoints/schrodinger/qho/2025-09-19_21-56-28-345443/model.pth
Model state saved to ./results/models/checkpoints/schrodinger/qho/2025-09-19_21-56-28-345443/model_weights.pth
It: 88, Loss: 3.283e-03, Loss_res: 4.611e-02,  Loss_bcs: 9.389e-06, Loss_ut_ics: 2.813e-01, lr: 1.000e-03, Time: 9.84e+01
Model state saved to ./results/models/checkpoints/schrodinger/qho/2025-09-19_21-56-28-345443/model.pth
Model state saved to ./results/models/checkpoints/schrodinger/qho/2025-09-19_21-56-28-345443/model_weights.pth
It: 89, Loss: 1.265e-03, Loss_res: 4.156e-03,  Loss_bcs: 1.057e-05, Loss_ut_ics: 1.213e-01, lr: 1.000e-03, Time: 9.95e+01
Model state saved to ./results/models/checkpoints/schrodinger/qho/2025-09-19_21-56-28-345443/model.pth
Model state saved to ./results/models/checkpoints/schrodinger/qho/2025-09-19_21-56-28-345443/model_weights.pth
It: 90, Loss: 3.150e-05, Loss_res: 7.989e-04,  Loss_bcs: 1.089e-05, Loss_ut_ics: 1.263e-03, lr: 1.000e-03, Time: 1.01e+02
Model state saved to ./results/models/checkpoints/schrodinger/qho/2025-09-19_21-56-28-345443/model.pth
Model state saved to ./results/models/checkpoints/schrodinger/qho/2025-09-19_21-56-28-345443/model_weights.pth
It: 91, Loss: 1.209e-03, Loss_res: 2.971e-04,  Loss_bcs: 1.049e-05, Loss_ut_ics: 1.196e-01, lr: 1.000e-03, Time: 1.02e+02
Model state saved to ./results/models/checkpoints/schrodinger/qho/2025-09-19_21-56-28-345443/model.pth
Model state saved to ./results/models/checkpoints/schrodinger/qho/2025-09-19_21-56-28-345443/model_weights.pth
It: 92, Loss: 1.479e-03, Loss_res: 5.351e-03,  Loss_bcs: 1.006e-05, Loss_ut_ics: 1.415e-01, lr: 1.000e-03, Time: 1.03e+02
Model state saved to ./results/models/checkpoints/schrodinger/qho/2025-09-19_21-56-28-345443/model.pth
Model state saved to ./results/models/checkpoints/schrodinger/qho/2025-09-19_21-56-28-345443/model_weights.pth
It: 93, Loss: 1.092e-03, Loss_res: 2.643e-04,  Loss_bcs: 9.191e-06, Loss_ut_ics: 1.080e-01, lr: 1.000e-03, Time: 1.04e+02
Model state saved to ./results/models/checkpoints/schrodinger/qho/2025-09-19_21-56-28-345443/model.pth
Model state saved to ./results/models/checkpoints/schrodinger/qho/2025-09-19_21-56-28-345443/model_weights.pth
It: 94, Loss: 8.583e-04, Loss_res: 3.919e-03,  Loss_bcs: 8.211e-06, Loss_ut_ics: 8.109e-02, lr: 1.000e-03, Time: 1.05e+02
Model state saved to ./results/models/checkpoints/schrodinger/qho/2025-09-19_21-56-28-345443/model.pth
Model state saved to ./results/models/checkpoints/schrodinger/qho/2025-09-19_21-56-28-345443/model_weights.pth
It: 95, Loss: 1.100e-04, Loss_res: 3.534e-04,  Loss_bcs: 7.589e-06, Loss_ut_ics: 9.891e-03, lr: 1.000e-03, Time: 1.06e+02
Model state saved to ./results/models/checkpoints/schrodinger/qho/2025-09-19_21-56-28-345443/model.pth
Model state saved to ./results/models/checkpoints/schrodinger/qho/2025-09-19_21-56-28-345443/model_weights.pth
It: 96, Loss: 1.202e-03, Loss_res: 2.019e-04,  Loss_bcs: 6.223e-06, Loss_ut_ics: 1.193e-01, lr: 1.000e-03, Time: 1.07e+02
Model state saved to ./results/models/checkpoints/schrodinger/qho/2025-09-19_21-56-28-345443/model.pth
Model state saved to ./results/models/checkpoints/schrodinger/qho/2025-09-19_21-56-28-345443/model_weights.pth
It: 97, Loss: 1.387e-03, Loss_res: 2.981e-03,  Loss_bcs: 4.889e-06, Loss_ut_ics: 1.353e-01, lr: 1.000e-03, Time: 1.08e+02
Model state saved to ./results/models/checkpoints/schrodinger/qho/2025-09-19_21-56-28-345443/model.pth
Model state saved to ./results/models/checkpoints/schrodinger/qho/2025-09-19_21-56-28-345443/model_weights.pth
It: 98, Loss: 1.684e-03, Loss_res: 2.661e-02,  Loss_bcs: 4.251e-06, Loss_ut_ics: 1.414e-01, lr: 1.000e-03, Time: 1.09e+02
Model state saved to ./results/models/checkpoints/schrodinger/qho/2025-09-19_21-56-28-345443/model.pth
Model state saved to ./results/models/checkpoints/schrodinger/qho/2025-09-19_21-56-28-345443/model_weights.pth
It: 99, Loss: 2.476e-03, Loss_res: 2.024e-03,  Loss_bcs: 4.419e-06, Loss_ut_ics: 2.452e-01, lr: 1.000e-03, Time: 1.10e+02
Model state saved to ./results/models/checkpoints/schrodinger/qho/2025-09-19_21-56-28-345443/model.pth
Model state saved to ./results/models/checkpoints/schrodinger/qho/2025-09-19_21-56-28-345443/model_weights.pth
It: 100, Loss: 3.304e-05, Loss_res: 4.279e-04,  Loss_bcs: 4.433e-06, Loss_ut_ics: 2.433e-03, lr: 1.000e-03, Time: 1.12e+02
Model state saved to ./results/models/checkpoints/schrodinger/qho/2025-09-19_21-56-28-345443/model.pth
Model state saved to ./results/models/checkpoints/schrodinger/qho/2025-09-19_21-56-28-345443/model_weights.pth
It: 101, Loss: 8.928e-04, Loss_res: 1.906e-04,  Loss_bcs: 4.809e-06, Loss_ut_ics: 8.861e-02, lr: 1.000e-03, Time: 1.13e+02
Model state saved to ./results/models/checkpoints/schrodinger/qho/2025-09-19_21-56-28-345443/model.pth
Model state saved to ./results/models/checkpoints/schrodinger/qho/2025-09-19_21-56-28-345443/model_weights.pth
It: 102, Loss: 7.913e-04, Loss_res: 3.220e-04,  Loss_bcs: 4.950e-06, Loss_ut_ics: 7.832e-02, lr: 1.000e-03, Time: 1.14e+02
Model state saved to ./results/models/checkpoints/schrodinger/qho/2025-09-19_21-56-28-345443/model.pth
Model state saved to ./results/models/checkpoints/schrodinger/qho/2025-09-19_21-56-28-345443/model_weights.pth
It: 103, Loss: 1.077e-04, Loss_res: 2.731e-04,  Loss_bcs: 4.768e-06, Loss_ut_ics: 1.002e-02, lr: 1.000e-03, Time: 1.15e+02
Model state saved to ./results/models/checkpoints/schrodinger/qho/2025-09-19_21-56-28-345443/model.pth
Model state saved to ./results/models/checkpoints/schrodinger/qho/2025-09-19_21-56-28-345443/model_weights.pth
It: 104, Loss: 1.227e-03, Loss_res: 8.541e-05,  Loss_bcs: 3.966e-06, Loss_ut_ics: 1.223e-01, lr: 1.000e-03, Time: 1.16e+02
Model state saved to ./results/models/checkpoints/schrodinger/qho/2025-09-19_21-56-28-345443/model.pth
Model state saved to ./results/models/checkpoints/schrodinger/qho/2025-09-19_21-56-28-345443/model_weights.pth
It: 105, Loss: 1.597e-03, Loss_res: 3.718e-03,  Loss_bcs: 3.761e-06, Loss_ut_ics: 1.556e-01, lr: 1.000e-03, Time: 1.17e+02
Model state saved to ./results/models/checkpoints/schrodinger/qho/2025-09-19_21-56-28-345443/model.pth
Model state saved to ./results/models/checkpoints/schrodinger/qho/2025-09-19_21-56-28-345443/model_weights.pth
It: 106, Loss: 3.548e-05, Loss_res: 3.146e-03,  Loss_bcs: 3.748e-06, Loss_ut_ics: 2.636e-05, lr: 1.000e-03, Time: 1.18e+02
Model state saved to ./results/models/checkpoints/schrodinger/qho/2025-09-19_21-56-28-345443/model.pth
Model state saved to ./results/models/checkpoints/schrodinger/qho/2025-09-19_21-56-28-345443/model_weights.pth
It: 107, Loss: 2.103e-03, Loss_res: 4.721e-03,  Loss_bcs: 3.148e-06, Loss_ut_ics: 2.053e-01, lr: 1.000e-03, Time: 1.19e+02
Model state saved to ./results/models/checkpoints/schrodinger/qho/2025-09-19_21-56-28-345443/model.pth
Model state saved to ./results/models/checkpoints/schrodinger/qho/2025-09-19_21-56-28-345443/model_weights.pth
It: 108, Loss: 1.989e-03, Loss_res: 7.225e-03,  Loss_bcs: 2.843e-06, Loss_ut_ics: 1.914e-01, lr: 1.000e-03, Time: 1.20e+02
Model state saved to ./results/models/checkpoints/schrodinger/qho/2025-09-19_21-56-28-345443/model.pth
Model state saved to ./results/models/checkpoints/schrodinger/qho/2025-09-19_21-56-28-345443/model_weights.pth
It: 109, Loss: 1.898e-03, Loss_res: 1.722e-04,  Loss_bcs: 3.273e-06, Loss_ut_ics: 1.893e-01, lr: 1.000e-03, Time: 1.21e+02
Model state saved to ./results/models/checkpoints/schrodinger/qho/2025-09-19_21-56-28-345443/model.pth
Model state saved to ./results/models/checkpoints/schrodinger/qho/2025-09-19_21-56-28-345443/model_weights.pth
It: 110, Loss: 1.740e-03, Loss_res: 2.333e-04,  Loss_bcs: 3.782e-06, Loss_ut_ics: 1.734e-01, lr: 1.000e-03, Time: 1.22e+02
Model state saved to ./results/models/checkpoints/schrodinger/qho/2025-09-19_21-56-28-345443/model.pth
Model state saved to ./results/models/checkpoints/schrodinger/qho/2025-09-19_21-56-28-345443/model_weights.pth
It: 111, Loss: 4.321e-04, Loss_res: 6.247e-04,  Loss_bcs: 4.341e-06, Loss_ut_ics: 4.215e-02, lr: 1.000e-03, Time: 1.24e+02
Model state saved to ./results/models/checkpoints/schrodinger/qho/2025-09-19_21-56-28-345443/model.pth
Model state saved to ./results/models/checkpoints/schrodinger/qho/2025-09-19_21-56-28-345443/model_weights.pth
It: 112, Loss: 1.843e-03, Loss_res: 3.152e-02,  Loss_bcs: 4.868e-06, Loss_ut_ics: 1.523e-01, lr: 1.000e-03, Time: 1.25e+02
Model state saved to ./results/models/checkpoints/schrodinger/qho/2025-09-19_21-56-28-345443/model.pth
Model state saved to ./results/models/checkpoints/schrodinger/qho/2025-09-19_21-56-28-345443/model_weights.pth
It: 113, Loss: 9.853e-04, Loss_res: 7.413e-04,  Loss_bcs: 5.003e-06, Loss_ut_ics: 9.729e-02, lr: 1.000e-03, Time: 1.26e+02
Model state saved to ./results/models/checkpoints/schrodinger/qho/2025-09-19_21-56-28-345443/model.pth
Model state saved to ./results/models/checkpoints/schrodinger/qho/2025-09-19_21-56-28-345443/model_weights.pth
It: 114, Loss: 1.455e-04, Loss_res: 2.858e-03,  Loss_bcs: 5.046e-06, Loss_ut_ics: 1.119e-02, lr: 1.000e-03, Time: 1.27e+02
Model state saved to ./results/models/checkpoints/schrodinger/qho/2025-09-19_21-56-28-345443/model.pth
Model state saved to ./results/models/checkpoints/schrodinger/qho/2025-09-19_21-56-28-345443/model_weights.pth
It: 115, Loss: 5.900e-04, Loss_res: 1.925e-04,  Loss_bcs: 4.415e-06, Loss_ut_ics: 5.836e-02, lr: 1.000e-03, Time: 1.28e+02
Model state saved to ./results/models/checkpoints/schrodinger/qho/2025-09-19_21-56-28-345443/model.pth
Model state saved to ./results/models/checkpoints/schrodinger/qho/2025-09-19_21-56-28-345443/model_weights.pth
It: 116, Loss: 6.932e-04, Loss_res: 8.022e-05,  Loss_bcs: 3.180e-06, Loss_ut_ics: 6.892e-02, lr: 1.000e-03, Time: 1.29e+02
Model state saved to ./results/models/checkpoints/schrodinger/qho/2025-09-19_21-56-28-345443/model.pth
Model state saved to ./results/models/checkpoints/schrodinger/qho/2025-09-19_21-56-28-345443/model_weights.pth
It: 117, Loss: 1.558e-03, Loss_res: 1.014e-02,  Loss_bcs: 2.632e-06, Loss_ut_ics: 1.454e-01, lr: 1.000e-03, Time: 1.30e+02
Model state saved to ./results/models/checkpoints/schrodinger/qho/2025-09-19_21-56-28-345443/model.pth
Model state saved to ./results/models/checkpoints/schrodinger/qho/2025-09-19_21-56-28-345443/model_weights.pth
It: 118, Loss: 1.064e-03, Loss_res: 8.770e-05,  Loss_bcs: 1.881e-06, Loss_ut_ics: 1.061e-01, lr: 1.000e-03, Time: 1.31e+02
Model state saved to ./results/models/checkpoints/schrodinger/qho/2025-09-19_21-56-28-345443/model.pth
Model state saved to ./results/models/checkpoints/schrodinger/qho/2025-09-19_21-56-28-345443/model_weights.pth
It: 119, Loss: 1.321e-03, Loss_res: 9.535e-05,  Loss_bcs: 1.571e-06, Loss_ut_ics: 1.319e-01, lr: 1.000e-03, Time: 1.32e+02
Model state saved to ./results/models/checkpoints/schrodinger/qho/2025-09-19_21-56-28-345443/model.pth
Model state saved to ./results/models/checkpoints/schrodinger/qho/2025-09-19_21-56-28-345443/model_weights.pth
It: 120, Loss: 1.877e-03, Loss_res: 2.040e-04,  Loss_bcs: 1.582e-06, Loss_ut_ics: 1.874e-01, lr: 1.000e-03, Time: 1.34e+02
Model state saved to ./results/models/checkpoints/schrodinger/qho/2025-09-19_21-56-28-345443/model.pth
Model state saved to ./results/models/checkpoints/schrodinger/qho/2025-09-19_21-56-28-345443/model_weights.pth
It: 121, Loss: 2.176e-03, Loss_res: 7.494e-05,  Loss_bcs: 2.155e-06, Loss_ut_ics: 2.173e-01, lr: 1.000e-03, Time: 1.35e+02
Model state saved to ./results/models/checkpoints/schrodinger/qho/2025-09-19_21-56-28-345443/model.pth
Model state saved to ./results/models/checkpoints/schrodinger/qho/2025-09-19_21-56-28-345443/model_weights.pth
It: 122, Loss: 5.237e-04, Loss_res: 1.609e-03,  Loss_bcs: 3.353e-06, Loss_ut_ics: 5.043e-02, lr: 1.000e-03, Time: 1.36e+02
Model state saved to ./results/models/checkpoints/schrodinger/qho/2025-09-19_21-56-28-345443/model.pth
Model state saved to ./results/models/checkpoints/schrodinger/qho/2025-09-19_21-56-28-345443/model_weights.pth
It: 123, Loss: 1.461e-05, Loss_res: 2.294e-04,  Loss_bcs: 4.496e-06, Loss_ut_ics: 7.823e-04, lr: 1.000e-03, Time: 1.37e+02
Model state saved to ./results/models/checkpoints/schrodinger/qho/2025-09-19_21-56-28-345443/model.pth
Model state saved to ./results/models/checkpoints/schrodinger/qho/2025-09-19_21-56-28-345443/model_weights.pth
It: 124, Loss: 9.221e-04, Loss_res: 1.941e-04,  Loss_bcs: 4.549e-06, Loss_ut_ics: 9.156e-02, lr: 1.000e-03, Time: 1.38e+02
Model state saved to ./results/models/checkpoints/schrodinger/qho/2025-09-19_21-56-28-345443/model.pth
Model state saved to ./results/models/checkpoints/schrodinger/qho/2025-09-19_21-56-28-345443/model_weights.pth
It: 125, Loss: 6.616e-04, Loss_res: 5.225e-03,  Loss_bcs: 4.287e-06, Loss_ut_ics: 6.050e-02, lr: 1.000e-03, Time: 1.39e+02
Model state saved to ./results/models/checkpoints/schrodinger/qho/2025-09-19_21-56-28-345443/model.pth
Model state saved to ./results/models/checkpoints/schrodinger/qho/2025-09-19_21-56-28-345443/model_weights.pth
It: 126, Loss: 1.331e-04, Loss_res: 1.378e-03,  Loss_bcs: 3.735e-06, Loss_ut_ics: 1.156e-02, lr: 1.000e-03, Time: 1.40e+02
Model state saved to ./results/models/checkpoints/schrodinger/qho/2025-09-19_21-56-28-345443/model.pth
Model state saved to ./results/models/checkpoints/schrodinger/qho/2025-09-19_21-56-28-345443/model_weights.pth
It: 127, Loss: 6.470e-04, Loss_res: 3.746e-04,  Loss_bcs: 2.487e-06, Loss_ut_ics: 6.408e-02, lr: 1.000e-03, Time: 1.41e+02
Model state saved to ./results/models/checkpoints/schrodinger/qho/2025-09-19_21-56-28-345443/model.pth
Model state saved to ./results/models/checkpoints/schrodinger/qho/2025-09-19_21-56-28-345443/model_weights.pth
It: 128, Loss: 9.634e-06, Loss_res: 2.092e-04,  Loss_bcs: 1.647e-06, Loss_ut_ics: 5.894e-04, lr: 1.000e-03, Time: 1.43e+02
Model state saved to ./results/models/checkpoints/schrodinger/qho/2025-09-19_21-56-28-345443/model.pth
Model state saved to ./results/models/checkpoints/schrodinger/qho/2025-09-19_21-56-28-345443/model_weights.pth
It: 129, Loss: 3.721e-04, Loss_res: 1.536e-03,  Loss_bcs: 9.704e-07, Loss_ut_ics: 3.557e-02, lr: 1.000e-03, Time: 1.44e+02
Model state saved to ./results/models/checkpoints/schrodinger/qho/2025-09-19_21-56-28-345443/model.pth
Model state saved to ./results/models/checkpoints/schrodinger/qho/2025-09-19_21-56-28-345443/model_weights.pth
It: 130, Loss: 6.162e-04, Loss_res: 3.534e-05,  Loss_bcs: 6.694e-07, Loss_ut_ics: 6.152e-02, lr: 1.000e-03, Time: 1.45e+02
Model state saved to ./results/models/checkpoints/schrodinger/qho/2025-09-19_21-56-28-345443/model.pth
Model state saved to ./results/models/checkpoints/schrodinger/qho/2025-09-19_21-56-28-345443/model_weights.pth
It: 131, Loss: 1.069e-03, Loss_res: 3.988e-03,  Loss_bcs: 6.171e-07, Loss_ut_ics: 1.028e-01, lr: 1.000e-03, Time: 1.46e+02
Model state saved to ./results/models/checkpoints/schrodinger/qho/2025-09-19_21-56-28-345443/model.pth
Model state saved to ./results/models/checkpoints/schrodinger/qho/2025-09-19_21-56-28-345443/model_weights.pth
It: 132, Loss: 4.023e-05, Loss_res: 2.303e-03,  Loss_bcs: 6.146e-07, Loss_ut_ics: 1.658e-03, lr: 1.000e-03, Time: 1.47e+02
Model state saved to ./results/models/checkpoints/schrodinger/qho/2025-09-19_21-56-28-345443/model.pth
Model state saved to ./results/models/checkpoints/schrodinger/qho/2025-09-19_21-56-28-345443/model_weights.pth
It: 133, Loss: 1.419e-03, Loss_res: 2.565e-03,  Loss_bcs: 5.852e-07, Loss_ut_ics: 1.393e-01, lr: 1.000e-03, Time: 1.48e+02
Model state saved to ./results/models/checkpoints/schrodinger/qho/2025-09-19_21-56-28-345443/model.pth
Model state saved to ./results/models/checkpoints/schrodinger/qho/2025-09-19_21-56-28-345443/model_weights.pth
It: 134, Loss: 6.383e-04, Loss_res: 3.221e-03,  Loss_bcs: 6.897e-07, Loss_ut_ics: 6.054e-02, lr: 1.000e-03, Time: 1.49e+02
Model state saved to ./results/models/checkpoints/schrodinger/qho/2025-09-19_21-56-28-345443/model.pth
Model state saved to ./results/models/checkpoints/schrodinger/qho/2025-09-19_21-56-28-345443/model_weights.pth
It: 135, Loss: 6.352e-06, Loss_res: 5.536e-05,  Loss_bcs: 1.091e-06, Loss_ut_ics: 4.708e-04, lr: 1.000e-03, Time: 1.50e+02
Model state saved to ./results/models/checkpoints/schrodinger/qho/2025-09-19_21-56-28-345443/model.pth
Model state saved to ./results/models/checkpoints/schrodinger/qho/2025-09-19_21-56-28-345443/model_weights.pth
It: 136, Loss: 9.348e-04, Loss_res: 4.291e-04,  Loss_bcs: 1.545e-06, Loss_ut_ics: 9.289e-02, lr: 1.000e-03, Time: 1.51e+02
Model state saved to ./results/models/checkpoints/schrodinger/qho/2025-09-19_21-56-28-345443/model.pth
Model state saved to ./results/models/checkpoints/schrodinger/qho/2025-09-19_21-56-28-345443/model_weights.pth
It: 137, Loss: 3.478e-04, Loss_res: 6.934e-05,  Loss_bcs: 2.327e-06, Loss_ut_ics: 3.448e-02, lr: 1.000e-03, Time: 1.53e+02
Model state saved to ./results/models/checkpoints/schrodinger/qho/2025-09-19_21-56-28-345443/model.pth
Model state saved to ./results/models/checkpoints/schrodinger/qho/2025-09-19_21-56-28-345443/model_weights.pth
It: 138, Loss: 1.930e-03, Loss_res: 1.275e-04,  Loss_bcs: 2.983e-06, Loss_ut_ics: 1.926e-01, lr: 1.000e-03, Time: 1.54e+02
Model state saved to ./results/models/checkpoints/schrodinger/qho/2025-09-19_21-56-28-345443/model.pth
Model state saved to ./results/models/checkpoints/schrodinger/qho/2025-09-19_21-56-28-345443/model_weights.pth
It: 139, Loss: 3.228e-04, Loss_res: 2.388e-04,  Loss_bcs: 4.126e-06, Loss_ut_ics: 3.163e-02, lr: 1.000e-03, Time: 1.55e+02
Model state saved to ./results/models/checkpoints/schrodinger/qho/2025-09-19_21-56-28-345443/model.pth
Model state saved to ./results/models/checkpoints/schrodinger/qho/2025-09-19_21-56-28-345443/model_weights.pth
It: 140, Loss: 8.234e-04, Loss_res: 1.803e-04,  Loss_bcs: 4.664e-06, Loss_ut_ics: 8.169e-02, lr: 1.000e-03, Time: 1.56e+02
Model state saved to ./results/models/checkpoints/schrodinger/qho/2025-09-19_21-56-28-345443/model.pth
Model state saved to ./results/models/checkpoints/schrodinger/qho/2025-09-19_21-56-28-345443/model_weights.pth
It: 141, Loss: 1.393e-04, Loss_res: 2.337e-04,  Loss_bcs: 4.854e-06, Loss_ut_ics: 1.321e-02, lr: 1.000e-03, Time: 1.57e+02
Model state saved to ./results/models/checkpoints/schrodinger/qho/2025-09-19_21-56-28-345443/model.pth
Model state saved to ./results/models/checkpoints/schrodinger/qho/2025-09-19_21-56-28-345443/model_weights.pth
It: 142, Loss: 6.987e-04, Loss_res: 2.189e-03,  Loss_bcs: 4.052e-06, Loss_ut_ics: 6.727e-02, lr: 1.000e-03, Time: 1.59e+02
Model state saved to ./results/models/checkpoints/schrodinger/qho/2025-09-19_21-56-28-345443/model.pth
Model state saved to ./results/models/checkpoints/schrodinger/qho/2025-09-19_21-56-28-345443/model_weights.pth
It: 143, Loss: 4.809e-05, Loss_res: 1.168e-03,  Loss_bcs: 3.285e-06, Loss_ut_ics: 3.313e-03, lr: 1.000e-03, Time: 1.60e+02
Model state saved to ./results/models/checkpoints/schrodinger/qho/2025-09-19_21-56-28-345443/model.pth
Model state saved to ./results/models/checkpoints/schrodinger/qho/2025-09-19_21-56-28-345443/model_weights.pth
It: 144, Loss: 9.493e-04, Loss_res: 1.078e-04,  Loss_bcs: 1.992e-06, Loss_ut_ics: 9.463e-02, lr: 1.000e-03, Time: 1.61e+02
Model state saved to ./results/models/checkpoints/schrodinger/qho/2025-09-19_21-56-28-345443/model.pth
Model state saved to ./results/models/checkpoints/schrodinger/qho/2025-09-19_21-56-28-345443/model_weights.pth
It: 145, Loss: 1.082e-03, Loss_res: 1.791e-04,  Loss_bcs: 1.226e-06, Loss_ut_ics: 1.079e-01, lr: 1.000e-03, Time: 1.62e+02
Model state saved to ./results/models/checkpoints/schrodinger/qho/2025-09-19_21-56-28-345443/model.pth
Model state saved to ./results/models/checkpoints/schrodinger/qho/2025-09-19_21-56-28-345443/model_weights.pth
It: 146, Loss: 1.641e-03, Loss_res: 7.275e-04,  Loss_bcs: 8.272e-07, Loss_ut_ics: 1.633e-01, lr: 1.000e-03, Time: 1.64e+02
Model state saved to ./results/models/checkpoints/schrodinger/qho/2025-09-19_21-56-28-345443/model.pth
Model state saved to ./results/models/checkpoints/schrodinger/qho/2025-09-19_21-56-28-345443/model_weights.pth
It: 147, Loss: 7.546e-04, Loss_res: 4.949e-04,  Loss_bcs: 7.592e-07, Loss_ut_ics: 7.489e-02, lr: 1.000e-03, Time: 1.65e+02
Model state saved to ./results/models/checkpoints/schrodinger/qho/2025-09-19_21-56-28-345443/model.pth
Model state saved to ./results/models/checkpoints/schrodinger/qho/2025-09-19_21-56-28-345443/model_weights.pth
It: 148, Loss: 1.259e-03, Loss_res: 8.008e-04,  Loss_bcs: 7.413e-07, Loss_ut_ics: 1.251e-01, lr: 1.000e-03, Time: 1.66e+02
Model state saved to ./results/models/checkpoints/schrodinger/qho/2025-09-19_21-56-28-345443/model.pth
Model state saved to ./results/models/checkpoints/schrodinger/qho/2025-09-19_21-56-28-345443/model_weights.pth
It: 149, Loss: 3.837e-05, Loss_res: 1.311e-04,  Loss_bcs: 9.773e-07, Loss_ut_ics: 3.608e-03, lr: 1.000e-03, Time: 1.67e+02
Model state saved to ./results/models/checkpoints/schrodinger/qho/2025-09-19_21-56-28-345443/model.pth
Model state saved to ./results/models/checkpoints/schrodinger/qho/2025-09-19_21-56-28-345443/model_weights.pth
It: 150, Loss: 1.484e-04, Loss_res: 4.564e-03,  Loss_bcs: 1.030e-06, Loss_ut_ics: 1.018e-02, lr: 1.000e-03, Time: 1.68e+02
Model state saved to ./results/models/checkpoints/schrodinger/qho/2025-09-19_21-56-28-345443/model.pth
Model state saved to ./results/models/checkpoints/schrodinger/qho/2025-09-19_21-56-28-345443/model_weights.pth
It: 151, Loss: 8.489e-04, Loss_res: 1.993e-03,  Loss_bcs: 1.026e-06, Loss_ut_ics: 8.279e-02, lr: 1.000e-03, Time: 1.69e+02
Model state saved to ./results/models/checkpoints/schrodinger/qho/2025-09-19_21-56-28-345443/model.pth
Model state saved to ./results/models/checkpoints/schrodinger/qho/2025-09-19_21-56-28-345443/model_weights.pth
It: 152, Loss: 1.139e-03, Loss_res: 1.888e-04,  Loss_bcs: 1.297e-06, Loss_ut_ics: 1.136e-01, lr: 1.000e-03, Time: 1.70e+02
Model state saved to ./results/models/checkpoints/schrodinger/qho/2025-09-19_21-56-28-345443/model.pth
Model state saved to ./results/models/checkpoints/schrodinger/qho/2025-09-19_21-56-28-345443/model_weights.pth
It: 153, Loss: 1.038e-04, Loss_res: 6.494e-03,  Loss_bcs: 1.740e-06, Loss_ut_ics: 3.715e-03, lr: 1.000e-03, Time: 1.71e+02
Model state saved to ./results/models/checkpoints/schrodinger/qho/2025-09-19_21-56-28-345443/model.pth
Model state saved to ./results/models/checkpoints/schrodinger/qho/2025-09-19_21-56-28-345443/model_weights.pth
It: 154, Loss: 1.563e-03, Loss_res: 6.017e-02,  Loss_bcs: 1.827e-06, Loss_ut_ics: 9.593e-02, lr: 1.000e-03, Time: 1.73e+02
Model state saved to ./results/models/checkpoints/schrodinger/qho/2025-09-19_21-56-28-345443/model.pth
Model state saved to ./results/models/checkpoints/schrodinger/qho/2025-09-19_21-56-28-345443/model_weights.pth
It: 155, Loss: 3.907e-03, Loss_res: 2.425e-03,  Loss_bcs: 2.819e-06, Loss_ut_ics: 3.880e-01, lr: 1.000e-03, Time: 1.74e+02
Model state saved to ./results/models/checkpoints/schrodinger/qho/2025-09-19_21-56-28-345443/model.pth
Model state saved to ./results/models/checkpoints/schrodinger/qho/2025-09-19_21-56-28-345443/model_weights.pth
It: 156, Loss: 1.286e-03, Loss_res: 4.962e-04,  Loss_bcs: 5.582e-06, Loss_ut_ics: 1.276e-01, lr: 1.000e-03, Time: 1.75e+02
Model state saved to ./results/models/checkpoints/schrodinger/qho/2025-09-19_21-56-28-345443/model.pth
Model state saved to ./results/models/checkpoints/schrodinger/qho/2025-09-19_21-56-28-345443/model_weights.pth
It: 157, Loss: 8.958e-04, Loss_res: 3.922e-04,  Loss_bcs: 7.869e-06, Loss_ut_ics: 8.841e-02, lr: 1.000e-03, Time: 1.76e+02
Model state saved to ./results/models/checkpoints/schrodinger/qho/2025-09-19_21-56-28-345443/model.pth
Model state saved to ./results/models/checkpoints/schrodinger/qho/2025-09-19_21-56-28-345443/model_weights.pth
It: 158, Loss: 5.561e-04, Loss_res: 5.500e-04,  Loss_bcs: 8.291e-06, Loss_ut_ics: 5.423e-02, lr: 1.000e-03, Time: 1.77e+02
Model state saved to ./results/models/checkpoints/schrodinger/qho/2025-09-19_21-56-28-345443/model.pth
Model state saved to ./results/models/checkpoints/schrodinger/qho/2025-09-19_21-56-28-345443/model_weights.pth
It: 159, Loss: 8.490e-05, Loss_res: 5.075e-04,  Loss_bcs: 6.786e-06, Loss_ut_ics: 7.304e-03, lr: 1.000e-03, Time: 1.78e+02
Model state saved to ./results/models/checkpoints/schrodinger/qho/2025-09-19_21-56-28-345443/model.pth
Model state saved to ./results/models/checkpoints/schrodinger/qho/2025-09-19_21-56-28-345443/model_weights.pth
It: 160, Loss: 1.255e-03, Loss_res: 1.089e-03,  Loss_bcs: 3.963e-06, Loss_ut_ics: 1.240e-01, lr: 1.000e-03, Time: 1.79e+02
Model state saved to ./results/models/checkpoints/schrodinger/qho/2025-09-19_21-56-28-345443/model.pth
Model state saved to ./results/models/checkpoints/schrodinger/qho/2025-09-19_21-56-28-345443/model_weights.pth
It: 161, Loss: 1.126e-03, Loss_res: 2.852e-04,  Loss_bcs: 1.955e-06, Loss_ut_ics: 1.121e-01, lr: 1.000e-03, Time: 1.80e+02
Model state saved to ./results/models/checkpoints/schrodinger/qho/2025-09-19_21-56-28-345443/model.pth
Model state saved to ./results/models/checkpoints/schrodinger/qho/2025-09-19_21-56-28-345443/model_weights.pth
It: 162, Loss: 3.053e-04, Loss_res: 7.704e-04,  Loss_bcs: 1.008e-06, Loss_ut_ics: 2.966e-02, lr: 1.000e-03, Time: 1.81e+02
Model state saved to ./results/models/checkpoints/schrodinger/qho/2025-09-19_21-56-28-345443/model.pth
Model state saved to ./results/models/checkpoints/schrodinger/qho/2025-09-19_21-56-28-345443/model_weights.pth
It: 163, Loss: 7.065e-04, Loss_res: 7.144e-05,  Loss_bcs: 8.049e-07, Loss_ut_ics: 7.050e-02, lr: 1.000e-03, Time: 1.82e+02
Model state saved to ./results/models/checkpoints/schrodinger/qho/2025-09-19_21-56-28-345443/model.pth
Model state saved to ./results/models/checkpoints/schrodinger/qho/2025-09-19_21-56-28-345443/model_weights.pth
It: 164, Loss: 7.408e-06, Loss_res: 1.281e-04,  Loss_bcs: 8.734e-07, Loss_ut_ics: 5.254e-04, lr: 1.000e-03, Time: 1.84e+02
Model state saved to ./results/models/checkpoints/schrodinger/qho/2025-09-19_21-56-28-345443/model.pth
Model state saved to ./results/models/checkpoints/schrodinger/qho/2025-09-19_21-56-28-345443/model_weights.pth
It: 165, Loss: 2.631e-03, Loss_res: 1.844e-03,  Loss_bcs: 9.995e-07, Loss_ut_ics: 2.611e-01, lr: 1.000e-03, Time: 1.85e+02
Model state saved to ./results/models/checkpoints/schrodinger/qho/2025-09-19_21-56-28-345443/model.pth
Model state saved to ./results/models/checkpoints/schrodinger/qho/2025-09-19_21-56-28-345443/model_weights.pth
It: 166, Loss: 2.061e-04, Loss_res: 1.507e-04,  Loss_bcs: 6.278e-07, Loss_ut_ics: 2.040e-02, lr: 1.000e-03, Time: 1.86e+02
Model state saved to ./results/models/checkpoints/schrodinger/qho/2025-09-19_21-56-28-345443/model.pth
Model state saved to ./results/models/checkpoints/schrodinger/qho/2025-09-19_21-56-28-345443/model_weights.pth
It: 167, Loss: 2.684e-03, Loss_res: 1.206e-04,  Loss_bcs: 6.360e-07, Loss_ut_ics: 2.682e-01, lr: 1.000e-03, Time: 1.87e+02
Model state saved to ./results/models/checkpoints/schrodinger/qho/2025-09-19_21-56-28-345443/model.pth
Model state saved to ./results/models/checkpoints/schrodinger/qho/2025-09-19_21-56-28-345443/model_weights.pth
It: 168, Loss: 1.303e-03, Loss_res: 1.761e-04,  Loss_bcs: 1.924e-06, Loss_ut_ics: 1.299e-01, lr: 1.000e-03, Time: 1.88e+02
Model state saved to ./results/models/checkpoints/schrodinger/qho/2025-09-19_21-56-28-345443/model.pth
Model state saved to ./results/models/checkpoints/schrodinger/qho/2025-09-19_21-56-28-345443/model_weights.pth
It: 169, Loss: 5.199e-04, Loss_res: 2.361e-04,  Loss_bcs: 4.957e-06, Loss_ut_ics: 5.125e-02, lr: 1.000e-03, Time: 1.89e+02
Model state saved to ./results/models/checkpoints/schrodinger/qho/2025-09-19_21-56-28-345443/model.pth
Model state saved to ./results/models/checkpoints/schrodinger/qho/2025-09-19_21-56-28-345443/model_weights.pth
It: 170, Loss: 9.660e-05, Loss_res: 3.608e-04,  Loss_bcs: 7.940e-06, Loss_ut_ics: 8.506e-03, lr: 1.000e-03, Time: 1.90e+02
Model state saved to ./results/models/checkpoints/schrodinger/qho/2025-09-19_21-56-28-345443/model.pth
Model state saved to ./results/models/checkpoints/schrodinger/qho/2025-09-19_21-56-28-345443/model_weights.pth
It: 171, Loss: 6.651e-05, Loss_res: 4.574e-04,  Loss_bcs: 8.863e-06, Loss_ut_ics: 5.308e-03, lr: 1.000e-03, Time: 1.91e+02
Model state saved to ./results/models/checkpoints/schrodinger/qho/2025-09-19_21-56-28-345443/model.pth
Model state saved to ./results/models/checkpoints/schrodinger/qho/2025-09-19_21-56-28-345443/model_weights.pth
It: 172, Loss: 1.861e-03, Loss_res: 4.040e-04,  Loss_bcs: 7.102e-06, Loss_ut_ics: 1.850e-01, lr: 1.000e-03, Time: 1.92e+02
Model state saved to ./results/models/checkpoints/schrodinger/qho/2025-09-19_21-56-28-345443/model.pth
Model state saved to ./results/models/checkpoints/schrodinger/qho/2025-09-19_21-56-28-345443/model_weights.pth
It: 173, Loss: 8.253e-04, Loss_res: 1.386e-02,  Loss_bcs: 5.626e-06, Loss_ut_ics: 6.811e-02, lr: 1.000e-03, Time: 1.93e+02
Model state saved to ./results/models/checkpoints/schrodinger/qho/2025-09-19_21-56-28-345443/model.pth
Model state saved to ./results/models/checkpoints/schrodinger/qho/2025-09-19_21-56-28-345443/model_weights.pth
It: 174, Loss: 4.176e-04, Loss_res: 3.817e-04,  Loss_bcs: 3.840e-06, Loss_ut_ics: 4.100e-02, lr: 1.000e-03, Time: 1.94e+02
Model state saved to ./results/models/checkpoints/schrodinger/qho/2025-09-19_21-56-28-345443/model.pth
Model state saved to ./results/models/checkpoints/schrodinger/qho/2025-09-19_21-56-28-345443/model_weights.pth
It: 175, Loss: 1.240e-03, Loss_res: 7.729e-04,  Loss_bcs: 1.905e-06, Loss_ut_ics: 1.231e-01, lr: 1.000e-03, Time: 1.96e+02
Model state saved to ./results/models/checkpoints/schrodinger/qho/2025-09-19_21-56-28-345443/model.pth
Model state saved to ./results/models/checkpoints/schrodinger/qho/2025-09-19_21-56-28-345443/model_weights.pth
It: 176, Loss: 9.195e-04, Loss_res: 1.892e-03,  Loss_bcs: 8.797e-07, Loss_ut_ics: 8.997e-02, lr: 1.000e-03, Time: 1.97e+02
Model state saved to ./results/models/checkpoints/schrodinger/qho/2025-09-19_21-56-28-345443/model.pth
Model state saved to ./results/models/checkpoints/schrodinger/qho/2025-09-19_21-56-28-345443/model_weights.pth
It: 177, Loss: 5.597e-04, Loss_res: 1.874e-03,  Loss_bcs: 5.488e-07, Loss_ut_ics: 5.404e-02, lr: 1.000e-03, Time: 1.98e+02
Model state saved to ./results/models/checkpoints/schrodinger/qho/2025-09-19_21-56-28-345443/model.pth
Model state saved to ./results/models/checkpoints/schrodinger/qho/2025-09-19_21-56-28-345443/model_weights.pth
It: 178, Loss: 1.139e-03, Loss_res: 8.386e-04,  Loss_bcs: 5.283e-07, Loss_ut_ics: 1.130e-01, lr: 1.000e-03, Time: 1.99e+02
Model state saved to ./results/models/checkpoints/schrodinger/qho/2025-09-19_21-56-28-345443/model.pth
Model state saved to ./results/models/checkpoints/schrodinger/qho/2025-09-19_21-56-28-345443/model_weights.pth
It: 179, Loss: 1.492e-03, Loss_res: 1.701e-04,  Loss_bcs: 5.266e-07, Loss_ut_ics: 1.490e-01, lr: 1.000e-03, Time: 2.00e+02
Model state saved to ./results/models/checkpoints/schrodinger/qho/2025-09-19_21-56-28-345443/model.pth
Model state saved to ./results/models/checkpoints/schrodinger/qho/2025-09-19_21-56-28-345443/model_weights.pth
It: 180, Loss: 1.724e-04, Loss_res: 5.270e-04,  Loss_bcs: 5.995e-07, Loss_ut_ics: 1.666e-02, lr: 1.000e-03, Time: 2.01e+02
Model state saved to ./results/models/checkpoints/schrodinger/qho/2025-09-19_21-56-28-345443/model.pth
Model state saved to ./results/models/checkpoints/schrodinger/qho/2025-09-19_21-56-28-345443/model_weights.pth
It: 181, Loss: 1.355e-03, Loss_res: 1.071e-04,  Loss_bcs: 9.364e-07, Loss_ut_ics: 1.353e-01, lr: 1.000e-03, Time: 2.02e+02
Model state saved to ./results/models/checkpoints/schrodinger/qho/2025-09-19_21-56-28-345443/model.pth
Model state saved to ./results/models/checkpoints/schrodinger/qho/2025-09-19_21-56-28-345443/model_weights.pth
It: 182, Loss: 3.222e-03, Loss_res: 5.216e-04,  Loss_bcs: 1.778e-06, Loss_ut_ics: 3.215e-01, lr: 1.000e-03, Time: 2.03e+02
Model state saved to ./results/models/checkpoints/schrodinger/qho/2025-09-19_21-56-28-345443/model.pth
Model state saved to ./results/models/checkpoints/schrodinger/qho/2025-09-19_21-56-28-345443/model_weights.pth
It: 183, Loss: 1.351e-03, Loss_res: 3.193e-04,  Loss_bcs: 4.508e-06, Loss_ut_ics: 1.343e-01, lr: 1.000e-03, Time: 2.04e+02
Model state saved to ./results/models/checkpoints/schrodinger/qho/2025-09-19_21-56-28-345443/model.pth
Model state saved to ./results/models/checkpoints/schrodinger/qho/2025-09-19_21-56-28-345443/model_weights.pth
It: 184, Loss: 3.865e-04, Loss_res: 2.748e-04,  Loss_bcs: 7.946e-06, Loss_ut_ics: 3.758e-02, lr: 1.000e-03, Time: 2.05e+02
Model state saved to ./results/models/checkpoints/schrodinger/qho/2025-09-19_21-56-28-345443/model.pth
Model state saved to ./results/models/checkpoints/schrodinger/qho/2025-09-19_21-56-28-345443/model_weights.pth
It: 185, Loss: 1.252e-03, Loss_res: 7.789e-03,  Loss_bcs: 1.014e-05, Loss_ut_ics: 1.164e-01, lr: 1.000e-03, Time: 2.06e+02
Model state saved to ./results/models/checkpoints/schrodinger/qho/2025-09-19_21-56-28-345443/model.pth
Model state saved to ./results/models/checkpoints/schrodinger/qho/2025-09-19_21-56-28-345443/model_weights.pth
It: 186, Loss: 1.145e-03, Loss_res: 6.928e-04,  Loss_bcs: 1.004e-05, Loss_ut_ics: 1.128e-01, lr: 1.000e-03, Time: 2.08e+02
Model state saved to ./results/models/checkpoints/schrodinger/qho/2025-09-19_21-56-28-345443/model.pth
Model state saved to ./results/models/checkpoints/schrodinger/qho/2025-09-19_21-56-28-345443/model_weights.pth
It: 187, Loss: 8.528e-04, Loss_res: 4.443e-04,  Loss_bcs: 7.809e-06, Loss_ut_ics: 8.405e-02, lr: 1.000e-03, Time: 2.09e+02
Model state saved to ./results/models/checkpoints/schrodinger/qho/2025-09-19_21-56-28-345443/model.pth
Model state saved to ./results/models/checkpoints/schrodinger/qho/2025-09-19_21-56-28-345443/model_weights.pth
It: 188, Loss: 1.740e-03, Loss_res: 5.030e-04,  Loss_bcs: 4.515e-06, Loss_ut_ics: 1.730e-01, lr: 1.000e-03, Time: 2.10e+02
Model state saved to ./results/models/checkpoints/schrodinger/qho/2025-09-19_21-56-28-345443/model.pth
Model state saved to ./results/models/checkpoints/schrodinger/qho/2025-09-19_21-56-28-345443/model_weights.pth
It: 189, Loss: 1.477e-03, Loss_res: 4.685e-02,  Loss_bcs: 2.468e-06, Loss_ut_ics: 1.006e-01, lr: 1.000e-03, Time: 2.11e+02
Model state saved to ./results/models/checkpoints/schrodinger/qho/2025-09-19_21-56-28-345443/model.pth
Model state saved to ./results/models/checkpoints/schrodinger/qho/2025-09-19_21-56-28-345443/model_weights.pth
It: 190, Loss: 1.156e-04, Loss_res: 5.415e-03,  Loss_bcs: 1.897e-06, Loss_ut_ics: 5.955e-03, lr: 1.000e-03, Time: 2.12e+02
Model state saved to ./results/models/checkpoints/schrodinger/qho/2025-09-19_21-56-28-345443/model.pth
Model state saved to ./results/models/checkpoints/schrodinger/qho/2025-09-19_21-56-28-345443/model_weights.pth
It: 191, Loss: 1.547e-03, Loss_res: 3.116e-04,  Loss_bcs: 1.275e-06, Loss_ut_ics: 1.542e-01, lr: 1.000e-03, Time: 2.13e+02
Model state saved to ./results/models/checkpoints/schrodinger/qho/2025-09-19_21-56-28-345443/model.pth
Model state saved to ./results/models/checkpoints/schrodinger/qho/2025-09-19_21-56-28-345443/model_weights.pth
It: 192, Loss: 7.416e-04, Loss_res: 1.189e-04,  Loss_bcs: 1.100e-06, Loss_ut_ics: 7.393e-02, lr: 1.000e-03, Time: 2.14e+02
Model state saved to ./results/models/checkpoints/schrodinger/qho/2025-09-19_21-56-28-345443/model.pth
Model state saved to ./results/models/checkpoints/schrodinger/qho/2025-09-19_21-56-28-345443/model_weights.pth
It: 193, Loss: 1.231e-03, Loss_res: 3.814e-04,  Loss_bcs: 1.042e-06, Loss_ut_ics: 1.227e-01, lr: 1.000e-03, Time: 2.15e+02
Model state saved to ./results/models/checkpoints/schrodinger/qho/2025-09-19_21-56-28-345443/model.pth
Model state saved to ./results/models/checkpoints/schrodinger/qho/2025-09-19_21-56-28-345443/model_weights.pth
It: 194, Loss: 4.538e-04, Loss_res: 2.163e-04,  Loss_bcs: 1.130e-06, Loss_ut_ics: 4.505e-02, lr: 1.000e-03, Time: 2.16e+02
Model state saved to ./results/models/checkpoints/schrodinger/qho/2025-09-19_21-56-28-345443/model.pth
Model state saved to ./results/models/checkpoints/schrodinger/qho/2025-09-19_21-56-28-345443/model_weights.pth
It: 195, Loss: 3.351e-04, Loss_res: 3.066e-04,  Loss_bcs: 1.241e-06, Loss_ut_ics: 3.308e-02, lr: 1.000e-03, Time: 2.17e+02
Model state saved to ./results/models/checkpoints/schrodinger/qho/2025-09-19_21-56-28-345443/model.pth
Model state saved to ./results/models/checkpoints/schrodinger/qho/2025-09-19_21-56-28-345443/model_weights.pth
It: 196, Loss: 1.890e-03, Loss_res: 1.095e-03,  Loss_bcs: 1.388e-06, Loss_ut_ics: 1.878e-01, lr: 1.000e-03, Time: 2.18e+02
Model state saved to ./results/models/checkpoints/schrodinger/qho/2025-09-19_21-56-28-345443/model.pth
Model state saved to ./results/models/checkpoints/schrodinger/qho/2025-09-19_21-56-28-345443/model_weights.pth
It: 197, Loss: 1.931e-03, Loss_res: 1.796e-04,  Loss_bcs: 2.036e-06, Loss_ut_ics: 1.927e-01, lr: 1.000e-03, Time: 2.20e+02
Model state saved to ./results/models/checkpoints/schrodinger/qho/2025-09-19_21-56-28-345443/model.pth
Model state saved to ./results/models/checkpoints/schrodinger/qho/2025-09-19_21-56-28-345443/model_weights.pth
It: 198, Loss: 1.450e-03, Loss_res: 4.234e-04,  Loss_bcs: 3.575e-06, Loss_ut_ics: 1.442e-01, lr: 1.000e-03, Time: 2.21e+02
Model state saved to ./results/models/checkpoints/schrodinger/qho/2025-09-19_21-56-28-345443/model.pth
Model state saved to ./results/models/checkpoints/schrodinger/qho/2025-09-19_21-56-28-345443/model_weights.pth
It: 199, Loss: 1.972e-05, Loss_res: 1.142e-03,  Loss_bcs: 5.097e-06, Loss_ut_ics: 3.202e-04, lr: 1.000e-03, Time: 2.22e+02
Model state saved to ./results/models/checkpoints/schrodinger/qho/2025-09-19_21-56-28-345443/model.pth
Model state saved to ./results/models/checkpoints/schrodinger/qho/2025-09-19_21-56-28-345443/model_weights.pth
It: 200, Loss: 5.889e-04, Loss_res: 8.751e-04,  Loss_bcs: 5.317e-06, Loss_ut_ics: 5.749e-02, lr: 1.000e-03, Time: 2.23e+02
Model state saved to ./results/models/checkpoints/schrodinger/qho/2025-09-19_21-56-28-345443/model.pth
Model state saved to ./results/models/checkpoints/schrodinger/qho/2025-09-19_21-56-28-345443/model_weights.pth
It: 201, Loss: 5.390e-05, Loss_res: 4.914e-03,  Loss_bcs: 4.637e-06, Loss_ut_ics: 1.243e-05, lr: 1.000e-03, Time: 2.24e+02
Model state saved to ./results/models/checkpoints/schrodinger/qho/2025-09-19_21-56-28-345443/model.pth
Model state saved to ./results/models/checkpoints/schrodinger/qho/2025-09-19_21-56-28-345443/model_weights.pth
It: 202, Loss: 8.703e-04, Loss_res: 1.604e-03,  Loss_bcs: 2.412e-06, Loss_ut_ics: 8.518e-02, lr: 1.000e-03, Time: 2.25e+02
Model state saved to ./results/models/checkpoints/schrodinger/qho/2025-09-19_21-56-28-345443/model.pth
Model state saved to ./results/models/checkpoints/schrodinger/qho/2025-09-19_21-56-28-345443/model_weights.pth
It: 203, Loss: 1.678e-04, Loss_res: 2.296e-04,  Loss_bcs: 1.170e-06, Loss_ut_ics: 1.643e-02, lr: 1.000e-03, Time: 2.26e+02
Model state saved to ./results/models/checkpoints/schrodinger/qho/2025-09-19_21-56-28-345443/model.pth
Model state saved to ./results/models/checkpoints/schrodinger/qho/2025-09-19_21-56-28-345443/model_weights.pth
It: 204, Loss: 1.593e-03, Loss_res: 2.019e-04,  Loss_bcs: 7.297e-07, Loss_ut_ics: 1.590e-01, lr: 1.000e-03, Time: 2.27e+02
Model state saved to ./results/models/checkpoints/schrodinger/qho/2025-09-19_21-56-28-345443/model.pth
Model state saved to ./results/models/checkpoints/schrodinger/qho/2025-09-19_21-56-28-345443/model_weights.pth
It: 205, Loss: 4.428e-05, Loss_res: 3.078e-03,  Loss_bcs: 7.410e-07, Loss_ut_ics: 1.275e-03, lr: 1.000e-03, Time: 2.28e+02
Model state saved to ./results/models/checkpoints/schrodinger/qho/2025-09-19_21-56-28-345443/model.pth
Model state saved to ./results/models/checkpoints/schrodinger/qho/2025-09-19_21-56-28-345443/model_weights.pth
It: 206, Loss: 2.768e-05, Loss_res: 5.090e-04,  Loss_bcs: 8.612e-07, Loss_ut_ics: 2.173e-03, lr: 1.000e-03, Time: 2.29e+02
Model state saved to ./results/models/checkpoints/schrodinger/qho/2025-09-19_21-56-28-345443/model.pth
Model state saved to ./results/models/checkpoints/schrodinger/qho/2025-09-19_21-56-28-345443/model_weights.pth
It: 207, Loss: 4.951e-05, Loss_res: 1.289e-04,  Loss_bcs: 9.813e-07, Loss_ut_ics: 4.724e-03, lr: 1.000e-03, Time: 2.30e+02
Model state saved to ./results/models/checkpoints/schrodinger/qho/2025-09-19_21-56-28-345443/model.pth
Model state saved to ./results/models/checkpoints/schrodinger/qho/2025-09-19_21-56-28-345443/model_weights.pth
It: 208, Loss: 4.870e-06, Loss_res: 1.376e-04,  Loss_bcs: 1.084e-06, Loss_ut_ics: 2.410e-04, lr: 1.000e-03, Time: 2.32e+02
Model state saved to ./results/models/checkpoints/schrodinger/qho/2025-09-19_21-56-28-345443/model.pth
Model state saved to ./results/models/checkpoints/schrodinger/qho/2025-09-19_21-56-28-345443/model_weights.pth
It: 209, Loss: 9.878e-04, Loss_res: 1.020e-02,  Loss_bcs: 1.025e-06, Loss_ut_ics: 8.847e-02, lr: 1.000e-03, Time: 2.33e+02
Model state saved to ./results/models/checkpoints/schrodinger/qho/2025-09-19_21-56-28-345443/model.pth
Model state saved to ./results/models/checkpoints/schrodinger/qho/2025-09-19_21-56-28-345443/model_weights.pth
It: 210, Loss: 3.950e-05, Loss_res: 3.745e-03,  Loss_bcs: 8.060e-07, Loss_ut_ics: 1.243e-04, lr: 1.000e-03, Time: 2.34e+02
Model state saved to ./results/models/checkpoints/schrodinger/qho/2025-09-19_21-56-28-345443/model.pth
Model state saved to ./results/models/checkpoints/schrodinger/qho/2025-09-19_21-56-28-345443/model_weights.pth
It: 211, Loss: 3.801e-04, Loss_res: 2.635e-04,  Loss_bcs: 7.658e-07, Loss_ut_ics: 3.767e-02, lr: 1.000e-03, Time: 2.35e+02
Model state saved to ./results/models/checkpoints/schrodinger/qho/2025-09-19_21-56-28-345443/model.pth
Model state saved to ./results/models/checkpoints/schrodinger/qho/2025-09-19_21-56-28-345443/model_weights.pth
It: 212, Loss: 1.306e-03, Loss_res: 3.806e-04,  Loss_bcs: 1.016e-06, Loss_ut_ics: 1.301e-01, lr: 1.000e-03, Time: 2.36e+02
Model state saved to ./results/models/checkpoints/schrodinger/qho/2025-09-19_21-56-28-345443/model.pth
Model state saved to ./results/models/checkpoints/schrodinger/qho/2025-09-19_21-56-28-345443/model_weights.pth
It: 213, Loss: 3.110e-03, Loss_res: 4.665e-04,  Loss_bcs: 1.809e-06, Loss_ut_ics: 3.103e-01, lr: 1.000e-03, Time: 2.37e+02
Model state saved to ./results/models/checkpoints/schrodinger/qho/2025-09-19_21-56-28-345443/model.pth
Model state saved to ./results/models/checkpoints/schrodinger/qho/2025-09-19_21-56-28-345443/model_weights.pth
It: 214, Loss: 1.051e-03, Loss_res: 4.188e-04,  Loss_bcs: 4.520e-06, Loss_ut_ics: 1.042e-01, lr: 1.000e-03, Time: 2.38e+02
Model state saved to ./results/models/checkpoints/schrodinger/qho/2025-09-19_21-56-28-345443/model.pth
Model state saved to ./results/models/checkpoints/schrodinger/qho/2025-09-19_21-56-28-345443/model_weights.pth
It: 215, Loss: 2.325e-03, Loss_res: 8.700e-04,  Loss_bcs: 6.903e-06, Loss_ut_ics: 2.309e-01, lr: 1.000e-03, Time: 2.39e+02
Model state saved to ./results/models/checkpoints/schrodinger/qho/2025-09-19_21-56-28-345443/model.pth
Model state saved to ./results/models/checkpoints/schrodinger/qho/2025-09-19_21-56-28-345443/model_weights.pth
It: 216, Loss: 9.458e-04, Loss_res: 1.169e-03,  Loss_bcs: 9.517e-06, Loss_ut_ics: 9.246e-02, lr: 1.000e-03, Time: 2.40e+02
Model state saved to ./results/models/checkpoints/schrodinger/qho/2025-09-19_21-56-28-345443/model.pth
Model state saved to ./results/models/checkpoints/schrodinger/qho/2025-09-19_21-56-28-345443/model_weights.pth
It: 217, Loss: 1.386e-03, Loss_res: 2.004e-02,  Loss_bcs: 8.653e-06, Loss_ut_ics: 1.177e-01, lr: 1.000e-03, Time: 2.41e+02
Model state saved to ./results/models/checkpoints/schrodinger/qho/2025-09-19_21-56-28-345443/model.pth
Model state saved to ./results/models/checkpoints/schrodinger/qho/2025-09-19_21-56-28-345443/model_weights.pth
It: 218, Loss: 1.882e-04, Loss_res: 1.093e-03,  Loss_bcs: 6.873e-06, Loss_ut_ics: 1.704e-02, lr: 1.000e-03, Time: 2.43e+02
Model state saved to ./results/models/checkpoints/schrodinger/qho/2025-09-19_21-56-28-345443/model.pth
Model state saved to ./results/models/checkpoints/schrodinger/qho/2025-09-19_21-56-28-345443/model_weights.pth
It: 219, Loss: 2.298e-05, Loss_res: 4.619e-04,  Loss_bcs: 3.363e-06, Loss_ut_ics: 1.500e-03, lr: 1.000e-03, Time: 2.44e+02
Model state saved to ./results/models/checkpoints/schrodinger/qho/2025-09-19_21-56-28-345443/model.pth
Model state saved to ./results/models/checkpoints/schrodinger/qho/2025-09-19_21-56-28-345443/model_weights.pth
It: 220, Loss: 4.621e-04, Loss_res: 5.015e-04,  Loss_bcs: 1.024e-06, Loss_ut_ics: 4.560e-02, lr: 1.000e-03, Time: 2.45e+02
Model state saved to ./results/models/checkpoints/schrodinger/qho/2025-09-19_21-56-28-345443/model.pth
Model state saved to ./results/models/checkpoints/schrodinger/qho/2025-09-19_21-56-28-345443/model_weights.pth
It: 221, Loss: 2.347e-03, Loss_res: 2.042e-04,  Loss_bcs: 1.157e-06, Loss_ut_ics: 2.344e-01, lr: 1.000e-03, Time: 2.46e+02
Model state saved to ./results/models/checkpoints/schrodinger/qho/2025-09-19_21-56-28-345443/model.pth
Model state saved to ./results/models/checkpoints/schrodinger/qho/2025-09-19_21-56-28-345443/model_weights.pth
It: 222, Loss: 1.071e-03, Loss_res: 2.939e-03,  Loss_bcs: 1.516e-06, Loss_ut_ics: 1.040e-01, lr: 1.000e-03, Time: 2.47e+02
Model state saved to ./results/models/checkpoints/schrodinger/qho/2025-09-19_21-56-28-345443/model.pth
Model state saved to ./results/models/checkpoints/schrodinger/qho/2025-09-19_21-56-28-345443/model_weights.pth
It: 223, Loss: 6.084e-04, Loss_res: 6.803e-04,  Loss_bcs: 1.298e-06, Loss_ut_ics: 6.003e-02, lr: 1.000e-03, Time: 2.48e+02
Model state saved to ./results/models/checkpoints/schrodinger/qho/2025-09-19_21-56-28-345443/model.pth
Model state saved to ./results/models/checkpoints/schrodinger/qho/2025-09-19_21-56-28-345443/model_weights.pth
It: 224, Loss: 3.797e-04, Loss_res: 3.854e-04,  Loss_bcs: 9.185e-07, Loss_ut_ics: 3.749e-02, lr: 1.000e-03, Time: 2.50e+02
Model state saved to ./results/models/checkpoints/schrodinger/qho/2025-09-19_21-56-28-345443/model.pth
Model state saved to ./results/models/checkpoints/schrodinger/qho/2025-09-19_21-56-28-345443/model_weights.pth
It: 225, Loss: 1.464e-03, Loss_res: 6.803e-04,  Loss_bcs: 7.668e-07, Loss_ut_ics: 1.456e-01, lr: 1.000e-03, Time: 2.51e+02
Model state saved to ./results/models/checkpoints/schrodinger/qho/2025-09-19_21-56-28-345443/model.pth
Model state saved to ./results/models/checkpoints/schrodinger/qho/2025-09-19_21-56-28-345443/model_weights.pth
It: 226, Loss: 1.483e-03, Loss_res: 1.457e-03,  Loss_bcs: 1.472e-06, Loss_ut_ics: 1.467e-01, lr: 1.000e-03, Time: 2.52e+02
Model state saved to ./results/models/checkpoints/schrodinger/qho/2025-09-19_21-56-28-345443/model.pth
Model state saved to ./results/models/checkpoints/schrodinger/qho/2025-09-19_21-56-28-345443/model_weights.pth
It: 227, Loss: 9.965e-04, Loss_res: 2.680e-03,  Loss_bcs: 3.003e-06, Loss_ut_ics: 9.667e-02, lr: 1.000e-03, Time: 2.53e+02
Model state saved to ./results/models/checkpoints/schrodinger/qho/2025-09-19_21-56-28-345443/model.pth
Model state saved to ./results/models/checkpoints/schrodinger/qho/2025-09-19_21-56-28-345443/model_weights.pth
It: 228, Loss: 1.124e-03, Loss_res: 7.104e-04,  Loss_bcs: 4.851e-06, Loss_ut_ics: 1.112e-01, lr: 1.000e-03, Time: 2.54e+02
Model state saved to ./results/models/checkpoints/schrodinger/qho/2025-09-19_21-56-28-345443/model.pth
Model state saved to ./results/models/checkpoints/schrodinger/qho/2025-09-19_21-56-28-345443/model_weights.pth
It: 229, Loss: 3.374e-04, Loss_res: 3.667e-03,  Loss_bcs: 5.286e-06, Loss_ut_ics: 2.954e-02, lr: 1.000e-03, Time: 2.55e+02
Model state saved to ./results/models/checkpoints/schrodinger/qho/2025-09-19_21-56-28-345443/model.pth
Model state saved to ./results/models/checkpoints/schrodinger/qho/2025-09-19_21-56-28-345443/model_weights.pth
It: 230, Loss: 1.251e-03, Loss_res: 1.491e-03,  Loss_bcs: 4.620e-06, Loss_ut_ics: 1.232e-01, lr: 1.000e-03, Time: 2.56e+02
Model state saved to ./results/models/checkpoints/schrodinger/qho/2025-09-19_21-56-28-345443/model.pth
Model state saved to ./results/models/checkpoints/schrodinger/qho/2025-09-19_21-56-28-345443/model_weights.pth
It: 231, Loss: 1.208e-03, Loss_res: 5.769e-04,  Loss_bcs: 4.092e-06, Loss_ut_ics: 1.198e-01, lr: 1.000e-03, Time: 2.57e+02
Model state saved to ./results/models/checkpoints/schrodinger/qho/2025-09-19_21-56-28-345443/model.pth
Model state saved to ./results/models/checkpoints/schrodinger/qho/2025-09-19_21-56-28-345443/model_weights.pth
It: 232, Loss: 1.618e-05, Loss_res: 5.205e-04,  Loss_bcs: 3.343e-06, Loss_ut_ics: 7.629e-04, lr: 1.000e-03, Time: 2.58e+02
Model state saved to ./results/models/checkpoints/schrodinger/qho/2025-09-19_21-56-28-345443/model.pth
Model state saved to ./results/models/checkpoints/schrodinger/qho/2025-09-19_21-56-28-345443/model_weights.pth
It: 233, Loss: 1.214e-03, Loss_res: 6.708e-04,  Loss_bcs: 1.903e-06, Loss_ut_ics: 1.205e-01, lr: 1.000e-03, Time: 2.59e+02
Model state saved to ./results/models/checkpoints/schrodinger/qho/2025-09-19_21-56-28-345443/model.pth
Model state saved to ./results/models/checkpoints/schrodinger/qho/2025-09-19_21-56-28-345443/model_weights.pth
It: 234, Loss: 1.826e-03, Loss_res: 4.286e-04,  Loss_bcs: 8.989e-07, Loss_ut_ics: 1.820e-01, lr: 1.000e-03, Time: 2.61e+02
Model state saved to ./results/models/checkpoints/schrodinger/qho/2025-09-19_21-56-28-345443/model.pth
Model state saved to ./results/models/checkpoints/schrodinger/qho/2025-09-19_21-56-28-345443/model_weights.pth
It: 235, Loss: 1.498e-03, Loss_res: 1.982e-03,  Loss_bcs: 7.183e-07, Loss_ut_ics: 1.477e-01, lr: 1.000e-03, Time: 2.62e+02
Model state saved to ./results/models/checkpoints/schrodinger/qho/2025-09-19_21-56-28-345443/model.pth
Model state saved to ./results/models/checkpoints/schrodinger/qho/2025-09-19_21-56-28-345443/model_weights.pth
It: 236, Loss: 5.394e-04, Loss_res: 7.835e-04,  Loss_bcs: 7.748e-07, Loss_ut_ics: 5.308e-02, lr: 1.000e-03, Time: 2.63e+02
Model state saved to ./results/models/checkpoints/schrodinger/qho/2025-09-19_21-56-28-345443/model.pth
Model state saved to ./results/models/checkpoints/schrodinger/qho/2025-09-19_21-56-28-345443/model_weights.pth
It: 237, Loss: 8.396e-04, Loss_res: 5.133e-04,  Loss_bcs: 9.343e-07, Loss_ut_ics: 8.335e-02, lr: 1.000e-03, Time: 2.64e+02
Model state saved to ./results/models/checkpoints/schrodinger/qho/2025-09-19_21-56-28-345443/model.pth
Model state saved to ./results/models/checkpoints/schrodinger/qho/2025-09-19_21-56-28-345443/model_weights.pth
It: 238, Loss: 1.751e-03, Loss_res: 4.950e-04,  Loss_bcs: 1.113e-06, Loss_ut_ics: 1.745e-01, lr: 1.000e-03, Time: 2.65e+02
Model state saved to ./results/models/checkpoints/schrodinger/qho/2025-09-19_21-56-28-345443/model.pth
Model state saved to ./results/models/checkpoints/schrodinger/qho/2025-09-19_21-56-28-345443/model_weights.pth
It: 239, Loss: 1.653e-03, Loss_res: 5.470e-04,  Loss_bcs: 1.370e-06, Loss_ut_ics: 1.646e-01, lr: 1.000e-03, Time: 2.66e+02
Model state saved to ./results/models/checkpoints/schrodinger/qho/2025-09-19_21-56-28-345443/model.pth
Model state saved to ./results/models/checkpoints/schrodinger/qho/2025-09-19_21-56-28-345443/model_weights.pth
It: 240, Loss: 4.119e-04, Loss_res: 1.734e-03,  Loss_bcs: 2.000e-06, Loss_ut_ics: 3.926e-02, lr: 1.000e-03, Time: 2.67e+02
Model state saved to ./results/models/checkpoints/schrodinger/qho/2025-09-19_21-56-28-345443/model.pth
Model state saved to ./results/models/checkpoints/schrodinger/qho/2025-09-19_21-56-28-345443/model_weights.pth
It: 241, Loss: 6.931e-04, Loss_res: 7.539e-04,  Loss_bcs: 2.640e-06, Loss_ut_ics: 6.829e-02, lr: 1.000e-03, Time: 2.68e+02
Model state saved to ./results/models/checkpoints/schrodinger/qho/2025-09-19_21-56-28-345443/model.pth
Model state saved to ./results/models/checkpoints/schrodinger/qho/2025-09-19_21-56-28-345443/model_weights.pth
It: 242, Loss: 1.598e-04, Loss_res: 5.979e-04,  Loss_bcs: 2.735e-06, Loss_ut_ics: 1.511e-02, lr: 1.000e-03, Time: 2.69e+02
Model state saved to ./results/models/checkpoints/schrodinger/qho/2025-09-19_21-56-28-345443/model.pth
Model state saved to ./results/models/checkpoints/schrodinger/qho/2025-09-19_21-56-28-345443/model_weights.pth
It: 243, Loss: 8.534e-04, Loss_res: 6.547e-04,  Loss_bcs: 2.237e-06, Loss_ut_ics: 8.446e-02, lr: 1.000e-03, Time: 2.70e+02
Model state saved to ./results/models/checkpoints/schrodinger/qho/2025-09-19_21-56-28-345443/model.pth
Model state saved to ./results/models/checkpoints/schrodinger/qho/2025-09-19_21-56-28-345443/model_weights.pth
It: 244, Loss: 1.856e-03, Loss_res: 2.518e-03,  Loss_bcs: 1.404e-06, Loss_ut_ics: 1.830e-01, lr: 1.000e-03, Time: 2.71e+02
Model state saved to ./results/models/checkpoints/schrodinger/qho/2025-09-19_21-56-28-345443/model.pth
Model state saved to ./results/models/checkpoints/schrodinger/qho/2025-09-19_21-56-28-345443/model_weights.pth
It: 245, Loss: 1.409e-04, Loss_res: 4.373e-04,  Loss_bcs: 1.214e-06, Loss_ut_ics: 1.353e-02, lr: 1.000e-03, Time: 2.72e+02
Model state saved to ./results/models/checkpoints/schrodinger/qho/2025-09-19_21-56-28-345443/model.pth
Model state saved to ./results/models/checkpoints/schrodinger/qho/2025-09-19_21-56-28-345443/model_weights.pth
It: 246, Loss: 1.036e-03, Loss_res: 9.082e-04,  Loss_bcs: 7.924e-07, Loss_ut_ics: 1.026e-01, lr: 1.000e-03, Time: 2.74e+02
Model state saved to ./results/models/checkpoints/schrodinger/qho/2025-09-19_21-56-28-345443/model.pth
Model state saved to ./results/models/checkpoints/schrodinger/qho/2025-09-19_21-56-28-345443/model_weights.pth
It: 247, Loss: 1.260e-03, Loss_res: 3.775e-04,  Loss_bcs: 6.747e-07, Loss_ut_ics: 1.256e-01, lr: 1.000e-03, Time: 2.75e+02
Model state saved to ./results/models/checkpoints/schrodinger/qho/2025-09-19_21-56-28-345443/model.pth
Model state saved to ./results/models/checkpoints/schrodinger/qho/2025-09-19_21-56-28-345443/model_weights.pth
It: 248, Loss: 1.177e-03, Loss_res: 7.839e-04,  Loss_bcs: 7.642e-07, Loss_ut_ics: 1.169e-01, lr: 1.000e-03, Time: 2.76e+02
Model state saved to ./results/models/checkpoints/schrodinger/qho/2025-09-19_21-56-28-345443/model.pth
Model state saved to ./results/models/checkpoints/schrodinger/qho/2025-09-19_21-56-28-345443/model_weights.pth
It: 249, Loss: 6.346e-04, Loss_res: 3.876e-04,  Loss_bcs: 7.729e-07, Loss_ut_ics: 6.300e-02, lr: 1.000e-03, Time: 2.77e+02
Model state saved to ./results/models/checkpoints/schrodinger/qho/2025-09-19_21-56-28-345443/model.pth
Model state saved to ./results/models/checkpoints/schrodinger/qho/2025-09-19_21-56-28-345443/model_weights.pth
It: 250, Loss: 2.751e-05, Loss_res: 2.508e-03,  Loss_bcs: 1.061e-06, Loss_ut_ics: 1.365e-04, lr: 1.000e-03, Time: 2.78e+02
Model state saved to ./results/models/checkpoints/schrodinger/qho/2025-09-19_21-56-28-345443/model.pth
Model state saved to ./results/models/checkpoints/schrodinger/qho/2025-09-19_21-56-28-345443/model_weights.pth
It: 251, Loss: 1.221e-03, Loss_res: 6.180e-04,  Loss_bcs: 9.056e-07, Loss_ut_ics: 1.214e-01, lr: 1.000e-03, Time: 2.79e+02
Model state saved to ./results/models/checkpoints/schrodinger/qho/2025-09-19_21-56-28-345443/model.pth
Model state saved to ./results/models/checkpoints/schrodinger/qho/2025-09-19_21-56-28-345443/model_weights.pth
It: 252, Loss: 2.886e-03, Loss_res: 7.766e-04,  Loss_bcs: 9.348e-07, Loss_ut_ics: 2.877e-01, lr: 1.000e-03, Time: 2.80e+02
Model state saved to ./results/models/checkpoints/schrodinger/qho/2025-09-19_21-56-28-345443/model.pth
Model state saved to ./results/models/checkpoints/schrodinger/qho/2025-09-19_21-56-28-345443/model_weights.pth
It: 253, Loss: 9.676e-04, Loss_res: 8.699e-04,  Loss_bcs: 1.664e-06, Loss_ut_ics: 9.573e-02, lr: 1.000e-03, Time: 2.81e+02
Model state saved to ./results/models/checkpoints/schrodinger/qho/2025-09-19_21-56-28-345443/model.pth
Model state saved to ./results/models/checkpoints/schrodinger/qho/2025-09-19_21-56-28-345443/model_weights.pth
It: 254, Loss: 8.674e-05, Loss_res: 8.493e-04,  Loss_bcs: 2.238e-06, Loss_ut_ics: 7.601e-03, lr: 1.000e-03, Time: 2.82e+02
Model state saved to ./results/models/checkpoints/schrodinger/qho/2025-09-19_21-56-28-345443/model.pth
Model state saved to ./results/models/checkpoints/schrodinger/qho/2025-09-19_21-56-28-345443/model_weights.pth
It: 255, Loss: 1.859e-03, Loss_res: 4.120e-03,  Loss_bcs: 2.170e-06, Loss_ut_ics: 1.816e-01, lr: 1.000e-03, Time: 2.83e+02
Model state saved to ./results/models/checkpoints/schrodinger/qho/2025-09-19_21-56-28-345443/model.pth
Model state saved to ./results/models/checkpoints/schrodinger/qho/2025-09-19_21-56-28-345443/model_weights.pth
It: 256, Loss: 5.356e-04, Loss_res: 7.323e-04,  Loss_bcs: 2.577e-06, Loss_ut_ics: 5.257e-02, lr: 1.000e-03, Time: 2.84e+02
Model state saved to ./results/models/checkpoints/schrodinger/qho/2025-09-19_21-56-28-345443/model.pth
Model state saved to ./results/models/checkpoints/schrodinger/qho/2025-09-19_21-56-28-345443/model_weights.pth
It: 257, Loss: 5.946e-04, Loss_res: 6.546e-04,  Loss_bcs: 2.428e-06, Loss_ut_ics: 5.856e-02, lr: 1.000e-03, Time: 2.86e+02
Model state saved to ./results/models/checkpoints/schrodinger/qho/2025-09-19_21-56-28-345443/model.pth
Model state saved to ./results/models/checkpoints/schrodinger/qho/2025-09-19_21-56-28-345443/model_weights.pth
It: 258, Loss: 2.501e-05, Loss_res: 1.125e-03,  Loss_bcs: 1.541e-06, Loss_ut_ics: 1.222e-03, lr: 1.000e-03, Time: 2.87e+02
Model state saved to ./results/models/checkpoints/schrodinger/qho/2025-09-19_21-56-28-345443/model.pth
Model state saved to ./results/models/checkpoints/schrodinger/qho/2025-09-19_21-56-28-345443/model_weights.pth
It: 259, Loss: 4.152e-05, Loss_res: 5.246e-04,  Loss_bcs: 9.574e-07, Loss_ut_ics: 3.532e-03, lr: 1.000e-03, Time: 2.88e+02
Model state saved to ./results/models/checkpoints/schrodinger/qho/2025-09-19_21-56-28-345443/model.pth
Model state saved to ./results/models/checkpoints/schrodinger/qho/2025-09-19_21-56-28-345443/model_weights.pth
It: 260, Loss: 1.317e-03, Loss_res: 1.101e-03,  Loss_bcs: 5.610e-07, Loss_ut_ics: 1.305e-01, lr: 1.000e-03, Time: 2.89e+02
Model state saved to ./results/models/checkpoints/schrodinger/qho/2025-09-19_21-56-28-345443/model.pth
Model state saved to ./results/models/checkpoints/schrodinger/qho/2025-09-19_21-56-28-345443/model_weights.pth
It: 261, Loss: 9.181e-04, Loss_res: 7.975e-04,  Loss_bcs: 6.641e-07, Loss_ut_ics: 9.095e-02, lr: 1.000e-03, Time: 2.90e+02
Model state saved to ./results/models/checkpoints/schrodinger/qho/2025-09-19_21-56-28-345443/model.pth
Model state saved to ./results/models/checkpoints/schrodinger/qho/2025-09-19_21-56-28-345443/model_weights.pth
It: 262, Loss: 6.946e-04, Loss_res: 3.870e-03,  Loss_bcs: 6.942e-07, Loss_ut_ics: 6.552e-02, lr: 1.000e-03, Time: 2.91e+02
Model state saved to ./results/models/checkpoints/schrodinger/qho/2025-09-19_21-56-28-345443/model.pth
Model state saved to ./results/models/checkpoints/schrodinger/qho/2025-09-19_21-56-28-345443/model_weights.pth
It: 263, Loss: 1.886e-05, Loss_res: 7.140e-04,  Loss_bcs: 5.852e-07, Loss_ut_ics: 1.114e-03, lr: 1.000e-03, Time: 2.92e+02
Model state saved to ./results/models/checkpoints/schrodinger/qho/2025-09-19_21-56-28-345443/model.pth
Model state saved to ./results/models/checkpoints/schrodinger/qho/2025-09-19_21-56-28-345443/model_weights.pth
It: 264, Loss: 2.972e-04, Loss_res: 2.203e-02,  Loss_bcs: 5.925e-07, Loss_ut_ics: 7.633e-03, lr: 1.000e-03, Time: 2.93e+02
Model state saved to ./results/models/checkpoints/schrodinger/qho/2025-09-19_21-56-28-345443/model.pth
Model state saved to ./results/models/checkpoints/schrodinger/qho/2025-09-19_21-56-28-345443/model_weights.pth
It: 265, Loss: 2.318e-03, Loss_res: 7.535e-04,  Loss_bcs: 7.473e-07, Loss_ut_ics: 2.310e-01, lr: 1.000e-03, Time: 2.94e+02
Model state saved to ./results/models/checkpoints/schrodinger/qho/2025-09-19_21-56-28-345443/model.pth
Model state saved to ./results/models/checkpoints/schrodinger/qho/2025-09-19_21-56-28-345443/model_weights.pth
It: 266, Loss: 1.766e-04, Loss_res: 1.498e-02,  Loss_bcs: 1.687e-06, Loss_ut_ics: 2.515e-03, lr: 1.000e-03, Time: 2.95e+02
Model state saved to ./results/models/checkpoints/schrodinger/qho/2025-09-19_21-56-28-345443/model.pth
Model state saved to ./results/models/checkpoints/schrodinger/qho/2025-09-19_21-56-28-345443/model_weights.pth
It: 267, Loss: 1.490e-03, Loss_res: 1.639e-03,  Loss_bcs: 2.597e-06, Loss_ut_ics: 1.471e-01, lr: 1.000e-03, Time: 2.96e+02
Model state saved to ./results/models/checkpoints/schrodinger/qho/2025-09-19_21-56-28-345443/model.pth
Model state saved to ./results/models/checkpoints/schrodinger/qho/2025-09-19_21-56-28-345443/model_weights.pth
It: 268, Loss: 1.053e-03, Loss_res: 9.253e-04,  Loss_bcs: 4.045e-06, Loss_ut_ics: 1.040e-01, lr: 1.000e-03, Time: 2.98e+02
Model state saved to ./results/models/checkpoints/schrodinger/qho/2025-09-19_21-56-28-345443/model.pth
Model state saved to ./results/models/checkpoints/schrodinger/qho/2025-09-19_21-56-28-345443/model_weights.pth
It: 269, Loss: 9.789e-04, Loss_res: 9.817e-04,  Loss_bcs: 5.608e-06, Loss_ut_ics: 9.635e-02, lr: 1.000e-03, Time: 2.99e+02
Model state saved to ./results/models/checkpoints/schrodinger/qho/2025-09-19_21-56-28-345443/model.pth
Model state saved to ./results/models/checkpoints/schrodinger/qho/2025-09-19_21-56-28-345443/model_weights.pth
It: 270, Loss: 2.172e-03, Loss_res: 1.423e-03,  Loss_bcs: 5.023e-06, Loss_ut_ics: 2.153e-01, lr: 1.000e-03, Time: 3.00e+02
Model state saved to ./results/models/checkpoints/schrodinger/qho/2025-09-19_21-56-28-345443/model.pth
Model state saved to ./results/models/checkpoints/schrodinger/qho/2025-09-19_21-56-28-345443/model_weights.pth
It: 271, Loss: 1.052e-03, Loss_res: 1.071e-03,  Loss_bcs: 4.545e-06, Loss_ut_ics: 1.037e-01, lr: 1.000e-03, Time: 3.01e+02
Model state saved to ./results/models/checkpoints/schrodinger/qho/2025-09-19_21-56-28-345443/model.pth
Model state saved to ./results/models/checkpoints/schrodinger/qho/2025-09-19_21-56-28-345443/model_weights.pth
It: 272, Loss: 1.887e-03, Loss_res: 1.335e-03,  Loss_bcs: 2.899e-06, Loss_ut_ics: 1.871e-01, lr: 1.000e-03, Time: 3.02e+02
Model state saved to ./results/models/checkpoints/schrodinger/qho/2025-09-19_21-56-28-345443/model.pth
Model state saved to ./results/models/checkpoints/schrodinger/qho/2025-09-19_21-56-28-345443/model_weights.pth
It: 273, Loss: 5.822e-05, Loss_res: 1.138e-03,  Loss_bcs: 2.142e-06, Loss_ut_ics: 4.470e-03, lr: 1.000e-03, Time: 3.03e+02
Model state saved to ./results/models/checkpoints/schrodinger/qho/2025-09-19_21-56-28-345443/model.pth
Model state saved to ./results/models/checkpoints/schrodinger/qho/2025-09-19_21-56-28-345443/model_weights.pth
It: 274, Loss: 3.140e-05, Loss_res: 1.245e-03,  Loss_bcs: 8.395e-07, Loss_ut_ics: 1.811e-03, lr: 1.000e-03, Time: 3.04e+02
Model state saved to ./results/models/checkpoints/schrodinger/qho/2025-09-19_21-56-28-345443/model.pth
Model state saved to ./results/models/checkpoints/schrodinger/qho/2025-09-19_21-56-28-345443/model_weights.pth
It: 275, Loss: 6.337e-04, Loss_res: 2.486e-03,  Loss_bcs: 1.061e-06, Loss_ut_ics: 6.078e-02, lr: 1.000e-03, Time: 3.05e+02
Model state saved to ./results/models/checkpoints/schrodinger/qho/2025-09-19_21-56-28-345443/model.pth
Model state saved to ./results/models/checkpoints/schrodinger/qho/2025-09-19_21-56-28-345443/model_weights.pth
It: 276, Loss: 1.344e-03, Loss_res: 7.290e-04,  Loss_bcs: 1.776e-06, Loss_ut_ics: 1.335e-01, lr: 1.000e-03, Time: 3.06e+02
Model state saved to ./results/models/checkpoints/schrodinger/qho/2025-09-19_21-56-28-345443/model.pth
Model state saved to ./results/models/checkpoints/schrodinger/qho/2025-09-19_21-56-28-345443/model_weights.pth
It: 277, Loss: 6.676e-04, Loss_res: 6.010e-04,  Loss_bcs: 1.593e-06, Loss_ut_ics: 6.600e-02, lr: 1.000e-03, Time: 3.07e+02
Model state saved to ./results/models/checkpoints/schrodinger/qho/2025-09-19_21-56-28-345443/model.pth
Model state saved to ./results/models/checkpoints/schrodinger/qho/2025-09-19_21-56-28-345443/model_weights.pth
It: 278, Loss: 2.321e-04, Loss_res: 5.792e-04,  Loss_bcs: 1.114e-06, Loss_ut_ics: 2.252e-02, lr: 1.000e-03, Time: 3.08e+02
Model state saved to ./results/models/checkpoints/schrodinger/qho/2025-09-19_21-56-28-345443/model.pth
Model state saved to ./results/models/checkpoints/schrodinger/qho/2025-09-19_21-56-28-345443/model_weights.pth
It: 279, Loss: 1.185e-03, Loss_res: 7.010e-04,  Loss_bcs: 8.041e-07, Loss_ut_ics: 1.177e-01, lr: 1.000e-03, Time: 3.10e+02
Model state saved to ./results/models/checkpoints/schrodinger/qho/2025-09-19_21-56-28-345443/model.pth
Model state saved to ./results/models/checkpoints/schrodinger/qho/2025-09-19_21-56-28-345443/model_weights.pth
It: 280, Loss: 1.067e-03, Loss_res: 7.750e-04,  Loss_bcs: 7.363e-07, Loss_ut_ics: 1.058e-01, lr: 1.000e-03, Time: 3.11e+02
Model state saved to ./results/models/checkpoints/schrodinger/qho/2025-09-19_21-56-28-345443/model.pth
Model state saved to ./results/models/checkpoints/schrodinger/qho/2025-09-19_21-56-28-345443/model_weights.pth
It: 281, Loss: 6.995e-04, Loss_res: 7.172e-04,  Loss_bcs: 1.718e-06, Loss_ut_ics: 6.906e-02, lr: 1.000e-03, Time: 3.12e+02
Model state saved to ./results/models/checkpoints/schrodinger/qho/2025-09-19_21-56-28-345443/model.pth
Model state saved to ./results/models/checkpoints/schrodinger/qho/2025-09-19_21-56-28-345443/model_weights.pth
It: 282, Loss: 1.611e-03, Loss_res: 9.060e-04,  Loss_bcs: 3.724e-06, Loss_ut_ics: 1.598e-01, lr: 1.000e-03, Time: 3.13e+02
Model state saved to ./results/models/checkpoints/schrodinger/qho/2025-09-19_21-56-28-345443/model.pth
Model state saved to ./results/models/checkpoints/schrodinger/qho/2025-09-19_21-56-28-345443/model_weights.pth
It: 283, Loss: 1.113e-03, Loss_res: 1.244e-03,  Loss_bcs: 5.938e-06, Loss_ut_ics: 1.094e-01, lr: 1.000e-03, Time: 3.14e+02
Model state saved to ./results/models/checkpoints/schrodinger/qho/2025-09-19_21-56-28-345443/model.pth
Model state saved to ./results/models/checkpoints/schrodinger/qho/2025-09-19_21-56-28-345443/model_weights.pth
It: 284, Loss: 1.618e-03, Loss_res: 1.361e-03,  Loss_bcs: 6.777e-06, Loss_ut_ics: 1.598e-01, lr: 1.000e-03, Time: 3.15e+02
Model state saved to ./results/models/checkpoints/schrodinger/qho/2025-09-19_21-56-28-345443/model.pth
Model state saved to ./results/models/checkpoints/schrodinger/qho/2025-09-19_21-56-28-345443/model_weights.pth
It: 285, Loss: 6.927e-04, Loss_res: 1.400e-03,  Loss_bcs: 6.663e-06, Loss_ut_ics: 6.721e-02, lr: 1.000e-03, Time: 3.16e+02
Model state saved to ./results/models/checkpoints/schrodinger/qho/2025-09-19_21-56-28-345443/model.pth
Model state saved to ./results/models/checkpoints/schrodinger/qho/2025-09-19_21-56-28-345443/model_weights.pth
It: 286, Loss: 7.444e-04, Loss_res: 1.386e-03,  Loss_bcs: 4.499e-06, Loss_ut_ics: 7.261e-02, lr: 1.000e-03, Time: 3.17e+02
Model state saved to ./results/models/checkpoints/schrodinger/qho/2025-09-19_21-56-28-345443/model.pth
Model state saved to ./results/models/checkpoints/schrodinger/qho/2025-09-19_21-56-28-345443/model_weights.pth
It: 287, Loss: 5.796e-04, Loss_res: 1.132e-03,  Loss_bcs: 2.262e-06, Loss_ut_ics: 5.660e-02, lr: 1.000e-03, Time: 3.18e+02
Model state saved to ./results/models/checkpoints/schrodinger/qho/2025-09-19_21-56-28-345443/model.pth
Model state saved to ./results/models/checkpoints/schrodinger/qho/2025-09-19_21-56-28-345443/model_weights.pth
It: 288, Loss: 1.951e-05, Loss_res: 5.580e-04,  Loss_bcs: 7.176e-07, Loss_ut_ics: 1.321e-03, lr: 1.000e-03, Time: 3.19e+02
Model state saved to ./results/models/checkpoints/schrodinger/qho/2025-09-19_21-56-28-345443/model.pth
Model state saved to ./results/models/checkpoints/schrodinger/qho/2025-09-19_21-56-28-345443/model_weights.pth
It: 289, Loss: 1.464e-03, Loss_res: 2.650e-03,  Loss_bcs: 1.084e-06, Loss_ut_ics: 1.436e-01, lr: 1.000e-03, Time: 3.20e+02
Model state saved to ./results/models/checkpoints/schrodinger/qho/2025-09-19_21-56-28-345443/model.pth
Model state saved to ./results/models/checkpoints/schrodinger/qho/2025-09-19_21-56-28-345443/model_weights.pth
It: 290, Loss: 4.560e-04, Loss_res: 3.582e-04,  Loss_bcs: 1.909e-06, Loss_ut_ics: 4.505e-02, lr: 1.000e-03, Time: 3.22e+02
Model state saved to ./results/models/checkpoints/schrodinger/qho/2025-09-19_21-56-28-345443/model.pth
Model state saved to ./results/models/checkpoints/schrodinger/qho/2025-09-19_21-56-28-345443/model_weights.pth
It: 291, Loss: 6.916e-04, Loss_res: 8.112e-04,  Loss_bcs: 1.957e-06, Loss_ut_ics: 6.815e-02, lr: 1.000e-03, Time: 3.23e+02
Model state saved to ./results/models/checkpoints/schrodinger/qho/2025-09-19_21-56-28-345443/model.pth
Model state saved to ./results/models/checkpoints/schrodinger/qho/2025-09-19_21-56-28-345443/model_weights.pth
It: 292, Loss: 2.312e-04, Loss_res: 5.486e-04,  Loss_bcs: 1.216e-06, Loss_ut_ics: 2.245e-02, lr: 1.000e-03, Time: 3.24e+02
Model state saved to ./results/models/checkpoints/schrodinger/qho/2025-09-19_21-56-28-345443/model.pth
Model state saved to ./results/models/checkpoints/schrodinger/qho/2025-09-19_21-56-28-345443/model_weights.pth
It: 293, Loss: 2.247e-04, Loss_res: 6.694e-04,  Loss_bcs: 9.402e-07, Loss_ut_ics: 2.171e-02, lr: 1.000e-03, Time: 3.25e+02
Model state saved to ./results/models/checkpoints/schrodinger/qho/2025-09-19_21-56-28-345443/model.pth
Model state saved to ./results/models/checkpoints/schrodinger/qho/2025-09-19_21-56-28-345443/model_weights.pth
It: 294, Loss: 1.361e-03, Loss_res: 8.750e-04,  Loss_bcs: 6.526e-07, Loss_ut_ics: 1.352e-01, lr: 1.000e-03, Time: 3.26e+02
Model state saved to ./results/models/checkpoints/schrodinger/qho/2025-09-19_21-56-28-345443/model.pth
Model state saved to ./results/models/checkpoints/schrodinger/qho/2025-09-19_21-56-28-345443/model_weights.pth
It: 295, Loss: 2.399e-03, Loss_res: 2.790e-03,  Loss_bcs: 1.117e-06, Loss_ut_ics: 2.370e-01, lr: 1.000e-03, Time: 3.27e+02
Model state saved to ./results/models/checkpoints/schrodinger/qho/2025-09-19_21-56-28-345443/model.pth
Model state saved to ./results/models/checkpoints/schrodinger/qho/2025-09-19_21-56-28-345443/model_weights.pth
It: 296, Loss: 1.044e-03, Loss_res: 2.913e-03,  Loss_bcs: 3.916e-06, Loss_ut_ics: 1.011e-01, lr: 1.000e-03, Time: 3.28e+02
Model state saved to ./results/models/checkpoints/schrodinger/qho/2025-09-19_21-56-28-345443/model.pth
Model state saved to ./results/models/checkpoints/schrodinger/qho/2025-09-19_21-56-28-345443/model_weights.pth
It: 297, Loss: 4.936e-04, Loss_res: 1.575e-03,  Loss_bcs: 7.723e-06, Loss_ut_ics: 4.701e-02, lr: 1.000e-03, Time: 3.29e+02
Model state saved to ./results/models/checkpoints/schrodinger/qho/2025-09-19_21-56-28-345443/model.pth
Model state saved to ./results/models/checkpoints/schrodinger/qho/2025-09-19_21-56-28-345443/model_weights.pth
It: 298, Loss: 2.780e-05, Loss_res: 1.498e-03,  Loss_bcs: 7.045e-06, Loss_ut_ics: 5.776e-04, lr: 1.000e-03, Time: 3.30e+02
Model state saved to ./results/models/checkpoints/schrodinger/qho/2025-09-19_21-56-28-345443/model.pth
Model state saved to ./results/models/checkpoints/schrodinger/qho/2025-09-19_21-56-28-345443/model_weights.pth
It: 299, Loss: 1.783e-03, Loss_res: 3.012e-03,  Loss_bcs: 2.975e-06, Loss_ut_ics: 1.750e-01, lr: 1.000e-03, Time: 3.31e+02
Model state saved to ./results/models/checkpoints/schrodinger/qho/2025-09-19_21-56-28-345443/model.pth
Model state saved to ./results/models/checkpoints/schrodinger/qho/2025-09-19_21-56-28-345443/model_weights.pth
It: 300, Loss: 1.355e-03, Loss_res: 1.003e-02,  Loss_bcs: 1.000e-06, Loss_ut_ics: 1.253e-01, lr: 1.000e-03, Time: 3.32e+02
Model state saved to ./results/models/checkpoints/schrodinger/qho/2025-09-19_21-56-28-345443/model.pth
Model state saved to ./results/models/checkpoints/schrodinger/qho/2025-09-19_21-56-28-345443/model_weights.pth
It: 301, Loss: 3.124e-04, Loss_res: 8.886e-04,  Loss_bcs: 8.163e-07, Loss_ut_ics: 3.027e-02, lr: 1.000e-03, Time: 3.34e+02
Model state saved to ./results/models/checkpoints/schrodinger/qho/2025-09-19_21-56-28-345443/model.pth
Model state saved to ./results/models/checkpoints/schrodinger/qho/2025-09-19_21-56-28-345443/model_weights.pth
It: 302, Loss: 2.795e-04, Loss_res: 1.515e-03,  Loss_bcs: 1.054e-06, Loss_ut_ics: 2.633e-02, lr: 1.000e-03, Time: 3.35e+02
Model state saved to ./results/models/checkpoints/schrodinger/qho/2025-09-19_21-56-28-345443/model.pth
Model state saved to ./results/models/checkpoints/schrodinger/qho/2025-09-19_21-56-28-345443/model_weights.pth
It: 303, Loss: 8.154e-04, Loss_res: 5.481e-04,  Loss_bcs: 1.087e-06, Loss_ut_ics: 8.089e-02, lr: 1.000e-03, Time: 3.36e+02
Model state saved to ./results/models/checkpoints/schrodinger/qho/2025-09-19_21-56-28-345443/model.pth
Model state saved to ./results/models/checkpoints/schrodinger/qho/2025-09-19_21-56-28-345443/model_weights.pth
It: 304, Loss: 1.102e-03, Loss_res: 7.068e-04,  Loss_bcs: 1.251e-06, Loss_ut_ics: 1.094e-01, lr: 1.000e-03, Time: 3.37e+02
Model state saved to ./results/models/checkpoints/schrodinger/qho/2025-09-19_21-56-28-345443/model.pth
Model state saved to ./results/models/checkpoints/schrodinger/qho/2025-09-19_21-56-28-345443/model_weights.pth
It: 305, Loss: 1.909e-03, Loss_res: 1.571e-03,  Loss_bcs: 8.542e-07, Loss_ut_ics: 1.893e-01, lr: 1.000e-03, Time: 3.38e+02
Model state saved to ./results/models/checkpoints/schrodinger/qho/2025-09-19_21-56-28-345443/model.pth
Model state saved to ./results/models/checkpoints/schrodinger/qho/2025-09-19_21-56-28-345443/model_weights.pth
It: 306, Loss: 2.556e-05, Loss_res: 1.283e-03,  Loss_bcs: 7.917e-07, Loss_ut_ics: 1.193e-03, lr: 1.000e-03, Time: 3.39e+02
Model state saved to ./results/models/checkpoints/schrodinger/qho/2025-09-19_21-56-28-345443/model.pth
Model state saved to ./results/models/checkpoints/schrodinger/qho/2025-09-19_21-56-28-345443/model_weights.pth
It: 307, Loss: 9.058e-04, Loss_res: 1.350e-03,  Loss_bcs: 1.428e-06, Loss_ut_ics: 8.909e-02, lr: 1.000e-03, Time: 3.40e+02
Model state saved to ./results/models/checkpoints/schrodinger/qho/2025-09-19_21-56-28-345443/model.pth
Model state saved to ./results/models/checkpoints/schrodinger/qho/2025-09-19_21-56-28-345443/model_weights.pth
It: 308, Loss: 9.359e-05, Loss_res: 1.112e-03,  Loss_bcs: 1.643e-06, Loss_ut_ics: 8.082e-03, lr: 1.000e-03, Time: 3.41e+02
Model state saved to ./results/models/checkpoints/schrodinger/qho/2025-09-19_21-56-28-345443/model.pth
Model state saved to ./results/models/checkpoints/schrodinger/qho/2025-09-19_21-56-28-345443/model_weights.pth
It: 309, Loss: 2.616e-04, Loss_res: 2.261e-03,  Loss_bcs: 1.163e-06, Loss_ut_ics: 2.379e-02, lr: 1.000e-03, Time: 3.42e+02
Model state saved to ./results/models/checkpoints/schrodinger/qho/2025-09-19_21-56-28-345443/model.pth
Model state saved to ./results/models/checkpoints/schrodinger/qho/2025-09-19_21-56-28-345443/model_weights.pth
It: 310, Loss: 1.117e-03, Loss_res: 3.178e-03,  Loss_bcs: 9.817e-07, Loss_ut_ics: 1.084e-01, lr: 1.000e-03, Time: 3.43e+02
Model state saved to ./results/models/checkpoints/schrodinger/qho/2025-09-19_21-56-28-345443/model.pth
Model state saved to ./results/models/checkpoints/schrodinger/qho/2025-09-19_21-56-28-345443/model_weights.pth
It: 311, Loss: 1.397e-03, Loss_res: 1.593e-03,  Loss_bcs: 7.035e-07, Loss_ut_ics: 1.380e-01, lr: 1.000e-03, Time: 3.44e+02
Model state saved to ./results/models/checkpoints/schrodinger/qho/2025-09-19_21-56-28-345443/model.pth
Model state saved to ./results/models/checkpoints/schrodinger/qho/2025-09-19_21-56-28-345443/model_weights.pth
It: 312, Loss: 2.891e-04, Loss_res: 1.073e-03,  Loss_bcs: 7.594e-07, Loss_ut_ics: 2.776e-02, lr: 1.000e-03, Time: 3.46e+02
Model state saved to ./results/models/checkpoints/schrodinger/qho/2025-09-19_21-56-28-345443/model.pth
Model state saved to ./results/models/checkpoints/schrodinger/qho/2025-09-19_21-56-28-345443/model_weights.pth
It: 313, Loss: 1.387e-03, Loss_res: 1.105e-03,  Loss_bcs: 6.690e-07, Loss_ut_ics: 1.375e-01, lr: 1.000e-03, Time: 3.47e+02
Model state saved to ./results/models/checkpoints/schrodinger/qho/2025-09-19_21-56-28-345443/model.pth
Model state saved to ./results/models/checkpoints/schrodinger/qho/2025-09-19_21-56-28-345443/model_weights.pth
It: 314, Loss: 3.922e-04, Loss_res: 9.813e-04,  Loss_bcs: 7.778e-07, Loss_ut_ics: 3.816e-02, lr: 1.000e-03, Time: 3.48e+02
Model state saved to ./results/models/checkpoints/schrodinger/qho/2025-09-19_21-56-28-345443/model.pth
Model state saved to ./results/models/checkpoints/schrodinger/qho/2025-09-19_21-56-28-345443/model_weights.pth
It: 315, Loss: 1.057e-05, Loss_res: 9.453e-04,  Loss_bcs: 1.043e-06, Loss_ut_ics: 7.761e-06, lr: 1.000e-03, Time: 3.49e+02
Model state saved to ./results/models/checkpoints/schrodinger/qho/2025-09-19_21-56-28-345443/model.pth
Model state saved to ./results/models/checkpoints/schrodinger/qho/2025-09-19_21-56-28-345443/model_weights.pth
It: 316, Loss: 2.493e-05, Loss_res: 1.145e-03,  Loss_bcs: 7.670e-07, Loss_ut_ics: 1.271e-03, lr: 1.000e-03, Time: 3.50e+02
Model state saved to ./results/models/checkpoints/schrodinger/qho/2025-09-19_21-56-28-345443/model.pth
Model state saved to ./results/models/checkpoints/schrodinger/qho/2025-09-19_21-56-28-345443/model_weights.pth
It: 317, Loss: 1.005e-03, Loss_res: 2.885e-03,  Loss_bcs: 7.354e-07, Loss_ut_ics: 9.753e-02, lr: 1.000e-03, Time: 3.51e+02
Model state saved to ./results/models/checkpoints/schrodinger/qho/2025-09-19_21-56-28-345443/model.pth
Model state saved to ./results/models/checkpoints/schrodinger/qho/2025-09-19_21-56-28-345443/model_weights.pth
It: 318, Loss: 8.644e-05, Loss_res: 3.454e-03,  Loss_bcs: 7.456e-07, Loss_ut_ics: 5.115e-03, lr: 1.000e-03, Time: 3.52e+02
Model state saved to ./results/models/checkpoints/schrodinger/qho/2025-09-19_21-56-28-345443/model.pth
Model state saved to ./results/models/checkpoints/schrodinger/qho/2025-09-19_21-56-28-345443/model_weights.pth
It: 319, Loss: 1.637e-03, Loss_res: 3.364e-03,  Loss_bcs: 8.185e-07, Loss_ut_ics: 1.602e-01, lr: 1.000e-03, Time: 3.53e+02
Model state saved to ./results/models/checkpoints/schrodinger/qho/2025-09-19_21-56-28-345443/model.pth
Model state saved to ./results/models/checkpoints/schrodinger/qho/2025-09-19_21-56-28-345443/model_weights.pth
It: 320, Loss: 3.655e-04, Loss_res: 1.396e-03,  Loss_bcs: 7.628e-07, Loss_ut_ics: 3.508e-02, lr: 1.000e-03, Time: 3.54e+02
Model state saved to ./results/models/checkpoints/schrodinger/qho/2025-09-19_21-56-28-345443/model.pth
Model state saved to ./results/models/checkpoints/schrodinger/qho/2025-09-19_21-56-28-345443/model_weights.pth
It: 321, Loss: 8.756e-05, Loss_res: 2.055e-03,  Loss_bcs: 7.994e-07, Loss_ut_ics: 6.622e-03, lr: 1.000e-03, Time: 3.55e+02
Model state saved to ./results/models/checkpoints/schrodinger/qho/2025-09-19_21-56-28-345443/model.pth
Model state saved to ./results/models/checkpoints/schrodinger/qho/2025-09-19_21-56-28-345443/model_weights.pth
It: 322, Loss: 5.518e-04, Loss_res: 1.592e-03,  Loss_bcs: 8.874e-07, Loss_ut_ics: 5.350e-02, lr: 1.000e-03, Time: 3.57e+02
Model state saved to ./results/models/checkpoints/schrodinger/qho/2025-09-19_21-56-28-345443/model.pth
Model state saved to ./results/models/checkpoints/schrodinger/qho/2025-09-19_21-56-28-345443/model_weights.pth
It: 323, Loss: 1.345e-04, Loss_res: 3.559e-03,  Loss_bcs: 1.062e-06, Loss_ut_ics: 9.786e-03, lr: 1.000e-03, Time: 3.58e+02
Model state saved to ./results/models/checkpoints/schrodinger/qho/2025-09-19_21-56-28-345443/model.pth
Model state saved to ./results/models/checkpoints/schrodinger/qho/2025-09-19_21-56-28-345443/model_weights.pth
It: 324, Loss: 3.969e-04, Loss_res: 1.686e-03,  Loss_bcs: 8.522e-07, Loss_ut_ics: 3.792e-02, lr: 1.000e-03, Time: 3.59e+02
Model state saved to ./results/models/checkpoints/schrodinger/qho/2025-09-19_21-56-28-345443/model.pth
Model state saved to ./results/models/checkpoints/schrodinger/qho/2025-09-19_21-56-28-345443/model_weights.pth
It: 325, Loss: 8.473e-04, Loss_res: 8.899e-04,  Loss_bcs: 8.573e-07, Loss_ut_ics: 8.375e-02, lr: 1.000e-03, Time: 3.60e+02
Model state saved to ./results/models/checkpoints/schrodinger/qho/2025-09-19_21-56-28-345443/model.pth
Model state saved to ./results/models/checkpoints/schrodinger/qho/2025-09-19_21-56-28-345443/model_weights.pth
It: 326, Loss: 4.931e-04, Loss_res: 1.067e-03,  Loss_bcs: 6.653e-07, Loss_ut_ics: 4.818e-02, lr: 1.000e-03, Time: 3.61e+02
Model state saved to ./results/models/checkpoints/schrodinger/qho/2025-09-19_21-56-28-345443/model.pth
Model state saved to ./results/models/checkpoints/schrodinger/qho/2025-09-19_21-56-28-345443/model_weights.pth
It: 327, Loss: 1.791e-03, Loss_res: 2.222e-03,  Loss_bcs: 9.685e-07, Loss_ut_ics: 1.768e-01, lr: 1.000e-03, Time: 3.62e+02
Model state saved to ./results/models/checkpoints/schrodinger/qho/2025-09-19_21-56-28-345443/model.pth
Model state saved to ./results/models/checkpoints/schrodinger/qho/2025-09-19_21-56-28-345443/model_weights.pth
It: 328, Loss: 1.077e-03, Loss_res: 1.715e-03,  Loss_bcs: 8.913e-07, Loss_ut_ics: 1.059e-01, lr: 1.000e-03, Time: 3.64e+02
Model state saved to ./results/models/checkpoints/schrodinger/qho/2025-09-19_21-56-28-345443/model.pth
Model state saved to ./results/models/checkpoints/schrodinger/qho/2025-09-19_21-56-28-345443/model_weights.pth
It: 329, Loss: 8.286e-04, Loss_res: 1.891e-03,  Loss_bcs: 1.012e-06, Loss_ut_ics: 8.087e-02, lr: 1.000e-03, Time: 3.65e+02
Model state saved to ./results/models/checkpoints/schrodinger/qho/2025-09-19_21-56-28-345443/model.pth
Model state saved to ./results/models/checkpoints/schrodinger/qho/2025-09-19_21-56-28-345443/model_weights.pth
It: 330, Loss: 1.006e-03, Loss_res: 2.095e-03,  Loss_bcs: 1.311e-06, Loss_ut_ics: 9.841e-02, lr: 1.000e-03, Time: 3.66e+02
Model state saved to ./results/models/checkpoints/schrodinger/qho/2025-09-19_21-56-28-345443/model.pth
Model state saved to ./results/models/checkpoints/schrodinger/qho/2025-09-19_21-56-28-345443/model_weights.pth
It: 331, Loss: 3.848e-04, Loss_res: 1.216e-03,  Loss_bcs: 1.372e-06, Loss_ut_ics: 3.712e-02, lr: 1.000e-03, Time: 3.67e+02
Model state saved to ./results/models/checkpoints/schrodinger/qho/2025-09-19_21-56-28-345443/model.pth
Model state saved to ./results/models/checkpoints/schrodinger/qho/2025-09-19_21-56-28-345443/model_weights.pth
It: 332, Loss: 9.779e-04, Loss_res: 2.152e-03,  Loss_bcs: 1.724e-06, Loss_ut_ics: 9.547e-02, lr: 1.000e-03, Time: 3.69e+02
Model state saved to ./results/models/checkpoints/schrodinger/qho/2025-09-19_21-56-28-345443/model.pth
Model state saved to ./results/models/checkpoints/schrodinger/qho/2025-09-19_21-56-28-345443/model_weights.pth
It: 333, Loss: 5.359e-05, Loss_res: 1.230e-03,  Loss_bcs: 1.414e-06, Loss_ut_ics: 3.987e-03, lr: 1.000e-03, Time: 3.70e+02
Model state saved to ./results/models/checkpoints/schrodinger/qho/2025-09-19_21-56-28-345443/model.pth
Model state saved to ./results/models/checkpoints/schrodinger/qho/2025-09-19_21-56-28-345443/model_weights.pth
It: 334, Loss: 1.517e-03, Loss_res: 1.441e-03,  Loss_bcs: 9.484e-07, Loss_ut_ics: 1.502e-01, lr: 1.000e-03, Time: 3.71e+02
Model state saved to ./results/models/checkpoints/schrodinger/qho/2025-09-19_21-56-28-345443/model.pth
Model state saved to ./results/models/checkpoints/schrodinger/qho/2025-09-19_21-56-28-345443/model_weights.pth
It: 335, Loss: 8.417e-04, Loss_res: 5.637e-03,  Loss_bcs: 8.922e-07, Loss_ut_ics: 7.845e-02, lr: 1.000e-03, Time: 3.72e+02
Model state saved to ./results/models/checkpoints/schrodinger/qho/2025-09-19_21-56-28-345443/model.pth
Model state saved to ./results/models/checkpoints/schrodinger/qho/2025-09-19_21-56-28-345443/model_weights.pth
It: 336, Loss: 2.228e-04, Loss_res: 7.701e-04,  Loss_bcs: 9.776e-07, Loss_ut_ics: 2.142e-02, lr: 1.000e-03, Time: 3.73e+02
Model state saved to ./results/models/checkpoints/schrodinger/qho/2025-09-19_21-56-28-345443/model.pth
Model state saved to ./results/models/checkpoints/schrodinger/qho/2025-09-19_21-56-28-345443/model_weights.pth
It: 337, Loss: 9.628e-04, Loss_res: 1.730e-03,  Loss_bcs: 7.453e-07, Loss_ut_ics: 9.447e-02, lr: 1.000e-03, Time: 3.75e+02
Model state saved to ./results/models/checkpoints/schrodinger/qho/2025-09-19_21-56-28-345443/model.pth
Model state saved to ./results/models/checkpoints/schrodinger/qho/2025-09-19_21-56-28-345443/model_weights.pth
It: 338, Loss: 2.184e-03, Loss_res: 1.239e-03,  Loss_bcs: 8.997e-07, Loss_ut_ics: 2.171e-01, lr: 1.000e-03, Time: 3.76e+02
Model state saved to ./results/models/checkpoints/schrodinger/qho/2025-09-19_21-56-28-345443/model.pth
Model state saved to ./results/models/checkpoints/schrodinger/qho/2025-09-19_21-56-28-345443/model_weights.pth
It: 339, Loss: 3.256e-04, Loss_res: 1.486e-03,  Loss_bcs: 9.023e-07, Loss_ut_ics: 3.098e-02, lr: 1.000e-03, Time: 3.77e+02
Model state saved to ./results/models/checkpoints/schrodinger/qho/2025-09-19_21-56-28-345443/model.pth
Model state saved to ./results/models/checkpoints/schrodinger/qho/2025-09-19_21-56-28-345443/model_weights.pth
It: 340, Loss: 2.993e-05, Loss_res: 1.403e-03,  Loss_bcs: 8.476e-07, Loss_ut_ics: 1.505e-03, lr: 1.000e-03, Time: 3.78e+02
Model state saved to ./results/models/checkpoints/schrodinger/qho/2025-09-19_21-56-28-345443/model.pth
Model state saved to ./results/models/checkpoints/schrodinger/qho/2025-09-19_21-56-28-345443/model_weights.pth
It: 341, Loss: 2.750e-04, Loss_res: 6.793e-03,  Loss_bcs: 9.563e-07, Loss_ut_ics: 2.061e-02, lr: 1.000e-03, Time: 3.80e+02
Model state saved to ./results/models/checkpoints/schrodinger/qho/2025-09-19_21-56-28-345443/model.pth
Model state saved to ./results/models/checkpoints/schrodinger/qho/2025-09-19_21-56-28-345443/model_weights.pth
It: 342, Loss: 5.205e-04, Loss_res: 5.354e-03,  Loss_bcs: 9.907e-07, Loss_ut_ics: 4.660e-02, lr: 1.000e-03, Time: 3.81e+02
Model state saved to ./results/models/checkpoints/schrodinger/qho/2025-09-19_21-56-28-345443/model.pth
Model state saved to ./results/models/checkpoints/schrodinger/qho/2025-09-19_21-56-28-345443/model_weights.pth
It: 343, Loss: 1.948e-04, Loss_res: 5.121e-03,  Loss_bcs: 8.436e-07, Loss_ut_ics: 1.428e-02, lr: 1.000e-03, Time: 3.82e+02
Model state saved to ./results/models/checkpoints/schrodinger/qho/2025-09-19_21-56-28-345443/model.pth
Model state saved to ./results/models/checkpoints/schrodinger/qho/2025-09-19_21-56-28-345443/model_weights.pth
It: 344, Loss: 4.463e-04, Loss_res: 1.615e-03,  Loss_bcs: 9.459e-07, Loss_ut_ics: 4.292e-02, lr: 1.000e-03, Time: 3.83e+02
Model state saved to ./results/models/checkpoints/schrodinger/qho/2025-09-19_21-56-28-345443/model.pth
Model state saved to ./results/models/checkpoints/schrodinger/qho/2025-09-19_21-56-28-345443/model_weights.pth
It: 345, Loss: 1.339e-03, Loss_res: 1.742e-03,  Loss_bcs: 8.391e-07, Loss_ut_ics: 1.321e-01, lr: 1.000e-03, Time: 3.84e+02
Model state saved to ./results/models/checkpoints/schrodinger/qho/2025-09-19_21-56-28-345443/model.pth
Model state saved to ./results/models/checkpoints/schrodinger/qho/2025-09-19_21-56-28-345443/model_weights.pth
It: 346, Loss: 2.132e-03, Loss_res: 1.852e-02,  Loss_bcs: 8.324e-07, Loss_ut_ics: 1.946e-01, lr: 1.000e-03, Time: 3.85e+02
Model state saved to ./results/models/checkpoints/schrodinger/qho/2025-09-19_21-56-28-345443/model.pth
Model state saved to ./results/models/checkpoints/schrodinger/qho/2025-09-19_21-56-28-345443/model_weights.pth
It: 347, Loss: 1.679e-03, Loss_res: 1.937e-03,  Loss_bcs: 1.069e-06, Loss_ut_ics: 1.658e-01, lr: 1.000e-03, Time: 3.86e+02
Model state saved to ./results/models/checkpoints/schrodinger/qho/2025-09-19_21-56-28-345443/model.pth
Model state saved to ./results/models/checkpoints/schrodinger/qho/2025-09-19_21-56-28-345443/model_weights.pth
It: 348, Loss: 7.937e-04, Loss_res: 2.413e-03,  Loss_bcs: 1.782e-06, Loss_ut_ics: 7.678e-02, lr: 1.000e-03, Time: 3.87e+02
Model state saved to ./results/models/checkpoints/schrodinger/qho/2025-09-19_21-56-28-345443/model.pth
Model state saved to ./results/models/checkpoints/schrodinger/qho/2025-09-19_21-56-28-345443/model_weights.pth
It: 349, Loss: 6.904e-04, Loss_res: 3.242e-02,  Loss_bcs: 2.227e-06, Loss_ut_ics: 3.640e-02, lr: 1.000e-03, Time: 3.88e+02
Model state saved to ./results/models/checkpoints/schrodinger/qho/2025-09-19_21-56-28-345443/model.pth
Model state saved to ./results/models/checkpoints/schrodinger/qho/2025-09-19_21-56-28-345443/model_weights.pth
It: 350, Loss: 4.985e-04, Loss_res: 1.425e-03,  Loss_bcs: 1.843e-06, Loss_ut_ics: 4.824e-02, lr: 1.000e-03, Time: 3.90e+02
Model state saved to ./results/models/checkpoints/schrodinger/qho/2025-09-19_21-56-28-345443/model.pth
Model state saved to ./results/models/checkpoints/schrodinger/qho/2025-09-19_21-56-28-345443/model_weights.pth
It: 351, Loss: 3.002e-04, Loss_res: 4.207e-03,  Loss_bcs: 1.589e-06, Loss_ut_ics: 2.566e-02, lr: 1.000e-03, Time: 3.91e+02
Model state saved to ./results/models/checkpoints/schrodinger/qho/2025-09-19_21-56-28-345443/model.pth
Model state saved to ./results/models/checkpoints/schrodinger/qho/2025-09-19_21-56-28-345443/model_weights.pth
It: 352, Loss: 1.326e-03, Loss_res: 2.992e-03,  Loss_bcs: 1.739e-06, Loss_ut_ics: 1.295e-01, lr: 1.000e-03, Time: 3.92e+02
Model state saved to ./results/models/checkpoints/schrodinger/qho/2025-09-19_21-56-28-345443/model.pth
Model state saved to ./results/models/checkpoints/schrodinger/qho/2025-09-19_21-56-28-345443/model_weights.pth
It: 353, Loss: 1.999e-03, Loss_res: 1.789e-03,  Loss_bcs: 2.031e-06, Loss_ut_ics: 1.979e-01, lr: 1.000e-03, Time: 3.93e+02
Model state saved to ./results/models/checkpoints/schrodinger/qho/2025-09-19_21-56-28-345443/model.pth
Model state saved to ./results/models/checkpoints/schrodinger/qho/2025-09-19_21-56-28-345443/model_weights.pth
It: 354, Loss: 3.928e-04, Loss_res: 1.468e-03,  Loss_bcs: 1.819e-06, Loss_ut_ics: 3.763e-02, lr: 1.000e-03, Time: 3.94e+02
Model state saved to ./results/models/checkpoints/schrodinger/qho/2025-09-19_21-56-28-345443/model.pth
Model state saved to ./results/models/checkpoints/schrodinger/qho/2025-09-19_21-56-28-345443/model_weights.pth
It: 355, Loss: 9.288e-04, Loss_res: 7.536e-03,  Loss_bcs: 1.826e-06, Loss_ut_ics: 8.516e-02, lr: 1.000e-03, Time: 3.95e+02
Model state saved to ./results/models/checkpoints/schrodinger/qho/2025-09-19_21-56-28-345443/model.pth
Model state saved to ./results/models/checkpoints/schrodinger/qho/2025-09-19_21-56-28-345443/model_weights.pth
It: 356, Loss: 6.428e-04, Loss_res: 1.873e-03,  Loss_bcs: 2.212e-06, Loss_ut_ics: 6.219e-02, lr: 1.000e-03, Time: 3.96e+02
Model state saved to ./results/models/checkpoints/schrodinger/qho/2025-09-19_21-56-28-345443/model.pth
Model state saved to ./results/models/checkpoints/schrodinger/qho/2025-09-19_21-56-28-345443/model_weights.pth
It: 357, Loss: 8.970e-04, Loss_res: 4.536e-03,  Loss_bcs: 1.871e-06, Loss_ut_ics: 8.498e-02, lr: 1.000e-03, Time: 3.97e+02
Model state saved to ./results/models/checkpoints/schrodinger/qho/2025-09-19_21-56-28-345443/model.pth
Model state saved to ./results/models/checkpoints/schrodinger/qho/2025-09-19_21-56-28-345443/model_weights.pth
It: 358, Loss: 8.272e-04, Loss_res: 1.495e-03,  Loss_bcs: 1.836e-06, Loss_ut_ics: 8.105e-02, lr: 1.000e-03, Time: 3.98e+02
Model state saved to ./results/models/checkpoints/schrodinger/qho/2025-09-19_21-56-28-345443/model.pth
Model state saved to ./results/models/checkpoints/schrodinger/qho/2025-09-19_21-56-28-345443/model_weights.pth
It: 359, Loss: 1.186e-03, Loss_res: 2.558e-03,  Loss_bcs: 1.892e-06, Loss_ut_ics: 1.159e-01, lr: 1.000e-03, Time: 3.99e+02
Model state saved to ./results/models/checkpoints/schrodinger/qho/2025-09-19_21-56-28-345443/model.pth
Model state saved to ./results/models/checkpoints/schrodinger/qho/2025-09-19_21-56-28-345443/model_weights.pth
It: 360, Loss: 2.082e-05, Loss_res: 1.897e-03,  Loss_bcs: 1.600e-06, Loss_ut_ics: 2.490e-05, lr: 1.000e-03, Time: 4.00e+02
Model state saved to ./results/models/checkpoints/schrodinger/qho/2025-09-19_21-56-28-345443/model.pth
Model state saved to ./results/models/checkpoints/schrodinger/qho/2025-09-19_21-56-28-345443/model_weights.pth
It: 361, Loss: 5.137e-05, Loss_res: 4.996e-03,  Loss_bcs: 1.169e-06, Loss_ut_ics: 2.412e-05, lr: 1.000e-03, Time: 4.02e+02
Model state saved to ./results/models/checkpoints/schrodinger/qho/2025-09-19_21-56-28-345443/model.pth
Model state saved to ./results/models/checkpoints/schrodinger/qho/2025-09-19_21-56-28-345443/model_weights.pth
It: 362, Loss: 1.208e-03, Loss_res: 1.512e-03,  Loss_bcs: 8.621e-07, Loss_ut_ics: 1.193e-01, lr: 1.000e-03, Time: 4.03e+02
Model state saved to ./results/models/checkpoints/schrodinger/qho/2025-09-19_21-56-28-345443/model.pth
Model state saved to ./results/models/checkpoints/schrodinger/qho/2025-09-19_21-56-28-345443/model_weights.pth
It: 363, Loss: 9.511e-04, Loss_res: 1.422e-03,  Loss_bcs: 1.068e-06, Loss_ut_ics: 9.358e-02, lr: 1.000e-03, Time: 4.04e+02
Model state saved to ./results/models/checkpoints/schrodinger/qho/2025-09-19_21-56-28-345443/model.pth
Model state saved to ./results/models/checkpoints/schrodinger/qho/2025-09-19_21-56-28-345443/model_weights.pth
It: 364, Loss: 1.029e-03, Loss_res: 2.839e-03,  Loss_bcs: 8.344e-07, Loss_ut_ics: 9.997e-02, lr: 1.000e-03, Time: 4.05e+02
Model state saved to ./results/models/checkpoints/schrodinger/qho/2025-09-19_21-56-28-345443/model.pth
Model state saved to ./results/models/checkpoints/schrodinger/qho/2025-09-19_21-56-28-345443/model_weights.pth
It: 365, Loss: 1.654e-03, Loss_res: 1.417e-03,  Loss_bcs: 7.771e-07, Loss_ut_ics: 1.640e-01, lr: 1.000e-03, Time: 4.06e+02
Model state saved to ./results/models/checkpoints/schrodinger/qho/2025-09-19_21-56-28-345443/model.pth
Model state saved to ./results/models/checkpoints/schrodinger/qho/2025-09-19_21-56-28-345443/model_weights.pth
It: 366, Loss: 2.396e-03, Loss_res: 1.692e-03,  Loss_bcs: 7.868e-07, Loss_ut_ics: 2.379e-01, lr: 1.000e-03, Time: 4.07e+02
Model state saved to ./results/models/checkpoints/schrodinger/qho/2025-09-19_21-56-28-345443/model.pth
Model state saved to ./results/models/checkpoints/schrodinger/qho/2025-09-19_21-56-28-345443/model_weights.pth
It: 367, Loss: 1.011e-03, Loss_res: 2.223e-03,  Loss_bcs: 1.284e-06, Loss_ut_ics: 9.874e-02, lr: 1.000e-03, Time: 4.08e+02
Model state saved to ./results/models/checkpoints/schrodinger/qho/2025-09-19_21-56-28-345443/model.pth
Model state saved to ./results/models/checkpoints/schrodinger/qho/2025-09-19_21-56-28-345443/model_weights.pth
It: 368, Loss: 1.088e-04, Loss_res: 2.107e-03,  Loss_bcs: 2.493e-06, Loss_ut_ics: 8.519e-03, lr: 1.000e-03, Time: 4.09e+02
Model state saved to ./results/models/checkpoints/schrodinger/qho/2025-09-19_21-56-28-345443/model.pth
Model state saved to ./results/models/checkpoints/schrodinger/qho/2025-09-19_21-56-28-345443/model_weights.pth
It: 369, Loss: 1.196e-03, Loss_res: 2.066e-03,  Loss_bcs: 1.756e-06, Loss_ut_ics: 1.174e-01, lr: 1.000e-03, Time: 4.10e+02
Model state saved to ./results/models/checkpoints/schrodinger/qho/2025-09-19_21-56-28-345443/model.pth
Model state saved to ./results/models/checkpoints/schrodinger/qho/2025-09-19_21-56-28-345443/model_weights.pth
It: 370, Loss: 2.768e-04, Loss_res: 1.571e-03,  Loss_bcs: 1.205e-06, Loss_ut_ics: 2.599e-02, lr: 1.000e-03, Time: 4.12e+02
Model state saved to ./results/models/checkpoints/schrodinger/qho/2025-09-19_21-56-28-345443/model.pth
Model state saved to ./results/models/checkpoints/schrodinger/qho/2025-09-19_21-56-28-345443/model_weights.pth
It: 371, Loss: 9.706e-04, Loss_res: 2.949e-03,  Loss_bcs: 6.291e-07, Loss_ut_ics: 9.404e-02, lr: 1.000e-03, Time: 4.13e+02
Model state saved to ./results/models/checkpoints/schrodinger/qho/2025-09-19_21-56-28-345443/model.pth
Model state saved to ./results/models/checkpoints/schrodinger/qho/2025-09-19_21-56-28-345443/model_weights.pth
It: 372, Loss: 1.015e-03, Loss_res: 1.163e-03,  Loss_bcs: 1.011e-06, Loss_ut_ics: 1.002e-01, lr: 1.000e-03, Time: 4.14e+02
Model state saved to ./results/models/checkpoints/schrodinger/qho/2025-09-19_21-56-28-345443/model.pth
Model state saved to ./results/models/checkpoints/schrodinger/qho/2025-09-19_21-56-28-345443/model_weights.pth
It: 373, Loss: 1.223e-03, Loss_res: 1.398e-03,  Loss_bcs: 1.624e-06, Loss_ut_ics: 1.207e-01, lr: 1.000e-03, Time: 4.15e+02
Model state saved to ./results/models/checkpoints/schrodinger/qho/2025-09-19_21-56-28-345443/model.pth
Model state saved to ./results/models/checkpoints/schrodinger/qho/2025-09-19_21-56-28-345443/model_weights.pth
It: 374, Loss: 7.871e-04, Loss_res: 1.756e-03,  Loss_bcs: 1.407e-06, Loss_ut_ics: 7.681e-02, lr: 1.000e-03, Time: 4.16e+02
Model state saved to ./results/models/checkpoints/schrodinger/qho/2025-09-19_21-56-28-345443/model.pth
Model state saved to ./results/models/checkpoints/schrodinger/qho/2025-09-19_21-56-28-345443/model_weights.pth
It: 375, Loss: 1.227e-03, Loss_res: 1.911e-03,  Loss_bcs: 1.603e-06, Loss_ut_ics: 1.206e-01, lr: 1.000e-03, Time: 4.17e+02
Model state saved to ./results/models/checkpoints/schrodinger/qho/2025-09-19_21-56-28-345443/model.pth
Model state saved to ./results/models/checkpoints/schrodinger/qho/2025-09-19_21-56-28-345443/model_weights.pth
It: 376, Loss: 5.080e-04, Loss_res: 1.009e-03,  Loss_bcs: 1.109e-06, Loss_ut_ics: 4.968e-02, lr: 1.000e-03, Time: 4.18e+02
Model state saved to ./results/models/checkpoints/schrodinger/qho/2025-09-19_21-56-28-345443/model.pth
Model state saved to ./results/models/checkpoints/schrodinger/qho/2025-09-19_21-56-28-345443/model_weights.pth
It: 377, Loss: 1.750e-03, Loss_res: 4.316e-03,  Loss_bcs: 1.188e-06, Loss_ut_ics: 1.706e-01, lr: 1.000e-03, Time: 4.19e+02
Model state saved to ./results/models/checkpoints/schrodinger/qho/2025-09-19_21-56-28-345443/model.pth
Model state saved to ./results/models/checkpoints/schrodinger/qho/2025-09-19_21-56-28-345443/model_weights.pth
It: 378, Loss: 1.208e-03, Loss_res: 5.761e-03,  Loss_bcs: 2.616e-06, Loss_ut_ics: 1.147e-01, lr: 1.000e-03, Time: 4.20e+02
Model state saved to ./results/models/checkpoints/schrodinger/qho/2025-09-19_21-56-28-345443/model.pth
Model state saved to ./results/models/checkpoints/schrodinger/qho/2025-09-19_21-56-28-345443/model_weights.pth
It: 379, Loss: 7.882e-04, Loss_res: 2.502e-03,  Loss_bcs: 3.465e-06, Loss_ut_ics: 7.597e-02, lr: 1.000e-03, Time: 4.21e+02
Model state saved to ./results/models/checkpoints/schrodinger/qho/2025-09-19_21-56-28-345443/model.pth
Model state saved to ./results/models/checkpoints/schrodinger/qho/2025-09-19_21-56-28-345443/model_weights.pth
It: 380, Loss: 1.239e-03, Loss_res: 2.281e-03,  Loss_bcs: 2.197e-06, Loss_ut_ics: 1.214e-01, lr: 1.000e-03, Time: 4.23e+02
Model state saved to ./results/models/checkpoints/schrodinger/qho/2025-09-19_21-56-28-345443/model.pth
Model state saved to ./results/models/checkpoints/schrodinger/qho/2025-09-19_21-56-28-345443/model_weights.pth
It: 381, Loss: 8.747e-04, Loss_res: 2.823e-03,  Loss_bcs: 1.726e-06, Loss_ut_ics: 8.447e-02, lr: 1.000e-03, Time: 4.24e+02
Model state saved to ./results/models/checkpoints/schrodinger/qho/2025-09-19_21-56-28-345443/model.pth
Model state saved to ./results/models/checkpoints/schrodinger/qho/2025-09-19_21-56-28-345443/model_weights.pth
It: 382, Loss: 6.949e-05, Loss_res: 6.649e-03,  Loss_bcs: 1.239e-06, Loss_ut_ics: 1.763e-04, lr: 1.000e-03, Time: 4.25e+02
Model state saved to ./results/models/checkpoints/schrodinger/qho/2025-09-19_21-56-28-345443/model.pth
Model state saved to ./results/models/checkpoints/schrodinger/qho/2025-09-19_21-56-28-345443/model_weights.pth
It: 383, Loss: 6.365e-04, Loss_res: 2.013e-03,  Loss_bcs: 1.218e-06, Loss_ut_ics: 6.152e-02, lr: 1.000e-03, Time: 4.26e+02
Model state saved to ./results/models/checkpoints/schrodinger/qho/2025-09-19_21-56-28-345443/model.pth
Model state saved to ./results/models/checkpoints/schrodinger/qho/2025-09-19_21-56-28-345443/model_weights.pth
It: 384, Loss: 5.781e-04, Loss_res: 1.925e-03,  Loss_bcs: 2.979e-06, Loss_ut_ics: 5.558e-02, lr: 1.000e-03, Time: 4.27e+02
Model state saved to ./results/models/checkpoints/schrodinger/qho/2025-09-19_21-56-28-345443/model.pth
Model state saved to ./results/models/checkpoints/schrodinger/qho/2025-09-19_21-56-28-345443/model_weights.pth
It: 385, Loss: 6.153e-04, Loss_res: 1.192e-03,  Loss_bcs: 4.035e-06, Loss_ut_ics: 5.993e-02, lr: 1.000e-03, Time: 4.28e+02
Model state saved to ./results/models/checkpoints/schrodinger/qho/2025-09-19_21-56-28-345443/model.pth
Model state saved to ./results/models/checkpoints/schrodinger/qho/2025-09-19_21-56-28-345443/model_weights.pth
It: 386, Loss: 2.200e-04, Loss_res: 1.388e-03,  Loss_bcs: 3.771e-06, Loss_ut_ics: 2.024e-02, lr: 1.000e-03, Time: 4.29e+02
Model state saved to ./results/models/checkpoints/schrodinger/qho/2025-09-19_21-56-28-345443/model.pth
Model state saved to ./results/models/checkpoints/schrodinger/qho/2025-09-19_21-56-28-345443/model_weights.pth
It: 387, Loss: 1.823e-03, Loss_res: 3.904e-03,  Loss_bcs: 1.870e-06, Loss_ut_ics: 1.782e-01, lr: 1.000e-03, Time: 4.30e+02
Model state saved to ./results/models/checkpoints/schrodinger/qho/2025-09-19_21-56-28-345443/model.pth
Model state saved to ./results/models/checkpoints/schrodinger/qho/2025-09-19_21-56-28-345443/model_weights.pth
It: 388, Loss: 6.560e-04, Loss_res: 5.339e-03,  Loss_bcs: 8.858e-07, Loss_ut_ics: 6.018e-02, lr: 1.000e-03, Time: 4.31e+02
Model state saved to ./results/models/checkpoints/schrodinger/qho/2025-09-19_21-56-28-345443/model.pth
Model state saved to ./results/models/checkpoints/schrodinger/qho/2025-09-19_21-56-28-345443/model_weights.pth
It: 389, Loss: 3.053e-05, Loss_res: 2.788e-03,  Loss_bcs: 2.336e-06, Loss_ut_ics: 3.073e-05, lr: 1.000e-03, Time: 4.32e+02
Model state saved to ./results/models/checkpoints/schrodinger/qho/2025-09-19_21-56-28-345443/model.pth
Model state saved to ./results/models/checkpoints/schrodinger/qho/2025-09-19_21-56-28-345443/model_weights.pth
It: 390, Loss: 9.738e-04, Loss_res: 2.585e-03,  Loss_bcs: 2.931e-06, Loss_ut_ics: 9.450e-02, lr: 1.000e-03, Time: 4.33e+02
Model state saved to ./results/models/checkpoints/schrodinger/qho/2025-09-19_21-56-28-345443/model.pth
Model state saved to ./results/models/checkpoints/schrodinger/qho/2025-09-19_21-56-28-345443/model_weights.pth
It: 391, Loss: 2.547e-03, Loss_res: 3.040e-03,  Loss_bcs: 1.431e-06, Loss_ut_ics: 2.515e-01, lr: 1.000e-03, Time: 4.35e+02
Model state saved to ./results/models/checkpoints/schrodinger/qho/2025-09-19_21-56-28-345443/model.pth
Model state saved to ./results/models/checkpoints/schrodinger/qho/2025-09-19_21-56-28-345443/model_weights.pth
It: 392, Loss: 2.361e-03, Loss_res: 4.813e-03,  Loss_bcs: 1.243e-06, Loss_ut_ics: 2.311e-01, lr: 1.000e-03, Time: 4.36e+02
Model state saved to ./results/models/checkpoints/schrodinger/qho/2025-09-19_21-56-28-345443/model.pth
Model state saved to ./results/models/checkpoints/schrodinger/qho/2025-09-19_21-56-28-345443/model_weights.pth
It: 393, Loss: 3.841e-05, Loss_res: 2.157e-03,  Loss_bcs: 1.963e-06, Loss_ut_ics: 1.487e-03, lr: 1.000e-03, Time: 4.37e+02
Model state saved to ./results/models/checkpoints/schrodinger/qho/2025-09-19_21-56-28-345443/model.pth
Model state saved to ./results/models/checkpoints/schrodinger/qho/2025-09-19_21-56-28-345443/model_weights.pth
It: 394, Loss: 5.689e-05, Loss_res: 2.516e-03,  Loss_bcs: 1.770e-06, Loss_ut_ics: 2.996e-03, lr: 1.000e-03, Time: 4.38e+02
Model state saved to ./results/models/checkpoints/schrodinger/qho/2025-09-19_21-56-28-345443/model.pth
Model state saved to ./results/models/checkpoints/schrodinger/qho/2025-09-19_21-56-28-345443/model_weights.pth
It: 395, Loss: 9.287e-04, Loss_res: 3.164e-03,  Loss_bcs: 9.349e-07, Loss_ut_ics: 8.962e-02, lr: 1.000e-03, Time: 4.39e+02
Model state saved to ./results/models/checkpoints/schrodinger/qho/2025-09-19_21-56-28-345443/model.pth
Model state saved to ./results/models/checkpoints/schrodinger/qho/2025-09-19_21-56-28-345443/model_weights.pth
It: 396, Loss: 1.361e-04, Loss_res: 1.862e-03,  Loss_bcs: 7.327e-07, Loss_ut_ics: 1.168e-02, lr: 1.000e-03, Time: 4.40e+02
Model state saved to ./results/models/checkpoints/schrodinger/qho/2025-09-19_21-56-28-345443/model.pth
Model state saved to ./results/models/checkpoints/schrodinger/qho/2025-09-19_21-56-28-345443/model_weights.pth
It: 397, Loss: 9.750e-04, Loss_res: 1.441e-03,  Loss_bcs: 2.152e-06, Loss_ut_ics: 9.584e-02, lr: 1.000e-03, Time: 4.41e+02
Model state saved to ./results/models/checkpoints/schrodinger/qho/2025-09-19_21-56-28-345443/model.pth
Model state saved to ./results/models/checkpoints/schrodinger/qho/2025-09-19_21-56-28-345443/model_weights.pth
It: 398, Loss: 1.519e-03, Loss_res: 4.300e-03,  Loss_bcs: 2.925e-06, Loss_ut_ics: 1.473e-01, lr: 1.000e-03, Time: 4.42e+02
Model state saved to ./results/models/checkpoints/schrodinger/qho/2025-09-19_21-56-28-345443/model.pth
Model state saved to ./results/models/checkpoints/schrodinger/qho/2025-09-19_21-56-28-345443/model_weights.pth
It: 399, Loss: 3.345e-05, Loss_res: 2.352e-03,  Loss_bcs: 1.919e-06, Loss_ut_ics: 8.010e-04, lr: 1.000e-03, Time: 4.43e+02
Model state saved to ./results/models/checkpoints/schrodinger/qho/2025-09-19_21-56-28-345443/model.pth
Model state saved to ./results/models/checkpoints/schrodinger/qho/2025-09-19_21-56-28-345443/model_weights.pth
It: 400, Loss: 2.064e-03, Loss_res: 9.711e-03,  Loss_bcs: 1.786e-06, Loss_ut_ics: 1.965e-01, lr: 1.000e-03, Time: 4.44e+02
Model state saved to ./results/models/checkpoints/schrodinger/qho/2025-09-19_21-56-28-345443/model.pth
Model state saved to ./results/models/checkpoints/schrodinger/qho/2025-09-19_21-56-28-345443/model_weights.pth
It: 401, Loss: 1.045e-03, Loss_res: 2.260e-03,  Loss_bcs: 1.422e-06, Loss_ut_ics: 1.021e-01, lr: 1.000e-03, Time: 4.45e+02
Model state saved to ./results/models/checkpoints/schrodinger/qho/2025-09-19_21-56-28-345443/model.pth
Model state saved to ./results/models/checkpoints/schrodinger/qho/2025-09-19_21-56-28-345443/model_weights.pth
It: 402, Loss: 9.362e-04, Loss_res: 2.910e-03,  Loss_bcs: 2.314e-06, Loss_ut_ics: 9.048e-02, lr: 1.000e-03, Time: 4.47e+02
Model state saved to ./results/models/checkpoints/schrodinger/qho/2025-09-19_21-56-28-345443/model.pth
Model state saved to ./results/models/checkpoints/schrodinger/qho/2025-09-19_21-56-28-345443/model_weights.pth
It: 403, Loss: 2.919e-04, Loss_res: 4.946e-03,  Loss_bcs: 4.626e-06, Loss_ut_ics: 2.378e-02, lr: 1.000e-03, Time: 4.48e+02
Model state saved to ./results/models/checkpoints/schrodinger/qho/2025-09-19_21-56-28-345443/model.pth
Model state saved to ./results/models/checkpoints/schrodinger/qho/2025-09-19_21-56-28-345443/model_weights.pth
It: 404, Loss: 2.658e-04, Loss_res: 4.358e-03,  Loss_bcs: 4.180e-06, Loss_ut_ics: 2.180e-02, lr: 1.000e-03, Time: 4.49e+02
Model state saved to ./results/models/checkpoints/schrodinger/qho/2025-09-19_21-56-28-345443/model.pth
Model state saved to ./results/models/checkpoints/schrodinger/qho/2025-09-19_21-56-28-345443/model_weights.pth
It: 405, Loss: 6.872e-04, Loss_res: 2.678e-03,  Loss_bcs: 2.369e-06, Loss_ut_ics: 6.580e-02, lr: 1.000e-03, Time: 4.50e+02
Model state saved to ./results/models/checkpoints/schrodinger/qho/2025-09-19_21-56-28-345443/model.pth
Model state saved to ./results/models/checkpoints/schrodinger/qho/2025-09-19_21-56-28-345443/model_weights.pth
It: 406, Loss: 4.699e-05, Loss_res: 3.673e-03,  Loss_bcs: 1.807e-06, Loss_ut_ics: 8.450e-04, lr: 1.000e-03, Time: 4.51e+02
Model state saved to ./results/models/checkpoints/schrodinger/qho/2025-09-19_21-56-28-345443/model.pth
Model state saved to ./results/models/checkpoints/schrodinger/qho/2025-09-19_21-56-28-345443/model_weights.pth
It: 407, Loss: 1.010e-04, Loss_res: 3.070e-03,  Loss_bcs: 3.434e-06, Loss_ut_ics: 6.687e-03, lr: 1.000e-03, Time: 4.52e+02
Model state saved to ./results/models/checkpoints/schrodinger/qho/2025-09-19_21-56-28-345443/model.pth
Model state saved to ./results/models/checkpoints/schrodinger/qho/2025-09-19_21-56-28-345443/model_weights.pth
It: 408, Loss: 3.160e-04, Loss_res: 4.734e-03,  Loss_bcs: 1.055e-05, Loss_ut_ics: 2.581e-02, lr: 1.000e-03, Time: 4.53e+02
Model state saved to ./results/models/checkpoints/schrodinger/qho/2025-09-19_21-56-28-345443/model.pth
Model state saved to ./results/models/checkpoints/schrodinger/qho/2025-09-19_21-56-28-345443/model_weights.pth
It: 409, Loss: 5.338e-05, Loss_res: 1.990e-03,  Loss_bcs: 1.155e-05, Loss_ut_ics: 2.193e-03, lr: 1.000e-03, Time: 4.54e+02
Model state saved to ./results/models/checkpoints/schrodinger/qho/2025-09-19_21-56-28-345443/model.pth
Model state saved to ./results/models/checkpoints/schrodinger/qho/2025-09-19_21-56-28-345443/model_weights.pth
It: 410, Loss: 1.421e-03, Loss_res: 1.722e-03,  Loss_bcs: 1.098e-05, Loss_ut_ics: 1.393e-01, lr: 1.000e-03, Time: 4.56e+02
Model state saved to ./results/models/checkpoints/schrodinger/qho/2025-09-19_21-56-28-345443/model.pth
Model state saved to ./results/models/checkpoints/schrodinger/qho/2025-09-19_21-56-28-345443/model_weights.pth
It: 411, Loss: 1.377e-03, Loss_res: 2.083e-03,  Loss_bcs: 4.414e-06, Loss_ut_ics: 1.351e-01, lr: 1.000e-03, Time: 4.57e+02
Model state saved to ./results/models/checkpoints/schrodinger/qho/2025-09-19_21-56-28-345443/model.pth
Model state saved to ./results/models/checkpoints/schrodinger/qho/2025-09-19_21-56-28-345443/model_weights.pth
It: 412, Loss: 1.372e-04, Loss_res: 3.458e-03,  Loss_bcs: 1.032e-06, Loss_ut_ics: 1.016e-02, lr: 1.000e-03, Time: 4.58e+02
Model state saved to ./results/models/checkpoints/schrodinger/qho/2025-09-19_21-56-28-345443/model.pth
Model state saved to ./results/models/checkpoints/schrodinger/qho/2025-09-19_21-56-28-345443/model_weights.pth
It: 413, Loss: 1.388e-04, Loss_res: 3.156e-03,  Loss_bcs: 3.285e-06, Loss_ut_ics: 1.040e-02, lr: 1.000e-03, Time: 4.59e+02
Model state saved to ./results/models/checkpoints/schrodinger/qho/2025-09-19_21-56-28-345443/model.pth
Model state saved to ./results/models/checkpoints/schrodinger/qho/2025-09-19_21-56-28-345443/model_weights.pth
It: 414, Loss: 2.590e-04, Loss_res: 4.320e-03,  Loss_bcs: 5.285e-06, Loss_ut_ics: 2.105e-02, lr: 1.000e-03, Time: 4.60e+02
Model state saved to ./results/models/checkpoints/schrodinger/qho/2025-09-19_21-56-28-345443/model.pth
Model state saved to ./results/models/checkpoints/schrodinger/qho/2025-09-19_21-56-28-345443/model_weights.pth
It: 415, Loss: 1.061e-04, Loss_res: 3.738e-03,  Loss_bcs: 2.251e-06, Loss_ut_ics: 6.649e-03, lr: 1.000e-03, Time: 4.62e+02
Model state saved to ./results/models/checkpoints/schrodinger/qho/2025-09-19_21-56-28-345443/model.pth
Model state saved to ./results/models/checkpoints/schrodinger/qho/2025-09-19_21-56-28-345443/model_weights.pth
It: 416, Loss: 3.387e-05, Loss_res: 2.588e-03,  Loss_bcs: 1.426e-06, Loss_ut_ics: 6.564e-04, lr: 1.000e-03, Time: 4.63e+02
Model state saved to ./results/models/checkpoints/schrodinger/qho/2025-09-19_21-56-28-345443/model.pth
Model state saved to ./results/models/checkpoints/schrodinger/qho/2025-09-19_21-56-28-345443/model_weights.pth
It: 417, Loss: 9.339e-04, Loss_res: 2.439e-03,  Loss_bcs: 2.265e-06, Loss_ut_ics: 9.072e-02, lr: 1.000e-03, Time: 4.64e+02
Model state saved to ./results/models/checkpoints/schrodinger/qho/2025-09-19_21-56-28-345443/model.pth
Model state saved to ./results/models/checkpoints/schrodinger/qho/2025-09-19_21-56-28-345443/model_weights.pth
It: 418, Loss: 2.529e-04, Loss_res: 2.392e-03,  Loss_bcs: 5.290e-06, Loss_ut_ics: 2.237e-02, lr: 1.000e-03, Time: 4.65e+02
Model state saved to ./results/models/checkpoints/schrodinger/qho/2025-09-19_21-56-28-345443/model.pth
Model state saved to ./results/models/checkpoints/schrodinger/qho/2025-09-19_21-56-28-345443/model_weights.pth
It: 419, Loss: 9.963e-04, Loss_res: 2.180e-03,  Loss_bcs: 1.089e-05, Loss_ut_ics: 9.636e-02, lr: 1.000e-03, Time: 4.66e+02
Model state saved to ./results/models/checkpoints/schrodinger/qho/2025-09-19_21-56-28-345443/model.pth
Model state saved to ./results/models/checkpoints/schrodinger/qho/2025-09-19_21-56-28-345443/model_weights.pth
It: 420, Loss: 3.369e-05, Loss_res: 2.275e-03,  Loss_bcs: 8.524e-06, Loss_ut_ics: 2.415e-04, lr: 1.000e-03, Time: 4.68e+02
Model state saved to ./results/models/checkpoints/schrodinger/qho/2025-09-19_21-56-28-345443/model.pth
Model state saved to ./results/models/checkpoints/schrodinger/qho/2025-09-19_21-56-28-345443/model_weights.pth
It: 421, Loss: 7.191e-04, Loss_res: 3.038e-03,  Loss_bcs: 4.086e-06, Loss_ut_ics: 6.846e-02, lr: 1.000e-03, Time: 4.69e+02
Model state saved to ./results/models/checkpoints/schrodinger/qho/2025-09-19_21-56-28-345443/model.pth
Model state saved to ./results/models/checkpoints/schrodinger/qho/2025-09-19_21-56-28-345443/model_weights.pth
It: 422, Loss: 1.199e-03, Loss_res: 1.553e-03,  Loss_bcs: 5.596e-07, Loss_ut_ics: 1.183e-01, lr: 1.000e-03, Time: 4.70e+02
Model state saved to ./results/models/checkpoints/schrodinger/qho/2025-09-19_21-56-28-345443/model.pth
Model state saved to ./results/models/checkpoints/schrodinger/qho/2025-09-19_21-56-28-345443/model_weights.pth
It: 423, Loss: 4.319e-04, Loss_res: 1.256e-02,  Loss_bcs: 2.427e-06, Loss_ut_ics: 3.039e-02, lr: 1.000e-03, Time: 4.71e+02
Model state saved to ./results/models/checkpoints/schrodinger/qho/2025-09-19_21-56-28-345443/model.pth
Model state saved to ./results/models/checkpoints/schrodinger/qho/2025-09-19_21-56-28-345443/model_weights.pth
It: 424, Loss: 2.791e-05, Loss_res: 2.249e-03,  Loss_bcs: 4.459e-06, Loss_ut_ics: 9.642e-05, lr: 1.000e-03, Time: 4.72e+02
Model state saved to ./results/models/checkpoints/schrodinger/qho/2025-09-19_21-56-28-345443/model.pth
Model state saved to ./results/models/checkpoints/schrodinger/qho/2025-09-19_21-56-28-345443/model_weights.pth
It: 425, Loss: 6.738e-05, Loss_res: 3.422e-03,  Loss_bcs: 4.653e-06, Loss_ut_ics: 2.850e-03, lr: 1.000e-03, Time: 4.74e+02
Model state saved to ./results/models/checkpoints/schrodinger/qho/2025-09-19_21-56-28-345443/model.pth
Model state saved to ./results/models/checkpoints/schrodinger/qho/2025-09-19_21-56-28-345443/model_weights.pth
It: 426, Loss: 1.732e-03, Loss_res: 7.196e-03,  Loss_bcs: 1.532e-06, Loss_ut_ics: 1.659e-01, lr: 1.000e-03, Time: 4.75e+02
Model state saved to ./results/models/checkpoints/schrodinger/qho/2025-09-19_21-56-28-345443/model.pth
Model state saved to ./results/models/checkpoints/schrodinger/qho/2025-09-19_21-56-28-345443/model_weights.pth
It: 427, Loss: 3.393e-04, Loss_res: 2.059e-03,  Loss_bcs: 1.429e-06, Loss_ut_ics: 3.173e-02, lr: 1.000e-03, Time: 4.76e+02
Model state saved to ./results/models/checkpoints/schrodinger/qho/2025-09-19_21-56-28-345443/model.pth
Model state saved to ./results/models/checkpoints/schrodinger/qho/2025-09-19_21-56-28-345443/model_weights.pth
It: 428, Loss: 1.387e-03, Loss_res: 3.013e-03,  Loss_bcs: 1.901e-06, Loss_ut_ics: 1.355e-01, lr: 1.000e-03, Time: 4.77e+02
Model state saved to ./results/models/checkpoints/schrodinger/qho/2025-09-19_21-56-28-345443/model.pth
Model state saved to ./results/models/checkpoints/schrodinger/qho/2025-09-19_21-56-28-345443/model_weights.pth
It: 429, Loss: 6.787e-04, Loss_res: 2.513e-03,  Loss_bcs: 3.202e-06, Loss_ut_ics: 6.504e-02, lr: 1.000e-03, Time: 4.78e+02
Model state saved to ./results/models/checkpoints/schrodinger/qho/2025-09-19_21-56-28-345443/model.pth
Model state saved to ./results/models/checkpoints/schrodinger/qho/2025-09-19_21-56-28-345443/model_weights.pth
It: 430, Loss: 2.081e-03, Loss_res: 2.170e-03,  Loss_bcs: 3.463e-06, Loss_ut_ics: 2.055e-01, lr: 1.000e-03, Time: 4.79e+02
Model state saved to ./results/models/checkpoints/schrodinger/qho/2025-09-19_21-56-28-345443/model.pth
Model state saved to ./results/models/checkpoints/schrodinger/qho/2025-09-19_21-56-28-345443/model_weights.pth
It: 431, Loss: 1.897e-04, Loss_res: 3.623e-03,  Loss_bcs: 1.094e-06, Loss_ut_ics: 1.524e-02, lr: 1.000e-03, Time: 4.80e+02
Model state saved to ./results/models/checkpoints/schrodinger/qho/2025-09-19_21-56-28-345443/model.pth
Model state saved to ./results/models/checkpoints/schrodinger/qho/2025-09-19_21-56-28-345443/model_weights.pth
It: 432, Loss: 8.386e-04, Loss_res: 3.718e-03,  Loss_bcs: 1.739e-06, Loss_ut_ics: 7.996e-02, lr: 1.000e-03, Time: 4.81e+02
Model state saved to ./results/models/checkpoints/schrodinger/qho/2025-09-19_21-56-28-345443/model.pth
Model state saved to ./results/models/checkpoints/schrodinger/qho/2025-09-19_21-56-28-345443/model_weights.pth
It: 433, Loss: 7.446e-04, Loss_res: 2.788e-03,  Loss_bcs: 1.212e-06, Loss_ut_ics: 7.155e-02, lr: 1.000e-03, Time: 4.83e+02
Model state saved to ./results/models/checkpoints/schrodinger/qho/2025-09-19_21-56-28-345443/model.pth
Model state saved to ./results/models/checkpoints/schrodinger/qho/2025-09-19_21-56-28-345443/model_weights.pth
It: 434, Loss: 2.173e-05, Loss_res: 1.822e-03,  Loss_bcs: 1.803e-06, Loss_ut_ics: 1.709e-04, lr: 1.000e-03, Time: 4.84e+02
Model state saved to ./results/models/checkpoints/schrodinger/qho/2025-09-19_21-56-28-345443/model.pth
Model state saved to ./results/models/checkpoints/schrodinger/qho/2025-09-19_21-56-28-345443/model_weights.pth
It: 435, Loss: 9.869e-04, Loss_res: 3.785e-03,  Loss_bcs: 1.463e-06, Loss_ut_ics: 9.476e-02, lr: 1.000e-03, Time: 4.85e+02
Model state saved to ./results/models/checkpoints/schrodinger/qho/2025-09-19_21-56-28-345443/model.pth
Model state saved to ./results/models/checkpoints/schrodinger/qho/2025-09-19_21-56-28-345443/model_weights.pth
It: 436, Loss: 1.375e-04, Loss_res: 4.225e-03,  Loss_bcs: 1.387e-06, Loss_ut_ics: 9.386e-03, lr: 1.000e-03, Time: 4.86e+02
Model state saved to ./results/models/checkpoints/schrodinger/qho/2025-09-19_21-56-28-345443/model.pth
Model state saved to ./results/models/checkpoints/schrodinger/qho/2025-09-19_21-56-28-345443/model_weights.pth
It: 437, Loss: 1.921e-03, Loss_res: 2.132e-03,  Loss_bcs: 3.292e-06, Loss_ut_ics: 1.897e-01, lr: 1.000e-03, Time: 4.87e+02
Model state saved to ./results/models/checkpoints/schrodinger/qho/2025-09-19_21-56-28-345443/model.pth
Model state saved to ./results/models/checkpoints/schrodinger/qho/2025-09-19_21-56-28-345443/model_weights.pth
It: 438, Loss: 3.379e-05, Loss_res: 2.941e-03,  Loss_bcs: 1.980e-06, Loss_ut_ics: 2.398e-04, lr: 1.000e-03, Time: 4.88e+02
Model state saved to ./results/models/checkpoints/schrodinger/qho/2025-09-19_21-56-28-345443/model.pth
Model state saved to ./results/models/checkpoints/schrodinger/qho/2025-09-19_21-56-28-345443/model_weights.pth
It: 439, Loss: 8.765e-04, Loss_res: 4.954e-03,  Loss_bcs: 1.599e-06, Loss_ut_ics: 8.254e-02, lr: 1.000e-03, Time: 4.89e+02
Model state saved to ./results/models/checkpoints/schrodinger/qho/2025-09-19_21-56-28-345443/model.pth
Model state saved to ./results/models/checkpoints/schrodinger/qho/2025-09-19_21-56-28-345443/model_weights.pth
It: 440, Loss: 2.271e-04, Loss_res: 3.554e-03,  Loss_bcs: 2.059e-06, Loss_ut_ics: 1.895e-02, lr: 1.000e-03, Time: 4.90e+02
Model state saved to ./results/models/checkpoints/schrodinger/qho/2025-09-19_21-56-28-345443/model.pth
Model state saved to ./results/models/checkpoints/schrodinger/qho/2025-09-19_21-56-28-345443/model_weights.pth
It: 441, Loss: 3.905e-05, Loss_res: 3.732e-03,  Loss_bcs: 1.278e-06, Loss_ut_ics: 4.497e-05, lr: 1.000e-03, Time: 4.91e+02
Model state saved to ./results/models/checkpoints/schrodinger/qho/2025-09-19_21-56-28-345443/model.pth
Model state saved to ./results/models/checkpoints/schrodinger/qho/2025-09-19_21-56-28-345443/model_weights.pth
It: 442, Loss: 9.992e-04, Loss_res: 2.229e-03,  Loss_bcs: 1.968e-06, Loss_ut_ics: 9.750e-02, lr: 1.000e-03, Time: 4.92e+02
Model state saved to ./results/models/checkpoints/schrodinger/qho/2025-09-19_21-56-28-345443/model.pth
Model state saved to ./results/models/checkpoints/schrodinger/qho/2025-09-19_21-56-28-345443/model_weights.pth
It: 443, Loss: 1.066e-04, Loss_res: 5.086e-03,  Loss_bcs: 2.225e-06, Loss_ut_ics: 5.347e-03, lr: 1.000e-03, Time: 4.93e+02
Model state saved to ./results/models/checkpoints/schrodinger/qho/2025-09-19_21-56-28-345443/model.pth
Model state saved to ./results/models/checkpoints/schrodinger/qho/2025-09-19_21-56-28-345443/model_weights.pth
It: 444, Loss: 1.689e-03, Loss_res: 3.619e-03,  Loss_bcs: 1.516e-06, Loss_ut_ics: 1.652e-01, lr: 1.000e-03, Time: 4.95e+02
Model state saved to ./results/models/checkpoints/schrodinger/qho/2025-09-19_21-56-28-345443/model.pth
Model state saved to ./results/models/checkpoints/schrodinger/qho/2025-09-19_21-56-28-345443/model_weights.pth
It: 445, Loss: 5.918e-04, Loss_res: 1.353e-02,  Loss_bcs: 1.206e-06, Loss_ut_ics: 4.553e-02, lr: 1.000e-03, Time: 4.96e+02
Model state saved to ./results/models/checkpoints/schrodinger/qho/2025-09-19_21-56-28-345443/model.pth
Model state saved to ./results/models/checkpoints/schrodinger/qho/2025-09-19_21-56-28-345443/model_weights.pth
It: 446, Loss: 6.880e-04, Loss_res: 4.098e-03,  Loss_bcs: 1.796e-06, Loss_ut_ics: 6.452e-02, lr: 1.000e-03, Time: 4.97e+02
Model state saved to ./results/models/checkpoints/schrodinger/qho/2025-09-19_21-56-28-345443/model.pth
Model state saved to ./results/models/checkpoints/schrodinger/qho/2025-09-19_21-56-28-345443/model_weights.pth
It: 447, Loss: 1.558e-03, Loss_res: 5.110e-03,  Loss_bcs: 1.709e-06, Loss_ut_ics: 1.506e-01, lr: 1.000e-03, Time: 4.98e+02
Model state saved to ./results/models/checkpoints/schrodinger/qho/2025-09-19_21-56-28-345443/model.pth
Model state saved to ./results/models/checkpoints/schrodinger/qho/2025-09-19_21-56-28-345443/model_weights.pth
It: 448, Loss: 7.770e-04, Loss_res: 5.850e-03,  Loss_bcs: 1.218e-06, Loss_ut_ics: 7.172e-02, lr: 1.000e-03, Time: 4.99e+02
Model state saved to ./results/models/checkpoints/schrodinger/qho/2025-09-19_21-56-28-345443/model.pth
Model state saved to ./results/models/checkpoints/schrodinger/qho/2025-09-19_21-56-28-345443/model_weights.pth
It: 449, Loss: 9.851e-04, Loss_res: 3.391e-03,  Loss_bcs: 1.016e-06, Loss_ut_ics: 9.502e-02, lr: 1.000e-03, Time: 5.00e+02
Model state saved to ./results/models/checkpoints/schrodinger/qho/2025-09-19_21-56-28-345443/model.pth
Model state saved to ./results/models/checkpoints/schrodinger/qho/2025-09-19_21-56-28-345443/model_weights.pth
It: 450, Loss: 5.810e-05, Loss_res: 5.611e-03,  Loss_bcs: 1.304e-06, Loss_ut_ics: 6.853e-05, lr: 1.000e-03, Time: 5.01e+02
Model state saved to ./results/models/checkpoints/schrodinger/qho/2025-09-19_21-56-28-345443/model.pth
Model state saved to ./results/models/checkpoints/schrodinger/qho/2025-09-19_21-56-28-345443/model_weights.pth
It: 451, Loss: 3.569e-04, Loss_res: 3.113e-03,  Loss_bcs: 1.683e-06, Loss_ut_ics: 3.241e-02, lr: 1.000e-03, Time: 5.02e+02
Model state saved to ./results/models/checkpoints/schrodinger/qho/2025-09-19_21-56-28-345443/model.pth
Model state saved to ./results/models/checkpoints/schrodinger/qho/2025-09-19_21-56-28-345443/model_weights.pth
It: 452, Loss: 2.460e-03, Loss_res: 4.621e-03,  Loss_bcs: 3.633e-06, Loss_ut_ics: 2.410e-01, lr: 1.000e-03, Time: 5.03e+02
Model state saved to ./results/models/checkpoints/schrodinger/qho/2025-09-19_21-56-28-345443/model.pth
Model state saved to ./results/models/checkpoints/schrodinger/qho/2025-09-19_21-56-28-345443/model_weights.pth
It: 453, Loss: 1.164e-03, Loss_res: 1.173e-02,  Loss_bcs: 1.009e-06, Loss_ut_ics: 1.046e-01, lr: 1.000e-03, Time: 5.04e+02
Model state saved to ./results/models/checkpoints/schrodinger/qho/2025-09-19_21-56-28-345443/model.pth
Model state saved to ./results/models/checkpoints/schrodinger/qho/2025-09-19_21-56-28-345443/model_weights.pth
It: 454, Loss: 1.178e-04, Loss_res: 5.713e-03,  Loss_bcs: 1.232e-06, Loss_ut_ics: 5.940e-03, lr: 1.000e-03, Time: 5.06e+02
Model state saved to ./results/models/checkpoints/schrodinger/qho/2025-09-19_21-56-28-345443/model.pth
Model state saved to ./results/models/checkpoints/schrodinger/qho/2025-09-19_21-56-28-345443/model_weights.pth
It: 455, Loss: 3.200e-04, Loss_res: 4.297e-03,  Loss_bcs: 1.634e-06, Loss_ut_ics: 2.754e-02, lr: 1.000e-03, Time: 5.07e+02
Model state saved to ./results/models/checkpoints/schrodinger/qho/2025-09-19_21-56-28-345443/model.pth
Model state saved to ./results/models/checkpoints/schrodinger/qho/2025-09-19_21-56-28-345443/model_weights.pth
It: 456, Loss: 9.465e-04, Loss_res: 3.612e-03,  Loss_bcs: 1.796e-06, Loss_ut_ics: 9.086e-02, lr: 1.000e-03, Time: 5.08e+02
Model state saved to ./results/models/checkpoints/schrodinger/qho/2025-09-19_21-56-28-345443/model.pth
Model state saved to ./results/models/checkpoints/schrodinger/qho/2025-09-19_21-56-28-345443/model_weights.pth
It: 457, Loss: 5.889e-05, Loss_res: 5.669e-03,  Loss_bcs: 1.340e-06, Loss_ut_ics: 8.564e-05, lr: 1.000e-03, Time: 5.09e+02
Model state saved to ./results/models/checkpoints/schrodinger/qho/2025-09-19_21-56-28-345443/model.pth
Model state saved to ./results/models/checkpoints/schrodinger/qho/2025-09-19_21-56-28-345443/model_weights.pth
It: 458, Loss: 2.308e-03, Loss_res: 2.677e-03,  Loss_bcs: 2.695e-06, Loss_ut_ics: 2.278e-01, lr: 1.000e-03, Time: 5.10e+02
Model state saved to ./results/models/checkpoints/schrodinger/qho/2025-09-19_21-56-28-345443/model.pth
Model state saved to ./results/models/checkpoints/schrodinger/qho/2025-09-19_21-56-28-345443/model_weights.pth
It: 459, Loss: 1.040e-03, Loss_res: 2.303e-03,  Loss_bcs: 1.336e-06, Loss_ut_ics: 1.015e-01, lr: 1.000e-03, Time: 5.11e+02
Model state saved to ./results/models/checkpoints/schrodinger/qho/2025-09-19_21-56-28-345443/model.pth
Model state saved to ./results/models/checkpoints/schrodinger/qho/2025-09-19_21-56-28-345443/model_weights.pth
It: 460, Loss: 4.745e-05, Loss_res: 3.879e-03,  Loss_bcs: 1.846e-06, Loss_ut_ics: 6.810e-04, lr: 1.000e-03, Time: 5.12e+02
Model state saved to ./results/models/checkpoints/schrodinger/qho/2025-09-19_21-56-28-345443/model.pth
Model state saved to ./results/models/checkpoints/schrodinger/qho/2025-09-19_21-56-28-345443/model_weights.pth
It: 461, Loss: 5.307e-04, Loss_res: 4.353e-03,  Loss_bcs: 1.465e-06, Loss_ut_ics: 4.857e-02, lr: 1.000e-03, Time: 5.13e+02
Model state saved to ./results/models/checkpoints/schrodinger/qho/2025-09-19_21-56-28-345443/model.pth
Model state saved to ./results/models/checkpoints/schrodinger/qho/2025-09-19_21-56-28-345443/model_weights.pth
It: 462, Loss: 8.788e-04, Loss_res: 5.315e-03,  Loss_bcs: 2.077e-06, Loss_ut_ics: 8.236e-02, lr: 1.000e-03, Time: 5.14e+02
Model state saved to ./results/models/checkpoints/schrodinger/qho/2025-09-19_21-56-28-345443/model.pth
Model state saved to ./results/models/checkpoints/schrodinger/qho/2025-09-19_21-56-28-345443/model_weights.pth
It: 463, Loss: 4.732e-05, Loss_res: 4.481e-03,  Loss_bcs: 1.672e-06, Loss_ut_ics: 8.363e-05, lr: 1.000e-03, Time: 5.15e+02
Model state saved to ./results/models/checkpoints/schrodinger/qho/2025-09-19_21-56-28-345443/model.pth
Model state saved to ./results/models/checkpoints/schrodinger/qho/2025-09-19_21-56-28-345443/model_weights.pth
It: 464, Loss: 9.394e-04, Loss_res: 5.584e-03,  Loss_bcs: 4.081e-06, Loss_ut_ics: 8.795e-02, lr: 1.000e-03, Time: 5.16e+02
Model state saved to ./results/models/checkpoints/schrodinger/qho/2025-09-19_21-56-28-345443/model.pth
Model state saved to ./results/models/checkpoints/schrodinger/qho/2025-09-19_21-56-28-345443/model_weights.pth
It: 465, Loss: 2.448e-03, Loss_res: 5.552e-03,  Loss_bcs: 3.752e-06, Loss_ut_ics: 2.389e-01, lr: 1.000e-03, Time: 5.18e+02
Model state saved to ./results/models/checkpoints/schrodinger/qho/2025-09-19_21-56-28-345443/model.pth
Model state saved to ./results/models/checkpoints/schrodinger/qho/2025-09-19_21-56-28-345443/model_weights.pth
It: 466, Loss: 2.342e-03, Loss_res: 5.255e-03,  Loss_bcs: 1.609e-06, Loss_ut_ics: 2.288e-01, lr: 1.000e-03, Time: 5.19e+02
Model state saved to ./results/models/checkpoints/schrodinger/qho/2025-09-19_21-56-28-345443/model.pth
Model state saved to ./results/models/checkpoints/schrodinger/qho/2025-09-19_21-56-28-345443/model_weights.pth
It: 467, Loss: 4.820e-05, Loss_res: 4.355e-03,  Loss_bcs: 3.235e-06, Loss_ut_ics: 1.411e-04, lr: 1.000e-03, Time: 5.20e+02
Model state saved to ./results/models/checkpoints/schrodinger/qho/2025-09-19_21-56-28-345443/model.pth
Model state saved to ./results/models/checkpoints/schrodinger/qho/2025-09-19_21-56-28-345443/model_weights.pth
It: 468, Loss: 1.821e-04, Loss_res: 2.724e-03,  Loss_bcs: 5.467e-06, Loss_ut_ics: 1.494e-02, lr: 1.000e-03, Time: 5.21e+02
Model state saved to ./results/models/checkpoints/schrodinger/qho/2025-09-19_21-56-28-345443/model.pth
Model state saved to ./results/models/checkpoints/schrodinger/qho/2025-09-19_21-56-28-345443/model_weights.pth
It: 469, Loss: 1.595e-04, Loss_res: 9.547e-03,  Loss_bcs: 2.437e-06, Loss_ut_ics: 6.157e-03, lr: 1.000e-03, Time: 5.22e+02
Model state saved to ./results/models/checkpoints/schrodinger/qho/2025-09-19_21-56-28-345443/model.pth
Model state saved to ./results/models/checkpoints/schrodinger/qho/2025-09-19_21-56-28-345443/model_weights.pth
It: 470, Loss: 2.564e-03, Loss_res: 8.013e-03,  Loss_bcs: 1.231e-06, Loss_ut_ics: 2.483e-01, lr: 1.000e-03, Time: 5.23e+02
Model state saved to ./results/models/checkpoints/schrodinger/qho/2025-09-19_21-56-28-345443/model.pth
Model state saved to ./results/models/checkpoints/schrodinger/qho/2025-09-19_21-56-28-345443/model_weights.pth
It: 471, Loss: 1.598e-04, Loss_res: 4.755e-03,  Loss_bcs: 2.331e-06, Loss_ut_ics: 1.099e-02, lr: 1.000e-03, Time: 5.24e+02
Model state saved to ./results/models/checkpoints/schrodinger/qho/2025-09-19_21-56-28-345443/model.pth
Model state saved to ./results/models/checkpoints/schrodinger/qho/2025-09-19_21-56-28-345443/model_weights.pth
It: 472, Loss: 9.404e-04, Loss_res: 4.537e-03,  Loss_bcs: 5.056e-06, Loss_ut_ics: 8.900e-02, lr: 1.000e-03, Time: 5.25e+02
Model state saved to ./results/models/checkpoints/schrodinger/qho/2025-09-19_21-56-28-345443/model.pth
Model state saved to ./results/models/checkpoints/schrodinger/qho/2025-09-19_21-56-28-345443/model_weights.pth
It: 473, Loss: 1.796e-03, Loss_res: 5.342e-03,  Loss_bcs: 9.328e-06, Loss_ut_ics: 1.734e-01, lr: 1.000e-03, Time: 5.26e+02
Model state saved to ./results/models/checkpoints/schrodinger/qho/2025-09-19_21-56-28-345443/model.pth
Model state saved to ./results/models/checkpoints/schrodinger/qho/2025-09-19_21-56-28-345443/model_weights.pth
It: 474, Loss: 4.937e-04, Loss_res: 5.030e-03,  Loss_bcs: 7.062e-06, Loss_ut_ics: 4.364e-02, lr: 1.000e-03, Time: 5.27e+02
Model state saved to ./results/models/checkpoints/schrodinger/qho/2025-09-19_21-56-28-345443/model.pth
Model state saved to ./results/models/checkpoints/schrodinger/qho/2025-09-19_21-56-28-345443/model_weights.pth
It: 475, Loss: 4.482e-04, Loss_res: 3.916e-03,  Loss_bcs: 4.171e-06, Loss_ut_ics: 4.049e-02, lr: 1.000e-03, Time: 5.28e+02
Model state saved to ./results/models/checkpoints/schrodinger/qho/2025-09-19_21-56-28-345443/model.pth
Model state saved to ./results/models/checkpoints/schrodinger/qho/2025-09-19_21-56-28-345443/model_weights.pth
It: 476, Loss: 6.594e-05, Loss_res: 5.300e-03,  Loss_bcs: 1.836e-06, Loss_ut_ics: 1.110e-03, lr: 1.000e-03, Time: 5.30e+02
Model state saved to ./results/models/checkpoints/schrodinger/qho/2025-09-19_21-56-28-345443/model.pth
Model state saved to ./results/models/checkpoints/schrodinger/qho/2025-09-19_21-56-28-345443/model_weights.pth
It: 477, Loss: 1.551e-03, Loss_res: 1.779e-02,  Loss_bcs: 1.588e-06, Loss_ut_ics: 1.372e-01, lr: 1.000e-03, Time: 5.31e+02
Model state saved to ./results/models/checkpoints/schrodinger/qho/2025-09-19_21-56-28-345443/model.pth
Model state saved to ./results/models/checkpoints/schrodinger/qho/2025-09-19_21-56-28-345443/model_weights.pth
It: 478, Loss: 1.526e-04, Loss_res: 9.214e-03,  Loss_bcs: 1.464e-06, Loss_ut_ics: 5.901e-03, lr: 1.000e-03, Time: 5.32e+02
Model state saved to ./results/models/checkpoints/schrodinger/qho/2025-09-19_21-56-28-345443/model.pth
Model state saved to ./results/models/checkpoints/schrodinger/qho/2025-09-19_21-56-28-345443/model_weights.pth
It: 479, Loss: 1.699e-03, Loss_res: 4.720e-03,  Loss_bcs: 1.590e-06, Loss_ut_ics: 1.651e-01, lr: 1.000e-03, Time: 5.33e+02
Model state saved to ./results/models/checkpoints/schrodinger/qho/2025-09-19_21-56-28-345443/model.pth
Model state saved to ./results/models/checkpoints/schrodinger/qho/2025-09-19_21-56-28-345443/model_weights.pth
It: 480, Loss: 7.687e-04, Loss_res: 4.066e-03,  Loss_bcs: 2.370e-06, Loss_ut_ics: 7.256e-02, lr: 1.000e-03, Time: 5.34e+02
Model state saved to ./results/models/checkpoints/schrodinger/qho/2025-09-19_21-56-28-345443/model.pth
Model state saved to ./results/models/checkpoints/schrodinger/qho/2025-09-19_21-56-28-345443/model_weights.pth
It: 481, Loss: 1.478e-03, Loss_res: 6.006e-03,  Loss_bcs: 2.062e-06, Loss_ut_ics: 1.415e-01, lr: 1.000e-03, Time: 5.35e+02
Model state saved to ./results/models/checkpoints/schrodinger/qho/2025-09-19_21-56-28-345443/model.pth
Model state saved to ./results/models/checkpoints/schrodinger/qho/2025-09-19_21-56-28-345443/model_weights.pth
It: 482, Loss: 2.185e-03, Loss_res: 3.698e-03,  Loss_bcs: 2.107e-06, Loss_ut_ics: 2.146e-01, lr: 1.000e-03, Time: 5.36e+02
Model state saved to ./results/models/checkpoints/schrodinger/qho/2025-09-19_21-56-28-345443/model.pth
Model state saved to ./results/models/checkpoints/schrodinger/qho/2025-09-19_21-56-28-345443/model_weights.pth
It: 483, Loss: 1.655e-03, Loss_res: 5.081e-03,  Loss_bcs: 1.145e-06, Loss_ut_ics: 1.603e-01, lr: 1.000e-03, Time: 5.37e+02
Model state saved to ./results/models/checkpoints/schrodinger/qho/2025-09-19_21-56-28-345443/model.pth
Model state saved to ./results/models/checkpoints/schrodinger/qho/2025-09-19_21-56-28-345443/model_weights.pth
It: 484, Loss: 2.661e-04, Loss_res: 1.762e-03,  Loss_bcs: 1.184e-06, Loss_ut_ics: 2.473e-02, lr: 1.000e-03, Time: 5.38e+02
Model state saved to ./results/models/checkpoints/schrodinger/qho/2025-09-19_21-56-28-345443/model.pth
Model state saved to ./results/models/checkpoints/schrodinger/qho/2025-09-19_21-56-28-345443/model_weights.pth
It: 485, Loss: 3.570e-04, Loss_res: 4.704e-03,  Loss_bcs: 1.128e-06, Loss_ut_ics: 3.088e-02, lr: 1.000e-03, Time: 5.39e+02
Model state saved to ./results/models/checkpoints/schrodinger/qho/2025-09-19_21-56-28-345443/model.pth
Model state saved to ./results/models/checkpoints/schrodinger/qho/2025-09-19_21-56-28-345443/model_weights.pth
It: 486, Loss: 1.676e-03, Loss_res: 9.035e-03,  Loss_bcs: 1.684e-06, Loss_ut_ics: 1.584e-01, lr: 1.000e-03, Time: 5.40e+02
Model state saved to ./results/models/checkpoints/schrodinger/qho/2025-09-19_21-56-28-345443/model.pth
Model state saved to ./results/models/checkpoints/schrodinger/qho/2025-09-19_21-56-28-345443/model_weights.pth
It: 487, Loss: 9.073e-04, Loss_res: 4.424e-03,  Loss_bcs: 2.035e-06, Loss_ut_ics: 8.610e-02, lr: 1.000e-03, Time: 5.42e+02
Model state saved to ./results/models/checkpoints/schrodinger/qho/2025-09-19_21-56-28-345443/model.pth
Model state saved to ./results/models/checkpoints/schrodinger/qho/2025-09-19_21-56-28-345443/model_weights.pth
It: 488, Loss: 6.059e-05, Loss_res: 5.870e-03,  Loss_bcs: 1.374e-06, Loss_ut_ics: 5.119e-05, lr: 1.000e-03, Time: 5.43e+02
Model state saved to ./results/models/checkpoints/schrodinger/qho/2025-09-19_21-56-28-345443/model.pth
Model state saved to ./results/models/checkpoints/schrodinger/qho/2025-09-19_21-56-28-345443/model_weights.pth
It: 489, Loss: 1.481e-03, Loss_res: 1.377e-03,  Loss_bcs: 2.207e-06, Loss_ut_ics: 1.465e-01, lr: 1.000e-03, Time: 5.44e+02
Model state saved to ./results/models/checkpoints/schrodinger/qho/2025-09-19_21-56-28-345443/model.pth
Model state saved to ./results/models/checkpoints/schrodinger/qho/2025-09-19_21-56-28-345443/model_weights.pth
It: 490, Loss: 2.255e-03, Loss_res: 4.646e-03,  Loss_bcs: 1.833e-06, Loss_ut_ics: 2.207e-01, lr: 1.000e-03, Time: 5.45e+02
Model state saved to ./results/models/checkpoints/schrodinger/qho/2025-09-19_21-56-28-345443/model.pth
Model state saved to ./results/models/checkpoints/schrodinger/qho/2025-09-19_21-56-28-345443/model_weights.pth
It: 491, Loss: 3.359e-05, Loss_res: 3.169e-03,  Loss_bcs: 1.493e-06, Loss_ut_ics: 3.999e-05, lr: 1.000e-03, Time: 5.46e+02
Model state saved to ./results/models/checkpoints/schrodinger/qho/2025-09-19_21-56-28-345443/model.pth
Model state saved to ./results/models/checkpoints/schrodinger/qho/2025-09-19_21-56-28-345443/model_weights.pth
It: 492, Loss: 4.241e-05, Loss_res: 4.056e-03,  Loss_bcs: 1.143e-06, Loss_ut_ics: 7.094e-05, lr: 1.000e-03, Time: 5.47e+02
Model state saved to ./results/models/checkpoints/schrodinger/qho/2025-09-19_21-56-28-345443/model.pth
Model state saved to ./results/models/checkpoints/schrodinger/qho/2025-09-19_21-56-28-345443/model_weights.pth
It: 493, Loss: 1.089e-03, Loss_res: 2.021e-03,  Loss_bcs: 1.042e-06, Loss_ut_ics: 1.067e-01, lr: 1.000e-03, Time: 5.48e+02
Model state saved to ./results/models/checkpoints/schrodinger/qho/2025-09-19_21-56-28-345443/model.pth
Model state saved to ./results/models/checkpoints/schrodinger/qho/2025-09-19_21-56-28-345443/model_weights.pth
It: 494, Loss: 3.099e-04, Loss_res: 3.977e-03,  Loss_bcs: 8.158e-07, Loss_ut_ics: 2.693e-02, lr: 1.000e-03, Time: 5.49e+02
Model state saved to ./results/models/checkpoints/schrodinger/qho/2025-09-19_21-56-28-345443/model.pth
Model state saved to ./results/models/checkpoints/schrodinger/qho/2025-09-19_21-56-28-345443/model_weights.pth
It: 495, Loss: 1.125e-03, Loss_res: 5.419e-03,  Loss_bcs: 1.405e-06, Loss_ut_ics: 1.069e-01, lr: 1.000e-03, Time: 5.50e+02
Model state saved to ./results/models/checkpoints/schrodinger/qho/2025-09-19_21-56-28-345443/model.pth
Model state saved to ./results/models/checkpoints/schrodinger/qho/2025-09-19_21-56-28-345443/model_weights.pth
It: 496, Loss: 1.902e-03, Loss_res: 5.828e-03,  Loss_bcs: 1.246e-06, Loss_ut_ics: 1.842e-01, lr: 1.000e-03, Time: 5.51e+02
Model state saved to ./results/models/checkpoints/schrodinger/qho/2025-09-19_21-56-28-345443/model.pth
Model state saved to ./results/models/checkpoints/schrodinger/qho/2025-09-19_21-56-28-345443/model_weights.pth
It: 497, Loss: 1.301e-03, Loss_res: 3.920e-03,  Loss_bcs: 9.297e-07, Loss_ut_ics: 1.261e-01, lr: 1.000e-03, Time: 5.53e+02
Model state saved to ./results/models/checkpoints/schrodinger/qho/2025-09-19_21-56-28-345443/model.pth
Model state saved to ./results/models/checkpoints/schrodinger/qho/2025-09-19_21-56-28-345443/model_weights.pth
It: 498, Loss: 5.825e-05, Loss_res: 5.534e-03,  Loss_bcs: 1.267e-06, Loss_ut_ics: 1.650e-04, lr: 1.000e-03, Time: 5.54e+02
Model state saved to ./results/models/checkpoints/schrodinger/qho/2025-09-19_21-56-28-345443/model.pth
Model state saved to ./results/models/checkpoints/schrodinger/qho/2025-09-19_21-56-28-345443/model_weights.pth
It: 499, Loss: 8.146e-04, Loss_res: 5.647e-03,  Loss_bcs: 9.746e-07, Loss_ut_ics: 7.571e-02, lr: 1.000e-03, Time: 5.55e+02
Model state saved to ./results/models/checkpoints/schrodinger/qho/2025-09-19_21-56-28-345443/model.pth
Model state saved to ./results/models/checkpoints/schrodinger/qho/2025-09-19_21-56-28-345443/model_weights.pth
It: 500, Loss: 5.510e-04, Loss_res: 5.478e-02,  Loss_bcs: 1.321e-06, Loss_ut_ics: 1.923e-04, lr: 1.000e-03, Time: 5.56e+02
Model state saved to ./results/models/checkpoints/schrodinger/qho/2025-09-19_21-56-28-345443/model.pth
Model state saved to ./results/models/checkpoints/schrodinger/qho/2025-09-19_21-56-28-345443/model_weights.pth
It: 501, Loss: 6.094e-04, Loss_res: 5.358e-03,  Loss_bcs: 1.593e-06, Loss_ut_ics: 5.542e-02, lr: 1.000e-03, Time: 5.57e+02
Model state saved to ./results/models/checkpoints/schrodinger/qho/2025-09-19_21-56-28-345443/model.pth
Model state saved to ./results/models/checkpoints/schrodinger/qho/2025-09-19_21-56-28-345443/model_weights.pth
It: 502, Loss: 1.032e-03, Loss_res: 5.674e-03,  Loss_bcs: 2.519e-06, Loss_ut_ics: 9.727e-02, lr: 1.000e-03, Time: 5.58e+02
Model state saved to ./results/models/checkpoints/schrodinger/qho/2025-09-19_21-56-28-345443/model.pth
Model state saved to ./results/models/checkpoints/schrodinger/qho/2025-09-19_21-56-28-345443/model_weights.pth
It: 503, Loss: 1.898e-04, Loss_res: 4.404e-03,  Loss_bcs: 2.159e-06, Loss_ut_ics: 1.436e-02, lr: 1.000e-03, Time: 5.59e+02
Model state saved to ./results/models/checkpoints/schrodinger/qho/2025-09-19_21-56-28-345443/model.pth
Model state saved to ./results/models/checkpoints/schrodinger/qho/2025-09-19_21-56-28-345443/model_weights.pth
It: 504, Loss: 9.009e-04, Loss_res: 1.905e-03,  Loss_bcs: 2.308e-06, Loss_ut_ics: 8.795e-02, lr: 1.000e-03, Time: 5.60e+02
Model state saved to ./results/models/checkpoints/schrodinger/qho/2025-09-19_21-56-28-345443/model.pth
Model state saved to ./results/models/checkpoints/schrodinger/qho/2025-09-19_21-56-28-345443/model_weights.pth
It: 505, Loss: 5.083e-05, Loss_res: 3.333e-03,  Loss_bcs: 3.275e-06, Loss_ut_ics: 1.422e-03, lr: 1.000e-03, Time: 5.61e+02
Model state saved to ./results/models/checkpoints/schrodinger/qho/2025-09-19_21-56-28-345443/model.pth
Model state saved to ./results/models/checkpoints/schrodinger/qho/2025-09-19_21-56-28-345443/model_weights.pth
It: 506, Loss: 4.458e-05, Loss_res: 3.992e-03,  Loss_bcs: 2.788e-06, Loss_ut_ics: 1.876e-04, lr: 1.000e-03, Time: 5.62e+02
Model state saved to ./results/models/checkpoints/schrodinger/qho/2025-09-19_21-56-28-345443/model.pth
Model state saved to ./results/models/checkpoints/schrodinger/qho/2025-09-19_21-56-28-345443/model_weights.pth
It: 507, Loss: 3.399e-04, Loss_res: 5.985e-03,  Loss_bcs: 5.001e-06, Loss_ut_ics: 2.750e-02, lr: 1.000e-03, Time: 5.63e+02
Model state saved to ./results/models/checkpoints/schrodinger/qho/2025-09-19_21-56-28-345443/model.pth
Model state saved to ./results/models/checkpoints/schrodinger/qho/2025-09-19_21-56-28-345443/model_weights.pth
It: 508, Loss: 9.783e-04, Loss_res: 4.290e-03,  Loss_bcs: 4.831e-06, Loss_ut_ics: 9.305e-02, lr: 1.000e-03, Time: 5.65e+02
Model state saved to ./results/models/checkpoints/schrodinger/qho/2025-09-19_21-56-28-345443/model.pth
Model state saved to ./results/models/checkpoints/schrodinger/qho/2025-09-19_21-56-28-345443/model_weights.pth
It: 509, Loss: 1.681e-04, Loss_res: 5.145e-03,  Loss_bcs: 3.236e-06, Loss_ut_ics: 1.135e-02, lr: 1.000e-03, Time: 5.66e+02
Model state saved to ./results/models/checkpoints/schrodinger/qho/2025-09-19_21-56-28-345443/model.pth
Model state saved to ./results/models/checkpoints/schrodinger/qho/2025-09-19_21-56-28-345443/model_weights.pth
It: 510, Loss: 8.683e-04, Loss_res: 9.231e-03,  Loss_bcs: 2.144e-06, Loss_ut_ics: 7.738e-02, lr: 1.000e-03, Time: 5.67e+02
Model state saved to ./results/models/checkpoints/schrodinger/qho/2025-09-19_21-56-28-345443/model.pth
Model state saved to ./results/models/checkpoints/schrodinger/qho/2025-09-19_21-56-28-345443/model_weights.pth
It: 511, Loss: 5.889e-04, Loss_res: 1.869e-02,  Loss_bcs: 1.245e-06, Loss_ut_ics: 4.008e-02, lr: 1.000e-03, Time: 5.68e+02
Model state saved to ./results/models/checkpoints/schrodinger/qho/2025-09-19_21-56-28-345443/model.pth
Model state saved to ./results/models/checkpoints/schrodinger/qho/2025-09-19_21-56-28-345443/model_weights.pth
It: 512, Loss: 7.746e-04, Loss_res: 3.409e-03,  Loss_bcs: 2.042e-06, Loss_ut_ics: 7.385e-02, lr: 1.000e-03, Time: 5.69e+02
Model state saved to ./results/models/checkpoints/schrodinger/qho/2025-09-19_21-56-28-345443/model.pth
Model state saved to ./results/models/checkpoints/schrodinger/qho/2025-09-19_21-56-28-345443/model_weights.pth
It: 513, Loss: 2.195e-04, Loss_res: 6.619e-03,  Loss_bcs: 2.242e-06, Loss_ut_ics: 1.511e-02, lr: 1.000e-03, Time: 5.70e+02
Model state saved to ./results/models/checkpoints/schrodinger/qho/2025-09-19_21-56-28-345443/model.pth
Model state saved to ./results/models/checkpoints/schrodinger/qho/2025-09-19_21-56-28-345443/model_weights.pth
It: 514, Loss: 9.774e-04, Loss_res: 5.176e-03,  Loss_bcs: 2.505e-06, Loss_ut_ics: 9.231e-02, lr: 1.000e-03, Time: 5.71e+02
Model state saved to ./results/models/checkpoints/schrodinger/qho/2025-09-19_21-56-28-345443/model.pth
Model state saved to ./results/models/checkpoints/schrodinger/qho/2025-09-19_21-56-28-345443/model_weights.pth
It: 515, Loss: 5.174e-04, Loss_res: 3.717e-03,  Loss_bcs: 1.945e-06, Loss_ut_ics: 4.782e-02, lr: 1.000e-03, Time: 5.72e+02
Model state saved to ./results/models/checkpoints/schrodinger/qho/2025-09-19_21-56-28-345443/model.pth
Model state saved to ./results/models/checkpoints/schrodinger/qho/2025-09-19_21-56-28-345443/model_weights.pth
It: 516, Loss: 1.361e-03, Loss_res: 5.024e-03,  Loss_bcs: 3.342e-06, Loss_ut_ics: 1.308e-01, lr: 1.000e-03, Time: 5.73e+02
Model state saved to ./results/models/checkpoints/schrodinger/qho/2025-09-19_21-56-28-345443/model.pth
Model state saved to ./results/models/checkpoints/schrodinger/qho/2025-09-19_21-56-28-345443/model_weights.pth
It: 517, Loss: 2.199e-03, Loss_res: 4.359e-03,  Loss_bcs: 3.192e-06, Loss_ut_ics: 2.152e-01, lr: 1.000e-03, Time: 5.74e+02
Model state saved to ./results/models/checkpoints/schrodinger/qho/2025-09-19_21-56-28-345443/model.pth
Model state saved to ./results/models/checkpoints/schrodinger/qho/2025-09-19_21-56-28-345443/model_weights.pth
It: 518, Loss: 1.422e-03, Loss_res: 4.646e-03,  Loss_bcs: 2.420e-06, Loss_ut_ics: 1.373e-01, lr: 1.000e-03, Time: 5.75e+02
Model state saved to ./results/models/checkpoints/schrodinger/qho/2025-09-19_21-56-28-345443/model.pth
Model state saved to ./results/models/checkpoints/schrodinger/qho/2025-09-19_21-56-28-345443/model_weights.pth
It: 519, Loss: 3.429e-04, Loss_res: 4.713e-03,  Loss_bcs: 4.537e-06, Loss_ut_ics: 2.912e-02, lr: 1.000e-03, Time: 5.76e+02
Model state saved to ./results/models/checkpoints/schrodinger/qho/2025-09-19_21-56-28-345443/model.pth
Model state saved to ./results/models/checkpoints/schrodinger/qho/2025-09-19_21-56-28-345443/model_weights.pth
It: 520, Loss: 9.775e-04, Loss_res: 6.008e-03,  Loss_bcs: 2.423e-06, Loss_ut_ics: 9.149e-02, lr: 1.000e-03, Time: 5.78e+02
Model state saved to ./results/models/checkpoints/schrodinger/qho/2025-09-19_21-56-28-345443/model.pth
Model state saved to ./results/models/checkpoints/schrodinger/qho/2025-09-19_21-56-28-345443/model_weights.pth
It: 521, Loss: 2.275e-03, Loss_res: 6.564e-03,  Loss_bcs: 2.600e-06, Loss_ut_ics: 2.207e-01, lr: 1.000e-03, Time: 5.79e+02
Model state saved to ./results/models/checkpoints/schrodinger/qho/2025-09-19_21-56-28-345443/model.pth
Model state saved to ./results/models/checkpoints/schrodinger/qho/2025-09-19_21-56-28-345443/model_weights.pth
It: 522, Loss: 7.704e-04, Loss_res: 4.381e-03,  Loss_bcs: 3.068e-06, Loss_ut_ics: 7.236e-02, lr: 1.000e-03, Time: 5.80e+02
Model state saved to ./results/models/checkpoints/schrodinger/qho/2025-09-19_21-56-28-345443/model.pth
Model state saved to ./results/models/checkpoints/schrodinger/qho/2025-09-19_21-56-28-345443/model_weights.pth
It: 523, Loss: 5.082e-04, Loss_res: 5.644e-03,  Loss_bcs: 2.364e-06, Loss_ut_ics: 4.493e-02, lr: 1.000e-03, Time: 5.81e+02
Model state saved to ./results/models/checkpoints/schrodinger/qho/2025-09-19_21-56-28-345443/model.pth
Model state saved to ./results/models/checkpoints/schrodinger/qho/2025-09-19_21-56-28-345443/model_weights.pth
It: 524, Loss: 2.043e-04, Loss_res: 4.411e-03,  Loss_bcs: 2.448e-06, Loss_ut_ics: 1.577e-02, lr: 1.000e-03, Time: 5.82e+02
Model state saved to ./results/models/checkpoints/schrodinger/qho/2025-09-19_21-56-28-345443/model.pth
Model state saved to ./results/models/checkpoints/schrodinger/qho/2025-09-19_21-56-28-345443/model_weights.pth
It: 525, Loss: 1.632e-03, Loss_res: 5.516e-03,  Loss_bcs: 3.072e-06, Loss_ut_ics: 1.573e-01, lr: 1.000e-03, Time: 5.83e+02
Model state saved to ./results/models/checkpoints/schrodinger/qho/2025-09-19_21-56-28-345443/model.pth
Model state saved to ./results/models/checkpoints/schrodinger/qho/2025-09-19_21-56-28-345443/model_weights.pth
It: 526, Loss: 1.078e-03, Loss_res: 4.580e-03,  Loss_bcs: 3.654e-06, Loss_ut_ics: 1.029e-01, lr: 1.000e-03, Time: 5.84e+02
Model state saved to ./results/models/checkpoints/schrodinger/qho/2025-09-19_21-56-28-345443/model.pth
Model state saved to ./results/models/checkpoints/schrodinger/qho/2025-09-19_21-56-28-345443/model_weights.pth
It: 527, Loss: 1.687e-04, Loss_res: 7.969e-03,  Loss_bcs: 2.597e-06, Loss_ut_ics: 8.645e-03, lr: 1.000e-03, Time: 5.85e+02
Model state saved to ./results/models/checkpoints/schrodinger/qho/2025-09-19_21-56-28-345443/model.pth
Model state saved to ./results/models/checkpoints/schrodinger/qho/2025-09-19_21-56-28-345443/model_weights.pth
It: 528, Loss: 4.997e-04, Loss_res: 4.497e-02,  Loss_bcs: 1.701e-06, Loss_ut_ics: 4.824e-03, lr: 1.000e-03, Time: 5.86e+02
Model state saved to ./results/models/checkpoints/schrodinger/qho/2025-09-19_21-56-28-345443/model.pth
Model state saved to ./results/models/checkpoints/schrodinger/qho/2025-09-19_21-56-28-345443/model_weights.pth
It: 529, Loss: 1.009e-04, Loss_res: 4.403e-03,  Loss_bcs: 3.334e-06, Loss_ut_ics: 5.348e-03, lr: 1.000e-03, Time: 5.87e+02
Model state saved to ./results/models/checkpoints/schrodinger/qho/2025-09-19_21-56-28-345443/model.pth
Model state saved to ./results/models/checkpoints/schrodinger/qho/2025-09-19_21-56-28-345443/model_weights.pth
It: 530, Loss: 1.983e-03, Loss_res: 4.165e-03,  Loss_bcs: 1.106e-06, Loss_ut_ics: 1.941e-01, lr: 1.000e-03, Time: 5.88e+02
Model state saved to ./results/models/checkpoints/schrodinger/qho/2025-09-19_21-56-28-345443/model.pth
Model state saved to ./results/models/checkpoints/schrodinger/qho/2025-09-19_21-56-28-345443/model_weights.pth
It: 531, Loss: 1.652e-03, Loss_res: 5.196e-03,  Loss_bcs: 1.571e-06, Loss_ut_ics: 1.599e-01, lr: 1.000e-03, Time: 5.90e+02
Model state saved to ./results/models/checkpoints/schrodinger/qho/2025-09-19_21-56-28-345443/model.pth
Model state saved to ./results/models/checkpoints/schrodinger/qho/2025-09-19_21-56-28-345443/model_weights.pth
It: 532, Loss: 2.234e-04, Loss_res: 9.190e-03,  Loss_bcs: 2.559e-06, Loss_ut_ics: 1.289e-02, lr: 1.000e-03, Time: 5.91e+02
Model state saved to ./results/models/checkpoints/schrodinger/qho/2025-09-19_21-56-28-345443/model.pth
Model state saved to ./results/models/checkpoints/schrodinger/qho/2025-09-19_21-56-28-345443/model_weights.pth
It: 533, Loss: 5.467e-04, Loss_res: 5.061e-03,  Loss_bcs: 2.707e-06, Loss_ut_ics: 4.934e-02, lr: 1.000e-03, Time: 5.92e+02
Model state saved to ./results/models/checkpoints/schrodinger/qho/2025-09-19_21-56-28-345443/model.pth
Model state saved to ./results/models/checkpoints/schrodinger/qho/2025-09-19_21-56-28-345443/model_weights.pth
It: 534, Loss: 8.635e-04, Loss_res: 1.315e-02,  Loss_bcs: 1.378e-06, Loss_ut_ics: 7.307e-02, lr: 1.000e-03, Time: 5.93e+02
Model state saved to ./results/models/checkpoints/schrodinger/qho/2025-09-19_21-56-28-345443/model.pth
Model state saved to ./results/models/checkpoints/schrodinger/qho/2025-09-19_21-56-28-345443/model_weights.pth
It: 535, Loss: 5.861e-05, Loss_res: 4.323e-03,  Loss_bcs: 4.295e-06, Loss_ut_ics: 1.109e-03, lr: 1.000e-03, Time: 5.94e+02
Model state saved to ./results/models/checkpoints/schrodinger/qho/2025-09-19_21-56-28-345443/model.pth
Model state saved to ./results/models/checkpoints/schrodinger/qho/2025-09-19_21-56-28-345443/model_weights.pth
It: 536, Loss: 7.066e-04, Loss_res: 3.586e-03,  Loss_bcs: 1.142e-05, Loss_ut_ics: 6.593e-02, lr: 1.000e-03, Time: 5.95e+02
Model state saved to ./results/models/checkpoints/schrodinger/qho/2025-09-19_21-56-28-345443/model.pth
Model state saved to ./results/models/checkpoints/schrodinger/qho/2025-09-19_21-56-28-345443/model_weights.pth
It: 537, Loss: 2.928e-04, Loss_res: 7.646e-03,  Loss_bcs: 1.578e-05, Loss_ut_ics: 2.006e-02, lr: 1.000e-03, Time: 5.96e+02
Model state saved to ./results/models/checkpoints/schrodinger/qho/2025-09-19_21-56-28-345443/model.pth
Model state saved to ./results/models/checkpoints/schrodinger/qho/2025-09-19_21-56-28-345443/model_weights.pth
It: 538, Loss: 1.019e-04, Loss_res: 8.948e-03,  Loss_bcs: 1.170e-05, Loss_ut_ics: 7.527e-05, lr: 1.000e-03, Time: 5.97e+02
Model state saved to ./results/models/checkpoints/schrodinger/qho/2025-09-19_21-56-28-345443/model.pth
Model state saved to ./results/models/checkpoints/schrodinger/qho/2025-09-19_21-56-28-345443/model_weights.pth
It: 539, Loss: 5.024e-05, Loss_res: 4.167e-03,  Loss_bcs: 4.623e-06, Loss_ut_ics: 3.943e-04, lr: 1.000e-03, Time: 5.98e+02
Model state saved to ./results/models/checkpoints/schrodinger/qho/2025-09-19_21-56-28-345443/model.pth
Model state saved to ./results/models/checkpoints/schrodinger/qho/2025-09-19_21-56-28-345443/model_weights.pth
It: 540, Loss: 8.703e-04, Loss_res: 4.870e-03,  Loss_bcs: 2.060e-06, Loss_ut_ics: 8.195e-02, lr: 1.000e-03, Time: 5.99e+02
Model state saved to ./results/models/checkpoints/schrodinger/qho/2025-09-19_21-56-28-345443/model.pth
Model state saved to ./results/models/checkpoints/schrodinger/qho/2025-09-19_21-56-28-345443/model_weights.pth
It: 541, Loss: 1.327e-03, Loss_res: 7.624e-03,  Loss_bcs: 3.101e-06, Loss_ut_ics: 1.248e-01, lr: 1.000e-03, Time: 6.00e+02
Model state saved to ./results/models/checkpoints/schrodinger/qho/2025-09-19_21-56-28-345443/model.pth
Model state saved to ./results/models/checkpoints/schrodinger/qho/2025-09-19_21-56-28-345443/model_weights.pth
It: 542, Loss: 1.438e-03, Loss_res: 9.075e-03,  Loss_bcs: 1.153e-06, Loss_ut_ics: 1.347e-01, lr: 1.000e-03, Time: 6.02e+02
Model state saved to ./results/models/checkpoints/schrodinger/qho/2025-09-19_21-56-28-345443/model.pth
Model state saved to ./results/models/checkpoints/schrodinger/qho/2025-09-19_21-56-28-345443/model_weights.pth
It: 543, Loss: 6.490e-04, Loss_res: 7.102e-03,  Loss_bcs: 1.073e-06, Loss_ut_ics: 5.770e-02, lr: 1.000e-03, Time: 6.03e+02
Model state saved to ./results/models/checkpoints/schrodinger/qho/2025-09-19_21-56-28-345443/model.pth
Model state saved to ./results/models/checkpoints/schrodinger/qho/2025-09-19_21-56-28-345443/model_weights.pth
It: 544, Loss: 9.857e-04, Loss_res: 8.828e-03,  Loss_bcs: 1.726e-06, Loss_ut_ics: 8.957e-02, lr: 1.000e-03, Time: 6.04e+02
Model state saved to ./results/models/checkpoints/schrodinger/qho/2025-09-19_21-56-28-345443/model.pth
Model state saved to ./results/models/checkpoints/schrodinger/qho/2025-09-19_21-56-28-345443/model_weights.pth
It: 545, Loss: 5.890e-04, Loss_res: 8.440e-03,  Loss_bcs: 3.860e-06, Loss_ut_ics: 5.007e-02, lr: 1.000e-03, Time: 6.05e+02
Model state saved to ./results/models/checkpoints/schrodinger/qho/2025-09-19_21-56-28-345443/model.pth
Model state saved to ./results/models/checkpoints/schrodinger/qho/2025-09-19_21-56-28-345443/model_weights.pth
It: 546, Loss: 1.147e-03, Loss_res: 5.580e-03,  Loss_bcs: 2.283e-06, Loss_ut_ics: 1.089e-01, lr: 1.000e-03, Time: 6.06e+02
Model state saved to ./results/models/checkpoints/schrodinger/qho/2025-09-19_21-56-28-345443/model.pth
Model state saved to ./results/models/checkpoints/schrodinger/qho/2025-09-19_21-56-28-345443/model_weights.pth
It: 547, Loss: 2.711e-04, Loss_res: 7.212e-03,  Loss_bcs: 2.481e-06, Loss_ut_ics: 1.965e-02, lr: 1.000e-03, Time: 6.07e+02
Model state saved to ./results/models/checkpoints/schrodinger/qho/2025-09-19_21-56-28-345443/model.pth
Model state saved to ./results/models/checkpoints/schrodinger/qho/2025-09-19_21-56-28-345443/model_weights.pth
It: 548, Loss: 8.109e-04, Loss_res: 4.960e-03,  Loss_bcs: 1.089e-06, Loss_ut_ics: 7.603e-02, lr: 1.000e-03, Time: 6.08e+02
Model state saved to ./results/models/checkpoints/schrodinger/qho/2025-09-19_21-56-28-345443/model.pth
Model state saved to ./results/models/checkpoints/schrodinger/qho/2025-09-19_21-56-28-345443/model_weights.pth
It: 549, Loss: 2.058e-03, Loss_res: 9.198e-03,  Loss_bcs: 1.718e-06, Loss_ut_ics: 1.964e-01, lr: 1.000e-03, Time: 6.09e+02
Model state saved to ./results/models/checkpoints/schrodinger/qho/2025-09-19_21-56-28-345443/model.pth
Model state saved to ./results/models/checkpoints/schrodinger/qho/2025-09-19_21-56-28-345443/model_weights.pth
It: 550, Loss: 8.135e-05, Loss_res: 7.873e-03,  Loss_bcs: 5.203e-07, Loss_ut_ics: 2.096e-04, lr: 1.000e-03, Time: 6.10e+02
Model state saved to ./results/models/checkpoints/schrodinger/qho/2025-09-19_21-56-28-345443/model.pth
Model state saved to ./results/models/checkpoints/schrodinger/qho/2025-09-19_21-56-28-345443/model_weights.pth
It: 551, Loss: 4.941e-04, Loss_res: 3.363e-03,  Loss_bcs: 1.270e-06, Loss_ut_ics: 4.593e-02, lr: 1.000e-03, Time: 6.11e+02
Model state saved to ./results/models/checkpoints/schrodinger/qho/2025-09-19_21-56-28-345443/model.pth
Model state saved to ./results/models/checkpoints/schrodinger/qho/2025-09-19_21-56-28-345443/model_weights.pth
It: 552, Loss: 1.572e-03, Loss_res: 3.892e-03,  Loss_bcs: 1.624e-06, Loss_ut_ics: 1.532e-01, lr: 1.000e-03, Time: 6.13e+02
Model state saved to ./results/models/checkpoints/schrodinger/qho/2025-09-19_21-56-28-345443/model.pth
Model state saved to ./results/models/checkpoints/schrodinger/qho/2025-09-19_21-56-28-345443/model_weights.pth
It: 553, Loss: 9.745e-04, Loss_res: 1.528e-02,  Loss_bcs: 9.022e-07, Loss_ut_ics: 8.208e-02, lr: 1.000e-03, Time: 6.14e+02
Model state saved to ./results/models/checkpoints/schrodinger/qho/2025-09-19_21-56-28-345443/model.pth
Model state saved to ./results/models/checkpoints/schrodinger/qho/2025-09-19_21-56-28-345443/model_weights.pth
It: 554, Loss: 2.063e-03, Loss_res: 9.214e-03,  Loss_bcs: 2.029e-06, Loss_ut_ics: 1.969e-01, lr: 1.000e-03, Time: 6.15e+02
Model state saved to ./results/models/checkpoints/schrodinger/qho/2025-09-19_21-56-28-345443/model.pth
Model state saved to ./results/models/checkpoints/schrodinger/qho/2025-09-19_21-56-28-345443/model_weights.pth
It: 555, Loss: 6.622e-04, Loss_res: 6.983e-03,  Loss_bcs: 2.540e-06, Loss_ut_ics: 5.899e-02, lr: 1.000e-03, Time: 6.16e+02
Model state saved to ./results/models/checkpoints/schrodinger/qho/2025-09-19_21-56-28-345443/model.pth
Model state saved to ./results/models/checkpoints/schrodinger/qho/2025-09-19_21-56-28-345443/model_weights.pth
It: 556, Loss: 2.804e-03, Loss_res: 9.968e-03,  Loss_bcs: 1.482e-06, Loss_ut_ics: 2.703e-01, lr: 1.000e-03, Time: 6.17e+02
Model state saved to ./results/models/checkpoints/schrodinger/qho/2025-09-19_21-56-28-345443/model.pth
Model state saved to ./results/models/checkpoints/schrodinger/qho/2025-09-19_21-56-28-345443/model_weights.pth
It: 557, Loss: 1.220e-03, Loss_res: 1.056e-02,  Loss_bcs: 2.167e-06, Loss_ut_ics: 1.113e-01, lr: 1.000e-03, Time: 6.18e+02
Model state saved to ./results/models/checkpoints/schrodinger/qho/2025-09-19_21-56-28-345443/model.pth
Model state saved to ./results/models/checkpoints/schrodinger/qho/2025-09-19_21-56-28-345443/model_weights.pth
It: 558, Loss: 8.345e-04, Loss_res: 6.379e-03,  Loss_bcs: 1.417e-06, Loss_ut_ics: 7.693e-02, lr: 1.000e-03, Time: 6.19e+02
Model state saved to ./results/models/checkpoints/schrodinger/qho/2025-09-19_21-56-28-345443/model.pth
Model state saved to ./results/models/checkpoints/schrodinger/qho/2025-09-19_21-56-28-345443/model_weights.pth
It: 559, Loss: 1.559e-03, Loss_res: 6.117e-03,  Loss_bcs: 2.859e-06, Loss_ut_ics: 1.495e-01, lr: 1.000e-03, Time: 6.20e+02
Model state saved to ./results/models/checkpoints/schrodinger/qho/2025-09-19_21-56-28-345443/model.pth
Model state saved to ./results/models/checkpoints/schrodinger/qho/2025-09-19_21-56-28-345443/model_weights.pth
It: 560, Loss: 1.054e-03, Loss_res: 1.596e-02,  Loss_bcs: 2.394e-06, Loss_ut_ics: 8.917e-02, lr: 1.000e-03, Time: 6.21e+02
Model state saved to ./results/models/checkpoints/schrodinger/qho/2025-09-19_21-56-28-345443/model.pth
Model state saved to ./results/models/checkpoints/schrodinger/qho/2025-09-19_21-56-28-345443/model_weights.pth
It: 561, Loss: 1.967e-04, Loss_res: 5.084e-03,  Loss_bcs: 1.171e-06, Loss_ut_ics: 1.447e-02, lr: 1.000e-03, Time: 6.22e+02
Model state saved to ./results/models/checkpoints/schrodinger/qho/2025-09-19_21-56-28-345443/model.pth
Model state saved to ./results/models/checkpoints/schrodinger/qho/2025-09-19_21-56-28-345443/model_weights.pth
It: 562, Loss: 9.558e-04, Loss_res: 3.233e-03,  Loss_bcs: 1.667e-06, Loss_ut_ics: 9.218e-02, lr: 1.000e-03, Time: 6.24e+02
Model state saved to ./results/models/checkpoints/schrodinger/qho/2025-09-19_21-56-28-345443/model.pth
Model state saved to ./results/models/checkpoints/schrodinger/qho/2025-09-19_21-56-28-345443/model_weights.pth
It: 563, Loss: 1.222e-03, Loss_res: 5.662e-03,  Loss_bcs: 1.079e-06, Loss_ut_ics: 1.164e-01, lr: 1.000e-03, Time: 6.25e+02
Model state saved to ./results/models/checkpoints/schrodinger/qho/2025-09-19_21-56-28-345443/model.pth
Model state saved to ./results/models/checkpoints/schrodinger/qho/2025-09-19_21-56-28-345443/model_weights.pth
It: 564, Loss: 9.631e-04, Loss_res: 5.657e-03,  Loss_bcs: 1.329e-06, Loss_ut_ics: 9.052e-02, lr: 1.000e-03, Time: 6.26e+02
Model state saved to ./results/models/checkpoints/schrodinger/qho/2025-09-19_21-56-28-345443/model.pth
Model state saved to ./results/models/checkpoints/schrodinger/qho/2025-09-19_21-56-28-345443/model_weights.pth
It: 565, Loss: 8.269e-04, Loss_res: 6.605e-03,  Loss_bcs: 9.635e-07, Loss_ut_ics: 7.599e-02, lr: 1.000e-03, Time: 6.27e+02
Model state saved to ./results/models/checkpoints/schrodinger/qho/2025-09-19_21-56-28-345443/model.pth
Model state saved to ./results/models/checkpoints/schrodinger/qho/2025-09-19_21-56-28-345443/model_weights.pth
It: 566, Loss: 5.471e-04, Loss_res: 9.396e-03,  Loss_bcs: 1.062e-06, Loss_ut_ics: 4.520e-02, lr: 1.000e-03, Time: 6.28e+02
Model state saved to ./results/models/checkpoints/schrodinger/qho/2025-09-19_21-56-28-345443/model.pth
Model state saved to ./results/models/checkpoints/schrodinger/qho/2025-09-19_21-56-28-345443/model_weights.pth
It: 567, Loss: 8.450e-04, Loss_res: 5.254e-03,  Loss_bcs: 1.385e-06, Loss_ut_ics: 7.911e-02, lr: 1.000e-03, Time: 6.29e+02
Model state saved to ./results/models/checkpoints/schrodinger/qho/2025-09-19_21-56-28-345443/model.pth
Model state saved to ./results/models/checkpoints/schrodinger/qho/2025-09-19_21-56-28-345443/model_weights.pth
It: 568, Loss: 8.206e-04, Loss_res: 2.427e-03,  Loss_bcs: 4.830e-06, Loss_ut_ics: 7.915e-02, lr: 1.000e-03, Time: 6.30e+02
Model state saved to ./results/models/checkpoints/schrodinger/qho/2025-09-19_21-56-28-345443/model.pth
Model state saved to ./results/models/checkpoints/schrodinger/qho/2025-09-19_21-56-28-345443/model_weights.pth
It: 569, Loss: 1.715e-03, Loss_res: 7.100e-03,  Loss_bcs: 6.238e-06, Loss_ut_ics: 1.638e-01, lr: 1.000e-03, Time: 6.31e+02
Model state saved to ./results/models/checkpoints/schrodinger/qho/2025-09-19_21-56-28-345443/model.pth
Model state saved to ./results/models/checkpoints/schrodinger/qho/2025-09-19_21-56-28-345443/model_weights.pth
It: 570, Loss: 1.491e-04, Loss_res: 5.315e-03,  Loss_bcs: 2.898e-06, Loss_ut_ics: 9.304e-03, lr: 1.000e-03, Time: 6.32e+02
Model state saved to ./results/models/checkpoints/schrodinger/qho/2025-09-19_21-56-28-345443/model.pth
Model state saved to ./results/models/checkpoints/schrodinger/qho/2025-09-19_21-56-28-345443/model_weights.pth
It: 571, Loss: 1.204e-03, Loss_res: 8.331e-03,  Loss_bcs: 5.439e-07, Loss_ut_ics: 1.120e-01, lr: 1.000e-03, Time: 6.33e+02
Model state saved to ./results/models/checkpoints/schrodinger/qho/2025-09-19_21-56-28-345443/model.pth
Model state saved to ./results/models/checkpoints/schrodinger/qho/2025-09-19_21-56-28-345443/model_weights.pth
It: 572, Loss: 1.344e-03, Loss_res: 5.979e-03,  Loss_bcs: 8.935e-07, Loss_ut_ics: 1.283e-01, lr: 1.000e-03, Time: 6.34e+02
Model state saved to ./results/models/checkpoints/schrodinger/qho/2025-09-19_21-56-28-345443/model.pth
Model state saved to ./results/models/checkpoints/schrodinger/qho/2025-09-19_21-56-28-345443/model_weights.pth
It: 573, Loss: 5.839e-04, Loss_res: 4.444e-03,  Loss_bcs: 1.725e-06, Loss_ut_ics: 5.377e-02, lr: 1.000e-03, Time: 6.36e+02
Model state saved to ./results/models/checkpoints/schrodinger/qho/2025-09-19_21-56-28-345443/model.pth
Model state saved to ./results/models/checkpoints/schrodinger/qho/2025-09-19_21-56-28-345443/model_weights.pth
It: 574, Loss: 7.123e-04, Loss_res: 1.046e-02,  Loss_bcs: 1.203e-06, Loss_ut_ics: 6.066e-02, lr: 1.000e-03, Time: 6.37e+02
Model state saved to ./results/models/checkpoints/schrodinger/qho/2025-09-19_21-56-28-345443/model.pth
Model state saved to ./results/models/checkpoints/schrodinger/qho/2025-09-19_21-56-28-345443/model_weights.pth
It: 575, Loss: 8.202e-04, Loss_res: 8.799e-03,  Loss_bcs: 9.834e-07, Loss_ut_ics: 7.312e-02, lr: 1.000e-03, Time: 6.38e+02
Model state saved to ./results/models/checkpoints/schrodinger/qho/2025-09-19_21-56-28-345443/model.pth
Model state saved to ./results/models/checkpoints/schrodinger/qho/2025-09-19_21-56-28-345443/model_weights.pth
It: 576, Loss: 8.787e-04, Loss_res: 9.099e-03,  Loss_bcs: 5.661e-06, Loss_ut_ics: 7.820e-02, lr: 1.000e-03, Time: 6.39e+02
Model state saved to ./results/models/checkpoints/schrodinger/qho/2025-09-19_21-56-28-345443/model.pth
Model state saved to ./results/models/checkpoints/schrodinger/qho/2025-09-19_21-56-28-345443/model_weights.pth
It: 577, Loss: 8.546e-05, Loss_res: 7.787e-03,  Loss_bcs: 6.571e-06, Loss_ut_ics: 1.019e-04, lr: 1.000e-03, Time: 6.40e+02
Model state saved to ./results/models/checkpoints/schrodinger/qho/2025-09-19_21-56-28-345443/model.pth
Model state saved to ./results/models/checkpoints/schrodinger/qho/2025-09-19_21-56-28-345443/model_weights.pth
It: 578, Loss: 5.276e-04, Loss_res: 5.763e-03,  Loss_bcs: 9.598e-06, Loss_ut_ics: 4.603e-02, lr: 1.000e-03, Time: 6.41e+02
Model state saved to ./results/models/checkpoints/schrodinger/qho/2025-09-19_21-56-28-345443/model.pth
Model state saved to ./results/models/checkpoints/schrodinger/qho/2025-09-19_21-56-28-345443/model_weights.pth
It: 579, Loss: 8.357e-04, Loss_res: 8.849e-03,  Loss_bcs: 1.193e-05, Loss_ut_ics: 7.353e-02, lr: 1.000e-03, Time: 6.42e+02
Model state saved to ./results/models/checkpoints/schrodinger/qho/2025-09-19_21-56-28-345443/model.pth
Model state saved to ./results/models/checkpoints/schrodinger/qho/2025-09-19_21-56-28-345443/model_weights.pth
It: 580, Loss: 9.590e-05, Loss_res: 8.725e-03,  Loss_bcs: 6.303e-06, Loss_ut_ics: 2.356e-04, lr: 1.000e-03, Time: 6.43e+02
Model state saved to ./results/models/checkpoints/schrodinger/qho/2025-09-19_21-56-28-345443/model.pth
Model state saved to ./results/models/checkpoints/schrodinger/qho/2025-09-19_21-56-28-345443/model_weights.pth
It: 581, Loss: 1.512e-04, Loss_res: 6.569e-03,  Loss_bcs: 1.289e-06, Loss_ut_ics: 8.419e-03, lr: 1.000e-03, Time: 6.44e+02
Model state saved to ./results/models/checkpoints/schrodinger/qho/2025-09-19_21-56-28-345443/model.pth
Model state saved to ./results/models/checkpoints/schrodinger/qho/2025-09-19_21-56-28-345443/model_weights.pth
It: 582, Loss: 3.890e-04, Loss_res: 2.779e-03,  Loss_bcs: 1.983e-06, Loss_ut_ics: 3.592e-02, lr: 1.000e-03, Time: 6.45e+02
Model state saved to ./results/models/checkpoints/schrodinger/qho/2025-09-19_21-56-28-345443/model.pth
Model state saved to ./results/models/checkpoints/schrodinger/qho/2025-09-19_21-56-28-345443/model_weights.pth
It: 583, Loss: 1.573e-03, Loss_res: 7.247e-03,  Loss_bcs: 1.314e-06, Loss_ut_ics: 1.499e-01, lr: 1.000e-03, Time: 6.46e+02
Model state saved to ./results/models/checkpoints/schrodinger/qho/2025-09-19_21-56-28-345443/model.pth
Model state saved to ./results/models/checkpoints/schrodinger/qho/2025-09-19_21-56-28-345443/model_weights.pth
It: 584, Loss: 6.352e-04, Loss_res: 1.220e-02,  Loss_bcs: 9.973e-07, Loss_ut_ics: 5.121e-02, lr: 1.000e-03, Time: 6.47e+02
Model state saved to ./results/models/checkpoints/schrodinger/qho/2025-09-19_21-56-28-345443/model.pth
Model state saved to ./results/models/checkpoints/schrodinger/qho/2025-09-19_21-56-28-345443/model_weights.pth
It: 585, Loss: 6.337e-04, Loss_res: 7.171e-03,  Loss_bcs: 1.482e-06, Loss_ut_ics: 5.605e-02, lr: 1.000e-03, Time: 6.49e+02
Model state saved to ./results/models/checkpoints/schrodinger/qho/2025-09-19_21-56-28-345443/model.pth
Model state saved to ./results/models/checkpoints/schrodinger/qho/2025-09-19_21-56-28-345443/model_weights.pth
It: 586, Loss: 7.144e-04, Loss_res: 9.106e-03,  Loss_bcs: 7.087e-07, Loss_ut_ics: 6.226e-02, lr: 1.000e-03, Time: 6.50e+02
Model state saved to ./results/models/checkpoints/schrodinger/qho/2025-09-19_21-56-28-345443/model.pth
Model state saved to ./results/models/checkpoints/schrodinger/qho/2025-09-19_21-56-28-345443/model_weights.pth
It: 587, Loss: 1.735e-03, Loss_res: 9.354e-03,  Loss_bcs: 1.452e-06, Loss_ut_ics: 1.640e-01, lr: 1.000e-03, Time: 6.51e+02
Model state saved to ./results/models/checkpoints/schrodinger/qho/2025-09-19_21-56-28-345443/model.pth
Model state saved to ./results/models/checkpoints/schrodinger/qho/2025-09-19_21-56-28-345443/model_weights.pth
It: 588, Loss: 6.869e-04, Loss_res: 9.075e-03,  Loss_bcs: 1.313e-06, Loss_ut_ics: 5.949e-02, lr: 1.000e-03, Time: 6.52e+02
Model state saved to ./results/models/checkpoints/schrodinger/qho/2025-09-19_21-56-28-345443/model.pth
Model state saved to ./results/models/checkpoints/schrodinger/qho/2025-09-19_21-56-28-345443/model_weights.pth
It: 589, Loss: 1.020e-03, Loss_res: 9.649e-03,  Loss_bcs: 3.948e-06, Loss_ut_ics: 9.201e-02, lr: 1.000e-03, Time: 6.53e+02
Model state saved to ./results/models/checkpoints/schrodinger/qho/2025-09-19_21-56-28-345443/model.pth
Model state saved to ./results/models/checkpoints/schrodinger/qho/2025-09-19_21-56-28-345443/model_weights.pth
It: 590, Loss: 7.819e-04, Loss_res: 5.018e-03,  Loss_bcs: 2.341e-06, Loss_ut_ics: 7.294e-02, lr: 1.000e-03, Time: 6.54e+02
Model state saved to ./results/models/checkpoints/schrodinger/qho/2025-09-19_21-56-28-345443/model.pth
Model state saved to ./results/models/checkpoints/schrodinger/qho/2025-09-19_21-56-28-345443/model_weights.pth
It: 591, Loss: 1.094e-03, Loss_res: 6.769e-03,  Loss_bcs: 3.886e-06, Loss_ut_ics: 1.022e-01, lr: 1.000e-03, Time: 6.55e+02
Model state saved to ./results/models/checkpoints/schrodinger/qho/2025-09-19_21-56-28-345443/model.pth
Model state saved to ./results/models/checkpoints/schrodinger/qho/2025-09-19_21-56-28-345443/model_weights.pth
It: 592, Loss: 1.423e-03, Loss_res: 1.152e-02,  Loss_bcs: 6.257e-07, Loss_ut_ics: 1.308e-01, lr: 1.000e-03, Time: 6.56e+02
Model state saved to ./results/models/checkpoints/schrodinger/qho/2025-09-19_21-56-28-345443/model.pth
Model state saved to ./results/models/checkpoints/schrodinger/qho/2025-09-19_21-56-28-345443/model_weights.pth
It: 593, Loss: 1.636e-03, Loss_res: 1.720e-02,  Loss_bcs: 1.591e-06, Loss_ut_ics: 1.463e-01, lr: 1.000e-03, Time: 6.57e+02
Model state saved to ./results/models/checkpoints/schrodinger/qho/2025-09-19_21-56-28-345443/model.pth
Model state saved to ./results/models/checkpoints/schrodinger/qho/2025-09-19_21-56-28-345443/model_weights.pth
It: 594, Loss: 6.861e-04, Loss_res: 1.109e-02,  Loss_bcs: 2.686e-06, Loss_ut_ics: 5.725e-02, lr: 1.000e-03, Time: 6.59e+02
Model state saved to ./results/models/checkpoints/schrodinger/qho/2025-09-19_21-56-28-345443/model.pth
Model state saved to ./results/models/checkpoints/schrodinger/qho/2025-09-19_21-56-28-345443/model_weights.pth
It: 595, Loss: 8.027e-04, Loss_res: 7.273e-03,  Loss_bcs: 2.345e-06, Loss_ut_ics: 7.276e-02, lr: 1.000e-03, Time: 6.60e+02
Model state saved to ./results/models/checkpoints/schrodinger/qho/2025-09-19_21-56-28-345443/model.pth
Model state saved to ./results/models/checkpoints/schrodinger/qho/2025-09-19_21-56-28-345443/model_weights.pth
It: 596, Loss: 4.272e-04, Loss_res: 9.922e-03,  Loss_bcs: 2.591e-06, Loss_ut_ics: 3.254e-02, lr: 1.000e-03, Time: 6.61e+02
Model state saved to ./results/models/checkpoints/schrodinger/qho/2025-09-19_21-56-28-345443/model.pth
Model state saved to ./results/models/checkpoints/schrodinger/qho/2025-09-19_21-56-28-345443/model_weights.pth
It: 597, Loss: 1.119e-04, Loss_res: 9.308e-03,  Loss_bcs: 4.083e-06, Loss_ut_ics: 1.478e-03, lr: 1.000e-03, Time: 6.62e+02
Model state saved to ./results/models/checkpoints/schrodinger/qho/2025-09-19_21-56-28-345443/model.pth
Model state saved to ./results/models/checkpoints/schrodinger/qho/2025-09-19_21-56-28-345443/model_weights.pth
It: 598, Loss: 8.500e-05, Loss_res: 6.831e-03,  Loss_bcs: 1.484e-05, Loss_ut_ics: 1.853e-04, lr: 1.000e-03, Time: 6.63e+02
Model state saved to ./results/models/checkpoints/schrodinger/qho/2025-09-19_21-56-28-345443/model.pth
Model state saved to ./results/models/checkpoints/schrodinger/qho/2025-09-19_21-56-28-345443/model_weights.pth
It: 599, Loss: 1.124e-04, Loss_res: 7.898e-03,  Loss_bcs: 1.329e-05, Loss_ut_ics: 2.011e-03, lr: 1.000e-03, Time: 6.64e+02
Model state saved to ./results/models/checkpoints/schrodinger/qho/2025-09-19_21-56-28-345443/model.pth
Model state saved to ./results/models/checkpoints/schrodinger/qho/2025-09-19_21-56-28-345443/model_weights.pth
It: 600, Loss: 7.960e-04, Loss_res: 6.000e-03,  Loss_bcs: 1.254e-05, Loss_ut_ics: 7.234e-02, lr: 1.000e-03, Time: 6.65e+02
Model state saved to ./results/models/checkpoints/schrodinger/qho/2025-09-19_21-56-28-345443/model.pth
Model state saved to ./results/models/checkpoints/schrodinger/qho/2025-09-19_21-56-28-345443/model_weights.pth
It: 601, Loss: 6.540e-04, Loss_res: 8.921e-03,  Loss_bcs: 7.646e-06, Loss_ut_ics: 5.572e-02, lr: 1.000e-03, Time: 6.66e+02
Model state saved to ./results/models/checkpoints/schrodinger/qho/2025-09-19_21-56-28-345443/model.pth
Model state saved to ./results/models/checkpoints/schrodinger/qho/2025-09-19_21-56-28-345443/model_weights.pth
It: 602, Loss: 7.758e-04, Loss_res: 1.502e-02,  Loss_bcs: 1.483e-06, Loss_ut_ics: 6.242e-02, lr: 1.000e-03, Time: 6.68e+02
Model state saved to ./results/models/checkpoints/schrodinger/qho/2025-09-19_21-56-28-345443/model.pth
Model state saved to ./results/models/checkpoints/schrodinger/qho/2025-09-19_21-56-28-345443/model_weights.pth
It: 603, Loss: 5.954e-04, Loss_res: 1.192e-02,  Loss_bcs: 1.221e-06, Loss_ut_ics: 4.750e-02, lr: 1.000e-03, Time: 6.69e+02
Model state saved to ./results/models/checkpoints/schrodinger/qho/2025-09-19_21-56-28-345443/model.pth
Model state saved to ./results/models/checkpoints/schrodinger/qho/2025-09-19_21-56-28-345443/model_weights.pth
It: 604, Loss: 1.340e-04, Loss_res: 1.039e-02,  Loss_bcs: 2.921e-06, Loss_ut_ics: 2.720e-03, lr: 1.000e-03, Time: 6.70e+02
Model state saved to ./results/models/checkpoints/schrodinger/qho/2025-09-19_21-56-28-345443/model.pth
Model state saved to ./results/models/checkpoints/schrodinger/qho/2025-09-19_21-56-28-345443/model_weights.pth
It: 605, Loss: 4.305e-04, Loss_res: 6.461e-03,  Loss_bcs: 1.566e-06, Loss_ut_ics: 3.643e-02, lr: 1.000e-03, Time: 6.71e+02
Model state saved to ./results/models/checkpoints/schrodinger/qho/2025-09-19_21-56-28-345443/model.pth
Model state saved to ./results/models/checkpoints/schrodinger/qho/2025-09-19_21-56-28-345443/model_weights.pth
It: 606, Loss: 5.844e-04, Loss_res: 1.033e-02,  Loss_bcs: 2.211e-06, Loss_ut_ics: 4.789e-02, lr: 1.000e-03, Time: 6.72e+02
Model state saved to ./results/models/checkpoints/schrodinger/qho/2025-09-19_21-56-28-345443/model.pth
Model state saved to ./results/models/checkpoints/schrodinger/qho/2025-09-19_21-56-28-345443/model_weights.pth
It: 607, Loss: 1.006e-03, Loss_res: 2.589e-02,  Loss_bcs: 1.142e-05, Loss_ut_ics: 7.352e-02, lr: 1.000e-03, Time: 6.73e+02
Model state saved to ./results/models/checkpoints/schrodinger/qho/2025-09-19_21-56-28-345443/model.pth
Model state saved to ./results/models/checkpoints/schrodinger/qho/2025-09-19_21-56-28-345443/model_weights.pth
It: 608, Loss: 1.676e-03, Loss_res: 9.888e-03,  Loss_bcs: 1.027e-05, Loss_ut_ics: 1.567e-01, lr: 1.000e-03, Time: 6.74e+02
Model state saved to ./results/models/checkpoints/schrodinger/qho/2025-09-19_21-56-28-345443/model.pth
Model state saved to ./results/models/checkpoints/schrodinger/qho/2025-09-19_21-56-28-345443/model_weights.pth
It: 609, Loss: 9.254e-05, Loss_res: 8.325e-03,  Loss_bcs: 7.236e-06, Loss_ut_ics: 2.052e-04, lr: 1.000e-03, Time: 6.75e+02
Model state saved to ./results/models/checkpoints/schrodinger/qho/2025-09-19_21-56-28-345443/model.pth
Model state saved to ./results/models/checkpoints/schrodinger/qho/2025-09-19_21-56-28-345443/model_weights.pth
It: 610, Loss: 1.190e-04, Loss_res: 8.452e-03,  Loss_bcs: 1.845e-06, Loss_ut_ics: 3.266e-03, lr: 1.000e-03, Time: 6.76e+02
Model state saved to ./results/models/checkpoints/schrodinger/qho/2025-09-19_21-56-28-345443/model.pth
Model state saved to ./results/models/checkpoints/schrodinger/qho/2025-09-19_21-56-28-345443/model_weights.pth
It: 611, Loss: 1.192e-03, Loss_res: 1.051e-02,  Loss_bcs: 1.814e-06, Loss_ut_ics: 1.085e-01, lr: 1.000e-03, Time: 6.77e+02
Model state saved to ./results/models/checkpoints/schrodinger/qho/2025-09-19_21-56-28-345443/model.pth
Model state saved to ./results/models/checkpoints/schrodinger/qho/2025-09-19_21-56-28-345443/model_weights.pth
It: 612, Loss: 1.044e-03, Loss_res: 1.696e-02,  Loss_bcs: 1.654e-06, Loss_ut_ics: 8.724e-02, lr: 1.000e-03, Time: 6.79e+02
Model state saved to ./results/models/checkpoints/schrodinger/qho/2025-09-19_21-56-28-345443/model.pth
Model state saved to ./results/models/checkpoints/schrodinger/qho/2025-09-19_21-56-28-345443/model_weights.pth
It: 613, Loss: 6.786e-04, Loss_res: 8.814e-03,  Loss_bcs: 2.046e-06, Loss_ut_ics: 5.884e-02, lr: 1.000e-03, Time: 6.80e+02
Model state saved to ./results/models/checkpoints/schrodinger/qho/2025-09-19_21-56-28-345443/model.pth
Model state saved to ./results/models/checkpoints/schrodinger/qho/2025-09-19_21-56-28-345443/model_weights.pth
It: 614, Loss: 6.977e-04, Loss_res: 7.271e-03,  Loss_bcs: 2.849e-06, Loss_ut_ics: 6.221e-02, lr: 1.000e-03, Time: 6.81e+02
Model state saved to ./results/models/checkpoints/schrodinger/qho/2025-09-19_21-56-28-345443/model.pth
Model state saved to ./results/models/checkpoints/schrodinger/qho/2025-09-19_21-56-28-345443/model_weights.pth
It: 615, Loss: 2.204e-04, Loss_res: 2.130e-02,  Loss_bcs: 6.466e-06, Loss_ut_ics: 9.298e-05, lr: 1.000e-03, Time: 6.82e+02
Model state saved to ./results/models/checkpoints/schrodinger/qho/2025-09-19_21-56-28-345443/model.pth
Model state saved to ./results/models/checkpoints/schrodinger/qho/2025-09-19_21-56-28-345443/model_weights.pth
It: 616, Loss: 8.966e-04, Loss_res: 7.047e-03,  Loss_bcs: 5.497e-06, Loss_ut_ics: 8.206e-02, lr: 1.000e-03, Time: 6.83e+02
Model state saved to ./results/models/checkpoints/schrodinger/qho/2025-09-19_21-56-28-345443/model.pth
Model state saved to ./results/models/checkpoints/schrodinger/qho/2025-09-19_21-56-28-345443/model_weights.pth
It: 617, Loss: 1.772e-03, Loss_res: 4.631e-03,  Loss_bcs: 4.179e-06, Loss_ut_ics: 1.722e-01, lr: 1.000e-03, Time: 6.84e+02
Model state saved to ./results/models/checkpoints/schrodinger/qho/2025-09-19_21-56-28-345443/model.pth
Model state saved to ./results/models/checkpoints/schrodinger/qho/2025-09-19_21-56-28-345443/model_weights.pth
It: 618, Loss: 6.382e-05, Loss_res: 6.111e-03,  Loss_bcs: 1.784e-06, Loss_ut_ics: 9.256e-05, lr: 1.000e-03, Time: 6.85e+02
Model state saved to ./results/models/checkpoints/schrodinger/qho/2025-09-19_21-56-28-345443/model.pth
Model state saved to ./results/models/checkpoints/schrodinger/qho/2025-09-19_21-56-28-345443/model_weights.pth
It: 619, Loss: 1.242e-04, Loss_res: 1.215e-02,  Loss_bcs: 1.591e-06, Loss_ut_ics: 1.123e-04, lr: 1.000e-03, Time: 6.86e+02
Model state saved to ./results/models/checkpoints/schrodinger/qho/2025-09-19_21-56-28-345443/model.pth
Model state saved to ./results/models/checkpoints/schrodinger/qho/2025-09-19_21-56-28-345443/model_weights.pth
It: 620, Loss: 1.157e-03, Loss_res: 7.891e-03,  Loss_bcs: 1.727e-06, Loss_ut_ics: 1.076e-01, lr: 1.000e-03, Time: 6.87e+02
Model state saved to ./results/models/checkpoints/schrodinger/qho/2025-09-19_21-56-28-345443/model.pth
Model state saved to ./results/models/checkpoints/schrodinger/qho/2025-09-19_21-56-28-345443/model_weights.pth
It: 621, Loss: 1.153e-03, Loss_res: 1.086e-02,  Loss_bcs: 4.244e-06, Loss_ut_ics: 1.041e-01, lr: 1.000e-03, Time: 6.88e+02
Model state saved to ./results/models/checkpoints/schrodinger/qho/2025-09-19_21-56-28-345443/model.pth
Model state saved to ./results/models/checkpoints/schrodinger/qho/2025-09-19_21-56-28-345443/model_weights.pth
It: 622, Loss: 3.077e-04, Loss_res: 4.018e-03,  Loss_bcs: 3.296e-06, Loss_ut_ics: 2.642e-02, lr: 1.000e-03, Time: 6.89e+02
Model state saved to ./results/models/checkpoints/schrodinger/qho/2025-09-19_21-56-28-345443/model.pth
Model state saved to ./results/models/checkpoints/schrodinger/qho/2025-09-19_21-56-28-345443/model_weights.pth
It: 623, Loss: 3.807e-04, Loss_res: 1.062e-02,  Loss_bcs: 9.046e-07, Loss_ut_ics: 2.736e-02, lr: 1.000e-03, Time: 6.91e+02
Model state saved to ./results/models/checkpoints/schrodinger/qho/2025-09-19_21-56-28-345443/model.pth
Model state saved to ./results/models/checkpoints/schrodinger/qho/2025-09-19_21-56-28-345443/model_weights.pth
It: 624, Loss: 1.223e-04, Loss_res: 1.144e-02,  Loss_bcs: 3.931e-06, Loss_ut_ics: 4.047e-04, lr: 1.000e-03, Time: 6.92e+02
Model state saved to ./results/models/checkpoints/schrodinger/qho/2025-09-19_21-56-28-345443/model.pth
Model state saved to ./results/models/checkpoints/schrodinger/qho/2025-09-19_21-56-28-345443/model_weights.pth
It: 625, Loss: 8.125e-04, Loss_res: 4.898e-03,  Loss_bcs: 5.189e-06, Loss_ut_ics: 7.584e-02, lr: 1.000e-03, Time: 6.93e+02
Model state saved to ./results/models/checkpoints/schrodinger/qho/2025-09-19_21-56-28-345443/model.pth
Model state saved to ./results/models/checkpoints/schrodinger/qho/2025-09-19_21-56-28-345443/model_weights.pth
It: 626, Loss: 1.172e-03, Loss_res: 8.740e-03,  Loss_bcs: 1.818e-06, Loss_ut_ics: 1.083e-01, lr: 1.000e-03, Time: 6.94e+02
Model state saved to ./results/models/checkpoints/schrodinger/qho/2025-09-19_21-56-28-345443/model.pth
Model state saved to ./results/models/checkpoints/schrodinger/qho/2025-09-19_21-56-28-345443/model_weights.pth
It: 627, Loss: 2.191e-03, Loss_res: 9.490e-03,  Loss_bcs: 1.193e-06, Loss_ut_ics: 2.095e-01, lr: 1.000e-03, Time: 6.95e+02
Model state saved to ./results/models/checkpoints/schrodinger/qho/2025-09-19_21-56-28-345443/model.pth
Model state saved to ./results/models/checkpoints/schrodinger/qho/2025-09-19_21-56-28-345443/model_weights.pth
It: 628, Loss: 8.389e-04, Loss_res: 8.036e-03,  Loss_bcs: 6.482e-06, Loss_ut_ics: 7.521e-02, lr: 1.000e-03, Time: 6.96e+02
Model state saved to ./results/models/checkpoints/schrodinger/qho/2025-09-19_21-56-28-345443/model.pth
Model state saved to ./results/models/checkpoints/schrodinger/qho/2025-09-19_21-56-28-345443/model_weights.pth
It: 629, Loss: 1.262e-03, Loss_res: 7.875e-03,  Loss_bcs: 6.211e-06, Loss_ut_ics: 1.177e-01, lr: 1.000e-03, Time: 6.97e+02
Model state saved to ./results/models/checkpoints/schrodinger/qho/2025-09-19_21-56-28-345443/model.pth
Model state saved to ./results/models/checkpoints/schrodinger/qho/2025-09-19_21-56-28-345443/model_weights.pth
It: 630, Loss: 8.027e-04, Loss_res: 7.373e-03,  Loss_bcs: 5.893e-06, Loss_ut_ics: 7.231e-02, lr: 1.000e-03, Time: 6.98e+02
Model state saved to ./results/models/checkpoints/schrodinger/qho/2025-09-19_21-56-28-345443/model.pth
Model state saved to ./results/models/checkpoints/schrodinger/qho/2025-09-19_21-56-28-345443/model_weights.pth
It: 631, Loss: 5.156e-04, Loss_res: 3.047e-03,  Loss_bcs: 1.422e-06, Loss_ut_ics: 4.837e-02, lr: 1.000e-03, Time: 6.99e+02
Model state saved to ./results/models/checkpoints/schrodinger/qho/2025-09-19_21-56-28-345443/model.pth
Model state saved to ./results/models/checkpoints/schrodinger/qho/2025-09-19_21-56-28-345443/model_weights.pth
It: 632, Loss: 2.166e-04, Loss_res: 1.128e-02,  Loss_bcs: 5.237e-06, Loss_ut_ics: 9.854e-03, lr: 1.000e-03, Time: 7.00e+02
Model state saved to ./results/models/checkpoints/schrodinger/qho/2025-09-19_21-56-28-345443/model.pth
Model state saved to ./results/models/checkpoints/schrodinger/qho/2025-09-19_21-56-28-345443/model_weights.pth
It: 633, Loss: 1.583e-03, Loss_res: 7.439e-03,  Loss_bcs: 1.867e-05, Loss_ut_ics: 1.490e-01, lr: 1.000e-03, Time: 7.01e+02
Model state saved to ./results/models/checkpoints/schrodinger/qho/2025-09-19_21-56-28-345443/model.pth
Model state saved to ./results/models/checkpoints/schrodinger/qho/2025-09-19_21-56-28-345443/model_weights.pth
It: 634, Loss: 1.437e-03, Loss_res: 6.134e-03,  Loss_bcs: 1.685e-05, Loss_ut_ics: 1.358e-01, lr: 1.000e-03, Time: 7.03e+02
Model state saved to ./results/models/checkpoints/schrodinger/qho/2025-09-19_21-56-28-345443/model.pth
Model state saved to ./results/models/checkpoints/schrodinger/qho/2025-09-19_21-56-28-345443/model_weights.pth
It: 635, Loss: 8.425e-04, Loss_res: 8.144e-03,  Loss_bcs: 1.547e-06, Loss_ut_ics: 7.595e-02, lr: 1.000e-03, Time: 7.04e+02
Model state saved to ./results/models/checkpoints/schrodinger/qho/2025-09-19_21-56-28-345443/model.pth
Model state saved to ./results/models/checkpoints/schrodinger/qho/2025-09-19_21-56-28-345443/model_weights.pth
It: 636, Loss: 1.146e-03, Loss_res: 9.940e-03,  Loss_bcs: 4.782e-06, Loss_ut_ics: 1.041e-01, lr: 1.000e-03, Time: 7.05e+02
Model state saved to ./results/models/checkpoints/schrodinger/qho/2025-09-19_21-56-28-345443/model.pth
Model state saved to ./results/models/checkpoints/schrodinger/qho/2025-09-19_21-56-28-345443/model_weights.pth
It: 637, Loss: 7.370e-04, Loss_res: 4.860e-03,  Loss_bcs: 1.020e-05, Loss_ut_ics: 6.782e-02, lr: 1.000e-03, Time: 7.06e+02
Model state saved to ./results/models/checkpoints/schrodinger/qho/2025-09-19_21-56-28-345443/model.pth
Model state saved to ./results/models/checkpoints/schrodinger/qho/2025-09-19_21-56-28-345443/model_weights.pth
It: 638, Loss: 4.322e-04, Loss_res: 1.146e-02,  Loss_bcs: 5.308e-06, Loss_ut_ics: 3.123e-02, lr: 1.000e-03, Time: 7.07e+02
Model state saved to ./results/models/checkpoints/schrodinger/qho/2025-09-19_21-56-28-345443/model.pth
Model state saved to ./results/models/checkpoints/schrodinger/qho/2025-09-19_21-56-28-345443/model_weights.pth
It: 639, Loss: 5.646e-04, Loss_res: 4.352e-03,  Loss_bcs: 2.069e-06, Loss_ut_ics: 5.190e-02, lr: 1.000e-03, Time: 7.08e+02
Model state saved to ./results/models/checkpoints/schrodinger/qho/2025-09-19_21-56-28-345443/model.pth
Model state saved to ./results/models/checkpoints/schrodinger/qho/2025-09-19_21-56-28-345443/model_weights.pth
It: 640, Loss: 1.773e-04, Loss_res: 1.050e-02,  Loss_bcs: 7.283e-06, Loss_ut_ics: 6.498e-03, lr: 1.000e-03, Time: 7.09e+02
Model state saved to ./results/models/checkpoints/schrodinger/qho/2025-09-19_21-56-28-345443/model.pth
Model state saved to ./results/models/checkpoints/schrodinger/qho/2025-09-19_21-56-28-345443/model_weights.pth
It: 641, Loss: 1.198e-03, Loss_res: 1.263e-02,  Loss_bcs: 5.572e-06, Loss_ut_ics: 1.066e-01, lr: 1.000e-03, Time: 7.10e+02
Model state saved to ./results/models/checkpoints/schrodinger/qho/2025-09-19_21-56-28-345443/model.pth
Model state saved to ./results/models/checkpoints/schrodinger/qho/2025-09-19_21-56-28-345443/model_weights.pth
It: 642, Loss: 9.966e-04, Loss_res: 1.315e-02,  Loss_bcs: 8.607e-06, Loss_ut_ics: 8.565e-02, lr: 1.000e-03, Time: 7.11e+02
Model state saved to ./results/models/checkpoints/schrodinger/qho/2025-09-19_21-56-28-345443/model.pth
Model state saved to ./results/models/checkpoints/schrodinger/qho/2025-09-19_21-56-28-345443/model_weights.pth
It: 643, Loss: 6.807e-04, Loss_res: 6.076e-03,  Loss_bcs: 4.236e-06, Loss_ut_ics: 6.158e-02, lr: 1.000e-03, Time: 7.12e+02
Model state saved to ./results/models/checkpoints/schrodinger/qho/2025-09-19_21-56-28-345443/model.pth
Model state saved to ./results/models/checkpoints/schrodinger/qho/2025-09-19_21-56-28-345443/model_weights.pth
It: 644, Loss: 2.706e-04, Loss_res: 1.082e-02,  Loss_bcs: 3.371e-06, Loss_ut_ics: 1.590e-02, lr: 1.000e-03, Time: 7.13e+02
Model state saved to ./results/models/checkpoints/schrodinger/qho/2025-09-19_21-56-28-345443/model.pth
Model state saved to ./results/models/checkpoints/schrodinger/qho/2025-09-19_21-56-28-345443/model_weights.pth
It: 645, Loss: 6.917e-04, Loss_res: 7.669e-03,  Loss_bcs: 1.267e-06, Loss_ut_ics: 6.137e-02, lr: 1.000e-03, Time: 7.15e+02
Model state saved to ./results/models/checkpoints/schrodinger/qho/2025-09-19_21-56-28-345443/model.pth
Model state saved to ./results/models/checkpoints/schrodinger/qho/2025-09-19_21-56-28-345443/model_weights.pth
It: 646, Loss: 7.201e-04, Loss_res: 8.643e-03,  Loss_bcs: 1.421e-06, Loss_ut_ics: 6.322e-02, lr: 1.000e-03, Time: 7.16e+02
Model state saved to ./results/models/checkpoints/schrodinger/qho/2025-09-19_21-56-28-345443/model.pth
Model state saved to ./results/models/checkpoints/schrodinger/qho/2025-09-19_21-56-28-345443/model_weights.pth
It: 647, Loss: 2.982e-04, Loss_res: 1.461e-02,  Loss_bcs: 1.175e-06, Loss_ut_ics: 1.509e-02, lr: 1.000e-03, Time: 7.17e+02
Model state saved to ./results/models/checkpoints/schrodinger/qho/2025-09-19_21-56-28-345443/model.pth
Model state saved to ./results/models/checkpoints/schrodinger/qho/2025-09-19_21-56-28-345443/model_weights.pth
It: 648, Loss: 1.419e-03, Loss_res: 1.085e-02,  Loss_bcs: 1.978e-06, Loss_ut_ics: 1.309e-01, lr: 1.000e-03, Time: 7.18e+02
Model state saved to ./results/models/checkpoints/schrodinger/qho/2025-09-19_21-56-28-345443/model.pth
Model state saved to ./results/models/checkpoints/schrodinger/qho/2025-09-19_21-56-28-345443/model_weights.pth
It: 649, Loss: 8.262e-04, Loss_res: 5.385e-03,  Loss_bcs: 6.584e-06, Loss_ut_ics: 7.658e-02, lr: 1.000e-03, Time: 7.19e+02
Model state saved to ./results/models/checkpoints/schrodinger/qho/2025-09-19_21-56-28-345443/model.pth
Model state saved to ./results/models/checkpoints/schrodinger/qho/2025-09-19_21-56-28-345443/model_weights.pth
It: 650, Loss: 5.699e-04, Loss_res: 5.050e-03,  Loss_bcs: 8.460e-06, Loss_ut_ics: 5.110e-02, lr: 1.000e-03, Time: 7.20e+02
Model state saved to ./results/models/checkpoints/schrodinger/qho/2025-09-19_21-56-28-345443/model.pth
Model state saved to ./results/models/checkpoints/schrodinger/qho/2025-09-19_21-56-28-345443/model_weights.pth
It: 651, Loss: 1.253e-03, Loss_res: 8.261e-03,  Loss_bcs: 4.126e-06, Loss_ut_ics: 1.166e-01, lr: 1.000e-03, Time: 7.21e+02
Model state saved to ./results/models/checkpoints/schrodinger/qho/2025-09-19_21-56-28-345443/model.pth
Model state saved to ./results/models/checkpoints/schrodinger/qho/2025-09-19_21-56-28-345443/model_weights.pth
It: 652, Loss: 1.756e-03, Loss_res: 9.832e-03,  Loss_bcs: 2.474e-06, Loss_ut_ics: 1.656e-01, lr: 1.000e-03, Time: 7.22e+02
Model state saved to ./results/models/checkpoints/schrodinger/qho/2025-09-19_21-56-28-345443/model.pth
Model state saved to ./results/models/checkpoints/schrodinger/qho/2025-09-19_21-56-28-345443/model_weights.pth
It: 653, Loss: 1.211e-03, Loss_res: 1.255e-02,  Loss_bcs: 1.497e-06, Loss_ut_ics: 1.084e-01, lr: 1.000e-03, Time: 7.23e+02
Model state saved to ./results/models/checkpoints/schrodinger/qho/2025-09-19_21-56-28-345443/model.pth
Model state saved to ./results/models/checkpoints/schrodinger/qho/2025-09-19_21-56-28-345443/model_weights.pth
It: 654, Loss: 1.883e-03, Loss_res: 1.062e-02,  Loss_bcs: 3.024e-06, Loss_ut_ics: 1.774e-01, lr: 1.000e-03, Time: 7.24e+02
Model state saved to ./results/models/checkpoints/schrodinger/qho/2025-09-19_21-56-28-345443/model.pth
Model state saved to ./results/models/checkpoints/schrodinger/qho/2025-09-19_21-56-28-345443/model_weights.pth
It: 655, Loss: 1.840e-04, Loss_res: 1.246e-02,  Loss_bcs: 2.452e-06, Loss_ut_ics: 5.697e-03, lr: 1.000e-03, Time: 7.25e+02
Model state saved to ./results/models/checkpoints/schrodinger/qho/2025-09-19_21-56-28-345443/model.pth
Model state saved to ./results/models/checkpoints/schrodinger/qho/2025-09-19_21-56-28-345443/model_weights.pth
It: 656, Loss: 6.425e-04, Loss_res: 3.669e-03,  Loss_bcs: 3.657e-06, Loss_ut_ics: 6.022e-02, lr: 1.000e-03, Time: 7.27e+02
Model state saved to ./results/models/checkpoints/schrodinger/qho/2025-09-19_21-56-28-345443/model.pth
Model state saved to ./results/models/checkpoints/schrodinger/qho/2025-09-19_21-56-28-345443/model_weights.pth
It: 657, Loss: 5.026e-04, Loss_res: 1.031e-02,  Loss_bcs: 9.761e-06, Loss_ut_ics: 3.898e-02, lr: 1.000e-03, Time: 7.28e+02
Model state saved to ./results/models/checkpoints/schrodinger/qho/2025-09-19_21-56-28-345443/model.pth
Model state saved to ./results/models/checkpoints/schrodinger/qho/2025-09-19_21-56-28-345443/model_weights.pth
It: 658, Loss: 9.768e-04, Loss_res: 1.153e-02,  Loss_bcs: 6.941e-06, Loss_ut_ics: 8.545e-02, lr: 1.000e-03, Time: 7.29e+02
Model state saved to ./results/models/checkpoints/schrodinger/qho/2025-09-19_21-56-28-345443/model.pth
Model state saved to ./results/models/checkpoints/schrodinger/qho/2025-09-19_21-56-28-345443/model_weights.pth
It: 659, Loss: 2.283e-04, Loss_res: 9.419e-03,  Loss_bcs: 5.329e-06, Loss_ut_ics: 1.288e-02, lr: 1.000e-03, Time: 7.30e+02
Model state saved to ./results/models/checkpoints/schrodinger/qho/2025-09-19_21-56-28-345443/model.pth
Model state saved to ./results/models/checkpoints/schrodinger/qho/2025-09-19_21-56-28-345443/model_weights.pth
It: 660, Loss: 6.015e-05, Loss_res: 4.710e-03,  Loss_bcs: 7.439e-07, Loss_ut_ics: 1.231e-03, lr: 1.000e-03, Time: 7.31e+02
Model state saved to ./results/models/checkpoints/schrodinger/qho/2025-09-19_21-56-28-345443/model.pth
Model state saved to ./results/models/checkpoints/schrodinger/qho/2025-09-19_21-56-28-345443/model_weights.pth
It: 661, Loss: 4.919e-04, Loss_res: 1.135e-02,  Loss_bcs: 1.742e-06, Loss_ut_ics: 3.767e-02, lr: 1.000e-03, Time: 7.32e+02
Model state saved to ./results/models/checkpoints/schrodinger/qho/2025-09-19_21-56-28-345443/model.pth
Model state saved to ./results/models/checkpoints/schrodinger/qho/2025-09-19_21-56-28-345443/model_weights.pth
It: 662, Loss: 9.168e-05, Loss_res: 4.792e-03,  Loss_bcs: 1.173e-06, Loss_ut_ics: 4.259e-03, lr: 1.000e-03, Time: 7.33e+02
Model state saved to ./results/models/checkpoints/schrodinger/qho/2025-09-19_21-56-28-345443/model.pth
Model state saved to ./results/models/checkpoints/schrodinger/qho/2025-09-19_21-56-28-345443/model_weights.pth
It: 663, Loss: 4.998e-04, Loss_res: 1.109e-02,  Loss_bcs: 2.225e-06, Loss_ut_ics: 3.867e-02, lr: 1.000e-03, Time: 7.34e+02
Model state saved to ./results/models/checkpoints/schrodinger/qho/2025-09-19_21-56-28-345443/model.pth
Model state saved to ./results/models/checkpoints/schrodinger/qho/2025-09-19_21-56-28-345443/model_weights.pth
It: 664, Loss: 3.522e-04, Loss_res: 7.720e-03,  Loss_bcs: 2.555e-06, Loss_ut_ics: 2.725e-02, lr: 1.000e-03, Time: 7.35e+02
Model state saved to ./results/models/checkpoints/schrodinger/qho/2025-09-19_21-56-28-345443/model.pth
Model state saved to ./results/models/checkpoints/schrodinger/qho/2025-09-19_21-56-28-345443/model_weights.pth
It: 665, Loss: 5.953e-04, Loss_res: 1.279e-02,  Loss_bcs: 7.548e-06, Loss_ut_ics: 4.598e-02, lr: 1.000e-03, Time: 7.36e+02
Model state saved to ./results/models/checkpoints/schrodinger/qho/2025-09-19_21-56-28-345443/model.pth
Model state saved to ./results/models/checkpoints/schrodinger/qho/2025-09-19_21-56-28-345443/model_weights.pth
It: 666, Loss: 8.673e-04, Loss_res: 1.971e-02,  Loss_bcs: 1.186e-05, Loss_ut_ics: 6.583e-02, lr: 1.000e-03, Time: 7.38e+02
Model state saved to ./results/models/checkpoints/schrodinger/qho/2025-09-19_21-56-28-345443/model.pth
Model state saved to ./results/models/checkpoints/schrodinger/qho/2025-09-19_21-56-28-345443/model_weights.pth
It: 667, Loss: 8.814e-04, Loss_res: 4.656e-03,  Loss_bcs: 7.918e-06, Loss_ut_ics: 8.269e-02, lr: 1.000e-03, Time: 7.39e+02
Model state saved to ./results/models/checkpoints/schrodinger/qho/2025-09-19_21-56-28-345443/model.pth
Model state saved to ./results/models/checkpoints/schrodinger/qho/2025-09-19_21-56-28-345443/model_weights.pth
It: 668, Loss: 1.498e-04, Loss_res: 1.221e-02,  Loss_bcs: 1.870e-06, Loss_ut_ics: 2.583e-03, lr: 1.000e-03, Time: 7.40e+02
Model state saved to ./results/models/checkpoints/schrodinger/qho/2025-09-19_21-56-28-345443/model.pth
Model state saved to ./results/models/checkpoints/schrodinger/qho/2025-09-19_21-56-28-345443/model_weights.pth
It: 669, Loss: 7.055e-04, Loss_res: 9.394e-03,  Loss_bcs: 3.288e-06, Loss_ut_ics: 6.083e-02, lr: 1.000e-03, Time: 7.41e+02
Model state saved to ./results/models/checkpoints/schrodinger/qho/2025-09-19_21-56-28-345443/model.pth
Model state saved to ./results/models/checkpoints/schrodinger/qho/2025-09-19_21-56-28-345443/model_weights.pth
It: 670, Loss: 1.044e-03, Loss_res: 1.126e-02,  Loss_bcs: 1.963e-06, Loss_ut_ics: 9.292e-02, lr: 1.000e-03, Time: 7.42e+02
Model state saved to ./results/models/checkpoints/schrodinger/qho/2025-09-19_21-56-28-345443/model.pth
Model state saved to ./results/models/checkpoints/schrodinger/qho/2025-09-19_21-56-28-345443/model_weights.pth
It: 671, Loss: 5.551e-04, Loss_res: 1.914e-02,  Loss_bcs: 1.862e-06, Loss_ut_ics: 3.619e-02, lr: 1.000e-03, Time: 7.43e+02
Model state saved to ./results/models/checkpoints/schrodinger/qho/2025-09-19_21-56-28-345443/model.pth
Model state saved to ./results/models/checkpoints/schrodinger/qho/2025-09-19_21-56-28-345443/model_weights.pth
It: 672, Loss: 9.233e-04, Loss_res: 3.873e-03,  Loss_bcs: 1.081e-05, Loss_ut_ics: 8.738e-02, lr: 1.000e-03, Time: 7.44e+02
Model state saved to ./results/models/checkpoints/schrodinger/qho/2025-09-19_21-56-28-345443/model.pth
Model state saved to ./results/models/checkpoints/schrodinger/qho/2025-09-19_21-56-28-345443/model_weights.pth
It: 673, Loss: 9.817e-05, Loss_res: 7.686e-03,  Loss_bcs: 7.607e-06, Loss_ut_ics: 1.370e-03, lr: 1.000e-03, Time: 7.45e+02
Model state saved to ./results/models/checkpoints/schrodinger/qho/2025-09-19_21-56-28-345443/model.pth
Model state saved to ./results/models/checkpoints/schrodinger/qho/2025-09-19_21-56-28-345443/model_weights.pth
It: 674, Loss: 5.625e-04, Loss_res: 1.245e-02,  Loss_bcs: 2.913e-06, Loss_ut_ics: 4.350e-02, lr: 1.000e-03, Time: 7.46e+02
Model state saved to ./results/models/checkpoints/schrodinger/qho/2025-09-19_21-56-28-345443/model.pth
Model state saved to ./results/models/checkpoints/schrodinger/qho/2025-09-19_21-56-28-345443/model_weights.pth
It: 675, Loss: 6.112e-04, Loss_res: 6.833e-03,  Loss_bcs: 1.733e-06, Loss_ut_ics: 5.411e-02, lr: 1.000e-03, Time: 7.47e+02
Model state saved to ./results/models/checkpoints/schrodinger/qho/2025-09-19_21-56-28-345443/model.pth
Model state saved to ./results/models/checkpoints/schrodinger/qho/2025-09-19_21-56-28-345443/model_weights.pth
It: 676, Loss: 1.690e-04, Loss_res: 1.449e-02,  Loss_bcs: 2.335e-06, Loss_ut_ics: 2.180e-03, lr: 1.000e-03, Time: 7.48e+02
Model state saved to ./results/models/checkpoints/schrodinger/qho/2025-09-19_21-56-28-345443/model.pth
Model state saved to ./results/models/checkpoints/schrodinger/qho/2025-09-19_21-56-28-345443/model_weights.pth
It: 677, Loss: 2.130e-04, Loss_res: 8.878e-03,  Loss_bcs: 2.817e-06, Loss_ut_ics: 1.214e-02, lr: 1.000e-03, Time: 7.50e+02
Model state saved to ./results/models/checkpoints/schrodinger/qho/2025-09-19_21-56-28-345443/model.pth
Model state saved to ./results/models/checkpoints/schrodinger/qho/2025-09-19_21-56-28-345443/model_weights.pth
It: 678, Loss: 1.357e-03, Loss_res: 1.258e-02,  Loss_bcs: 5.648e-06, Loss_ut_ics: 1.225e-01, lr: 1.000e-03, Time: 7.51e+02
Model state saved to ./results/models/checkpoints/schrodinger/qho/2025-09-19_21-56-28-345443/model.pth
Model state saved to ./results/models/checkpoints/schrodinger/qho/2025-09-19_21-56-28-345443/model_weights.pth
It: 679, Loss: 1.101e-04, Loss_res: 9.331e-03,  Loss_bcs: 1.311e-05, Loss_ut_ics: 3.718e-04, lr: 1.000e-03, Time: 7.52e+02
Model state saved to ./results/models/checkpoints/schrodinger/qho/2025-09-19_21-56-28-345443/model.pth
Model state saved to ./results/models/checkpoints/schrodinger/qho/2025-09-19_21-56-28-345443/model_weights.pth
It: 680, Loss: 1.595e-03, Loss_res: 9.651e-03,  Loss_bcs: 1.321e-05, Loss_ut_ics: 1.485e-01, lr: 1.000e-03, Time: 7.53e+02
Model state saved to ./results/models/checkpoints/schrodinger/qho/2025-09-19_21-56-28-345443/model.pth
Model state saved to ./results/models/checkpoints/schrodinger/qho/2025-09-19_21-56-28-345443/model_weights.pth
It: 681, Loss: 1.114e-03, Loss_res: 1.267e-02,  Loss_bcs: 5.144e-06, Loss_ut_ics: 9.820e-02, lr: 1.000e-03, Time: 7.54e+02
Model state saved to ./results/models/checkpoints/schrodinger/qho/2025-09-19_21-56-28-345443/model.pth
Model state saved to ./results/models/checkpoints/schrodinger/qho/2025-09-19_21-56-28-345443/model_weights.pth
It: 682, Loss: 6.549e-04, Loss_res: 1.242e-02,  Loss_bcs: 3.425e-06, Loss_ut_ics: 5.272e-02, lr: 1.000e-03, Time: 7.55e+02
Model state saved to ./results/models/checkpoints/schrodinger/qho/2025-09-19_21-56-28-345443/model.pth
Model state saved to ./results/models/checkpoints/schrodinger/qho/2025-09-19_21-56-28-345443/model_weights.pth
It: 683, Loss: 1.170e-04, Loss_res: 9.980e-03,  Loss_bcs: 1.475e-05, Loss_ut_ics: 2.448e-04, lr: 1.000e-03, Time: 7.56e+02
Model state saved to ./results/models/checkpoints/schrodinger/qho/2025-09-19_21-56-28-345443/model.pth
Model state saved to ./results/models/checkpoints/schrodinger/qho/2025-09-19_21-56-28-345443/model_weights.pth
It: 684, Loss: 1.131e-03, Loss_res: 1.580e-02,  Loss_bcs: 1.559e-05, Loss_ut_ics: 9.576e-02, lr: 1.000e-03, Time: 7.57e+02
Model state saved to ./results/models/checkpoints/schrodinger/qho/2025-09-19_21-56-28-345443/model.pth
Model state saved to ./results/models/checkpoints/schrodinger/qho/2025-09-19_21-56-28-345443/model_weights.pth
It: 685, Loss: 1.024e-03, Loss_res: 8.781e-03,  Loss_bcs: 2.809e-06, Loss_ut_ics: 9.330e-02, lr: 1.000e-03, Time: 7.58e+02
Model state saved to ./results/models/checkpoints/schrodinger/qho/2025-09-19_21-56-28-345443/model.pth
Model state saved to ./results/models/checkpoints/schrodinger/qho/2025-09-19_21-56-28-345443/model_weights.pth
It: 686, Loss: 6.926e-05, Loss_res: 5.022e-03,  Loss_bcs: 1.417e-05, Loss_ut_ics: 4.874e-04, lr: 1.000e-03, Time: 7.59e+02
Model state saved to ./results/models/checkpoints/schrodinger/qho/2025-09-19_21-56-28-345443/model.pth
Model state saved to ./results/models/checkpoints/schrodinger/qho/2025-09-19_21-56-28-345443/model_weights.pth
It: 687, Loss: 2.976e-04, Loss_res: 3.958e-03,  Loss_bcs: 3.982e-05, Loss_ut_ics: 2.182e-02, lr: 1.000e-03, Time: 7.60e+02
Model state saved to ./results/models/checkpoints/schrodinger/qho/2025-09-19_21-56-28-345443/model.pth
Model state saved to ./results/models/checkpoints/schrodinger/qho/2025-09-19_21-56-28-345443/model_weights.pth
It: 688, Loss: 6.485e-04, Loss_res: 1.106e-02,  Loss_bcs: 2.199e-05, Loss_ut_ics: 5.160e-02, lr: 1.000e-03, Time: 7.62e+02
Model state saved to ./results/models/checkpoints/schrodinger/qho/2025-09-19_21-56-28-345443/model.pth
Model state saved to ./results/models/checkpoints/schrodinger/qho/2025-09-19_21-56-28-345443/model_weights.pth
It: 689, Loss: 5.771e-04, Loss_res: 6.734e-03,  Loss_bcs: 2.254e-06, Loss_ut_ics: 5.075e-02, lr: 1.000e-03, Time: 7.63e+02
Model state saved to ./results/models/checkpoints/schrodinger/qho/2025-09-19_21-56-28-345443/model.pth
Model state saved to ./results/models/checkpoints/schrodinger/qho/2025-09-19_21-56-28-345443/model_weights.pth
It: 690, Loss: 1.884e-04, Loss_res: 1.836e-02,  Loss_bcs: 2.331e-06, Loss_ut_ics: 2.471e-04, lr: 1.000e-03, Time: 7.64e+02
Model state saved to ./results/models/checkpoints/schrodinger/qho/2025-09-19_21-56-28-345443/model.pth
Model state saved to ./results/models/checkpoints/schrodinger/qho/2025-09-19_21-56-28-345443/model_weights.pth
It: 691, Loss: 1.124e-03, Loss_res: 1.044e-02,  Loss_bcs: 1.577e-06, Loss_ut_ics: 1.018e-01, lr: 1.000e-03, Time: 7.65e+02
Model state saved to ./results/models/checkpoints/schrodinger/qho/2025-09-19_21-56-28-345443/model.pth
Model state saved to ./results/models/checkpoints/schrodinger/qho/2025-09-19_21-56-28-345443/model_weights.pth
It: 692, Loss: 1.502e-03, Loss_res: 1.091e-02,  Loss_bcs: 1.647e-06, Loss_ut_ics: 1.391e-01, lr: 1.000e-03, Time: 7.66e+02
Model state saved to ./results/models/checkpoints/schrodinger/qho/2025-09-19_21-56-28-345443/model.pth
Model state saved to ./results/models/checkpoints/schrodinger/qho/2025-09-19_21-56-28-345443/model_weights.pth
It: 693, Loss: 5.919e-04, Loss_res: 7.160e-03,  Loss_bcs: 1.342e-06, Loss_ut_ics: 5.189e-02, lr: 1.000e-03, Time: 7.67e+02
Model state saved to ./results/models/checkpoints/schrodinger/qho/2025-09-19_21-56-28-345443/model.pth
Model state saved to ./results/models/checkpoints/schrodinger/qho/2025-09-19_21-56-28-345443/model_weights.pth
It: 694, Loss: 1.429e-04, Loss_res: 1.370e-02,  Loss_bcs: 4.633e-06, Loss_ut_ics: 1.276e-04, lr: 1.000e-03, Time: 7.68e+02
Model state saved to ./results/models/checkpoints/schrodinger/qho/2025-09-19_21-56-28-345443/model.pth
Model state saved to ./results/models/checkpoints/schrodinger/qho/2025-09-19_21-56-28-345443/model_weights.pth
It: 695, Loss: 6.148e-04, Loss_res: 4.646e-03,  Loss_bcs: 9.318e-06, Loss_ut_ics: 5.590e-02, lr: 1.000e-03, Time: 7.69e+02
Model state saved to ./results/models/checkpoints/schrodinger/qho/2025-09-19_21-56-28-345443/model.pth
Model state saved to ./results/models/checkpoints/schrodinger/qho/2025-09-19_21-56-28-345443/model_weights.pth
It: 696, Loss: 1.263e-03, Loss_res: 1.166e-02,  Loss_bcs: 6.896e-06, Loss_ut_ics: 1.139e-01, lr: 1.000e-03, Time: 7.70e+02
Model state saved to ./results/models/checkpoints/schrodinger/qho/2025-09-19_21-56-28-345443/model.pth
Model state saved to ./results/models/checkpoints/schrodinger/qho/2025-09-19_21-56-28-345443/model_weights.pth
It: 697, Loss: 1.999e-04, Loss_res: 6.621e-03,  Loss_bcs: 2.623e-06, Loss_ut_ics: 1.310e-02, lr: 1.000e-03, Time: 7.71e+02
Model state saved to ./results/models/checkpoints/schrodinger/qho/2025-09-19_21-56-28-345443/model.pth
Model state saved to ./results/models/checkpoints/schrodinger/qho/2025-09-19_21-56-28-345443/model_weights.pth
It: 698, Loss: 1.138e-04, Loss_res: 4.892e-03,  Loss_bcs: 2.694e-06, Loss_ut_ics: 6.215e-03, lr: 1.000e-03, Time: 7.72e+02
Model state saved to ./results/models/checkpoints/schrodinger/qho/2025-09-19_21-56-28-345443/model.pth
Model state saved to ./results/models/checkpoints/schrodinger/qho/2025-09-19_21-56-28-345443/model_weights.pth
It: 699, Loss: 2.125e-04, Loss_res: 1.232e-02,  Loss_bcs: 3.416e-06, Loss_ut_ics: 8.583e-03, lr: 1.000e-03, Time: 7.74e+02
Model state saved to ./results/models/checkpoints/schrodinger/qho/2025-09-19_21-56-28-345443/model.pth
Model state saved to ./results/models/checkpoints/schrodinger/qho/2025-09-19_21-56-28-345443/model_weights.pth
It: 700, Loss: 6.331e-04, Loss_res: 7.160e-03,  Loss_bcs: 4.572e-06, Loss_ut_ics: 5.569e-02, lr: 1.000e-03, Time: 7.75e+02
Model state saved to ./results/models/checkpoints/schrodinger/qho/2025-09-19_21-56-28-345443/model.pth
Model state saved to ./results/models/checkpoints/schrodinger/qho/2025-09-19_21-56-28-345443/model_weights.pth
It: 701, Loss: 9.257e-05, Loss_res: 8.552e-03,  Loss_bcs: 6.398e-06, Loss_ut_ics: 6.588e-05, lr: 1.000e-03, Time: 7.76e+02
Model state saved to ./results/models/checkpoints/schrodinger/qho/2025-09-19_21-56-28-345443/model.pth
Model state saved to ./results/models/checkpoints/schrodinger/qho/2025-09-19_21-56-28-345443/model_weights.pth
It: 702, Loss: 6.662e-04, Loss_res: 1.939e-02,  Loss_bcs: 6.329e-06, Loss_ut_ics: 4.659e-02, lr: 1.000e-03, Time: 7.77e+02
Model state saved to ./results/models/checkpoints/schrodinger/qho/2025-09-19_21-56-28-345443/model.pth
Model state saved to ./results/models/checkpoints/schrodinger/qho/2025-09-19_21-56-28-345443/model_weights.pth
It: 703, Loss: 6.997e-04, Loss_res: 1.628e-02,  Loss_bcs: 2.590e-06, Loss_ut_ics: 5.343e-02, lr: 1.000e-03, Time: 7.78e+02
Model state saved to ./results/models/checkpoints/schrodinger/qho/2025-09-19_21-56-28-345443/model.pth
Model state saved to ./results/models/checkpoints/schrodinger/qho/2025-09-19_21-56-28-345443/model_weights.pth
It: 704, Loss: 9.926e-05, Loss_res: 8.291e-03,  Loss_bcs: 7.811e-07, Loss_ut_ics: 1.558e-03, lr: 1.000e-03, Time: 7.79e+02
Model state saved to ./results/models/checkpoints/schrodinger/qho/2025-09-19_21-56-28-345443/model.pth
Model state saved to ./results/models/checkpoints/schrodinger/qho/2025-09-19_21-56-28-345443/model_weights.pth
It: 705, Loss: 5.140e-04, Loss_res: 1.840e-03,  Loss_bcs: 1.052e-06, Loss_ut_ics: 4.945e-02, lr: 1.000e-03, Time: 7.80e+02
Model state saved to ./results/models/checkpoints/schrodinger/qho/2025-09-19_21-56-28-345443/model.pth
Model state saved to ./results/models/checkpoints/schrodinger/qho/2025-09-19_21-56-28-345443/model_weights.pth
It: 706, Loss: 5.683e-04, Loss_res: 5.502e-03,  Loss_bcs: 1.236e-06, Loss_ut_ics: 5.121e-02, lr: 1.000e-03, Time: 7.81e+02
Model state saved to ./results/models/checkpoints/schrodinger/qho/2025-09-19_21-56-28-345443/model.pth
Model state saved to ./results/models/checkpoints/schrodinger/qho/2025-09-19_21-56-28-345443/model_weights.pth
It: 707, Loss: 8.598e-04, Loss_res: 1.293e-02,  Loss_bcs: 7.657e-07, Loss_ut_ics: 7.297e-02, lr: 1.000e-03, Time: 7.82e+02
Model state saved to ./results/models/checkpoints/schrodinger/qho/2025-09-19_21-56-28-345443/model.pth
Model state saved to ./results/models/checkpoints/schrodinger/qho/2025-09-19_21-56-28-345443/model_weights.pth
It: 708, Loss: 5.473e-04, Loss_res: 1.099e-02,  Loss_bcs: 5.431e-06, Loss_ut_ics: 4.320e-02, lr: 1.000e-03, Time: 7.83e+02
Model state saved to ./results/models/checkpoints/schrodinger/qho/2025-09-19_21-56-28-345443/model.pth
Model state saved to ./results/models/checkpoints/schrodinger/qho/2025-09-19_21-56-28-345443/model_weights.pth
It: 709, Loss: 6.468e-04, Loss_res: 1.084e-02,  Loss_bcs: 6.003e-06, Loss_ut_ics: 5.324e-02, lr: 1.000e-03, Time: 7.84e+02
Model state saved to ./results/models/checkpoints/schrodinger/qho/2025-09-19_21-56-28-345443/model.pth
Model state saved to ./results/models/checkpoints/schrodinger/qho/2025-09-19_21-56-28-345443/model_weights.pth
It: 710, Loss: 5.850e-04, Loss_res: 7.387e-03,  Loss_bcs: 5.970e-06, Loss_ut_ics: 5.052e-02, lr: 1.000e-03, Time: 7.86e+02
Model state saved to ./results/models/checkpoints/schrodinger/qho/2025-09-19_21-56-28-345443/model.pth
Model state saved to ./results/models/checkpoints/schrodinger/qho/2025-09-19_21-56-28-345443/model_weights.pth
It: 711, Loss: 2.039e-04, Loss_res: 1.101e-02,  Loss_bcs: 6.201e-06, Loss_ut_ics: 8.760e-03, lr: 1.000e-03, Time: 7.87e+02
Model state saved to ./results/models/checkpoints/schrodinger/qho/2025-09-19_21-56-28-345443/model.pth
Model state saved to ./results/models/checkpoints/schrodinger/qho/2025-09-19_21-56-28-345443/model_weights.pth
It: 712, Loss: 1.012e-04, Loss_res: 8.590e-03,  Loss_bcs: 2.267e-06, Loss_ut_ics: 1.306e-03, lr: 1.000e-03, Time: 7.88e+02
Model state saved to ./results/models/checkpoints/schrodinger/qho/2025-09-19_21-56-28-345443/model.pth
Model state saved to ./results/models/checkpoints/schrodinger/qho/2025-09-19_21-56-28-345443/model_weights.pth
It: 713, Loss: 1.061e-04, Loss_res: 1.018e-02,  Loss_bcs: 2.512e-06, Loss_ut_ics: 1.708e-04, lr: 1.000e-03, Time: 7.89e+02
Model state saved to ./results/models/checkpoints/schrodinger/qho/2025-09-19_21-56-28-345443/model.pth
Model state saved to ./results/models/checkpoints/schrodinger/qho/2025-09-19_21-56-28-345443/model_weights.pth
It: 714, Loss: 6.404e-04, Loss_res: 9.467e-03,  Loss_bcs: 2.228e-06, Loss_ut_ics: 5.435e-02, lr: 1.000e-03, Time: 7.90e+02
Model state saved to ./results/models/checkpoints/schrodinger/qho/2025-09-19_21-56-28-345443/model.pth
Model state saved to ./results/models/checkpoints/schrodinger/qho/2025-09-19_21-56-28-345443/model_weights.pth
It: 715, Loss: 7.198e-05, Loss_res: 6.689e-03,  Loss_bcs: 2.336e-06, Loss_ut_ics: 2.747e-04, lr: 1.000e-03, Time: 7.91e+02
Model state saved to ./results/models/checkpoints/schrodinger/qho/2025-09-19_21-56-28-345443/model.pth
Model state saved to ./results/models/checkpoints/schrodinger/qho/2025-09-19_21-56-28-345443/model_weights.pth
It: 716, Loss: 5.776e-04, Loss_res: 1.557e-02,  Loss_bcs: 4.848e-06, Loss_ut_ics: 4.171e-02, lr: 1.000e-03, Time: 7.92e+02
Model state saved to ./results/models/checkpoints/schrodinger/qho/2025-09-19_21-56-28-345443/model.pth
Model state saved to ./results/models/checkpoints/schrodinger/qho/2025-09-19_21-56-28-345443/model_weights.pth
It: 717, Loss: 7.032e-04, Loss_res: 8.577e-03,  Loss_bcs: 3.676e-06, Loss_ut_ics: 6.137e-02, lr: 1.000e-03, Time: 7.93e+02
Model state saved to ./results/models/checkpoints/schrodinger/qho/2025-09-19_21-56-28-345443/model.pth
Model state saved to ./results/models/checkpoints/schrodinger/qho/2025-09-19_21-56-28-345443/model_weights.pth
It: 718, Loss: 1.491e-04, Loss_res: 1.347e-02,  Loss_bcs: 2.486e-06, Loss_ut_ics: 1.195e-03, lr: 1.000e-03, Time: 7.94e+02
Model state saved to ./results/models/checkpoints/schrodinger/qho/2025-09-19_21-56-28-345443/model.pth
Model state saved to ./results/models/checkpoints/schrodinger/qho/2025-09-19_21-56-28-345443/model_weights.pth
It: 719, Loss: 8.254e-04, Loss_res: 7.419e-03,  Loss_bcs: 1.903e-06, Loss_ut_ics: 7.493e-02, lr: 1.000e-03, Time: 7.95e+02
Model state saved to ./results/models/checkpoints/schrodinger/qho/2025-09-19_21-56-28-345443/model.pth
Model state saved to ./results/models/checkpoints/schrodinger/qho/2025-09-19_21-56-28-345443/model_weights.pth
It: 720, Loss: 1.081e-04, Loss_res: 1.031e-02,  Loss_bcs: 1.637e-06, Loss_ut_ics: 3.359e-04, lr: 1.000e-03, Time: 7.96e+02
Model state saved to ./results/models/checkpoints/schrodinger/qho/2025-09-19_21-56-28-345443/model.pth
Model state saved to ./results/models/checkpoints/schrodinger/qho/2025-09-19_21-56-28-345443/model_weights.pth
It: 721, Loss: 5.740e-04, Loss_res: 1.850e-02,  Loss_bcs: 1.156e-06, Loss_ut_ics: 3.878e-02, lr: 1.000e-03, Time: 7.98e+02
Model state saved to ./results/models/checkpoints/schrodinger/qho/2025-09-19_21-56-28-345443/model.pth
Model state saved to ./results/models/checkpoints/schrodinger/qho/2025-09-19_21-56-28-345443/model_weights.pth
It: 722, Loss: 5.878e-04, Loss_res: 5.757e-03,  Loss_bcs: 5.718e-07, Loss_ut_ics: 5.297e-02, lr: 1.000e-03, Time: 7.99e+02
Model state saved to ./results/models/checkpoints/schrodinger/qho/2025-09-19_21-56-28-345443/model.pth
Model state saved to ./results/models/checkpoints/schrodinger/qho/2025-09-19_21-56-28-345443/model_weights.pth
It: 723, Loss: 3.447e-04, Loss_res: 1.599e-02,  Loss_bcs: 2.040e-06, Loss_ut_ics: 1.828e-02, lr: 1.000e-03, Time: 8.00e+02
Model state saved to ./results/models/checkpoints/schrodinger/qho/2025-09-19_21-56-28-345443/model.pth
Model state saved to ./results/models/checkpoints/schrodinger/qho/2025-09-19_21-56-28-345443/model_weights.pth
It: 724, Loss: 1.165e-04, Loss_res: 8.996e-03,  Loss_bcs: 1.984e-06, Loss_ut_ics: 2.452e-03, lr: 1.000e-03, Time: 8.01e+02
Model state saved to ./results/models/checkpoints/schrodinger/qho/2025-09-19_21-56-28-345443/model.pth
Model state saved to ./results/models/checkpoints/schrodinger/qho/2025-09-19_21-56-28-345443/model_weights.pth
It: 725, Loss: 3.556e-04, Loss_res: 2.264e-03,  Loss_bcs: 2.029e-06, Loss_ut_ics: 3.309e-02, lr: 1.000e-03, Time: 8.02e+02
Model state saved to ./results/models/checkpoints/schrodinger/qho/2025-09-19_21-56-28-345443/model.pth
Model state saved to ./results/models/checkpoints/schrodinger/qho/2025-09-19_21-56-28-345443/model_weights.pth
It: 726, Loss: 5.592e-04, Loss_res: 9.041e-03,  Loss_bcs: 2.518e-06, Loss_ut_ics: 4.663e-02, lr: 1.000e-03, Time: 8.03e+02
Model state saved to ./results/models/checkpoints/schrodinger/qho/2025-09-19_21-56-28-345443/model.pth
Model state saved to ./results/models/checkpoints/schrodinger/qho/2025-09-19_21-56-28-345443/model_weights.pth
It: 727, Loss: 6.396e-04, Loss_res: 7.323e-03,  Loss_bcs: 4.041e-06, Loss_ut_ics: 5.624e-02, lr: 1.000e-03, Time: 8.04e+02
Model state saved to ./results/models/checkpoints/schrodinger/qho/2025-09-19_21-56-28-345443/model.pth
Model state saved to ./results/models/checkpoints/schrodinger/qho/2025-09-19_21-56-28-345443/model_weights.pth
It: 728, Loss: 3.069e-04, Loss_res: 1.094e-02,  Loss_bcs: 2.417e-06, Loss_ut_ics: 1.951e-02, lr: 1.000e-03, Time: 8.05e+02
Model state saved to ./results/models/checkpoints/schrodinger/qho/2025-09-19_21-56-28-345443/model.pth
Model state saved to ./results/models/checkpoints/schrodinger/qho/2025-09-19_21-56-28-345443/model_weights.pth
It: 729, Loss: 3.179e-04, Loss_res: 1.007e-02,  Loss_bcs: 5.245e-06, Loss_ut_ics: 2.120e-02, lr: 1.000e-03, Time: 8.06e+02
Model state saved to ./results/models/checkpoints/schrodinger/qho/2025-09-19_21-56-28-345443/model.pth
Model state saved to ./results/models/checkpoints/schrodinger/qho/2025-09-19_21-56-28-345443/model_weights.pth
It: 730, Loss: 4.226e-04, Loss_res: 1.836e-02,  Loss_bcs: 1.013e-05, Loss_ut_ics: 2.289e-02, lr: 1.000e-03, Time: 8.07e+02
Model state saved to ./results/models/checkpoints/schrodinger/qho/2025-09-19_21-56-28-345443/model.pth
Model state saved to ./results/models/checkpoints/schrodinger/qho/2025-09-19_21-56-28-345443/model_weights.pth
It: 731, Loss: 5.636e-04, Loss_res: 5.691e-03,  Loss_bcs: 6.826e-06, Loss_ut_ics: 4.999e-02, lr: 1.000e-03, Time: 8.08e+02
Model state saved to ./results/models/checkpoints/schrodinger/qho/2025-09-19_21-56-28-345443/model.pth
Model state saved to ./results/models/checkpoints/schrodinger/qho/2025-09-19_21-56-28-345443/model_weights.pth
It: 732, Loss: 3.471e-04, Loss_res: 1.006e-02,  Loss_bcs: 4.413e-06, Loss_ut_ics: 2.420e-02, lr: 1.000e-03, Time: 8.10e+02
Model state saved to ./results/models/checkpoints/schrodinger/qho/2025-09-19_21-56-28-345443/model.pth
Model state saved to ./results/models/checkpoints/schrodinger/qho/2025-09-19_21-56-28-345443/model_weights.pth
It: 733, Loss: 1.499e-04, Loss_res: 1.437e-02,  Loss_bcs: 2.969e-06, Loss_ut_ics: 3.230e-04, lr: 1.000e-03, Time: 8.11e+02
Model state saved to ./results/models/checkpoints/schrodinger/qho/2025-09-19_21-56-28-345443/model.pth
Model state saved to ./results/models/checkpoints/schrodinger/qho/2025-09-19_21-56-28-345443/model_weights.pth
It: 734, Loss: 5.463e-04, Loss_res: 2.097e-02,  Loss_bcs: 2.740e-06, Loss_ut_ics: 3.338e-02, lr: 1.000e-03, Time: 8.12e+02
Model state saved to ./results/models/checkpoints/schrodinger/qho/2025-09-19_21-56-28-345443/model.pth
Model state saved to ./results/models/checkpoints/schrodinger/qho/2025-09-19_21-56-28-345443/model_weights.pth
It: 735, Loss: 4.610e-04, Loss_res: 1.940e-02,  Loss_bcs: 1.593e-06, Loss_ut_ics: 2.654e-02, lr: 1.000e-03, Time: 8.13e+02
Model state saved to ./results/models/checkpoints/schrodinger/qho/2025-09-19_21-56-28-345443/model.pth
Model state saved to ./results/models/checkpoints/schrodinger/qho/2025-09-19_21-56-28-345443/model_weights.pth
It: 736, Loss: 1.505e-04, Loss_res: 1.121e-02,  Loss_bcs: 1.341e-06, Loss_ut_ics: 3.703e-03, lr: 1.000e-03, Time: 8.14e+02
Model state saved to ./results/models/checkpoints/schrodinger/qho/2025-09-19_21-56-28-345443/model.pth
Model state saved to ./results/models/checkpoints/schrodinger/qho/2025-09-19_21-56-28-345443/model_weights.pth
It: 737, Loss: 8.182e-05, Loss_res: 6.368e-03,  Loss_bcs: 1.888e-06, Loss_ut_ics: 1.625e-03, lr: 1.000e-03, Time: 8.15e+02
Model state saved to ./results/models/checkpoints/schrodinger/qho/2025-09-19_21-56-28-345443/model.pth
Model state saved to ./results/models/checkpoints/schrodinger/qho/2025-09-19_21-56-28-345443/model_weights.pth
It: 738, Loss: 3.669e-04, Loss_res: 6.568e-03,  Loss_bcs: 3.415e-06, Loss_ut_ics: 2.979e-02, lr: 1.000e-03, Time: 8.16e+02
Model state saved to ./results/models/checkpoints/schrodinger/qho/2025-09-19_21-56-28-345443/model.pth
Model state saved to ./results/models/checkpoints/schrodinger/qho/2025-09-19_21-56-28-345443/model_weights.pth
It: 739, Loss: 3.509e-04, Loss_res: 1.503e-02,  Loss_bcs: 1.084e-06, Loss_ut_ics: 1.995e-02, lr: 1.000e-03, Time: 8.17e+02
Model state saved to ./results/models/checkpoints/schrodinger/qho/2025-09-19_21-56-28-345443/model.pth
Model state saved to ./results/models/checkpoints/schrodinger/qho/2025-09-19_21-56-28-345443/model_weights.pth
It: 740, Loss: 3.171e-04, Loss_res: 9.550e-03,  Loss_bcs: 1.065e-06, Loss_ut_ics: 2.205e-02, lr: 1.000e-03, Time: 8.18e+02
Model state saved to ./results/models/checkpoints/schrodinger/qho/2025-09-19_21-56-28-345443/model.pth
Model state saved to ./results/models/checkpoints/schrodinger/qho/2025-09-19_21-56-28-345443/model_weights.pth
It: 741, Loss: 5.858e-05, Loss_res: 5.584e-03,  Loss_bcs: 1.085e-06, Loss_ut_ics: 1.662e-04, lr: 1.000e-03, Time: 8.19e+02
Model state saved to ./results/models/checkpoints/schrodinger/qho/2025-09-19_21-56-28-345443/model.pth
Model state saved to ./results/models/checkpoints/schrodinger/qho/2025-09-19_21-56-28-345443/model_weights.pth
It: 742, Loss: 2.554e-04, Loss_res: 1.224e-02,  Loss_bcs: 3.141e-06, Loss_ut_ics: 1.299e-02, lr: 1.000e-03, Time: 8.20e+02
Model state saved to ./results/models/checkpoints/schrodinger/qho/2025-09-19_21-56-28-345443/model.pth
Model state saved to ./results/models/checkpoints/schrodinger/qho/2025-09-19_21-56-28-345443/model_weights.pth
It: 743, Loss: 5.271e-04, Loss_res: 5.119e-03,  Loss_bcs: 3.188e-06, Loss_ut_ics: 4.727e-02, lr: 1.000e-03, Time: 8.22e+02
Model state saved to ./results/models/checkpoints/schrodinger/qho/2025-09-19_21-56-28-345443/model.pth
Model state saved to ./results/models/checkpoints/schrodinger/qho/2025-09-19_21-56-28-345443/model_weights.pth
It: 744, Loss: 5.609e-04, Loss_res: 7.159e-03,  Loss_bcs: 2.113e-06, Loss_ut_ics: 4.872e-02, lr: 1.000e-03, Time: 8.23e+02
Model state saved to ./results/models/checkpoints/schrodinger/qho/2025-09-19_21-56-28-345443/model.pth
Model state saved to ./results/models/checkpoints/schrodinger/qho/2025-09-19_21-56-28-345443/model_weights.pth
It: 745, Loss: 5.482e-04, Loss_res: 3.392e-03,  Loss_bcs: 3.579e-06, Loss_ut_ics: 5.107e-02, lr: 1.000e-03, Time: 8.24e+02
Model state saved to ./results/models/checkpoints/schrodinger/qho/2025-09-19_21-56-28-345443/model.pth
Model state saved to ./results/models/checkpoints/schrodinger/qho/2025-09-19_21-56-28-345443/model_weights.pth
It: 746, Loss: 4.577e-04, Loss_res: 1.205e-02,  Loss_bcs: 2.656e-06, Loss_ut_ics: 3.345e-02, lr: 1.000e-03, Time: 8.25e+02
Model state saved to ./results/models/checkpoints/schrodinger/qho/2025-09-19_21-56-28-345443/model.pth
Model state saved to ./results/models/checkpoints/schrodinger/qho/2025-09-19_21-56-28-345443/model_weights.pth
It: 747, Loss: 5.339e-04, Loss_res: 4.115e-03,  Loss_bcs: 2.690e-06, Loss_ut_ics: 4.900e-02, lr: 1.000e-03, Time: 8.26e+02
Model state saved to ./results/models/checkpoints/schrodinger/qho/2025-09-19_21-56-28-345443/model.pth
Model state saved to ./results/models/checkpoints/schrodinger/qho/2025-09-19_21-56-28-345443/model_weights.pth
It: 748, Loss: 1.498e-04, Loss_res: 9.574e-03,  Loss_bcs: 2.287e-06, Loss_ut_ics: 5.181e-03, lr: 1.000e-03, Time: 8.27e+02
Model state saved to ./results/models/checkpoints/schrodinger/qho/2025-09-19_21-56-28-345443/model.pth
Model state saved to ./results/models/checkpoints/schrodinger/qho/2025-09-19_21-56-28-345443/model_weights.pth
It: 749, Loss: 7.401e-05, Loss_res: 6.733e-03,  Loss_bcs: 2.070e-06, Loss_ut_ics: 4.612e-04, lr: 1.000e-03, Time: 8.28e+02
Model state saved to ./results/models/checkpoints/schrodinger/qho/2025-09-19_21-56-28-345443/model.pth
Model state saved to ./results/models/checkpoints/schrodinger/qho/2025-09-19_21-56-28-345443/model_weights.pth
It: 750, Loss: 2.790e-04, Loss_res: 2.073e-03,  Loss_bcs: 2.814e-06, Loss_ut_ics: 2.554e-02, lr: 1.000e-03, Time: 8.29e+02
Model state saved to ./results/models/checkpoints/schrodinger/qho/2025-09-19_21-56-28-345443/model.pth
Model state saved to ./results/models/checkpoints/schrodinger/qho/2025-09-19_21-56-28-345443/model_weights.pth
It: 751, Loss: 5.340e-04, Loss_res: 7.514e-03,  Loss_bcs: 4.448e-06, Loss_ut_ics: 4.545e-02, lr: 1.000e-03, Time: 8.30e+02
Model state saved to ./results/models/checkpoints/schrodinger/qho/2025-09-19_21-56-28-345443/model.pth
Model state saved to ./results/models/checkpoints/schrodinger/qho/2025-09-19_21-56-28-345443/model_weights.pth
It: 752, Loss: 2.579e-04, Loss_res: 6.402e-03,  Loss_bcs: 2.828e-06, Loss_ut_ics: 1.911e-02, lr: 1.000e-03, Time: 8.31e+02
Model state saved to ./results/models/checkpoints/schrodinger/qho/2025-09-19_21-56-28-345443/model.pth
Model state saved to ./results/models/checkpoints/schrodinger/qho/2025-09-19_21-56-28-345443/model_weights.pth
It: 753, Loss: 3.497e-04, Loss_res: 7.778e-03,  Loss_bcs: 2.241e-06, Loss_ut_ics: 2.697e-02, lr: 1.000e-03, Time: 8.32e+02
Model state saved to ./results/models/checkpoints/schrodinger/qho/2025-09-19_21-56-28-345443/model.pth
Model state saved to ./results/models/checkpoints/schrodinger/qho/2025-09-19_21-56-28-345443/model_weights.pth
It: 754, Loss: 6.312e-04, Loss_res: 5.449e-03,  Loss_bcs: 2.149e-06, Loss_ut_ics: 5.746e-02, lr: 1.000e-03, Time: 8.34e+02
Model state saved to ./results/models/checkpoints/schrodinger/qho/2025-09-19_21-56-28-345443/model.pth
Model state saved to ./results/models/checkpoints/schrodinger/qho/2025-09-19_21-56-28-345443/model_weights.pth
It: 755, Loss: 6.694e-04, Loss_res: 1.407e-02,  Loss_bcs: 2.359e-06, Loss_ut_ics: 5.263e-02, lr: 1.000e-03, Time: 8.35e+02
Model state saved to ./results/models/checkpoints/schrodinger/qho/2025-09-19_21-56-28-345443/model.pth
Model state saved to ./results/models/checkpoints/schrodinger/qho/2025-09-19_21-56-28-345443/model_weights.pth
It: 756, Loss: 6.252e-04, Loss_res: 6.131e-03,  Loss_bcs: 2.358e-06, Loss_ut_ics: 5.615e-02, lr: 1.000e-03, Time: 8.36e+02
Model state saved to ./results/models/checkpoints/schrodinger/qho/2025-09-19_21-56-28-345443/model.pth
Model state saved to ./results/models/checkpoints/schrodinger/qho/2025-09-19_21-56-28-345443/model_weights.pth
It: 757, Loss: 6.010e-04, Loss_res: 4.025e-03,  Loss_bcs: 1.827e-06, Loss_ut_ics: 5.589e-02, lr: 1.000e-03, Time: 8.37e+02
Model state saved to ./results/models/checkpoints/schrodinger/qho/2025-09-19_21-56-28-345443/model.pth
Model state saved to ./results/models/checkpoints/schrodinger/qho/2025-09-19_21-56-28-345443/model_weights.pth
It: 758, Loss: 6.139e-04, Loss_res: 4.382e-03,  Loss_bcs: 1.748e-06, Loss_ut_ics: 5.683e-02, lr: 1.000e-03, Time: 8.38e+02
Model state saved to ./results/models/checkpoints/schrodinger/qho/2025-09-19_21-56-28-345443/model.pth
Model state saved to ./results/models/checkpoints/schrodinger/qho/2025-09-19_21-56-28-345443/model_weights.pth
It: 759, Loss: 3.988e-05, Loss_res: 3.502e-03,  Loss_bcs: 1.170e-06, Loss_ut_ics: 3.691e-04, lr: 1.000e-03, Time: 8.39e+02
Model state saved to ./results/models/checkpoints/schrodinger/qho/2025-09-19_21-56-28-345443/model.pth
Model state saved to ./results/models/checkpoints/schrodinger/qho/2025-09-19_21-56-28-345443/model_weights.pth
It: 760, Loss: 8.384e-05, Loss_res: 8.154e-03,  Loss_bcs: 1.639e-06, Loss_ut_ics: 6.594e-05, lr: 1.000e-03, Time: 8.40e+02
Model state saved to ./results/models/checkpoints/schrodinger/qho/2025-09-19_21-56-28-345443/model.pth
Model state saved to ./results/models/checkpoints/schrodinger/qho/2025-09-19_21-56-28-345443/model_weights.pth
It: 761, Loss: 5.340e-04, Loss_res: 1.073e-02,  Loss_bcs: 1.205e-06, Loss_ut_ics: 4.254e-02, lr: 1.000e-03, Time: 8.41e+02
Model state saved to ./results/models/checkpoints/schrodinger/qho/2025-09-19_21-56-28-345443/model.pth
Model state saved to ./results/models/checkpoints/schrodinger/qho/2025-09-19_21-56-28-345443/model_weights.pth
It: 762, Loss: 5.441e-04, Loss_res: 1.284e-02,  Loss_bcs: 3.943e-06, Loss_ut_ics: 4.117e-02, lr: 1.000e-03, Time: 8.42e+02
Model state saved to ./results/models/checkpoints/schrodinger/qho/2025-09-19_21-56-28-345443/model.pth
Model state saved to ./results/models/checkpoints/schrodinger/qho/2025-09-19_21-56-28-345443/model_weights.pth
It: 763, Loss: 5.243e-04, Loss_res: 1.211e-02,  Loss_bcs: 4.330e-06, Loss_ut_ics: 3.988e-02, lr: 1.000e-03, Time: 8.43e+02
Model state saved to ./results/models/checkpoints/schrodinger/qho/2025-09-19_21-56-28-345443/model.pth
Model state saved to ./results/models/checkpoints/schrodinger/qho/2025-09-19_21-56-28-345443/model_weights.pth
It: 764, Loss: 2.308e-04, Loss_res: 1.534e-02,  Loss_bcs: 3.648e-06, Loss_ut_ics: 7.379e-03, lr: 1.000e-03, Time: 8.44e+02
Model state saved to ./results/models/checkpoints/schrodinger/qho/2025-09-19_21-56-28-345443/model.pth
Model state saved to ./results/models/checkpoints/schrodinger/qho/2025-09-19_21-56-28-345443/model_weights.pth
It: 765, Loss: 6.448e-04, Loss_res: 1.945e-02,  Loss_bcs: 2.498e-06, Loss_ut_ics: 4.478e-02, lr: 1.000e-03, Time: 8.46e+02
Model state saved to ./results/models/checkpoints/schrodinger/qho/2025-09-19_21-56-28-345443/model.pth
Model state saved to ./results/models/checkpoints/schrodinger/qho/2025-09-19_21-56-28-345443/model_weights.pth
It: 766, Loss: 2.640e-04, Loss_res: 5.629e-03,  Loss_bcs: 3.111e-06, Loss_ut_ics: 2.046e-02, lr: 1.000e-03, Time: 8.47e+02
Model state saved to ./results/models/checkpoints/schrodinger/qho/2025-09-19_21-56-28-345443/model.pth
Model state saved to ./results/models/checkpoints/schrodinger/qho/2025-09-19_21-56-28-345443/model_weights.pth
It: 767, Loss: 2.836e-04, Loss_res: 7.515e-03,  Loss_bcs: 4.633e-06, Loss_ut_ics: 2.038e-02, lr: 1.000e-03, Time: 8.48e+02
Model state saved to ./results/models/checkpoints/schrodinger/qho/2025-09-19_21-56-28-345443/model.pth
Model state saved to ./results/models/checkpoints/schrodinger/qho/2025-09-19_21-56-28-345443/model_weights.pth
It: 768, Loss: 4.801e-04, Loss_res: 1.059e-02,  Loss_bcs: 4.469e-06, Loss_ut_ics: 3.697e-02, lr: 1.000e-03, Time: 8.49e+02
Model state saved to ./results/models/checkpoints/schrodinger/qho/2025-09-19_21-56-28-345443/model.pth
Model state saved to ./results/models/checkpoints/schrodinger/qho/2025-09-19_21-56-28-345443/model_weights.pth
It: 769, Loss: 1.647e-04, Loss_res: 9.303e-03,  Loss_bcs: 5.117e-06, Loss_ut_ics: 6.653e-03, lr: 1.000e-03, Time: 8.50e+02
Model state saved to ./results/models/checkpoints/schrodinger/qho/2025-09-19_21-56-28-345443/model.pth
Model state saved to ./results/models/checkpoints/schrodinger/qho/2025-09-19_21-56-28-345443/model_weights.pth
It: 770, Loss: 2.172e-04, Loss_res: 1.002e-02,  Loss_bcs: 6.872e-06, Loss_ut_ics: 1.101e-02, lr: 1.000e-03, Time: 8.51e+02
Model state saved to ./results/models/checkpoints/schrodinger/qho/2025-09-19_21-56-28-345443/model.pth
Model state saved to ./results/models/checkpoints/schrodinger/qho/2025-09-19_21-56-28-345443/model_weights.pth
It: 771, Loss: 5.314e-04, Loss_res: 1.748e-02,  Loss_bcs: 7.635e-06, Loss_ut_ics: 3.490e-02, lr: 1.000e-03, Time: 8.52e+02
Model state saved to ./results/models/checkpoints/schrodinger/qho/2025-09-19_21-56-28-345443/model.pth
Model state saved to ./results/models/checkpoints/schrodinger/qho/2025-09-19_21-56-28-345443/model_weights.pth
It: 772, Loss: 2.411e-04, Loss_res: 2.310e-02,  Loss_bcs: 7.523e-06, Loss_ut_ics: 2.577e-04, lr: 1.000e-03, Time: 8.53e+02
Model state saved to ./results/models/checkpoints/schrodinger/qho/2025-09-19_21-56-28-345443/model.pth
Model state saved to ./results/models/checkpoints/schrodinger/qho/2025-09-19_21-56-28-345443/model_weights.pth
It: 773, Loss: 6.872e-04, Loss_res: 1.420e-02,  Loss_bcs: 4.895e-06, Loss_ut_ics: 5.404e-02, lr: 1.000e-03, Time: 8.54e+02
Model state saved to ./results/models/checkpoints/schrodinger/qho/2025-09-19_21-56-28-345443/model.pth
Model state saved to ./results/models/checkpoints/schrodinger/qho/2025-09-19_21-56-28-345443/model_weights.pth
It: 774, Loss: 2.749e-04, Loss_res: 1.098e-02,  Loss_bcs: 3.176e-06, Loss_ut_ics: 1.620e-02, lr: 1.000e-03, Time: 8.55e+02
Model state saved to ./results/models/checkpoints/schrodinger/qho/2025-09-19_21-56-28-345443/model.pth
Model state saved to ./results/models/checkpoints/schrodinger/qho/2025-09-19_21-56-28-345443/model_weights.pth
It: 775, Loss: 9.150e-04, Loss_res: 6.918e-03,  Loss_bcs: 5.780e-06, Loss_ut_ics: 8.400e-02, lr: 1.000e-03, Time: 8.56e+02
Model state saved to ./results/models/checkpoints/schrodinger/qho/2025-09-19_21-56-28-345443/model.pth
Model state saved to ./results/models/checkpoints/schrodinger/qho/2025-09-19_21-56-28-345443/model_weights.pth
It: 776, Loss: 7.814e-04, Loss_res: 1.172e-02,  Loss_bcs: 4.101e-06, Loss_ut_ics: 6.601e-02, lr: 1.000e-03, Time: 8.57e+02
Model state saved to ./results/models/checkpoints/schrodinger/qho/2025-09-19_21-56-28-345443/model.pth
Model state saved to ./results/models/checkpoints/schrodinger/qho/2025-09-19_21-56-28-345443/model_weights.pth
It: 777, Loss: 9.313e-05, Loss_res: 4.059e-03,  Loss_bcs: 6.932e-06, Loss_ut_ics: 4.561e-03, lr: 1.000e-03, Time: 8.59e+02
Model state saved to ./results/models/checkpoints/schrodinger/qho/2025-09-19_21-56-28-345443/model.pth
Model state saved to ./results/models/checkpoints/schrodinger/qho/2025-09-19_21-56-28-345443/model_weights.pth
It: 778, Loss: 6.529e-04, Loss_res: 2.236e-02,  Loss_bcs: 1.057e-06, Loss_ut_ics: 4.282e-02, lr: 1.000e-03, Time: 8.60e+02
Model state saved to ./results/models/checkpoints/schrodinger/qho/2025-09-19_21-56-28-345443/model.pth
Model state saved to ./results/models/checkpoints/schrodinger/qho/2025-09-19_21-56-28-345443/model_weights.pth
It: 779, Loss: 2.102e-04, Loss_res: 1.354e-02,  Loss_bcs: 3.075e-06, Loss_ut_ics: 7.171e-03, lr: 1.000e-03, Time: 8.61e+02
Model state saved to ./results/models/checkpoints/schrodinger/qho/2025-09-19_21-56-28-345443/model.pth
Model state saved to ./results/models/checkpoints/schrodinger/qho/2025-09-19_21-56-28-345443/model_weights.pth
It: 780, Loss: 1.480e-04, Loss_res: 1.431e-02,  Loss_bcs: 3.489e-06, Loss_ut_ics: 1.437e-04, lr: 1.000e-03, Time: 8.62e+02
Model state saved to ./results/models/checkpoints/schrodinger/qho/2025-09-19_21-56-28-345443/model.pth
Model state saved to ./results/models/checkpoints/schrodinger/qho/2025-09-19_21-56-28-345443/model_weights.pth
It: 781, Loss: 4.330e-04, Loss_res: 7.965e-03,  Loss_bcs: 2.869e-06, Loss_ut_ics: 3.505e-02, lr: 1.000e-03, Time: 8.63e+02
Model state saved to ./results/models/checkpoints/schrodinger/qho/2025-09-19_21-56-28-345443/model.pth
Model state saved to ./results/models/checkpoints/schrodinger/qho/2025-09-19_21-56-28-345443/model_weights.pth
It: 782, Loss: 5.464e-04, Loss_res: 1.173e-02,  Loss_bcs: 1.551e-06, Loss_ut_ics: 4.275e-02, lr: 1.000e-03, Time: 8.64e+02
Model state saved to ./results/models/checkpoints/schrodinger/qho/2025-09-19_21-56-28-345443/model.pth
Model state saved to ./results/models/checkpoints/schrodinger/qho/2025-09-19_21-56-28-345443/model_weights.pth
It: 783, Loss: 9.592e-05, Loss_res: 7.067e-03,  Loss_bcs: 1.717e-06, Loss_ut_ics: 2.354e-03, lr: 1.000e-03, Time: 8.65e+02
Model state saved to ./results/models/checkpoints/schrodinger/qho/2025-09-19_21-56-28-345443/model.pth
Model state saved to ./results/models/checkpoints/schrodinger/qho/2025-09-19_21-56-28-345443/model_weights.pth
It: 784, Loss: 7.208e-04, Loss_res: 1.499e-02,  Loss_bcs: 2.654e-06, Loss_ut_ics: 5.683e-02, lr: 1.000e-03, Time: 8.66e+02
Model state saved to ./results/models/checkpoints/schrodinger/qho/2025-09-19_21-56-28-345443/model.pth
Model state saved to ./results/models/checkpoints/schrodinger/qho/2025-09-19_21-56-28-345443/model_weights.pth
It: 785, Loss: 8.260e-04, Loss_res: 4.624e-03,  Loss_bcs: 1.461e-06, Loss_ut_ics: 7.783e-02, lr: 1.000e-03, Time: 8.67e+02
Model state saved to ./results/models/checkpoints/schrodinger/qho/2025-09-19_21-56-28-345443/model.pth
Model state saved to ./results/models/checkpoints/schrodinger/qho/2025-09-19_21-56-28-345443/model_weights.pth
It: 786, Loss: 1.230e-04, Loss_res: 8.239e-03,  Loss_bcs: 2.264e-06, Loss_ut_ics: 3.832e-03, lr: 1.000e-03, Time: 8.68e+02
Model state saved to ./results/models/checkpoints/schrodinger/qho/2025-09-19_21-56-28-345443/model.pth
Model state saved to ./results/models/checkpoints/schrodinger/qho/2025-09-19_21-56-28-345443/model_weights.pth
It: 787, Loss: 9.290e-05, Loss_res: 8.939e-03,  Loss_bcs: 3.044e-06, Loss_ut_ics: 4.643e-05, lr: 1.000e-03, Time: 8.70e+02
Model state saved to ./results/models/checkpoints/schrodinger/qho/2025-09-19_21-56-28-345443/model.pth
Model state saved to ./results/models/checkpoints/schrodinger/qho/2025-09-19_21-56-28-345443/model_weights.pth
It: 788, Loss: 4.159e-04, Loss_res: 8.347e-03,  Loss_bcs: 3.102e-06, Loss_ut_ics: 3.293e-02, lr: 1.000e-03, Time: 8.71e+02
Model state saved to ./results/models/checkpoints/schrodinger/qho/2025-09-19_21-56-28-345443/model.pth
Model state saved to ./results/models/checkpoints/schrodinger/qho/2025-09-19_21-56-28-345443/model_weights.pth
It: 789, Loss: 1.328e-04, Loss_res: 1.276e-02,  Loss_bcs: 3.317e-06, Loss_ut_ics: 1.851e-04, lr: 1.000e-03, Time: 8.72e+02
Model state saved to ./results/models/checkpoints/schrodinger/qho/2025-09-19_21-56-28-345443/model.pth
Model state saved to ./results/models/checkpoints/schrodinger/qho/2025-09-19_21-56-28-345443/model_weights.pth
It: 790, Loss: 9.055e-05, Loss_res: 5.889e-03,  Loss_bcs: 3.122e-06, Loss_ut_ics: 2.855e-03, lr: 1.000e-03, Time: 8.73e+02
Model state saved to ./results/models/checkpoints/schrodinger/qho/2025-09-19_21-56-28-345443/model.pth
Model state saved to ./results/models/checkpoints/schrodinger/qho/2025-09-19_21-56-28-345443/model_weights.pth
It: 791, Loss: 1.127e-04, Loss_res: 8.863e-03,  Loss_bcs: 2.765e-06, Loss_ut_ics: 2.127e-03, lr: 1.000e-03, Time: 8.74e+02
Model state saved to ./results/models/checkpoints/schrodinger/qho/2025-09-19_21-56-28-345443/model.pth
Model state saved to ./results/models/checkpoints/schrodinger/qho/2025-09-19_21-56-28-345443/model_weights.pth
It: 792, Loss: 4.975e-04, Loss_res: 1.559e-02,  Loss_bcs: 2.946e-06, Loss_ut_ics: 3.387e-02, lr: 1.000e-03, Time: 8.75e+02
Model state saved to ./results/models/checkpoints/schrodinger/qho/2025-09-19_21-56-28-345443/model.pth
Model state saved to ./results/models/checkpoints/schrodinger/qho/2025-09-19_21-56-28-345443/model_weights.pth
It: 793, Loss: 4.385e-04, Loss_res: 1.020e-02,  Loss_bcs: 1.736e-06, Loss_ut_ics: 3.348e-02, lr: 1.000e-03, Time: 8.76e+02
Model state saved to ./results/models/checkpoints/schrodinger/qho/2025-09-19_21-56-28-345443/model.pth
Model state saved to ./results/models/checkpoints/schrodinger/qho/2025-09-19_21-56-28-345443/model_weights.pth
It: 794, Loss: 2.164e-04, Loss_res: 1.307e-02,  Loss_bcs: 3.021e-06, Loss_ut_ics: 8.269e-03, lr: 1.000e-03, Time: 8.77e+02
Model state saved to ./results/models/checkpoints/schrodinger/qho/2025-09-19_21-56-28-345443/model.pth
Model state saved to ./results/models/checkpoints/schrodinger/qho/2025-09-19_21-56-28-345443/model_weights.pth
It: 795, Loss: 1.221e-04, Loss_res: 1.063e-02,  Loss_bcs: 2.213e-06, Loss_ut_ics: 1.365e-03, lr: 1.000e-03, Time: 8.78e+02
Model state saved to ./results/models/checkpoints/schrodinger/qho/2025-09-19_21-56-28-345443/model.pth
Model state saved to ./results/models/checkpoints/schrodinger/qho/2025-09-19_21-56-28-345443/model_weights.pth
It: 796, Loss: 6.044e-04, Loss_res: 1.069e-02,  Loss_bcs: 2.218e-06, Loss_ut_ics: 4.953e-02, lr: 1.000e-03, Time: 8.79e+02
Model state saved to ./results/models/checkpoints/schrodinger/qho/2025-09-19_21-56-28-345443/model.pth
Model state saved to ./results/models/checkpoints/schrodinger/qho/2025-09-19_21-56-28-345443/model_weights.pth
It: 797, Loss: 1.332e-04, Loss_res: 1.289e-02,  Loss_bcs: 3.036e-06, Loss_ut_ics: 1.260e-04, lr: 1.000e-03, Time: 8.80e+02
Model state saved to ./results/models/checkpoints/schrodinger/qho/2025-09-19_21-56-28-345443/model.pth
Model state saved to ./results/models/checkpoints/schrodinger/qho/2025-09-19_21-56-28-345443/model_weights.pth
It: 798, Loss: 4.683e-04, Loss_res: 7.156e-03,  Loss_bcs: 3.373e-06, Loss_ut_ics: 3.934e-02, lr: 1.000e-03, Time: 8.82e+02
Model state saved to ./results/models/checkpoints/schrodinger/qho/2025-09-19_21-56-28-345443/model.pth
Model state saved to ./results/models/checkpoints/schrodinger/qho/2025-09-19_21-56-28-345443/model_weights.pth
It: 799, Loss: 9.026e-04, Loss_res: 1.081e-02,  Loss_bcs: 2.583e-06, Loss_ut_ics: 7.919e-02, lr: 1.000e-03, Time: 8.83e+02
Model state saved to ./results/models/checkpoints/schrodinger/qho/2025-09-19_21-56-28-345443/model.pth
Model state saved to ./results/models/checkpoints/schrodinger/qho/2025-09-19_21-56-28-345443/model_weights.pth
It: 800, Loss: 1.296e-04, Loss_res: 1.272e-02,  Loss_bcs: 2.254e-06, Loss_ut_ics: 1.727e-05, lr: 1.000e-03, Time: 8.84e+02
Model state saved to ./results/models/checkpoints/schrodinger/qho/2025-09-19_21-56-28-345443/model.pth
Model state saved to ./results/models/checkpoints/schrodinger/qho/2025-09-19_21-56-28-345443/model_weights.pth
It: 801, Loss: 5.449e-04, Loss_res: 1.133e-02,  Loss_bcs: 3.124e-06, Loss_ut_ics: 4.284e-02, lr: 1.000e-03, Time: 8.85e+02
Model state saved to ./results/models/checkpoints/schrodinger/qho/2025-09-19_21-56-28-345443/model.pth
Model state saved to ./results/models/checkpoints/schrodinger/qho/2025-09-19_21-56-28-345443/model_weights.pth
It: 802, Loss: 4.068e-04, Loss_res: 1.328e-02,  Loss_bcs: 3.643e-06, Loss_ut_ics: 2.703e-02, lr: 1.000e-03, Time: 8.86e+02
Model state saved to ./results/models/checkpoints/schrodinger/qho/2025-09-19_21-56-28-345443/model.pth
Model state saved to ./results/models/checkpoints/schrodinger/qho/2025-09-19_21-56-28-345443/model_weights.pth
It: 803, Loss: 4.198e-04, Loss_res: 8.904e-03,  Loss_bcs: 3.824e-06, Loss_ut_ics: 3.270e-02, lr: 1.000e-03, Time: 8.87e+02
Model state saved to ./results/models/checkpoints/schrodinger/qho/2025-09-19_21-56-28-345443/model.pth
Model state saved to ./results/models/checkpoints/schrodinger/qho/2025-09-19_21-56-28-345443/model_weights.pth
It: 804, Loss: 2.702e-04, Loss_res: 1.207e-02,  Loss_bcs: 4.000e-06, Loss_ut_ics: 1.455e-02, lr: 1.000e-03, Time: 8.88e+02
Model state saved to ./results/models/checkpoints/schrodinger/qho/2025-09-19_21-56-28-345443/model.pth
Model state saved to ./results/models/checkpoints/schrodinger/qho/2025-09-19_21-56-28-345443/model_weights.pth
It: 805, Loss: 7.296e-05, Loss_res: 6.866e-03,  Loss_bcs: 3.462e-06, Loss_ut_ics: 8.386e-05, lr: 1.000e-03, Time: 8.89e+02
Model state saved to ./results/models/checkpoints/schrodinger/qho/2025-09-19_21-56-28-345443/model.pth
Model state saved to ./results/models/checkpoints/schrodinger/qho/2025-09-19_21-56-28-345443/model_weights.pth
It: 806, Loss: 1.040e-03, Loss_res: 4.669e-02,  Loss_bcs: 2.698e-06, Loss_ut_ics: 5.704e-02, lr: 1.000e-03, Time: 8.90e+02
Model state saved to ./results/models/checkpoints/schrodinger/qho/2025-09-19_21-56-28-345443/model.pth
Model state saved to ./results/models/checkpoints/schrodinger/qho/2025-09-19_21-56-28-345443/model_weights.pth
It: 807, Loss: 1.537e-04, Loss_res: 1.496e-02,  Loss_bcs: 2.882e-06, Loss_ut_ics: 1.222e-04, lr: 1.000e-03, Time: 8.91e+02
Model state saved to ./results/models/checkpoints/schrodinger/qho/2025-09-19_21-56-28-345443/model.pth
Model state saved to ./results/models/checkpoints/schrodinger/qho/2025-09-19_21-56-28-345443/model_weights.pth
It: 808, Loss: 6.853e-04, Loss_res: 1.727e-02,  Loss_bcs: 4.119e-06, Loss_ut_ics: 5.085e-02, lr: 1.000e-03, Time: 8.92e+02
Model state saved to ./results/models/checkpoints/schrodinger/qho/2025-09-19_21-56-28-345443/model.pth
Model state saved to ./results/models/checkpoints/schrodinger/qho/2025-09-19_21-56-28-345443/model_weights.pth
It: 809, Loss: 6.691e-04, Loss_res: 4.824e-03,  Loss_bcs: 3.065e-06, Loss_ut_ics: 6.178e-02, lr: 1.000e-03, Time: 8.94e+02
Model state saved to ./results/models/checkpoints/schrodinger/qho/2025-09-19_21-56-28-345443/model.pth
Model state saved to ./results/models/checkpoints/schrodinger/qho/2025-09-19_21-56-28-345443/model_weights.pth
It: 810, Loss: 3.583e-04, Loss_res: 4.655e-03,  Loss_bcs: 1.911e-06, Loss_ut_ics: 3.098e-02, lr: 1.000e-03, Time: 8.95e+02
Model state saved to ./results/models/checkpoints/schrodinger/qho/2025-09-19_21-56-28-345443/model.pth
Model state saved to ./results/models/checkpoints/schrodinger/qho/2025-09-19_21-56-28-345443/model_weights.pth
It: 811, Loss: 9.869e-04, Loss_res: 1.324e-02,  Loss_bcs: 1.538e-06, Loss_ut_ics: 8.530e-02, lr: 1.000e-03, Time: 8.96e+02
Model state saved to ./results/models/checkpoints/schrodinger/qho/2025-09-19_21-56-28-345443/model.pth
Model state saved to ./results/models/checkpoints/schrodinger/qho/2025-09-19_21-56-28-345443/model_weights.pth
It: 812, Loss: 4.492e-04, Loss_res: 6.305e-03,  Loss_bcs: 2.359e-06, Loss_ut_ics: 3.837e-02, lr: 1.000e-03, Time: 8.97e+02
Model state saved to ./results/models/checkpoints/schrodinger/qho/2025-09-19_21-56-28-345443/model.pth
Model state saved to ./results/models/checkpoints/schrodinger/qho/2025-09-19_21-56-28-345443/model_weights.pth
It: 813, Loss: 1.987e-04, Loss_res: 1.581e-02,  Loss_bcs: 3.026e-06, Loss_ut_ics: 3.756e-03, lr: 1.000e-03, Time: 8.98e+02
Model state saved to ./results/models/checkpoints/schrodinger/qho/2025-09-19_21-56-28-345443/model.pth
Model state saved to ./results/models/checkpoints/schrodinger/qho/2025-09-19_21-56-28-345443/model_weights.pth
It: 814, Loss: 5.263e-04, Loss_res: 1.307e-02,  Loss_bcs: 4.082e-06, Loss_ut_ics: 3.915e-02, lr: 1.000e-03, Time: 8.99e+02
Model state saved to ./results/models/checkpoints/schrodinger/qho/2025-09-19_21-56-28-345443/model.pth
Model state saved to ./results/models/checkpoints/schrodinger/qho/2025-09-19_21-56-28-345443/model_weights.pth
It: 815, Loss: 4.161e-04, Loss_res: 9.444e-03,  Loss_bcs: 3.834e-06, Loss_ut_ics: 3.179e-02, lr: 1.000e-03, Time: 9.00e+02
Model state saved to ./results/models/checkpoints/schrodinger/qho/2025-09-19_21-56-28-345443/model.pth
Model state saved to ./results/models/checkpoints/schrodinger/qho/2025-09-19_21-56-28-345443/model_weights.pth
It: 816, Loss: 4.771e-04, Loss_res: 1.297e-02,  Loss_bcs: 3.674e-06, Loss_ut_ics: 3.437e-02, lr: 1.000e-03, Time: 9.01e+02
Model state saved to ./results/models/checkpoints/schrodinger/qho/2025-09-19_21-56-28-345443/model.pth
Model state saved to ./results/models/checkpoints/schrodinger/qho/2025-09-19_21-56-28-345443/model_weights.pth
It: 817, Loss: 5.857e-04, Loss_res: 4.765e-03,  Loss_bcs: 6.792e-06, Loss_ut_ics: 5.313e-02, lr: 1.000e-03, Time: 9.02e+02
Model state saved to ./results/models/checkpoints/schrodinger/qho/2025-09-19_21-56-28-345443/model.pth
Model state saved to ./results/models/checkpoints/schrodinger/qho/2025-09-19_21-56-28-345443/model_weights.pth
It: 818, Loss: 1.655e-04, Loss_res: 9.978e-03,  Loss_bcs: 4.576e-06, Loss_ut_ics: 6.111e-03, lr: 1.000e-03, Time: 9.03e+02
Model state saved to ./results/models/checkpoints/schrodinger/qho/2025-09-19_21-56-28-345443/model.pth
Model state saved to ./results/models/checkpoints/schrodinger/qho/2025-09-19_21-56-28-345443/model_weights.pth
It: 819, Loss: 1.519e-04, Loss_res: 9.107e-03,  Loss_bcs: 7.070e-06, Loss_ut_ics: 5.372e-03, lr: 1.000e-03, Time: 9.04e+02
Model state saved to ./results/models/checkpoints/schrodinger/qho/2025-09-19_21-56-28-345443/model.pth
Model state saved to ./results/models/checkpoints/schrodinger/qho/2025-09-19_21-56-28-345443/model_weights.pth
It: 820, Loss: 1.416e-04, Loss_res: 8.834e-03,  Loss_bcs: 8.262e-06, Loss_ut_ics: 4.501e-03, lr: 1.000e-03, Time: 9.06e+02
Model state saved to ./results/models/checkpoints/schrodinger/qho/2025-09-19_21-56-28-345443/model.pth
Model state saved to ./results/models/checkpoints/schrodinger/qho/2025-09-19_21-56-28-345443/model_weights.pth
It: 821, Loss: 3.207e-04, Loss_res: 9.639e-03,  Loss_bcs: 1.024e-05, Loss_ut_ics: 2.141e-02, lr: 1.000e-03, Time: 9.07e+02
Model state saved to ./results/models/checkpoints/schrodinger/qho/2025-09-19_21-56-28-345443/model.pth
Model state saved to ./results/models/checkpoints/schrodinger/qho/2025-09-19_21-56-28-345443/model_weights.pth
It: 822, Loss: 4.072e-04, Loss_res: 2.477e-03,  Loss_bcs: 1.272e-05, Loss_ut_ics: 3.697e-02, lr: 1.000e-03, Time: 9.08e+02
Model state saved to ./results/models/checkpoints/schrodinger/qho/2025-09-19_21-56-28-345443/model.pth
Model state saved to ./results/models/checkpoints/schrodinger/qho/2025-09-19_21-56-28-345443/model_weights.pth
It: 823, Loss: 1.107e-04, Loss_res: 5.816e-03,  Loss_bcs: 8.960e-06, Loss_ut_ics: 4.360e-03, lr: 1.000e-03, Time: 9.09e+02
Model state saved to ./results/models/checkpoints/schrodinger/qho/2025-09-19_21-56-28-345443/model.pth
Model state saved to ./results/models/checkpoints/schrodinger/qho/2025-09-19_21-56-28-345443/model_weights.pth
It: 824, Loss: 2.094e-04, Loss_res: 4.018e-03,  Loss_bcs: 6.802e-06, Loss_ut_ics: 1.625e-02, lr: 1.000e-03, Time: 9.10e+02
Model state saved to ./results/models/checkpoints/schrodinger/qho/2025-09-19_21-56-28-345443/model.pth
Model state saved to ./results/models/checkpoints/schrodinger/qho/2025-09-19_21-56-28-345443/model_weights.pth
It: 825, Loss: 1.698e-04, Loss_res: 8.698e-03,  Loss_bcs: 5.274e-06, Loss_ut_ics: 7.759e-03, lr: 1.000e-03, Time: 9.11e+02
Model state saved to ./results/models/checkpoints/schrodinger/qho/2025-09-19_21-56-28-345443/model.pth
Model state saved to ./results/models/checkpoints/schrodinger/qho/2025-09-19_21-56-28-345443/model_weights.pth
It: 826, Loss: 5.308e-04, Loss_res: 1.020e-02,  Loss_bcs: 4.456e-06, Loss_ut_ics: 4.244e-02, lr: 1.000e-03, Time: 9.12e+02
Model state saved to ./results/models/checkpoints/schrodinger/qho/2025-09-19_21-56-28-345443/model.pth
Model state saved to ./results/models/checkpoints/schrodinger/qho/2025-09-19_21-56-28-345443/model_weights.pth
It: 827, Loss: 2.910e-04, Loss_res: 1.972e-02,  Loss_bcs: 6.468e-06, Loss_ut_ics: 8.728e-03, lr: 1.000e-03, Time: 9.13e+02
Model state saved to ./results/models/checkpoints/schrodinger/qho/2025-09-19_21-56-28-345443/model.pth
Model state saved to ./results/models/checkpoints/schrodinger/qho/2025-09-19_21-56-28-345443/model_weights.pth
It: 828, Loss: 4.140e-04, Loss_res: 9.900e-03,  Loss_bcs: 5.266e-06, Loss_ut_ics: 3.097e-02, lr: 1.000e-03, Time: 9.14e+02
Model state saved to ./results/models/checkpoints/schrodinger/qho/2025-09-19_21-56-28-345443/model.pth
Model state saved to ./results/models/checkpoints/schrodinger/qho/2025-09-19_21-56-28-345443/model_weights.pth
It: 829, Loss: 7.541e-04, Loss_res: 1.740e-02,  Loss_bcs: 5.633e-06, Loss_ut_ics: 5.745e-02, lr: 1.000e-03, Time: 9.15e+02
Model state saved to ./results/models/checkpoints/schrodinger/qho/2025-09-19_21-56-28-345443/model.pth
Model state saved to ./results/models/checkpoints/schrodinger/qho/2025-09-19_21-56-28-345443/model_weights.pth
It: 830, Loss: 1.384e-04, Loss_res: 1.296e-02,  Loss_bcs: 6.285e-06, Loss_ut_ics: 2.558e-04, lr: 1.000e-03, Time: 9.16e+02
Model state saved to ./results/models/checkpoints/schrodinger/qho/2025-09-19_21-56-28-345443/model.pth
Model state saved to ./results/models/checkpoints/schrodinger/qho/2025-09-19_21-56-28-345443/model_weights.pth
It: 831, Loss: 5.302e-05, Loss_res: 1.322e-03,  Loss_bcs: 5.896e-06, Loss_ut_ics: 3.391e-03, lr: 1.000e-03, Time: 9.18e+02
Model state saved to ./results/models/checkpoints/schrodinger/qho/2025-09-19_21-56-28-345443/model.pth
Model state saved to ./results/models/checkpoints/schrodinger/qho/2025-09-19_21-56-28-345443/model_weights.pth
It: 832, Loss: 2.477e-04, Loss_res: 2.120e-02,  Loss_bcs: 6.353e-06, Loss_ut_ics: 2.940e-03, lr: 1.000e-03, Time: 9.19e+02
Model state saved to ./results/models/checkpoints/schrodinger/qho/2025-09-19_21-56-28-345443/model.pth
Model state saved to ./results/models/checkpoints/schrodinger/qho/2025-09-19_21-56-28-345443/model_weights.pth
It: 833, Loss: 3.646e-04, Loss_res: 1.269e-02,  Loss_bcs: 5.495e-06, Loss_ut_ics: 2.322e-02, lr: 1.000e-03, Time: 9.20e+02
Model state saved to ./results/models/checkpoints/schrodinger/qho/2025-09-19_21-56-28-345443/model.pth
Model state saved to ./results/models/checkpoints/schrodinger/qho/2025-09-19_21-56-28-345443/model_weights.pth
It: 834, Loss: 4.295e-04, Loss_res: 5.436e-03,  Loss_bcs: 4.366e-06, Loss_ut_ics: 3.708e-02, lr: 1.000e-03, Time: 9.21e+02
Model state saved to ./results/models/checkpoints/schrodinger/qho/2025-09-19_21-56-28-345443/model.pth
Model state saved to ./results/models/checkpoints/schrodinger/qho/2025-09-19_21-56-28-345443/model_weights.pth
It: 835, Loss: 1.102e-04, Loss_res: 4.184e-03,  Loss_bcs: 4.851e-06, Loss_ut_ics: 6.349e-03, lr: 1.000e-03, Time: 9.22e+02
Model state saved to ./results/models/checkpoints/schrodinger/qho/2025-09-19_21-56-28-345443/model.pth
Model state saved to ./results/models/checkpoints/schrodinger/qho/2025-09-19_21-56-28-345443/model_weights.pth
It: 836, Loss: 1.508e-04, Loss_res: 1.097e-02,  Loss_bcs: 4.269e-06, Loss_ut_ics: 3.677e-03, lr: 1.000e-03, Time: 9.23e+02
Model state saved to ./results/models/checkpoints/schrodinger/qho/2025-09-19_21-56-28-345443/model.pth
Model state saved to ./results/models/checkpoints/schrodinger/qho/2025-09-19_21-56-28-345443/model_weights.pth
It: 837, Loss: 6.579e-04, Loss_res: 1.281e-02,  Loss_bcs: 4.287e-06, Loss_ut_ics: 5.255e-02, lr: 1.000e-03, Time: 9.24e+02
Model state saved to ./results/models/checkpoints/schrodinger/qho/2025-09-19_21-56-28-345443/model.pth
Model state saved to ./results/models/checkpoints/schrodinger/qho/2025-09-19_21-56-28-345443/model_weights.pth
It: 838, Loss: 1.297e-04, Loss_res: 6.040e-03,  Loss_bcs: 3.090e-06, Loss_ut_ics: 6.622e-03, lr: 1.000e-03, Time: 9.25e+02
Model state saved to ./results/models/checkpoints/schrodinger/qho/2025-09-19_21-56-28-345443/model.pth
Model state saved to ./results/models/checkpoints/schrodinger/qho/2025-09-19_21-56-28-345443/model_weights.pth
It: 839, Loss: 5.421e-04, Loss_res: 1.302e-02,  Loss_bcs: 3.539e-06, Loss_ut_ics: 4.083e-02, lr: 1.000e-03, Time: 9.26e+02
Model state saved to ./results/models/checkpoints/schrodinger/qho/2025-09-19_21-56-28-345443/model.pth
Model state saved to ./results/models/checkpoints/schrodinger/qho/2025-09-19_21-56-28-345443/model_weights.pth
It: 840, Loss: 8.497e-04, Loss_res: 1.298e-02,  Loss_bcs: 2.954e-06, Loss_ut_ics: 7.170e-02, lr: 1.000e-03, Time: 9.27e+02
Model state saved to ./results/models/checkpoints/schrodinger/qho/2025-09-19_21-56-28-345443/model.pth
Model state saved to ./results/models/checkpoints/schrodinger/qho/2025-09-19_21-56-28-345443/model_weights.pth
It: 841, Loss: 5.085e-04, Loss_res: 1.453e-02,  Loss_bcs: 2.894e-06, Loss_ut_ics: 3.603e-02, lr: 1.000e-03, Time: 9.28e+02
Model state saved to ./results/models/checkpoints/schrodinger/qho/2025-09-19_21-56-28-345443/model.pth
Model state saved to ./results/models/checkpoints/schrodinger/qho/2025-09-19_21-56-28-345443/model_weights.pth
It: 842, Loss: 6.535e-04, Loss_res: 2.525e-03,  Loss_bcs: 3.864e-06, Loss_ut_ics: 6.244e-02, lr: 1.000e-03, Time: 9.30e+02
Model state saved to ./results/models/checkpoints/schrodinger/qho/2025-09-19_21-56-28-345443/model.pth
Model state saved to ./results/models/checkpoints/schrodinger/qho/2025-09-19_21-56-28-345443/model_weights.pth
It: 843, Loss: 1.076e-04, Loss_res: 9.654e-03,  Loss_bcs: 3.645e-06, Loss_ut_ics: 7.371e-04, lr: 1.000e-03, Time: 9.31e+02
Model state saved to ./results/models/checkpoints/schrodinger/qho/2025-09-19_21-56-28-345443/model.pth
Model state saved to ./results/models/checkpoints/schrodinger/qho/2025-09-19_21-56-28-345443/model_weights.pth
It: 844, Loss: 7.184e-05, Loss_res: 4.061e-03,  Loss_bcs: 4.364e-06, Loss_ut_ics: 2.687e-03, lr: 1.000e-03, Time: 9.32e+02
Model state saved to ./results/models/checkpoints/schrodinger/qho/2025-09-19_21-56-28-345443/model.pth
Model state saved to ./results/models/checkpoints/schrodinger/qho/2025-09-19_21-56-28-345443/model_weights.pth
It: 845, Loss: 7.776e-05, Loss_res: 7.054e-03,  Loss_bcs: 3.905e-06, Loss_ut_ics: 3.311e-04, lr: 1.000e-03, Time: 9.33e+02
Model state saved to ./results/models/checkpoints/schrodinger/qho/2025-09-19_21-56-28-345443/model.pth
Model state saved to ./results/models/checkpoints/schrodinger/qho/2025-09-19_21-56-28-345443/model_weights.pth
It: 846, Loss: 1.103e-03, Loss_res: 1.215e-02,  Loss_bcs: 4.373e-06, Loss_ut_ics: 9.775e-02, lr: 1.000e-03, Time: 9.34e+02
Model state saved to ./results/models/checkpoints/schrodinger/qho/2025-09-19_21-56-28-345443/model.pth
Model state saved to ./results/models/checkpoints/schrodinger/qho/2025-09-19_21-56-28-345443/model_weights.pth
It: 847, Loss: 3.671e-04, Loss_res: 1.400e-02,  Loss_bcs: 3.464e-06, Loss_ut_ics: 2.236e-02, lr: 1.000e-03, Time: 9.35e+02
Model state saved to ./results/models/checkpoints/schrodinger/qho/2025-09-19_21-56-28-345443/model.pth
Model state saved to ./results/models/checkpoints/schrodinger/qho/2025-09-19_21-56-28-345443/model_weights.pth
It: 848, Loss: 1.695e-04, Loss_res: 6.550e-03,  Loss_bcs: 3.834e-06, Loss_ut_ics: 1.002e-02, lr: 1.000e-03, Time: 9.36e+02
Model state saved to ./results/models/checkpoints/schrodinger/qho/2025-09-19_21-56-28-345443/model.pth
Model state saved to ./results/models/checkpoints/schrodinger/qho/2025-09-19_21-56-28-345443/model_weights.pth
It: 849, Loss: 4.627e-04, Loss_res: 1.857e-02,  Loss_bcs: 2.973e-06, Loss_ut_ics: 2.740e-02, lr: 1.000e-03, Time: 9.37e+02
Model state saved to ./results/models/checkpoints/schrodinger/qho/2025-09-19_21-56-28-345443/model.pth
Model state saved to ./results/models/checkpoints/schrodinger/qho/2025-09-19_21-56-28-345443/model_weights.pth
It: 850, Loss: 4.267e-04, Loss_res: 2.991e-03,  Loss_bcs: 3.790e-06, Loss_ut_ics: 3.930e-02, lr: 1.000e-03, Time: 9.38e+02
Model state saved to ./results/models/checkpoints/schrodinger/qho/2025-09-19_21-56-28-345443/model.pth
Model state saved to ./results/models/checkpoints/schrodinger/qho/2025-09-19_21-56-28-345443/model_weights.pth
It: 851, Loss: 4.996e-05, Loss_res: 3.175e-03,  Loss_bcs: 3.724e-06, Loss_ut_ics: 1.448e-03, lr: 1.000e-03, Time: 9.39e+02
Model state saved to ./results/models/checkpoints/schrodinger/qho/2025-09-19_21-56-28-345443/model.pth
Model state saved to ./results/models/checkpoints/schrodinger/qho/2025-09-19_21-56-28-345443/model_weights.pth
It: 852, Loss: 1.680e-04, Loss_res: 1.590e-02,  Loss_bcs: 3.011e-06, Loss_ut_ics: 6.067e-04, lr: 1.000e-03, Time: 9.40e+02
Model state saved to ./results/models/checkpoints/schrodinger/qho/2025-09-19_21-56-28-345443/model.pth
Model state saved to ./results/models/checkpoints/schrodinger/qho/2025-09-19_21-56-28-345443/model_weights.pth
It: 853, Loss: 4.396e-04, Loss_res: 8.270e-03,  Loss_bcs: 3.867e-06, Loss_ut_ics: 3.530e-02, lr: 1.000e-03, Time: 9.42e+02
Model state saved to ./results/models/checkpoints/schrodinger/qho/2025-09-19_21-56-28-345443/model.pth
Model state saved to ./results/models/checkpoints/schrodinger/qho/2025-09-19_21-56-28-345443/model_weights.pth
It: 854, Loss: 3.679e-04, Loss_res: 1.664e-03,  Loss_bcs: 3.929e-06, Loss_ut_ics: 3.473e-02, lr: 1.000e-03, Time: 9.43e+02
Model state saved to ./results/models/checkpoints/schrodinger/qho/2025-09-19_21-56-28-345443/model.pth
Model state saved to ./results/models/checkpoints/schrodinger/qho/2025-09-19_21-56-28-345443/model_weights.pth
It: 855, Loss: 9.611e-04, Loss_res: 8.320e-03,  Loss_bcs: 2.777e-06, Loss_ut_ics: 8.752e-02, lr: 1.000e-03, Time: 9.44e+02
Model state saved to ./results/models/checkpoints/schrodinger/qho/2025-09-19_21-56-28-345443/model.pth
Model state saved to ./results/models/checkpoints/schrodinger/qho/2025-09-19_21-56-28-345443/model_weights.pth
It: 856, Loss: 6.246e-04, Loss_res: 1.357e-02,  Loss_bcs: 4.660e-06, Loss_ut_ics: 4.842e-02, lr: 1.000e-03, Time: 9.45e+02
Model state saved to ./results/models/checkpoints/schrodinger/qho/2025-09-19_21-56-28-345443/model.pth
Model state saved to ./results/models/checkpoints/schrodinger/qho/2025-09-19_21-56-28-345443/model_weights.pth
It: 857, Loss: 8.554e-05, Loss_res: 8.086e-03,  Loss_bcs: 3.696e-06, Loss_ut_ics: 9.813e-05, lr: 1.000e-03, Time: 9.46e+02
Model state saved to ./results/models/checkpoints/schrodinger/qho/2025-09-19_21-56-28-345443/model.pth
Model state saved to ./results/models/checkpoints/schrodinger/qho/2025-09-19_21-56-28-345443/model_weights.pth
It: 858, Loss: 3.814e-04, Loss_res: 1.359e-02,  Loss_bcs: 4.366e-06, Loss_ut_ics: 2.412e-02, lr: 1.000e-03, Time: 9.47e+02
Model state saved to ./results/models/checkpoints/schrodinger/qho/2025-09-19_21-56-28-345443/model.pth
Model state saved to ./results/models/checkpoints/schrodinger/qho/2025-09-19_21-56-28-345443/model_weights.pth
It: 859, Loss: 4.105e-04, Loss_res: 1.180e-02,  Loss_bcs: 5.587e-06, Loss_ut_ics: 2.869e-02, lr: 1.000e-03, Time: 9.48e+02
Model state saved to ./results/models/checkpoints/schrodinger/qho/2025-09-19_21-56-28-345443/model.pth
Model state saved to ./results/models/checkpoints/schrodinger/qho/2025-09-19_21-56-28-345443/model_weights.pth
It: 860, Loss: 3.655e-04, Loss_res: 1.535e-02,  Loss_bcs: 5.999e-06, Loss_ut_ics: 2.060e-02, lr: 1.000e-03, Time: 9.49e+02
Model state saved to ./results/models/checkpoints/schrodinger/qho/2025-09-19_21-56-28-345443/model.pth
Model state saved to ./results/models/checkpoints/schrodinger/qho/2025-09-19_21-56-28-345443/model_weights.pth
It: 861, Loss: 6.459e-04, Loss_res: 1.633e-02,  Loss_bcs: 8.224e-06, Loss_ut_ics: 4.744e-02, lr: 1.000e-03, Time: 9.50e+02
Model state saved to ./results/models/checkpoints/schrodinger/qho/2025-09-19_21-56-28-345443/model.pth
Model state saved to ./results/models/checkpoints/schrodinger/qho/2025-09-19_21-56-28-345443/model_weights.pth
It: 862, Loss: 3.171e-04, Loss_res: 2.436e-03,  Loss_bcs: 9.162e-06, Loss_ut_ics: 2.836e-02, lr: 1.000e-03, Time: 9.51e+02
Model state saved to ./results/models/checkpoints/schrodinger/qho/2025-09-19_21-56-28-345443/model.pth
Model state saved to ./results/models/checkpoints/schrodinger/qho/2025-09-19_21-56-28-345443/model_weights.pth
It: 863, Loss: 9.507e-04, Loss_res: 6.417e-03,  Loss_bcs: 7.800e-06, Loss_ut_ics: 8.787e-02, lr: 1.000e-03, Time: 9.52e+02
Model state saved to ./results/models/checkpoints/schrodinger/qho/2025-09-19_21-56-28-345443/model.pth
Model state saved to ./results/models/checkpoints/schrodinger/qho/2025-09-19_21-56-28-345443/model_weights.pth
It: 864, Loss: 5.376e-04, Loss_res: 1.851e-02,  Loss_bcs: 4.532e-06, Loss_ut_ics: 3.480e-02, lr: 1.000e-03, Time: 9.54e+02
Model state saved to ./results/models/checkpoints/schrodinger/qho/2025-09-19_21-56-28-345443/model.pth
Model state saved to ./results/models/checkpoints/schrodinger/qho/2025-09-19_21-56-28-345443/model_weights.pth
It: 865, Loss: 1.648e-04, Loss_res: 9.652e-03,  Loss_bcs: 5.312e-06, Loss_ut_ics: 6.292e-03, lr: 1.000e-03, Time: 9.55e+02
Model state saved to ./results/models/checkpoints/schrodinger/qho/2025-09-19_21-56-28-345443/model.pth
Model state saved to ./results/models/checkpoints/schrodinger/qho/2025-09-19_21-56-28-345443/model_weights.pth
It: 866, Loss: 1.304e-04, Loss_res: 1.216e-02,  Loss_bcs: 6.732e-06, Loss_ut_ics: 2.063e-04, lr: 1.000e-03, Time: 9.56e+02
Model state saved to ./results/models/checkpoints/schrodinger/qho/2025-09-19_21-56-28-345443/model.pth
Model state saved to ./results/models/checkpoints/schrodinger/qho/2025-09-19_21-56-28-345443/model_weights.pth
It: 867, Loss: 3.004e-04, Loss_res: 2.917e-02,  Loss_bcs: 6.091e-06, Loss_ut_ics: 2.592e-04, lr: 1.000e-03, Time: 9.57e+02
Model state saved to ./results/models/checkpoints/schrodinger/qho/2025-09-19_21-56-28-345443/model.pth
Model state saved to ./results/models/checkpoints/schrodinger/qho/2025-09-19_21-56-28-345443/model_weights.pth
It: 868, Loss: 4.597e-04, Loss_res: 7.987e-03,  Loss_bcs: 6.955e-06, Loss_ut_ics: 3.728e-02, lr: 1.000e-03, Time: 9.58e+02
Model state saved to ./results/models/checkpoints/schrodinger/qho/2025-09-19_21-56-28-345443/model.pth
Model state saved to ./results/models/checkpoints/schrodinger/qho/2025-09-19_21-56-28-345443/model_weights.pth
It: 869, Loss: 1.741e-04, Loss_res: 1.075e-02,  Loss_bcs: 1.153e-05, Loss_ut_ics: 5.505e-03, lr: 1.000e-03, Time: 9.59e+02
Model state saved to ./results/models/checkpoints/schrodinger/qho/2025-09-19_21-56-28-345443/model.pth
Model state saved to ./results/models/checkpoints/schrodinger/qho/2025-09-19_21-56-28-345443/model_weights.pth
It: 870, Loss: 1.840e-04, Loss_res: 1.496e-02,  Loss_bcs: 9.973e-06, Loss_ut_ics: 2.440e-03, lr: 1.000e-03, Time: 9.60e+02
Model state saved to ./results/models/checkpoints/schrodinger/qho/2025-09-19_21-56-28-345443/model.pth
Model state saved to ./results/models/checkpoints/schrodinger/qho/2025-09-19_21-56-28-345443/model_weights.pth
It: 871, Loss: 2.199e-04, Loss_res: 1.413e-02,  Loss_bcs: 5.013e-06, Loss_ut_ics: 7.366e-03, lr: 1.000e-03, Time: 9.61e+02
Model state saved to ./results/models/checkpoints/schrodinger/qho/2025-09-19_21-56-28-345443/model.pth
Model state saved to ./results/models/checkpoints/schrodinger/qho/2025-09-19_21-56-28-345443/model_weights.pth
It: 872, Loss: 1.484e-04, Loss_res: 1.245e-02,  Loss_bcs: 5.038e-06, Loss_ut_ics: 1.887e-03, lr: 1.000e-03, Time: 9.62e+02
Model state saved to ./results/models/checkpoints/schrodinger/qho/2025-09-19_21-56-28-345443/model.pth
Model state saved to ./results/models/checkpoints/schrodinger/qho/2025-09-19_21-56-28-345443/model_weights.pth
It: 873, Loss: 5.031e-04, Loss_res: 1.786e-02,  Loss_bcs: 6.447e-06, Loss_ut_ics: 3.180e-02, lr: 1.000e-03, Time: 9.63e+02
Model state saved to ./results/models/checkpoints/schrodinger/qho/2025-09-19_21-56-28-345443/model.pth
Model state saved to ./results/models/checkpoints/schrodinger/qho/2025-09-19_21-56-28-345443/model_weights.pth
It: 874, Loss: 8.626e-04, Loss_res: 1.044e-02,  Loss_bcs: 6.407e-06, Loss_ut_ics: 7.519e-02, lr: 1.000e-03, Time: 9.64e+02
Model state saved to ./results/models/checkpoints/schrodinger/qho/2025-09-19_21-56-28-345443/model.pth
Model state saved to ./results/models/checkpoints/schrodinger/qho/2025-09-19_21-56-28-345443/model_weights.pth
It: 875, Loss: 2.484e-04, Loss_res: 1.079e-02,  Loss_bcs: 4.232e-06, Loss_ut_ics: 1.362e-02, lr: 1.000e-03, Time: 9.66e+02
Model state saved to ./results/models/checkpoints/schrodinger/qho/2025-09-19_21-56-28-345443/model.pth
Model state saved to ./results/models/checkpoints/schrodinger/qho/2025-09-19_21-56-28-345443/model_weights.pth
It: 876, Loss: 5.398e-05, Loss_res: 3.244e-03,  Loss_bcs: 3.166e-06, Loss_ut_ics: 1.838e-03, lr: 1.000e-03, Time: 9.67e+02
Model state saved to ./results/models/checkpoints/schrodinger/qho/2025-09-19_21-56-28-345443/model.pth
Model state saved to ./results/models/checkpoints/schrodinger/qho/2025-09-19_21-56-28-345443/model_weights.pth
It: 877, Loss: 2.944e-04, Loss_res: 1.697e-02,  Loss_bcs: 3.747e-06, Loss_ut_ics: 1.209e-02, lr: 1.000e-03, Time: 9.68e+02
Model state saved to ./results/models/checkpoints/schrodinger/qho/2025-09-19_21-56-28-345443/model.pth
Model state saved to ./results/models/checkpoints/schrodinger/qho/2025-09-19_21-56-28-345443/model_weights.pth
It: 878, Loss: 5.112e-04, Loss_res: 7.476e-03,  Loss_bcs: 4.626e-06, Loss_ut_ics: 4.318e-02, lr: 1.000e-03, Time: 9.69e+02
Model state saved to ./results/models/checkpoints/schrodinger/qho/2025-09-19_21-56-28-345443/model.pth
Model state saved to ./results/models/checkpoints/schrodinger/qho/2025-09-19_21-56-28-345443/model_weights.pth
It: 879, Loss: 6.316e-04, Loss_res: 3.714e-03,  Loss_bcs: 3.292e-06, Loss_ut_ics: 5.912e-02, lr: 1.000e-03, Time: 9.70e+02
Model state saved to ./results/models/checkpoints/schrodinger/qho/2025-09-19_21-56-28-345443/model.pth
Model state saved to ./results/models/checkpoints/schrodinger/qho/2025-09-19_21-56-28-345443/model_weights.pth
It: 880, Loss: 2.196e-04, Loss_res: 1.932e-02,  Loss_bcs: 4.051e-06, Loss_ut_ics: 2.237e-03, lr: 1.000e-03, Time: 9.71e+02
Model state saved to ./results/models/checkpoints/schrodinger/qho/2025-09-19_21-56-28-345443/model.pth
Model state saved to ./results/models/checkpoints/schrodinger/qho/2025-09-19_21-56-28-345443/model_weights.pth
It: 881, Loss: 4.259e-04, Loss_res: 1.631e-02,  Loss_bcs: 4.917e-06, Loss_ut_ics: 2.579e-02, lr: 1.000e-03, Time: 9.72e+02
Model state saved to ./results/models/checkpoints/schrodinger/qho/2025-09-19_21-56-28-345443/model.pth
Model state saved to ./results/models/checkpoints/schrodinger/qho/2025-09-19_21-56-28-345443/model_weights.pth
It: 882, Loss: 6.511e-04, Loss_res: 7.077e-03,  Loss_bcs: 6.946e-06, Loss_ut_ics: 5.734e-02, lr: 1.000e-03, Time: 9.73e+02
Model state saved to ./results/models/checkpoints/schrodinger/qho/2025-09-19_21-56-28-345443/model.pth
Model state saved to ./results/models/checkpoints/schrodinger/qho/2025-09-19_21-56-28-345443/model_weights.pth
It: 883, Loss: 2.852e-04, Loss_res: 1.563e-02,  Loss_bcs: 4.410e-06, Loss_ut_ics: 1.244e-02, lr: 1.000e-03, Time: 9.74e+02
Model state saved to ./results/models/checkpoints/schrodinger/qho/2025-09-19_21-56-28-345443/model.pth
Model state saved to ./results/models/checkpoints/schrodinger/qho/2025-09-19_21-56-28-345443/model_weights.pth
It: 884, Loss: 4.908e-04, Loss_res: 1.370e-02,  Loss_bcs: 4.332e-06, Loss_ut_ics: 3.495e-02, lr: 1.000e-03, Time: 9.75e+02
Model state saved to ./results/models/checkpoints/schrodinger/qho/2025-09-19_21-56-28-345443/model.pth
Model state saved to ./results/models/checkpoints/schrodinger/qho/2025-09-19_21-56-28-345443/model_weights.pth
It: 885, Loss: 3.276e-04, Loss_res: 7.447e-03,  Loss_bcs: 4.309e-06, Loss_ut_ics: 2.488e-02, lr: 1.000e-03, Time: 9.76e+02
Model state saved to ./results/models/checkpoints/schrodinger/qho/2025-09-19_21-56-28-345443/model.pth
Model state saved to ./results/models/checkpoints/schrodinger/qho/2025-09-19_21-56-28-345443/model_weights.pth
It: 886, Loss: 1.869e-04, Loss_res: 1.810e-02,  Loss_bcs: 5.135e-06, Loss_ut_ics: 7.626e-05, lr: 1.000e-03, Time: 9.78e+02
Model state saved to ./results/models/checkpoints/schrodinger/qho/2025-09-19_21-56-28-345443/model.pth
Model state saved to ./results/models/checkpoints/schrodinger/qho/2025-09-19_21-56-28-345443/model_weights.pth
It: 887, Loss: 2.827e-04, Loss_res: 2.363e-02,  Loss_bcs: 4.311e-06, Loss_ut_ics: 4.203e-03, lr: 1.000e-03, Time: 9.79e+02
Model state saved to ./results/models/checkpoints/schrodinger/qho/2025-09-19_21-56-28-345443/model.pth
Model state saved to ./results/models/checkpoints/schrodinger/qho/2025-09-19_21-56-28-345443/model_weights.pth
It: 888, Loss: 3.767e-04, Loss_res: 3.234e-02,  Loss_bcs: 4.348e-06, Loss_ut_ics: 4.895e-03, lr: 1.000e-03, Time: 9.80e+02
Model state saved to ./results/models/checkpoints/schrodinger/qho/2025-09-19_21-56-28-345443/model.pth
Model state saved to ./results/models/checkpoints/schrodinger/qho/2025-09-19_21-56-28-345443/model_weights.pth
It: 889, Loss: 1.011e-04, Loss_res: 9.562e-03,  Loss_bcs: 3.374e-06, Loss_ut_ics: 2.126e-04, lr: 1.000e-03, Time: 9.81e+02
Model state saved to ./results/models/checkpoints/schrodinger/qho/2025-09-19_21-56-28-345443/model.pth
Model state saved to ./results/models/checkpoints/schrodinger/qho/2025-09-19_21-56-28-345443/model_weights.pth
It: 890, Loss: 4.309e-04, Loss_res: 3.779e-02,  Loss_bcs: 4.829e-06, Loss_ut_ics: 4.817e-03, lr: 1.000e-03, Time: 9.82e+02
Model state saved to ./results/models/checkpoints/schrodinger/qho/2025-09-19_21-56-28-345443/model.pth
Model state saved to ./results/models/checkpoints/schrodinger/qho/2025-09-19_21-56-28-345443/model_weights.pth
It: 891, Loss: 4.595e-04, Loss_res: 1.125e-02,  Loss_bcs: 4.943e-06, Loss_ut_ics: 3.421e-02, lr: 1.000e-03, Time: 9.83e+02
Model state saved to ./results/models/checkpoints/schrodinger/qho/2025-09-19_21-56-28-345443/model.pth
Model state saved to ./results/models/checkpoints/schrodinger/qho/2025-09-19_21-56-28-345443/model_weights.pth
It: 892, Loss: 8.791e-04, Loss_res: 2.386e-02,  Loss_bcs: 4.744e-06, Loss_ut_ics: 6.357e-02, lr: 1.000e-03, Time: 9.84e+02
Model state saved to ./results/models/checkpoints/schrodinger/qho/2025-09-19_21-56-28-345443/model.pth
Model state saved to ./results/models/checkpoints/schrodinger/qho/2025-09-19_21-56-28-345443/model_weights.pth
It: 893, Loss: 2.234e-04, Loss_res: 8.033e-03,  Loss_bcs: 5.577e-06, Loss_ut_ics: 1.375e-02, lr: 1.000e-03, Time: 9.85e+02
Model state saved to ./results/models/checkpoints/schrodinger/qho/2025-09-19_21-56-28-345443/model.pth
Model state saved to ./results/models/checkpoints/schrodinger/qho/2025-09-19_21-56-28-345443/model_weights.pth
It: 894, Loss: 2.010e-04, Loss_res: 1.192e-02,  Loss_bcs: 7.505e-06, Loss_ut_ics: 7.435e-03, lr: 1.000e-03, Time: 9.86e+02
Model state saved to ./results/models/checkpoints/schrodinger/qho/2025-09-19_21-56-28-345443/model.pth
Model state saved to ./results/models/checkpoints/schrodinger/qho/2025-09-19_21-56-28-345443/model_weights.pth
It: 895, Loss: 3.834e-04, Loss_res: 1.082e-02,  Loss_bcs: 1.253e-05, Loss_ut_ics: 2.626e-02, lr: 1.000e-03, Time: 9.87e+02
Model state saved to ./results/models/checkpoints/schrodinger/qho/2025-09-19_21-56-28-345443/model.pth
Model state saved to ./results/models/checkpoints/schrodinger/qho/2025-09-19_21-56-28-345443/model_weights.pth
It: 896, Loss: 1.282e-04, Loss_res: 1.142e-02,  Loss_bcs: 1.308e-05, Loss_ut_ics: 9.180e-05, lr: 1.000e-03, Time: 9.88e+02
Model state saved to ./results/models/checkpoints/schrodinger/qho/2025-09-19_21-56-28-345443/model.pth
Model state saved to ./results/models/checkpoints/schrodinger/qho/2025-09-19_21-56-28-345443/model_weights.pth
It: 897, Loss: 6.148e-04, Loss_res: 4.335e-03,  Loss_bcs: 1.073e-05, Loss_ut_ics: 5.607e-02, lr: 1.000e-03, Time: 9.90e+02
Model state saved to ./results/models/checkpoints/schrodinger/qho/2025-09-19_21-56-28-345443/model.pth
Model state saved to ./results/models/checkpoints/schrodinger/qho/2025-09-19_21-56-28-345443/model_weights.pth
It: 898, Loss: 6.735e-04, Loss_res: 2.105e-03,  Loss_bcs: 7.325e-06, Loss_ut_ics: 6.452e-02, lr: 1.000e-03, Time: 9.91e+02
Model state saved to ./results/models/checkpoints/schrodinger/qho/2025-09-19_21-56-28-345443/model.pth
Model state saved to ./results/models/checkpoints/schrodinger/qho/2025-09-19_21-56-28-345443/model_weights.pth
It: 899, Loss: 4.538e-04, Loss_res: 1.463e-02,  Loss_bcs: 1.761e-05, Loss_ut_ics: 2.899e-02, lr: 1.000e-03, Time: 9.92e+02
Model state saved to ./results/models/checkpoints/schrodinger/qho/2025-09-19_21-56-28-345443/model.pth
Model state saved to ./results/models/checkpoints/schrodinger/qho/2025-09-19_21-56-28-345443/model_weights.pth
It: 900, Loss: 5.765e-04, Loss_res: 2.190e-02,  Loss_bcs: 2.153e-05, Loss_ut_ics: 3.360e-02, lr: 1.000e-03, Time: 9.93e+02
Model state saved to ./results/models/checkpoints/schrodinger/qho/2025-09-19_21-56-28-345443/model.pth
Model state saved to ./results/models/checkpoints/schrodinger/qho/2025-09-19_21-56-28-345443/model_weights.pth
It: 901, Loss: 1.920e-04, Loss_res: 1.811e-02,  Loss_bcs: 1.043e-05, Loss_ut_ics: 5.095e-05, lr: 1.000e-03, Time: 9.94e+02
Model state saved to ./results/models/checkpoints/schrodinger/qho/2025-09-19_21-56-28-345443/model.pth
Model state saved to ./results/models/checkpoints/schrodinger/qho/2025-09-19_21-56-28-345443/model_weights.pth
It: 902, Loss: 4.110e-04, Loss_res: 9.463e-03,  Loss_bcs: 3.862e-06, Loss_ut_ics: 3.125e-02, lr: 1.000e-03, Time: 9.95e+02
Model state saved to ./results/models/checkpoints/schrodinger/qho/2025-09-19_21-56-28-345443/model.pth
Model state saved to ./results/models/checkpoints/schrodinger/qho/2025-09-19_21-56-28-345443/model_weights.pth
It: 903, Loss: 4.618e-04, Loss_res: 8.590e-03,  Loss_bcs: 8.308e-06, Loss_ut_ics: 3.676e-02, lr: 1.000e-03, Time: 9.96e+02
Model state saved to ./results/models/checkpoints/schrodinger/qho/2025-09-19_21-56-28-345443/model.pth
Model state saved to ./results/models/checkpoints/schrodinger/qho/2025-09-19_21-56-28-345443/model_weights.pth
It: 904, Loss: 2.224e-04, Loss_res: 1.115e-02,  Loss_bcs: 1.086e-05, Loss_ut_ics: 1.000e-02, lr: 1.000e-03, Time: 9.97e+02
Model state saved to ./results/models/checkpoints/schrodinger/qho/2025-09-19_21-56-28-345443/model.pth
Model state saved to ./results/models/checkpoints/schrodinger/qho/2025-09-19_21-56-28-345443/model_weights.pth
It: 905, Loss: 6.011e-04, Loss_res: 2.300e-02,  Loss_bcs: 1.239e-05, Loss_ut_ics: 3.587e-02, lr: 1.000e-03, Time: 9.98e+02
Model state saved to ./results/models/checkpoints/schrodinger/qho/2025-09-19_21-56-28-345443/model.pth
Model state saved to ./results/models/checkpoints/schrodinger/qho/2025-09-19_21-56-28-345443/model_weights.pth
It: 906, Loss: 5.671e-05, Loss_res: 4.993e-03,  Loss_bcs: 6.343e-06, Loss_ut_ics: 4.386e-05, lr: 1.000e-03, Time: 9.99e+02
Model state saved to ./results/models/checkpoints/schrodinger/qho/2025-09-19_21-56-28-345443/model.pth
Model state saved to ./results/models/checkpoints/schrodinger/qho/2025-09-19_21-56-28-345443/model_weights.pth
It: 907, Loss: 2.070e-04, Loss_res: 1.908e-02,  Loss_bcs: 9.196e-06, Loss_ut_ics: 7.075e-04, lr: 1.000e-03, Time: 1.00e+03
Model state saved to ./results/models/checkpoints/schrodinger/qho/2025-09-19_21-56-28-345443/model.pth
Model state saved to ./results/models/checkpoints/schrodinger/qho/2025-09-19_21-56-28-345443/model_weights.pth
It: 908, Loss: 4.279e-04, Loss_res: 9.273e-03,  Loss_bcs: 9.775e-06, Loss_ut_ics: 3.254e-02, lr: 1.000e-03, Time: 1.00e+03
Model state saved to ./results/models/checkpoints/schrodinger/qho/2025-09-19_21-56-28-345443/model.pth
Model state saved to ./results/models/checkpoints/schrodinger/qho/2025-09-19_21-56-28-345443/model_weights.pth
It: 909, Loss: 4.729e-05, Loss_res: 3.823e-03,  Loss_bcs: 8.036e-06, Loss_ut_ics: 1.019e-04, lr: 1.000e-03, Time: 1.00e+03
Model state saved to ./results/models/checkpoints/schrodinger/qho/2025-09-19_21-56-28-345443/model.pth
Model state saved to ./results/models/checkpoints/schrodinger/qho/2025-09-19_21-56-28-345443/model_weights.pth
It: 910, Loss: 1.287e-04, Loss_res: 4.017e-03,  Loss_bcs: 9.781e-06, Loss_ut_ics: 7.878e-03, lr: 1.000e-03, Time: 1.00e+03
Model state saved to ./results/models/checkpoints/schrodinger/qho/2025-09-19_21-56-28-345443/model.pth
Model state saved to ./results/models/checkpoints/schrodinger/qho/2025-09-19_21-56-28-345443/model_weights.pth
It: 911, Loss: 4.378e-04, Loss_res: 1.599e-02,  Loss_bcs: 1.019e-05, Loss_ut_ics: 2.676e-02, lr: 1.000e-03, Time: 1.00e+03
Model state saved to ./results/models/checkpoints/schrodinger/qho/2025-09-19_21-56-28-345443/model.pth
Model state saved to ./results/models/checkpoints/schrodinger/qho/2025-09-19_21-56-28-345443/model_weights.pth
It: 912, Loss: 2.914e-04, Loss_res: 1.411e-02,  Loss_bcs: 1.029e-05, Loss_ut_ics: 1.400e-02, lr: 1.000e-03, Time: 1.01e+03
Model state saved to ./results/models/checkpoints/schrodinger/qho/2025-09-19_21-56-28-345443/model.pth
Model state saved to ./results/models/checkpoints/schrodinger/qho/2025-09-19_21-56-28-345443/model_weights.pth
It: 913, Loss: 1.399e-04, Loss_res: 1.189e-02,  Loss_bcs: 5.534e-06, Loss_ut_ics: 1.547e-03, lr: 1.000e-03, Time: 1.01e+03
Model state saved to ./results/models/checkpoints/schrodinger/qho/2025-09-19_21-56-28-345443/model.pth
Model state saved to ./results/models/checkpoints/schrodinger/qho/2025-09-19_21-56-28-345443/model_weights.pth
It: 914, Loss: 2.907e-04, Loss_res: 1.135e-02,  Loss_bcs: 7.155e-06, Loss_ut_ics: 1.700e-02, lr: 1.000e-03, Time: 1.01e+03
Model state saved to ./results/models/checkpoints/schrodinger/qho/2025-09-19_21-56-28-345443/model.pth
Model state saved to ./results/models/checkpoints/schrodinger/qho/2025-09-19_21-56-28-345443/model_weights.pth
It: 915, Loss: 1.558e-04, Loss_res: 1.454e-02,  Loss_bcs: 8.832e-06, Loss_ut_ics: 1.485e-04, lr: 1.000e-03, Time: 1.01e+03
Model state saved to ./results/models/checkpoints/schrodinger/qho/2025-09-19_21-56-28-345443/model.pth
Model state saved to ./results/models/checkpoints/schrodinger/qho/2025-09-19_21-56-28-345443/model_weights.pth
It: 916, Loss: 3.202e-04, Loss_res: 2.708e-02,  Loss_bcs: 4.083e-06, Loss_ut_ics: 4.528e-03, lr: 1.000e-03, Time: 1.01e+03
Model state saved to ./results/models/checkpoints/schrodinger/qho/2025-09-19_21-56-28-345443/model.pth
Model state saved to ./results/models/checkpoints/schrodinger/qho/2025-09-19_21-56-28-345443/model_weights.pth
It: 917, Loss: 4.699e-04, Loss_res: 7.695e-03,  Loss_bcs: 5.832e-06, Loss_ut_ics: 3.872e-02, lr: 1.000e-03, Time: 1.01e+03
Model state saved to ./results/models/checkpoints/schrodinger/qho/2025-09-19_21-56-28-345443/model.pth
Model state saved to ./results/models/checkpoints/schrodinger/qho/2025-09-19_21-56-28-345443/model_weights.pth
It: 918, Loss: 4.923e-04, Loss_res: 2.013e-02,  Loss_bcs: 6.453e-06, Loss_ut_ics: 2.846e-02, lr: 1.000e-03, Time: 1.01e+03
Model state saved to ./results/models/checkpoints/schrodinger/qho/2025-09-19_21-56-28-345443/model.pth
Model state saved to ./results/models/checkpoints/schrodinger/qho/2025-09-19_21-56-28-345443/model_weights.pth
It: 919, Loss: 1.302e-04, Loss_res: 1.199e-02,  Loss_bcs: 6.855e-06, Loss_ut_ics: 3.439e-04, lr: 1.000e-03, Time: 1.01e+03
Model state saved to ./results/models/checkpoints/schrodinger/qho/2025-09-19_21-56-28-345443/model.pth
Model state saved to ./results/models/checkpoints/schrodinger/qho/2025-09-19_21-56-28-345443/model_weights.pth
It: 920, Loss: 4.927e-04, Loss_res: 6.372e-03,  Loss_bcs: 7.104e-06, Loss_ut_ics: 4.219e-02, lr: 1.000e-03, Time: 1.01e+03
Model state saved to ./results/models/checkpoints/schrodinger/qho/2025-09-19_21-56-28-345443/model.pth
Model state saved to ./results/models/checkpoints/schrodinger/qho/2025-09-19_21-56-28-345443/model_weights.pth
It: 921, Loss: 4.860e-04, Loss_res: 1.678e-02,  Loss_bcs: 7.522e-06, Loss_ut_ics: 3.106e-02, lr: 1.000e-03, Time: 1.02e+03
Model state saved to ./results/models/checkpoints/schrodinger/qho/2025-09-19_21-56-28-345443/model.pth
Model state saved to ./results/models/checkpoints/schrodinger/qho/2025-09-19_21-56-28-345443/model_weights.pth
It: 922, Loss: 9.336e-04, Loss_res: 1.030e-02,  Loss_bcs: 6.511e-06, Loss_ut_ics: 8.241e-02, lr: 1.000e-03, Time: 1.02e+03
Model state saved to ./results/models/checkpoints/schrodinger/qho/2025-09-19_21-56-28-345443/model.pth
Model state saved to ./results/models/checkpoints/schrodinger/qho/2025-09-19_21-56-28-345443/model_weights.pth
It: 923, Loss: 6.481e-04, Loss_res: 2.693e-02,  Loss_bcs: 5.557e-06, Loss_ut_ics: 3.733e-02, lr: 1.000e-03, Time: 1.02e+03
Model state saved to ./results/models/checkpoints/schrodinger/qho/2025-09-19_21-56-28-345443/model.pth
Model state saved to ./results/models/checkpoints/schrodinger/qho/2025-09-19_21-56-28-345443/model_weights.pth
It: 924, Loss: 2.168e-04, Loss_res: 1.397e-02,  Loss_bcs: 5.610e-06, Loss_ut_ics: 7.148e-03, lr: 1.000e-03, Time: 1.02e+03
Model state saved to ./results/models/checkpoints/schrodinger/qho/2025-09-19_21-56-28-345443/model.pth
Model state saved to ./results/models/checkpoints/schrodinger/qho/2025-09-19_21-56-28-345443/model_weights.pth
It: 925, Loss: 1.347e-04, Loss_res: 1.277e-02,  Loss_bcs: 5.353e-06, Loss_ut_ics: 1.632e-04, lr: 1.000e-03, Time: 1.02e+03
Model state saved to ./results/models/checkpoints/schrodinger/qho/2025-09-19_21-56-28-345443/model.pth
Model state saved to ./results/models/checkpoints/schrodinger/qho/2025-09-19_21-56-28-345443/model_weights.pth
It: 926, Loss: 4.893e-04, Loss_res: 1.376e-02,  Loss_bcs: 4.643e-06, Loss_ut_ics: 3.470e-02, lr: 1.000e-03, Time: 1.02e+03
Model state saved to ./results/models/checkpoints/schrodinger/qho/2025-09-19_21-56-28-345443/model.pth
Model state saved to ./results/models/checkpoints/schrodinger/qho/2025-09-19_21-56-28-345443/model_weights.pth
It: 927, Loss: 3.907e-04, Loss_res: 1.590e-02,  Loss_bcs: 5.142e-06, Loss_ut_ics: 2.265e-02, lr: 1.000e-03, Time: 1.02e+03
Model state saved to ./results/models/checkpoints/schrodinger/qho/2025-09-19_21-56-28-345443/model.pth
Model state saved to ./results/models/checkpoints/schrodinger/qho/2025-09-19_21-56-28-345443/model_weights.pth
It: 928, Loss: 4.506e-04, Loss_res: 2.875e-03,  Loss_bcs: 3.806e-06, Loss_ut_ics: 4.180e-02, lr: 1.000e-03, Time: 1.02e+03
Model state saved to ./results/models/checkpoints/schrodinger/qho/2025-09-19_21-56-28-345443/model.pth
Model state saved to ./results/models/checkpoints/schrodinger/qho/2025-09-19_21-56-28-345443/model_weights.pth
It: 929, Loss: 2.277e-04, Loss_res: 2.147e-02,  Loss_bcs: 4.269e-06, Loss_ut_ics: 8.714e-04, lr: 1.000e-03, Time: 1.02e+03
Model state saved to ./results/models/checkpoints/schrodinger/qho/2025-09-19_21-56-28-345443/model.pth
Model state saved to ./results/models/checkpoints/schrodinger/qho/2025-09-19_21-56-28-345443/model_weights.pth
It: 930, Loss: 4.896e-04, Loss_res: 1.722e-02,  Loss_bcs: 4.037e-06, Loss_ut_ics: 3.134e-02, lr: 1.000e-03, Time: 1.03e+03
Model state saved to ./results/models/checkpoints/schrodinger/qho/2025-09-19_21-56-28-345443/model.pth
Model state saved to ./results/models/checkpoints/schrodinger/qho/2025-09-19_21-56-28-345443/model_weights.pth
It: 931, Loss: 1.273e-04, Loss_res: 1.063e-02,  Loss_bcs: 5.096e-06, Loss_ut_ics: 1.593e-03, lr: 1.000e-03, Time: 1.03e+03
Model state saved to ./results/models/checkpoints/schrodinger/qho/2025-09-19_21-56-28-345443/model.pth
Model state saved to ./results/models/checkpoints/schrodinger/qho/2025-09-19_21-56-28-345443/model_weights.pth
It: 932, Loss: 4.357e-04, Loss_res: 1.712e-02,  Loss_bcs: 5.475e-06, Loss_ut_ics: 2.590e-02, lr: 1.000e-03, Time: 1.03e+03
Model state saved to ./results/models/checkpoints/schrodinger/qho/2025-09-19_21-56-28-345443/model.pth
Model state saved to ./results/models/checkpoints/schrodinger/qho/2025-09-19_21-56-28-345443/model_weights.pth
It: 933, Loss: 1.324e-04, Loss_res: 9.241e-03,  Loss_bcs: 6.799e-06, Loss_ut_ics: 3.318e-03, lr: 1.000e-03, Time: 1.03e+03
Model state saved to ./results/models/checkpoints/schrodinger/qho/2025-09-19_21-56-28-345443/model.pth
Model state saved to ./results/models/checkpoints/schrodinger/qho/2025-09-19_21-56-28-345443/model_weights.pth
It: 934, Loss: 4.717e-04, Loss_res: 4.082e-03,  Loss_bcs: 6.932e-06, Loss_ut_ics: 4.239e-02, lr: 1.000e-03, Time: 1.03e+03
Model state saved to ./results/models/checkpoints/schrodinger/qho/2025-09-19_21-56-28-345443/model.pth
Model state saved to ./results/models/checkpoints/schrodinger/qho/2025-09-19_21-56-28-345443/model_weights.pth
It: 935, Loss: 3.969e-04, Loss_res: 7.396e-03,  Loss_bcs: 5.302e-06, Loss_ut_ics: 3.177e-02, lr: 1.000e-03, Time: 1.03e+03
Model state saved to ./results/models/checkpoints/schrodinger/qho/2025-09-19_21-56-28-345443/model.pth
Model state saved to ./results/models/checkpoints/schrodinger/qho/2025-09-19_21-56-28-345443/model_weights.pth
It: 936, Loss: 1.813e-04, Loss_res: 1.253e-02,  Loss_bcs: 5.445e-06, Loss_ut_ics: 5.057e-03, lr: 1.000e-03, Time: 1.03e+03
Model state saved to ./results/models/checkpoints/schrodinger/qho/2025-09-19_21-56-28-345443/model.pth
Model state saved to ./results/models/checkpoints/schrodinger/qho/2025-09-19_21-56-28-345443/model_weights.pth
It: 937, Loss: 2.251e-04, Loss_res: 1.823e-02,  Loss_bcs: 6.235e-06, Loss_ut_ics: 3.651e-03, lr: 1.000e-03, Time: 1.03e+03
Model state saved to ./results/models/checkpoints/schrodinger/qho/2025-09-19_21-56-28-345443/model.pth
Model state saved to ./results/models/checkpoints/schrodinger/qho/2025-09-19_21-56-28-345443/model_weights.pth
It: 938, Loss: 2.295e-04, Loss_res: 9.742e-03,  Loss_bcs: 5.608e-06, Loss_ut_ics: 1.265e-02, lr: 1.000e-03, Time: 1.03e+03
Model state saved to ./results/models/checkpoints/schrodinger/qho/2025-09-19_21-56-28-345443/model.pth
Model state saved to ./results/models/checkpoints/schrodinger/qho/2025-09-19_21-56-28-345443/model_weights.pth
It: 939, Loss: 2.766e-04, Loss_res: 2.039e-02,  Loss_bcs: 6.289e-06, Loss_ut_ics: 6.640e-03, lr: 1.000e-03, Time: 1.04e+03
Model state saved to ./results/models/checkpoints/schrodinger/qho/2025-09-19_21-56-28-345443/model.pth
Model state saved to ./results/models/checkpoints/schrodinger/qho/2025-09-19_21-56-28-345443/model_weights.pth
It: 940, Loss: 1.168e-04, Loss_res: 9.030e-03,  Loss_bcs: 4.766e-06, Loss_ut_ics: 2.172e-03, lr: 1.000e-03, Time: 1.04e+03
Model state saved to ./results/models/checkpoints/schrodinger/qho/2025-09-19_21-56-28-345443/model.pth
Model state saved to ./results/models/checkpoints/schrodinger/qho/2025-09-19_21-56-28-345443/model_weights.pth
It: 941, Loss: 6.682e-04, Loss_res: 3.121e-02,  Loss_bcs: 3.458e-06, Loss_ut_ics: 3.526e-02, lr: 1.000e-03, Time: 1.04e+03
Model state saved to ./results/models/checkpoints/schrodinger/qho/2025-09-19_21-56-28-345443/model.pth
Model state saved to ./results/models/checkpoints/schrodinger/qho/2025-09-19_21-56-28-345443/model_weights.pth
It: 942, Loss: 4.461e-04, Loss_res: 2.967e-03,  Loss_bcs: 3.043e-06, Loss_ut_ics: 4.134e-02, lr: 1.000e-03, Time: 1.04e+03
Model state saved to ./results/models/checkpoints/schrodinger/qho/2025-09-19_21-56-28-345443/model.pth
Model state saved to ./results/models/checkpoints/schrodinger/qho/2025-09-19_21-56-28-345443/model_weights.pth
It: 943, Loss: 6.235e-04, Loss_res: 1.719e-02,  Loss_bcs: 2.722e-06, Loss_ut_ics: 4.489e-02, lr: 1.000e-03, Time: 1.04e+03
Model state saved to ./results/models/checkpoints/schrodinger/qho/2025-09-19_21-56-28-345443/model.pth
Model state saved to ./results/models/checkpoints/schrodinger/qho/2025-09-19_21-56-28-345443/model_weights.pth
It: 944, Loss: 2.752e-04, Loss_res: 2.543e-02,  Loss_bcs: 2.998e-06, Loss_ut_ics: 1.793e-03, lr: 1.000e-03, Time: 1.04e+03
Model state saved to ./results/models/checkpoints/schrodinger/qho/2025-09-19_21-56-28-345443/model.pth
Model state saved to ./results/models/checkpoints/schrodinger/qho/2025-09-19_21-56-28-345443/model_weights.pth
It: 945, Loss: 2.909e-04, Loss_res: 2.848e-02,  Loss_bcs: 3.413e-06, Loss_ut_ics: 2.630e-04, lr: 1.000e-03, Time: 1.04e+03
Model state saved to ./results/models/checkpoints/schrodinger/qho/2025-09-19_21-56-28-345443/model.pth
Model state saved to ./results/models/checkpoints/schrodinger/qho/2025-09-19_21-56-28-345443/model_weights.pth
It: 946, Loss: 7.488e-04, Loss_res: 1.317e-02,  Loss_bcs: 2.462e-06, Loss_ut_ics: 6.147e-02, lr: 1.000e-03, Time: 1.04e+03
Model state saved to ./results/models/checkpoints/schrodinger/qho/2025-09-19_21-56-28-345443/model.pth
Model state saved to ./results/models/checkpoints/schrodinger/qho/2025-09-19_21-56-28-345443/model_weights.pth
It: 947, Loss: 4.121e-04, Loss_res: 1.110e-02,  Loss_bcs: 3.608e-06, Loss_ut_ics: 2.974e-02, lr: 1.000e-03, Time: 1.04e+03
Model state saved to ./results/models/checkpoints/schrodinger/qho/2025-09-19_21-56-28-345443/model.pth
Model state saved to ./results/models/checkpoints/schrodinger/qho/2025-09-19_21-56-28-345443/model_weights.pth
It: 948, Loss: 7.696e-05, Loss_res: 4.575e-03,  Loss_bcs: 5.053e-06, Loss_ut_ics: 2.616e-03, lr: 1.000e-03, Time: 1.05e+03
Model state saved to ./results/models/checkpoints/schrodinger/qho/2025-09-19_21-56-28-345443/model.pth
Model state saved to ./results/models/checkpoints/schrodinger/qho/2025-09-19_21-56-28-345443/model_weights.pth
It: 949, Loss: 8.437e-05, Loss_res: 4.732e-03,  Loss_bcs: 5.607e-06, Loss_ut_ics: 3.145e-03, lr: 1.000e-03, Time: 1.05e+03
Model state saved to ./results/models/checkpoints/schrodinger/qho/2025-09-19_21-56-28-345443/model.pth
Model state saved to ./results/models/checkpoints/schrodinger/qho/2025-09-19_21-56-28-345443/model_weights.pth
It: 950, Loss: 1.134e-04, Loss_res: 8.925e-03,  Loss_bcs: 6.249e-06, Loss_ut_ics: 1.791e-03, lr: 1.000e-03, Time: 1.05e+03
Model state saved to ./results/models/checkpoints/schrodinger/qho/2025-09-19_21-56-28-345443/model.pth
Model state saved to ./results/models/checkpoints/schrodinger/qho/2025-09-19_21-56-28-345443/model_weights.pth
It: 951, Loss: 3.600e-04, Loss_res: 4.259e-03,  Loss_bcs: 5.317e-06, Loss_ut_ics: 3.120e-02, lr: 1.000e-03, Time: 1.05e+03
Model state saved to ./results/models/checkpoints/schrodinger/qho/2025-09-19_21-56-28-345443/model.pth
Model state saved to ./results/models/checkpoints/schrodinger/qho/2025-09-19_21-56-28-345443/model_weights.pth
It: 952, Loss: 1.679e-04, Loss_res: 1.625e-02,  Loss_bcs: 4.517e-06, Loss_ut_ics: 8.828e-05, lr: 1.000e-03, Time: 1.05e+03
Model state saved to ./results/models/checkpoints/schrodinger/qho/2025-09-19_21-56-28-345443/model.pth
Model state saved to ./results/models/checkpoints/schrodinger/qho/2025-09-19_21-56-28-345443/model_weights.pth
It: 953, Loss: 6.769e-04, Loss_res: 1.329e-02,  Loss_bcs: 3.269e-06, Loss_ut_ics: 5.407e-02, lr: 1.000e-03, Time: 1.05e+03
Model state saved to ./results/models/checkpoints/schrodinger/qho/2025-09-19_21-56-28-345443/model.pth
Model state saved to ./results/models/checkpoints/schrodinger/qho/2025-09-19_21-56-28-345443/model_weights.pth
It: 954, Loss: 3.911e-04, Loss_res: 2.312e-02,  Loss_bcs: 2.516e-06, Loss_ut_ics: 1.575e-02, lr: 1.000e-03, Time: 1.05e+03
Model state saved to ./results/models/checkpoints/schrodinger/qho/2025-09-19_21-56-28-345443/model.pth
Model state saved to ./results/models/checkpoints/schrodinger/qho/2025-09-19_21-56-28-345443/model_weights.pth
It: 955, Loss: 6.723e-04, Loss_res: 1.701e-02,  Loss_bcs: 3.986e-06, Loss_ut_ics: 4.982e-02, lr: 1.000e-03, Time: 1.05e+03
Model state saved to ./results/models/checkpoints/schrodinger/qho/2025-09-19_21-56-28-345443/model.pth
Model state saved to ./results/models/checkpoints/schrodinger/qho/2025-09-19_21-56-28-345443/model_weights.pth
It: 956, Loss: 5.401e-04, Loss_res: 3.967e-03,  Loss_bcs: 4.757e-06, Loss_ut_ics: 4.957e-02, lr: 1.000e-03, Time: 1.05e+03
Model state saved to ./results/models/checkpoints/schrodinger/qho/2025-09-19_21-56-28-345443/model.pth
Model state saved to ./results/models/checkpoints/schrodinger/qho/2025-09-19_21-56-28-345443/model_weights.pth
It: 957, Loss: 8.575e-05, Loss_res: 6.780e-03,  Loss_bcs: 4.350e-06, Loss_ut_ics: 1.359e-03, lr: 1.000e-03, Time: 1.05e+03
Model state saved to ./results/models/checkpoints/schrodinger/qho/2025-09-19_21-56-28-345443/model.pth
Model state saved to ./results/models/checkpoints/schrodinger/qho/2025-09-19_21-56-28-345443/model_weights.pth
It: 958, Loss: 2.094e-04, Loss_res: 2.052e-02,  Loss_bcs: 4.144e-06, Loss_ut_ics: 1.266e-05, lr: 1.000e-03, Time: 1.06e+03
Model state saved to ./results/models/checkpoints/schrodinger/qho/2025-09-19_21-56-28-345443/model.pth
Model state saved to ./results/models/checkpoints/schrodinger/qho/2025-09-19_21-56-28-345443/model_weights.pth
It: 959, Loss: 1.337e-04, Loss_res: 1.286e-02,  Loss_bcs: 4.795e-06, Loss_ut_ics: 3.048e-05, lr: 1.000e-03, Time: 1.06e+03
Model state saved to ./results/models/checkpoints/schrodinger/qho/2025-09-19_21-56-28-345443/model.pth
Model state saved to ./results/models/checkpoints/schrodinger/qho/2025-09-19_21-56-28-345443/model_weights.pth
It: 960, Loss: 3.583e-04, Loss_res: 1.648e-02,  Loss_bcs: 4.701e-06, Loss_ut_ics: 1.888e-02, lr: 1.000e-03, Time: 1.06e+03
Model state saved to ./results/models/checkpoints/schrodinger/qho/2025-09-19_21-56-28-345443/model.pth
Model state saved to ./results/models/checkpoints/schrodinger/qho/2025-09-19_21-56-28-345443/model_weights.pth
It: 961, Loss: 4.941e-04, Loss_res: 2.103e-02,  Loss_bcs: 3.671e-06, Loss_ut_ics: 2.802e-02, lr: 1.000e-03, Time: 1.06e+03
Model state saved to ./results/models/checkpoints/schrodinger/qho/2025-09-19_21-56-28-345443/model.pth
Model state saved to ./results/models/checkpoints/schrodinger/qho/2025-09-19_21-56-28-345443/model_weights.pth
It: 962, Loss: 2.760e-04, Loss_res: 2.333e-02,  Loss_bcs: 4.033e-06, Loss_ut_ics: 3.873e-03, lr: 1.000e-03, Time: 1.06e+03
Model state saved to ./results/models/checkpoints/schrodinger/qho/2025-09-19_21-56-28-345443/model.pth
Model state saved to ./results/models/checkpoints/schrodinger/qho/2025-09-19_21-56-28-345443/model_weights.pth
It: 963, Loss: 2.099e-04, Loss_res: 1.300e-02,  Loss_bcs: 2.879e-06, Loss_ut_ics: 7.701e-03, lr: 1.000e-03, Time: 1.06e+03
Model state saved to ./results/models/checkpoints/schrodinger/qho/2025-09-19_21-56-28-345443/model.pth
Model state saved to ./results/models/checkpoints/schrodinger/qho/2025-09-19_21-56-28-345443/model_weights.pth
It: 964, Loss: 1.355e-04, Loss_res: 1.304e-02,  Loss_bcs: 4.800e-06, Loss_ut_ics: 3.302e-05, lr: 1.000e-03, Time: 1.06e+03
Model state saved to ./results/models/checkpoints/schrodinger/qho/2025-09-19_21-56-28-345443/model.pth
Model state saved to ./results/models/checkpoints/schrodinger/qho/2025-09-19_21-56-28-345443/model_weights.pth
It: 965, Loss: 2.613e-04, Loss_res: 1.754e-02,  Loss_bcs: 4.021e-06, Loss_ut_ics: 8.183e-03, lr: 1.000e-03, Time: 1.06e+03
Model state saved to ./results/models/checkpoints/schrodinger/qho/2025-09-19_21-56-28-345443/model.pth
Model state saved to ./results/models/checkpoints/schrodinger/qho/2025-09-19_21-56-28-345443/model_weights.pth
It: 966, Loss: 1.020e-04, Loss_res: 9.189e-03,  Loss_bcs: 4.143e-06, Loss_ut_ics: 5.966e-04, lr: 1.000e-03, Time: 1.07e+03
Model state saved to ./results/models/checkpoints/schrodinger/qho/2025-09-19_21-56-28-345443/model.pth
Model state saved to ./results/models/checkpoints/schrodinger/qho/2025-09-19_21-56-28-345443/model_weights.pth
It: 967, Loss: 3.802e-04, Loss_res: 8.690e-03,  Loss_bcs: 5.568e-06, Loss_ut_ics: 2.877e-02, lr: 1.000e-03, Time: 1.07e+03
Model state saved to ./results/models/checkpoints/schrodinger/qho/2025-09-19_21-56-28-345443/model.pth
Model state saved to ./results/models/checkpoints/schrodinger/qho/2025-09-19_21-56-28-345443/model_weights.pth
It: 968, Loss: 2.130e-04, Loss_res: 1.457e-02,  Loss_bcs: 4.659e-06, Loss_ut_ics: 6.264e-03, lr: 1.000e-03, Time: 1.07e+03
Model state saved to ./results/models/checkpoints/schrodinger/qho/2025-09-19_21-56-28-345443/model.pth
Model state saved to ./results/models/checkpoints/schrodinger/qho/2025-09-19_21-56-28-345443/model_weights.pth
It: 969, Loss: 7.278e-05, Loss_res: 6.103e-03,  Loss_bcs: 5.179e-06, Loss_ut_ics: 6.568e-04, lr: 1.000e-03, Time: 1.07e+03
Model state saved to ./results/models/checkpoints/schrodinger/qho/2025-09-19_21-56-28-345443/model.pth
Model state saved to ./results/models/checkpoints/schrodinger/qho/2025-09-19_21-56-28-345443/model_weights.pth
It: 970, Loss: 2.607e-04, Loss_res: 5.025e-03,  Loss_bcs: 4.892e-06, Loss_ut_ics: 2.056e-02, lr: 1.000e-03, Time: 1.07e+03
Model state saved to ./results/models/checkpoints/schrodinger/qho/2025-09-19_21-56-28-345443/model.pth
Model state saved to ./results/models/checkpoints/schrodinger/qho/2025-09-19_21-56-28-345443/model_weights.pth
It: 971, Loss: 3.239e-04, Loss_res: 5.885e-03,  Loss_bcs: 6.248e-06, Loss_ut_ics: 2.588e-02, lr: 1.000e-03, Time: 1.07e+03
Model state saved to ./results/models/checkpoints/schrodinger/qho/2025-09-19_21-56-28-345443/model.pth
Model state saved to ./results/models/checkpoints/schrodinger/qho/2025-09-19_21-56-28-345443/model_weights.pth
It: 972, Loss: 2.738e-04, Loss_res: 1.247e-02,  Loss_bcs: 4.735e-06, Loss_ut_ics: 1.443e-02, lr: 1.000e-03, Time: 1.07e+03
Model state saved to ./results/models/checkpoints/schrodinger/qho/2025-09-19_21-56-28-345443/model.pth
Model state saved to ./results/models/checkpoints/schrodinger/qho/2025-09-19_21-56-28-345443/model_weights.pth
It: 973, Loss: 6.955e-04, Loss_res: 1.578e-02,  Loss_bcs: 7.449e-06, Loss_ut_ics: 5.303e-02, lr: 1.000e-03, Time: 1.07e+03
Model state saved to ./results/models/checkpoints/schrodinger/qho/2025-09-19_21-56-28-345443/model.pth
Model state saved to ./results/models/checkpoints/schrodinger/qho/2025-09-19_21-56-28-345443/model_weights.pth
It: 974, Loss: 3.094e-04, Loss_res: 1.542e-02,  Loss_bcs: 6.348e-06, Loss_ut_ics: 1.488e-02, lr: 1.000e-03, Time: 1.07e+03
Model state saved to ./results/models/checkpoints/schrodinger/qho/2025-09-19_21-56-28-345443/model.pth
Model state saved to ./results/models/checkpoints/schrodinger/qho/2025-09-19_21-56-28-345443/model_weights.pth
It: 975, Loss: 1.427e-04, Loss_res: 1.152e-02,  Loss_bcs: 5.162e-06, Loss_ut_ics: 2.236e-03, lr: 1.000e-03, Time: 1.07e+03
Model state saved to ./results/models/checkpoints/schrodinger/qho/2025-09-19_21-56-28-345443/model.pth
Model state saved to ./results/models/checkpoints/schrodinger/qho/2025-09-19_21-56-28-345443/model_weights.pth
It: 976, Loss: 2.673e-04, Loss_res: 3.251e-03,  Loss_bcs: 4.591e-06, Loss_ut_ics: 2.302e-02, lr: 1.000e-03, Time: 1.08e+03
Model state saved to ./results/models/checkpoints/schrodinger/qho/2025-09-19_21-56-28-345443/model.pth
Model state saved to ./results/models/checkpoints/schrodinger/qho/2025-09-19_21-56-28-345443/model_weights.pth
It: 977, Loss: 3.464e-04, Loss_res: 8.059e-03,  Loss_bcs: 4.058e-06, Loss_ut_ics: 2.618e-02, lr: 1.000e-03, Time: 1.08e+03
Model state saved to ./results/models/checkpoints/schrodinger/qho/2025-09-19_21-56-28-345443/model.pth
Model state saved to ./results/models/checkpoints/schrodinger/qho/2025-09-19_21-56-28-345443/model_weights.pth
It: 978, Loss: 3.711e-04, Loss_res: 6.149e-03,  Loss_bcs: 3.876e-06, Loss_ut_ics: 3.057e-02, lr: 1.000e-03, Time: 1.08e+03
Model state saved to ./results/models/checkpoints/schrodinger/qho/2025-09-19_21-56-28-345443/model.pth
Model state saved to ./results/models/checkpoints/schrodinger/qho/2025-09-19_21-56-28-345443/model_weights.pth
It: 979, Loss: 9.605e-04, Loss_res: 7.604e-03,  Loss_bcs: 3.791e-06, Loss_ut_ics: 8.807e-02, lr: 1.000e-03, Time: 1.08e+03
Model state saved to ./results/models/checkpoints/schrodinger/qho/2025-09-19_21-56-28-345443/model.pth
Model state saved to ./results/models/checkpoints/schrodinger/qho/2025-09-19_21-56-28-345443/model_weights.pth
It: 980, Loss: 2.411e-04, Loss_res: 8.649e-03,  Loss_bcs: 3.878e-06, Loss_ut_ics: 1.507e-02, lr: 1.000e-03, Time: 1.08e+03
Model state saved to ./results/models/checkpoints/schrodinger/qho/2025-09-19_21-56-28-345443/model.pth
Model state saved to ./results/models/checkpoints/schrodinger/qho/2025-09-19_21-56-28-345443/model_weights.pth
It: 981, Loss: 1.817e-04, Loss_res: 7.921e-03,  Loss_bcs: 3.364e-06, Loss_ut_ics: 9.914e-03, lr: 1.000e-03, Time: 1.08e+03
Model state saved to ./results/models/checkpoints/schrodinger/qho/2025-09-19_21-56-28-345443/model.pth
Model state saved to ./results/models/checkpoints/schrodinger/qho/2025-09-19_21-56-28-345443/model_weights.pth
It: 982, Loss: 2.364e-04, Loss_res: 1.705e-02,  Loss_bcs: 3.827e-06, Loss_ut_ics: 6.207e-03, lr: 1.000e-03, Time: 1.08e+03
Model state saved to ./results/models/checkpoints/schrodinger/qho/2025-09-19_21-56-28-345443/model.pth
Model state saved to ./results/models/checkpoints/schrodinger/qho/2025-09-19_21-56-28-345443/model_weights.pth
It: 983, Loss: 2.449e-04, Loss_res: 1.811e-02,  Loss_bcs: 4.196e-06, Loss_ut_ics: 5.965e-03, lr: 1.000e-03, Time: 1.08e+03
Model state saved to ./results/models/checkpoints/schrodinger/qho/2025-09-19_21-56-28-345443/model.pth
Model state saved to ./results/models/checkpoints/schrodinger/qho/2025-09-19_21-56-28-345443/model_weights.pth
It: 984, Loss: 1.646e-04, Loss_res: 1.585e-02,  Loss_bcs: 5.134e-06, Loss_ut_ics: 9.218e-05, lr: 1.000e-03, Time: 1.08e+03
Model state saved to ./results/models/checkpoints/schrodinger/qho/2025-09-19_21-56-28-345443/model.pth
Model state saved to ./results/models/checkpoints/schrodinger/qho/2025-09-19_21-56-28-345443/model_weights.pth
It: 985, Loss: 1.556e-04, Loss_res: 1.460e-02,  Loss_bcs: 5.795e-06, Loss_ut_ics: 3.834e-04, lr: 1.000e-03, Time: 1.09e+03
Model state saved to ./results/models/checkpoints/schrodinger/qho/2025-09-19_21-56-28-345443/model.pth
Model state saved to ./results/models/checkpoints/schrodinger/qho/2025-09-19_21-56-28-345443/model_weights.pth
It: 986, Loss: 4.046e-04, Loss_res: 1.802e-02,  Loss_bcs: 7.957e-06, Loss_ut_ics: 2.165e-02, lr: 1.000e-03, Time: 1.09e+03
Model state saved to ./results/models/checkpoints/schrodinger/qho/2025-09-19_21-56-28-345443/model.pth
Model state saved to ./results/models/checkpoints/schrodinger/qho/2025-09-19_21-56-28-345443/model_weights.pth
It: 987, Loss: 1.122e-04, Loss_res: 1.024e-02,  Loss_bcs: 8.246e-06, Loss_ut_ics: 1.606e-04, lr: 1.000e-03, Time: 1.09e+03
Model state saved to ./results/models/checkpoints/schrodinger/qho/2025-09-19_21-56-28-345443/model.pth
Model state saved to ./results/models/checkpoints/schrodinger/qho/2025-09-19_21-56-28-345443/model_weights.pth
It: 988, Loss: 9.182e-05, Loss_res: 8.328e-03,  Loss_bcs: 6.508e-06, Loss_ut_ics: 2.034e-04, lr: 1.000e-03, Time: 1.09e+03
Model state saved to ./results/models/checkpoints/schrodinger/qho/2025-09-19_21-56-28-345443/model.pth
Model state saved to ./results/models/checkpoints/schrodinger/qho/2025-09-19_21-56-28-345443/model_weights.pth
It: 989, Loss: 9.117e-05, Loss_res: 7.803e-03,  Loss_bcs: 8.085e-06, Loss_ut_ics: 5.054e-04, lr: 1.000e-03, Time: 1.09e+03
Model state saved to ./results/models/checkpoints/schrodinger/qho/2025-09-19_21-56-28-345443/model.pth
Model state saved to ./results/models/checkpoints/schrodinger/qho/2025-09-19_21-56-28-345443/model_weights.pth
It: 990, Loss: 5.704e-04, Loss_res: 1.586e-02,  Loss_bcs: 7.382e-06, Loss_ut_ics: 4.045e-02, lr: 1.000e-03, Time: 1.09e+03
Model state saved to ./results/models/checkpoints/schrodinger/qho/2025-09-19_21-56-28-345443/model.pth
Model state saved to ./results/models/checkpoints/schrodinger/qho/2025-09-19_21-56-28-345443/model_weights.pth
It: 991, Loss: 4.062e-04, Loss_res: 1.383e-02,  Loss_bcs: 6.301e-06, Loss_ut_ics: 2.616e-02, lr: 1.000e-03, Time: 1.09e+03
Model state saved to ./results/models/checkpoints/schrodinger/qho/2025-09-19_21-56-28-345443/model.pth
Model state saved to ./results/models/checkpoints/schrodinger/qho/2025-09-19_21-56-28-345443/model_weights.pth
It: 992, Loss: 3.000e-04, Loss_res: 1.440e-02,  Loss_bcs: 5.690e-06, Loss_ut_ics: 1.503e-02, lr: 1.000e-03, Time: 1.09e+03
Model state saved to ./results/models/checkpoints/schrodinger/qho/2025-09-19_21-56-28-345443/model.pth
Model state saved to ./results/models/checkpoints/schrodinger/qho/2025-09-19_21-56-28-345443/model_weights.pth
It: 993, Loss: 1.316e-04, Loss_res: 5.853e-03,  Loss_bcs: 6.788e-06, Loss_ut_ics: 6.623e-03, lr: 1.000e-03, Time: 1.09e+03
Model state saved to ./results/models/checkpoints/schrodinger/qho/2025-09-19_21-56-28-345443/model.pth
Model state saved to ./results/models/checkpoints/schrodinger/qho/2025-09-19_21-56-28-345443/model_weights.pth
It: 994, Loss: 8.101e-05, Loss_res: 3.875e-03,  Loss_bcs: 6.776e-06, Loss_ut_ics: 3.548e-03, lr: 1.000e-03, Time: 1.10e+03
Model state saved to ./results/models/checkpoints/schrodinger/qho/2025-09-19_21-56-28-345443/model.pth
Model state saved to ./results/models/checkpoints/schrodinger/qho/2025-09-19_21-56-28-345443/model_weights.pth
It: 995, Loss: 3.895e-04, Loss_res: 1.476e-02,  Loss_bcs: 1.291e-05, Loss_ut_ics: 2.290e-02, lr: 1.000e-03, Time: 1.10e+03
Model state saved to ./results/models/checkpoints/schrodinger/qho/2025-09-19_21-56-28-345443/model.pth
Model state saved to ./results/models/checkpoints/schrodinger/qho/2025-09-19_21-56-28-345443/model_weights.pth
It: 996, Loss: 1.199e-04, Loss_res: 1.094e-02,  Loss_bcs: 8.358e-06, Loss_ut_ics: 2.179e-04, lr: 1.000e-03, Time: 1.10e+03
Model state saved to ./results/models/checkpoints/schrodinger/qho/2025-09-19_21-56-28-345443/model.pth
Model state saved to ./results/models/checkpoints/schrodinger/qho/2025-09-19_21-56-28-345443/model_weights.pth
It: 997, Loss: 3.361e-04, Loss_res: 3.301e-02,  Loss_bcs: 4.294e-06, Loss_ut_ics: 1.711e-04, lr: 1.000e-03, Time: 1.10e+03
Model state saved to ./results/models/checkpoints/schrodinger/qho/2025-09-19_21-56-28-345443/model.pth
Model state saved to ./results/models/checkpoints/schrodinger/qho/2025-09-19_21-56-28-345443/model_weights.pth
It: 998, Loss: 5.661e-04, Loss_res: 1.597e-02,  Loss_bcs: 4.095e-06, Loss_ut_ics: 4.023e-02, lr: 1.000e-03, Time: 1.10e+03
Model state saved to ./results/models/checkpoints/schrodinger/qho/2025-09-19_21-56-28-345443/model.pth
Model state saved to ./results/models/checkpoints/schrodinger/qho/2025-09-19_21-56-28-345443/model_weights.pth
It: 999, Loss: 2.729e-04, Loss_res: 7.342e-03,  Loss_bcs: 1.032e-05, Loss_ut_ics: 1.892e-02, lr: 1.000e-03, Time: 1.10e+03
Model state saved to ./results/models/checkpoints/schrodinger/qho/2025-09-19_21-56-28-345443/model.pth
Model state saved to ./results/models/checkpoints/schrodinger/qho/2025-09-19_21-56-28-345443/model_weights.pth
It: 1000, Loss: 4.416e-04, Loss_res: 1.644e-02,  Loss_bcs: 1.052e-05, Loss_ut_ics: 2.667e-02, lr: 1.000e-03, Time: 1.10e+03
Model state saved to ./results/models/checkpoints/schrodinger/qho/2025-09-19_21-56-28-345443/model.pth
Model state saved to ./results/models/checkpoints/schrodinger/qho/2025-09-19_21-56-28-345443/model_weights.pth
It: 1001, Loss: 5.931e-04, Loss_res: 1.031e-02,  Loss_bcs: 6.346e-06, Loss_ut_ics: 4.836e-02, lr: 1.000e-03, Time: 1.10e+03
Model state saved to ./results/models/checkpoints/schrodinger/qho/2025-09-19_21-56-28-345443/model.pth
Model state saved to ./results/models/checkpoints/schrodinger/qho/2025-09-19_21-56-28-345443/model_weights.pth
It: 1002, Loss: 4.970e-04, Loss_res: 1.701e-02,  Loss_bcs: 5.361e-06, Loss_ut_ics: 3.216e-02, lr: 1.000e-03, Time: 1.10e+03
Model state saved to ./results/models/checkpoints/schrodinger/qho/2025-09-19_21-56-28-345443/model.pth
Model state saved to ./results/models/checkpoints/schrodinger/qho/2025-09-19_21-56-28-345443/model_weights.pth
It: 1003, Loss: 8.756e-04, Loss_res: 1.133e-02,  Loss_bcs: 1.043e-05, Loss_ut_ics: 7.518e-02, lr: 1.000e-03, Time: 1.11e+03
Model state saved to ./results/models/checkpoints/schrodinger/qho/2025-09-19_21-56-28-345443/model.pth
Model state saved to ./results/models/checkpoints/schrodinger/qho/2025-09-19_21-56-28-345443/model_weights.pth
It: 1004, Loss: 2.292e-04, Loss_res: 1.785e-02,  Loss_bcs: 1.004e-05, Loss_ut_ics: 4.059e-03, lr: 1.000e-03, Time: 1.11e+03
Model state saved to ./results/models/checkpoints/schrodinger/qho/2025-09-19_21-56-28-345443/model.pth
Model state saved to ./results/models/checkpoints/schrodinger/qho/2025-09-19_21-56-28-345443/model_weights.pth
It: 1005, Loss: 4.696e-04, Loss_res: 6.317e-03,  Loss_bcs: 7.031e-06, Loss_ut_ics: 3.994e-02, lr: 1.000e-03, Time: 1.11e+03
Model state saved to ./results/models/checkpoints/schrodinger/qho/2025-09-19_21-56-28-345443/model.pth
Model state saved to ./results/models/checkpoints/schrodinger/qho/2025-09-19_21-56-28-345443/model_weights.pth
It: 1006, Loss: 2.788e-04, Loss_res: 3.881e-03,  Loss_bcs: 6.219e-06, Loss_ut_ics: 2.338e-02, lr: 1.000e-03, Time: 1.11e+03
Model state saved to ./results/models/checkpoints/schrodinger/qho/2025-09-19_21-56-28-345443/model.pth
Model state saved to ./results/models/checkpoints/schrodinger/qho/2025-09-19_21-56-28-345443/model_weights.pth
It: 1007, Loss: 2.540e-04, Loss_res: 1.794e-02,  Loss_bcs: 7.794e-06, Loss_ut_ics: 6.685e-03, lr: 1.000e-03, Time: 1.11e+03
Model state saved to ./results/models/checkpoints/schrodinger/qho/2025-09-19_21-56-28-345443/model.pth
Model state saved to ./results/models/checkpoints/schrodinger/qho/2025-09-19_21-56-28-345443/model_weights.pth
It: 1008, Loss: 3.231e-04, Loss_res: 1.701e-02,  Loss_bcs: 1.063e-05, Loss_ut_ics: 1.424e-02, lr: 1.000e-03, Time: 1.11e+03
Model state saved to ./results/models/checkpoints/schrodinger/qho/2025-09-19_21-56-28-345443/model.pth
Model state saved to ./results/models/checkpoints/schrodinger/qho/2025-09-19_21-56-28-345443/model_weights.pth
It: 1009, Loss: 3.463e-04, Loss_res: 1.030e-02,  Loss_bcs: 1.127e-05, Loss_ut_ics: 2.321e-02, lr: 1.000e-03, Time: 1.11e+03
Model state saved to ./results/models/checkpoints/schrodinger/qho/2025-09-19_21-56-28-345443/model.pth
Model state saved to ./results/models/checkpoints/schrodinger/qho/2025-09-19_21-56-28-345443/model_weights.pth
It: 1010, Loss: 2.346e-04, Loss_res: 7.943e-03,  Loss_bcs: 6.047e-06, Loss_ut_ics: 1.491e-02, lr: 1.000e-03, Time: 1.11e+03
Model state saved to ./results/models/checkpoints/schrodinger/qho/2025-09-19_21-56-28-345443/model.pth
Model state saved to ./results/models/checkpoints/schrodinger/qho/2025-09-19_21-56-28-345443/model_weights.pth
It: 1011, Loss: 1.687e-04, Loss_res: 1.520e-02,  Loss_bcs: 5.201e-06, Loss_ut_ics: 1.152e-03, lr: 1.000e-03, Time: 1.11e+03
Model state saved to ./results/models/checkpoints/schrodinger/qho/2025-09-19_21-56-28-345443/model.pth
Model state saved to ./results/models/checkpoints/schrodinger/qho/2025-09-19_21-56-28-345443/model_weights.pth
It: 1012, Loss: 4.385e-04, Loss_res: 1.098e-02,  Loss_bcs: 5.697e-06, Loss_ut_ics: 3.230e-02, lr: 1.000e-03, Time: 1.12e+03
Model state saved to ./results/models/checkpoints/schrodinger/qho/2025-09-19_21-56-28-345443/model.pth
Model state saved to ./results/models/checkpoints/schrodinger/qho/2025-09-19_21-56-28-345443/model_weights.pth
It: 1013, Loss: 2.813e-04, Loss_res: 2.021e-02,  Loss_bcs: 6.400e-06, Loss_ut_ics: 7.280e-03, lr: 1.000e-03, Time: 1.12e+03
Model state saved to ./results/models/checkpoints/schrodinger/qho/2025-09-19_21-56-28-345443/model.pth
Model state saved to ./results/models/checkpoints/schrodinger/qho/2025-09-19_21-56-28-345443/model_weights.pth
It: 1014, Loss: 3.477e-04, Loss_res: 6.549e-03,  Loss_bcs: 7.257e-06, Loss_ut_ics: 2.750e-02, lr: 1.000e-03, Time: 1.12e+03
Model state saved to ./results/models/checkpoints/schrodinger/qho/2025-09-19_21-56-28-345443/model.pth
Model state saved to ./results/models/checkpoints/schrodinger/qho/2025-09-19_21-56-28-345443/model_weights.pth
It: 1015, Loss: 2.405e-04, Loss_res: 1.191e-02,  Loss_bcs: 7.965e-06, Loss_ut_ics: 1.134e-02, lr: 1.000e-03, Time: 1.12e+03
Model state saved to ./results/models/checkpoints/schrodinger/qho/2025-09-19_21-56-28-345443/model.pth
Model state saved to ./results/models/checkpoints/schrodinger/qho/2025-09-19_21-56-28-345443/model_weights.pth
It: 1016, Loss: 1.557e-04, Loss_res: 1.325e-02,  Loss_bcs: 7.185e-06, Loss_ut_ics: 1.597e-03, lr: 1.000e-03, Time: 1.12e+03
Model state saved to ./results/models/checkpoints/schrodinger/qho/2025-09-19_21-56-28-345443/model.pth
Model state saved to ./results/models/checkpoints/schrodinger/qho/2025-09-19_21-56-28-345443/model_weights.pth
It: 1017, Loss: 1.529e-04, Loss_res: 7.470e-03,  Loss_bcs: 6.173e-06, Loss_ut_ics: 7.202e-03, lr: 1.000e-03, Time: 1.12e+03
Model state saved to ./results/models/checkpoints/schrodinger/qho/2025-09-19_21-56-28-345443/model.pth
Model state saved to ./results/models/checkpoints/schrodinger/qho/2025-09-19_21-56-28-345443/model_weights.pth
It: 1018, Loss: 1.376e-04, Loss_res: 1.143e-03,  Loss_bcs: 4.872e-06, Loss_ut_ics: 1.213e-02, lr: 1.000e-03, Time: 1.12e+03
Model state saved to ./results/models/checkpoints/schrodinger/qho/2025-09-19_21-56-28-345443/model.pth
Model state saved to ./results/models/checkpoints/schrodinger/qho/2025-09-19_21-56-28-345443/model_weights.pth
It: 1019, Loss: 3.991e-04, Loss_res: 2.233e-02,  Loss_bcs: 5.065e-06, Loss_ut_ics: 1.707e-02, lr: 1.000e-03, Time: 1.12e+03
Model state saved to ./results/models/checkpoints/schrodinger/qho/2025-09-19_21-56-28-345443/model.pth
Model state saved to ./results/models/checkpoints/schrodinger/qho/2025-09-19_21-56-28-345443/model_weights.pth
It: 1020, Loss: 2.999e-04, Loss_res: 1.092e-02,  Loss_bcs: 4.170e-06, Loss_ut_ics: 1.866e-02, lr: 1.000e-03, Time: 1.12e+03
Model state saved to ./results/models/checkpoints/schrodinger/qho/2025-09-19_21-56-28-345443/model.pth
Model state saved to ./results/models/checkpoints/schrodinger/qho/2025-09-19_21-56-28-345443/model_weights.pth
It: 1021, Loss: 3.135e-04, Loss_res: 5.543e-03,  Loss_bcs: 5.981e-06, Loss_ut_ics: 2.521e-02, lr: 1.000e-03, Time: 1.13e+03
Model state saved to ./results/models/checkpoints/schrodinger/qho/2025-09-19_21-56-28-345443/model.pth
Model state saved to ./results/models/checkpoints/schrodinger/qho/2025-09-19_21-56-28-345443/model_weights.pth
It: 1022, Loss: 6.005e-04, Loss_res: 2.038e-02,  Loss_bcs: 7.511e-06, Loss_ut_ics: 3.892e-02, lr: 1.000e-03, Time: 1.13e+03
Model state saved to ./results/models/checkpoints/schrodinger/qho/2025-09-19_21-56-28-345443/model.pth
Model state saved to ./results/models/checkpoints/schrodinger/qho/2025-09-19_21-56-28-345443/model_weights.pth
It: 1023, Loss: 5.553e-04, Loss_res: 7.051e-03,  Loss_bcs: 5.926e-06, Loss_ut_ics: 4.789e-02, lr: 1.000e-03, Time: 1.13e+03
Model state saved to ./results/models/checkpoints/schrodinger/qho/2025-09-19_21-56-28-345443/model.pth
Model state saved to ./results/models/checkpoints/schrodinger/qho/2025-09-19_21-56-28-345443/model_weights.pth
It: 1024, Loss: 1.721e-04, Loss_res: 1.186e-02,  Loss_bcs: 5.334e-06, Loss_ut_ics: 4.818e-03, lr: 1.000e-03, Time: 1.13e+03
Model state saved to ./results/models/checkpoints/schrodinger/qho/2025-09-19_21-56-28-345443/model.pth
Model state saved to ./results/models/checkpoints/schrodinger/qho/2025-09-19_21-56-28-345443/model_weights.pth
It: 1025, Loss: 3.962e-04, Loss_res: 1.587e-02,  Loss_bcs: 7.468e-06, Loss_ut_ics: 2.301e-02, lr: 1.000e-03, Time: 1.13e+03
Model state saved to ./results/models/checkpoints/schrodinger/qho/2025-09-19_21-56-28-345443/model.pth
Model state saved to ./results/models/checkpoints/schrodinger/qho/2025-09-19_21-56-28-345443/model_weights.pth
It: 1026, Loss: 1.414e-04, Loss_res: 1.051e-02,  Loss_bcs: 5.094e-06, Loss_ut_ics: 3.123e-03, lr: 1.000e-03, Time: 1.13e+03
Model state saved to ./results/models/checkpoints/schrodinger/qho/2025-09-19_21-56-28-345443/model.pth
Model state saved to ./results/models/checkpoints/schrodinger/qho/2025-09-19_21-56-28-345443/model_weights.pth
It: 1027, Loss: 1.137e-04, Loss_res: 4.995e-03,  Loss_bcs: 3.826e-06, Loss_ut_ics: 5.996e-03, lr: 1.000e-03, Time: 1.13e+03
Model state saved to ./results/models/checkpoints/schrodinger/qho/2025-09-19_21-56-28-345443/model.pth
Model state saved to ./results/models/checkpoints/schrodinger/qho/2025-09-19_21-56-28-345443/model_weights.pth
It: 1028, Loss: 1.035e-04, Loss_res: 8.758e-03,  Loss_bcs: 6.482e-06, Loss_ut_ics: 9.471e-04, lr: 1.000e-03, Time: 1.13e+03
Model state saved to ./results/models/checkpoints/schrodinger/qho/2025-09-19_21-56-28-345443/model.pth
Model state saved to ./results/models/checkpoints/schrodinger/qho/2025-09-19_21-56-28-345443/model_weights.pth
It: 1029, Loss: 4.721e-04, Loss_res: 1.023e-02,  Loss_bcs: 1.004e-05, Loss_ut_ics: 3.597e-02, lr: 1.000e-03, Time: 1.14e+03
Model state saved to ./results/models/checkpoints/schrodinger/qho/2025-09-19_21-56-28-345443/model.pth
Model state saved to ./results/models/checkpoints/schrodinger/qho/2025-09-19_21-56-28-345443/model_weights.pth
It: 1030, Loss: 2.502e-04, Loss_res: 3.979e-03,  Loss_bcs: 4.383e-06, Loss_ut_ics: 2.060e-02, lr: 1.000e-03, Time: 1.14e+03
Model state saved to ./results/models/checkpoints/schrodinger/qho/2025-09-19_21-56-28-345443/model.pth
Model state saved to ./results/models/checkpoints/schrodinger/qho/2025-09-19_21-56-28-345443/model_weights.pth
It: 1031, Loss: 5.434e-04, Loss_res: 1.046e-02,  Loss_bcs: 3.359e-06, Loss_ut_ics: 4.355e-02, lr: 1.000e-03, Time: 1.14e+03
Model state saved to ./results/models/checkpoints/schrodinger/qho/2025-09-19_21-56-28-345443/model.pth
Model state saved to ./results/models/checkpoints/schrodinger/qho/2025-09-19_21-56-28-345443/model_weights.pth
It: 1032, Loss: 5.341e-04, Loss_res: 1.910e-02,  Loss_bcs: 1.197e-05, Loss_ut_ics: 3.311e-02, lr: 1.000e-03, Time: 1.14e+03
Model state saved to ./results/models/checkpoints/schrodinger/qho/2025-09-19_21-56-28-345443/model.pth
Model state saved to ./results/models/checkpoints/schrodinger/qho/2025-09-19_21-56-28-345443/model_weights.pth
It: 1033, Loss: 8.655e-05, Loss_res: 7.249e-03,  Loss_bcs: 1.361e-05, Loss_ut_ics: 4.575e-05, lr: 1.000e-03, Time: 1.14e+03
Model state saved to ./results/models/checkpoints/schrodinger/qho/2025-09-19_21-56-28-345443/model.pth
Model state saved to ./results/models/checkpoints/schrodinger/qho/2025-09-19_21-56-28-345443/model_weights.pth
It: 1034, Loss: 3.455e-04, Loss_res: 9.234e-03,  Loss_bcs: 3.972e-06, Loss_ut_ics: 2.491e-02, lr: 1.000e-03, Time: 1.14e+03
Model state saved to ./results/models/checkpoints/schrodinger/qho/2025-09-19_21-56-28-345443/model.pth
Model state saved to ./results/models/checkpoints/schrodinger/qho/2025-09-19_21-56-28-345443/model_weights.pth
It: 1035, Loss: 1.199e-04, Loss_res: 1.149e-02,  Loss_bcs: 4.729e-06, Loss_ut_ics: 3.032e-05, lr: 1.000e-03, Time: 1.14e+03
Model state saved to ./results/models/checkpoints/schrodinger/qho/2025-09-19_21-56-28-345443/model.pth
Model state saved to ./results/models/checkpoints/schrodinger/qho/2025-09-19_21-56-28-345443/model_weights.pth
It: 1036, Loss: 3.541e-04, Loss_res: 1.725e-02,  Loss_bcs: 1.093e-05, Loss_ut_ics: 1.707e-02, lr: 1.000e-03, Time: 1.14e+03
Model state saved to ./results/models/checkpoints/schrodinger/qho/2025-09-19_21-56-28-345443/model.pth
Model state saved to ./results/models/checkpoints/schrodinger/qho/2025-09-19_21-56-28-345443/model_weights.pth
It: 1037, Loss: 1.707e-04, Loss_res: 1.313e-02,  Loss_bcs: 6.137e-06, Loss_ut_ics: 3.324e-03, lr: 1.000e-03, Time: 1.14e+03
Model state saved to ./results/models/checkpoints/schrodinger/qho/2025-09-19_21-56-28-345443/model.pth
Model state saved to ./results/models/checkpoints/schrodinger/qho/2025-09-19_21-56-28-345443/model_weights.pth
It: 1038, Loss: 2.506e-04, Loss_res: 1.126e-02,  Loss_bcs: 4.907e-06, Loss_ut_ics: 1.330e-02, lr: 1.000e-03, Time: 1.15e+03
Model state saved to ./results/models/checkpoints/schrodinger/qho/2025-09-19_21-56-28-345443/model.pth
Model state saved to ./results/models/checkpoints/schrodinger/qho/2025-09-19_21-56-28-345443/model_weights.pth
It: 1039, Loss: 4.117e-04, Loss_res: 3.840e-02,  Loss_bcs: 2.049e-05, Loss_ut_ics: 7.248e-04, lr: 1.000e-03, Time: 1.15e+03
Model state saved to ./results/models/checkpoints/schrodinger/qho/2025-09-19_21-56-28-345443/model.pth
Model state saved to ./results/models/checkpoints/schrodinger/qho/2025-09-19_21-56-28-345443/model_weights.pth
It: 1040, Loss: 3.302e-04, Loss_res: 1.202e-02,  Loss_bcs: 1.747e-05, Loss_ut_ics: 1.925e-02, lr: 1.000e-03, Time: 1.15e+03
Model state saved to ./results/models/checkpoints/schrodinger/qho/2025-09-19_21-56-28-345443/model.pth
Model state saved to ./results/models/checkpoints/schrodinger/qho/2025-09-19_21-56-28-345443/model_weights.pth
It: 1041, Loss: 2.582e-05, Loss_res: 1.374e-03,  Loss_bcs: 1.173e-05, Loss_ut_ics: 3.488e-05, lr: 1.000e-03, Time: 1.15e+03
Model state saved to ./results/models/checkpoints/schrodinger/qho/2025-09-19_21-56-28-345443/model.pth
Model state saved to ./results/models/checkpoints/schrodinger/qho/2025-09-19_21-56-28-345443/model_weights.pth
It: 1042, Loss: 1.609e-04, Loss_res: 9.226e-03,  Loss_bcs: 2.017e-06, Loss_ut_ics: 6.663e-03, lr: 1.000e-03, Time: 1.15e+03
Model state saved to ./results/models/checkpoints/schrodinger/qho/2025-09-19_21-56-28-345443/model.pth
Model state saved to ./results/models/checkpoints/schrodinger/qho/2025-09-19_21-56-28-345443/model_weights.pth
It: 1043, Loss: 2.086e-04, Loss_res: 7.236e-03,  Loss_bcs: 1.224e-05, Loss_ut_ics: 1.240e-02, lr: 1.000e-03, Time: 1.15e+03
Model state saved to ./results/models/checkpoints/schrodinger/qho/2025-09-19_21-56-28-345443/model.pth
Model state saved to ./results/models/checkpoints/schrodinger/qho/2025-09-19_21-56-28-345443/model_weights.pth
It: 1044, Loss: 8.634e-05, Loss_res: 7.188e-03,  Loss_bcs: 1.166e-05, Loss_ut_ics: 2.794e-04, lr: 1.000e-03, Time: 1.15e+03
Model state saved to ./results/models/checkpoints/schrodinger/qho/2025-09-19_21-56-28-345443/model.pth
Model state saved to ./results/models/checkpoints/schrodinger/qho/2025-09-19_21-56-28-345443/model_weights.pth
It: 1045, Loss: 3.399e-04, Loss_res: 1.806e-02,  Loss_bcs: 1.226e-06, Loss_ut_ics: 1.581e-02, lr: 1.000e-03, Time: 1.15e+03
Model state saved to ./results/models/checkpoints/schrodinger/qho/2025-09-19_21-56-28-345443/model.pth
Model state saved to ./results/models/checkpoints/schrodinger/qho/2025-09-19_21-56-28-345443/model_weights.pth
It: 1046, Loss: 5.658e-04, Loss_res: 8.900e-03,  Loss_bcs: 1.005e-05, Loss_ut_ics: 4.667e-02, lr: 1.000e-03, Time: 1.15e+03
Model state saved to ./results/models/checkpoints/schrodinger/qho/2025-09-19_21-56-28-345443/model.pth
Model state saved to ./results/models/checkpoints/schrodinger/qho/2025-09-19_21-56-28-345443/model_weights.pth
It: 1047, Loss: 1.086e-04, Loss_res: 7.340e-03,  Loss_bcs: 2.101e-05, Loss_ut_ics: 1.419e-03, lr: 1.000e-03, Time: 1.15e+03
Model state saved to ./results/models/checkpoints/schrodinger/qho/2025-09-19_21-56-28-345443/model.pth
Model state saved to ./results/models/checkpoints/schrodinger/qho/2025-09-19_21-56-28-345443/model_weights.pth
It: 1048, Loss: 3.623e-04, Loss_res: 1.594e-02,  Loss_bcs: 8.581e-06, Loss_ut_ics: 1.943e-02, lr: 1.000e-03, Time: 1.16e+03
Model state saved to ./results/models/checkpoints/schrodinger/qho/2025-09-19_21-56-28-345443/model.pth
Model state saved to ./results/models/checkpoints/schrodinger/qho/2025-09-19_21-56-28-345443/model_weights.pth
It: 1049, Loss: 2.854e-04, Loss_res: 1.172e-02,  Loss_bcs: 2.969e-06, Loss_ut_ics: 1.652e-02, lr: 1.000e-03, Time: 1.16e+03
Model state saved to ./results/models/checkpoints/schrodinger/qho/2025-09-19_21-56-28-345443/model.pth
Model state saved to ./results/models/checkpoints/schrodinger/qho/2025-09-19_21-56-28-345443/model_weights.pth
It: 1050, Loss: 2.828e-04, Loss_res: 6.256e-03,  Loss_bcs: 9.040e-06, Loss_ut_ics: 2.112e-02, lr: 1.000e-03, Time: 1.16e+03
Model state saved to ./results/models/checkpoints/schrodinger/qho/2025-09-19_21-56-28-345443/model.pth
Model state saved to ./results/models/checkpoints/schrodinger/qho/2025-09-19_21-56-28-345443/model_weights.pth
It: 1051, Loss: 1.848e-04, Loss_res: 1.454e-02,  Loss_bcs: 4.693e-06, Loss_ut_ics: 3.475e-03, lr: 1.000e-03, Time: 1.16e+03
Model state saved to ./results/models/checkpoints/schrodinger/qho/2025-09-19_21-56-28-345443/model.pth
Model state saved to ./results/models/checkpoints/schrodinger/qho/2025-09-19_21-56-28-345443/model_weights.pth
It: 1052, Loss: 1.840e-04, Loss_res: 7.508e-03,  Loss_bcs: 4.666e-06, Loss_ut_ics: 1.043e-02, lr: 1.000e-03, Time: 1.16e+03
Model state saved to ./results/models/checkpoints/schrodinger/qho/2025-09-19_21-56-28-345443/model.pth
Model state saved to ./results/models/checkpoints/schrodinger/qho/2025-09-19_21-56-28-345443/model_weights.pth
It: 1053, Loss: 4.182e-04, Loss_res: 6.109e-03,  Loss_bcs: 3.169e-06, Loss_ut_ics: 3.539e-02, lr: 1.000e-03, Time: 1.16e+03
Model state saved to ./results/models/checkpoints/schrodinger/qho/2025-09-19_21-56-28-345443/model.pth
Model state saved to ./results/models/checkpoints/schrodinger/qho/2025-09-19_21-56-28-345443/model_weights.pth
It: 1054, Loss: 2.515e-04, Loss_res: 2.005e-02,  Loss_bcs: 8.761e-06, Loss_ut_ics: 4.224e-03, lr: 1.000e-03, Time: 1.16e+03
Model state saved to ./results/models/checkpoints/schrodinger/qho/2025-09-19_21-56-28-345443/model.pth
Model state saved to ./results/models/checkpoints/schrodinger/qho/2025-09-19_21-56-28-345443/model_weights.pth
It: 1055, Loss: 1.391e-04, Loss_res: 1.242e-02,  Loss_bcs: 8.195e-06, Loss_ut_ics: 6.708e-04, lr: 1.000e-03, Time: 1.16e+03
Model state saved to ./results/models/checkpoints/schrodinger/qho/2025-09-19_21-56-28-345443/model.pth
Model state saved to ./results/models/checkpoints/schrodinger/qho/2025-09-19_21-56-28-345443/model_weights.pth
It: 1056, Loss: 5.884e-05, Loss_res: 2.746e-03,  Loss_bcs: 2.681e-06, Loss_ut_ics: 2.869e-03, lr: 1.000e-03, Time: 1.16e+03
Model state saved to ./results/models/checkpoints/schrodinger/qho/2025-09-19_21-56-28-345443/model.pth
Model state saved to ./results/models/checkpoints/schrodinger/qho/2025-09-19_21-56-28-345443/model_weights.pth
It: 1057, Loss: 1.450e-04, Loss_res: 1.345e-02,  Loss_bcs: 3.523e-06, Loss_ut_ics: 6.920e-04, lr: 1.000e-03, Time: 1.17e+03
Model state saved to ./results/models/checkpoints/schrodinger/qho/2025-09-19_21-56-28-345443/model.pth
Model state saved to ./results/models/checkpoints/schrodinger/qho/2025-09-19_21-56-28-345443/model_weights.pth
It: 1058, Loss: 3.069e-04, Loss_res: 1.423e-02,  Loss_bcs: 9.924e-06, Loss_ut_ics: 1.547e-02, lr: 1.000e-03, Time: 1.17e+03
Model state saved to ./results/models/checkpoints/schrodinger/qho/2025-09-19_21-56-28-345443/model.pth
Model state saved to ./results/models/checkpoints/schrodinger/qho/2025-09-19_21-56-28-345443/model_weights.pth
It: 1059, Loss: 1.046e-04, Loss_res: 9.238e-03,  Loss_bcs: 9.803e-06, Loss_ut_ics: 2.403e-04, lr: 1.000e-03, Time: 1.17e+03
Model state saved to ./results/models/checkpoints/schrodinger/qho/2025-09-19_21-56-28-345443/model.pth
Model state saved to ./results/models/checkpoints/schrodinger/qho/2025-09-19_21-56-28-345443/model_weights.pth
It: 1060, Loss: 1.763e-04, Loss_res: 9.940e-03,  Loss_bcs: 3.709e-06, Loss_ut_ics: 7.318e-03, lr: 1.000e-03, Time: 1.17e+03
Model state saved to ./results/models/checkpoints/schrodinger/qho/2025-09-19_21-56-28-345443/model.pth
Model state saved to ./results/models/checkpoints/schrodinger/qho/2025-09-19_21-56-28-345443/model_weights.pth
It: 1061, Loss: 3.470e-05, Loss_res: 2.612e-03,  Loss_bcs: 6.937e-06, Loss_ut_ics: 1.642e-04, lr: 1.000e-03, Time: 1.17e+03
Model state saved to ./results/models/checkpoints/schrodinger/qho/2025-09-19_21-56-28-345443/model.pth
Model state saved to ./results/models/checkpoints/schrodinger/qho/2025-09-19_21-56-28-345443/model_weights.pth
It: 1062, Loss: 1.557e-04, Loss_res: 1.438e-02,  Loss_bcs: 9.989e-06, Loss_ut_ics: 1.884e-04, lr: 1.000e-03, Time: 1.17e+03
Model state saved to ./results/models/checkpoints/schrodinger/qho/2025-09-19_21-56-28-345443/model.pth
Model state saved to ./results/models/checkpoints/schrodinger/qho/2025-09-19_21-56-28-345443/model_weights.pth
It: 1063, Loss: 1.018e-04, Loss_res: 9.164e-03,  Loss_bcs: 8.623e-06, Loss_ut_ics: 1.513e-04, lr: 1.000e-03, Time: 1.17e+03
Model state saved to ./results/models/checkpoints/schrodinger/qho/2025-09-19_21-56-28-345443/model.pth
Model state saved to ./results/models/checkpoints/schrodinger/qho/2025-09-19_21-56-28-345443/model_weights.pth
It: 1064, Loss: 3.389e-04, Loss_res: 7.699e-03,  Loss_bcs: 4.679e-06, Loss_ut_ics: 2.572e-02, lr: 1.000e-03, Time: 1.17e+03
Model state saved to ./results/models/checkpoints/schrodinger/qho/2025-09-19_21-56-28-345443/model.pth
Model state saved to ./results/models/checkpoints/schrodinger/qho/2025-09-19_21-56-28-345443/model_weights.pth
It: 1065, Loss: 5.672e-05, Loss_res: 4.682e-03,  Loss_bcs: 7.535e-06, Loss_ut_ics: 2.368e-04, lr: 1.000e-03, Time: 1.17e+03
Model state saved to ./results/models/checkpoints/schrodinger/qho/2025-09-19_21-56-28-345443/model.pth
Model state saved to ./results/models/checkpoints/schrodinger/qho/2025-09-19_21-56-28-345443/model_weights.pth
It: 1066, Loss: 1.298e-04, Loss_res: 2.710e-03,  Loss_bcs: 7.251e-06, Loss_ut_ics: 9.548e-03, lr: 1.000e-03, Time: 1.18e+03
Model state saved to ./results/models/checkpoints/schrodinger/qho/2025-09-19_21-56-28-345443/model.pth
Model state saved to ./results/models/checkpoints/schrodinger/qho/2025-09-19_21-56-28-345443/model_weights.pth
It: 1067, Loss: 3.753e-04, Loss_res: 2.890e-03,  Loss_bcs: 6.243e-06, Loss_ut_ics: 3.401e-02, lr: 1.000e-03, Time: 1.18e+03
Model state saved to ./results/models/checkpoints/schrodinger/qho/2025-09-19_21-56-28-345443/model.pth
Model state saved to ./results/models/checkpoints/schrodinger/qho/2025-09-19_21-56-28-345443/model_weights.pth
It: 1068, Loss: 5.016e-05, Loss_res: 3.981e-03,  Loss_bcs: 5.810e-06, Loss_ut_ics: 4.541e-04, lr: 1.000e-03, Time: 1.18e+03
Model state saved to ./results/models/checkpoints/schrodinger/qho/2025-09-19_21-56-28-345443/model.pth
Model state saved to ./results/models/checkpoints/schrodinger/qho/2025-09-19_21-56-28-345443/model_weights.pth
It: 1069, Loss: 2.614e-04, Loss_res: 1.077e-02,  Loss_bcs: 8.805e-06, Loss_ut_ics: 1.449e-02, lr: 1.000e-03, Time: 1.18e+03
Model state saved to ./results/models/checkpoints/schrodinger/qho/2025-09-19_21-56-28-345443/model.pth
Model state saved to ./results/models/checkpoints/schrodinger/qho/2025-09-19_21-56-28-345443/model_weights.pth
It: 1070, Loss: 7.639e-05, Loss_res: 6.037e-03,  Loss_bcs: 3.636e-06, Loss_ut_ics: 1.239e-03, lr: 1.000e-03, Time: 1.18e+03
Model state saved to ./results/models/checkpoints/schrodinger/qho/2025-09-19_21-56-28-345443/model.pth
Model state saved to ./results/models/checkpoints/schrodinger/qho/2025-09-19_21-56-28-345443/model_weights.pth
It: 1071, Loss: 2.304e-04, Loss_res: 1.191e-02,  Loss_bcs: 4.924e-06, Loss_ut_ics: 1.063e-02, lr: 1.000e-03, Time: 1.18e+03
Model state saved to ./results/models/checkpoints/schrodinger/qho/2025-09-19_21-56-28-345443/model.pth
Model state saved to ./results/models/checkpoints/schrodinger/qho/2025-09-19_21-56-28-345443/model_weights.pth
It: 1072, Loss: 1.407e-04, Loss_res: 7.889e-03,  Loss_bcs: 5.438e-06, Loss_ut_ics: 5.638e-03, lr: 1.000e-03, Time: 1.18e+03
Model state saved to ./results/models/checkpoints/schrodinger/qho/2025-09-19_21-56-28-345443/model.pth
Model state saved to ./results/models/checkpoints/schrodinger/qho/2025-09-19_21-56-28-345443/model_weights.pth
It: 1073, Loss: 6.710e-05, Loss_res: 4.502e-03,  Loss_bcs: 4.348e-06, Loss_ut_ics: 1.774e-03, lr: 1.000e-03, Time: 1.18e+03
Model state saved to ./results/models/checkpoints/schrodinger/qho/2025-09-19_21-56-28-345443/model.pth
Model state saved to ./results/models/checkpoints/schrodinger/qho/2025-09-19_21-56-28-345443/model_weights.pth
It: 1074, Loss: 3.086e-04, Loss_res: 1.016e-02,  Loss_bcs: 3.131e-06, Loss_ut_ics: 2.039e-02, lr: 1.000e-03, Time: 1.18e+03
Model state saved to ./results/models/checkpoints/schrodinger/qho/2025-09-19_21-56-28-345443/model.pth
Model state saved to ./results/models/checkpoints/schrodinger/qho/2025-09-19_21-56-28-345443/model_weights.pth
It: 1075, Loss: 7.869e-05, Loss_res: 6.386e-03,  Loss_bcs: 5.350e-06, Loss_ut_ics: 9.486e-04, lr: 1.000e-03, Time: 1.19e+03
Model state saved to ./results/models/checkpoints/schrodinger/qho/2025-09-19_21-56-28-345443/model.pth
Model state saved to ./results/models/checkpoints/schrodinger/qho/2025-09-19_21-56-28-345443/model_weights.pth
It: 1076, Loss: 5.084e-04, Loss_res: 2.452e-02,  Loss_bcs: 5.539e-06, Loss_ut_ics: 2.577e-02, lr: 1.000e-03, Time: 1.19e+03
Model state saved to ./results/models/checkpoints/schrodinger/qho/2025-09-19_21-56-28-345443/model.pth
Model state saved to ./results/models/checkpoints/schrodinger/qho/2025-09-19_21-56-28-345443/model_weights.pth
It: 1077, Loss: 2.719e-04, Loss_res: 7.335e-03,  Loss_bcs: 3.840e-06, Loss_ut_ics: 1.947e-02, lr: 1.000e-03, Time: 1.19e+03
Model state saved to ./results/models/checkpoints/schrodinger/qho/2025-09-19_21-56-28-345443/model.pth
Model state saved to ./results/models/checkpoints/schrodinger/qho/2025-09-19_21-56-28-345443/model_weights.pth
It: 1078, Loss: 1.890e-04, Loss_res: 7.067e-03,  Loss_bcs: 4.980e-06, Loss_ut_ics: 1.133e-02, lr: 1.000e-03, Time: 1.19e+03
Model state saved to ./results/models/checkpoints/schrodinger/qho/2025-09-19_21-56-28-345443/model.pth
Model state saved to ./results/models/checkpoints/schrodinger/qho/2025-09-19_21-56-28-345443/model_weights.pth
It: 1079, Loss: 1.602e-04, Loss_res: 1.412e-02,  Loss_bcs: 8.671e-06, Loss_ut_ics: 1.032e-03, lr: 1.000e-03, Time: 1.19e+03
Model state saved to ./results/models/checkpoints/schrodinger/qho/2025-09-19_21-56-28-345443/model.pth
Model state saved to ./results/models/checkpoints/schrodinger/qho/2025-09-19_21-56-28-345443/model_weights.pth
It: 1080, Loss: 2.079e-04, Loss_res: 6.323e-03,  Loss_bcs: 6.739e-06, Loss_ut_ics: 1.380e-02, lr: 1.000e-03, Time: 1.19e+03
Model state saved to ./results/models/checkpoints/schrodinger/qho/2025-09-19_21-56-28-345443/model.pth
Model state saved to ./results/models/checkpoints/schrodinger/qho/2025-09-19_21-56-28-345443/model_weights.pth
It: 1081, Loss: 6.884e-05, Loss_res: 6.558e-03,  Loss_bcs: 2.376e-06, Loss_ut_ics: 8.871e-05, lr: 1.000e-03, Time: 1.19e+03
Model state saved to ./results/models/checkpoints/schrodinger/qho/2025-09-19_21-56-28-345443/model.pth
Model state saved to ./results/models/checkpoints/schrodinger/qho/2025-09-19_21-56-28-345443/model_weights.pth
It: 1082, Loss: 6.958e-05, Loss_res: 1.642e-03,  Loss_bcs: 5.779e-06, Loss_ut_ics: 4.738e-03, lr: 1.000e-03, Time: 1.19e+03
Model state saved to ./results/models/checkpoints/schrodinger/qho/2025-09-19_21-56-28-345443/model.pth
Model state saved to ./results/models/checkpoints/schrodinger/qho/2025-09-19_21-56-28-345443/model_weights.pth
It: 1083, Loss: 1.097e-04, Loss_res: 9.874e-03,  Loss_bcs: 4.422e-06, Loss_ut_ics: 6.582e-04, lr: 1.000e-03, Time: 1.19e+03
Model state saved to ./results/models/checkpoints/schrodinger/qho/2025-09-19_21-56-28-345443/model.pth
Model state saved to ./results/models/checkpoints/schrodinger/qho/2025-09-19_21-56-28-345443/model_weights.pth
It: 1084, Loss: 3.110e-04, Loss_res: 1.348e-02,  Loss_bcs: 2.467e-06, Loss_ut_ics: 1.737e-02, lr: 1.000e-03, Time: 1.20e+03
Model state saved to ./results/models/checkpoints/schrodinger/qho/2025-09-19_21-56-28-345443/model.pth
Model state saved to ./results/models/checkpoints/schrodinger/qho/2025-09-19_21-56-28-345443/model_weights.pth
It: 1085, Loss: 1.513e-04, Loss_res: 1.470e-02,  Loss_bcs: 2.908e-06, Loss_ut_ics: 1.370e-04, lr: 1.000e-03, Time: 1.20e+03
Model state saved to ./results/models/checkpoints/schrodinger/qho/2025-09-19_21-56-28-345443/model.pth
Model state saved to ./results/models/checkpoints/schrodinger/qho/2025-09-19_21-56-28-345443/model_weights.pth
It: 1086, Loss: 1.492e-04, Loss_res: 1.347e-02,  Loss_bcs: 6.813e-06, Loss_ut_ics: 7.691e-04, lr: 1.000e-03, Time: 1.20e+03
Model state saved to ./results/models/checkpoints/schrodinger/qho/2025-09-19_21-56-28-345443/model.pth
Model state saved to ./results/models/checkpoints/schrodinger/qho/2025-09-19_21-56-28-345443/model_weights.pth
It: 1087, Loss: 6.305e-05, Loss_res: 5.508e-03,  Loss_bcs: 7.484e-06, Loss_ut_ics: 4.817e-05, lr: 1.000e-03, Time: 1.20e+03
Model state saved to ./results/models/checkpoints/schrodinger/qho/2025-09-19_21-56-28-345443/model.pth
Model state saved to ./results/models/checkpoints/schrodinger/qho/2025-09-19_21-56-28-345443/model_weights.pth
It: 1088, Loss: 4.174e-04, Loss_res: 2.270e-02,  Loss_bcs: 2.353e-06, Loss_ut_ics: 1.880e-02, lr: 1.000e-03, Time: 1.20e+03
Model state saved to ./results/models/checkpoints/schrodinger/qho/2025-09-19_21-56-28-345443/model.pth
Model state saved to ./results/models/checkpoints/schrodinger/qho/2025-09-19_21-56-28-345443/model_weights.pth
It: 1089, Loss: 3.348e-04, Loss_res: 4.159e-03,  Loss_bcs: 5.943e-06, Loss_ut_ics: 2.873e-02, lr: 1.000e-03, Time: 1.20e+03
Model state saved to ./results/models/checkpoints/schrodinger/qho/2025-09-19_21-56-28-345443/model.pth
Model state saved to ./results/models/checkpoints/schrodinger/qho/2025-09-19_21-56-28-345443/model_weights.pth
It: 1090, Loss: 2.430e-04, Loss_res: 2.267e-02,  Loss_bcs: 9.965e-06, Loss_ut_ics: 6.261e-04, lr: 1.000e-03, Time: 1.20e+03
Model state saved to ./results/models/checkpoints/schrodinger/qho/2025-09-19_21-56-28-345443/model.pth
Model state saved to ./results/models/checkpoints/schrodinger/qho/2025-09-19_21-56-28-345443/model_weights.pth
It: 1091, Loss: 1.085e-04, Loss_res: 9.180e-03,  Loss_bcs: 1.413e-05, Loss_ut_ics: 2.542e-04, lr: 1.000e-03, Time: 1.20e+03
Model state saved to ./results/models/checkpoints/schrodinger/qho/2025-09-19_21-56-28-345443/model.pth
Model state saved to ./results/models/checkpoints/schrodinger/qho/2025-09-19_21-56-28-345443/model_weights.pth
It: 1092, Loss: 2.249e-04, Loss_res: 1.240e-02,  Loss_bcs: 4.181e-06, Loss_ut_ics: 9.671e-03, lr: 1.000e-03, Time: 1.20e+03
Model state saved to ./results/models/checkpoints/schrodinger/qho/2025-09-19_21-56-28-345443/model.pth
Model state saved to ./results/models/checkpoints/schrodinger/qho/2025-09-19_21-56-28-345443/model_weights.pth
It: 1093, Loss: 2.294e-04, Loss_res: 1.025e-02,  Loss_bcs: 7.216e-06, Loss_ut_ics: 1.196e-02, lr: 1.000e-03, Time: 1.21e+03
Model state saved to ./results/models/checkpoints/schrodinger/qho/2025-09-19_21-56-28-345443/model.pth
Model state saved to ./results/models/checkpoints/schrodinger/qho/2025-09-19_21-56-28-345443/model_weights.pth
It: 1094, Loss: 1.393e-04, Loss_res: 9.703e-03,  Loss_bcs: 9.460e-06, Loss_ut_ics: 3.282e-03, lr: 1.000e-03, Time: 1.21e+03
Model state saved to ./results/models/checkpoints/schrodinger/qho/2025-09-19_21-56-28-345443/model.pth
Model state saved to ./results/models/checkpoints/schrodinger/qho/2025-09-19_21-56-28-345443/model_weights.pth
It: 1095, Loss: 3.754e-04, Loss_res: 3.355e-02,  Loss_bcs: 1.134e-05, Loss_ut_ics: 2.854e-03, lr: 1.000e-03, Time: 1.21e+03
Model state saved to ./results/models/checkpoints/schrodinger/qho/2025-09-19_21-56-28-345443/model.pth
Model state saved to ./results/models/checkpoints/schrodinger/qho/2025-09-19_21-56-28-345443/model_weights.pth
It: 1096, Loss: 1.586e-04, Loss_res: 9.225e-03,  Loss_bcs: 3.763e-06, Loss_ut_ics: 6.262e-03, lr: 1.000e-03, Time: 1.21e+03
Model state saved to ./results/models/checkpoints/schrodinger/qho/2025-09-19_21-56-28-345443/model.pth
Model state saved to ./results/models/checkpoints/schrodinger/qho/2025-09-19_21-56-28-345443/model_weights.pth
It: 1097, Loss: 1.581e-04, Loss_res: 1.135e-02,  Loss_bcs: 1.716e-05, Loss_ut_ics: 2.753e-03, lr: 1.000e-03, Time: 1.21e+03
Model state saved to ./results/models/checkpoints/schrodinger/qho/2025-09-19_21-56-28-345443/model.pth
Model state saved to ./results/models/checkpoints/schrodinger/qho/2025-09-19_21-56-28-345443/model_weights.pth
It: 1098, Loss: 1.065e-04, Loss_res: 8.698e-03,  Loss_bcs: 1.670e-05, Loss_ut_ics: 2.791e-04, lr: 1.000e-03, Time: 1.21e+03
Model state saved to ./results/models/checkpoints/schrodinger/qho/2025-09-19_21-56-28-345443/model.pth
Model state saved to ./results/models/checkpoints/schrodinger/qho/2025-09-19_21-56-28-345443/model_weights.pth
It: 1099, Loss: 9.561e-05, Loss_res: 3.568e-03,  Loss_bcs: 4.246e-06, Loss_ut_ics: 5.569e-03, lr: 1.000e-03, Time: 1.21e+03
Model state saved to ./results/models/checkpoints/schrodinger/qho/2025-09-19_21-56-28-345443/model.pth
Model state saved to ./results/models/checkpoints/schrodinger/qho/2025-09-19_21-56-28-345443/model_weights.pth
It: 1100, Loss: 1.762e-04, Loss_res: 1.033e-02,  Loss_bcs: 6.839e-06, Loss_ut_ics: 6.601e-03, lr: 1.000e-03, Time: 1.21e+03
Model state saved to ./results/models/checkpoints/schrodinger/qho/2025-09-19_21-56-28-345443/model.pth
Model state saved to ./results/models/checkpoints/schrodinger/qho/2025-09-19_21-56-28-345443/model_weights.pth
It: 1101, Loss: 2.899e-04, Loss_res: 6.879e-03,  Loss_bcs: 9.463e-06, Loss_ut_ics: 2.116e-02, lr: 1.000e-03, Time: 1.21e+03
Model state saved to ./results/models/checkpoints/schrodinger/qho/2025-09-19_21-56-28-345443/model.pth
Model state saved to ./results/models/checkpoints/schrodinger/qho/2025-09-19_21-56-28-345443/model_weights.pth
It: 1102, Loss: 2.599e-04, Loss_res: 4.368e-03,  Loss_bcs: 1.877e-05, Loss_ut_ics: 1.974e-02, lr: 1.000e-03, Time: 1.22e+03
Model state saved to ./results/models/checkpoints/schrodinger/qho/2025-09-19_21-56-28-345443/model.pth
Model state saved to ./results/models/checkpoints/schrodinger/qho/2025-09-19_21-56-28-345443/model_weights.pth
It: 1103, Loss: 2.238e-04, Loss_res: 7.219e-03,  Loss_bcs: 4.333e-06, Loss_ut_ics: 1.472e-02, lr: 1.000e-03, Time: 1.22e+03
Model state saved to ./results/models/checkpoints/schrodinger/qho/2025-09-19_21-56-28-345443/model.pth
Model state saved to ./results/models/checkpoints/schrodinger/qho/2025-09-19_21-56-28-345443/model_weights.pth
It: 1104, Loss: 2.060e-04, Loss_res: 3.162e-03,  Loss_bcs: 1.063e-05, Loss_ut_ics: 1.637e-02, lr: 1.000e-03, Time: 1.22e+03
Model state saved to ./results/models/checkpoints/schrodinger/qho/2025-09-19_21-56-28-345443/model.pth
Model state saved to ./results/models/checkpoints/schrodinger/qho/2025-09-19_21-56-28-345443/model_weights.pth
It: 1105, Loss: 1.557e-04, Loss_res: 1.146e-02,  Loss_bcs: 1.150e-05, Loss_ut_ics: 2.954e-03, lr: 1.000e-03, Time: 1.22e+03
Model state saved to ./results/models/checkpoints/schrodinger/qho/2025-09-19_21-56-28-345443/model.pth
Model state saved to ./results/models/checkpoints/schrodinger/qho/2025-09-19_21-56-28-345443/model_weights.pth
It: 1106, Loss: 5.091e-05, Loss_res: 3.849e-03,  Loss_bcs: 4.942e-06, Loss_ut_ics: 7.477e-04, lr: 1.000e-03, Time: 1.22e+03
Model state saved to ./results/models/checkpoints/schrodinger/qho/2025-09-19_21-56-28-345443/model.pth
Model state saved to ./results/models/checkpoints/schrodinger/qho/2025-09-19_21-56-28-345443/model_weights.pth
It: 1107, Loss: 1.991e-04, Loss_res: 1.477e-03,  Loss_bcs: 4.597e-06, Loss_ut_ics: 1.797e-02, lr: 1.000e-03, Time: 1.22e+03
Model state saved to ./results/models/checkpoints/schrodinger/qho/2025-09-19_21-56-28-345443/model.pth
Model state saved to ./results/models/checkpoints/schrodinger/qho/2025-09-19_21-56-28-345443/model_weights.pth
It: 1108, Loss: 1.794e-04, Loss_res: 1.557e-02,  Loss_bcs: 6.286e-06, Loss_ut_ics: 1.743e-03, lr: 1.000e-03, Time: 1.22e+03
Model state saved to ./results/models/checkpoints/schrodinger/qho/2025-09-19_21-56-28-345443/model.pth
Model state saved to ./results/models/checkpoints/schrodinger/qho/2025-09-19_21-56-28-345443/model_weights.pth
It: 1109, Loss: 2.836e-04, Loss_res: 5.588e-03,  Loss_bcs: 4.750e-06, Loss_ut_ics: 2.230e-02, lr: 1.000e-03, Time: 1.22e+03
Model state saved to ./results/models/checkpoints/schrodinger/qho/2025-09-19_21-56-28-345443/model.pth
Model state saved to ./results/models/checkpoints/schrodinger/qho/2025-09-19_21-56-28-345443/model_weights.pth
It: 1110, Loss: 1.934e-04, Loss_res: 1.097e-02,  Loss_bcs: 3.895e-06, Loss_ut_ics: 7.976e-03, lr: 1.000e-03, Time: 1.22e+03
Model state saved to ./results/models/checkpoints/schrodinger/qho/2025-09-19_21-56-28-345443/model.pth
Model state saved to ./results/models/checkpoints/schrodinger/qho/2025-09-19_21-56-28-345443/model_weights.pth
It: 1111, Loss: 1.092e-04, Loss_res: 4.957e-03,  Loss_bcs: 7.500e-06, Loss_ut_ics: 5.217e-03, lr: 1.000e-03, Time: 1.23e+03
Model state saved to ./results/models/checkpoints/schrodinger/qho/2025-09-19_21-56-28-345443/model.pth
Model state saved to ./results/models/checkpoints/schrodinger/qho/2025-09-19_21-56-28-345443/model_weights.pth
It: 1112, Loss: 1.900e-04, Loss_res: 1.799e-02,  Loss_bcs: 6.109e-06, Loss_ut_ics: 4.050e-04, lr: 1.000e-03, Time: 1.23e+03
Model state saved to ./results/models/checkpoints/schrodinger/qho/2025-09-19_21-56-28-345443/model.pth
Model state saved to ./results/models/checkpoints/schrodinger/qho/2025-09-19_21-56-28-345443/model_weights.pth
It: 1113, Loss: 2.915e-04, Loss_res: 1.068e-02,  Loss_bcs: 4.827e-06, Loss_ut_ics: 1.799e-02, lr: 1.000e-03, Time: 1.23e+03
Model state saved to ./results/models/checkpoints/schrodinger/qho/2025-09-19_21-56-28-345443/model.pth
Model state saved to ./results/models/checkpoints/schrodinger/qho/2025-09-19_21-56-28-345443/model_weights.pth
It: 1114, Loss: 1.154e-04, Loss_res: 3.064e-03,  Loss_bcs: 7.581e-06, Loss_ut_ics: 7.720e-03, lr: 1.000e-03, Time: 1.23e+03
Model state saved to ./results/models/checkpoints/schrodinger/qho/2025-09-19_21-56-28-345443/model.pth
Model state saved to ./results/models/checkpoints/schrodinger/qho/2025-09-19_21-56-28-345443/model_weights.pth
It: 1115, Loss: 2.511e-04, Loss_res: 1.190e-02,  Loss_bcs: 6.883e-06, Loss_ut_ics: 1.252e-02, lr: 1.000e-03, Time: 1.23e+03
Model state saved to ./results/models/checkpoints/schrodinger/qho/2025-09-19_21-56-28-345443/model.pth
Model state saved to ./results/models/checkpoints/schrodinger/qho/2025-09-19_21-56-28-345443/model_weights.pth
It: 1116, Loss: 2.654e-04, Loss_res: 8.138e-03,  Loss_bcs: 5.092e-06, Loss_ut_ics: 1.789e-02, lr: 1.000e-03, Time: 1.23e+03
Model state saved to ./results/models/checkpoints/schrodinger/qho/2025-09-19_21-56-28-345443/model.pth
Model state saved to ./results/models/checkpoints/schrodinger/qho/2025-09-19_21-56-28-345443/model_weights.pth
It: 1117, Loss: 3.362e-04, Loss_res: 4.684e-03,  Loss_bcs: 3.222e-06, Loss_ut_ics: 2.862e-02, lr: 1.000e-03, Time: 1.23e+03
Model state saved to ./results/models/checkpoints/schrodinger/qho/2025-09-19_21-56-28-345443/model.pth
Model state saved to ./results/models/checkpoints/schrodinger/qho/2025-09-19_21-56-28-345443/model_weights.pth
It: 1118, Loss: 6.507e-05, Loss_res: 3.003e-03,  Loss_bcs: 2.621e-06, Loss_ut_ics: 3.241e-03, lr: 1.000e-03, Time: 1.23e+03
Model state saved to ./results/models/checkpoints/schrodinger/qho/2025-09-19_21-56-28-345443/model.pth
Model state saved to ./results/models/checkpoints/schrodinger/qho/2025-09-19_21-56-28-345443/model_weights.pth
It: 1119, Loss: 3.428e-04, Loss_res: 6.781e-03,  Loss_bcs: 3.818e-06, Loss_ut_ics: 2.712e-02, lr: 1.000e-03, Time: 1.23e+03
Model state saved to ./results/models/checkpoints/schrodinger/qho/2025-09-19_21-56-28-345443/model.pth
Model state saved to ./results/models/checkpoints/schrodinger/qho/2025-09-19_21-56-28-345443/model_weights.pth
It: 1120, Loss: 2.770e-04, Loss_res: 6.253e-03,  Loss_bcs: 6.540e-06, Loss_ut_ics: 2.079e-02, lr: 1.000e-03, Time: 1.24e+03
Model state saved to ./results/models/checkpoints/schrodinger/qho/2025-09-19_21-56-28-345443/model.pth
Model state saved to ./results/models/checkpoints/schrodinger/qho/2025-09-19_21-56-28-345443/model_weights.pth
It: 1121, Loss: 7.457e-05, Loss_res: 5.415e-03,  Loss_bcs: 6.213e-06, Loss_ut_ics: 1.420e-03, lr: 1.000e-03, Time: 1.24e+03
Model state saved to ./results/models/checkpoints/schrodinger/qho/2025-09-19_21-56-28-345443/model.pth
Model state saved to ./results/models/checkpoints/schrodinger/qho/2025-09-19_21-56-28-345443/model_weights.pth
It: 1122, Loss: 3.770e-04, Loss_res: 1.189e-02,  Loss_bcs: 7.922e-06, Loss_ut_ics: 2.502e-02, lr: 1.000e-03, Time: 1.24e+03
Model state saved to ./results/models/checkpoints/schrodinger/qho/2025-09-19_21-56-28-345443/model.pth
Model state saved to ./results/models/checkpoints/schrodinger/qho/2025-09-19_21-56-28-345443/model_weights.pth
It: 1123, Loss: 4.770e-05, Loss_res: 3.476e-03,  Loss_bcs: 7.785e-06, Loss_ut_ics: 5.162e-04, lr: 1.000e-03, Time: 1.24e+03
Model state saved to ./results/models/checkpoints/schrodinger/qho/2025-09-19_21-56-28-345443/model.pth
Model state saved to ./results/models/checkpoints/schrodinger/qho/2025-09-19_21-56-28-345443/model_weights.pth
It: 1124, Loss: 1.961e-04, Loss_res: 6.764e-03,  Loss_bcs: 5.168e-06, Loss_ut_ics: 1.233e-02, lr: 1.000e-03, Time: 1.24e+03
Model state saved to ./results/models/checkpoints/schrodinger/qho/2025-09-19_21-56-28-345443/model.pth
Model state saved to ./results/models/checkpoints/schrodinger/qho/2025-09-19_21-56-28-345443/model_weights.pth
It: 1125, Loss: 3.693e-04, Loss_res: 1.352e-02,  Loss_bcs: 5.565e-06, Loss_ut_ics: 2.285e-02, lr: 1.000e-03, Time: 1.24e+03
Model state saved to ./results/models/checkpoints/schrodinger/qho/2025-09-19_21-56-28-345443/model.pth
Model state saved to ./results/models/checkpoints/schrodinger/qho/2025-09-19_21-56-28-345443/model_weights.pth
It: 1126, Loss: 8.544e-05, Loss_res: 7.864e-03,  Loss_bcs: 6.565e-06, Loss_ut_ics: 2.332e-05, lr: 1.000e-03, Time: 1.24e+03
Model state saved to ./results/models/checkpoints/schrodinger/qho/2025-09-19_21-56-28-345443/model.pth
Model state saved to ./results/models/checkpoints/schrodinger/qho/2025-09-19_21-56-28-345443/model_weights.pth
It: 1127, Loss: 2.843e-04, Loss_res: 1.047e-02,  Loss_bcs: 5.016e-06, Loss_ut_ics: 1.746e-02, lr: 1.000e-03, Time: 1.24e+03
Model state saved to ./results/models/checkpoints/schrodinger/qho/2025-09-19_21-56-28-345443/model.pth
Model state saved to ./results/models/checkpoints/schrodinger/qho/2025-09-19_21-56-28-345443/model_weights.pth
It: 1128, Loss: 2.606e-04, Loss_res: 1.040e-02,  Loss_bcs: 4.779e-06, Loss_ut_ics: 1.519e-02, lr: 1.000e-03, Time: 1.24e+03
Model state saved to ./results/models/checkpoints/schrodinger/qho/2025-09-19_21-56-28-345443/model.pth
Model state saved to ./results/models/checkpoints/schrodinger/qho/2025-09-19_21-56-28-345443/model_weights.pth
It: 1129, Loss: 2.592e-04, Loss_res: 1.548e-02,  Loss_bcs: 6.106e-06, Loss_ut_ics: 9.828e-03, lr: 1.000e-03, Time: 1.25e+03
Model state saved to ./results/models/checkpoints/schrodinger/qho/2025-09-19_21-56-28-345443/model.pth
Model state saved to ./results/models/checkpoints/schrodinger/qho/2025-09-19_21-56-28-345443/model_weights.pth
It: 1130, Loss: 5.699e-04, Loss_res: 3.717e-02,  Loss_bcs: 6.414e-06, Loss_ut_ics: 1.918e-02, lr: 1.000e-03, Time: 1.25e+03
Model state saved to ./results/models/checkpoints/schrodinger/qho/2025-09-19_21-56-28-345443/model.pth
Model state saved to ./results/models/checkpoints/schrodinger/qho/2025-09-19_21-56-28-345443/model_weights.pth
It: 1131, Loss: 9.102e-05, Loss_res: 7.362e-03,  Loss_bcs: 3.283e-06, Loss_ut_ics: 1.412e-03, lr: 1.000e-03, Time: 1.25e+03
Model state saved to ./results/models/checkpoints/schrodinger/qho/2025-09-19_21-56-28-345443/model.pth
Model state saved to ./results/models/checkpoints/schrodinger/qho/2025-09-19_21-56-28-345443/model_weights.pth
It: 1132, Loss: 1.139e-04, Loss_res: 9.663e-03,  Loss_bcs: 4.534e-06, Loss_ut_ics: 1.274e-03, lr: 1.000e-03, Time: 1.25e+03
Model state saved to ./results/models/checkpoints/schrodinger/qho/2025-09-19_21-56-28-345443/model.pth
Model state saved to ./results/models/checkpoints/schrodinger/qho/2025-09-19_21-56-28-345443/model_weights.pth
It: 1133, Loss: 9.708e-05, Loss_res: 8.946e-03,  Loss_bcs: 7.253e-06, Loss_ut_ics: 3.664e-05, lr: 1.000e-03, Time: 1.25e+03
Model state saved to ./results/models/checkpoints/schrodinger/qho/2025-09-19_21-56-28-345443/model.pth
Model state saved to ./results/models/checkpoints/schrodinger/qho/2025-09-19_21-56-28-345443/model_weights.pth
It: 1134, Loss: 5.796e-05, Loss_res: 9.487e-04,  Loss_bcs: 3.979e-06, Loss_ut_ics: 4.449e-03, lr: 1.000e-03, Time: 1.25e+03
Model state saved to ./results/models/checkpoints/schrodinger/qho/2025-09-19_21-56-28-345443/model.pth
Model state saved to ./results/models/checkpoints/schrodinger/qho/2025-09-19_21-56-28-345443/model_weights.pth
It: 1135, Loss: 2.606e-04, Loss_res: 1.437e-02,  Loss_bcs: 1.611e-06, Loss_ut_ics: 1.154e-02, lr: 1.000e-03, Time: 1.25e+03
Model state saved to ./results/models/checkpoints/schrodinger/qho/2025-09-19_21-56-28-345443/model.pth
Model state saved to ./results/models/checkpoints/schrodinger/qho/2025-09-19_21-56-28-345443/model_weights.pth
It: 1136, Loss: 2.128e-04, Loss_res: 6.864e-03,  Loss_bcs: 1.189e-06, Loss_ut_ics: 1.430e-02, lr: 1.000e-03, Time: 1.25e+03
Model state saved to ./results/models/checkpoints/schrodinger/qho/2025-09-19_21-56-28-345443/model.pth
Model state saved to ./results/models/checkpoints/schrodinger/qho/2025-09-19_21-56-28-345443/model_weights.pth
It: 1137, Loss: 6.500e-05, Loss_res: 5.546e-03,  Loss_bcs: 1.211e-06, Loss_ut_ics: 8.323e-04, lr: 1.000e-03, Time: 1.25e+03
Model state saved to ./results/models/checkpoints/schrodinger/qho/2025-09-19_21-56-28-345443/model.pth
Model state saved to ./results/models/checkpoints/schrodinger/qho/2025-09-19_21-56-28-345443/model_weights.pth
It: 1138, Loss: 9.244e-05, Loss_res: 2.139e-03,  Loss_bcs: 1.561e-06, Loss_ut_ics: 6.949e-03, lr: 1.000e-03, Time: 1.26e+03
Model state saved to ./results/models/checkpoints/schrodinger/qho/2025-09-19_21-56-28-345443/model.pth
Model state saved to ./results/models/checkpoints/schrodinger/qho/2025-09-19_21-56-28-345443/model_weights.pth
It: 1139, Loss: 3.427e-04, Loss_res: 1.693e-02,  Loss_bcs: 4.347e-06, Loss_ut_ics: 1.690e-02, lr: 1.000e-03, Time: 1.26e+03
Model state saved to ./results/models/checkpoints/schrodinger/qho/2025-09-19_21-56-28-345443/model.pth
Model state saved to ./results/models/checkpoints/schrodinger/qho/2025-09-19_21-56-28-345443/model_weights.pth
It: 1140, Loss: 2.275e-04, Loss_res: 2.093e-02,  Loss_bcs: 4.766e-06, Loss_ut_ics: 1.349e-03, lr: 1.000e-03, Time: 1.26e+03
Model state saved to ./results/models/checkpoints/schrodinger/qho/2025-09-19_21-56-28-345443/model.pth
Model state saved to ./results/models/checkpoints/schrodinger/qho/2025-09-19_21-56-28-345443/model_weights.pth
It: 1141, Loss: 7.758e-05, Loss_res: 1.325e-03,  Loss_bcs: 1.496e-06, Loss_ut_ics: 6.284e-03, lr: 1.000e-03, Time: 1.26e+03
Model state saved to ./results/models/checkpoints/schrodinger/qho/2025-09-19_21-56-28-345443/model.pth
Model state saved to ./results/models/checkpoints/schrodinger/qho/2025-09-19_21-56-28-345443/model_weights.pth
It: 1142, Loss: 2.762e-04, Loss_res: 1.184e-02,  Loss_bcs: 1.378e-06, Loss_ut_ics: 1.564e-02, lr: 1.000e-03, Time: 1.26e+03
Model state saved to ./results/models/checkpoints/schrodinger/qho/2025-09-19_21-56-28-345443/model.pth
Model state saved to ./results/models/checkpoints/schrodinger/qho/2025-09-19_21-56-28-345443/model_weights.pth
It: 1143, Loss: 2.280e-04, Loss_res: 5.800e-03,  Loss_bcs: 2.311e-06, Loss_ut_ics: 1.677e-02, lr: 1.000e-03, Time: 1.26e+03
Model state saved to ./results/models/checkpoints/schrodinger/qho/2025-09-19_21-56-28-345443/model.pth
Model state saved to ./results/models/checkpoints/schrodinger/qho/2025-09-19_21-56-28-345443/model_weights.pth
It: 1144, Loss: 2.388e-04, Loss_res: 2.463e-03,  Loss_bcs: 1.251e-06, Loss_ut_ics: 2.130e-02, lr: 1.000e-03, Time: 1.26e+03
Model state saved to ./results/models/checkpoints/schrodinger/qho/2025-09-19_21-56-28-345443/model.pth
Model state saved to ./results/models/checkpoints/schrodinger/qho/2025-09-19_21-56-28-345443/model_weights.pth
It: 1145, Loss: 2.043e-04, Loss_res: 9.480e-03,  Loss_bcs: 3.047e-06, Loss_ut_ics: 1.065e-02, lr: 1.000e-03, Time: 1.26e+03
Model state saved to ./results/models/checkpoints/schrodinger/qho/2025-09-19_21-56-28-345443/model.pth
Model state saved to ./results/models/checkpoints/schrodinger/qho/2025-09-19_21-56-28-345443/model_weights.pth
It: 1146, Loss: 1.144e-04, Loss_res: 8.842e-03,  Loss_bcs: 3.936e-06, Loss_ut_ics: 2.207e-03, lr: 1.000e-03, Time: 1.26e+03
Model state saved to ./results/models/checkpoints/schrodinger/qho/2025-09-19_21-56-28-345443/model.pth
Model state saved to ./results/models/checkpoints/schrodinger/qho/2025-09-19_21-56-28-345443/model_weights.pth
It: 1147, Loss: 3.446e-05, Loss_res: 3.048e-03,  Loss_bcs: 1.373e-06, Loss_ut_ics: 2.609e-04, lr: 1.000e-03, Time: 1.26e+03
Model state saved to ./results/models/checkpoints/schrodinger/qho/2025-09-19_21-56-28-345443/model.pth
Model state saved to ./results/models/checkpoints/schrodinger/qho/2025-09-19_21-56-28-345443/model_weights.pth
It: 1148, Loss: 4.512e-04, Loss_res: 2.165e-02,  Loss_bcs: 1.681e-06, Loss_ut_ics: 2.330e-02, lr: 1.000e-03, Time: 1.27e+03
Model state saved to ./results/models/checkpoints/schrodinger/qho/2025-09-19_21-56-28-345443/model.pth
Model state saved to ./results/models/checkpoints/schrodinger/qho/2025-09-19_21-56-28-345443/model_weights.pth
It: 1149, Loss: 1.775e-04, Loss_res: 6.904e-03,  Loss_bcs: 1.709e-06, Loss_ut_ics: 1.068e-02, lr: 1.000e-03, Time: 1.27e+03
Model state saved to ./results/models/checkpoints/schrodinger/qho/2025-09-19_21-56-28-345443/model.pth
Model state saved to ./results/models/checkpoints/schrodinger/qho/2025-09-19_21-56-28-345443/model_weights.pth
It: 1150, Loss: 1.294e-04, Loss_res: 1.186e-02,  Loss_bcs: 2.129e-06, Loss_ut_ics: 8.700e-04, lr: 1.000e-03, Time: 1.27e+03
Model state saved to ./results/models/checkpoints/schrodinger/qho/2025-09-19_21-56-28-345443/model.pth
Model state saved to ./results/models/checkpoints/schrodinger/qho/2025-09-19_21-56-28-345443/model_weights.pth
It: 1151, Loss: 2.140e-04, Loss_res: 1.606e-02,  Loss_bcs: 1.857e-06, Loss_ut_ics: 5.146e-03, lr: 1.000e-03, Time: 1.27e+03
Model state saved to ./results/models/checkpoints/schrodinger/qho/2025-09-19_21-56-28-345443/model.pth
Model state saved to ./results/models/checkpoints/schrodinger/qho/2025-09-19_21-56-28-345443/model_weights.pth
It: 1152, Loss: 2.057e-04, Loss_res: 7.017e-03,  Loss_bcs: 1.828e-06, Loss_ut_ics: 1.337e-02, lr: 1.000e-03, Time: 1.27e+03
Model state saved to ./results/models/checkpoints/schrodinger/qho/2025-09-19_21-56-28-345443/model.pth
Model state saved to ./results/models/checkpoints/schrodinger/qho/2025-09-19_21-56-28-345443/model_weights.pth
It: 1153, Loss: 1.475e-04, Loss_res: 2.027e-03,  Loss_bcs: 2.162e-06, Loss_ut_ics: 1.251e-02, lr: 1.000e-03, Time: 1.27e+03
Model state saved to ./results/models/checkpoints/schrodinger/qho/2025-09-19_21-56-28-345443/model.pth
Model state saved to ./results/models/checkpoints/schrodinger/qho/2025-09-19_21-56-28-345443/model_weights.pth
It: 1154, Loss: 3.305e-05, Loss_res: 3.082e-03,  Loss_bcs: 1.675e-06, Loss_ut_ics: 5.588e-05, lr: 1.000e-03, Time: 1.27e+03
Model state saved to ./results/models/checkpoints/schrodinger/qho/2025-09-19_21-56-28-345443/model.pth
Model state saved to ./results/models/checkpoints/schrodinger/qho/2025-09-19_21-56-28-345443/model_weights.pth
It: 1155, Loss: 4.742e-04, Loss_res: 1.388e-02,  Loss_bcs: 2.201e-06, Loss_ut_ics: 3.332e-02, lr: 1.000e-03, Time: 1.27e+03
Model state saved to ./results/models/checkpoints/schrodinger/qho/2025-09-19_21-56-28-345443/model.pth
Model state saved to ./results/models/checkpoints/schrodinger/qho/2025-09-19_21-56-28-345443/model_weights.pth
It: 1156, Loss: 2.138e-04, Loss_res: 7.307e-03,  Loss_bcs: 2.933e-06, Loss_ut_ics: 1.378e-02, lr: 1.000e-03, Time: 1.27e+03
Model state saved to ./results/models/checkpoints/schrodinger/qho/2025-09-19_21-56-28-345443/model.pth
Model state saved to ./results/models/checkpoints/schrodinger/qho/2025-09-19_21-56-28-345443/model_weights.pth
It: 1157, Loss: 2.492e-04, Loss_res: 5.847e-03,  Loss_bcs: 2.668e-06, Loss_ut_ics: 1.880e-02, lr: 1.000e-03, Time: 1.28e+03
Model state saved to ./results/models/checkpoints/schrodinger/qho/2025-09-19_21-56-28-345443/model.pth
Model state saved to ./results/models/checkpoints/schrodinger/qho/2025-09-19_21-56-28-345443/model_weights.pth
It: 1158, Loss: 1.361e-04, Loss_res: 5.472e-03,  Loss_bcs: 2.661e-06, Loss_ut_ics: 7.869e-03, lr: 1.000e-03, Time: 1.28e+03
Model state saved to ./results/models/checkpoints/schrodinger/qho/2025-09-19_21-56-28-345443/model.pth
Model state saved to ./results/models/checkpoints/schrodinger/qho/2025-09-19_21-56-28-345443/model_weights.pth
It: 1159, Loss: 1.400e-04, Loss_res: 1.369e-02,  Loss_bcs: 1.843e-06, Loss_ut_ics: 1.256e-04, lr: 1.000e-03, Time: 1.28e+03
Model state saved to ./results/models/checkpoints/schrodinger/qho/2025-09-19_21-56-28-345443/model.pth
Model state saved to ./results/models/checkpoints/schrodinger/qho/2025-09-19_21-56-28-345443/model_weights.pth
It: 1160, Loss: 2.198e-04, Loss_res: 8.425e-03,  Loss_bcs: 2.200e-06, Loss_ut_ics: 1.334e-02, lr: 1.000e-03, Time: 1.28e+03
Model state saved to ./results/models/checkpoints/schrodinger/qho/2025-09-19_21-56-28-345443/model.pth
Model state saved to ./results/models/checkpoints/schrodinger/qho/2025-09-19_21-56-28-345443/model_weights.pth
It: 1161, Loss: 2.815e-04, Loss_res: 1.364e-02,  Loss_bcs: 3.160e-06, Loss_ut_ics: 1.419e-02, lr: 1.000e-03, Time: 1.28e+03
Model state saved to ./results/models/checkpoints/schrodinger/qho/2025-09-19_21-56-28-345443/model.pth
Model state saved to ./results/models/checkpoints/schrodinger/qho/2025-09-19_21-56-28-345443/model_weights.pth
It: 1162, Loss: 1.682e-04, Loss_res: 8.734e-03,  Loss_bcs: 2.882e-06, Loss_ut_ics: 7.799e-03, lr: 1.000e-03, Time: 1.28e+03
Model state saved to ./results/models/checkpoints/schrodinger/qho/2025-09-19_21-56-28-345443/model.pth
Model state saved to ./results/models/checkpoints/schrodinger/qho/2025-09-19_21-56-28-345443/model_weights.pth
It: 1163, Loss: 1.316e-04, Loss_res: 9.318e-03,  Loss_bcs: 4.520e-06, Loss_ut_ics: 3.389e-03, lr: 1.000e-03, Time: 1.28e+03
Model state saved to ./results/models/checkpoints/schrodinger/qho/2025-09-19_21-56-28-345443/model.pth
Model state saved to ./results/models/checkpoints/schrodinger/qho/2025-09-19_21-56-28-345443/model_weights.pth
It: 1164, Loss: 1.984e-04, Loss_res: 5.890e-03,  Loss_bcs: 4.448e-06, Loss_ut_ics: 1.351e-02, lr: 1.000e-03, Time: 1.28e+03
Model state saved to ./results/models/checkpoints/schrodinger/qho/2025-09-19_21-56-28-345443/model.pth
Model state saved to ./results/models/checkpoints/schrodinger/qho/2025-09-19_21-56-28-345443/model_weights.pth
It: 1165, Loss: 1.927e-04, Loss_res: 3.766e-03,  Loss_bcs: 3.803e-06, Loss_ut_ics: 1.513e-02, lr: 1.000e-03, Time: 1.28e+03
Model state saved to ./results/models/checkpoints/schrodinger/qho/2025-09-19_21-56-28-345443/model.pth
Model state saved to ./results/models/checkpoints/schrodinger/qho/2025-09-19_21-56-28-345443/model_weights.pth
It: 1166, Loss: 1.866e-04, Loss_res: 1.292e-02,  Loss_bcs: 2.759e-06, Loss_ut_ics: 5.464e-03, lr: 1.000e-03, Time: 1.29e+03
Model state saved to ./results/models/checkpoints/schrodinger/qho/2025-09-19_21-56-28-345443/model.pth
Model state saved to ./results/models/checkpoints/schrodinger/qho/2025-09-19_21-56-28-345443/model_weights.pth
It: 1167, Loss: 1.043e-04, Loss_res: 9.337e-03,  Loss_bcs: 2.727e-06, Loss_ut_ics: 8.216e-04, lr: 1.000e-03, Time: 1.29e+03
Model state saved to ./results/models/checkpoints/schrodinger/qho/2025-09-19_21-56-28-345443/model.pth
Model state saved to ./results/models/checkpoints/schrodinger/qho/2025-09-19_21-56-28-345443/model_weights.pth
It: 1168, Loss: 1.810e-04, Loss_res: 8.357e-03,  Loss_bcs: 1.466e-06, Loss_ut_ics: 9.600e-03, lr: 1.000e-03, Time: 1.29e+03
Model state saved to ./results/models/checkpoints/schrodinger/qho/2025-09-19_21-56-28-345443/model.pth
Model state saved to ./results/models/checkpoints/schrodinger/qho/2025-09-19_21-56-28-345443/model_weights.pth
It: 1169, Loss: 1.430e-04, Loss_res: 5.076e-03,  Loss_bcs: 1.407e-06, Loss_ut_ics: 9.084e-03, lr: 1.000e-03, Time: 1.29e+03
Model state saved to ./results/models/checkpoints/schrodinger/qho/2025-09-19_21-56-28-345443/model.pth
Model state saved to ./results/models/checkpoints/schrodinger/qho/2025-09-19_21-56-28-345443/model_weights.pth
It: 1170, Loss: 1.951e-04, Loss_res: 8.555e-03,  Loss_bcs: 1.705e-06, Loss_ut_ics: 1.078e-02, lr: 1.000e-03, Time: 1.29e+03
Model state saved to ./results/models/checkpoints/schrodinger/qho/2025-09-19_21-56-28-345443/model.pth
Model state saved to ./results/models/checkpoints/schrodinger/qho/2025-09-19_21-56-28-345443/model_weights.pth
It: 1171, Loss: 2.116e-04, Loss_res: 1.131e-02,  Loss_bcs: 1.930e-06, Loss_ut_ics: 9.654e-03, lr: 1.000e-03, Time: 1.29e+03
Model state saved to ./results/models/checkpoints/schrodinger/qho/2025-09-19_21-56-28-345443/model.pth
Model state saved to ./results/models/checkpoints/schrodinger/qho/2025-09-19_21-56-28-345443/model_weights.pth
It: 1172, Loss: 3.109e-05, Loss_res: 2.619e-03,  Loss_bcs: 1.972e-06, Loss_ut_ics: 2.922e-04, lr: 1.000e-03, Time: 1.29e+03
Model state saved to ./results/models/checkpoints/schrodinger/qho/2025-09-19_21-56-28-345443/model.pth
Model state saved to ./results/models/checkpoints/schrodinger/qho/2025-09-19_21-56-28-345443/model_weights.pth
It: 1173, Loss: 2.660e-04, Loss_res: 1.285e-02,  Loss_bcs: 3.953e-06, Loss_ut_ics: 1.336e-02, lr: 1.000e-03, Time: 1.29e+03
Model state saved to ./results/models/checkpoints/schrodinger/qho/2025-09-19_21-56-28-345443/model.pth
Model state saved to ./results/models/checkpoints/schrodinger/qho/2025-09-19_21-56-28-345443/model_weights.pth
It: 1174, Loss: 1.652e-04, Loss_res: 6.205e-03,  Loss_bcs: 4.601e-06, Loss_ut_ics: 9.859e-03, lr: 1.000e-03, Time: 1.30e+03
Model state saved to ./results/models/checkpoints/schrodinger/qho/2025-09-19_21-56-28-345443/model.pth
Model state saved to ./results/models/checkpoints/schrodinger/qho/2025-09-19_21-56-28-345443/model_weights.pth
It: 1175, Loss: 1.140e-04, Loss_res: 9.305e-03,  Loss_bcs: 5.084e-06, Loss_ut_ics: 1.583e-03, lr: 1.000e-03, Time: 1.30e+03
Model state saved to ./results/models/checkpoints/schrodinger/qho/2025-09-19_21-56-28-345443/model.pth
Model state saved to ./results/models/checkpoints/schrodinger/qho/2025-09-19_21-56-28-345443/model_weights.pth
It: 1176, Loss: 2.577e-04, Loss_res: 4.846e-03,  Loss_bcs: 2.139e-06, Loss_ut_ics: 2.071e-02, lr: 1.000e-03, Time: 1.30e+03
Model state saved to ./results/models/checkpoints/schrodinger/qho/2025-09-19_21-56-28-345443/model.pth
Model state saved to ./results/models/checkpoints/schrodinger/qho/2025-09-19_21-56-28-345443/model_weights.pth
It: 1177, Loss: 1.103e-04, Loss_res: 8.906e-03,  Loss_bcs: 2.807e-06, Loss_ut_ics: 1.848e-03, lr: 1.000e-03, Time: 1.30e+03
Model state saved to ./results/models/checkpoints/schrodinger/qho/2025-09-19_21-56-28-345443/model.pth
Model state saved to ./results/models/checkpoints/schrodinger/qho/2025-09-19_21-56-28-345443/model_weights.pth
It: 1178, Loss: 2.448e-04, Loss_res: 1.654e-02,  Loss_bcs: 1.713e-06, Loss_ut_ics: 7.770e-03, lr: 1.000e-03, Time: 1.30e+03
Model state saved to ./results/models/checkpoints/schrodinger/qho/2025-09-19_21-56-28-345443/model.pth
Model state saved to ./results/models/checkpoints/schrodinger/qho/2025-09-19_21-56-28-345443/model_weights.pth
It: 1179, Loss: 2.091e-04, Loss_res: 1.887e-02,  Loss_bcs: 2.039e-06, Loss_ut_ics: 1.843e-03, lr: 1.000e-03, Time: 1.30e+03
Model state saved to ./results/models/checkpoints/schrodinger/qho/2025-09-19_21-56-28-345443/model.pth
Model state saved to ./results/models/checkpoints/schrodinger/qho/2025-09-19_21-56-28-345443/model_weights.pth
It: 1180, Loss: 1.901e-04, Loss_res: 1.006e-02,  Loss_bcs: 2.862e-06, Loss_ut_ics: 8.655e-03, lr: 1.000e-03, Time: 1.30e+03
Model state saved to ./results/models/checkpoints/schrodinger/qho/2025-09-19_21-56-28-345443/model.pth
Model state saved to ./results/models/checkpoints/schrodinger/qho/2025-09-19_21-56-28-345443/model_weights.pth
It: 1181, Loss: 6.744e-05, Loss_res: 1.756e-03,  Loss_bcs: 2.985e-06, Loss_ut_ics: 4.689e-03, lr: 1.000e-03, Time: 1.30e+03
Model state saved to ./results/models/checkpoints/schrodinger/qho/2025-09-19_21-56-28-345443/model.pth
Model state saved to ./results/models/checkpoints/schrodinger/qho/2025-09-19_21-56-28-345443/model_weights.pth
It: 1182, Loss: 1.813e-04, Loss_res: 5.874e-03,  Loss_bcs: 4.243e-06, Loss_ut_ics: 1.183e-02, lr: 1.000e-03, Time: 1.31e+03
Model state saved to ./results/models/checkpoints/schrodinger/qho/2025-09-19_21-56-28-345443/model.pth
Model state saved to ./results/models/checkpoints/schrodinger/qho/2025-09-19_21-56-28-345443/model_weights.pth
It: 1183, Loss: 8.535e-05, Loss_res: 7.655e-03,  Loss_bcs: 3.410e-06, Loss_ut_ics: 5.389e-04, lr: 1.000e-03, Time: 1.31e+03
Model state saved to ./results/models/checkpoints/schrodinger/qho/2025-09-19_21-56-28-345443/model.pth
Model state saved to ./results/models/checkpoints/schrodinger/qho/2025-09-19_21-56-28-345443/model_weights.pth
It: 1184, Loss: 2.394e-04, Loss_res: 1.091e-02,  Loss_bcs: 2.779e-06, Loss_ut_ics: 1.276e-02, lr: 1.000e-03, Time: 1.31e+03
Model state saved to ./results/models/checkpoints/schrodinger/qho/2025-09-19_21-56-28-345443/model.pth
Model state saved to ./results/models/checkpoints/schrodinger/qho/2025-09-19_21-56-28-345443/model_weights.pth
It: 1185, Loss: 1.485e-04, Loss_res: 1.183e-02,  Loss_bcs: 3.286e-06, Loss_ut_ics: 2.689e-03, lr: 1.000e-03, Time: 1.31e+03
Model state saved to ./results/models/checkpoints/schrodinger/qho/2025-09-19_21-56-28-345443/model.pth
Model state saved to ./results/models/checkpoints/schrodinger/qho/2025-09-19_21-56-28-345443/model_weights.pth
It: 1186, Loss: 1.936e-04, Loss_res: 8.410e-03,  Loss_bcs: 2.655e-06, Loss_ut_ics: 1.068e-02, lr: 1.000e-03, Time: 1.31e+03
Model state saved to ./results/models/checkpoints/schrodinger/qho/2025-09-19_21-56-28-345443/model.pth
Model state saved to ./results/models/checkpoints/schrodinger/qho/2025-09-19_21-56-28-345443/model_weights.pth
It: 1187, Loss: 1.976e-04, Loss_res: 1.125e-02,  Loss_bcs: 2.251e-06, Loss_ut_ics: 8.285e-03, lr: 1.000e-03, Time: 1.31e+03
Model state saved to ./results/models/checkpoints/schrodinger/qho/2025-09-19_21-56-28-345443/model.pth
Model state saved to ./results/models/checkpoints/schrodinger/qho/2025-09-19_21-56-28-345443/model_weights.pth
It: 1188, Loss: 2.746e-04, Loss_res: 7.583e-03,  Loss_bcs: 2.183e-06, Loss_ut_ics: 1.965e-02, lr: 1.000e-03, Time: 1.31e+03
Model state saved to ./results/models/checkpoints/schrodinger/qho/2025-09-19_21-56-28-345443/model.pth
Model state saved to ./results/models/checkpoints/schrodinger/qho/2025-09-19_21-56-28-345443/model_weights.pth
It: 1189, Loss: 2.872e-04, Loss_res: 1.736e-02,  Loss_bcs: 3.136e-06, Loss_ut_ics: 1.105e-02, lr: 1.000e-03, Time: 1.31e+03
Model state saved to ./results/models/checkpoints/schrodinger/qho/2025-09-19_21-56-28-345443/model.pth
Model state saved to ./results/models/checkpoints/schrodinger/qho/2025-09-19_21-56-28-345443/model_weights.pth
It: 1190, Loss: 7.651e-05, Loss_res: 6.851e-03,  Loss_bcs: 2.767e-06, Loss_ut_ics: 5.225e-04, lr: 1.000e-03, Time: 1.31e+03
Model state saved to ./results/models/checkpoints/schrodinger/qho/2025-09-19_21-56-28-345443/model.pth
Model state saved to ./results/models/checkpoints/schrodinger/qho/2025-09-19_21-56-28-345443/model_weights.pth
It: 1191, Loss: 1.452e-04, Loss_res: 1.008e-02,  Loss_bcs: 2.532e-06, Loss_ut_ics: 4.195e-03, lr: 1.000e-03, Time: 1.32e+03
Model state saved to ./results/models/checkpoints/schrodinger/qho/2025-09-19_21-56-28-345443/model.pth
Model state saved to ./results/models/checkpoints/schrodinger/qho/2025-09-19_21-56-28-345443/model_weights.pth
It: 1192, Loss: 3.079e-04, Loss_res: 1.276e-02,  Loss_bcs: 2.173e-06, Loss_ut_ics: 1.781e-02, lr: 1.000e-03, Time: 1.32e+03
Model state saved to ./results/models/checkpoints/schrodinger/qho/2025-09-19_21-56-28-345443/model.pth
Model state saved to ./results/models/checkpoints/schrodinger/qho/2025-09-19_21-56-28-345443/model_weights.pth
It: 1193, Loss: 7.933e-05, Loss_res: 5.979e-03,  Loss_bcs: 1.415e-06, Loss_ut_ics: 1.813e-03, lr: 1.000e-03, Time: 1.32e+03
Model state saved to ./results/models/checkpoints/schrodinger/qho/2025-09-19_21-56-28-345443/model.pth
Model state saved to ./results/models/checkpoints/schrodinger/qho/2025-09-19_21-56-28-345443/model_weights.pth
It: 1194, Loss: 2.230e-04, Loss_res: 5.444e-03,  Loss_bcs: 1.069e-06, Loss_ut_ics: 1.675e-02, lr: 1.000e-03, Time: 1.32e+03
Model state saved to ./results/models/checkpoints/schrodinger/qho/2025-09-19_21-56-28-345443/model.pth
Model state saved to ./results/models/checkpoints/schrodinger/qho/2025-09-19_21-56-28-345443/model_weights.pth
It: 1195, Loss: 1.163e-04, Loss_res: 9.592e-03,  Loss_bcs: 1.770e-06, Loss_ut_ics: 1.858e-03, lr: 1.000e-03, Time: 1.32e+03
Model state saved to ./results/models/checkpoints/schrodinger/qho/2025-09-19_21-56-28-345443/model.pth
Model state saved to ./results/models/checkpoints/schrodinger/qho/2025-09-19_21-56-28-345443/model_weights.pth
It: 1196, Loss: 3.222e-04, Loss_res: 2.375e-02,  Loss_bcs: 1.650e-06, Loss_ut_ics: 8.304e-03, lr: 1.000e-03, Time: 1.32e+03
Model state saved to ./results/models/checkpoints/schrodinger/qho/2025-09-19_21-56-28-345443/model.pth
Model state saved to ./results/models/checkpoints/schrodinger/qho/2025-09-19_21-56-28-345443/model_weights.pth
It: 1197, Loss: 1.442e-04, Loss_res: 9.031e-03,  Loss_bcs: 1.338e-06, Loss_ut_ics: 5.255e-03, lr: 1.000e-03, Time: 1.32e+03
Model state saved to ./results/models/checkpoints/schrodinger/qho/2025-09-19_21-56-28-345443/model.pth
Model state saved to ./results/models/checkpoints/schrodinger/qho/2025-09-19_21-56-28-345443/model_weights.pth
It: 1198, Loss: 2.726e-04, Loss_res: 1.789e-02,  Loss_bcs: 1.808e-06, Loss_ut_ics: 9.195e-03, lr: 1.000e-03, Time: 1.32e+03
Model state saved to ./results/models/checkpoints/schrodinger/qho/2025-09-19_21-56-28-345443/model.pth
Model state saved to ./results/models/checkpoints/schrodinger/qho/2025-09-19_21-56-28-345443/model_weights.pth
It: 1199, Loss: 1.528e-04, Loss_res: 2.643e-03,  Loss_bcs: 1.036e-06, Loss_ut_ics: 1.253e-02, lr: 1.000e-03, Time: 1.32e+03
Model state saved to ./results/models/checkpoints/schrodinger/qho/2025-09-19_21-56-28-345443/model.pth
Model state saved to ./results/models/checkpoints/schrodinger/qho/2025-09-19_21-56-28-345443/model_weights.pth
It: 1200, Loss: 6.606e-05, Loss_res: 5.942e-03,  Loss_bcs: 8.034e-07, Loss_ut_ics: 5.837e-04, lr: 1.000e-03, Time: 1.33e+03
Model state saved to ./results/models/checkpoints/schrodinger/qho/2025-09-19_21-56-28-345443/model.pth
Model state saved to ./results/models/checkpoints/schrodinger/qho/2025-09-19_21-56-28-345443/model_weights.pth
It: 1201, Loss: 1.339e-04, Loss_res: 1.310e-02,  Loss_bcs: 1.972e-06, Loss_ut_ics: 9.290e-05, lr: 1.000e-03, Time: 1.33e+03
Model state saved to ./results/models/checkpoints/schrodinger/qho/2025-09-19_21-56-28-345443/model.pth
Model state saved to ./results/models/checkpoints/schrodinger/qho/2025-09-19_21-56-28-345443/model_weights.pth
It: 1202, Loss: 1.775e-04, Loss_res: 5.080e-03,  Loss_bcs: 2.110e-06, Loss_ut_ics: 1.246e-02, lr: 1.000e-03, Time: 1.33e+03
Model state saved to ./results/models/checkpoints/schrodinger/qho/2025-09-19_21-56-28-345443/model.pth
Model state saved to ./results/models/checkpoints/schrodinger/qho/2025-09-19_21-56-28-345443/model_weights.pth
It: 1203, Loss: 2.149e-04, Loss_res: 8.137e-03,  Loss_bcs: 2.693e-06, Loss_ut_ics: 1.309e-02, lr: 1.000e-03, Time: 1.33e+03
Model state saved to ./results/models/checkpoints/schrodinger/qho/2025-09-19_21-56-28-345443/model.pth
Model state saved to ./results/models/checkpoints/schrodinger/qho/2025-09-19_21-56-28-345443/model_weights.pth
It: 1204, Loss: 1.399e-04, Loss_res: 4.130e-03,  Loss_bcs: 7.966e-07, Loss_ut_ics: 9.784e-03, lr: 1.000e-03, Time: 1.33e+03
Model state saved to ./results/models/checkpoints/schrodinger/qho/2025-09-19_21-56-28-345443/model.pth
Model state saved to ./results/models/checkpoints/schrodinger/qho/2025-09-19_21-56-28-345443/model_weights.pth
It: 1205, Loss: 2.645e-04, Loss_res: 8.328e-03,  Loss_bcs: 1.043e-06, Loss_ut_ics: 1.802e-02, lr: 1.000e-03, Time: 1.33e+03
Model state saved to ./results/models/checkpoints/schrodinger/qho/2025-09-19_21-56-28-345443/model.pth
Model state saved to ./results/models/checkpoints/schrodinger/qho/2025-09-19_21-56-28-345443/model_weights.pth
It: 1206, Loss: 3.681e-05, Loss_res: 1.795e-03,  Loss_bcs: 1.119e-06, Loss_ut_ics: 1.774e-03, lr: 1.000e-03, Time: 1.33e+03
Model state saved to ./results/models/checkpoints/schrodinger/qho/2025-09-19_21-56-28-345443/model.pth
Model state saved to ./results/models/checkpoints/schrodinger/qho/2025-09-19_21-56-28-345443/model_weights.pth
It: 1207, Loss: 2.271e-04, Loss_res: 2.255e-03,  Loss_bcs: 8.036e-07, Loss_ut_ics: 2.038e-02, lr: 1.000e-03, Time: 1.33e+03
Model state saved to ./results/models/checkpoints/schrodinger/qho/2025-09-19_21-56-28-345443/model.pth
Model state saved to ./results/models/checkpoints/schrodinger/qho/2025-09-19_21-56-28-345443/model_weights.pth
It: 1208, Loss: 7.503e-05, Loss_res: 4.035e-03,  Loss_bcs: 6.011e-07, Loss_ut_ics: 3.407e-03, lr: 1.000e-03, Time: 1.34e+03
Model state saved to ./results/models/checkpoints/schrodinger/qho/2025-09-19_21-56-28-345443/model.pth
Model state saved to ./results/models/checkpoints/schrodinger/qho/2025-09-19_21-56-28-345443/model_weights.pth
It: 1209, Loss: 1.946e-04, Loss_res: 4.689e-03,  Loss_bcs: 1.496e-06, Loss_ut_ics: 1.462e-02, lr: 1.000e-03, Time: 1.34e+03
Model state saved to ./results/models/checkpoints/schrodinger/qho/2025-09-19_21-56-28-345443/model.pth
Model state saved to ./results/models/checkpoints/schrodinger/qho/2025-09-19_21-56-28-345443/model_weights.pth
It: 1210, Loss: 1.665e-05, Loss_res: 1.272e-03,  Loss_bcs: 3.268e-06, Loss_ut_ics: 6.650e-05, lr: 1.000e-03, Time: 1.34e+03
Model state saved to ./results/models/checkpoints/schrodinger/qho/2025-09-19_21-56-28-345443/model.pth
Model state saved to ./results/models/checkpoints/schrodinger/qho/2025-09-19_21-56-28-345443/model_weights.pth
It: 1211, Loss: 3.278e-04, Loss_res: 1.077e-02,  Loss_bcs: 4.273e-06, Loss_ut_ics: 2.158e-02, lr: 1.000e-03, Time: 1.34e+03
Model state saved to ./results/models/checkpoints/schrodinger/qho/2025-09-19_21-56-28-345443/model.pth
Model state saved to ./results/models/checkpoints/schrodinger/qho/2025-09-19_21-56-28-345443/model_weights.pth
It: 1212, Loss: 6.480e-05, Loss_res: 6.336e-03,  Loss_bcs: 7.162e-07, Loss_ut_ics: 7.279e-05, lr: 1.000e-03, Time: 1.34e+03
Model state saved to ./results/models/checkpoints/schrodinger/qho/2025-09-19_21-56-28-345443/model.pth
Model state saved to ./results/models/checkpoints/schrodinger/qho/2025-09-19_21-56-28-345443/model_weights.pth
It: 1213, Loss: 3.030e-05, Loss_res: 2.733e-03,  Loss_bcs: 1.132e-06, Loss_ut_ics: 1.842e-04, lr: 1.000e-03, Time: 1.34e+03
Model state saved to ./results/models/checkpoints/schrodinger/qho/2025-09-19_21-56-28-345443/model.pth
Model state saved to ./results/models/checkpoints/schrodinger/qho/2025-09-19_21-56-28-345443/model_weights.pth
It: 1214, Loss: 9.091e-05, Loss_res: 8.314e-03,  Loss_bcs: 2.361e-06, Loss_ut_ics: 5.414e-04, lr: 1.000e-03, Time: 1.34e+03
Model state saved to ./results/models/checkpoints/schrodinger/qho/2025-09-19_21-56-28-345443/model.pth
Model state saved to ./results/models/checkpoints/schrodinger/qho/2025-09-19_21-56-28-345443/model_weights.pth
It: 1215, Loss: 1.982e-04, Loss_res: 1.412e-02,  Loss_bcs: 1.377e-06, Loss_ut_ics: 5.562e-03, lr: 1.000e-03, Time: 1.34e+03
Model state saved to ./results/models/checkpoints/schrodinger/qho/2025-09-19_21-56-28-345443/model.pth
Model state saved to ./results/models/checkpoints/schrodinger/qho/2025-09-19_21-56-28-345443/model_weights.pth
It: 1216, Loss: 7.615e-05, Loss_res: 3.667e-03,  Loss_bcs: 2.470e-06, Loss_ut_ics: 3.702e-03, lr: 1.000e-03, Time: 1.34e+03
Model state saved to ./results/models/checkpoints/schrodinger/qho/2025-09-19_21-56-28-345443/model.pth
Model state saved to ./results/models/checkpoints/schrodinger/qho/2025-09-19_21-56-28-345443/model_weights.pth
It: 1217, Loss: 1.558e-04, Loss_res: 9.063e-03,  Loss_bcs: 6.688e-06, Loss_ut_ics: 5.848e-03, lr: 1.000e-03, Time: 1.35e+03
Model state saved to ./results/models/checkpoints/schrodinger/qho/2025-09-19_21-56-28-345443/model.pth
Model state saved to ./results/models/checkpoints/schrodinger/qho/2025-09-19_21-56-28-345443/model_weights.pth
It: 1218, Loss: 5.307e-05, Loss_res: 4.278e-03,  Loss_bcs: 4.307e-06, Loss_ut_ics: 5.987e-04, lr: 1.000e-03, Time: 1.35e+03
Model state saved to ./results/models/checkpoints/schrodinger/qho/2025-09-19_21-56-28-345443/model.pth
Model state saved to ./results/models/checkpoints/schrodinger/qho/2025-09-19_21-56-28-345443/model_weights.pth
It: 1219, Loss: 2.097e-04, Loss_res: 5.464e-03,  Loss_bcs: 1.573e-06, Loss_ut_ics: 1.535e-02, lr: 1.000e-03, Time: 1.35e+03
Model state saved to ./results/models/checkpoints/schrodinger/qho/2025-09-19_21-56-28-345443/model.pth
Model state saved to ./results/models/checkpoints/schrodinger/qho/2025-09-19_21-56-28-345443/model_weights.pth
It: 1220, Loss: 2.390e-04, Loss_res: 3.550e-03,  Loss_bcs: 1.623e-06, Loss_ut_ics: 2.019e-02, lr: 1.000e-03, Time: 1.35e+03
Model state saved to ./results/models/checkpoints/schrodinger/qho/2025-09-19_21-56-28-345443/model.pth
Model state saved to ./results/models/checkpoints/schrodinger/qho/2025-09-19_21-56-28-345443/model_weights.pth
It: 1221, Loss: 3.201e-04, Loss_res: 1.240e-02,  Loss_bcs: 2.352e-06, Loss_ut_ics: 1.938e-02, lr: 1.000e-03, Time: 1.35e+03
Model state saved to ./results/models/checkpoints/schrodinger/qho/2025-09-19_21-56-28-345443/model.pth
Model state saved to ./results/models/checkpoints/schrodinger/qho/2025-09-19_21-56-28-345443/model_weights.pth
It: 1222, Loss: 3.875e-04, Loss_res: 2.030e-02,  Loss_bcs: 1.963e-06, Loss_ut_ics: 1.826e-02, lr: 1.000e-03, Time: 1.35e+03
Model state saved to ./results/models/checkpoints/schrodinger/qho/2025-09-19_21-56-28-345443/model.pth
Model state saved to ./results/models/checkpoints/schrodinger/qho/2025-09-19_21-56-28-345443/model_weights.pth
It: 1223, Loss: 9.756e-05, Loss_res: 5.997e-03,  Loss_bcs: 4.250e-06, Loss_ut_ics: 3.334e-03, lr: 1.000e-03, Time: 1.35e+03
Model state saved to ./results/models/checkpoints/schrodinger/qho/2025-09-19_21-56-28-345443/model.pth
Model state saved to ./results/models/checkpoints/schrodinger/qho/2025-09-19_21-56-28-345443/model_weights.pth
It: 1224, Loss: 1.642e-04, Loss_res: 2.983e-03,  Loss_bcs: 4.479e-06, Loss_ut_ics: 1.299e-02, lr: 1.000e-03, Time: 1.36e+03
Model state saved to ./results/models/checkpoints/schrodinger/qho/2025-09-19_21-56-28-345443/model.pth
Model state saved to ./results/models/checkpoints/schrodinger/qho/2025-09-19_21-56-28-345443/model_weights.pth
It: 1225, Loss: 9.320e-05, Loss_res: 8.923e-03,  Loss_bcs: 3.096e-06, Loss_ut_ics: 8.806e-05, lr: 1.000e-03, Time: 1.36e+03
Model state saved to ./results/models/checkpoints/schrodinger/qho/2025-09-19_21-56-28-345443/model.pth
Model state saved to ./results/models/checkpoints/schrodinger/qho/2025-09-19_21-56-28-345443/model_weights.pth
It: 1226, Loss: 2.021e-04, Loss_res: 6.768e-03,  Loss_bcs: 1.163e-06, Loss_ut_ics: 1.332e-02, lr: 1.000e-03, Time: 1.36e+03
Model state saved to ./results/models/checkpoints/schrodinger/qho/2025-09-19_21-56-28-345443/model.pth
Model state saved to ./results/models/checkpoints/schrodinger/qho/2025-09-19_21-56-28-345443/model_weights.pth
It: 1227, Loss: 1.291e-04, Loss_res: 4.207e-03,  Loss_bcs: 4.889e-06, Loss_ut_ics: 8.210e-03, lr: 1.000e-03, Time: 1.36e+03
Model state saved to ./results/models/checkpoints/schrodinger/qho/2025-09-19_21-56-28-345443/model.pth
Model state saved to ./results/models/checkpoints/schrodinger/qho/2025-09-19_21-56-28-345443/model_weights.pth
It: 1228, Loss: 4.980e-05, Loss_res: 3.403e-03,  Loss_bcs: 2.966e-06, Loss_ut_ics: 1.281e-03, lr: 1.000e-03, Time: 1.36e+03
Model state saved to ./results/models/checkpoints/schrodinger/qho/2025-09-19_21-56-28-345443/model.pth
Model state saved to ./results/models/checkpoints/schrodinger/qho/2025-09-19_21-56-28-345443/model_weights.pth
It: 1229, Loss: 6.681e-05, Loss_res: 6.123e-03,  Loss_bcs: 1.455e-06, Loss_ut_ics: 4.126e-04, lr: 1.000e-03, Time: 1.36e+03
Model state saved to ./results/models/checkpoints/schrodinger/qho/2025-09-19_21-56-28-345443/model.pth
Model state saved to ./results/models/checkpoints/schrodinger/qho/2025-09-19_21-56-28-345443/model_weights.pth
It: 1230, Loss: 1.891e-04, Loss_res: 1.239e-02,  Loss_bcs: 4.075e-06, Loss_ut_ics: 6.108e-03, lr: 1.000e-03, Time: 1.36e+03
Model state saved to ./results/models/checkpoints/schrodinger/qho/2025-09-19_21-56-28-345443/model.pth
Model state saved to ./results/models/checkpoints/schrodinger/qho/2025-09-19_21-56-28-345443/model_weights.pth
It: 1231, Loss: 2.888e-04, Loss_res: 1.117e-02,  Loss_bcs: 6.566e-06, Loss_ut_ics: 1.705e-02, lr: 1.000e-03, Time: 1.36e+03
Model state saved to ./results/models/checkpoints/schrodinger/qho/2025-09-19_21-56-28-345443/model.pth
Model state saved to ./results/models/checkpoints/schrodinger/qho/2025-09-19_21-56-28-345443/model_weights.pth
It: 1232, Loss: 2.812e-04, Loss_res: 7.711e-03,  Loss_bcs: 3.635e-06, Loss_ut_ics: 2.005e-02, lr: 1.000e-03, Time: 1.36e+03
Model state saved to ./results/models/checkpoints/schrodinger/qho/2025-09-19_21-56-28-345443/model.pth
Model state saved to ./results/models/checkpoints/schrodinger/qho/2025-09-19_21-56-28-345443/model_weights.pth
It: 1233, Loss: 2.032e-04, Loss_res: 1.200e-02,  Loss_bcs: 1.445e-06, Loss_ut_ics: 8.176e-03, lr: 1.000e-03, Time: 1.37e+03
Model state saved to ./results/models/checkpoints/schrodinger/qho/2025-09-19_21-56-28-345443/model.pth
Model state saved to ./results/models/checkpoints/schrodinger/qho/2025-09-19_21-56-28-345443/model_weights.pth
It: 1234, Loss: 1.191e-04, Loss_res: 4.767e-03,  Loss_bcs: 1.662e-06, Loss_ut_ics: 6.972e-03, lr: 1.000e-03, Time: 1.37e+03
Model state saved to ./results/models/checkpoints/schrodinger/qho/2025-09-19_21-56-28-345443/model.pth
Model state saved to ./results/models/checkpoints/schrodinger/qho/2025-09-19_21-56-28-345443/model_weights.pth
It: 1235, Loss: 9.844e-05, Loss_res: 5.077e-03,  Loss_bcs: 3.256e-06, Loss_ut_ics: 4.441e-03, lr: 1.000e-03, Time: 1.37e+03
Model state saved to ./results/models/checkpoints/schrodinger/qho/2025-09-19_21-56-28-345443/model.pth
Model state saved to ./results/models/checkpoints/schrodinger/qho/2025-09-19_21-56-28-345443/model_weights.pth
It: 1236, Loss: 2.393e-04, Loss_res: 4.450e-03,  Loss_bcs: 2.535e-06, Loss_ut_ics: 1.923e-02, lr: 1.000e-03, Time: 1.37e+03
Model state saved to ./results/models/checkpoints/schrodinger/qho/2025-09-19_21-56-28-345443/model.pth
Model state saved to ./results/models/checkpoints/schrodinger/qho/2025-09-19_21-56-28-345443/model_weights.pth
It: 1237, Loss: 7.383e-05, Loss_res: 6.823e-03,  Loss_bcs: 2.835e-06, Loss_ut_ics: 2.763e-04, lr: 1.000e-03, Time: 1.37e+03
Model state saved to ./results/models/checkpoints/schrodinger/qho/2025-09-19_21-56-28-345443/model.pth
Model state saved to ./results/models/checkpoints/schrodinger/qho/2025-09-19_21-56-28-345443/model_weights.pth
It: 1238, Loss: 1.824e-04, Loss_res: 3.178e-03,  Loss_bcs: 5.543e-06, Loss_ut_ics: 1.450e-02, lr: 1.000e-03, Time: 1.37e+03
Model state saved to ./results/models/checkpoints/schrodinger/qho/2025-09-19_21-56-28-345443/model.pth
Model state saved to ./results/models/checkpoints/schrodinger/qho/2025-09-19_21-56-28-345443/model_weights.pth
It: 1239, Loss: 1.243e-04, Loss_res: 6.025e-03,  Loss_bcs: 3.326e-06, Loss_ut_ics: 6.069e-03, lr: 1.000e-03, Time: 1.37e+03
Model state saved to ./results/models/checkpoints/schrodinger/qho/2025-09-19_21-56-28-345443/model.pth
Model state saved to ./results/models/checkpoints/schrodinger/qho/2025-09-19_21-56-28-345443/model_weights.pth
It: 1240, Loss: 1.280e-04, Loss_res: 3.646e-03,  Loss_bcs: 1.306e-06, Loss_ut_ics: 9.026e-03, lr: 1.000e-03, Time: 1.37e+03
Model state saved to ./results/models/checkpoints/schrodinger/qho/2025-09-19_21-56-28-345443/model.pth
Model state saved to ./results/models/checkpoints/schrodinger/qho/2025-09-19_21-56-28-345443/model_weights.pth
It: 1241, Loss: 2.151e-04, Loss_res: 1.309e-02,  Loss_bcs: 3.208e-06, Loss_ut_ics: 8.103e-03, lr: 1.000e-03, Time: 1.37e+03
Model state saved to ./results/models/checkpoints/schrodinger/qho/2025-09-19_21-56-28-345443/model.pth
Model state saved to ./results/models/checkpoints/schrodinger/qho/2025-09-19_21-56-28-345443/model_weights.pth
It: 1242, Loss: 1.390e-04, Loss_res: 3.829e-03,  Loss_bcs: 1.413e-06, Loss_ut_ics: 9.931e-03, lr: 1.000e-03, Time: 1.38e+03
Model state saved to ./results/models/checkpoints/schrodinger/qho/2025-09-19_21-56-28-345443/model.pth
Model state saved to ./results/models/checkpoints/schrodinger/qho/2025-09-19_21-56-28-345443/model_weights.pth
It: 1243, Loss: 1.746e-04, Loss_res: 1.093e-02,  Loss_bcs: 4.226e-06, Loss_ut_ics: 6.108e-03, lr: 1.000e-03, Time: 1.38e+03
Model state saved to ./results/models/checkpoints/schrodinger/qho/2025-09-19_21-56-28-345443/model.pth
Model state saved to ./results/models/checkpoints/schrodinger/qho/2025-09-19_21-56-28-345443/model_weights.pth
It: 1244, Loss: 1.308e-04, Loss_res: 7.837e-03,  Loss_bcs: 5.143e-06, Loss_ut_ics: 4.724e-03, lr: 1.000e-03, Time: 1.38e+03
Model state saved to ./results/models/checkpoints/schrodinger/qho/2025-09-19_21-56-28-345443/model.pth
Model state saved to ./results/models/checkpoints/schrodinger/qho/2025-09-19_21-56-28-345443/model_weights.pth
It: 1245, Loss: 1.541e-04, Loss_res: 1.489e-02,  Loss_bcs: 4.279e-06, Loss_ut_ics: 9.227e-05, lr: 1.000e-03, Time: 1.38e+03
Model state saved to ./results/models/checkpoints/schrodinger/qho/2025-09-19_21-56-28-345443/model.pth
Model state saved to ./results/models/checkpoints/schrodinger/qho/2025-09-19_21-56-28-345443/model_weights.pth
It: 1246, Loss: 7.711e-05, Loss_res: 4.955e-03,  Loss_bcs: 2.173e-06, Loss_ut_ics: 2.539e-03, lr: 1.000e-03, Time: 1.38e+03
Model state saved to ./results/models/checkpoints/schrodinger/qho/2025-09-19_21-56-28-345443/model.pth
Model state saved to ./results/models/checkpoints/schrodinger/qho/2025-09-19_21-56-28-345443/model_weights.pth
It: 1247, Loss: 1.873e-04, Loss_res: 4.991e-03,  Loss_bcs: 2.492e-06, Loss_ut_ics: 1.349e-02, lr: 1.000e-03, Time: 1.38e+03
Model state saved to ./results/models/checkpoints/schrodinger/qho/2025-09-19_21-56-28-345443/model.pth
Model state saved to ./results/models/checkpoints/schrodinger/qho/2025-09-19_21-56-28-345443/model_weights.pth
It: 1248, Loss: 5.520e-05, Loss_res: 4.989e-03,  Loss_bcs: 1.479e-06, Loss_ut_ics: 3.836e-04, lr: 1.000e-03, Time: 1.38e+03
Model state saved to ./results/models/checkpoints/schrodinger/qho/2025-09-19_21-56-28-345443/model.pth
Model state saved to ./results/models/checkpoints/schrodinger/qho/2025-09-19_21-56-28-345443/model_weights.pth
It: 1249, Loss: 1.642e-04, Loss_res: 1.448e-03,  Loss_bcs: 2.011e-06, Loss_ut_ics: 1.477e-02, lr: 1.000e-03, Time: 1.38e+03
Model state saved to ./results/models/checkpoints/schrodinger/qho/2025-09-19_21-56-28-345443/model.pth
Model state saved to ./results/models/checkpoints/schrodinger/qho/2025-09-19_21-56-28-345443/model_weights.pth
It: 1250, Loss: 1.178e-04, Loss_res: 2.068e-03,  Loss_bcs: 2.353e-06, Loss_ut_ics: 9.481e-03, lr: 1.000e-03, Time: 1.39e+03
Model state saved to ./results/models/checkpoints/schrodinger/qho/2025-09-19_21-56-28-345443/model.pth
Model state saved to ./results/models/checkpoints/schrodinger/qho/2025-09-19_21-56-28-345443/model_weights.pth
It: 1251, Loss: 5.793e-05, Loss_res: 3.761e-03,  Loss_bcs: 1.605e-06, Loss_ut_ics: 1.872e-03, lr: 1.000e-03, Time: 1.39e+03
Model state saved to ./results/models/checkpoints/schrodinger/qho/2025-09-19_21-56-28-345443/model.pth
Model state saved to ./results/models/checkpoints/schrodinger/qho/2025-09-19_21-56-28-345443/model_weights.pth
It: 1252, Loss: 2.046e-04, Loss_res: 4.529e-03,  Loss_bcs: 2.120e-06, Loss_ut_ics: 1.572e-02, lr: 1.000e-03, Time: 1.39e+03
Model state saved to ./results/models/checkpoints/schrodinger/qho/2025-09-19_21-56-28-345443/model.pth
Model state saved to ./results/models/checkpoints/schrodinger/qho/2025-09-19_21-56-28-345443/model_weights.pth
It: 1253, Loss: 8.448e-05, Loss_res: 8.112e-03,  Loss_bcs: 1.567e-06, Loss_ut_ics: 1.793e-04, lr: 1.000e-03, Time: 1.39e+03
Model state saved to ./results/models/checkpoints/schrodinger/qho/2025-09-19_21-56-28-345443/model.pth
Model state saved to ./results/models/checkpoints/schrodinger/qho/2025-09-19_21-56-28-345443/model_weights.pth
It: 1254, Loss: 7.986e-05, Loss_res: 7.307e-03,  Loss_bcs: 1.369e-06, Loss_ut_ics: 5.422e-04, lr: 1.000e-03, Time: 1.39e+03
Model state saved to ./results/models/checkpoints/schrodinger/qho/2025-09-19_21-56-28-345443/model.pth
Model state saved to ./results/models/checkpoints/schrodinger/qho/2025-09-19_21-56-28-345443/model_weights.pth
It: 1255, Loss: 1.930e-04, Loss_res: 8.766e-03,  Loss_bcs: 1.426e-06, Loss_ut_ics: 1.039e-02, lr: 1.000e-03, Time: 1.39e+03
Model state saved to ./results/models/checkpoints/schrodinger/qho/2025-09-19_21-56-28-345443/model.pth
Model state saved to ./results/models/checkpoints/schrodinger/qho/2025-09-19_21-56-28-345443/model_weights.pth
It: 1256, Loss: 8.962e-05, Loss_res: 8.794e-03,  Loss_bcs: 1.249e-06, Loss_ut_ics: 4.343e-05, lr: 1.000e-03, Time: 1.39e+03
Model state saved to ./results/models/checkpoints/schrodinger/qho/2025-09-19_21-56-28-345443/model.pth
Model state saved to ./results/models/checkpoints/schrodinger/qho/2025-09-19_21-56-28-345443/model_weights.pth
It: 1257, Loss: 1.997e-04, Loss_res: 2.781e-03,  Loss_bcs: 1.057e-06, Loss_ut_ics: 1.709e-02, lr: 1.000e-03, Time: 1.39e+03
Model state saved to ./results/models/checkpoints/schrodinger/qho/2025-09-19_21-56-28-345443/model.pth
Model state saved to ./results/models/checkpoints/schrodinger/qho/2025-09-19_21-56-28-345443/model_weights.pth
It: 1258, Loss: 8.858e-05, Loss_res: 6.788e-03,  Loss_bcs: 1.745e-06, Loss_ut_ics: 1.896e-03, lr: 1.000e-03, Time: 1.39e+03
Model state saved to ./results/models/checkpoints/schrodinger/qho/2025-09-19_21-56-28-345443/model.pth
Model state saved to ./results/models/checkpoints/schrodinger/qho/2025-09-19_21-56-28-345443/model_weights.pth
It: 1259, Loss: 1.378e-04, Loss_res: 5.232e-03,  Loss_bcs: 2.331e-06, Loss_ut_ics: 8.315e-03, lr: 1.000e-03, Time: 1.40e+03
Model state saved to ./results/models/checkpoints/schrodinger/qho/2025-09-19_21-56-28-345443/model.pth
Model state saved to ./results/models/checkpoints/schrodinger/qho/2025-09-19_21-56-28-345443/model_weights.pth
It: 1260, Loss: 2.743e-05, Loss_res: 2.032e-03,  Loss_bcs: 1.703e-06, Loss_ut_ics: 5.411e-04, lr: 1.000e-03, Time: 1.40e+03
Model state saved to ./results/models/checkpoints/schrodinger/qho/2025-09-19_21-56-28-345443/model.pth
Model state saved to ./results/models/checkpoints/schrodinger/qho/2025-09-19_21-56-28-345443/model_weights.pth
It: 1261, Loss: 1.827e-04, Loss_res: 1.043e-02,  Loss_bcs: 1.448e-06, Loss_ut_ics: 7.695e-03, lr: 1.000e-03, Time: 1.40e+03
Model state saved to ./results/models/checkpoints/schrodinger/qho/2025-09-19_21-56-28-345443/model.pth
Model state saved to ./results/models/checkpoints/schrodinger/qho/2025-09-19_21-56-28-345443/model_weights.pth
It: 1262, Loss: 3.695e-05, Loss_res: 3.436e-03,  Loss_bcs: 1.730e-06, Loss_ut_ics: 8.649e-05, lr: 1.000e-03, Time: 1.40e+03
Model state saved to ./results/models/checkpoints/schrodinger/qho/2025-09-19_21-56-28-345443/model.pth
Model state saved to ./results/models/checkpoints/schrodinger/qho/2025-09-19_21-56-28-345443/model_weights.pth
It: 1263, Loss: 1.372e-04, Loss_res: 7.086e-03,  Loss_bcs: 2.008e-06, Loss_ut_ics: 6.431e-03, lr: 1.000e-03, Time: 1.40e+03
Model state saved to ./results/models/checkpoints/schrodinger/qho/2025-09-19_21-56-28-345443/model.pth
Model state saved to ./results/models/checkpoints/schrodinger/qho/2025-09-19_21-56-28-345443/model_weights.pth
It: 1264, Loss: 1.186e-04, Loss_res: 3.392e-03,  Loss_bcs: 3.169e-06, Loss_ut_ics: 8.148e-03, lr: 1.000e-03, Time: 1.40e+03
Model state saved to ./results/models/checkpoints/schrodinger/qho/2025-09-19_21-56-28-345443/model.pth
Model state saved to ./results/models/checkpoints/schrodinger/qho/2025-09-19_21-56-28-345443/model_weights.pth
It: 1265, Loss: 1.112e-04, Loss_res: 5.278e-03,  Loss_bcs: 2.722e-06, Loss_ut_ics: 5.567e-03, lr: 1.000e-03, Time: 1.40e+03
Model state saved to ./results/models/checkpoints/schrodinger/qho/2025-09-19_21-56-28-345443/model.pth
Model state saved to ./results/models/checkpoints/schrodinger/qho/2025-09-19_21-56-28-345443/model_weights.pth
It: 1266, Loss: 1.573e-04, Loss_res: 7.475e-03,  Loss_bcs: 1.792e-06, Loss_ut_ics: 8.072e-03, lr: 1.000e-03, Time: 1.41e+03
Model state saved to ./results/models/checkpoints/schrodinger/qho/2025-09-19_21-56-28-345443/model.pth
Model state saved to ./results/models/checkpoints/schrodinger/qho/2025-09-19_21-56-28-345443/model_weights.pth
It: 1267, Loss: 5.579e-05, Loss_res: 1.070e-03,  Loss_bcs: 1.932e-06, Loss_ut_ics: 4.315e-03, lr: 1.000e-03, Time: 1.41e+03
Model state saved to ./results/models/checkpoints/schrodinger/qho/2025-09-19_21-56-28-345443/model.pth
Model state saved to ./results/models/checkpoints/schrodinger/qho/2025-09-19_21-56-28-345443/model_weights.pth
It: 1268, Loss: 2.026e-04, Loss_res: 1.070e-02,  Loss_bcs: 1.980e-06, Loss_ut_ics: 9.363e-03, lr: 1.000e-03, Time: 1.41e+03
Model state saved to ./results/models/checkpoints/schrodinger/qho/2025-09-19_21-56-28-345443/model.pth
Model state saved to ./results/models/checkpoints/schrodinger/qho/2025-09-19_21-56-28-345443/model_weights.pth
It: 1269, Loss: 1.693e-04, Loss_res: 8.777e-03,  Loss_bcs: 8.054e-07, Loss_ut_ics: 8.071e-03, lr: 1.000e-03, Time: 1.41e+03
Model state saved to ./results/models/checkpoints/schrodinger/qho/2025-09-19_21-56-28-345443/model.pth
Model state saved to ./results/models/checkpoints/schrodinger/qho/2025-09-19_21-56-28-345443/model_weights.pth
It: 1270, Loss: 1.648e-04, Loss_res: 4.887e-03,  Loss_bcs: 6.047e-07, Loss_ut_ics: 1.153e-02, lr: 1.000e-03, Time: 1.41e+03
Model state saved to ./results/models/checkpoints/schrodinger/qho/2025-09-19_21-56-28-345443/model.pth
Model state saved to ./results/models/checkpoints/schrodinger/qho/2025-09-19_21-56-28-345443/model_weights.pth
It: 1271, Loss: 1.316e-04, Loss_res: 2.700e-03,  Loss_bcs: 6.243e-07, Loss_ut_ics: 1.040e-02, lr: 1.000e-03, Time: 1.41e+03
Model state saved to ./results/models/checkpoints/schrodinger/qho/2025-09-19_21-56-28-345443/model.pth
Model state saved to ./results/models/checkpoints/schrodinger/qho/2025-09-19_21-56-28-345443/model_weights.pth
It: 1272, Loss: 7.999e-05, Loss_res: 6.253e-03,  Loss_bcs: 2.282e-06, Loss_ut_ics: 1.518e-03, lr: 1.000e-03, Time: 1.41e+03
Model state saved to ./results/models/checkpoints/schrodinger/qho/2025-09-19_21-56-28-345443/model.pth
Model state saved to ./results/models/checkpoints/schrodinger/qho/2025-09-19_21-56-28-345443/model_weights.pth
It: 1273, Loss: 1.571e-04, Loss_res: 9.152e-03,  Loss_bcs: 6.196e-06, Loss_ut_ics: 5.940e-03, lr: 1.000e-03, Time: 1.41e+03
Model state saved to ./results/models/checkpoints/schrodinger/qho/2025-09-19_21-56-28-345443/model.pth
Model state saved to ./results/models/checkpoints/schrodinger/qho/2025-09-19_21-56-28-345443/model_weights.pth
It: 1274, Loss: 6.701e-05, Loss_res: 6.308e-03,  Loss_bcs: 3.275e-06, Loss_ut_ics: 6.509e-05, lr: 1.000e-03, Time: 1.41e+03
Model state saved to ./results/models/checkpoints/schrodinger/qho/2025-09-19_21-56-28-345443/model.pth
Model state saved to ./results/models/checkpoints/schrodinger/qho/2025-09-19_21-56-28-345443/model_weights.pth
It: 1275, Loss: 1.267e-04, Loss_res: 9.194e-03,  Loss_bcs: 6.232e-07, Loss_ut_ics: 3.412e-03, lr: 1.000e-03, Time: 1.42e+03
Model state saved to ./results/models/checkpoints/schrodinger/qho/2025-09-19_21-56-28-345443/model.pth
Model state saved to ./results/models/checkpoints/schrodinger/qho/2025-09-19_21-56-28-345443/model_weights.pth
It: 1276, Loss: 1.138e-04, Loss_res: 1.116e-02,  Loss_bcs: 1.156e-06, Loss_ut_ics: 1.045e-04, lr: 1.000e-03, Time: 1.42e+03
Model state saved to ./results/models/checkpoints/schrodinger/qho/2025-09-19_21-56-28-345443/model.pth
Model state saved to ./results/models/checkpoints/schrodinger/qho/2025-09-19_21-56-28-345443/model_weights.pth
It: 1277, Loss: 2.264e-04, Loss_res: 5.643e-03,  Loss_bcs: 2.667e-06, Loss_ut_ics: 1.673e-02, lr: 1.000e-03, Time: 1.42e+03
Model state saved to ./results/models/checkpoints/schrodinger/qho/2025-09-19_21-56-28-345443/model.pth
Model state saved to ./results/models/checkpoints/schrodinger/qho/2025-09-19_21-56-28-345443/model_weights.pth
It: 1278, Loss: 8.308e-05, Loss_res: 3.196e-03,  Loss_bcs: 1.111e-06, Loss_ut_ics: 5.001e-03, lr: 1.000e-03, Time: 1.42e+03
Model state saved to ./results/models/checkpoints/schrodinger/qho/2025-09-19_21-56-28-345443/model.pth
Model state saved to ./results/models/checkpoints/schrodinger/qho/2025-09-19_21-56-28-345443/model_weights.pth
It: 1279, Loss: 1.038e-04, Loss_res: 4.955e-03,  Loss_bcs: 3.541e-06, Loss_ut_ics: 5.076e-03, lr: 1.000e-03, Time: 1.42e+03
Model state saved to ./results/models/checkpoints/schrodinger/qho/2025-09-19_21-56-28-345443/model.pth
Model state saved to ./results/models/checkpoints/schrodinger/qho/2025-09-19_21-56-28-345443/model_weights.pth
It: 1280, Loss: 1.659e-04, Loss_res: 8.527e-03,  Loss_bcs: 8.518e-06, Loss_ut_ics: 7.207e-03, lr: 1.000e-03, Time: 1.42e+03
Model state saved to ./results/models/checkpoints/schrodinger/qho/2025-09-19_21-56-28-345443/model.pth
Model state saved to ./results/models/checkpoints/schrodinger/qho/2025-09-19_21-56-28-345443/model_weights.pth
It: 1281, Loss: 6.529e-05, Loss_res: 4.833e-03,  Loss_bcs: 4.723e-06, Loss_ut_ics: 1.224e-03, lr: 1.000e-03, Time: 1.42e+03
Model state saved to ./results/models/checkpoints/schrodinger/qho/2025-09-19_21-56-28-345443/model.pth
Model state saved to ./results/models/checkpoints/schrodinger/qho/2025-09-19_21-56-28-345443/model_weights.pth
It: 1282, Loss: 1.352e-04, Loss_res: 7.484e-03,  Loss_bcs: 9.567e-07, Loss_ut_ics: 5.938e-03, lr: 1.000e-03, Time: 1.42e+03
Model state saved to ./results/models/checkpoints/schrodinger/qho/2025-09-19_21-56-28-345443/model.pth
Model state saved to ./results/models/checkpoints/schrodinger/qho/2025-09-19_21-56-28-345443/model_weights.pth
It: 1283, Loss: 2.414e-04, Loss_res: 1.607e-02,  Loss_bcs: 2.248e-06, Loss_ut_ics: 7.848e-03, lr: 1.000e-03, Time: 1.43e+03
Model state saved to ./results/models/checkpoints/schrodinger/qho/2025-09-19_21-56-28-345443/model.pth
Model state saved to ./results/models/checkpoints/schrodinger/qho/2025-09-19_21-56-28-345443/model_weights.pth
It: 1284, Loss: 1.888e-04, Loss_res: 1.152e-02,  Loss_bcs: 4.407e-06, Loss_ut_ics: 6.913e-03, lr: 1.000e-03, Time: 1.43e+03
Model state saved to ./results/models/checkpoints/schrodinger/qho/2025-09-19_21-56-28-345443/model.pth
Model state saved to ./results/models/checkpoints/schrodinger/qho/2025-09-19_21-56-28-345443/model_weights.pth
It: 1285, Loss: 1.442e-04, Loss_res: 3.346e-03,  Loss_bcs: 1.562e-06, Loss_ut_ics: 1.092e-02, lr: 1.000e-03, Time: 1.43e+03
Model state saved to ./results/models/checkpoints/schrodinger/qho/2025-09-19_21-56-28-345443/model.pth
Model state saved to ./results/models/checkpoints/schrodinger/qho/2025-09-19_21-56-28-345443/model_weights.pth
It: 1286, Loss: 2.531e-04, Loss_res: 1.239e-02,  Loss_bcs: 1.070e-06, Loss_ut_ics: 1.281e-02, lr: 1.000e-03, Time: 1.43e+03
Model state saved to ./results/models/checkpoints/schrodinger/qho/2025-09-19_21-56-28-345443/model.pth
Model state saved to ./results/models/checkpoints/schrodinger/qho/2025-09-19_21-56-28-345443/model_weights.pth
It: 1287, Loss: 1.132e-04, Loss_res: 3.305e-03,  Loss_bcs: 4.928e-06, Loss_ut_ics: 7.527e-03, lr: 1.000e-03, Time: 1.43e+03
Model state saved to ./results/models/checkpoints/schrodinger/qho/2025-09-19_21-56-28-345443/model.pth
Model state saved to ./results/models/checkpoints/schrodinger/qho/2025-09-19_21-56-28-345443/model_weights.pth
It: 1288, Loss: 6.283e-05, Loss_res: 5.019e-03,  Loss_bcs: 3.486e-06, Loss_ut_ics: 9.153e-04, lr: 1.000e-03, Time: 1.43e+03
Model state saved to ./results/models/checkpoints/schrodinger/qho/2025-09-19_21-56-28-345443/model.pth
Model state saved to ./results/models/checkpoints/schrodinger/qho/2025-09-19_21-56-28-345443/model_weights.pth
It: 1289, Loss: 1.003e-04, Loss_res: 4.223e-03,  Loss_bcs: 8.565e-07, Loss_ut_ics: 5.720e-03, lr: 1.000e-03, Time: 1.43e+03
Model state saved to ./results/models/checkpoints/schrodinger/qho/2025-09-19_21-56-28-345443/model.pth
Model state saved to ./results/models/checkpoints/schrodinger/qho/2025-09-19_21-56-28-345443/model_weights.pth
It: 1290, Loss: 2.595e-05, Loss_res: 2.386e-03,  Loss_bcs: 1.505e-06, Loss_ut_ics: 5.799e-05, lr: 1.000e-03, Time: 1.43e+03
Model state saved to ./results/models/checkpoints/schrodinger/qho/2025-09-19_21-56-28-345443/model.pth
Model state saved to ./results/models/checkpoints/schrodinger/qho/2025-09-19_21-56-28-345443/model_weights.pth
It: 1291, Loss: 1.258e-04, Loss_res: 8.492e-03,  Loss_bcs: 3.352e-06, Loss_ut_ics: 3.752e-03, lr: 1.000e-03, Time: 1.43e+03
Model state saved to ./results/models/checkpoints/schrodinger/qho/2025-09-19_21-56-28-345443/model.pth
Model state saved to ./results/models/checkpoints/schrodinger/qho/2025-09-19_21-56-28-345443/model_weights.pth
It: 1292, Loss: 7.166e-05, Loss_res: 6.772e-03,  Loss_bcs: 2.052e-06, Loss_ut_ics: 1.890e-04, lr: 1.000e-03, Time: 1.44e+03
Model state saved to ./results/models/checkpoints/schrodinger/qho/2025-09-19_21-56-28-345443/model.pth
Model state saved to ./results/models/checkpoints/schrodinger/qho/2025-09-19_21-56-28-345443/model_weights.pth
It: 1293, Loss: 2.350e-05, Loss_res: 1.932e-03,  Loss_bcs: 3.762e-06, Loss_ut_ics: 4.186e-05, lr: 1.000e-03, Time: 1.44e+03
Model state saved to ./results/models/checkpoints/schrodinger/qho/2025-09-19_21-56-28-345443/model.pth
Model state saved to ./results/models/checkpoints/schrodinger/qho/2025-09-19_21-56-28-345443/model_weights.pth
It: 1294, Loss: 1.068e-04, Loss_res: 6.356e-03,  Loss_bcs: 7.037e-06, Loss_ut_ics: 3.623e-03, lr: 1.000e-03, Time: 1.44e+03
Model state saved to ./results/models/checkpoints/schrodinger/qho/2025-09-19_21-56-28-345443/model.pth
Model state saved to ./results/models/checkpoints/schrodinger/qho/2025-09-19_21-56-28-345443/model_weights.pth
It: 1295, Loss: 2.076e-04, Loss_res: 9.401e-03,  Loss_bcs: 4.448e-06, Loss_ut_ics: 1.091e-02, lr: 1.000e-03, Time: 1.44e+03
Model state saved to ./results/models/checkpoints/schrodinger/qho/2025-09-19_21-56-28-345443/model.pth
Model state saved to ./results/models/checkpoints/schrodinger/qho/2025-09-19_21-56-28-345443/model_weights.pth
It: 1296, Loss: 9.277e-05, Loss_res: 4.878e-03,  Loss_bcs: 2.761e-06, Loss_ut_ics: 4.122e-03, lr: 1.000e-03, Time: 1.44e+03
Model state saved to ./results/models/checkpoints/schrodinger/qho/2025-09-19_21-56-28-345443/model.pth
Model state saved to ./results/models/checkpoints/schrodinger/qho/2025-09-19_21-56-28-345443/model_weights.pth
It: 1297, Loss: 5.449e-05, Loss_res: 4.659e-03,  Loss_bcs: 3.414e-06, Loss_ut_ics: 4.488e-04, lr: 1.000e-03, Time: 1.44e+03
Model state saved to ./results/models/checkpoints/schrodinger/qho/2025-09-19_21-56-28-345443/model.pth
Model state saved to ./results/models/checkpoints/schrodinger/qho/2025-09-19_21-56-28-345443/model_weights.pth
It: 1298, Loss: 5.590e-05, Loss_res: 3.375e-03,  Loss_bcs: 3.195e-06, Loss_ut_ics: 1.895e-03, lr: 1.000e-03, Time: 1.44e+03
Model state saved to ./results/models/checkpoints/schrodinger/qho/2025-09-19_21-56-28-345443/model.pth
Model state saved to ./results/models/checkpoints/schrodinger/qho/2025-09-19_21-56-28-345443/model_weights.pth
It: 1299, Loss: 1.167e-04, Loss_res: 3.042e-03,  Loss_bcs: 2.011e-06, Loss_ut_ics: 8.425e-03, lr: 1.000e-03, Time: 1.44e+03
Model state saved to ./results/models/checkpoints/schrodinger/qho/2025-09-19_21-56-28-345443/model.pth
Model state saved to ./results/models/checkpoints/schrodinger/qho/2025-09-19_21-56-28-345443/model_weights.pth
It: 1300, Loss: 1.279e-04, Loss_res: 1.009e-02,  Loss_bcs: 2.513e-06, Loss_ut_ics: 2.446e-03, lr: 1.000e-03, Time: 1.44e+03
Model state saved to ./results/models/checkpoints/schrodinger/qho/2025-09-19_21-56-28-345443/model.pth
Model state saved to ./results/models/checkpoints/schrodinger/qho/2025-09-19_21-56-28-345443/model_weights.pth
It: 1301, Loss: 4.130e-05, Loss_res: 2.986e-03,  Loss_bcs: 2.483e-06, Loss_ut_ics: 8.951e-04, lr: 1.000e-03, Time: 1.45e+03
Model state saved to ./results/models/checkpoints/schrodinger/qho/2025-09-19_21-56-28-345443/model.pth
Model state saved to ./results/models/checkpoints/schrodinger/qho/2025-09-19_21-56-28-345443/model_weights.pth
It: 1302, Loss: 1.333e-04, Loss_res: 2.684e-03,  Loss_bcs: 2.231e-06, Loss_ut_ics: 1.042e-02, lr: 1.000e-03, Time: 1.45e+03
Model state saved to ./results/models/checkpoints/schrodinger/qho/2025-09-19_21-56-28-345443/model.pth
Model state saved to ./results/models/checkpoints/schrodinger/qho/2025-09-19_21-56-28-345443/model_weights.pth
It: 1303, Loss: 9.050e-05, Loss_res: 4.396e-03,  Loss_bcs: 1.712e-06, Loss_ut_ics: 4.483e-03, lr: 1.000e-03, Time: 1.45e+03
Model state saved to ./results/models/checkpoints/schrodinger/qho/2025-09-19_21-56-28-345443/model.pth
Model state saved to ./results/models/checkpoints/schrodinger/qho/2025-09-19_21-56-28-345443/model_weights.pth
It: 1304, Loss: 6.485e-05, Loss_res: 6.312e-03,  Loss_bcs: 1.019e-06, Loss_ut_ics: 7.034e-05, lr: 1.000e-03, Time: 1.45e+03
Model state saved to ./results/models/checkpoints/schrodinger/qho/2025-09-19_21-56-28-345443/model.pth
Model state saved to ./results/models/checkpoints/schrodinger/qho/2025-09-19_21-56-28-345443/model_weights.pth
It: 1305, Loss: 5.953e-05, Loss_res: 3.463e-03,  Loss_bcs: 6.960e-07, Loss_ut_ics: 2.420e-03, lr: 1.000e-03, Time: 1.45e+03
Model state saved to ./results/models/checkpoints/schrodinger/qho/2025-09-19_21-56-28-345443/model.pth
Model state saved to ./results/models/checkpoints/schrodinger/qho/2025-09-19_21-56-28-345443/model_weights.pth
It: 1306, Loss: 1.487e-04, Loss_res: 8.450e-03,  Loss_bcs: 6.669e-07, Loss_ut_ics: 6.353e-03, lr: 1.000e-03, Time: 1.45e+03
Model state saved to ./results/models/checkpoints/schrodinger/qho/2025-09-19_21-56-28-345443/model.pth
Model state saved to ./results/models/checkpoints/schrodinger/qho/2025-09-19_21-56-28-345443/model_weights.pth
It: 1307, Loss: 1.765e-04, Loss_res: 8.858e-03,  Loss_bcs: 1.822e-06, Loss_ut_ics: 8.614e-03, lr: 1.000e-03, Time: 1.45e+03
Model state saved to ./results/models/checkpoints/schrodinger/qho/2025-09-19_21-56-28-345443/model.pth
Model state saved to ./results/models/checkpoints/schrodinger/qho/2025-09-19_21-56-28-345443/model_weights.pth
It: 1308, Loss: 1.820e-04, Loss_res: 1.158e-02,  Loss_bcs: 1.858e-06, Loss_ut_ics: 6.439e-03, lr: 1.000e-03, Time: 1.45e+03
Model state saved to ./results/models/checkpoints/schrodinger/qho/2025-09-19_21-56-28-345443/model.pth
Model state saved to ./results/models/checkpoints/schrodinger/qho/2025-09-19_21-56-28-345443/model_weights.pth
It: 1309, Loss: 1.537e-04, Loss_res: 8.474e-03,  Loss_bcs: 2.137e-06, Loss_ut_ics: 6.687e-03, lr: 1.000e-03, Time: 1.46e+03
Model state saved to ./results/models/checkpoints/schrodinger/qho/2025-09-19_21-56-28-345443/model.pth
Model state saved to ./results/models/checkpoints/schrodinger/qho/2025-09-19_21-56-28-345443/model_weights.pth
It: 1310, Loss: 1.703e-04, Loss_res: 9.730e-03,  Loss_bcs: 2.281e-06, Loss_ut_ics: 7.076e-03, lr: 1.000e-03, Time: 1.46e+03
Model state saved to ./results/models/checkpoints/schrodinger/qho/2025-09-19_21-56-28-345443/model.pth
Model state saved to ./results/models/checkpoints/schrodinger/qho/2025-09-19_21-56-28-345443/model_weights.pth
It: 1311, Loss: 8.437e-05, Loss_res: 7.972e-03,  Loss_bcs: 2.724e-06, Loss_ut_ics: 1.933e-04, lr: 1.000e-03, Time: 1.46e+03
Model state saved to ./results/models/checkpoints/schrodinger/qho/2025-09-19_21-56-28-345443/model.pth
Model state saved to ./results/models/checkpoints/schrodinger/qho/2025-09-19_21-56-28-345443/model_weights.pth
It: 1312, Loss: 1.004e-04, Loss_res: 4.497e-03,  Loss_bcs: 1.681e-06, Loss_ut_ics: 5.378e-03, lr: 1.000e-03, Time: 1.46e+03
Model state saved to ./results/models/checkpoints/schrodinger/qho/2025-09-19_21-56-28-345443/model.pth
Model state saved to ./results/models/checkpoints/schrodinger/qho/2025-09-19_21-56-28-345443/model_weights.pth
It: 1313, Loss: 1.468e-04, Loss_res: 8.372e-03,  Loss_bcs: 2.103e-06, Loss_ut_ics: 6.102e-03, lr: 1.000e-03, Time: 1.46e+03
Model state saved to ./results/models/checkpoints/schrodinger/qho/2025-09-19_21-56-28-345443/model.pth
Model state saved to ./results/models/checkpoints/schrodinger/qho/2025-09-19_21-56-28-345443/model_weights.pth
It: 1314, Loss: 5.904e-05, Loss_res: 4.724e-03,  Loss_bcs: 3.357e-06, Loss_ut_ics: 8.438e-04, lr: 1.000e-03, Time: 1.46e+03
Model state saved to ./results/models/checkpoints/schrodinger/qho/2025-09-19_21-56-28-345443/model.pth
Model state saved to ./results/models/checkpoints/schrodinger/qho/2025-09-19_21-56-28-345443/model_weights.pth
It: 1315, Loss: 1.010e-04, Loss_res: 3.424e-03,  Loss_bcs: 2.704e-06, Loss_ut_ics: 6.406e-03, lr: 1.000e-03, Time: 1.46e+03
Model state saved to ./results/models/checkpoints/schrodinger/qho/2025-09-19_21-56-28-345443/model.pth
Model state saved to ./results/models/checkpoints/schrodinger/qho/2025-09-19_21-56-28-345443/model_weights.pth
It: 1316, Loss: 1.487e-04, Loss_res: 5.433e-03,  Loss_bcs: 1.482e-06, Loss_ut_ics: 9.288e-03, lr: 1.000e-03, Time: 1.46e+03
Model state saved to ./results/models/checkpoints/schrodinger/qho/2025-09-19_21-56-28-345443/model.pth
Model state saved to ./results/models/checkpoints/schrodinger/qho/2025-09-19_21-56-28-345443/model_weights.pth
It: 1317, Loss: 9.907e-05, Loss_res: 6.604e-03,  Loss_bcs: 1.555e-06, Loss_ut_ics: 3.148e-03, lr: 1.000e-03, Time: 1.46e+03
Model state saved to ./results/models/checkpoints/schrodinger/qho/2025-09-19_21-56-28-345443/model.pth
Model state saved to ./results/models/checkpoints/schrodinger/qho/2025-09-19_21-56-28-345443/model_weights.pth
It: 1318, Loss: 1.004e-04, Loss_res: 5.449e-03,  Loss_bcs: 1.532e-06, Loss_ut_ics: 4.437e-03, lr: 1.000e-03, Time: 1.47e+03
Model state saved to ./results/models/checkpoints/schrodinger/qho/2025-09-19_21-56-28-345443/model.pth
Model state saved to ./results/models/checkpoints/schrodinger/qho/2025-09-19_21-56-28-345443/model_weights.pth
It: 1319, Loss: 9.608e-05, Loss_res: 5.474e-03,  Loss_bcs: 1.928e-06, Loss_ut_ics: 3.941e-03, lr: 1.000e-03, Time: 1.47e+03
Model state saved to ./results/models/checkpoints/schrodinger/qho/2025-09-19_21-56-28-345443/model.pth
Model state saved to ./results/models/checkpoints/schrodinger/qho/2025-09-19_21-56-28-345443/model_weights.pth
It: 1320, Loss: 4.602e-05, Loss_res: 2.251e-03,  Loss_bcs: 2.289e-06, Loss_ut_ics: 2.122e-03, lr: 1.000e-03, Time: 1.47e+03
Model state saved to ./results/models/checkpoints/schrodinger/qho/2025-09-19_21-56-28-345443/model.pth
Model state saved to ./results/models/checkpoints/schrodinger/qho/2025-09-19_21-56-28-345443/model_weights.pth
It: 1321, Loss: 2.216e-04, Loss_res: 6.630e-03,  Loss_bcs: 1.525e-06, Loss_ut_ics: 1.538e-02, lr: 1.000e-03, Time: 1.47e+03
Model state saved to ./results/models/checkpoints/schrodinger/qho/2025-09-19_21-56-28-345443/model.pth
Model state saved to ./results/models/checkpoints/schrodinger/qho/2025-09-19_21-56-28-345443/model_weights.pth
It: 1322, Loss: 1.204e-04, Loss_res: 6.714e-03,  Loss_bcs: 1.541e-06, Loss_ut_ics: 5.169e-03, lr: 1.000e-03, Time: 1.47e+03
Model state saved to ./results/models/checkpoints/schrodinger/qho/2025-09-19_21-56-28-345443/model.pth
Model state saved to ./results/models/checkpoints/schrodinger/qho/2025-09-19_21-56-28-345443/model_weights.pth
It: 1323, Loss: 1.418e-04, Loss_res: 8.499e-03,  Loss_bcs: 2.833e-06, Loss_ut_ics: 5.399e-03, lr: 1.000e-03, Time: 1.47e+03
Model state saved to ./results/models/checkpoints/schrodinger/qho/2025-09-19_21-56-28-345443/model.pth
Model state saved to ./results/models/checkpoints/schrodinger/qho/2025-09-19_21-56-28-345443/model_weights.pth
It: 1324, Loss: 9.231e-05, Loss_res: 5.643e-03,  Loss_bcs: 8.232e-07, Loss_ut_ics: 3.506e-03, lr: 1.000e-03, Time: 1.47e+03
Model state saved to ./results/models/checkpoints/schrodinger/qho/2025-09-19_21-56-28-345443/model.pth
Model state saved to ./results/models/checkpoints/schrodinger/qho/2025-09-19_21-56-28-345443/model_weights.pth
It: 1325, Loss: 9.396e-05, Loss_res: 3.270e-03,  Loss_bcs: 6.439e-07, Loss_ut_ics: 6.061e-03, lr: 1.000e-03, Time: 1.47e+03
Model state saved to ./results/models/checkpoints/schrodinger/qho/2025-09-19_21-56-28-345443/model.pth
Model state saved to ./results/models/checkpoints/schrodinger/qho/2025-09-19_21-56-28-345443/model_weights.pth
It: 1326, Loss: 1.221e-04, Loss_res: 2.580e-03,  Loss_bcs: 4.980e-07, Loss_ut_ics: 9.580e-03, lr: 1.000e-03, Time: 1.47e+03
Model state saved to ./results/models/checkpoints/schrodinger/qho/2025-09-19_21-56-28-345443/model.pth
Model state saved to ./results/models/checkpoints/schrodinger/qho/2025-09-19_21-56-28-345443/model_weights.pth
It: 1327, Loss: 1.430e-04, Loss_res: 6.202e-03,  Loss_bcs: 1.066e-06, Loss_ut_ics: 7.992e-03, lr: 1.000e-03, Time: 1.48e+03
Model state saved to ./results/models/checkpoints/schrodinger/qho/2025-09-19_21-56-28-345443/model.pth
Model state saved to ./results/models/checkpoints/schrodinger/qho/2025-09-19_21-56-28-345443/model_weights.pth
It: 1328, Loss: 1.000e-04, Loss_res: 4.268e-03,  Loss_bcs: 1.056e-06, Loss_ut_ics: 5.626e-03, lr: 1.000e-03, Time: 1.48e+03
Model state saved to ./results/models/checkpoints/schrodinger/qho/2025-09-19_21-56-28-345443/model.pth
Model state saved to ./results/models/checkpoints/schrodinger/qho/2025-09-19_21-56-28-345443/model_weights.pth
It: 1329, Loss: 1.095e-04, Loss_res: 7.153e-03,  Loss_bcs: 9.351e-07, Loss_ut_ics: 3.704e-03, lr: 1.000e-03, Time: 1.48e+03
Model state saved to ./results/models/checkpoints/schrodinger/qho/2025-09-19_21-56-28-345443/model.pth
Model state saved to ./results/models/checkpoints/schrodinger/qho/2025-09-19_21-56-28-345443/model_weights.pth
It: 1330, Loss: 1.515e-05, Loss_res: 1.209e-03,  Loss_bcs: 4.810e-07, Loss_ut_ics: 2.573e-04, lr: 1.000e-03, Time: 1.48e+03
Model state saved to ./results/models/checkpoints/schrodinger/qho/2025-09-19_21-56-28-345443/model.pth
Model state saved to ./results/models/checkpoints/schrodinger/qho/2025-09-19_21-56-28-345443/model_weights.pth
It: 1331, Loss: 7.949e-05, Loss_res: 4.957e-03,  Loss_bcs: 4.943e-07, Loss_ut_ics: 2.943e-03, lr: 1.000e-03, Time: 1.48e+03
Model state saved to ./results/models/checkpoints/schrodinger/qho/2025-09-19_21-56-28-345443/model.pth
Model state saved to ./results/models/checkpoints/schrodinger/qho/2025-09-19_21-56-28-345443/model_weights.pth
It: 1332, Loss: 2.110e-04, Loss_res: 1.104e-02,  Loss_bcs: 8.446e-07, Loss_ut_ics: 9.981e-03, lr: 1.000e-03, Time: 1.48e+03
Model state saved to ./results/models/checkpoints/schrodinger/qho/2025-09-19_21-56-28-345443/model.pth
Model state saved to ./results/models/checkpoints/schrodinger/qho/2025-09-19_21-56-28-345443/model_weights.pth
It: 1333, Loss: 8.206e-05, Loss_res: 5.224e-03,  Loss_bcs: 3.374e-06, Loss_ut_ics: 2.645e-03, lr: 1.000e-03, Time: 1.48e+03
Model state saved to ./results/models/checkpoints/schrodinger/qho/2025-09-19_21-56-28-345443/model.pth
Model state saved to ./results/models/checkpoints/schrodinger/qho/2025-09-19_21-56-28-345443/model_weights.pth
It: 1334, Loss: 1.463e-05, Loss_res: 8.493e-04,  Loss_bcs: 3.426e-06, Loss_ut_ics: 2.709e-04, lr: 1.000e-03, Time: 1.48e+03
Model state saved to ./results/models/checkpoints/schrodinger/qho/2025-09-19_21-56-28-345443/model.pth
Model state saved to ./results/models/checkpoints/schrodinger/qho/2025-09-19_21-56-28-345443/model_weights.pth
It: 1335, Loss: 4.710e-05, Loss_res: 3.208e-03,  Loss_bcs: 1.214e-06, Loss_ut_ics: 1.380e-03, lr: 1.000e-03, Time: 1.49e+03
Model state saved to ./results/models/checkpoints/schrodinger/qho/2025-09-19_21-56-28-345443/model.pth
Model state saved to ./results/models/checkpoints/schrodinger/qho/2025-09-19_21-56-28-345443/model_weights.pth
It: 1336, Loss: 3.625e-05, Loss_res: 3.207e-03,  Loss_bcs: 8.568e-07, Loss_ut_ics: 3.322e-04, lr: 1.000e-03, Time: 1.49e+03
Model state saved to ./results/models/checkpoints/schrodinger/qho/2025-09-19_21-56-28-345443/model.pth
Model state saved to ./results/models/checkpoints/schrodinger/qho/2025-09-19_21-56-28-345443/model_weights.pth
It: 1337, Loss: 9.973e-05, Loss_res: 3.885e-03,  Loss_bcs: 8.512e-07, Loss_ut_ics: 6.003e-03, lr: 1.000e-03, Time: 1.49e+03
Model state saved to ./results/models/checkpoints/schrodinger/qho/2025-09-19_21-56-28-345443/model.pth
Model state saved to ./results/models/checkpoints/schrodinger/qho/2025-09-19_21-56-28-345443/model_weights.pth
It: 1338, Loss: 2.616e-05, Loss_res: 1.669e-03,  Loss_bcs: 2.405e-06, Loss_ut_ics: 7.065e-04, lr: 1.000e-03, Time: 1.49e+03
Model state saved to ./results/models/checkpoints/schrodinger/qho/2025-09-19_21-56-28-345443/model.pth
Model state saved to ./results/models/checkpoints/schrodinger/qho/2025-09-19_21-56-28-345443/model_weights.pth
It: 1339, Loss: 1.365e-05, Loss_res: 7.828e-04,  Loss_bcs: 4.041e-06, Loss_ut_ics: 1.782e-04, lr: 1.000e-03, Time: 1.49e+03
Model state saved to ./results/models/checkpoints/schrodinger/qho/2025-09-19_21-56-28-345443/model.pth
Model state saved to ./results/models/checkpoints/schrodinger/qho/2025-09-19_21-56-28-345443/model_weights.pth
It: 1340, Loss: 1.559e-05, Loss_res: 1.036e-03,  Loss_bcs: 4.411e-06, Loss_ut_ics: 8.243e-05, lr: 1.000e-03, Time: 1.49e+03
Model state saved to ./results/models/checkpoints/schrodinger/qho/2025-09-19_21-56-28-345443/model.pth
Model state saved to ./results/models/checkpoints/schrodinger/qho/2025-09-19_21-56-28-345443/model_weights.pth
It: 1341, Loss: 1.606e-04, Loss_res: 4.011e-03,  Loss_bcs: 2.775e-06, Loss_ut_ics: 1.178e-02, lr: 1.000e-03, Time: 1.49e+03
Model state saved to ./results/models/checkpoints/schrodinger/qho/2025-09-19_21-56-28-345443/model.pth
Model state saved to ./results/models/checkpoints/schrodinger/qho/2025-09-19_21-56-28-345443/model_weights.pth
It: 1342, Loss: 9.448e-05, Loss_res: 6.133e-03,  Loss_bcs: 1.957e-06, Loss_ut_ics: 3.119e-03, lr: 1.000e-03, Time: 1.49e+03
Model state saved to ./results/models/checkpoints/schrodinger/qho/2025-09-19_21-56-28-345443/model.pth
Model state saved to ./results/models/checkpoints/schrodinger/qho/2025-09-19_21-56-28-345443/model_weights.pth
It: 1343, Loss: 2.048e-04, Loss_res: 1.598e-02,  Loss_bcs: 1.256e-06, Loss_ut_ics: 4.376e-03, lr: 1.000e-03, Time: 1.50e+03
Model state saved to ./results/models/checkpoints/schrodinger/qho/2025-09-19_21-56-28-345443/model.pth
Model state saved to ./results/models/checkpoints/schrodinger/qho/2025-09-19_21-56-28-345443/model_weights.pth
It: 1344, Loss: 2.266e-04, Loss_res: 1.098e-02,  Loss_bcs: 1.220e-06, Loss_ut_ics: 1.155e-02, lr: 1.000e-03, Time: 1.50e+03
Model state saved to ./results/models/checkpoints/schrodinger/qho/2025-09-19_21-56-28-345443/model.pth
Model state saved to ./results/models/checkpoints/schrodinger/qho/2025-09-19_21-56-28-345443/model_weights.pth
It: 1345, Loss: 1.517e-04, Loss_res: 1.494e-02,  Loss_bcs: 1.626e-06, Loss_ut_ics: 6.616e-05, lr: 1.000e-03, Time: 1.50e+03
Model state saved to ./results/models/checkpoints/schrodinger/qho/2025-09-19_21-56-28-345443/model.pth
Model state saved to ./results/models/checkpoints/schrodinger/qho/2025-09-19_21-56-28-345443/model_weights.pth
It: 1346, Loss: 9.341e-05, Loss_res: 8.023e-03,  Loss_bcs: 1.748e-06, Loss_ut_ics: 1.144e-03, lr: 1.000e-03, Time: 1.50e+03
Model state saved to ./results/models/checkpoints/schrodinger/qho/2025-09-19_21-56-28-345443/model.pth
Model state saved to ./results/models/checkpoints/schrodinger/qho/2025-09-19_21-56-28-345443/model_weights.pth
It: 1347, Loss: 4.379e-05, Loss_res: 2.672e-03,  Loss_bcs: 8.471e-07, Loss_ut_ics: 1.622e-03, lr: 1.000e-03, Time: 1.50e+03
Model state saved to ./results/models/checkpoints/schrodinger/qho/2025-09-19_21-56-28-345443/model.pth
Model state saved to ./results/models/checkpoints/schrodinger/qho/2025-09-19_21-56-28-345443/model_weights.pth
It: 1348, Loss: 6.816e-05, Loss_res: 3.011e-03,  Loss_bcs: 5.014e-07, Loss_ut_ics: 3.755e-03, lr: 1.000e-03, Time: 1.50e+03
Model state saved to ./results/models/checkpoints/schrodinger/qho/2025-09-19_21-56-28-345443/model.pth
Model state saved to ./results/models/checkpoints/schrodinger/qho/2025-09-19_21-56-28-345443/model_weights.pth
It: 1349, Loss: 7.513e-05, Loss_res: 2.256e-03,  Loss_bcs: 4.263e-07, Loss_ut_ics: 5.214e-03, lr: 1.000e-03, Time: 1.50e+03
Model state saved to ./results/models/checkpoints/schrodinger/qho/2025-09-19_21-56-28-345443/model.pth
Model state saved to ./results/models/checkpoints/schrodinger/qho/2025-09-19_21-56-28-345443/model_weights.pth
It: 1350, Loss: 1.190e-04, Loss_res: 8.790e-03,  Loss_bcs: 7.904e-07, Loss_ut_ics: 3.033e-03, lr: 1.000e-03, Time: 1.50e+03
Model state saved to ./results/models/checkpoints/schrodinger/qho/2025-09-19_21-56-28-345443/model.pth
Model state saved to ./results/models/checkpoints/schrodinger/qho/2025-09-19_21-56-28-345443/model_weights.pth
It: 1351, Loss: 6.020e-05, Loss_res: 4.642e-03,  Loss_bcs: 1.400e-06, Loss_ut_ics: 1.238e-03, lr: 1.000e-03, Time: 1.50e+03
Model state saved to ./results/models/checkpoints/schrodinger/qho/2025-09-19_21-56-28-345443/model.pth
Model state saved to ./results/models/checkpoints/schrodinger/qho/2025-09-19_21-56-28-345443/model_weights.pth
It: 1352, Loss: 8.355e-05, Loss_res: 7.589e-03,  Loss_bcs: 1.241e-06, Loss_ut_ics: 6.422e-04, lr: 1.000e-03, Time: 1.51e+03
Model state saved to ./results/models/checkpoints/schrodinger/qho/2025-09-19_21-56-28-345443/model.pth
Model state saved to ./results/models/checkpoints/schrodinger/qho/2025-09-19_21-56-28-345443/model_weights.pth
It: 1353, Loss: 8.805e-05, Loss_res: 7.300e-03,  Loss_bcs: 1.596e-06, Loss_ut_ics: 1.345e-03, lr: 1.000e-03, Time: 1.51e+03
Model state saved to ./results/models/checkpoints/schrodinger/qho/2025-09-19_21-56-28-345443/model.pth
Model state saved to ./results/models/checkpoints/schrodinger/qho/2025-09-19_21-56-28-345443/model_weights.pth
It: 1354, Loss: 1.204e-04, Loss_res: 6.590e-03,  Loss_bcs: 1.873e-06, Loss_ut_ics: 5.262e-03, lr: 1.000e-03, Time: 1.51e+03
Model state saved to ./results/models/checkpoints/schrodinger/qho/2025-09-19_21-56-28-345443/model.pth
Model state saved to ./results/models/checkpoints/schrodinger/qho/2025-09-19_21-56-28-345443/model_weights.pth
It: 1355, Loss: 8.822e-05, Loss_res: 3.773e-03,  Loss_bcs: 1.131e-06, Loss_ut_ics: 4.935e-03, lr: 1.000e-03, Time: 1.51e+03
Model state saved to ./results/models/checkpoints/schrodinger/qho/2025-09-19_21-56-28-345443/model.pth
Model state saved to ./results/models/checkpoints/schrodinger/qho/2025-09-19_21-56-28-345443/model_weights.pth
It: 1356, Loss: 5.882e-05, Loss_res: 5.199e-03,  Loss_bcs: 1.058e-06, Loss_ut_ics: 5.778e-04, lr: 1.000e-03, Time: 1.51e+03
Model state saved to ./results/models/checkpoints/schrodinger/qho/2025-09-19_21-56-28-345443/model.pth
Model state saved to ./results/models/checkpoints/schrodinger/qho/2025-09-19_21-56-28-345443/model_weights.pth
It: 1357, Loss: 1.960e-05, Loss_res: 1.602e-03,  Loss_bcs: 2.672e-06, Loss_ut_ics: 9.038e-05, lr: 1.000e-03, Time: 1.51e+03
Model state saved to ./results/models/checkpoints/schrodinger/qho/2025-09-19_21-56-28-345443/model.pth
Model state saved to ./results/models/checkpoints/schrodinger/qho/2025-09-19_21-56-28-345443/model_weights.pth
It: 1358, Loss: 4.813e-05, Loss_res: 3.268e-03,  Loss_bcs: 2.085e-06, Loss_ut_ics: 1.337e-03, lr: 1.000e-03, Time: 1.51e+03
Model state saved to ./results/models/checkpoints/schrodinger/qho/2025-09-19_21-56-28-345443/model.pth
Model state saved to ./results/models/checkpoints/schrodinger/qho/2025-09-19_21-56-28-345443/model_weights.pth
It: 1359, Loss: 9.113e-05, Loss_res: 8.332e-03,  Loss_bcs: 2.610e-06, Loss_ut_ics: 5.197e-04, lr: 1.000e-03, Time: 1.51e+03
Model state saved to ./results/models/checkpoints/schrodinger/qho/2025-09-19_21-56-28-345443/model.pth
Model state saved to ./results/models/checkpoints/schrodinger/qho/2025-09-19_21-56-28-345443/model_weights.pth
It: 1360, Loss: 1.539e-04, Loss_res: 1.355e-02,  Loss_bcs: 2.599e-06, Loss_ut_ics: 1.586e-03, lr: 1.000e-03, Time: 1.52e+03
Model state saved to ./results/models/checkpoints/schrodinger/qho/2025-09-19_21-56-28-345443/model.pth
Model state saved to ./results/models/checkpoints/schrodinger/qho/2025-09-19_21-56-28-345443/model_weights.pth
It: 1361, Loss: 1.182e-04, Loss_res: 1.008e-02,  Loss_bcs: 2.644e-06, Loss_ut_ics: 1.480e-03, lr: 1.000e-03, Time: 1.52e+03
Model state saved to ./results/models/checkpoints/schrodinger/qho/2025-09-19_21-56-28-345443/model.pth
Model state saved to ./results/models/checkpoints/schrodinger/qho/2025-09-19_21-56-28-345443/model_weights.pth
It: 1362, Loss: 8.826e-05, Loss_res: 2.441e-03,  Loss_bcs: 1.711e-06, Loss_ut_ics: 6.215e-03, lr: 1.000e-03, Time: 1.52e+03
Model state saved to ./results/models/checkpoints/schrodinger/qho/2025-09-19_21-56-28-345443/model.pth
Model state saved to ./results/models/checkpoints/schrodinger/qho/2025-09-19_21-56-28-345443/model_weights.pth
It: 1363, Loss: 1.734e-04, Loss_res: 1.035e-02,  Loss_bcs: 2.919e-06, Loss_ut_ics: 6.700e-03, lr: 1.000e-03, Time: 1.52e+03
Model state saved to ./results/models/checkpoints/schrodinger/qho/2025-09-19_21-56-28-345443/model.pth
Model state saved to ./results/models/checkpoints/schrodinger/qho/2025-09-19_21-56-28-345443/model_weights.pth
It: 1364, Loss: 6.326e-05, Loss_res: 2.249e-03,  Loss_bcs: 4.895e-06, Loss_ut_ics: 3.588e-03, lr: 1.000e-03, Time: 1.52e+03
Model state saved to ./results/models/checkpoints/schrodinger/qho/2025-09-19_21-56-28-345443/model.pth
Model state saved to ./results/models/checkpoints/schrodinger/qho/2025-09-19_21-56-28-345443/model_weights.pth
It: 1365, Loss: 9.623e-05, Loss_res: 4.658e-03,  Loss_bcs: 3.191e-06, Loss_ut_ics: 4.646e-03, lr: 1.000e-03, Time: 1.52e+03
Model state saved to ./results/models/checkpoints/schrodinger/qho/2025-09-19_21-56-28-345443/model.pth
Model state saved to ./results/models/checkpoints/schrodinger/qho/2025-09-19_21-56-28-345443/model_weights.pth
It: 1366, Loss: 8.313e-05, Loss_res: 7.282e-03,  Loss_bcs: 1.652e-06, Loss_ut_ics: 8.661e-04, lr: 1.000e-03, Time: 1.52e+03
Model state saved to ./results/models/checkpoints/schrodinger/qho/2025-09-19_21-56-28-345443/model.pth
Model state saved to ./results/models/checkpoints/schrodinger/qho/2025-09-19_21-56-28-345443/model_weights.pth
It: 1367, Loss: 1.629e-04, Loss_res: 3.645e-03,  Loss_bcs: 5.023e-07, Loss_ut_ics: 1.259e-02, lr: 1.000e-03, Time: 1.52e+03
Model state saved to ./results/models/checkpoints/schrodinger/qho/2025-09-19_21-56-28-345443/model.pth
Model state saved to ./results/models/checkpoints/schrodinger/qho/2025-09-19_21-56-28-345443/model_weights.pth
It: 1368, Loss: 1.575e-04, Loss_res: 1.870e-03,  Loss_bcs: 1.604e-06, Loss_ut_ics: 1.372e-02, lr: 1.000e-03, Time: 1.53e+03
Model state saved to ./results/models/checkpoints/schrodinger/qho/2025-09-19_21-56-28-345443/model.pth
Model state saved to ./results/models/checkpoints/schrodinger/qho/2025-09-19_21-56-28-345443/model_weights.pth
It: 1369, Loss: 1.056e-04, Loss_res: 4.699e-03,  Loss_bcs: 1.546e-06, Loss_ut_ics: 5.704e-03, lr: 1.000e-03, Time: 1.53e+03
Model state saved to ./results/models/checkpoints/schrodinger/qho/2025-09-19_21-56-28-345443/model.pth
Model state saved to ./results/models/checkpoints/schrodinger/qho/2025-09-19_21-56-28-345443/model_weights.pth
It: 1370, Loss: 1.046e-04, Loss_res: 4.428e-03,  Loss_bcs: 6.343e-07, Loss_ut_ics: 5.965e-03, lr: 1.000e-03, Time: 1.53e+03
Model state saved to ./results/models/checkpoints/schrodinger/qho/2025-09-19_21-56-28-345443/model.pth
Model state saved to ./results/models/checkpoints/schrodinger/qho/2025-09-19_21-56-28-345443/model_weights.pth
It: 1371, Loss: 6.193e-05, Loss_res: 2.133e-03,  Loss_bcs: 1.717e-06, Loss_ut_ics: 3.889e-03, lr: 1.000e-03, Time: 1.53e+03
Model state saved to ./results/models/checkpoints/schrodinger/qho/2025-09-19_21-56-28-345443/model.pth
Model state saved to ./results/models/checkpoints/schrodinger/qho/2025-09-19_21-56-28-345443/model_weights.pth
It: 1372, Loss: 1.572e-04, Loss_res: 1.494e-03,  Loss_bcs: 3.851e-06, Loss_ut_ics: 1.384e-02, lr: 1.000e-03, Time: 1.53e+03
Model state saved to ./results/models/checkpoints/schrodinger/qho/2025-09-19_21-56-28-345443/model.pth
Model state saved to ./results/models/checkpoints/schrodinger/qho/2025-09-19_21-56-28-345443/model_weights.pth
It: 1373, Loss: 3.868e-05, Loss_res: 3.137e-03,  Loss_bcs: 5.901e-06, Loss_ut_ics: 1.408e-04, lr: 1.000e-03, Time: 1.53e+03
Model state saved to ./results/models/checkpoints/schrodinger/qho/2025-09-19_21-56-28-345443/model.pth
Model state saved to ./results/models/checkpoints/schrodinger/qho/2025-09-19_21-56-28-345443/model_weights.pth
It: 1374, Loss: 8.915e-05, Loss_res: 6.450e-03,  Loss_bcs: 1.082e-06, Loss_ut_ics: 2.356e-03, lr: 1.000e-03, Time: 1.53e+03
Model state saved to ./results/models/checkpoints/schrodinger/qho/2025-09-19_21-56-28-345443/model.pth
Model state saved to ./results/models/checkpoints/schrodinger/qho/2025-09-19_21-56-28-345443/model_weights.pth
It: 1375, Loss: 2.788e-05, Loss_res: 2.332e-03,  Loss_bcs: 4.037e-06, Loss_ut_ics: 5.174e-05, lr: 1.000e-03, Time: 1.53e+03
Model state saved to ./results/models/checkpoints/schrodinger/qho/2025-09-19_21-56-28-345443/model.pth
Model state saved to ./results/models/checkpoints/schrodinger/qho/2025-09-19_21-56-28-345443/model_weights.pth
It: 1376, Loss: 1.093e-04, Loss_res: 5.482e-03,  Loss_bcs: 6.316e-06, Loss_ut_ics: 4.814e-03, lr: 1.000e-03, Time: 1.54e+03
Model state saved to ./results/models/checkpoints/schrodinger/qho/2025-09-19_21-56-28-345443/model.pth
Model state saved to ./results/models/checkpoints/schrodinger/qho/2025-09-19_21-56-28-345443/model_weights.pth
It: 1377, Loss: 7.567e-05, Loss_res: 5.269e-03,  Loss_bcs: 2.104e-06, Loss_ut_ics: 2.087e-03, lr: 1.000e-03, Time: 1.54e+03
Model state saved to ./results/models/checkpoints/schrodinger/qho/2025-09-19_21-56-28-345443/model.pth
Model state saved to ./results/models/checkpoints/schrodinger/qho/2025-09-19_21-56-28-345443/model_weights.pth
It: 1378, Loss: 5.733e-05, Loss_res: 1.309e-03,  Loss_bcs: 2.045e-06, Loss_ut_ics: 4.220e-03, lr: 1.000e-03, Time: 1.54e+03
Model state saved to ./results/models/checkpoints/schrodinger/qho/2025-09-19_21-56-28-345443/model.pth
Model state saved to ./results/models/checkpoints/schrodinger/qho/2025-09-19_21-56-28-345443/model_weights.pth
It: 1379, Loss: 8.281e-05, Loss_res: 7.609e-03,  Loss_bcs: 6.408e-06, Loss_ut_ics: 3.145e-05, lr: 1.000e-03, Time: 1.54e+03
Model state saved to ./results/models/checkpoints/schrodinger/qho/2025-09-19_21-56-28-345443/model.pth
Model state saved to ./results/models/checkpoints/schrodinger/qho/2025-09-19_21-56-28-345443/model_weights.pth
It: 1380, Loss: 5.994e-05, Loss_res: 2.162e-03,  Loss_bcs: 3.255e-06, Loss_ut_ics: 3.507e-03, lr: 1.000e-03, Time: 1.54e+03
Model state saved to ./results/models/checkpoints/schrodinger/qho/2025-09-19_21-56-28-345443/model.pth
Model state saved to ./results/models/checkpoints/schrodinger/qho/2025-09-19_21-56-28-345443/model_weights.pth
It: 1381, Loss: 7.522e-05, Loss_res: 5.316e-03,  Loss_bcs: 2.152e-06, Loss_ut_ics: 1.991e-03, lr: 1.000e-03, Time: 1.54e+03
Model state saved to ./results/models/checkpoints/schrodinger/qho/2025-09-19_21-56-28-345443/model.pth
Model state saved to ./results/models/checkpoints/schrodinger/qho/2025-09-19_21-56-28-345443/model_weights.pth
It: 1382, Loss: 5.160e-05, Loss_res: 3.944e-03,  Loss_bcs: 4.307e-06, Loss_ut_ics: 7.847e-04, lr: 1.000e-03, Time: 1.54e+03
Model state saved to ./results/models/checkpoints/schrodinger/qho/2025-09-19_21-56-28-345443/model.pth
Model state saved to ./results/models/checkpoints/schrodinger/qho/2025-09-19_21-56-28-345443/model_weights.pth
It: 1383, Loss: 6.857e-05, Loss_res: 1.730e-03,  Loss_bcs: 5.693e-06, Loss_ut_ics: 4.557e-03, lr: 1.000e-03, Time: 1.54e+03
Model state saved to ./results/models/checkpoints/schrodinger/qho/2025-09-19_21-56-28-345443/model.pth
Model state saved to ./results/models/checkpoints/schrodinger/qho/2025-09-19_21-56-28-345443/model_weights.pth
It: 1384, Loss: 1.151e-04, Loss_res: 6.822e-03,  Loss_bcs: 4.837e-06, Loss_ut_ics: 4.208e-03, lr: 1.000e-03, Time: 1.54e+03
Model state saved to ./results/models/checkpoints/schrodinger/qho/2025-09-19_21-56-28-345443/model.pth
Model state saved to ./results/models/checkpoints/schrodinger/qho/2025-09-19_21-56-28-345443/model_weights.pth
It: 1385, Loss: 1.309e-04, Loss_res: 5.051e-03,  Loss_bcs: 7.734e-06, Loss_ut_ics: 7.266e-03, lr: 1.000e-03, Time: 1.55e+03
Model state saved to ./results/models/checkpoints/schrodinger/qho/2025-09-19_21-56-28-345443/model.pth
Model state saved to ./results/models/checkpoints/schrodinger/qho/2025-09-19_21-56-28-345443/model_weights.pth
It: 1386, Loss: 8.711e-05, Loss_res: 1.256e-03,  Loss_bcs: 9.040e-06, Loss_ut_ics: 6.552e-03, lr: 1.000e-03, Time: 1.55e+03
Model state saved to ./results/models/checkpoints/schrodinger/qho/2025-09-19_21-56-28-345443/model.pth
Model state saved to ./results/models/checkpoints/schrodinger/qho/2025-09-19_21-56-28-345443/model_weights.pth
It: 1387, Loss: 3.852e-05, Loss_res: 1.361e-03,  Loss_bcs: 8.768e-06, Loss_ut_ics: 1.614e-03, lr: 1.000e-03, Time: 1.55e+03
Model state saved to ./results/models/checkpoints/schrodinger/qho/2025-09-19_21-56-28-345443/model.pth
Model state saved to ./results/models/checkpoints/schrodinger/qho/2025-09-19_21-56-28-345443/model_weights.pth
It: 1388, Loss: 3.424e-05, Loss_res: 2.326e-03,  Loss_bcs: 4.584e-06, Loss_ut_ics: 6.398e-04, lr: 1.000e-03, Time: 1.55e+03
Model state saved to ./results/models/checkpoints/schrodinger/qho/2025-09-19_21-56-28-345443/model.pth
Model state saved to ./results/models/checkpoints/schrodinger/qho/2025-09-19_21-56-28-345443/model_weights.pth
It: 1389, Loss: 4.402e-05, Loss_res: 3.338e-03,  Loss_bcs: 4.598e-06, Loss_ut_ics: 6.040e-04, lr: 1.000e-03, Time: 1.55e+03
Model state saved to ./results/models/checkpoints/schrodinger/qho/2025-09-19_21-56-28-345443/model.pth
Model state saved to ./results/models/checkpoints/schrodinger/qho/2025-09-19_21-56-28-345443/model_weights.pth
It: 1390, Loss: 3.887e-05, Loss_res: 1.492e-03,  Loss_bcs: 4.374e-06, Loss_ut_ics: 1.957e-03, lr: 1.000e-03, Time: 1.55e+03
Model state saved to ./results/models/checkpoints/schrodinger/qho/2025-09-19_21-56-28-345443/model.pth
Model state saved to ./results/models/checkpoints/schrodinger/qho/2025-09-19_21-56-28-345443/model_weights.pth
It: 1391, Loss: 6.140e-05, Loss_res: 5.619e-03,  Loss_bcs: 2.895e-06, Loss_ut_ics: 2.311e-04, lr: 1.000e-03, Time: 1.55e+03
Model state saved to ./results/models/checkpoints/schrodinger/qho/2025-09-19_21-56-28-345443/model.pth
Model state saved to ./results/models/checkpoints/schrodinger/qho/2025-09-19_21-56-28-345443/model_weights.pth
It: 1392, Loss: 4.208e-05, Loss_res: 3.125e-03,  Loss_bcs: 5.777e-06, Loss_ut_ics: 5.048e-04, lr: 1.000e-03, Time: 1.55e+03
Model state saved to ./results/models/checkpoints/schrodinger/qho/2025-09-19_21-56-28-345443/model.pth
Model state saved to ./results/models/checkpoints/schrodinger/qho/2025-09-19_21-56-28-345443/model_weights.pth
It: 1393, Loss: 6.753e-05, Loss_res: 4.100e-03,  Loss_bcs: 8.218e-06, Loss_ut_ics: 1.832e-03, lr: 1.000e-03, Time: 1.56e+03
Model state saved to ./results/models/checkpoints/schrodinger/qho/2025-09-19_21-56-28-345443/model.pth
Model state saved to ./results/models/checkpoints/schrodinger/qho/2025-09-19_21-56-28-345443/model_weights.pth
It: 1394, Loss: 1.042e-04, Loss_res: 8.225e-03,  Loss_bcs: 5.671e-06, Loss_ut_ics: 1.627e-03, lr: 1.000e-03, Time: 1.56e+03
Model state saved to ./results/models/checkpoints/schrodinger/qho/2025-09-19_21-56-28-345443/model.pth
Model state saved to ./results/models/checkpoints/schrodinger/qho/2025-09-19_21-56-28-345443/model_weights.pth
It: 1395, Loss: 3.299e-05, Loss_res: 2.283e-03,  Loss_bcs: 1.141e-06, Loss_ut_ics: 9.017e-04, lr: 1.000e-03, Time: 1.56e+03
Model state saved to ./results/models/checkpoints/schrodinger/qho/2025-09-19_21-56-28-345443/model.pth
Model state saved to ./results/models/checkpoints/schrodinger/qho/2025-09-19_21-56-28-345443/model_weights.pth
It: 1396, Loss: 8.170e-05, Loss_res: 2.138e-03,  Loss_bcs: 1.238e-06, Loss_ut_ics: 5.908e-03, lr: 1.000e-03, Time: 1.56e+03
Model state saved to ./results/models/checkpoints/schrodinger/qho/2025-09-19_21-56-28-345443/model.pth
Model state saved to ./results/models/checkpoints/schrodinger/qho/2025-09-19_21-56-28-345443/model_weights.pth
It: 1397, Loss: 6.754e-05, Loss_res: 3.936e-03,  Loss_bcs: 8.341e-07, Loss_ut_ics: 2.735e-03, lr: 1.000e-03, Time: 1.56e+03
Model state saved to ./results/models/checkpoints/schrodinger/qho/2025-09-19_21-56-28-345443/model.pth
Model state saved to ./results/models/checkpoints/schrodinger/qho/2025-09-19_21-56-28-345443/model_weights.pth
It: 1398, Loss: 1.205e-04, Loss_res: 5.126e-03,  Loss_bcs: 1.063e-06, Loss_ut_ics: 6.820e-03, lr: 1.000e-03, Time: 1.56e+03
Model state saved to ./results/models/checkpoints/schrodinger/qho/2025-09-19_21-56-28-345443/model.pth
Model state saved to ./results/models/checkpoints/schrodinger/qho/2025-09-19_21-56-28-345443/model_weights.pth
It: 1399, Loss: 8.035e-05, Loss_res: 4.668e-03,  Loss_bcs: 3.244e-06, Loss_ut_ics: 3.043e-03, lr: 1.000e-03, Time: 1.56e+03
Model state saved to ./results/models/checkpoints/schrodinger/qho/2025-09-19_21-56-28-345443/model.pth
Model state saved to ./results/models/checkpoints/schrodinger/qho/2025-09-19_21-56-28-345443/model_weights.pth
It: 1400, Loss: 4.069e-05, Loss_res: 2.237e-03,  Loss_bcs: 2.547e-06, Loss_ut_ics: 1.577e-03, lr: 1.000e-03, Time: 1.56e+03
Model state saved to ./results/models/checkpoints/schrodinger/qho/2025-09-19_21-56-28-345443/model.pth
Model state saved to ./results/models/checkpoints/schrodinger/qho/2025-09-19_21-56-28-345443/model_weights.pth
It: 1401, Loss: 1.737e-04, Loss_res: 1.329e-02,  Loss_bcs: 4.785e-07, Loss_ut_ics: 4.031e-03, lr: 1.000e-03, Time: 1.57e+03
Model state saved to ./results/models/checkpoints/schrodinger/qho/2025-09-19_21-56-28-345443/model.pth
Model state saved to ./results/models/checkpoints/schrodinger/qho/2025-09-19_21-56-28-345443/model_weights.pth
It: 1402, Loss: 6.437e-05, Loss_res: 6.056e-03,  Loss_bcs: 1.423e-06, Loss_ut_ics: 2.388e-04, lr: 1.000e-03, Time: 1.57e+03
Model state saved to ./results/models/checkpoints/schrodinger/qho/2025-09-19_21-56-28-345443/model.pth
Model state saved to ./results/models/checkpoints/schrodinger/qho/2025-09-19_21-56-28-345443/model_weights.pth
It: 1403, Loss: 8.646e-05, Loss_res: 4.078e-03,  Loss_bcs: 6.143e-07, Loss_ut_ics: 4.507e-03, lr: 1.000e-03, Time: 1.57e+03
Model state saved to ./results/models/checkpoints/schrodinger/qho/2025-09-19_21-56-28-345443/model.pth
Model state saved to ./results/models/checkpoints/schrodinger/qho/2025-09-19_21-56-28-345443/model_weights.pth
It: 1404, Loss: 8.075e-05, Loss_res: 1.922e-03,  Loss_bcs: 2.018e-06, Loss_ut_ics: 5.951e-03, lr: 1.000e-03, Time: 1.57e+03
Model state saved to ./results/models/checkpoints/schrodinger/qho/2025-09-19_21-56-28-345443/model.pth
Model state saved to ./results/models/checkpoints/schrodinger/qho/2025-09-19_21-56-28-345443/model_weights.pth
It: 1405, Loss: 4.115e-05, Loss_res: 2.397e-03,  Loss_bcs: 1.886e-06, Loss_ut_ics: 1.529e-03, lr: 1.000e-03, Time: 1.57e+03
Model state saved to ./results/models/checkpoints/schrodinger/qho/2025-09-19_21-56-28-345443/model.pth
Model state saved to ./results/models/checkpoints/schrodinger/qho/2025-09-19_21-56-28-345443/model_weights.pth
It: 1406, Loss: 2.631e-05, Loss_res: 1.839e-03,  Loss_bcs: 2.227e-06, Loss_ut_ics: 5.695e-04, lr: 1.000e-03, Time: 1.57e+03
Model state saved to ./results/models/checkpoints/schrodinger/qho/2025-09-19_21-56-28-345443/model.pth
Model state saved to ./results/models/checkpoints/schrodinger/qho/2025-09-19_21-56-28-345443/model_weights.pth
It: 1407, Loss: 9.768e-05, Loss_res: 7.704e-03,  Loss_bcs: 1.377e-06, Loss_ut_ics: 1.926e-03, lr: 1.000e-03, Time: 1.57e+03
Model state saved to ./results/models/checkpoints/schrodinger/qho/2025-09-19_21-56-28-345443/model.pth
Model state saved to ./results/models/checkpoints/schrodinger/qho/2025-09-19_21-56-28-345443/model_weights.pth
It: 1408, Loss: 8.461e-05, Loss_res: 2.795e-03,  Loss_bcs: 1.632e-06, Loss_ut_ics: 5.502e-03, lr: 1.000e-03, Time: 1.57e+03
Model state saved to ./results/models/checkpoints/schrodinger/qho/2025-09-19_21-56-28-345443/model.pth
Model state saved to ./results/models/checkpoints/schrodinger/qho/2025-09-19_21-56-28-345443/model_weights.pth
It: 1409, Loss: 4.840e-05, Loss_res: 6.673e-04,  Loss_bcs: 1.426e-06, Loss_ut_ics: 4.030e-03, lr: 1.000e-03, Time: 1.58e+03
Model state saved to ./results/models/checkpoints/schrodinger/qho/2025-09-19_21-56-28-345443/model.pth
Model state saved to ./results/models/checkpoints/schrodinger/qho/2025-09-19_21-56-28-345443/model_weights.pth
It: 1410, Loss: 4.430e-05, Loss_res: 1.649e-03,  Loss_bcs: 2.917e-06, Loss_ut_ics: 2.489e-03, lr: 1.000e-03, Time: 1.58e+03
Model state saved to ./results/models/checkpoints/schrodinger/qho/2025-09-19_21-56-28-345443/model.pth
Model state saved to ./results/models/checkpoints/schrodinger/qho/2025-09-19_21-56-28-345443/model_weights.pth
It: 1411, Loss: 5.127e-05, Loss_res: 2.432e-03,  Loss_bcs: 5.382e-06, Loss_ut_ics: 2.157e-03, lr: 1.000e-03, Time: 1.58e+03
Model state saved to ./results/models/checkpoints/schrodinger/qho/2025-09-19_21-56-28-345443/model.pth
Model state saved to ./results/models/checkpoints/schrodinger/qho/2025-09-19_21-56-28-345443/model_weights.pth
It: 1412, Loss: 1.508e-04, Loss_res: 5.193e-03,  Loss_bcs: 4.295e-06, Loss_ut_ics: 9.461e-03, lr: 1.000e-03, Time: 1.58e+03
Model state saved to ./results/models/checkpoints/schrodinger/qho/2025-09-19_21-56-28-345443/model.pth
Model state saved to ./results/models/checkpoints/schrodinger/qho/2025-09-19_21-56-28-345443/model_weights.pth
It: 1413, Loss: 1.147e-04, Loss_res: 9.247e-03,  Loss_bcs: 2.552e-06, Loss_ut_ics: 1.968e-03, lr: 1.000e-03, Time: 1.58e+03
Model state saved to ./results/models/checkpoints/schrodinger/qho/2025-09-19_21-56-28-345443/model.pth
Model state saved to ./results/models/checkpoints/schrodinger/qho/2025-09-19_21-56-28-345443/model_weights.pth
It: 1414, Loss: 7.558e-05, Loss_res: 5.669e-03,  Loss_bcs: 2.867e-06, Loss_ut_ics: 1.603e-03, lr: 1.000e-03, Time: 1.58e+03
Model state saved to ./results/models/checkpoints/schrodinger/qho/2025-09-19_21-56-28-345443/model.pth
Model state saved to ./results/models/checkpoints/schrodinger/qho/2025-09-19_21-56-28-345443/model_weights.pth
It: 1415, Loss: 1.295e-04, Loss_res: 6.327e-03,  Loss_bcs: 3.227e-06, Loss_ut_ics: 6.304e-03, lr: 1.000e-03, Time: 1.58e+03
Model state saved to ./results/models/checkpoints/schrodinger/qho/2025-09-19_21-56-28-345443/model.pth
Model state saved to ./results/models/checkpoints/schrodinger/qho/2025-09-19_21-56-28-345443/model_weights.pth
It: 1416, Loss: 8.913e-05, Loss_res: 7.405e-03,  Loss_bcs: 1.361e-06, Loss_ut_ics: 1.372e-03, lr: 1.000e-03, Time: 1.58e+03
Model state saved to ./results/models/checkpoints/schrodinger/qho/2025-09-19_21-56-28-345443/model.pth
Model state saved to ./results/models/checkpoints/schrodinger/qho/2025-09-19_21-56-28-345443/model_weights.pth
It: 1417, Loss: 1.007e-04, Loss_res: 5.760e-03,  Loss_bcs: 5.989e-06, Loss_ut_ics: 3.709e-03, lr: 1.000e-03, Time: 1.58e+03
Model state saved to ./results/models/checkpoints/schrodinger/qho/2025-09-19_21-56-28-345443/model.pth
Model state saved to ./results/models/checkpoints/schrodinger/qho/2025-09-19_21-56-28-345443/model_weights.pth
It: 1418, Loss: 4.668e-05, Loss_res: 3.605e-03,  Loss_bcs: 8.042e-06, Loss_ut_ics: 2.587e-04, lr: 1.000e-03, Time: 1.59e+03
Model state saved to ./results/models/checkpoints/schrodinger/qho/2025-09-19_21-56-28-345443/model.pth
Model state saved to ./results/models/checkpoints/schrodinger/qho/2025-09-19_21-56-28-345443/model_weights.pth
It: 1419, Loss: 7.352e-05, Loss_res: 2.584e-03,  Loss_bcs: 2.417e-06, Loss_ut_ics: 4.526e-03, lr: 1.000e-03, Time: 1.59e+03
Model state saved to ./results/models/checkpoints/schrodinger/qho/2025-09-19_21-56-28-345443/model.pth
Model state saved to ./results/models/checkpoints/schrodinger/qho/2025-09-19_21-56-28-345443/model_weights.pth
It: 1420, Loss: 8.709e-05, Loss_res: 4.848e-03,  Loss_bcs: 1.881e-06, Loss_ut_ics: 3.673e-03, lr: 1.000e-03, Time: 1.59e+03
Model state saved to ./results/models/checkpoints/schrodinger/qho/2025-09-19_21-56-28-345443/model.pth
Model state saved to ./results/models/checkpoints/schrodinger/qho/2025-09-19_21-56-28-345443/model_weights.pth
It: 1421, Loss: 4.592e-05, Loss_res: 3.334e-03,  Loss_bcs: 4.778e-06, Loss_ut_ics: 7.805e-04, lr: 1.000e-03, Time: 1.59e+03
Model state saved to ./results/models/checkpoints/schrodinger/qho/2025-09-19_21-56-28-345443/model.pth
Model state saved to ./results/models/checkpoints/schrodinger/qho/2025-09-19_21-56-28-345443/model_weights.pth
It: 1422, Loss: 4.272e-05, Loss_res: 2.684e-03,  Loss_bcs: 1.842e-06, Loss_ut_ics: 1.404e-03, lr: 1.000e-03, Time: 1.59e+03
Model state saved to ./results/models/checkpoints/schrodinger/qho/2025-09-19_21-56-28-345443/model.pth
Model state saved to ./results/models/checkpoints/schrodinger/qho/2025-09-19_21-56-28-345443/model_weights.pth
It: 1423, Loss: 7.325e-05, Loss_res: 6.191e-03,  Loss_bcs: 4.017e-06, Loss_ut_ics: 7.329e-04, lr: 1.000e-03, Time: 1.59e+03
Model state saved to ./results/models/checkpoints/schrodinger/qho/2025-09-19_21-56-28-345443/model.pth
Model state saved to ./results/models/checkpoints/schrodinger/qho/2025-09-19_21-56-28-345443/model_weights.pth
It: 1424, Loss: 1.175e-04, Loss_res: 6.363e-03,  Loss_bcs: 6.258e-06, Loss_ut_ics: 4.762e-03, lr: 1.000e-03, Time: 1.59e+03
Model state saved to ./results/models/checkpoints/schrodinger/qho/2025-09-19_21-56-28-345443/model.pth
Model state saved to ./results/models/checkpoints/schrodinger/qho/2025-09-19_21-56-28-345443/model_weights.pth
It: 1425, Loss: 8.105e-05, Loss_res: 4.158e-03,  Loss_bcs: 3.399e-06, Loss_ut_ics: 3.608e-03, lr: 1.000e-03, Time: 1.59e+03
Model state saved to ./results/models/checkpoints/schrodinger/qho/2025-09-19_21-56-28-345443/model.pth
Model state saved to ./results/models/checkpoints/schrodinger/qho/2025-09-19_21-56-28-345443/model_weights.pth
It: 1426, Loss: 8.825e-05, Loss_res: 3.146e-03,  Loss_bcs: 8.227e-07, Loss_ut_ics: 5.597e-03, lr: 1.000e-03, Time: 1.60e+03
Model state saved to ./results/models/checkpoints/schrodinger/qho/2025-09-19_21-56-28-345443/model.pth
Model state saved to ./results/models/checkpoints/schrodinger/qho/2025-09-19_21-56-28-345443/model_weights.pth
It: 1427, Loss: 8.671e-05, Loss_res: 3.661e-03,  Loss_bcs: 1.380e-06, Loss_ut_ics: 4.872e-03, lr: 1.000e-03, Time: 1.60e+03
Model state saved to ./results/models/checkpoints/schrodinger/qho/2025-09-19_21-56-28-345443/model.pth
Model state saved to ./results/models/checkpoints/schrodinger/qho/2025-09-19_21-56-28-345443/model_weights.pth
It: 1428, Loss: 7.803e-05, Loss_res: 2.931e-03,  Loss_bcs: 1.898e-06, Loss_ut_ics: 4.682e-03, lr: 1.000e-03, Time: 1.60e+03
Model state saved to ./results/models/checkpoints/schrodinger/qho/2025-09-19_21-56-28-345443/model.pth
Model state saved to ./results/models/checkpoints/schrodinger/qho/2025-09-19_21-56-28-345443/model_weights.pth
It: 1429, Loss: 2.806e-05, Loss_res: 2.406e-03,  Loss_bcs: 1.303e-06, Loss_ut_ics: 2.694e-04, lr: 1.000e-03, Time: 1.60e+03
Model state saved to ./results/models/checkpoints/schrodinger/qho/2025-09-19_21-56-28-345443/model.pth
Model state saved to ./results/models/checkpoints/schrodinger/qho/2025-09-19_21-56-28-345443/model_weights.pth
It: 1430, Loss: 6.253e-05, Loss_res: 3.589e-03,  Loss_bcs: 3.702e-06, Loss_ut_ics: 2.294e-03, lr: 1.000e-03, Time: 1.60e+03
Model state saved to ./results/models/checkpoints/schrodinger/qho/2025-09-19_21-56-28-345443/model.pth
Model state saved to ./results/models/checkpoints/schrodinger/qho/2025-09-19_21-56-28-345443/model_weights.pth
It: 1431, Loss: 9.876e-05, Loss_res: 5.419e-03,  Loss_bcs: 3.675e-06, Loss_ut_ics: 4.090e-03, lr: 1.000e-03, Time: 1.60e+03
Model state saved to ./results/models/checkpoints/schrodinger/qho/2025-09-19_21-56-28-345443/model.pth
Model state saved to ./results/models/checkpoints/schrodinger/qho/2025-09-19_21-56-28-345443/model_weights.pth
It: 1432, Loss: 1.609e-05, Loss_res: 1.133e-03,  Loss_bcs: 2.877e-06, Loss_ut_ics: 1.881e-04, lr: 1.000e-03, Time: 1.60e+03
Model state saved to ./results/models/checkpoints/schrodinger/qho/2025-09-19_21-56-28-345443/model.pth
Model state saved to ./results/models/checkpoints/schrodinger/qho/2025-09-19_21-56-28-345443/model_weights.pth
It: 1433, Loss: 7.887e-05, Loss_res: 7.362e-03,  Loss_bcs: 2.534e-06, Loss_ut_ics: 2.720e-04, lr: 1.000e-03, Time: 1.60e+03
Model state saved to ./results/models/checkpoints/schrodinger/qho/2025-09-19_21-56-28-345443/model.pth
Model state saved to ./results/models/checkpoints/schrodinger/qho/2025-09-19_21-56-28-345443/model_weights.pth
It: 1434, Loss: 3.827e-05, Loss_res: 3.117e-03,  Loss_bcs: 2.201e-06, Loss_ut_ics: 4.900e-04, lr: 1.000e-03, Time: 1.60e+03
Model state saved to ./results/models/checkpoints/schrodinger/qho/2025-09-19_21-56-28-345443/model.pth
Model state saved to ./results/models/checkpoints/schrodinger/qho/2025-09-19_21-56-28-345443/model_weights.pth
It: 1435, Loss: 2.694e-05, Loss_res: 2.046e-03,  Loss_bcs: 2.785e-06, Loss_ut_ics: 3.694e-04, lr: 1.000e-03, Time: 1.61e+03
Model state saved to ./results/models/checkpoints/schrodinger/qho/2025-09-19_21-56-28-345443/model.pth
Model state saved to ./results/models/checkpoints/schrodinger/qho/2025-09-19_21-56-28-345443/model_weights.pth
It: 1436, Loss: 1.036e-04, Loss_res: 4.839e-03,  Loss_bcs: 1.877e-06, Loss_ut_ics: 5.332e-03, lr: 1.000e-03, Time: 1.61e+03
Model state saved to ./results/models/checkpoints/schrodinger/qho/2025-09-19_21-56-28-345443/model.pth
Model state saved to ./results/models/checkpoints/schrodinger/qho/2025-09-19_21-56-28-345443/model_weights.pth
It: 1437, Loss: 1.216e-04, Loss_res: 8.415e-03,  Loss_bcs: 5.398e-06, Loss_ut_ics: 3.202e-03, lr: 1.000e-03, Time: 1.61e+03
Model state saved to ./results/models/checkpoints/schrodinger/qho/2025-09-19_21-56-28-345443/model.pth
Model state saved to ./results/models/checkpoints/schrodinger/qho/2025-09-19_21-56-28-345443/model_weights.pth
It: 1438, Loss: 4.543e-05, Loss_res: 3.117e-03,  Loss_bcs: 4.775e-06, Loss_ut_ics: 9.485e-04, lr: 1.000e-03, Time: 1.61e+03
Model state saved to ./results/models/checkpoints/schrodinger/qho/2025-09-19_21-56-28-345443/model.pth
Model state saved to ./results/models/checkpoints/schrodinger/qho/2025-09-19_21-56-28-345443/model_weights.pth
It: 1439, Loss: 6.803e-05, Loss_res: 4.760e-03,  Loss_bcs: 2.091e-06, Loss_ut_ics: 1.833e-03, lr: 1.000e-03, Time: 1.61e+03
Model state saved to ./results/models/checkpoints/schrodinger/qho/2025-09-19_21-56-28-345443/model.pth
Model state saved to ./results/models/checkpoints/schrodinger/qho/2025-09-19_21-56-28-345443/model_weights.pth
It: 1440, Loss: 3.417e-05, Loss_res: 3.214e-03,  Loss_bcs: 1.362e-06, Loss_ut_ics: 6.729e-05, lr: 1.000e-03, Time: 1.61e+03
Model state saved to ./results/models/checkpoints/schrodinger/qho/2025-09-19_21-56-28-345443/model.pth
Model state saved to ./results/models/checkpoints/schrodinger/qho/2025-09-19_21-56-28-345443/model_weights.pth
It: 1441, Loss: 7.643e-05, Loss_res: 2.776e-03,  Loss_bcs: 1.064e-06, Loss_ut_ics: 4.760e-03, lr: 1.000e-03, Time: 1.61e+03
Model state saved to ./results/models/checkpoints/schrodinger/qho/2025-09-19_21-56-28-345443/model.pth
Model state saved to ./results/models/checkpoints/schrodinger/qho/2025-09-19_21-56-28-345443/model_weights.pth
It: 1442, Loss: 3.871e-05, Loss_res: 3.611e-03,  Loss_bcs: 1.173e-06, Loss_ut_ics: 1.427e-04, lr: 1.000e-03, Time: 1.61e+03
Model state saved to ./results/models/checkpoints/schrodinger/qho/2025-09-19_21-56-28-345443/model.pth
Model state saved to ./results/models/checkpoints/schrodinger/qho/2025-09-19_21-56-28-345443/model_weights.pth
It: 1443, Loss: 3.813e-05, Loss_res: 1.798e-03,  Loss_bcs: 4.221e-06, Loss_ut_ics: 1.593e-03, lr: 1.000e-03, Time: 1.62e+03
Model state saved to ./results/models/checkpoints/schrodinger/qho/2025-09-19_21-56-28-345443/model.pth
Model state saved to ./results/models/checkpoints/schrodinger/qho/2025-09-19_21-56-28-345443/model_weights.pth
It: 1444, Loss: 4.515e-05, Loss_res: 3.054e-03,  Loss_bcs: 2.652e-06, Loss_ut_ics: 1.196e-03, lr: 1.000e-03, Time: 1.62e+03
Model state saved to ./results/models/checkpoints/schrodinger/qho/2025-09-19_21-56-28-345443/model.pth
Model state saved to ./results/models/checkpoints/schrodinger/qho/2025-09-19_21-56-28-345443/model_weights.pth
It: 1445, Loss: 9.002e-05, Loss_res: 4.858e-03,  Loss_bcs: 9.708e-07, Loss_ut_ics: 4.047e-03, lr: 1.000e-03, Time: 1.62e+03
Model state saved to ./results/models/checkpoints/schrodinger/qho/2025-09-19_21-56-28-345443/model.pth
Model state saved to ./results/models/checkpoints/schrodinger/qho/2025-09-19_21-56-28-345443/model_weights.pth
It: 1446, Loss: 8.045e-05, Loss_res: 3.415e-03,  Loss_bcs: 4.266e-07, Loss_ut_ics: 4.587e-03, lr: 1.000e-03, Time: 1.62e+03
Model state saved to ./results/models/checkpoints/schrodinger/qho/2025-09-19_21-56-28-345443/model.pth
Model state saved to ./results/models/checkpoints/schrodinger/qho/2025-09-19_21-56-28-345443/model_weights.pth
It: 1447, Loss: 5.244e-05, Loss_res: 2.821e-03,  Loss_bcs: 4.132e-07, Loss_ut_ics: 2.382e-03, lr: 1.000e-03, Time: 1.62e+03
Model state saved to ./results/models/checkpoints/schrodinger/qho/2025-09-19_21-56-28-345443/model.pth
Model state saved to ./results/models/checkpoints/schrodinger/qho/2025-09-19_21-56-28-345443/model_weights.pth
It: 1448, Loss: 4.421e-05, Loss_res: 2.165e-03,  Loss_bcs: 3.762e-07, Loss_ut_ics: 2.218e-03, lr: 1.000e-03, Time: 1.62e+03
Model state saved to ./results/models/checkpoints/schrodinger/qho/2025-09-19_21-56-28-345443/model.pth
Model state saved to ./results/models/checkpoints/schrodinger/qho/2025-09-19_21-56-28-345443/model_weights.pth
It: 1449, Loss: 5.988e-05, Loss_res: 4.728e-03,  Loss_bcs: 3.208e-07, Loss_ut_ics: 1.228e-03, lr: 1.000e-03, Time: 1.62e+03
Model state saved to ./results/models/checkpoints/schrodinger/qho/2025-09-19_21-56-28-345443/model.pth
Model state saved to ./results/models/checkpoints/schrodinger/qho/2025-09-19_21-56-28-345443/model_weights.pth
It: 1450, Loss: 8.179e-05, Loss_res: 7.604e-03,  Loss_bcs: 8.017e-07, Loss_ut_ics: 4.948e-04, lr: 1.000e-03, Time: 1.62e+03
Model state saved to ./results/models/checkpoints/schrodinger/qho/2025-09-19_21-56-28-345443/model.pth
Model state saved to ./results/models/checkpoints/schrodinger/qho/2025-09-19_21-56-28-345443/model_weights.pth
It: 1451, Loss: 5.713e-05, Loss_res: 3.118e-03,  Loss_bcs: 3.164e-06, Loss_ut_ics: 2.279e-03, lr: 1.000e-03, Time: 1.63e+03
Model state saved to ./results/models/checkpoints/schrodinger/qho/2025-09-19_21-56-28-345443/model.pth
Model state saved to ./results/models/checkpoints/schrodinger/qho/2025-09-19_21-56-28-345443/model_weights.pth
It: 1452, Loss: 1.906e-05, Loss_res: 1.358e-03,  Loss_bcs: 2.818e-06, Loss_ut_ics: 2.662e-04, lr: 1.000e-03, Time: 1.63e+03
Model state saved to ./results/models/checkpoints/schrodinger/qho/2025-09-19_21-56-28-345443/model.pth
Model state saved to ./results/models/checkpoints/schrodinger/qho/2025-09-19_21-56-28-345443/model_weights.pth
It: 1453, Loss: 4.955e-05, Loss_res: 1.956e-03,  Loss_bcs: 5.537e-07, Loss_ut_ics: 2.944e-03, lr: 1.000e-03, Time: 1.63e+03
Model state saved to ./results/models/checkpoints/schrodinger/qho/2025-09-19_21-56-28-345443/model.pth
Model state saved to ./results/models/checkpoints/schrodinger/qho/2025-09-19_21-56-28-345443/model_weights.pth
It: 1454, Loss: 9.501e-05, Loss_res: 6.627e-03,  Loss_bcs: 9.464e-07, Loss_ut_ics: 2.780e-03, lr: 1.000e-03, Time: 1.63e+03
Model state saved to ./results/models/checkpoints/schrodinger/qho/2025-09-19_21-56-28-345443/model.pth
Model state saved to ./results/models/checkpoints/schrodinger/qho/2025-09-19_21-56-28-345443/model_weights.pth
It: 1455, Loss: 1.056e-04, Loss_res: 5.114e-03,  Loss_bcs: 6.119e-07, Loss_ut_ics: 5.387e-03, lr: 1.000e-03, Time: 1.63e+03
Model state saved to ./results/models/checkpoints/schrodinger/qho/2025-09-19_21-56-28-345443/model.pth
Model state saved to ./results/models/checkpoints/schrodinger/qho/2025-09-19_21-56-28-345443/model_weights.pth
It: 1456, Loss: 2.915e-05, Loss_res: 9.085e-04,  Loss_bcs: 2.907e-06, Loss_ut_ics: 1.716e-03, lr: 1.000e-03, Time: 1.63e+03
Model state saved to ./results/models/checkpoints/schrodinger/qho/2025-09-19_21-56-28-345443/model.pth
Model state saved to ./results/models/checkpoints/schrodinger/qho/2025-09-19_21-56-28-345443/model_weights.pth
It: 1457, Loss: 1.186e-05, Loss_res: 7.261e-04,  Loss_bcs: 2.779e-06, Loss_ut_ics: 1.818e-04, lr: 1.000e-03, Time: 1.63e+03
Model state saved to ./results/models/checkpoints/schrodinger/qho/2025-09-19_21-56-28-345443/model.pth
Model state saved to ./results/models/checkpoints/schrodinger/qho/2025-09-19_21-56-28-345443/model_weights.pth
It: 1458, Loss: 4.374e-05, Loss_res: 2.123e-03,  Loss_bcs: 1.094e-06, Loss_ut_ics: 2.142e-03, lr: 1.000e-03, Time: 1.63e+03
Model state saved to ./results/models/checkpoints/schrodinger/qho/2025-09-19_21-56-28-345443/model.pth
Model state saved to ./results/models/checkpoints/schrodinger/qho/2025-09-19_21-56-28-345443/model_weights.pth
It: 1459, Loss: 6.768e-05, Loss_res: 5.171e-03,  Loss_bcs: 1.215e-06, Loss_ut_ics: 1.475e-03, lr: 1.000e-03, Time: 1.63e+03
Model state saved to ./results/models/checkpoints/schrodinger/qho/2025-09-19_21-56-28-345443/model.pth
Model state saved to ./results/models/checkpoints/schrodinger/qho/2025-09-19_21-56-28-345443/model_weights.pth
It: 1460, Loss: 1.457e-04, Loss_res: 6.886e-03,  Loss_bcs: 1.621e-06, Loss_ut_ics: 7.517e-03, lr: 1.000e-03, Time: 1.64e+03
Model state saved to ./results/models/checkpoints/schrodinger/qho/2025-09-19_21-56-28-345443/model.pth
Model state saved to ./results/models/checkpoints/schrodinger/qho/2025-09-19_21-56-28-345443/model_weights.pth
It: 1461, Loss: 2.665e-05, Loss_res: 1.915e-03,  Loss_bcs: 1.876e-06, Loss_ut_ics: 5.627e-04, lr: 1.000e-03, Time: 1.64e+03
Model state saved to ./results/models/checkpoints/schrodinger/qho/2025-09-19_21-56-28-345443/model.pth
Model state saved to ./results/models/checkpoints/schrodinger/qho/2025-09-19_21-56-28-345443/model_weights.pth
It: 1462, Loss: 8.283e-05, Loss_res: 5.710e-03,  Loss_bcs: 2.142e-06, Loss_ut_ics: 2.359e-03, lr: 1.000e-03, Time: 1.64e+03
Model state saved to ./results/models/checkpoints/schrodinger/qho/2025-09-19_21-56-28-345443/model.pth
Model state saved to ./results/models/checkpoints/schrodinger/qho/2025-09-19_21-56-28-345443/model_weights.pth
It: 1463, Loss: 1.050e-04, Loss_res: 8.022e-03,  Loss_bcs: 3.536e-06, Loss_ut_ics: 2.123e-03, lr: 1.000e-03, Time: 1.64e+03
Model state saved to ./results/models/checkpoints/schrodinger/qho/2025-09-19_21-56-28-345443/model.pth
Model state saved to ./results/models/checkpoints/schrodinger/qho/2025-09-19_21-56-28-345443/model_weights.pth
It: 1464, Loss: 3.684e-05, Loss_res: 2.100e-03,  Loss_bcs: 2.337e-06, Loss_ut_ics: 1.350e-03, lr: 1.000e-03, Time: 1.64e+03
Model state saved to ./results/models/checkpoints/schrodinger/qho/2025-09-19_21-56-28-345443/model.pth
Model state saved to ./results/models/checkpoints/schrodinger/qho/2025-09-19_21-56-28-345443/model_weights.pth
It: 1465, Loss: 2.791e-05, Loss_res: 2.367e-03,  Loss_bcs: 1.667e-06, Loss_ut_ics: 2.579e-04, lr: 1.000e-03, Time: 1.64e+03
Model state saved to ./results/models/checkpoints/schrodinger/qho/2025-09-19_21-56-28-345443/model.pth
Model state saved to ./results/models/checkpoints/schrodinger/qho/2025-09-19_21-56-28-345443/model_weights.pth
It: 1466, Loss: 6.824e-05, Loss_res: 3.320e-03,  Loss_bcs: 1.375e-06, Loss_ut_ics: 3.366e-03, lr: 1.000e-03, Time: 1.64e+03
Model state saved to ./results/models/checkpoints/schrodinger/qho/2025-09-19_21-56-28-345443/model.pth
Model state saved to ./results/models/checkpoints/schrodinger/qho/2025-09-19_21-56-28-345443/model_weights.pth
It: 1467, Loss: 4.837e-05, Loss_res: 2.159e-03,  Loss_bcs: 1.133e-06, Loss_ut_ics: 2.565e-03, lr: 1.000e-03, Time: 1.64e+03
Model state saved to ./results/models/checkpoints/schrodinger/qho/2025-09-19_21-56-28-345443/model.pth
Model state saved to ./results/models/checkpoints/schrodinger/qho/2025-09-19_21-56-28-345443/model_weights.pth
It: 1468, Loss: 1.284e-04, Loss_res: 1.029e-02,  Loss_bcs: 1.617e-06, Loss_ut_ics: 2.393e-03, lr: 1.000e-03, Time: 1.65e+03
Model state saved to ./results/models/checkpoints/schrodinger/qho/2025-09-19_21-56-28-345443/model.pth
Model state saved to ./results/models/checkpoints/schrodinger/qho/2025-09-19_21-56-28-345443/model_weights.pth
It: 1469, Loss: 3.514e-05, Loss_res: 2.520e-03,  Loss_bcs: 3.005e-06, Loss_ut_ics: 6.931e-04, lr: 1.000e-03, Time: 1.65e+03
Model state saved to ./results/models/checkpoints/schrodinger/qho/2025-09-19_21-56-28-345443/model.pth
Model state saved to ./results/models/checkpoints/schrodinger/qho/2025-09-19_21-56-28-345443/model_weights.pth
It: 1470, Loss: 9.679e-05, Loss_res: 3.129e-03,  Loss_bcs: 2.018e-06, Loss_ut_ics: 6.348e-03, lr: 1.000e-03, Time: 1.65e+03
Model state saved to ./results/models/checkpoints/schrodinger/qho/2025-09-19_21-56-28-345443/model.pth
Model state saved to ./results/models/checkpoints/schrodinger/qho/2025-09-19_21-56-28-345443/model_weights.pth
It: 1471, Loss: 3.342e-05, Loss_res: 2.215e-03,  Loss_bcs: 1.051e-06, Loss_ut_ics: 1.022e-03, lr: 1.000e-03, Time: 1.65e+03
Model state saved to ./results/models/checkpoints/schrodinger/qho/2025-09-19_21-56-28-345443/model.pth
Model state saved to ./results/models/checkpoints/schrodinger/qho/2025-09-19_21-56-28-345443/model_weights.pth
It: 1472, Loss: 7.640e-05, Loss_res: 2.024e-03,  Loss_bcs: 1.206e-06, Loss_ut_ics: 5.496e-03, lr: 1.000e-03, Time: 1.65e+03
Model state saved to ./results/models/checkpoints/schrodinger/qho/2025-09-19_21-56-28-345443/model.pth
Model state saved to ./results/models/checkpoints/schrodinger/qho/2025-09-19_21-56-28-345443/model_weights.pth
It: 1473, Loss: 9.216e-05, Loss_res: 1.891e-03,  Loss_bcs: 1.979e-06, Loss_ut_ics: 7.128e-03, lr: 1.000e-03, Time: 1.65e+03
Model state saved to ./results/models/checkpoints/schrodinger/qho/2025-09-19_21-56-28-345443/model.pth
Model state saved to ./results/models/checkpoints/schrodinger/qho/2025-09-19_21-56-28-345443/model_weights.pth
It: 1474, Loss: 3.170e-05, Loss_res: 1.342e-03,  Loss_bcs: 8.053e-07, Loss_ut_ics: 1.748e-03, lr: 1.000e-03, Time: 1.65e+03
Model state saved to ./results/models/checkpoints/schrodinger/qho/2025-09-19_21-56-28-345443/model.pth
Model state saved to ./results/models/checkpoints/schrodinger/qho/2025-09-19_21-56-28-345443/model_weights.pth
It: 1475, Loss: 2.847e-05, Loss_res: 2.254e-03,  Loss_bcs: 4.525e-06, Loss_ut_ics: 1.411e-04, lr: 1.000e-03, Time: 1.65e+03
Model state saved to ./results/models/checkpoints/schrodinger/qho/2025-09-19_21-56-28-345443/model.pth
Model state saved to ./results/models/checkpoints/schrodinger/qho/2025-09-19_21-56-28-345443/model_weights.pth
It: 1476, Loss: 2.716e-05, Loss_res: 2.015e-03,  Loss_bcs: 4.059e-06, Loss_ut_ics: 2.948e-04, lr: 1.000e-03, Time: 1.65e+03
Model state saved to ./results/models/checkpoints/schrodinger/qho/2025-09-19_21-56-28-345443/model.pth
Model state saved to ./results/models/checkpoints/schrodinger/qho/2025-09-19_21-56-28-345443/model_weights.pth
It: 1477, Loss: 3.630e-05, Loss_res: 1.838e-03,  Loss_bcs: 1.869e-06, Loss_ut_ics: 1.605e-03, lr: 1.000e-03, Time: 1.66e+03
Model state saved to ./results/models/checkpoints/schrodinger/qho/2025-09-19_21-56-28-345443/model.pth
Model state saved to ./results/models/checkpoints/schrodinger/qho/2025-09-19_21-56-28-345443/model_weights.pth
It: 1478, Loss: 6.286e-05, Loss_res: 4.106e-03,  Loss_bcs: 2.855e-06, Loss_ut_ics: 1.894e-03, lr: 1.000e-03, Time: 1.66e+03
Model state saved to ./results/models/checkpoints/schrodinger/qho/2025-09-19_21-56-28-345443/model.pth
Model state saved to ./results/models/checkpoints/schrodinger/qho/2025-09-19_21-56-28-345443/model_weights.pth
It: 1479, Loss: 5.927e-05, Loss_res: 1.667e-03,  Loss_bcs: 3.574e-06, Loss_ut_ics: 3.902e-03, lr: 1.000e-03, Time: 1.66e+03
Model state saved to ./results/models/checkpoints/schrodinger/qho/2025-09-19_21-56-28-345443/model.pth
Model state saved to ./results/models/checkpoints/schrodinger/qho/2025-09-19_21-56-28-345443/model_weights.pth
It: 1480, Loss: 7.261e-05, Loss_res: 3.229e-03,  Loss_bcs: 2.964e-06, Loss_ut_ics: 3.735e-03, lr: 1.000e-03, Time: 1.66e+03
Model state saved to ./results/models/checkpoints/schrodinger/qho/2025-09-19_21-56-28-345443/model.pth
Model state saved to ./results/models/checkpoints/schrodinger/qho/2025-09-19_21-56-28-345443/model_weights.pth
It: 1481, Loss: 4.047e-05, Loss_res: 2.164e-03,  Loss_bcs: 4.395e-06, Loss_ut_ics: 1.444e-03, lr: 1.000e-03, Time: 1.66e+03
Model state saved to ./results/models/checkpoints/schrodinger/qho/2025-09-19_21-56-28-345443/model.pth
Model state saved to ./results/models/checkpoints/schrodinger/qho/2025-09-19_21-56-28-345443/model_weights.pth
It: 1482, Loss: 5.289e-05, Loss_res: 1.386e-03,  Loss_bcs: 4.081e-06, Loss_ut_ics: 3.495e-03, lr: 1.000e-03, Time: 1.66e+03
Model state saved to ./results/models/checkpoints/schrodinger/qho/2025-09-19_21-56-28-345443/model.pth
Model state saved to ./results/models/checkpoints/schrodinger/qho/2025-09-19_21-56-28-345443/model_weights.pth
It: 1483, Loss: 3.176e-05, Loss_res: 1.670e-03,  Loss_bcs: 3.136e-06, Loss_ut_ics: 1.192e-03, lr: 1.000e-03, Time: 1.66e+03
Model state saved to ./results/models/checkpoints/schrodinger/qho/2025-09-19_21-56-28-345443/model.pth
Model state saved to ./results/models/checkpoints/schrodinger/qho/2025-09-19_21-56-28-345443/model_weights.pth
It: 1484, Loss: 2.927e-05, Loss_res: 2.488e-03,  Loss_bcs: 1.871e-06, Loss_ut_ics: 2.517e-04, lr: 1.000e-03, Time: 1.66e+03
Model state saved to ./results/models/checkpoints/schrodinger/qho/2025-09-19_21-56-28-345443/model.pth
Model state saved to ./results/models/checkpoints/schrodinger/qho/2025-09-19_21-56-28-345443/model_weights.pth
It: 1485, Loss: 7.178e-05, Loss_res: 5.429e-03,  Loss_bcs: 1.672e-06, Loss_ut_ics: 1.582e-03, lr: 1.000e-03, Time: 1.66e+03
Model state saved to ./results/models/checkpoints/schrodinger/qho/2025-09-19_21-56-28-345443/model.pth
Model state saved to ./results/models/checkpoints/schrodinger/qho/2025-09-19_21-56-28-345443/model_weights.pth
It: 1486, Loss: 1.972e-05, Loss_res: 1.678e-03,  Loss_bcs: 1.542e-06, Loss_ut_ics: 1.396e-04, lr: 1.000e-03, Time: 1.67e+03
Model state saved to ./results/models/checkpoints/schrodinger/qho/2025-09-19_21-56-28-345443/model.pth
Model state saved to ./results/models/checkpoints/schrodinger/qho/2025-09-19_21-56-28-345443/model_weights.pth
It: 1487, Loss: 3.087e-05, Loss_res: 1.558e-03,  Loss_bcs: 8.412e-07, Loss_ut_ics: 1.445e-03, lr: 1.000e-03, Time: 1.67e+03
Model state saved to ./results/models/checkpoints/schrodinger/qho/2025-09-19_21-56-28-345443/model.pth
Model state saved to ./results/models/checkpoints/schrodinger/qho/2025-09-19_21-56-28-345443/model_weights.pth
It: 1488, Loss: 3.497e-05, Loss_res: 2.978e-03,  Loss_bcs: 1.832e-06, Loss_ut_ics: 3.354e-04, lr: 1.000e-03, Time: 1.67e+03
Model state saved to ./results/models/checkpoints/schrodinger/qho/2025-09-19_21-56-28-345443/model.pth
Model state saved to ./results/models/checkpoints/schrodinger/qho/2025-09-19_21-56-28-345443/model_weights.pth
It: 1489, Loss: 5.107e-05, Loss_res: 3.362e-03,  Loss_bcs: 1.929e-06, Loss_ut_ics: 1.552e-03, lr: 1.000e-03, Time: 1.67e+03
Model state saved to ./results/models/checkpoints/schrodinger/qho/2025-09-19_21-56-28-345443/model.pth
Model state saved to ./results/models/checkpoints/schrodinger/qho/2025-09-19_21-56-28-345443/model_weights.pth
It: 1490, Loss: 2.380e-05, Loss_res: 1.877e-03,  Loss_bcs: 8.693e-07, Loss_ut_ics: 4.168e-04, lr: 1.000e-03, Time: 1.67e+03
Model state saved to ./results/models/checkpoints/schrodinger/qho/2025-09-19_21-56-28-345443/model.pth
Model state saved to ./results/models/checkpoints/schrodinger/qho/2025-09-19_21-56-28-345443/model_weights.pth
It: 1491, Loss: 9.460e-05, Loss_res: 8.339e-03,  Loss_bcs: 1.199e-06, Loss_ut_ics: 1.001e-03, lr: 1.000e-03, Time: 1.67e+03
Model state saved to ./results/models/checkpoints/schrodinger/qho/2025-09-19_21-56-28-345443/model.pth
Model state saved to ./results/models/checkpoints/schrodinger/qho/2025-09-19_21-56-28-345443/model_weights.pth
It: 1492, Loss: 6.942e-05, Loss_res: 5.028e-03,  Loss_bcs: 1.221e-06, Loss_ut_ics: 1.793e-03, lr: 1.000e-03, Time: 1.67e+03
Model state saved to ./results/models/checkpoints/schrodinger/qho/2025-09-19_21-56-28-345443/model.pth
Model state saved to ./results/models/checkpoints/schrodinger/qho/2025-09-19_21-56-28-345443/model_weights.pth
It: 1493, Loss: 5.837e-05, Loss_res: 2.077e-03,  Loss_bcs: 1.040e-06, Loss_ut_ics: 3.655e-03, lr: 1.000e-03, Time: 1.67e+03
Model state saved to ./results/models/checkpoints/schrodinger/qho/2025-09-19_21-56-28-345443/model.pth
Model state saved to ./results/models/checkpoints/schrodinger/qho/2025-09-19_21-56-28-345443/model_weights.pth
It: 1494, Loss: 7.428e-05, Loss_res: 3.849e-03,  Loss_bcs: 1.087e-06, Loss_ut_ics: 3.470e-03, lr: 1.000e-03, Time: 1.68e+03
Model state saved to ./results/models/checkpoints/schrodinger/qho/2025-09-19_21-56-28-345443/model.pth
Model state saved to ./results/models/checkpoints/schrodinger/qho/2025-09-19_21-56-28-345443/model_weights.pth
It: 1495, Loss: 7.388e-05, Loss_res: 7.033e-03,  Loss_bcs: 1.693e-06, Loss_ut_ics: 1.859e-04, lr: 1.000e-03, Time: 1.68e+03
Model state saved to ./results/models/checkpoints/schrodinger/qho/2025-09-19_21-56-28-345443/model.pth
Model state saved to ./results/models/checkpoints/schrodinger/qho/2025-09-19_21-56-28-345443/model_weights.pth
It: 1496, Loss: 2.271e-05, Loss_res: 1.910e-03,  Loss_bcs: 3.175e-06, Loss_ut_ics: 4.367e-05, lr: 1.000e-03, Time: 1.68e+03
Model state saved to ./results/models/checkpoints/schrodinger/qho/2025-09-19_21-56-28-345443/model.pth
Model state saved to ./results/models/checkpoints/schrodinger/qho/2025-09-19_21-56-28-345443/model_weights.pth
It: 1497, Loss: 4.987e-05, Loss_res: 4.518e-03,  Loss_bcs: 3.764e-06, Loss_ut_ics: 9.326e-05, lr: 1.000e-03, Time: 1.68e+03
Model state saved to ./results/models/checkpoints/schrodinger/qho/2025-09-19_21-56-28-345443/model.pth
Model state saved to ./results/models/checkpoints/schrodinger/qho/2025-09-19_21-56-28-345443/model_weights.pth
It: 1498, Loss: 3.824e-05, Loss_res: 3.418e-03,  Loss_bcs: 3.246e-06, Loss_ut_ics: 8.208e-05, lr: 1.000e-03, Time: 1.68e+03
Model state saved to ./results/models/checkpoints/schrodinger/qho/2025-09-19_21-56-28-345443/model.pth
Model state saved to ./results/models/checkpoints/schrodinger/qho/2025-09-19_21-56-28-345443/model_weights.pth
It: 1499, Loss: 4.880e-05, Loss_res: 3.019e-03,  Loss_bcs: 2.971e-06, Loss_ut_ics: 1.564e-03, lr: 1.000e-03, Time: 1.68e+03
Model state saved to ./results/models/checkpoints/schrodinger/qho/2025-09-19_21-56-28-345443/model.pth
Model state saved to ./results/models/checkpoints/schrodinger/qho/2025-09-19_21-56-28-345443/model_weights.pth
It: 1500, Loss: 8.501e-05, Loss_res: 5.965e-03,  Loss_bcs: 2.991e-06, Loss_ut_ics: 2.238e-03, lr: 1.000e-03, Time: 1.68e+03
Model state saved to ./results/models/checkpoints/schrodinger/qho/2025-09-19_21-56-28-345443/model.pth
Model state saved to ./results/models/checkpoints/schrodinger/qho/2025-09-19_21-56-28-345443/model_weights.pth
It: 1501, Loss: 5.316e-05, Loss_res: 3.951e-03,  Loss_bcs: 2.553e-06, Loss_ut_ics: 1.109e-03, lr: 1.000e-03, Time: 1.68e+03
Model state saved to ./results/models/checkpoints/schrodinger/qho/2025-09-19_21-56-28-345443/model.pth
Model state saved to ./results/models/checkpoints/schrodinger/qho/2025-09-19_21-56-28-345443/model_weights.pth
It: 1502, Loss: 5.955e-05, Loss_res: 3.695e-03,  Loss_bcs: 2.357e-06, Loss_ut_ics: 2.024e-03, lr: 1.000e-03, Time: 1.68e+03
Model state saved to ./results/models/checkpoints/schrodinger/qho/2025-09-19_21-56-28-345443/model.pth
Model state saved to ./results/models/checkpoints/schrodinger/qho/2025-09-19_21-56-28-345443/model_weights.pth
It: 1503, Loss: 2.136e-05, Loss_res: 9.567e-04,  Loss_bcs: 1.892e-06, Loss_ut_ics: 9.906e-04, lr: 1.000e-03, Time: 1.69e+03
Model state saved to ./results/models/checkpoints/schrodinger/qho/2025-09-19_21-56-28-345443/model.pth
Model state saved to ./results/models/checkpoints/schrodinger/qho/2025-09-19_21-56-28-345443/model_weights.pth
It: 1504, Loss: 4.408e-05, Loss_res: 1.744e-03,  Loss_bcs: 1.983e-06, Loss_ut_ics: 2.466e-03, lr: 1.000e-03, Time: 1.69e+03
Model state saved to ./results/models/checkpoints/schrodinger/qho/2025-09-19_21-56-28-345443/model.pth
Model state saved to ./results/models/checkpoints/schrodinger/qho/2025-09-19_21-56-28-345443/model_weights.pth
It: 1505, Loss: 6.430e-05, Loss_res: 5.023e-03,  Loss_bcs: 3.796e-06, Loss_ut_ics: 1.027e-03, lr: 1.000e-03, Time: 1.69e+03
Model state saved to ./results/models/checkpoints/schrodinger/qho/2025-09-19_21-56-28-345443/model.pth
Model state saved to ./results/models/checkpoints/schrodinger/qho/2025-09-19_21-56-28-345443/model_weights.pth
It: 1506, Loss: 4.393e-05, Loss_res: 2.241e-03,  Loss_bcs: 2.790e-06, Loss_ut_ics: 1.873e-03, lr: 1.000e-03, Time: 1.69e+03
Model state saved to ./results/models/checkpoints/schrodinger/qho/2025-09-19_21-56-28-345443/model.pth
Model state saved to ./results/models/checkpoints/schrodinger/qho/2025-09-19_21-56-28-345443/model_weights.pth
It: 1507, Loss: 6.850e-05, Loss_res: 3.131e-03,  Loss_bcs: 9.826e-07, Loss_ut_ics: 3.620e-03, lr: 1.000e-03, Time: 1.69e+03
Model state saved to ./results/models/checkpoints/schrodinger/qho/2025-09-19_21-56-28-345443/model.pth
Model state saved to ./results/models/checkpoints/schrodinger/qho/2025-09-19_21-56-28-345443/model_weights.pth
It: 1508, Loss: 4.570e-05, Loss_res: 3.614e-03,  Loss_bcs: 4.842e-07, Loss_ut_ics: 9.072e-04, lr: 1.000e-03, Time: 1.69e+03
Model state saved to ./results/models/checkpoints/schrodinger/qho/2025-09-19_21-56-28-345443/model.pth
Model state saved to ./results/models/checkpoints/schrodinger/qho/2025-09-19_21-56-28-345443/model_weights.pth
It: 1509, Loss: 5.952e-05, Loss_res: 1.961e-03,  Loss_bcs: 7.320e-07, Loss_ut_ics: 3.918e-03, lr: 1.000e-03, Time: 1.69e+03
Model state saved to ./results/models/checkpoints/schrodinger/qho/2025-09-19_21-56-28-345443/model.pth
Model state saved to ./results/models/checkpoints/schrodinger/qho/2025-09-19_21-56-28-345443/model_weights.pth
It: 1510, Loss: 4.924e-05, Loss_res: 4.130e-03,  Loss_bcs: 8.887e-07, Loss_ut_ics: 7.049e-04, lr: 1.000e-03, Time: 1.69e+03
Model state saved to ./results/models/checkpoints/schrodinger/qho/2025-09-19_21-56-28-345443/model.pth
Model state saved to ./results/models/checkpoints/schrodinger/qho/2025-09-19_21-56-28-345443/model_weights.pth
It: 1511, Loss: 6.639e-05, Loss_res: 5.258e-03,  Loss_bcs: 1.351e-06, Loss_ut_ics: 1.245e-03, lr: 1.000e-03, Time: 1.70e+03
Model state saved to ./results/models/checkpoints/schrodinger/qho/2025-09-19_21-56-28-345443/model.pth
Model state saved to ./results/models/checkpoints/schrodinger/qho/2025-09-19_21-56-28-345443/model_weights.pth
It: 1512, Loss: 4.535e-05, Loss_res: 2.507e-03,  Loss_bcs: 5.911e-06, Loss_ut_ics: 1.437e-03, lr: 1.000e-03, Time: 1.70e+03
Model state saved to ./results/models/checkpoints/schrodinger/qho/2025-09-19_21-56-28-345443/model.pth
Model state saved to ./results/models/checkpoints/schrodinger/qho/2025-09-19_21-56-28-345443/model_weights.pth
It: 1513, Loss: 2.561e-05, Loss_res: 1.753e-03,  Loss_bcs: 2.757e-06, Loss_ut_ics: 5.319e-04, lr: 1.000e-03, Time: 1.70e+03
Model state saved to ./results/models/checkpoints/schrodinger/qho/2025-09-19_21-56-28-345443/model.pth
Model state saved to ./results/models/checkpoints/schrodinger/qho/2025-09-19_21-56-28-345443/model_weights.pth
It: 1514, Loss: 4.404e-05, Loss_res: 2.944e-03,  Loss_bcs: 2.774e-06, Loss_ut_ics: 1.183e-03, lr: 1.000e-03, Time: 1.70e+03
Model state saved to ./results/models/checkpoints/schrodinger/qho/2025-09-19_21-56-28-345443/model.pth
Model state saved to ./results/models/checkpoints/schrodinger/qho/2025-09-19_21-56-28-345443/model_weights.pth
It: 1515, Loss: 6.361e-05, Loss_res: 4.076e-03,  Loss_bcs: 6.575e-06, Loss_ut_ics: 1.628e-03, lr: 1.000e-03, Time: 1.70e+03
Model state saved to ./results/models/checkpoints/schrodinger/qho/2025-09-19_21-56-28-345443/model.pth
Model state saved to ./results/models/checkpoints/schrodinger/qho/2025-09-19_21-56-28-345443/model_weights.pth
It: 1516, Loss: 4.384e-05, Loss_res: 3.673e-03,  Loss_bcs: 3.671e-06, Loss_ut_ics: 3.439e-04, lr: 1.000e-03, Time: 1.70e+03
Model state saved to ./results/models/checkpoints/schrodinger/qho/2025-09-19_21-56-28-345443/model.pth
Model state saved to ./results/models/checkpoints/schrodinger/qho/2025-09-19_21-56-28-345443/model_weights.pth
It: 1517, Loss: 7.990e-05, Loss_res: 4.248e-03,  Loss_bcs: 5.466e-06, Loss_ut_ics: 3.195e-03, lr: 1.000e-03, Time: 1.70e+03
Model state saved to ./results/models/checkpoints/schrodinger/qho/2025-09-19_21-56-28-345443/model.pth
Model state saved to ./results/models/checkpoints/schrodinger/qho/2025-09-19_21-56-28-345443/model_weights.pth
It: 1518, Loss: 8.846e-05, Loss_res: 5.736e-03,  Loss_bcs: 1.315e-05, Loss_ut_ics: 1.795e-03, lr: 1.000e-03, Time: 1.70e+03
Model state saved to ./results/models/checkpoints/schrodinger/qho/2025-09-19_21-56-28-345443/model.pth
Model state saved to ./results/models/checkpoints/schrodinger/qho/2025-09-19_21-56-28-345443/model_weights.pth
It: 1519, Loss: 3.885e-05, Loss_res: 2.865e-03,  Loss_bcs: 8.495e-06, Loss_ut_ics: 1.701e-04, lr: 1.000e-03, Time: 1.71e+03
Model state saved to ./results/models/checkpoints/schrodinger/qho/2025-09-19_21-56-28-345443/model.pth
Model state saved to ./results/models/checkpoints/schrodinger/qho/2025-09-19_21-56-28-345443/model_weights.pth
It: 1520, Loss: 7.194e-05, Loss_res: 2.864e-03,  Loss_bcs: 3.182e-06, Loss_ut_ics: 4.012e-03, lr: 1.000e-03, Time: 1.71e+03
Model state saved to ./results/models/checkpoints/schrodinger/qho/2025-09-19_21-56-28-345443/model.pth
Model state saved to ./results/models/checkpoints/schrodinger/qho/2025-09-19_21-56-28-345443/model_weights.pth
It: 1521, Loss: 2.775e-05, Loss_res: 1.690e-03,  Loss_bcs: 6.143e-06, Loss_ut_ics: 4.711e-04, lr: 1.000e-03, Time: 1.71e+03
Model state saved to ./results/models/checkpoints/schrodinger/qho/2025-09-19_21-56-28-345443/model.pth
Model state saved to ./results/models/checkpoints/schrodinger/qho/2025-09-19_21-56-28-345443/model_weights.pth
It: 1522, Loss: 5.632e-05, Loss_res: 1.559e-03,  Loss_bcs: 6.837e-06, Loss_ut_ics: 3.390e-03, lr: 1.000e-03, Time: 1.71e+03
Model state saved to ./results/models/checkpoints/schrodinger/qho/2025-09-19_21-56-28-345443/model.pth
Model state saved to ./results/models/checkpoints/schrodinger/qho/2025-09-19_21-56-28-345443/model_weights.pth
It: 1523, Loss: 1.792e-05, Loss_res: 9.202e-04,  Loss_bcs: 2.778e-06, Loss_ut_ics: 5.943e-04, lr: 1.000e-03, Time: 1.71e+03
Model state saved to ./results/models/checkpoints/schrodinger/qho/2025-09-19_21-56-28-345443/model.pth
Model state saved to ./results/models/checkpoints/schrodinger/qho/2025-09-19_21-56-28-345443/model_weights.pth
It: 1524, Loss: 5.539e-05, Loss_res: 3.578e-03,  Loss_bcs: 7.901e-06, Loss_ut_ics: 1.171e-03, lr: 1.000e-03, Time: 1.71e+03
Model state saved to ./results/models/checkpoints/schrodinger/qho/2025-09-19_21-56-28-345443/model.pth
Model state saved to ./results/models/checkpoints/schrodinger/qho/2025-09-19_21-56-28-345443/model_weights.pth
It: 1525, Loss: 5.943e-05, Loss_res: 4.683e-03,  Loss_bcs: 8.905e-06, Loss_ut_ics: 3.700e-04, lr: 1.000e-03, Time: 1.71e+03
Model state saved to ./results/models/checkpoints/schrodinger/qho/2025-09-19_21-56-28-345443/model.pth
Model state saved to ./results/models/checkpoints/schrodinger/qho/2025-09-19_21-56-28-345443/model_weights.pth
It: 1526, Loss: 3.553e-05, Loss_res: 3.017e-03,  Loss_bcs: 9.671e-07, Loss_ut_ics: 4.398e-04, lr: 1.000e-03, Time: 1.71e+03
Model state saved to ./results/models/checkpoints/schrodinger/qho/2025-09-19_21-56-28-345443/model.pth
Model state saved to ./results/models/checkpoints/schrodinger/qho/2025-09-19_21-56-28-345443/model_weights.pth
It: 1527, Loss: 6.082e-05, Loss_res: 4.230e-03,  Loss_bcs: 5.269e-06, Loss_ut_ics: 1.325e-03, lr: 1.000e-03, Time: 1.71e+03
Model state saved to ./results/models/checkpoints/schrodinger/qho/2025-09-19_21-56-28-345443/model.pth
Model state saved to ./results/models/checkpoints/schrodinger/qho/2025-09-19_21-56-28-345443/model_weights.pth
It: 1528, Loss: 9.427e-05, Loss_res: 7.244e-03,  Loss_bcs: 5.251e-06, Loss_ut_ics: 1.659e-03, lr: 1.000e-03, Time: 1.72e+03
Model state saved to ./results/models/checkpoints/schrodinger/qho/2025-09-19_21-56-28-345443/model.pth
Model state saved to ./results/models/checkpoints/schrodinger/qho/2025-09-19_21-56-28-345443/model_weights.pth
It: 1529, Loss: 2.123e-05, Loss_res: 1.916e-03,  Loss_bcs: 4.037e-07, Loss_ut_ics: 1.666e-04, lr: 1.000e-03, Time: 1.72e+03
Model state saved to ./results/models/checkpoints/schrodinger/qho/2025-09-19_21-56-28-345443/model.pth
Model state saved to ./results/models/checkpoints/schrodinger/qho/2025-09-19_21-56-28-345443/model_weights.pth
It: 1530, Loss: 3.023e-05, Loss_res: 2.218e-03,  Loss_bcs: 6.600e-06, Loss_ut_ics: 1.445e-04, lr: 1.000e-03, Time: 1.72e+03
Model state saved to ./results/models/checkpoints/schrodinger/qho/2025-09-19_21-56-28-345443/model.pth
Model state saved to ./results/models/checkpoints/schrodinger/qho/2025-09-19_21-56-28-345443/model_weights.pth
It: 1531, Loss: 3.018e-05, Loss_res: 2.094e-03,  Loss_bcs: 8.773e-06, Loss_ut_ics: 4.742e-05, lr: 1.000e-03, Time: 1.72e+03
Model state saved to ./results/models/checkpoints/schrodinger/qho/2025-09-19_21-56-28-345443/model.pth
Model state saved to ./results/models/checkpoints/schrodinger/qho/2025-09-19_21-56-28-345443/model_weights.pth
It: 1532, Loss: 3.817e-05, Loss_res: 2.582e-03,  Loss_bcs: 1.273e-06, Loss_ut_ics: 1.108e-03, lr: 1.000e-03, Time: 1.72e+03
Model state saved to ./results/models/checkpoints/schrodinger/qho/2025-09-19_21-56-28-345443/model.pth
Model state saved to ./results/models/checkpoints/schrodinger/qho/2025-09-19_21-56-28-345443/model_weights.pth
It: 1533, Loss: 9.617e-05, Loss_res: 6.791e-03,  Loss_bcs: 5.196e-06, Loss_ut_ics: 2.306e-03, lr: 1.000e-03, Time: 1.72e+03
Model state saved to ./results/models/checkpoints/schrodinger/qho/2025-09-19_21-56-28-345443/model.pth
Model state saved to ./results/models/checkpoints/schrodinger/qho/2025-09-19_21-56-28-345443/model_weights.pth
It: 1534, Loss: 3.518e-05, Loss_res: 2.513e-03,  Loss_bcs: 4.683e-06, Loss_ut_ics: 5.368e-04, lr: 1.000e-03, Time: 1.72e+03
Model state saved to ./results/models/checkpoints/schrodinger/qho/2025-09-19_21-56-28-345443/model.pth
Model state saved to ./results/models/checkpoints/schrodinger/qho/2025-09-19_21-56-28-345443/model_weights.pth
It: 1535, Loss: 4.775e-05, Loss_res: 1.294e-03,  Loss_bcs: 2.755e-06, Loss_ut_ics: 3.205e-03, lr: 1.000e-03, Time: 1.72e+03
Model state saved to ./results/models/checkpoints/schrodinger/qho/2025-09-19_21-56-28-345443/model.pth
Model state saved to ./results/models/checkpoints/schrodinger/qho/2025-09-19_21-56-28-345443/model_weights.pth
It: 1536, Loss: 6.402e-05, Loss_res: 3.498e-03,  Loss_bcs: 1.205e-05, Loss_ut_ics: 1.699e-03, lr: 1.000e-03, Time: 1.73e+03
Model state saved to ./results/models/checkpoints/schrodinger/qho/2025-09-19_21-56-28-345443/model.pth
Model state saved to ./results/models/checkpoints/schrodinger/qho/2025-09-19_21-56-28-345443/model_weights.pth
It: 1537, Loss: 5.359e-05, Loss_res: 2.384e-03,  Loss_bcs: 1.158e-05, Loss_ut_ics: 1.817e-03, lr: 1.000e-03, Time: 1.73e+03
Model state saved to ./results/models/checkpoints/schrodinger/qho/2025-09-19_21-56-28-345443/model.pth
Model state saved to ./results/models/checkpoints/schrodinger/qho/2025-09-19_21-56-28-345443/model_weights.pth
It: 1538, Loss: 4.311e-05, Loss_res: 1.996e-03,  Loss_bcs: 4.667e-06, Loss_ut_ics: 1.849e-03, lr: 1.000e-03, Time: 1.73e+03
Model state saved to ./results/models/checkpoints/schrodinger/qho/2025-09-19_21-56-28-345443/model.pth
Model state saved to ./results/models/checkpoints/schrodinger/qho/2025-09-19_21-56-28-345443/model_weights.pth
It: 1539, Loss: 5.415e-05, Loss_res: 2.498e-03,  Loss_bcs: 8.230e-06, Loss_ut_ics: 2.094e-03, lr: 1.000e-03, Time: 1.73e+03
Model state saved to ./results/models/checkpoints/schrodinger/qho/2025-09-19_21-56-28-345443/model.pth
Model state saved to ./results/models/checkpoints/schrodinger/qho/2025-09-19_21-56-28-345443/model_weights.pth
It: 1540, Loss: 6.092e-05, Loss_res: 3.707e-03,  Loss_bcs: 7.593e-06, Loss_ut_ics: 1.626e-03, lr: 1.000e-03, Time: 1.73e+03
Model state saved to ./results/models/checkpoints/schrodinger/qho/2025-09-19_21-56-28-345443/model.pth
Model state saved to ./results/models/checkpoints/schrodinger/qho/2025-09-19_21-56-28-345443/model_weights.pth
It: 1541, Loss: 6.959e-05, Loss_res: 4.456e-03,  Loss_bcs: 4.407e-06, Loss_ut_ics: 2.062e-03, lr: 1.000e-03, Time: 1.73e+03
Model state saved to ./results/models/checkpoints/schrodinger/qho/2025-09-19_21-56-28-345443/model.pth
Model state saved to ./results/models/checkpoints/schrodinger/qho/2025-09-19_21-56-28-345443/model_weights.pth
It: 1542, Loss: 4.458e-05, Loss_res: 1.945e-03,  Loss_bcs: 7.715e-06, Loss_ut_ics: 1.741e-03, lr: 1.000e-03, Time: 1.73e+03
Model state saved to ./results/models/checkpoints/schrodinger/qho/2025-09-19_21-56-28-345443/model.pth
Model state saved to ./results/models/checkpoints/schrodinger/qho/2025-09-19_21-56-28-345443/model_weights.pth
It: 1543, Loss: 4.817e-05, Loss_res: 3.537e-03,  Loss_bcs: 6.387e-06, Loss_ut_ics: 6.413e-04, lr: 1.000e-03, Time: 1.73e+03
Model state saved to ./results/models/checkpoints/schrodinger/qho/2025-09-19_21-56-28-345443/model.pth
Model state saved to ./results/models/checkpoints/schrodinger/qho/2025-09-19_21-56-28-345443/model_weights.pth
It: 1544, Loss: 2.753e-05, Loss_res: 9.334e-04,  Loss_bcs: 2.157e-06, Loss_ut_ics: 1.604e-03, lr: 1.000e-03, Time: 1.73e+03
Model state saved to ./results/models/checkpoints/schrodinger/qho/2025-09-19_21-56-28-345443/model.pth
Model state saved to ./results/models/checkpoints/schrodinger/qho/2025-09-19_21-56-28-345443/model_weights.pth
It: 1545, Loss: 2.794e-05, Loss_res: 9.610e-04,  Loss_bcs: 1.938e-06, Loss_ut_ics: 1.639e-03, lr: 1.000e-03, Time: 1.74e+03
Model state saved to ./results/models/checkpoints/schrodinger/qho/2025-09-19_21-56-28-345443/model.pth
Model state saved to ./results/models/checkpoints/schrodinger/qho/2025-09-19_21-56-28-345443/model_weights.pth
It: 1546, Loss: 6.491e-05, Loss_res: 6.193e-03,  Loss_bcs: 2.396e-06, Loss_ut_ics: 5.920e-05, lr: 1.000e-03, Time: 1.74e+03
Model state saved to ./results/models/checkpoints/schrodinger/qho/2025-09-19_21-56-28-345443/model.pth
Model state saved to ./results/models/checkpoints/schrodinger/qho/2025-09-19_21-56-28-345443/model_weights.pth
It: 1547, Loss: 3.029e-05, Loss_res: 1.911e-03,  Loss_bcs: 1.738e-06, Loss_ut_ics: 9.444e-04, lr: 1.000e-03, Time: 1.74e+03
Model state saved to ./results/models/checkpoints/schrodinger/qho/2025-09-19_21-56-28-345443/model.pth
Model state saved to ./results/models/checkpoints/schrodinger/qho/2025-09-19_21-56-28-345443/model_weights.pth
It: 1548, Loss: 6.064e-05, Loss_res: 4.259e-03,  Loss_bcs: 1.614e-06, Loss_ut_ics: 1.644e-03, lr: 1.000e-03, Time: 1.74e+03
Model state saved to ./results/models/checkpoints/schrodinger/qho/2025-09-19_21-56-28-345443/model.pth
Model state saved to ./results/models/checkpoints/schrodinger/qho/2025-09-19_21-56-28-345443/model_weights.pth
It: 1549, Loss: 4.974e-05, Loss_res: 2.776e-03,  Loss_bcs: 2.637e-06, Loss_ut_ics: 1.934e-03, lr: 1.000e-03, Time: 1.74e+03
Model state saved to ./results/models/checkpoints/schrodinger/qho/2025-09-19_21-56-28-345443/model.pth
Model state saved to ./results/models/checkpoints/schrodinger/qho/2025-09-19_21-56-28-345443/model_weights.pth
It: 1550, Loss: 5.570e-05, Loss_res: 3.508e-03,  Loss_bcs: 6.069e-07, Loss_ut_ics: 2.001e-03, lr: 1.000e-03, Time: 1.74e+03
Model state saved to ./results/models/checkpoints/schrodinger/qho/2025-09-19_21-56-28-345443/model.pth
Model state saved to ./results/models/checkpoints/schrodinger/qho/2025-09-19_21-56-28-345443/model_weights.pth
It: 1551, Loss: 3.765e-05, Loss_res: 3.195e-03,  Loss_bcs: 8.468e-07, Loss_ut_ics: 4.851e-04, lr: 1.000e-03, Time: 1.74e+03
Model state saved to ./results/models/checkpoints/schrodinger/qho/2025-09-19_21-56-28-345443/model.pth
Model state saved to ./results/models/checkpoints/schrodinger/qho/2025-09-19_21-56-28-345443/model_weights.pth
It: 1552, Loss: 6.162e-05, Loss_res: 3.203e-03,  Loss_bcs: 2.946e-06, Loss_ut_ics: 2.664e-03, lr: 1.000e-03, Time: 1.74e+03
Model state saved to ./results/models/checkpoints/schrodinger/qho/2025-09-19_21-56-28-345443/model.pth
Model state saved to ./results/models/checkpoints/schrodinger/qho/2025-09-19_21-56-28-345443/model_weights.pth
It: 1553, Loss: 2.911e-05, Loss_res: 1.695e-03,  Loss_bcs: 1.001e-06, Loss_ut_ics: 1.116e-03, lr: 1.000e-03, Time: 1.74e+03
Model state saved to ./results/models/checkpoints/schrodinger/qho/2025-09-19_21-56-28-345443/model.pth
Model state saved to ./results/models/checkpoints/schrodinger/qho/2025-09-19_21-56-28-345443/model_weights.pth
It: 1554, Loss: 1.992e-05, Loss_res: 1.248e-03,  Loss_bcs: 1.944e-06, Loss_ut_ics: 5.490e-04, lr: 1.000e-03, Time: 1.75e+03
Model state saved to ./results/models/checkpoints/schrodinger/qho/2025-09-19_21-56-28-345443/model.pth
Model state saved to ./results/models/checkpoints/schrodinger/qho/2025-09-19_21-56-28-345443/model_weights.pth
It: 1555, Loss: 7.513e-05, Loss_res: 5.907e-03,  Loss_bcs: 5.021e-06, Loss_ut_ics: 1.104e-03, lr: 1.000e-03, Time: 1.75e+03
Model state saved to ./results/models/checkpoints/schrodinger/qho/2025-09-19_21-56-28-345443/model.pth
Model state saved to ./results/models/checkpoints/schrodinger/qho/2025-09-19_21-56-28-345443/model_weights.pth
It: 1556, Loss: 6.289e-05, Loss_res: 5.222e-03,  Loss_bcs: 4.691e-06, Loss_ut_ics: 5.974e-04, lr: 1.000e-03, Time: 1.75e+03
Model state saved to ./results/models/checkpoints/schrodinger/qho/2025-09-19_21-56-28-345443/model.pth
Model state saved to ./results/models/checkpoints/schrodinger/qho/2025-09-19_21-56-28-345443/model_weights.pth
It: 1557, Loss: 6.102e-05, Loss_res: 2.242e-03,  Loss_bcs: 2.618e-06, Loss_ut_ics: 3.598e-03, lr: 1.000e-03, Time: 1.75e+03
Model state saved to ./results/models/checkpoints/schrodinger/qho/2025-09-19_21-56-28-345443/model.pth
Model state saved to ./results/models/checkpoints/schrodinger/qho/2025-09-19_21-56-28-345443/model_weights.pth
It: 1558, Loss: 3.011e-05, Loss_res: 1.969e-03,  Loss_bcs: 2.687e-06, Loss_ut_ics: 7.738e-04, lr: 1.000e-03, Time: 1.75e+03
Model state saved to ./results/models/checkpoints/schrodinger/qho/2025-09-19_21-56-28-345443/model.pth
Model state saved to ./results/models/checkpoints/schrodinger/qho/2025-09-19_21-56-28-345443/model_weights.pth
It: 1559, Loss: 1.941e-05, Loss_res: 1.676e-03,  Loss_bcs: 2.232e-06, Loss_ut_ics: 4.213e-05, lr: 1.000e-03, Time: 1.75e+03
Model state saved to ./results/models/checkpoints/schrodinger/qho/2025-09-19_21-56-28-345443/model.pth
Model state saved to ./results/models/checkpoints/schrodinger/qho/2025-09-19_21-56-28-345443/model_weights.pth
It: 1560, Loss: 3.836e-05, Loss_res: 2.243e-03,  Loss_bcs: 3.055e-06, Loss_ut_ics: 1.288e-03, lr: 1.000e-03, Time: 1.75e+03
Model state saved to ./results/models/checkpoints/schrodinger/qho/2025-09-19_21-56-28-345443/model.pth
Model state saved to ./results/models/checkpoints/schrodinger/qho/2025-09-19_21-56-28-345443/model_weights.pth
It: 1561, Loss: 4.874e-05, Loss_res: 2.551e-03,  Loss_bcs: 4.593e-06, Loss_ut_ics: 1.864e-03, lr: 1.000e-03, Time: 1.75e+03
Model state saved to ./results/models/checkpoints/schrodinger/qho/2025-09-19_21-56-28-345443/model.pth
Model state saved to ./results/models/checkpoints/schrodinger/qho/2025-09-19_21-56-28-345443/model_weights.pth
It: 1562, Loss: 4.467e-05, Loss_res: 3.208e-03,  Loss_bcs: 3.055e-06, Loss_ut_ics: 9.531e-04, lr: 1.000e-03, Time: 1.76e+03
Model state saved to ./results/models/checkpoints/schrodinger/qho/2025-09-19_21-56-28-345443/model.pth
Model state saved to ./results/models/checkpoints/schrodinger/qho/2025-09-19_21-56-28-345443/model_weights.pth
It: 1563, Loss: 4.652e-05, Loss_res: 1.582e-03,  Loss_bcs: 9.689e-07, Loss_ut_ics: 2.973e-03, lr: 1.000e-03, Time: 1.76e+03
Model state saved to ./results/models/checkpoints/schrodinger/qho/2025-09-19_21-56-28-345443/model.pth
Model state saved to ./results/models/checkpoints/schrodinger/qho/2025-09-19_21-56-28-345443/model_weights.pth
It: 1564, Loss: 4.235e-05, Loss_res: 2.160e-03,  Loss_bcs: 1.149e-06, Loss_ut_ics: 1.960e-03, lr: 1.000e-03, Time: 1.76e+03
Model state saved to ./results/models/checkpoints/schrodinger/qho/2025-09-19_21-56-28-345443/model.pth
Model state saved to ./results/models/checkpoints/schrodinger/qho/2025-09-19_21-56-28-345443/model_weights.pth
It: 1565, Loss: 3.607e-05, Loss_res: 2.316e-03,  Loss_bcs: 8.102e-07, Loss_ut_ics: 1.210e-03, lr: 1.000e-03, Time: 1.76e+03
Model state saved to ./results/models/checkpoints/schrodinger/qho/2025-09-19_21-56-28-345443/model.pth
Model state saved to ./results/models/checkpoints/schrodinger/qho/2025-09-19_21-56-28-345443/model_weights.pth
It: 1566, Loss: 3.978e-05, Loss_res: 2.987e-03,  Loss_bcs: 3.857e-06, Loss_ut_ics: 6.046e-04, lr: 1.000e-03, Time: 1.76e+03
Model state saved to ./results/models/checkpoints/schrodinger/qho/2025-09-19_21-56-28-345443/model.pth
Model state saved to ./results/models/checkpoints/schrodinger/qho/2025-09-19_21-56-28-345443/model_weights.pth
It: 1567, Loss: 3.059e-05, Loss_res: 2.092e-03,  Loss_bcs: 5.126e-06, Loss_ut_ics: 4.542e-04, lr: 1.000e-03, Time: 1.76e+03
Model state saved to ./results/models/checkpoints/schrodinger/qho/2025-09-19_21-56-28-345443/model.pth
Model state saved to ./results/models/checkpoints/schrodinger/qho/2025-09-19_21-56-28-345443/model_weights.pth
It: 1568, Loss: 3.377e-05, Loss_res: 2.702e-03,  Loss_bcs: 2.423e-06, Loss_ut_ics: 4.322e-04, lr: 1.000e-03, Time: 1.76e+03
Model state saved to ./results/models/checkpoints/schrodinger/qho/2025-09-19_21-56-28-345443/model.pth
Model state saved to ./results/models/checkpoints/schrodinger/qho/2025-09-19_21-56-28-345443/model_weights.pth
It: 1569, Loss: 4.330e-05, Loss_res: 3.914e-03,  Loss_bcs: 1.072e-06, Loss_ut_ics: 3.081e-04, lr: 1.000e-03, Time: 1.76e+03
Model state saved to ./results/models/checkpoints/schrodinger/qho/2025-09-19_21-56-28-345443/model.pth
Model state saved to ./results/models/checkpoints/schrodinger/qho/2025-09-19_21-56-28-345443/model_weights.pth
It: 1570, Loss: 4.734e-05, Loss_res: 4.247e-03,  Loss_bcs: 2.752e-06, Loss_ut_ics: 2.124e-04, lr: 1.000e-03, Time: 1.77e+03
Model state saved to ./results/models/checkpoints/schrodinger/qho/2025-09-19_21-56-28-345443/model.pth
Model state saved to ./results/models/checkpoints/schrodinger/qho/2025-09-19_21-56-28-345443/model_weights.pth
It: 1571, Loss: 6.220e-05, Loss_res: 4.908e-03,  Loss_bcs: 2.902e-06, Loss_ut_ics: 1.022e-03, lr: 1.000e-03, Time: 1.77e+03
Model state saved to ./results/models/checkpoints/schrodinger/qho/2025-09-19_21-56-28-345443/model.pth
Model state saved to ./results/models/checkpoints/schrodinger/qho/2025-09-19_21-56-28-345443/model_weights.pth
It: 1572, Loss: 1.878e-05, Loss_res: 1.212e-03,  Loss_bcs: 1.646e-06, Loss_ut_ics: 5.012e-04, lr: 1.000e-03, Time: 1.77e+03
Model state saved to ./results/models/checkpoints/schrodinger/qho/2025-09-19_21-56-28-345443/model.pth
Model state saved to ./results/models/checkpoints/schrodinger/qho/2025-09-19_21-56-28-345443/model_weights.pth
It: 1573, Loss: 2.840e-05, Loss_res: 1.113e-03,  Loss_bcs: 4.060e-06, Loss_ut_ics: 1.320e-03, lr: 1.000e-03, Time: 1.77e+03
Model state saved to ./results/models/checkpoints/schrodinger/qho/2025-09-19_21-56-28-345443/model.pth
Model state saved to ./results/models/checkpoints/schrodinger/qho/2025-09-19_21-56-28-345443/model_weights.pth
It: 1574, Loss: 4.330e-05, Loss_res: 3.593e-03,  Loss_bcs: 4.355e-06, Loss_ut_ics: 3.020e-04, lr: 1.000e-03, Time: 1.77e+03
Model state saved to ./results/models/checkpoints/schrodinger/qho/2025-09-19_21-56-28-345443/model.pth
Model state saved to ./results/models/checkpoints/schrodinger/qho/2025-09-19_21-56-28-345443/model_weights.pth
It: 1575, Loss: 3.926e-05, Loss_res: 3.732e-03,  Loss_bcs: 1.495e-06, Loss_ut_ics: 4.439e-05, lr: 1.000e-03, Time: 1.77e+03
Model state saved to ./results/models/checkpoints/schrodinger/qho/2025-09-19_21-56-28-345443/model.pth
Model state saved to ./results/models/checkpoints/schrodinger/qho/2025-09-19_21-56-28-345443/model_weights.pth
It: 1576, Loss: 3.605e-05, Loss_res: 2.867e-03,  Loss_bcs: 1.742e-06, Loss_ut_ics: 5.644e-04, lr: 1.000e-03, Time: 1.77e+03
Model state saved to ./results/models/checkpoints/schrodinger/qho/2025-09-19_21-56-28-345443/model.pth
Model state saved to ./results/models/checkpoints/schrodinger/qho/2025-09-19_21-56-28-345443/model_weights.pth
It: 1577, Loss: 2.379e-05, Loss_res: 2.165e-03,  Loss_bcs: 1.601e-06, Loss_ut_ics: 5.403e-05, lr: 1.000e-03, Time: 1.77e+03
Model state saved to ./results/models/checkpoints/schrodinger/qho/2025-09-19_21-56-28-345443/model.pth
Model state saved to ./results/models/checkpoints/schrodinger/qho/2025-09-19_21-56-28-345443/model_weights.pth
It: 1578, Loss: 5.028e-05, Loss_res: 4.310e-03,  Loss_bcs: 1.001e-06, Loss_ut_ics: 6.181e-04, lr: 1.000e-03, Time: 1.77e+03
Model state saved to ./results/models/checkpoints/schrodinger/qho/2025-09-19_21-56-28-345443/model.pth
Model state saved to ./results/models/checkpoints/schrodinger/qho/2025-09-19_21-56-28-345443/model_weights.pth
It: 1579, Loss: 3.835e-05, Loss_res: 2.243e-03,  Loss_bcs: 2.244e-06, Loss_ut_ics: 1.367e-03, lr: 1.000e-03, Time: 1.78e+03
Model state saved to ./results/models/checkpoints/schrodinger/qho/2025-09-19_21-56-28-345443/model.pth
Model state saved to ./results/models/checkpoints/schrodinger/qho/2025-09-19_21-56-28-345443/model_weights.pth
It: 1580, Loss: 3.581e-05, Loss_res: 1.356e-03,  Loss_bcs: 2.711e-06, Loss_ut_ics: 1.954e-03, lr: 1.000e-03, Time: 1.78e+03
Model state saved to ./results/models/checkpoints/schrodinger/qho/2025-09-19_21-56-28-345443/model.pth
Model state saved to ./results/models/checkpoints/schrodinger/qho/2025-09-19_21-56-28-345443/model_weights.pth
It: 1581, Loss: 6.124e-05, Loss_res: 4.401e-03,  Loss_bcs: 1.899e-06, Loss_ut_ics: 1.533e-03, lr: 1.000e-03, Time: 1.78e+03
Model state saved to ./results/models/checkpoints/schrodinger/qho/2025-09-19_21-56-28-345443/model.pth
Model state saved to ./results/models/checkpoints/schrodinger/qho/2025-09-19_21-56-28-345443/model_weights.pth
It: 1582, Loss: 3.942e-05, Loss_res: 1.827e-03,  Loss_bcs: 6.042e-07, Loss_ut_ics: 2.055e-03, lr: 1.000e-03, Time: 1.78e+03
Model state saved to ./results/models/checkpoints/schrodinger/qho/2025-09-19_21-56-28-345443/model.pth
Model state saved to ./results/models/checkpoints/schrodinger/qho/2025-09-19_21-56-28-345443/model_weights.pth
It: 1583, Loss: 5.154e-05, Loss_res: 1.785e-03,  Loss_bcs: 7.904e-07, Loss_ut_ics: 3.289e-03, lr: 1.000e-03, Time: 1.78e+03
Model state saved to ./results/models/checkpoints/schrodinger/qho/2025-09-19_21-56-28-345443/model.pth
Model state saved to ./results/models/checkpoints/schrodinger/qho/2025-09-19_21-56-28-345443/model_weights.pth
It: 1584, Loss: 2.797e-05, Loss_res: 2.018e-03,  Loss_bcs: 1.152e-06, Loss_ut_ics: 6.642e-04, lr: 1.000e-03, Time: 1.78e+03
Model state saved to ./results/models/checkpoints/schrodinger/qho/2025-09-19_21-56-28-345443/model.pth
Model state saved to ./results/models/checkpoints/schrodinger/qho/2025-09-19_21-56-28-345443/model_weights.pth
It: 1585, Loss: 2.092e-05, Loss_res: 1.309e-03,  Loss_bcs: 3.666e-06, Loss_ut_ics: 4.169e-04, lr: 1.000e-03, Time: 1.78e+03
Model state saved to ./results/models/checkpoints/schrodinger/qho/2025-09-19_21-56-28-345443/model.pth
Model state saved to ./results/models/checkpoints/schrodinger/qho/2025-09-19_21-56-28-345443/model_weights.pth
It: 1586, Loss: 3.367e-05, Loss_res: 2.231e-03,  Loss_bcs: 3.126e-06, Loss_ut_ics: 8.238e-04, lr: 1.000e-03, Time: 1.78e+03
Model state saved to ./results/models/checkpoints/schrodinger/qho/2025-09-19_21-56-28-345443/model.pth
Model state saved to ./results/models/checkpoints/schrodinger/qho/2025-09-19_21-56-28-345443/model_weights.pth
It: 1587, Loss: 2.305e-05, Loss_res: 1.371e-03,  Loss_bcs: 1.057e-06, Loss_ut_ics: 8.286e-04, lr: 1.000e-03, Time: 1.78e+03
Model state saved to ./results/models/checkpoints/schrodinger/qho/2025-09-19_21-56-28-345443/model.pth
Model state saved to ./results/models/checkpoints/schrodinger/qho/2025-09-19_21-56-28-345443/model_weights.pth
It: 1588, Loss: 1.427e-05, Loss_res: 1.278e-03,  Loss_bcs: 1.077e-06, Loss_ut_ics: 4.048e-05, lr: 1.000e-03, Time: 1.79e+03
Model state saved to ./results/models/checkpoints/schrodinger/qho/2025-09-19_21-56-28-345443/model.pth
Model state saved to ./results/models/checkpoints/schrodinger/qho/2025-09-19_21-56-28-345443/model_weights.pth
It: 1589, Loss: 3.155e-05, Loss_res: 2.954e-03,  Loss_bcs: 1.034e-06, Loss_ut_ics: 9.754e-05, lr: 1.000e-03, Time: 1.79e+03
Model state saved to ./results/models/checkpoints/schrodinger/qho/2025-09-19_21-56-28-345443/model.pth
Model state saved to ./results/models/checkpoints/schrodinger/qho/2025-09-19_21-56-28-345443/model_weights.pth
It: 1590, Loss: 1.249e-05, Loss_res: 4.976e-04,  Loss_bcs: 1.990e-06, Loss_ut_ics: 5.525e-04, lr: 1.000e-03, Time: 1.79e+03
Model state saved to ./results/models/checkpoints/schrodinger/qho/2025-09-19_21-56-28-345443/model.pth
Model state saved to ./results/models/checkpoints/schrodinger/qho/2025-09-19_21-56-28-345443/model_weights.pth
It: 1591, Loss: 8.477e-05, Loss_res: 5.187e-03,  Loss_bcs: 2.921e-06, Loss_ut_ics: 2.997e-03, lr: 1.000e-03, Time: 1.79e+03
Model state saved to ./results/models/checkpoints/schrodinger/qho/2025-09-19_21-56-28-345443/model.pth
Model state saved to ./results/models/checkpoints/schrodinger/qho/2025-09-19_21-56-28-345443/model_weights.pth
It: 1592, Loss: 4.208e-05, Loss_res: 2.629e-03,  Loss_bcs: 1.997e-06, Loss_ut_ics: 1.379e-03, lr: 1.000e-03, Time: 1.79e+03
Model state saved to ./results/models/checkpoints/schrodinger/qho/2025-09-19_21-56-28-345443/model.pth
Model state saved to ./results/models/checkpoints/schrodinger/qho/2025-09-19_21-56-28-345443/model_weights.pth
It: 1593, Loss: 3.714e-05, Loss_res: 3.320e-03,  Loss_bcs: 1.922e-06, Loss_ut_ics: 2.024e-04, lr: 1.000e-03, Time: 1.79e+03
Model state saved to ./results/models/checkpoints/schrodinger/qho/2025-09-19_21-56-28-345443/model.pth
Model state saved to ./results/models/checkpoints/schrodinger/qho/2025-09-19_21-56-28-345443/model_weights.pth
It: 1594, Loss: 3.688e-05, Loss_res: 1.965e-03,  Loss_bcs: 2.544e-06, Loss_ut_ics: 1.468e-03, lr: 1.000e-03, Time: 1.79e+03
Model state saved to ./results/models/checkpoints/schrodinger/qho/2025-09-19_21-56-28-345443/model.pth
Model state saved to ./results/models/checkpoints/schrodinger/qho/2025-09-19_21-56-28-345443/model_weights.pth
It: 1595, Loss: 6.585e-05, Loss_res: 4.913e-03,  Loss_bcs: 2.736e-06, Loss_ut_ics: 1.399e-03, lr: 1.000e-03, Time: 1.79e+03
Model state saved to ./results/models/checkpoints/schrodinger/qho/2025-09-19_21-56-28-345443/model.pth
Model state saved to ./results/models/checkpoints/schrodinger/qho/2025-09-19_21-56-28-345443/model_weights.pth
It: 1596, Loss: 3.083e-05, Loss_res: 2.664e-03,  Loss_bcs: 3.165e-06, Loss_ut_ics: 1.017e-04, lr: 1.000e-03, Time: 1.80e+03
Model state saved to ./results/models/checkpoints/schrodinger/qho/2025-09-19_21-56-28-345443/model.pth
Model state saved to ./results/models/checkpoints/schrodinger/qho/2025-09-19_21-56-28-345443/model_weights.pth
It: 1597, Loss: 4.644e-05, Loss_res: 3.520e-03,  Loss_bcs: 4.382e-06, Loss_ut_ics: 6.856e-04, lr: 1.000e-03, Time: 1.80e+03
Model state saved to ./results/models/checkpoints/schrodinger/qho/2025-09-19_21-56-28-345443/model.pth
Model state saved to ./results/models/checkpoints/schrodinger/qho/2025-09-19_21-56-28-345443/model_weights.pth
It: 1598, Loss: 6.500e-05, Loss_res: 5.235e-03,  Loss_bcs: 2.678e-06, Loss_ut_ics: 9.968e-04, lr: 1.000e-03, Time: 1.80e+03
Model state saved to ./results/models/checkpoints/schrodinger/qho/2025-09-19_21-56-28-345443/model.pth
Model state saved to ./results/models/checkpoints/schrodinger/qho/2025-09-19_21-56-28-345443/model_weights.pth
It: 1599, Loss: 4.036e-05, Loss_res: 3.733e-03,  Loss_bcs: 2.949e-06, Loss_ut_ics: 8.242e-06, lr: 1.000e-03, Time: 1.80e+03
Model state saved to ./results/models/checkpoints/schrodinger/qho/2025-09-19_21-56-28-345443/model.pth
Model state saved to ./results/models/checkpoints/schrodinger/qho/2025-09-19_21-56-28-345443/model_weights.pth
It: 1600, Loss: 6.206e-05, Loss_res: 4.434e-03,  Loss_bcs: 3.476e-06, Loss_ut_ics: 1.425e-03, lr: 1.000e-03, Time: 1.80e+03
Model state saved to ./results/models/checkpoints/schrodinger/qho/2025-09-19_21-56-28-345443/model.pth
Model state saved to ./results/models/checkpoints/schrodinger/qho/2025-09-19_21-56-28-345443/model_weights.pth
It: 1601, Loss: 1.721e-05, Loss_res: 1.416e-03,  Loss_bcs: 2.820e-06, Loss_ut_ics: 2.355e-05, lr: 1.000e-03, Time: 1.80e+03
Model state saved to ./results/models/checkpoints/schrodinger/qho/2025-09-19_21-56-28-345443/model.pth
Model state saved to ./results/models/checkpoints/schrodinger/qho/2025-09-19_21-56-28-345443/model_weights.pth
It: 1602, Loss: 2.650e-05, Loss_res: 1.120e-03,  Loss_bcs: 2.397e-06, Loss_ut_ics: 1.290e-03, lr: 1.000e-03, Time: 1.80e+03
Model state saved to ./results/models/checkpoints/schrodinger/qho/2025-09-19_21-56-28-345443/model.pth
Model state saved to ./results/models/checkpoints/schrodinger/qho/2025-09-19_21-56-28-345443/model_weights.pth
It: 1603, Loss: 3.348e-05, Loss_res: 2.181e-03,  Loss_bcs: 4.695e-06, Loss_ut_ics: 6.977e-04, lr: 1.000e-03, Time: 1.80e+03
Model state saved to ./results/models/checkpoints/schrodinger/qho/2025-09-19_21-56-28-345443/model.pth
Model state saved to ./results/models/checkpoints/schrodinger/qho/2025-09-19_21-56-28-345443/model_weights.pth
It: 1604, Loss: 5.592e-05, Loss_res: 2.730e-03,  Loss_bcs: 1.585e-06, Loss_ut_ics: 2.704e-03, lr: 1.000e-03, Time: 1.80e+03
Model state saved to ./results/models/checkpoints/schrodinger/qho/2025-09-19_21-56-28-345443/model.pth
Model state saved to ./results/models/checkpoints/schrodinger/qho/2025-09-19_21-56-28-345443/model_weights.pth
It: 1605, Loss: 6.670e-05, Loss_res: 5.684e-03,  Loss_bcs: 2.402e-07, Loss_ut_ics: 9.616e-04, lr: 1.000e-03, Time: 1.81e+03
Model state saved to ./results/models/checkpoints/schrodinger/qho/2025-09-19_21-56-28-345443/model.pth
Model state saved to ./results/models/checkpoints/schrodinger/qho/2025-09-19_21-56-28-345443/model_weights.pth
It: 1606, Loss: 3.311e-05, Loss_res: 2.210e-03,  Loss_bcs: 1.071e-07, Loss_ut_ics: 1.090e-03, lr: 1.000e-03, Time: 1.81e+03
Model state saved to ./results/models/checkpoints/schrodinger/qho/2025-09-19_21-56-28-345443/model.pth
Model state saved to ./results/models/checkpoints/schrodinger/qho/2025-09-19_21-56-28-345443/model_weights.pth
It: 1607, Loss: 6.108e-05, Loss_res: 4.273e-03,  Loss_bcs: 9.605e-08, Loss_ut_ics: 1.825e-03, lr: 1.000e-03, Time: 1.81e+03
Model state saved to ./results/models/checkpoints/schrodinger/qho/2025-09-19_21-56-28-345443/model.pth
Model state saved to ./results/models/checkpoints/schrodinger/qho/2025-09-19_21-56-28-345443/model_weights.pth
It: 1608, Loss: 4.091e-05, Loss_res: 2.161e-03,  Loss_bcs: 1.179e-06, Loss_ut_ics: 1.812e-03, lr: 1.000e-03, Time: 1.81e+03
Model state saved to ./results/models/checkpoints/schrodinger/qho/2025-09-19_21-56-28-345443/model.pth
Model state saved to ./results/models/checkpoints/schrodinger/qho/2025-09-19_21-56-28-345443/model_weights.pth
It: 1609, Loss: 5.715e-05, Loss_res: 3.650e-03,  Loss_bcs: 3.307e-06, Loss_ut_ics: 1.734e-03, lr: 1.000e-03, Time: 1.81e+03
Model state saved to ./results/models/checkpoints/schrodinger/qho/2025-09-19_21-56-28-345443/model.pth
Model state saved to ./results/models/checkpoints/schrodinger/qho/2025-09-19_21-56-28-345443/model_weights.pth
It: 1610, Loss: 3.616e-05, Loss_res: 3.019e-03,  Loss_bcs: 1.090e-06, Loss_ut_ics: 4.878e-04, lr: 1.000e-03, Time: 1.81e+03
Model state saved to ./results/models/checkpoints/schrodinger/qho/2025-09-19_21-56-28-345443/model.pth
Model state saved to ./results/models/checkpoints/schrodinger/qho/2025-09-19_21-56-28-345443/model_weights.pth
It: 1611, Loss: 4.555e-05, Loss_res: 2.000e-03,  Loss_bcs: 4.149e-07, Loss_ut_ics: 2.514e-03, lr: 1.000e-03, Time: 1.81e+03
Model state saved to ./results/models/checkpoints/schrodinger/qho/2025-09-19_21-56-28-345443/model.pth
Model state saved to ./results/models/checkpoints/schrodinger/qho/2025-09-19_21-56-28-345443/model_weights.pth
It: 1612, Loss: 4.725e-05, Loss_res: 3.108e-03,  Loss_bcs: 7.297e-07, Loss_ut_ics: 1.544e-03, lr: 1.000e-03, Time: 1.81e+03
Model state saved to ./results/models/checkpoints/schrodinger/qho/2025-09-19_21-56-28-345443/model.pth
Model state saved to ./results/models/checkpoints/schrodinger/qho/2025-09-19_21-56-28-345443/model_weights.pth
It: 1613, Loss: 2.711e-05, Loss_res: 2.039e-03,  Loss_bcs: 9.828e-07, Loss_ut_ics: 5.731e-04, lr: 1.000e-03, Time: 1.82e+03
Model state saved to ./results/models/checkpoints/schrodinger/qho/2025-09-19_21-56-28-345443/model.pth
Model state saved to ./results/models/checkpoints/schrodinger/qho/2025-09-19_21-56-28-345443/model_weights.pth
It: 1614, Loss: 3.814e-05, Loss_res: 2.604e-03,  Loss_bcs: 8.492e-07, Loss_ut_ics: 1.125e-03, lr: 1.000e-03, Time: 1.82e+03
Model state saved to ./results/models/checkpoints/schrodinger/qho/2025-09-19_21-56-28-345443/model.pth
Model state saved to ./results/models/checkpoints/schrodinger/qho/2025-09-19_21-56-28-345443/model_weights.pth
It: 1615, Loss: 4.075e-05, Loss_res: 8.320e-04,  Loss_bcs: 4.478e-06, Loss_ut_ics: 2.795e-03, lr: 1.000e-03, Time: 1.82e+03
Model state saved to ./results/models/checkpoints/schrodinger/qho/2025-09-19_21-56-28-345443/model.pth
Model state saved to ./results/models/checkpoints/schrodinger/qho/2025-09-19_21-56-28-345443/model_weights.pth
It: 1616, Loss: 4.040e-05, Loss_res: 2.060e-03,  Loss_bcs: 7.846e-06, Loss_ut_ics: 1.196e-03, lr: 1.000e-03, Time: 1.82e+03
Model state saved to ./results/models/checkpoints/schrodinger/qho/2025-09-19_21-56-28-345443/model.pth
Model state saved to ./results/models/checkpoints/schrodinger/qho/2025-09-19_21-56-28-345443/model_weights.pth
It: 1617, Loss: 4.324e-05, Loss_res: 2.709e-03,  Loss_bcs: 4.262e-06, Loss_ut_ics: 1.189e-03, lr: 1.000e-03, Time: 1.82e+03
Model state saved to ./results/models/checkpoints/schrodinger/qho/2025-09-19_21-56-28-345443/model.pth
Model state saved to ./results/models/checkpoints/schrodinger/qho/2025-09-19_21-56-28-345443/model_weights.pth
It: 1618, Loss: 5.189e-05, Loss_res: 4.259e-03,  Loss_bcs: 5.388e-06, Loss_ut_ics: 3.915e-04, lr: 1.000e-03, Time: 1.82e+03
Model state saved to ./results/models/checkpoints/schrodinger/qho/2025-09-19_21-56-28-345443/model.pth
Model state saved to ./results/models/checkpoints/schrodinger/qho/2025-09-19_21-56-28-345443/model_weights.pth
It: 1619, Loss: 4.555e-05, Loss_res: 3.063e-03,  Loss_bcs: 6.222e-06, Loss_ut_ics: 8.689e-04, lr: 1.000e-03, Time: 1.82e+03
Model state saved to ./results/models/checkpoints/schrodinger/qho/2025-09-19_21-56-28-345443/model.pth
Model state saved to ./results/models/checkpoints/schrodinger/qho/2025-09-19_21-56-28-345443/model_weights.pth
It: 1620, Loss: 3.305e-05, Loss_res: 9.037e-04,  Loss_bcs: 6.350e-06, Loss_ut_ics: 1.766e-03, lr: 1.000e-03, Time: 1.82e+03
Model state saved to ./results/models/checkpoints/schrodinger/qho/2025-09-19_21-56-28-345443/model.pth
Model state saved to ./results/models/checkpoints/schrodinger/qho/2025-09-19_21-56-28-345443/model_weights.pth
It: 1621, Loss: 6.362e-05, Loss_res: 3.777e-03,  Loss_bcs: 9.117e-06, Loss_ut_ics: 1.674e-03, lr: 1.000e-03, Time: 1.82e+03
Model state saved to ./results/models/checkpoints/schrodinger/qho/2025-09-19_21-56-28-345443/model.pth
Model state saved to ./results/models/checkpoints/schrodinger/qho/2025-09-19_21-56-28-345443/model_weights.pth
It: 1622, Loss: 4.037e-05, Loss_res: 1.970e-03,  Loss_bcs: 7.481e-06, Loss_ut_ics: 1.319e-03, lr: 1.000e-03, Time: 1.83e+03
Model state saved to ./results/models/checkpoints/schrodinger/qho/2025-09-19_21-56-28-345443/model.pth
Model state saved to ./results/models/checkpoints/schrodinger/qho/2025-09-19_21-56-28-345443/model_weights.pth
It: 1623, Loss: 2.719e-05, Loss_res: 2.194e-03,  Loss_bcs: 4.708e-06, Loss_ut_ics: 5.431e-05, lr: 1.000e-03, Time: 1.83e+03
Model state saved to ./results/models/checkpoints/schrodinger/qho/2025-09-19_21-56-28-345443/model.pth
Model state saved to ./results/models/checkpoints/schrodinger/qho/2025-09-19_21-56-28-345443/model_weights.pth
It: 1624, Loss: 4.555e-05, Loss_res: 3.902e-03,  Loss_bcs: 4.494e-06, Loss_ut_ics: 2.030e-04, lr: 1.000e-03, Time: 1.83e+03
Model state saved to ./results/models/checkpoints/schrodinger/qho/2025-09-19_21-56-28-345443/model.pth
Model state saved to ./results/models/checkpoints/schrodinger/qho/2025-09-19_21-56-28-345443/model_weights.pth
It: 1625, Loss: 4.552e-05, Loss_res: 4.101e-03,  Loss_bcs: 2.580e-06, Loss_ut_ics: 1.933e-04, lr: 1.000e-03, Time: 1.83e+03
Model state saved to ./results/models/checkpoints/schrodinger/qho/2025-09-19_21-56-28-345443/model.pth
Model state saved to ./results/models/checkpoints/schrodinger/qho/2025-09-19_21-56-28-345443/model_weights.pth
It: 1626, Loss: 4.783e-05, Loss_res: 2.724e-03,  Loss_bcs: 1.679e-06, Loss_ut_ics: 1.891e-03, lr: 1.000e-03, Time: 1.83e+03
Model state saved to ./results/models/checkpoints/schrodinger/qho/2025-09-19_21-56-28-345443/model.pth
Model state saved to ./results/models/checkpoints/schrodinger/qho/2025-09-19_21-56-28-345443/model_weights.pth
It: 1627, Loss: 5.538e-05, Loss_res: 4.246e-03,  Loss_bcs: 2.902e-06, Loss_ut_ics: 1.002e-03, lr: 1.000e-03, Time: 1.83e+03
Model state saved to ./results/models/checkpoints/schrodinger/qho/2025-09-19_21-56-28-345443/model.pth
Model state saved to ./results/models/checkpoints/schrodinger/qho/2025-09-19_21-56-28-345443/model_weights.pth
It: 1628, Loss: 4.253e-05, Loss_res: 4.053e-03,  Loss_bcs: 1.026e-06, Loss_ut_ics: 9.768e-05, lr: 1.000e-03, Time: 1.83e+03
Model state saved to ./results/models/checkpoints/schrodinger/qho/2025-09-19_21-56-28-345443/model.pth
Model state saved to ./results/models/checkpoints/schrodinger/qho/2025-09-19_21-56-28-345443/model_weights.pth
It: 1629, Loss: 3.178e-05, Loss_res: 2.005e-03,  Loss_bcs: 3.570e-07, Loss_ut_ics: 1.137e-03, lr: 1.000e-03, Time: 1.83e+03
Model state saved to ./results/models/checkpoints/schrodinger/qho/2025-09-19_21-56-28-345443/model.pth
Model state saved to ./results/models/checkpoints/schrodinger/qho/2025-09-19_21-56-28-345443/model_weights.pth
It: 1630, Loss: 6.499e-05, Loss_res: 4.137e-03,  Loss_bcs: 6.889e-07, Loss_ut_ics: 2.293e-03, lr: 1.000e-03, Time: 1.84e+03
Model state saved to ./results/models/checkpoints/schrodinger/qho/2025-09-19_21-56-28-345443/model.pth
Model state saved to ./results/models/checkpoints/schrodinger/qho/2025-09-19_21-56-28-345443/model_weights.pth
It: 1631, Loss: 2.609e-05, Loss_res: 1.969e-03,  Loss_bcs: 5.133e-07, Loss_ut_ics: 5.877e-04, lr: 1.000e-03, Time: 1.84e+03
Model state saved to ./results/models/checkpoints/schrodinger/qho/2025-09-19_21-56-28-345443/model.pth
Model state saved to ./results/models/checkpoints/schrodinger/qho/2025-09-19_21-56-28-345443/model_weights.pth
It: 1632, Loss: 2.727e-05, Loss_res: 2.211e-03,  Loss_bcs: 3.118e-06, Loss_ut_ics: 2.042e-04, lr: 1.000e-03, Time: 1.84e+03
Model state saved to ./results/models/checkpoints/schrodinger/qho/2025-09-19_21-56-28-345443/model.pth
Model state saved to ./results/models/checkpoints/schrodinger/qho/2025-09-19_21-56-28-345443/model_weights.pth
It: 1633, Loss: 5.683e-05, Loss_res: 5.124e-03,  Loss_bcs: 4.342e-06, Loss_ut_ics: 1.242e-04, lr: 1.000e-03, Time: 1.84e+03
Model state saved to ./results/models/checkpoints/schrodinger/qho/2025-09-19_21-56-28-345443/model.pth
Model state saved to ./results/models/checkpoints/schrodinger/qho/2025-09-19_21-56-28-345443/model_weights.pth
It: 1634, Loss: 5.359e-05, Loss_res: 4.241e-03,  Loss_bcs: 2.402e-06, Loss_ut_ics: 8.772e-04, lr: 1.000e-03, Time: 1.84e+03
Model state saved to ./results/models/checkpoints/schrodinger/qho/2025-09-19_21-56-28-345443/model.pth
Model state saved to ./results/models/checkpoints/schrodinger/qho/2025-09-19_21-56-28-345443/model_weights.pth
It: 1635, Loss: 3.986e-05, Loss_res: 3.471e-03,  Loss_bcs: 2.154e-06, Loss_ut_ics: 2.995e-04, lr: 1.000e-03, Time: 1.84e+03
Model state saved to ./results/models/checkpoints/schrodinger/qho/2025-09-19_21-56-28-345443/model.pth
Model state saved to ./results/models/checkpoints/schrodinger/qho/2025-09-19_21-56-28-345443/model_weights.pth
It: 1636, Loss: 4.208e-05, Loss_res: 2.622e-03,  Loss_bcs: 1.771e-06, Loss_ut_ics: 1.409e-03, lr: 1.000e-03, Time: 1.84e+03
Model state saved to ./results/models/checkpoints/schrodinger/qho/2025-09-19_21-56-28-345443/model.pth
Model state saved to ./results/models/checkpoints/schrodinger/qho/2025-09-19_21-56-28-345443/model_weights.pth
It: 1637, Loss: 9.362e-05, Loss_res: 6.944e-03,  Loss_bcs: 2.910e-06, Loss_ut_ics: 2.126e-03, lr: 1.000e-03, Time: 1.84e+03
Model state saved to ./results/models/checkpoints/schrodinger/qho/2025-09-19_21-56-28-345443/model.pth
Model state saved to ./results/models/checkpoints/schrodinger/qho/2025-09-19_21-56-28-345443/model_weights.pth
It: 1638, Loss: 1.665e-05, Loss_res: 1.366e-03,  Loss_bcs: 2.366e-06, Loss_ut_ics: 6.260e-05, lr: 1.000e-03, Time: 1.85e+03
Model state saved to ./results/models/checkpoints/schrodinger/qho/2025-09-19_21-56-28-345443/model.pth
Model state saved to ./results/models/checkpoints/schrodinger/qho/2025-09-19_21-56-28-345443/model_weights.pth
It: 1639, Loss: 5.025e-05, Loss_res: 3.845e-03,  Loss_bcs: 3.258e-06, Loss_ut_ics: 8.532e-04, lr: 1.000e-03, Time: 1.85e+03
Model state saved to ./results/models/checkpoints/schrodinger/qho/2025-09-19_21-56-28-345443/model.pth
Model state saved to ./results/models/checkpoints/schrodinger/qho/2025-09-19_21-56-28-345443/model_weights.pth
It: 1640, Loss: 1.781e-05, Loss_res: 1.440e-03,  Loss_bcs: 1.584e-06, Loss_ut_ics: 1.826e-04, lr: 1.000e-03, Time: 1.85e+03
Model state saved to ./results/models/checkpoints/schrodinger/qho/2025-09-19_21-56-28-345443/model.pth
Model state saved to ./results/models/checkpoints/schrodinger/qho/2025-09-19_21-56-28-345443/model_weights.pth
It: 1641, Loss: 4.066e-05, Loss_res: 2.801e-03,  Loss_bcs: 1.137e-06, Loss_ut_ics: 1.151e-03, lr: 1.000e-03, Time: 1.85e+03
Model state saved to ./results/models/checkpoints/schrodinger/qho/2025-09-19_21-56-28-345443/model.pth
Model state saved to ./results/models/checkpoints/schrodinger/qho/2025-09-19_21-56-28-345443/model_weights.pth
It: 1642, Loss: 5.223e-05, Loss_res: 3.618e-03,  Loss_bcs: 1.128e-06, Loss_ut_ics: 1.492e-03, lr: 1.000e-03, Time: 1.85e+03
Model state saved to ./results/models/checkpoints/schrodinger/qho/2025-09-19_21-56-28-345443/model.pth
Model state saved to ./results/models/checkpoints/schrodinger/qho/2025-09-19_21-56-28-345443/model_weights.pth
It: 1643, Loss: 3.345e-05, Loss_res: 3.064e-03,  Loss_bcs: 1.160e-06, Loss_ut_ics: 1.644e-04, lr: 1.000e-03, Time: 1.85e+03
Model state saved to ./results/models/checkpoints/schrodinger/qho/2025-09-19_21-56-28-345443/model.pth
Model state saved to ./results/models/checkpoints/schrodinger/qho/2025-09-19_21-56-28-345443/model_weights.pth
It: 1644, Loss: 3.646e-05, Loss_res: 2.500e-03,  Loss_bcs: 1.109e-06, Loss_ut_ics: 1.035e-03, lr: 1.000e-03, Time: 1.85e+03
Model state saved to ./results/models/checkpoints/schrodinger/qho/2025-09-19_21-56-28-345443/model.pth
Model state saved to ./results/models/checkpoints/schrodinger/qho/2025-09-19_21-56-28-345443/model_weights.pth
It: 1645, Loss: 3.886e-05, Loss_res: 3.423e-03,  Loss_bcs: 1.549e-06, Loss_ut_ics: 3.078e-04, lr: 1.000e-03, Time: 1.85e+03
Model state saved to ./results/models/checkpoints/schrodinger/qho/2025-09-19_21-56-28-345443/model.pth
Model state saved to ./results/models/checkpoints/schrodinger/qho/2025-09-19_21-56-28-345443/model_weights.pth
It: 1646, Loss: 3.896e-05, Loss_res: 2.557e-03,  Loss_bcs: 1.405e-06, Loss_ut_ics: 1.198e-03, lr: 1.000e-03, Time: 1.85e+03
Model state saved to ./results/models/checkpoints/schrodinger/qho/2025-09-19_21-56-28-345443/model.pth
Model state saved to ./results/models/checkpoints/schrodinger/qho/2025-09-19_21-56-28-345443/model_weights.pth
It: 1647, Loss: 3.626e-05, Loss_res: 2.272e-03,  Loss_bcs: 3.189e-06, Loss_ut_ics: 1.036e-03, lr: 1.000e-03, Time: 1.86e+03
Model state saved to ./results/models/checkpoints/schrodinger/qho/2025-09-19_21-56-28-345443/model.pth
Model state saved to ./results/models/checkpoints/schrodinger/qho/2025-09-19_21-56-28-345443/model_weights.pth
It: 1648, Loss: 5.725e-05, Loss_res: 4.858e-03,  Loss_bcs: 4.207e-06, Loss_ut_ics: 4.460e-04, lr: 1.000e-03, Time: 1.86e+03
Model state saved to ./results/models/checkpoints/schrodinger/qho/2025-09-19_21-56-28-345443/model.pth
Model state saved to ./results/models/checkpoints/schrodinger/qho/2025-09-19_21-56-28-345443/model_weights.pth
It: 1649, Loss: 4.071e-05, Loss_res: 2.463e-03,  Loss_bcs: 1.648e-06, Loss_ut_ics: 1.444e-03, lr: 1.000e-03, Time: 1.86e+03
Model state saved to ./results/models/checkpoints/schrodinger/qho/2025-09-19_21-56-28-345443/model.pth
Model state saved to ./results/models/checkpoints/schrodinger/qho/2025-09-19_21-56-28-345443/model_weights.pth
It: 1650, Loss: 3.855e-05, Loss_res: 2.836e-03,  Loss_bcs: 1.336e-06, Loss_ut_ics: 8.847e-04, lr: 1.000e-03, Time: 1.86e+03
Model state saved to ./results/models/checkpoints/schrodinger/qho/2025-09-19_21-56-28-345443/model.pth
Model state saved to ./results/models/checkpoints/schrodinger/qho/2025-09-19_21-56-28-345443/model_weights.pth
It: 1651, Loss: 5.055e-05, Loss_res: 4.819e-03,  Loss_bcs: 1.551e-06, Loss_ut_ics: 8.094e-05, lr: 1.000e-03, Time: 1.86e+03
Model state saved to ./results/models/checkpoints/schrodinger/qho/2025-09-19_21-56-28-345443/model.pth
Model state saved to ./results/models/checkpoints/schrodinger/qho/2025-09-19_21-56-28-345443/model_weights.pth
It: 1652, Loss: 3.633e-05, Loss_res: 3.156e-03,  Loss_bcs: 9.405e-07, Loss_ut_ics: 3.831e-04, lr: 1.000e-03, Time: 1.86e+03
Model state saved to ./results/models/checkpoints/schrodinger/qho/2025-09-19_21-56-28-345443/model.pth
Model state saved to ./results/models/checkpoints/schrodinger/qho/2025-09-19_21-56-28-345443/model_weights.pth
It: 1653, Loss: 4.353e-05, Loss_res: 2.201e-03,  Loss_bcs: 1.279e-06, Loss_ut_ics: 2.024e-03, lr: 1.000e-03, Time: 1.86e+03
Model state saved to ./results/models/checkpoints/schrodinger/qho/2025-09-19_21-56-28-345443/model.pth
Model state saved to ./results/models/checkpoints/schrodinger/qho/2025-09-19_21-56-28-345443/model_weights.pth
It: 1654, Loss: 3.223e-05, Loss_res: 2.565e-03,  Loss_bcs: 7.881e-07, Loss_ut_ics: 5.791e-04, lr: 1.000e-03, Time: 1.86e+03
Model state saved to ./results/models/checkpoints/schrodinger/qho/2025-09-19_21-56-28-345443/model.pth
Model state saved to ./results/models/checkpoints/schrodinger/qho/2025-09-19_21-56-28-345443/model_weights.pth
It: 1655, Loss: 3.091e-05, Loss_res: 1.984e-03,  Loss_bcs: 1.226e-06, Loss_ut_ics: 9.843e-04, lr: 1.000e-03, Time: 1.87e+03
Model state saved to ./results/models/checkpoints/schrodinger/qho/2025-09-19_21-56-28-345443/model.pth
Model state saved to ./results/models/checkpoints/schrodinger/qho/2025-09-19_21-56-28-345443/model_weights.pth
It: 1656, Loss: 6.666e-05, Loss_res: 5.003e-03,  Loss_bcs: 1.094e-06, Loss_ut_ics: 1.554e-03, lr: 1.000e-03, Time: 1.87e+03
Model state saved to ./results/models/checkpoints/schrodinger/qho/2025-09-19_21-56-28-345443/model.pth
Model state saved to ./results/models/checkpoints/schrodinger/qho/2025-09-19_21-56-28-345443/model_weights.pth
It: 1657, Loss: 4.159e-05, Loss_res: 3.391e-03,  Loss_bcs: 2.131e-06, Loss_ut_ics: 5.548e-04, lr: 1.000e-03, Time: 1.87e+03
Model state saved to ./results/models/checkpoints/schrodinger/qho/2025-09-19_21-56-28-345443/model.pth
Model state saved to ./results/models/checkpoints/schrodinger/qho/2025-09-19_21-56-28-345443/model_weights.pth
It: 1658, Loss: 2.811e-05, Loss_res: 1.206e-03,  Loss_bcs: 2.563e-06, Loss_ut_ics: 1.349e-03, lr: 1.000e-03, Time: 1.87e+03
Model state saved to ./results/models/checkpoints/schrodinger/qho/2025-09-19_21-56-28-345443/model.pth
Model state saved to ./results/models/checkpoints/schrodinger/qho/2025-09-19_21-56-28-345443/model_weights.pth
It: 1659, Loss: 4.700e-05, Loss_res: 4.105e-03,  Loss_bcs: 7.408e-07, Loss_ut_ics: 5.205e-04, lr: 1.000e-03, Time: 1.87e+03
Model state saved to ./results/models/checkpoints/schrodinger/qho/2025-09-19_21-56-28-345443/model.pth
Model state saved to ./results/models/checkpoints/schrodinger/qho/2025-09-19_21-56-28-345443/model_weights.pth
It: 1660, Loss: 4.502e-05, Loss_res: 3.437e-03,  Loss_bcs: 2.781e-06, Loss_ut_ics: 7.864e-04, lr: 1.000e-03, Time: 1.87e+03
Model state saved to ./results/models/checkpoints/schrodinger/qho/2025-09-19_21-56-28-345443/model.pth
Model state saved to ./results/models/checkpoints/schrodinger/qho/2025-09-19_21-56-28-345443/model_weights.pth
It: 1661, Loss: 3.702e-05, Loss_res: 2.266e-03,  Loss_bcs: 1.719e-06, Loss_ut_ics: 1.264e-03, lr: 1.000e-03, Time: 1.87e+03
Model state saved to ./results/models/checkpoints/schrodinger/qho/2025-09-19_21-56-28-345443/model.pth
Model state saved to ./results/models/checkpoints/schrodinger/qho/2025-09-19_21-56-28-345443/model_weights.pth
It: 1662, Loss: 3.972e-05, Loss_res: 3.153e-03,  Loss_bcs: 4.167e-06, Loss_ut_ics: 4.032e-04, lr: 1.000e-03, Time: 1.87e+03
Model state saved to ./results/models/checkpoints/schrodinger/qho/2025-09-19_21-56-28-345443/model.pth
Model state saved to ./results/models/checkpoints/schrodinger/qho/2025-09-19_21-56-28-345443/model_weights.pth
It: 1663, Loss: 4.897e-05, Loss_res: 2.695e-03,  Loss_bcs: 9.088e-06, Loss_ut_ics: 1.293e-03, lr: 1.000e-03, Time: 1.87e+03
Model state saved to ./results/models/checkpoints/schrodinger/qho/2025-09-19_21-56-28-345443/model.pth
Model state saved to ./results/models/checkpoints/schrodinger/qho/2025-09-19_21-56-28-345443/model_weights.pth
It: 1664, Loss: 3.542e-05, Loss_res: 2.742e-03,  Loss_bcs: 4.849e-06, Loss_ut_ics: 3.145e-04, lr: 1.000e-03, Time: 1.88e+03
Model state saved to ./results/models/checkpoints/schrodinger/qho/2025-09-19_21-56-28-345443/model.pth
Model state saved to ./results/models/checkpoints/schrodinger/qho/2025-09-19_21-56-28-345443/model_weights.pth
It: 1665, Loss: 2.289e-05, Loss_res: 1.246e-03,  Loss_bcs: 4.006e-06, Loss_ut_ics: 6.423e-04, lr: 1.000e-03, Time: 1.88e+03
Model state saved to ./results/models/checkpoints/schrodinger/qho/2025-09-19_21-56-28-345443/model.pth
Model state saved to ./results/models/checkpoints/schrodinger/qho/2025-09-19_21-56-28-345443/model_weights.pth
It: 1666, Loss: 3.379e-05, Loss_res: 2.312e-03,  Loss_bcs: 6.776e-06, Loss_ut_ics: 3.891e-04, lr: 1.000e-03, Time: 1.88e+03
Model state saved to ./results/models/checkpoints/schrodinger/qho/2025-09-19_21-56-28-345443/model.pth
Model state saved to ./results/models/checkpoints/schrodinger/qho/2025-09-19_21-56-28-345443/model_weights.pth
It: 1667, Loss: 4.691e-05, Loss_res: 2.441e-03,  Loss_bcs: 3.205e-06, Loss_ut_ics: 1.930e-03, lr: 1.000e-03, Time: 1.88e+03
Model state saved to ./results/models/checkpoints/schrodinger/qho/2025-09-19_21-56-28-345443/model.pth
Model state saved to ./results/models/checkpoints/schrodinger/qho/2025-09-19_21-56-28-345443/model_weights.pth
It: 1668, Loss: 4.818e-05, Loss_res: 2.909e-03,  Loss_bcs: 8.137e-06, Loss_ut_ics: 1.095e-03, lr: 1.000e-03, Time: 1.88e+03
Model state saved to ./results/models/checkpoints/schrodinger/qho/2025-09-19_21-56-28-345443/model.pth
Model state saved to ./results/models/checkpoints/schrodinger/qho/2025-09-19_21-56-28-345443/model_weights.pth
It: 1669, Loss: 4.786e-05, Loss_res: 3.651e-03,  Loss_bcs: 7.521e-06, Loss_ut_ics: 3.828e-04, lr: 1.000e-03, Time: 1.88e+03
Model state saved to ./results/models/checkpoints/schrodinger/qho/2025-09-19_21-56-28-345443/model.pth
Model state saved to ./results/models/checkpoints/schrodinger/qho/2025-09-19_21-56-28-345443/model_weights.pth
It: 1670, Loss: 4.682e-05, Loss_res: 3.575e-03,  Loss_bcs: 1.436e-06, Loss_ut_ics: 9.629e-04, lr: 1.000e-03, Time: 1.88e+03
Model state saved to ./results/models/checkpoints/schrodinger/qho/2025-09-19_21-56-28-345443/model.pth
Model state saved to ./results/models/checkpoints/schrodinger/qho/2025-09-19_21-56-28-345443/model_weights.pth
It: 1671, Loss: 3.713e-05, Loss_res: 2.364e-03,  Loss_bcs: 3.479e-06, Loss_ut_ics: 1.001e-03, lr: 1.000e-03, Time: 1.88e+03
Model state saved to ./results/models/checkpoints/schrodinger/qho/2025-09-19_21-56-28-345443/model.pth
Model state saved to ./results/models/checkpoints/schrodinger/qho/2025-09-19_21-56-28-345443/model_weights.pth
It: 1672, Loss: 2.523e-05, Loss_res: 1.848e-03,  Loss_bcs: 1.325e-06, Loss_ut_ics: 5.430e-04, lr: 1.000e-03, Time: 1.89e+03
Model state saved to ./results/models/checkpoints/schrodinger/qho/2025-09-19_21-56-28-345443/model.pth
Model state saved to ./results/models/checkpoints/schrodinger/qho/2025-09-19_21-56-28-345443/model_weights.pth
It: 1673, Loss: 6.018e-05, Loss_res: 5.428e-03,  Loss_bcs: 5.636e-07, Loss_ut_ics: 5.333e-04, lr: 1.000e-03, Time: 1.89e+03
Model state saved to ./results/models/checkpoints/schrodinger/qho/2025-09-19_21-56-28-345443/model.pth
Model state saved to ./results/models/checkpoints/schrodinger/qho/2025-09-19_21-56-28-345443/model_weights.pth
It: 1674, Loss: 3.579e-05, Loss_res: 2.630e-03,  Loss_bcs: 1.583e-06, Loss_ut_ics: 7.904e-04, lr: 1.000e-03, Time: 1.89e+03
Model state saved to ./results/models/checkpoints/schrodinger/qho/2025-09-19_21-56-28-345443/model.pth
Model state saved to ./results/models/checkpoints/schrodinger/qho/2025-09-19_21-56-28-345443/model_weights.pth
It: 1675, Loss: 4.962e-05, Loss_res: 3.627e-03,  Loss_bcs: 7.597e-07, Loss_ut_ics: 1.259e-03, lr: 1.000e-03, Time: 1.89e+03
Model state saved to ./results/models/checkpoints/schrodinger/qho/2025-09-19_21-56-28-345443/model.pth
Model state saved to ./results/models/checkpoints/schrodinger/qho/2025-09-19_21-56-28-345443/model_weights.pth
It: 1676, Loss: 3.527e-05, Loss_res: 3.078e-03,  Loss_bcs: 1.316e-06, Loss_ut_ics: 3.174e-04, lr: 1.000e-03, Time: 1.89e+03
Model state saved to ./results/models/checkpoints/schrodinger/qho/2025-09-19_21-56-28-345443/model.pth
Model state saved to ./results/models/checkpoints/schrodinger/qho/2025-09-19_21-56-28-345443/model_weights.pth
It: 1677, Loss: 2.606e-05, Loss_res: 1.137e-03,  Loss_bcs: 1.433e-06, Loss_ut_ics: 1.326e-03, lr: 1.000e-03, Time: 1.89e+03
Model state saved to ./results/models/checkpoints/schrodinger/qho/2025-09-19_21-56-28-345443/model.pth
Model state saved to ./results/models/checkpoints/schrodinger/qho/2025-09-19_21-56-28-345443/model_weights.pth
It: 1678, Loss: 5.722e-05, Loss_res: 5.302e-03,  Loss_bcs: 2.120e-06, Loss_ut_ics: 2.080e-04, lr: 1.000e-03, Time: 1.89e+03
Model state saved to ./results/models/checkpoints/schrodinger/qho/2025-09-19_21-56-28-345443/model.pth
Model state saved to ./results/models/checkpoints/schrodinger/qho/2025-09-19_21-56-28-345443/model_weights.pth
It: 1679, Loss: 4.719e-05, Loss_res: 2.233e-03,  Loss_bcs: 3.342e-06, Loss_ut_ics: 2.152e-03, lr: 1.000e-03, Time: 1.89e+03
Model state saved to ./results/models/checkpoints/schrodinger/qho/2025-09-19_21-56-28-345443/model.pth
Model state saved to ./results/models/checkpoints/schrodinger/qho/2025-09-19_21-56-28-345443/model_weights.pth
It: 1680, Loss: 2.543e-05, Loss_res: 1.232e-03,  Loss_bcs: 3.403e-06, Loss_ut_ics: 9.703e-04, lr: 1.000e-03, Time: 1.90e+03
Model state saved to ./results/models/checkpoints/schrodinger/qho/2025-09-19_21-56-28-345443/model.pth
Model state saved to ./results/models/checkpoints/schrodinger/qho/2025-09-19_21-56-28-345443/model_weights.pth
It: 1681, Loss: 3.174e-05, Loss_res: 1.845e-03,  Loss_bcs: 2.346e-06, Loss_ut_ics: 1.094e-03, lr: 1.000e-03, Time: 1.90e+03
Model state saved to ./results/models/checkpoints/schrodinger/qho/2025-09-19_21-56-28-345443/model.pth
Model state saved to ./results/models/checkpoints/schrodinger/qho/2025-09-19_21-56-28-345443/model_weights.pth
It: 1682, Loss: 3.593e-05, Loss_res: 2.091e-03,  Loss_bcs: 2.843e-06, Loss_ut_ics: 1.218e-03, lr: 1.000e-03, Time: 1.90e+03
Model state saved to ./results/models/checkpoints/schrodinger/qho/2025-09-19_21-56-28-345443/model.pth
Model state saved to ./results/models/checkpoints/schrodinger/qho/2025-09-19_21-56-28-345443/model_weights.pth
It: 1683, Loss: 2.917e-05, Loss_res: 2.316e-03,  Loss_bcs: 2.748e-06, Loss_ut_ics: 3.267e-04, lr: 1.000e-03, Time: 1.90e+03
Model state saved to ./results/models/checkpoints/schrodinger/qho/2025-09-19_21-56-28-345443/model.pth
Model state saved to ./results/models/checkpoints/schrodinger/qho/2025-09-19_21-56-28-345443/model_weights.pth
It: 1684, Loss: 4.229e-05, Loss_res: 3.656e-03,  Loss_bcs: 2.554e-06, Loss_ut_ics: 3.170e-04, lr: 1.000e-03, Time: 1.90e+03
Model state saved to ./results/models/checkpoints/schrodinger/qho/2025-09-19_21-56-28-345443/model.pth
Model state saved to ./results/models/checkpoints/schrodinger/qho/2025-09-19_21-56-28-345443/model_weights.pth
It: 1685, Loss: 5.644e-05, Loss_res: 5.142e-03,  Loss_bcs: 2.255e-06, Loss_ut_ics: 2.769e-04, lr: 1.000e-03, Time: 1.90e+03
Model state saved to ./results/models/checkpoints/schrodinger/qho/2025-09-19_21-56-28-345443/model.pth
Model state saved to ./results/models/checkpoints/schrodinger/qho/2025-09-19_21-56-28-345443/model_weights.pth
It: 1686, Loss: 2.476e-05, Loss_res: 1.846e-03,  Loss_bcs: 2.688e-06, Loss_ut_ics: 3.603e-04, lr: 1.000e-03, Time: 1.90e+03
Model state saved to ./results/models/checkpoints/schrodinger/qho/2025-09-19_21-56-28-345443/model.pth
Model state saved to ./results/models/checkpoints/schrodinger/qho/2025-09-19_21-56-28-345443/model_weights.pth
It: 1687, Loss: 3.865e-05, Loss_res: 2.609e-03,  Loss_bcs: 3.704e-06, Loss_ut_ics: 8.860e-04, lr: 1.000e-03, Time: 1.90e+03
Model state saved to ./results/models/checkpoints/schrodinger/qho/2025-09-19_21-56-28-345443/model.pth
Model state saved to ./results/models/checkpoints/schrodinger/qho/2025-09-19_21-56-28-345443/model_weights.pth
It: 1688, Loss: 2.057e-05, Loss_res: 7.352e-04,  Loss_bcs: 3.094e-06, Loss_ut_ics: 1.013e-03, lr: 1.000e-03, Time: 1.91e+03
Model state saved to ./results/models/checkpoints/schrodinger/qho/2025-09-19_21-56-28-345443/model.pth
Model state saved to ./results/models/checkpoints/schrodinger/qho/2025-09-19_21-56-28-345443/model_weights.pth
It: 1689, Loss: 4.800e-05, Loss_res: 3.326e-03,  Loss_bcs: 8.152e-06, Loss_ut_ics: 6.590e-04, lr: 1.000e-03, Time: 1.91e+03
Model state saved to ./results/models/checkpoints/schrodinger/qho/2025-09-19_21-56-28-345443/model.pth
Model state saved to ./results/models/checkpoints/schrodinger/qho/2025-09-19_21-56-28-345443/model_weights.pth
It: 1690, Loss: 7.423e-05, Loss_res: 5.677e-03,  Loss_bcs: 7.898e-06, Loss_ut_ics: 9.562e-04, lr: 1.000e-03, Time: 1.91e+03
Model state saved to ./results/models/checkpoints/schrodinger/qho/2025-09-19_21-56-28-345443/model.pth
Model state saved to ./results/models/checkpoints/schrodinger/qho/2025-09-19_21-56-28-345443/model_weights.pth
It: 1691, Loss: 2.101e-05, Loss_res: 8.290e-04,  Loss_bcs: 2.064e-06, Loss_ut_ics: 1.065e-03, lr: 1.000e-03, Time: 1.91e+03
Model state saved to ./results/models/checkpoints/schrodinger/qho/2025-09-19_21-56-28-345443/model.pth
Model state saved to ./results/models/checkpoints/schrodinger/qho/2025-09-19_21-56-28-345443/model_weights.pth
It: 1692, Loss: 2.200e-05, Loss_res: 1.659e-03,  Loss_bcs: 1.631e-06, Loss_ut_ics: 3.776e-04, lr: 1.000e-03, Time: 1.91e+03
Model state saved to ./results/models/checkpoints/schrodinger/qho/2025-09-19_21-56-28-345443/model.pth
Model state saved to ./results/models/checkpoints/schrodinger/qho/2025-09-19_21-56-28-345443/model_weights.pth
It: 1693, Loss: 2.300e-05, Loss_res: 1.603e-03,  Loss_bcs: 1.028e-06, Loss_ut_ics: 5.939e-04, lr: 1.000e-03, Time: 1.91e+03
Model state saved to ./results/models/checkpoints/schrodinger/qho/2025-09-19_21-56-28-345443/model.pth
Model state saved to ./results/models/checkpoints/schrodinger/qho/2025-09-19_21-56-28-345443/model_weights.pth
It: 1694, Loss: 3.422e-05, Loss_res: 2.751e-03,  Loss_bcs: 5.714e-07, Loss_ut_ics: 6.146e-04, lr: 1.000e-03, Time: 1.91e+03
Model state saved to ./results/models/checkpoints/schrodinger/qho/2025-09-19_21-56-28-345443/model.pth
Model state saved to ./results/models/checkpoints/schrodinger/qho/2025-09-19_21-56-28-345443/model_weights.pth
It: 1695, Loss: 2.996e-05, Loss_res: 2.090e-03,  Loss_bcs: 2.216e-06, Loss_ut_ics: 6.847e-04, lr: 1.000e-03, Time: 1.91e+03
Model state saved to ./results/models/checkpoints/schrodinger/qho/2025-09-19_21-56-28-345443/model.pth
Model state saved to ./results/models/checkpoints/schrodinger/qho/2025-09-19_21-56-28-345443/model_weights.pth
It: 1696, Loss: 5.282e-05, Loss_res: 4.553e-03,  Loss_bcs: 2.231e-06, Loss_ut_ics: 5.057e-04, lr: 1.000e-03, Time: 1.91e+03
Model state saved to ./results/models/checkpoints/schrodinger/qho/2025-09-19_21-56-28-345443/model.pth
Model state saved to ./results/models/checkpoints/schrodinger/qho/2025-09-19_21-56-28-345443/model_weights.pth
It: 1697, Loss: 3.172e-05, Loss_res: 2.917e-03,  Loss_bcs: 3.127e-07, Loss_ut_ics: 2.242e-04, lr: 1.000e-03, Time: 1.92e+03
Model state saved to ./results/models/checkpoints/schrodinger/qho/2025-09-19_21-56-28-345443/model.pth
Model state saved to ./results/models/checkpoints/schrodinger/qho/2025-09-19_21-56-28-345443/model_weights.pth
It: 1698, Loss: 3.315e-05, Loss_res: 1.709e-03,  Loss_bcs: 7.468e-07, Loss_ut_ics: 1.531e-03, lr: 1.000e-03, Time: 1.92e+03
Model state saved to ./results/models/checkpoints/schrodinger/qho/2025-09-19_21-56-28-345443/model.pth
Model state saved to ./results/models/checkpoints/schrodinger/qho/2025-09-19_21-56-28-345443/model_weights.pth
It: 1699, Loss: 2.467e-05, Loss_res: 1.803e-03,  Loss_bcs: 9.157e-07, Loss_ut_ics: 5.728e-04, lr: 1.000e-03, Time: 1.92e+03
Model state saved to ./results/models/checkpoints/schrodinger/qho/2025-09-19_21-56-28-345443/model.pth
Model state saved to ./results/models/checkpoints/schrodinger/qho/2025-09-19_21-56-28-345443/model_weights.pth
It: 1700, Loss: 4.748e-05, Loss_res: 3.360e-03,  Loss_bcs: 1.076e-06, Loss_ut_ics: 1.280e-03, lr: 1.000e-03, Time: 1.92e+03
Model state saved to ./results/models/checkpoints/schrodinger/qho/2025-09-19_21-56-28-345443/model.pth
Model state saved to ./results/models/checkpoints/schrodinger/qho/2025-09-19_21-56-28-345443/model_weights.pth
It: 1701, Loss: 3.289e-05, Loss_res: 1.985e-03,  Loss_bcs: 2.110e-06, Loss_ut_ics: 1.093e-03, lr: 1.000e-03, Time: 1.92e+03
Model state saved to ./results/models/checkpoints/schrodinger/qho/2025-09-19_21-56-28-345443/model.pth
Model state saved to ./results/models/checkpoints/schrodinger/qho/2025-09-19_21-56-28-345443/model_weights.pth
It: 1702, Loss: 2.137e-05, Loss_res: 1.368e-03,  Loss_bcs: 2.073e-06, Loss_ut_ics: 5.618e-04, lr: 1.000e-03, Time: 1.92e+03
Model state saved to ./results/models/checkpoints/schrodinger/qho/2025-09-19_21-56-28-345443/model.pth
Model state saved to ./results/models/checkpoints/schrodinger/qho/2025-09-19_21-56-28-345443/model_weights.pth
It: 1703, Loss: 2.795e-05, Loss_res: 2.555e-03,  Loss_bcs: 2.107e-06, Loss_ut_ics: 2.978e-05, lr: 1.000e-03, Time: 1.92e+03
Model state saved to ./results/models/checkpoints/schrodinger/qho/2025-09-19_21-56-28-345443/model.pth
Model state saved to ./results/models/checkpoints/schrodinger/qho/2025-09-19_21-56-28-345443/model_weights.pth
It: 1704, Loss: 1.994e-05, Loss_res: 1.242e-03,  Loss_bcs: 2.064e-06, Loss_ut_ics: 5.461e-04, lr: 1.000e-03, Time: 1.92e+03
Model state saved to ./results/models/checkpoints/schrodinger/qho/2025-09-19_21-56-28-345443/model.pth
Model state saved to ./results/models/checkpoints/schrodinger/qho/2025-09-19_21-56-28-345443/model_weights.pth
It: 1705, Loss: 4.328e-05, Loss_res: 3.786e-03,  Loss_bcs: 2.929e-06, Loss_ut_ics: 2.486e-04, lr: 1.000e-03, Time: 1.93e+03
Model state saved to ./results/models/checkpoints/schrodinger/qho/2025-09-19_21-56-28-345443/model.pth
Model state saved to ./results/models/checkpoints/schrodinger/qho/2025-09-19_21-56-28-345443/model_weights.pth
It: 1706, Loss: 2.973e-05, Loss_res: 1.942e-03,  Loss_bcs: 3.537e-06, Loss_ut_ics: 6.765e-04, lr: 1.000e-03, Time: 1.93e+03
Model state saved to ./results/models/checkpoints/schrodinger/qho/2025-09-19_21-56-28-345443/model.pth
Model state saved to ./results/models/checkpoints/schrodinger/qho/2025-09-19_21-56-28-345443/model_weights.pth
It: 1707, Loss: 2.327e-05, Loss_res: 1.210e-03,  Loss_bcs: 4.569e-06, Loss_ut_ics: 6.595e-04, lr: 1.000e-03, Time: 1.93e+03
Model state saved to ./results/models/checkpoints/schrodinger/qho/2025-09-19_21-56-28-345443/model.pth
Model state saved to ./results/models/checkpoints/schrodinger/qho/2025-09-19_21-56-28-345443/model_weights.pth
It: 1708, Loss: 3.329e-05, Loss_res: 1.929e-03,  Loss_bcs: 2.825e-06, Loss_ut_ics: 1.118e-03, lr: 1.000e-03, Time: 1.93e+03
Model state saved to ./results/models/checkpoints/schrodinger/qho/2025-09-19_21-56-28-345443/model.pth
Model state saved to ./results/models/checkpoints/schrodinger/qho/2025-09-19_21-56-28-345443/model_weights.pth
It: 1709, Loss: 2.877e-05, Loss_res: 1.647e-03,  Loss_bcs: 2.391e-06, Loss_ut_ics: 9.900e-04, lr: 1.000e-03, Time: 1.93e+03
Model state saved to ./results/models/checkpoints/schrodinger/qho/2025-09-19_21-56-28-345443/model.pth
Model state saved to ./results/models/checkpoints/schrodinger/qho/2025-09-19_21-56-28-345443/model_weights.pth
It: 1710, Loss: 3.537e-05, Loss_res: 2.915e-03,  Loss_bcs: 1.469e-06, Loss_ut_ics: 4.747e-04, lr: 1.000e-03, Time: 1.93e+03
Model state saved to ./results/models/checkpoints/schrodinger/qho/2025-09-19_21-56-28-345443/model.pth
Model state saved to ./results/models/checkpoints/schrodinger/qho/2025-09-19_21-56-28-345443/model_weights.pth
It: 1711, Loss: 2.643e-05, Loss_res: 2.249e-03,  Loss_bcs: 1.311e-06, Loss_ut_ics: 2.627e-04, lr: 1.000e-03, Time: 1.93e+03
Model state saved to ./results/models/checkpoints/schrodinger/qho/2025-09-19_21-56-28-345443/model.pth
Model state saved to ./results/models/checkpoints/schrodinger/qho/2025-09-19_21-56-28-345443/model_weights.pth
It: 1712, Loss: 2.369e-05, Loss_res: 1.809e-03,  Loss_bcs: 1.568e-06, Loss_ut_ics: 4.030e-04, lr: 1.000e-03, Time: 1.93e+03
Model state saved to ./results/models/checkpoints/schrodinger/qho/2025-09-19_21-56-28-345443/model.pth
Model state saved to ./results/models/checkpoints/schrodinger/qho/2025-09-19_21-56-28-345443/model_weights.pth
It: 1713, Loss: 1.849e-05, Loss_res: 1.395e-03,  Loss_bcs: 6.524e-07, Loss_ut_ics: 3.891e-04, lr: 1.000e-03, Time: 1.93e+03
Model state saved to ./results/models/checkpoints/schrodinger/qho/2025-09-19_21-56-28-345443/model.pth
Model state saved to ./results/models/checkpoints/schrodinger/qho/2025-09-19_21-56-28-345443/model_weights.pth
It: 1714, Loss: 2.527e-05, Loss_res: 2.239e-03,  Loss_bcs: 6.160e-07, Loss_ut_ics: 2.265e-04, lr: 1.000e-03, Time: 1.94e+03
Model state saved to ./results/models/checkpoints/schrodinger/qho/2025-09-19_21-56-28-345443/model.pth
Model state saved to ./results/models/checkpoints/schrodinger/qho/2025-09-19_21-56-28-345443/model_weights.pth
It: 1715, Loss: 2.822e-05, Loss_res: 2.438e-03,  Loss_bcs: 6.045e-07, Loss_ut_ics: 3.232e-04, lr: 1.000e-03, Time: 1.94e+03
Model state saved to ./results/models/checkpoints/schrodinger/qho/2025-09-19_21-56-28-345443/model.pth
Model state saved to ./results/models/checkpoints/schrodinger/qho/2025-09-19_21-56-28-345443/model_weights.pth
It: 1716, Loss: 4.417e-05, Loss_res: 3.811e-03,  Loss_bcs: 6.249e-07, Loss_ut_ics: 5.435e-04, lr: 1.000e-03, Time: 1.94e+03
Model state saved to ./results/models/checkpoints/schrodinger/qho/2025-09-19_21-56-28-345443/model.pth
Model state saved to ./results/models/checkpoints/schrodinger/qho/2025-09-19_21-56-28-345443/model_weights.pth
It: 1717, Loss: 3.592e-05, Loss_res: 2.601e-03,  Loss_bcs: 6.246e-07, Loss_ut_ics: 9.285e-04, lr: 1.000e-03, Time: 1.94e+03
Model state saved to ./results/models/checkpoints/schrodinger/qho/2025-09-19_21-56-28-345443/model.pth
Model state saved to ./results/models/checkpoints/schrodinger/qho/2025-09-19_21-56-28-345443/model_weights.pth
It: 1718, Loss: 4.581e-05, Loss_res: 3.889e-03,  Loss_bcs: 1.166e-06, Loss_ut_ics: 5.752e-04, lr: 1.000e-03, Time: 1.94e+03
Model state saved to ./results/models/checkpoints/schrodinger/qho/2025-09-19_21-56-28-345443/model.pth
Model state saved to ./results/models/checkpoints/schrodinger/qho/2025-09-19_21-56-28-345443/model_weights.pth
It: 1719, Loss: 4.976e-05, Loss_res: 4.344e-03,  Loss_bcs: 1.924e-06, Loss_ut_ics: 4.396e-04, lr: 1.000e-03, Time: 1.94e+03
Model state saved to ./results/models/checkpoints/schrodinger/qho/2025-09-19_21-56-28-345443/model.pth
Model state saved to ./results/models/checkpoints/schrodinger/qho/2025-09-19_21-56-28-345443/model_weights.pth
It: 1720, Loss: 1.709e-05, Loss_res: 1.357e-03,  Loss_bcs: 2.089e-06, Loss_ut_ics: 1.427e-04, lr: 1.000e-03, Time: 1.94e+03
Model state saved to ./results/models/checkpoints/schrodinger/qho/2025-09-19_21-56-28-345443/model.pth
Model state saved to ./results/models/checkpoints/schrodinger/qho/2025-09-19_21-56-28-345443/model_weights.pth
It: 1721, Loss: 3.113e-05, Loss_res: 2.098e-03,  Loss_bcs: 4.093e-06, Loss_ut_ics: 6.059e-04, lr: 1.000e-03, Time: 1.94e+03
Model state saved to ./results/models/checkpoints/schrodinger/qho/2025-09-19_21-56-28-345443/model.pth
Model state saved to ./results/models/checkpoints/schrodinger/qho/2025-09-19_21-56-28-345443/model_weights.pth
It: 1722, Loss: 4.023e-05, Loss_res: 1.748e-03,  Loss_bcs: 4.206e-06, Loss_ut_ics: 1.854e-03, lr: 1.000e-03, Time: 1.95e+03
Model state saved to ./results/models/checkpoints/schrodinger/qho/2025-09-19_21-56-28-345443/model.pth
Model state saved to ./results/models/checkpoints/schrodinger/qho/2025-09-19_21-56-28-345443/model_weights.pth
It: 1723, Loss: 2.169e-05, Loss_res: 9.130e-04,  Loss_bcs: 3.188e-06, Loss_ut_ics: 9.372e-04, lr: 1.000e-03, Time: 1.95e+03
Model state saved to ./results/models/checkpoints/schrodinger/qho/2025-09-19_21-56-28-345443/model.pth
Model state saved to ./results/models/checkpoints/schrodinger/qho/2025-09-19_21-56-28-345443/model_weights.pth
It: 1724, Loss: 3.270e-05, Loss_res: 2.921e-03,  Loss_bcs: 2.834e-06, Loss_ut_ics: 6.649e-05, lr: 1.000e-03, Time: 1.95e+03
Model state saved to ./results/models/checkpoints/schrodinger/qho/2025-09-19_21-56-28-345443/model.pth
Model state saved to ./results/models/checkpoints/schrodinger/qho/2025-09-19_21-56-28-345443/model_weights.pth
It: 1725, Loss: 3.677e-05, Loss_res: 1.818e-03,  Loss_bcs: 1.685e-06, Loss_ut_ics: 1.691e-03, lr: 1.000e-03, Time: 1.95e+03
Model state saved to ./results/models/checkpoints/schrodinger/qho/2025-09-19_21-56-28-345443/model.pth
Model state saved to ./results/models/checkpoints/schrodinger/qho/2025-09-19_21-56-28-345443/model_weights.pth
It: 1726, Loss: 3.544e-05, Loss_res: 2.664e-03,  Loss_bcs: 1.442e-06, Loss_ut_ics: 7.360e-04, lr: 1.000e-03, Time: 1.95e+03
Model state saved to ./results/models/checkpoints/schrodinger/qho/2025-09-19_21-56-28-345443/model.pth
Model state saved to ./results/models/checkpoints/schrodinger/qho/2025-09-19_21-56-28-345443/model_weights.pth
It: 1727, Loss: 3.478e-05, Loss_res: 2.539e-03,  Loss_bcs: 1.772e-06, Loss_ut_ics: 7.621e-04, lr: 1.000e-03, Time: 1.95e+03
Model state saved to ./results/models/checkpoints/schrodinger/qho/2025-09-19_21-56-28-345443/model.pth
Model state saved to ./results/models/checkpoints/schrodinger/qho/2025-09-19_21-56-28-345443/model_weights.pth
It: 1728, Loss: 4.009e-05, Loss_res: 3.303e-03,  Loss_bcs: 1.517e-06, Loss_ut_ics: 5.544e-04, lr: 1.000e-03, Time: 1.95e+03
Model state saved to ./results/models/checkpoints/schrodinger/qho/2025-09-19_21-56-28-345443/model.pth
Model state saved to ./results/models/checkpoints/schrodinger/qho/2025-09-19_21-56-28-345443/model_weights.pth
It: 1729, Loss: 2.058e-05, Loss_res: 1.570e-03,  Loss_bcs: 1.413e-06, Loss_ut_ics: 3.462e-04, lr: 1.000e-03, Time: 1.95e+03
Model state saved to ./results/models/checkpoints/schrodinger/qho/2025-09-19_21-56-28-345443/model.pth
Model state saved to ./results/models/checkpoints/schrodinger/qho/2025-09-19_21-56-28-345443/model_weights.pth
It: 1730, Loss: 4.978e-05, Loss_res: 3.910e-03,  Loss_bcs: 2.777e-06, Loss_ut_ics: 7.895e-04, lr: 1.000e-03, Time: 1.95e+03
Model state saved to ./results/models/checkpoints/schrodinger/qho/2025-09-19_21-56-28-345443/model.pth
Model state saved to ./results/models/checkpoints/schrodinger/qho/2025-09-19_21-56-28-345443/model_weights.pth
It: 1731, Loss: 4.441e-05, Loss_res: 3.380e-03,  Loss_bcs: 2.536e-06, Loss_ut_ics: 8.074e-04, lr: 1.000e-03, Time: 1.96e+03
Model state saved to ./results/models/checkpoints/schrodinger/qho/2025-09-19_21-56-28-345443/model.pth
Model state saved to ./results/models/checkpoints/schrodinger/qho/2025-09-19_21-56-28-345443/model_weights.pth
It: 1732, Loss: 1.706e-05, Loss_res: 1.282e-03,  Loss_bcs: 1.953e-06, Loss_ut_ics: 2.293e-04, lr: 1.000e-03, Time: 1.96e+03
Model state saved to ./results/models/checkpoints/schrodinger/qho/2025-09-19_21-56-28-345443/model.pth
Model state saved to ./results/models/checkpoints/schrodinger/qho/2025-09-19_21-56-28-345443/model_weights.pth
It: 1733, Loss: 2.779e-05, Loss_res: 1.539e-03,  Loss_bcs: 3.549e-06, Loss_ut_ics: 8.844e-04, lr: 1.000e-03, Time: 1.96e+03
Model state saved to ./results/models/checkpoints/schrodinger/qho/2025-09-19_21-56-28-345443/model.pth
Model state saved to ./results/models/checkpoints/schrodinger/qho/2025-09-19_21-56-28-345443/model_weights.pth
It: 1734, Loss: 3.473e-05, Loss_res: 2.265e-03,  Loss_bcs: 2.998e-06, Loss_ut_ics: 9.078e-04, lr: 1.000e-03, Time: 1.96e+03
Model state saved to ./results/models/checkpoints/schrodinger/qho/2025-09-19_21-56-28-345443/model.pth
Model state saved to ./results/models/checkpoints/schrodinger/qho/2025-09-19_21-56-28-345443/model_weights.pth
It: 1735, Loss: 3.280e-05, Loss_res: 2.588e-03,  Loss_bcs: 5.294e-06, Loss_ut_ics: 1.629e-04, lr: 1.000e-03, Time: 1.96e+03
Model state saved to ./results/models/checkpoints/schrodinger/qho/2025-09-19_21-56-28-345443/model.pth
Model state saved to ./results/models/checkpoints/schrodinger/qho/2025-09-19_21-56-28-345443/model_weights.pth
It: 1736, Loss: 3.891e-05, Loss_res: 2.647e-03,  Loss_bcs: 6.591e-06, Loss_ut_ics: 5.846e-04, lr: 1.000e-03, Time: 1.96e+03
Model state saved to ./results/models/checkpoints/schrodinger/qho/2025-09-19_21-56-28-345443/model.pth
Model state saved to ./results/models/checkpoints/schrodinger/qho/2025-09-19_21-56-28-345443/model_weights.pth
It: 1737, Loss: 2.943e-05, Loss_res: 1.928e-03,  Loss_bcs: 1.347e-06, Loss_ut_ics: 8.801e-04, lr: 1.000e-03, Time: 1.96e+03
Model state saved to ./results/models/checkpoints/schrodinger/qho/2025-09-19_21-56-28-345443/model.pth
Model state saved to ./results/models/checkpoints/schrodinger/qho/2025-09-19_21-56-28-345443/model_weights.pth
It: 1738, Loss: 4.110e-05, Loss_res: 2.438e-03,  Loss_bcs: 3.195e-06, Loss_ut_ics: 1.352e-03, lr: 1.000e-03, Time: 1.96e+03
Model state saved to ./results/models/checkpoints/schrodinger/qho/2025-09-19_21-56-28-345443/model.pth
Model state saved to ./results/models/checkpoints/schrodinger/qho/2025-09-19_21-56-28-345443/model_weights.pth
It: 1739, Loss: 2.780e-05, Loss_res: 1.608e-03,  Loss_bcs: 1.897e-06, Loss_ut_ics: 9.823e-04, lr: 1.000e-03, Time: 1.97e+03
Model state saved to ./results/models/checkpoints/schrodinger/qho/2025-09-19_21-56-28-345443/model.pth
Model state saved to ./results/models/checkpoints/schrodinger/qho/2025-09-19_21-56-28-345443/model_weights.pth
It: 1740, Loss: 2.357e-05, Loss_res: 1.310e-03,  Loss_bcs: 6.409e-07, Loss_ut_ics: 9.830e-04, lr: 1.000e-03, Time: 1.97e+03
Model state saved to ./results/models/checkpoints/schrodinger/qho/2025-09-19_21-56-28-345443/model.pth
Model state saved to ./results/models/checkpoints/schrodinger/qho/2025-09-19_21-56-28-345443/model_weights.pth
It: 1741, Loss: 6.548e-05, Loss_res: 5.322e-03,  Loss_bcs: 5.212e-06, Loss_ut_ics: 7.052e-04, lr: 1.000e-03, Time: 1.97e+03
Model state saved to ./results/models/checkpoints/schrodinger/qho/2025-09-19_21-56-28-345443/model.pth
Model state saved to ./results/models/checkpoints/schrodinger/qho/2025-09-19_21-56-28-345443/model_weights.pth
It: 1742, Loss: 4.147e-05, Loss_res: 3.542e-03,  Loss_bcs: 3.563e-06, Loss_ut_ics: 2.486e-04, lr: 1.000e-03, Time: 1.97e+03
Model state saved to ./results/models/checkpoints/schrodinger/qho/2025-09-19_21-56-28-345443/model.pth
Model state saved to ./results/models/checkpoints/schrodinger/qho/2025-09-19_21-56-28-345443/model_weights.pth
It: 1743, Loss: 2.877e-05, Loss_res: 2.565e-03,  Loss_bcs: 1.079e-06, Loss_ut_ics: 2.041e-04, lr: 1.000e-03, Time: 1.97e+03
Model state saved to ./results/models/checkpoints/schrodinger/qho/2025-09-19_21-56-28-345443/model.pth
Model state saved to ./results/models/checkpoints/schrodinger/qho/2025-09-19_21-56-28-345443/model_weights.pth
It: 1744, Loss: 6.109e-05, Loss_res: 5.176e-03,  Loss_bcs: 7.415e-06, Loss_ut_ics: 1.911e-04, lr: 1.000e-03, Time: 1.97e+03
Model state saved to ./results/models/checkpoints/schrodinger/qho/2025-09-19_21-56-28-345443/model.pth
Model state saved to ./results/models/checkpoints/schrodinger/qho/2025-09-19_21-56-28-345443/model_weights.pth
It: 1745, Loss: 5.099e-05, Loss_res: 3.858e-03,  Loss_bcs: 4.077e-06, Loss_ut_ics: 8.327e-04, lr: 1.000e-03, Time: 1.97e+03
Model state saved to ./results/models/checkpoints/schrodinger/qho/2025-09-19_21-56-28-345443/model.pth
Model state saved to ./results/models/checkpoints/schrodinger/qho/2025-09-19_21-56-28-345443/model_weights.pth
It: 1746, Loss: 3.641e-05, Loss_res: 3.202e-03,  Loss_bcs: 2.516e-06, Loss_ut_ics: 1.866e-04, lr: 1.000e-03, Time: 1.97e+03
Model state saved to ./results/models/checkpoints/schrodinger/qho/2025-09-19_21-56-28-345443/model.pth
Model state saved to ./results/models/checkpoints/schrodinger/qho/2025-09-19_21-56-28-345443/model_weights.pth
It: 1747, Loss: 2.637e-05, Loss_res: 1.228e-03,  Loss_bcs: 1.130e-05, Loss_ut_ics: 2.792e-04, lr: 1.000e-03, Time: 1.97e+03
Model state saved to ./results/models/checkpoints/schrodinger/qho/2025-09-19_21-56-28-345443/model.pth
Model state saved to ./results/models/checkpoints/schrodinger/qho/2025-09-19_21-56-28-345443/model_weights.pth
It: 1748, Loss: 4.247e-05, Loss_res: 3.301e-03,  Loss_bcs: 6.813e-06, Loss_ut_ics: 2.647e-04, lr: 1.000e-03, Time: 1.98e+03
Model state saved to ./results/models/checkpoints/schrodinger/qho/2025-09-19_21-56-28-345443/model.pth
Model state saved to ./results/models/checkpoints/schrodinger/qho/2025-09-19_21-56-28-345443/model_weights.pth
It: 1749, Loss: 3.756e-05, Loss_res: 3.180e-03,  Loss_bcs: 4.490e-06, Loss_ut_ics: 1.277e-04, lr: 1.000e-03, Time: 1.98e+03
Model state saved to ./results/models/checkpoints/schrodinger/qho/2025-09-19_21-56-28-345443/model.pth
Model state saved to ./results/models/checkpoints/schrodinger/qho/2025-09-19_21-56-28-345443/model_weights.pth
It: 1750, Loss: 5.011e-05, Loss_res: 3.488e-03,  Loss_bcs: 9.460e-06, Loss_ut_ics: 5.768e-04, lr: 1.000e-03, Time: 1.98e+03
Model state saved to ./results/models/checkpoints/schrodinger/qho/2025-09-19_21-56-28-345443/model.pth
Model state saved to ./results/models/checkpoints/schrodinger/qho/2025-09-19_21-56-28-345443/model_weights.pth
It: 1751, Loss: 4.313e-05, Loss_res: 2.855e-03,  Loss_bcs: 8.754e-06, Loss_ut_ics: 5.823e-04, lr: 1.000e-03, Time: 1.98e+03
Model state saved to ./results/models/checkpoints/schrodinger/qho/2025-09-19_21-56-28-345443/model.pth
Model state saved to ./results/models/checkpoints/schrodinger/qho/2025-09-19_21-56-28-345443/model_weights.pth
It: 1752, Loss: 3.256e-05, Loss_res: 1.539e-03,  Loss_bcs: 1.070e-05, Loss_ut_ics: 6.475e-04, lr: 1.000e-03, Time: 1.98e+03
Model state saved to ./results/models/checkpoints/schrodinger/qho/2025-09-19_21-56-28-345443/model.pth
Model state saved to ./results/models/checkpoints/schrodinger/qho/2025-09-19_21-56-28-345443/model_weights.pth
It: 1753, Loss: 4.181e-05, Loss_res: 2.319e-03,  Loss_bcs: 1.757e-05, Loss_ut_ics: 1.060e-04, lr: 1.000e-03, Time: 1.98e+03
Model state saved to ./results/models/checkpoints/schrodinger/qho/2025-09-19_21-56-28-345443/model.pth
Model state saved to ./results/models/checkpoints/schrodinger/qho/2025-09-19_21-56-28-345443/model_weights.pth
It: 1754, Loss: 1.773e-05, Loss_res: 1.129e-03,  Loss_bcs: 5.421e-06, Loss_ut_ics: 1.020e-04, lr: 1.000e-03, Time: 1.98e+03
Model state saved to ./results/models/checkpoints/schrodinger/qho/2025-09-19_21-56-28-345443/model.pth
Model state saved to ./results/models/checkpoints/schrodinger/qho/2025-09-19_21-56-28-345443/model_weights.pth
It: 1755, Loss: 5.579e-05, Loss_res: 4.070e-03,  Loss_bcs: 3.840e-06, Loss_ut_ics: 1.125e-03, lr: 1.000e-03, Time: 1.98e+03
Model state saved to ./results/models/checkpoints/schrodinger/qho/2025-09-19_21-56-28-345443/model.pth
Model state saved to ./results/models/checkpoints/schrodinger/qho/2025-09-19_21-56-28-345443/model_weights.pth
It: 1756, Loss: 3.122e-05, Loss_res: 1.678e-03,  Loss_bcs: 6.692e-06, Loss_ut_ics: 7.752e-04, lr: 1.000e-03, Time: 1.99e+03
Model state saved to ./results/models/checkpoints/schrodinger/qho/2025-09-19_21-56-28-345443/model.pth
Model state saved to ./results/models/checkpoints/schrodinger/qho/2025-09-19_21-56-28-345443/model_weights.pth
It: 1757, Loss: 3.850e-05, Loss_res: 3.035e-03,  Loss_bcs: 4.242e-07, Loss_ut_ics: 7.724e-04, lr: 1.000e-03, Time: 1.99e+03
Model state saved to ./results/models/checkpoints/schrodinger/qho/2025-09-19_21-56-28-345443/model.pth
Model state saved to ./results/models/checkpoints/schrodinger/qho/2025-09-19_21-56-28-345443/model_weights.pth
It: 1758, Loss: 5.521e-05, Loss_res: 3.319e-03,  Loss_bcs: 7.417e-06, Loss_ut_ics: 1.460e-03, lr: 1.000e-03, Time: 1.99e+03
Model state saved to ./results/models/checkpoints/schrodinger/qho/2025-09-19_21-56-28-345443/model.pth
Model state saved to ./results/models/checkpoints/schrodinger/qho/2025-09-19_21-56-28-345443/model_weights.pth
It: 1759, Loss: 4.410e-05, Loss_res: 1.578e-03,  Loss_bcs: 9.007e-06, Loss_ut_ics: 1.932e-03, lr: 1.000e-03, Time: 1.99e+03
Model state saved to ./results/models/checkpoints/schrodinger/qho/2025-09-19_21-56-28-345443/model.pth
Model state saved to ./results/models/checkpoints/schrodinger/qho/2025-09-19_21-56-28-345443/model_weights.pth
It: 1760, Loss: 3.338e-05, Loss_res: 2.514e-03,  Loss_bcs: 1.385e-06, Loss_ut_ics: 6.861e-04, lr: 1.000e-03, Time: 1.99e+03
Model state saved to ./results/models/checkpoints/schrodinger/qho/2025-09-19_21-56-28-345443/model.pth
Model state saved to ./results/models/checkpoints/schrodinger/qho/2025-09-19_21-56-28-345443/model_weights.pth
It: 1761, Loss: 4.069e-05, Loss_res: 3.270e-03,  Loss_bcs: 1.513e-06, Loss_ut_ics: 6.478e-04, lr: 1.000e-03, Time: 1.99e+03
Model state saved to ./results/models/checkpoints/schrodinger/qho/2025-09-19_21-56-28-345443/model.pth
Model state saved to ./results/models/checkpoints/schrodinger/qho/2025-09-19_21-56-28-345443/model_weights.pth
It: 1762, Loss: 4.623e-05, Loss_res: 3.785e-03,  Loss_bcs: 2.645e-06, Loss_ut_ics: 5.735e-04, lr: 1.000e-03, Time: 1.99e+03
Model state saved to ./results/models/checkpoints/schrodinger/qho/2025-09-19_21-56-28-345443/model.pth
Model state saved to ./results/models/checkpoints/schrodinger/qho/2025-09-19_21-56-28-345443/model_weights.pth
It: 1763, Loss: 2.589e-05, Loss_res: 2.094e-03,  Loss_bcs: 1.673e-06, Loss_ut_ics: 3.274e-04, lr: 1.000e-03, Time: 1.99e+03
Model state saved to ./results/models/checkpoints/schrodinger/qho/2025-09-19_21-56-28-345443/model.pth
Model state saved to ./results/models/checkpoints/schrodinger/qho/2025-09-19_21-56-28-345443/model_weights.pth
It: 1764, Loss: 3.164e-05, Loss_res: 2.381e-03,  Loss_bcs: 6.876e-06, Loss_ut_ics: 9.554e-05, lr: 1.000e-03, Time: 1.99e+03
Model state saved to ./results/models/checkpoints/schrodinger/qho/2025-09-19_21-56-28-345443/model.pth
Model state saved to ./results/models/checkpoints/schrodinger/qho/2025-09-19_21-56-28-345443/model_weights.pth
It: 1765, Loss: 5.020e-05, Loss_res: 3.943e-03,  Loss_bcs: 3.433e-06, Loss_ut_ics: 7.336e-04, lr: 1.000e-03, Time: 2.00e+03
Model state saved to ./results/models/checkpoints/schrodinger/qho/2025-09-19_21-56-28-345443/model.pth
Model state saved to ./results/models/checkpoints/schrodinger/qho/2025-09-19_21-56-28-345443/model_weights.pth
It: 1766, Loss: 2.920e-05, Loss_res: 1.981e-03,  Loss_bcs: 2.210e-06, Loss_ut_ics: 7.177e-04, lr: 1.000e-03, Time: 2.00e+03
Model state saved to ./results/models/checkpoints/schrodinger/qho/2025-09-19_21-56-28-345443/model.pth
Model state saved to ./results/models/checkpoints/schrodinger/qho/2025-09-19_21-56-28-345443/model_weights.pth
It: 1767, Loss: 4.865e-05, Loss_res: 3.787e-03,  Loss_bcs: 7.078e-06, Loss_ut_ics: 3.697e-04, lr: 1.000e-03, Time: 2.00e+03
Model state saved to ./results/models/checkpoints/schrodinger/qho/2025-09-19_21-56-28-345443/model.pth
Model state saved to ./results/models/checkpoints/schrodinger/qho/2025-09-19_21-56-28-345443/model_weights.pth
It: 1768, Loss: 3.456e-05, Loss_res: 2.126e-03,  Loss_bcs: 4.638e-06, Loss_ut_ics: 8.666e-04, lr: 1.000e-03, Time: 2.00e+03
Model state saved to ./results/models/checkpoints/schrodinger/qho/2025-09-19_21-56-28-345443/model.pth
Model state saved to ./results/models/checkpoints/schrodinger/qho/2025-09-19_21-56-28-345443/model_weights.pth
It: 1769, Loss: 3.381e-05, Loss_res: 2.254e-03,  Loss_bcs: 5.211e-06, Loss_ut_ics: 6.061e-04, lr: 1.000e-03, Time: 2.00e+03
Model state saved to ./results/models/checkpoints/schrodinger/qho/2025-09-19_21-56-28-345443/model.pth
Model state saved to ./results/models/checkpoints/schrodinger/qho/2025-09-19_21-56-28-345443/model_weights.pth
It: 1770, Loss: 3.158e-05, Loss_res: 2.315e-03,  Loss_bcs: 7.776e-06, Loss_ut_ics: 6.477e-05, lr: 1.000e-03, Time: 2.00e+03
Model state saved to ./results/models/checkpoints/schrodinger/qho/2025-09-19_21-56-28-345443/model.pth
Model state saved to ./results/models/checkpoints/schrodinger/qho/2025-09-19_21-56-28-345443/model_weights.pth
It: 1771, Loss: 4.135e-05, Loss_res: 2.092e-03,  Loss_bcs: 4.797e-06, Loss_ut_ics: 1.563e-03, lr: 1.000e-03, Time: 2.00e+03
Model state saved to ./results/models/checkpoints/schrodinger/qho/2025-09-19_21-56-28-345443/model.pth
Model state saved to ./results/models/checkpoints/schrodinger/qho/2025-09-19_21-56-28-345443/model_weights.pth
It: 1772, Loss: 4.064e-05, Loss_res: 2.893e-03,  Loss_bcs: 3.379e-06, Loss_ut_ics: 8.333e-04, lr: 1.000e-03, Time: 2.00e+03
Model state saved to ./results/models/checkpoints/schrodinger/qho/2025-09-19_21-56-28-345443/model.pth
Model state saved to ./results/models/checkpoints/schrodinger/qho/2025-09-19_21-56-28-345443/model_weights.pth
It: 1773, Loss: 7.478e-05, Loss_res: 6.890e-03,  Loss_bcs: 4.466e-06, Loss_ut_ics: 1.417e-04, lr: 1.000e-03, Time: 2.01e+03
Model state saved to ./results/models/checkpoints/schrodinger/qho/2025-09-19_21-56-28-345443/model.pth
Model state saved to ./results/models/checkpoints/schrodinger/qho/2025-09-19_21-56-28-345443/model_weights.pth
It: 1774, Loss: 4.247e-05, Loss_res: 2.933e-03,  Loss_bcs: 2.613e-06, Loss_ut_ics: 1.053e-03, lr: 1.000e-03, Time: 2.01e+03
Model state saved to ./results/models/checkpoints/schrodinger/qho/2025-09-19_21-56-28-345443/model.pth
Model state saved to ./results/models/checkpoints/schrodinger/qho/2025-09-19_21-56-28-345443/model_weights.pth
It: 1775, Loss: 1.313e-05, Loss_res: 1.088e-03,  Loss_bcs: 1.450e-06, Loss_ut_ics: 8.000e-05, lr: 1.000e-03, Time: 2.01e+03
Model state saved to ./results/models/checkpoints/schrodinger/qho/2025-09-19_21-56-28-345443/model.pth
Model state saved to ./results/models/checkpoints/schrodinger/qho/2025-09-19_21-56-28-345443/model_weights.pth
It: 1776, Loss: 2.956e-05, Loss_res: 1.696e-03,  Loss_bcs: 1.591e-06, Loss_ut_ics: 1.100e-03, lr: 1.000e-03, Time: 2.01e+03
Model state saved to ./results/models/checkpoints/schrodinger/qho/2025-09-19_21-56-28-345443/model.pth
Model state saved to ./results/models/checkpoints/schrodinger/qho/2025-09-19_21-56-28-345443/model_weights.pth
It: 1777, Loss: 3.100e-05, Loss_res: 2.561e-03,  Loss_bcs: 2.144e-06, Loss_ut_ics: 3.245e-04, lr: 1.000e-03, Time: 2.01e+03
Model state saved to ./results/models/checkpoints/schrodinger/qho/2025-09-19_21-56-28-345443/model.pth
Model state saved to ./results/models/checkpoints/schrodinger/qho/2025-09-19_21-56-28-345443/model_weights.pth
It: 1778, Loss: 3.118e-05, Loss_res: 2.235e-03,  Loss_bcs: 1.096e-06, Loss_ut_ics: 7.729e-04, lr: 1.000e-03, Time: 2.01e+03
Model state saved to ./results/models/checkpoints/schrodinger/qho/2025-09-19_21-56-28-345443/model.pth
Model state saved to ./results/models/checkpoints/schrodinger/qho/2025-09-19_21-56-28-345443/model_weights.pth
It: 1779, Loss: 2.844e-05, Loss_res: 2.006e-03,  Loss_bcs: 1.028e-07, Loss_ut_ics: 8.278e-04, lr: 1.000e-03, Time: 2.01e+03
Model state saved to ./results/models/checkpoints/schrodinger/qho/2025-09-19_21-56-28-345443/model.pth
Model state saved to ./results/models/checkpoints/schrodinger/qho/2025-09-19_21-56-28-345443/model_weights.pth
It: 1780, Loss: 2.688e-05, Loss_res: 2.463e-03,  Loss_bcs: 1.879e-07, Loss_ut_ics: 2.058e-04, lr: 1.000e-03, Time: 2.01e+03
Model state saved to ./results/models/checkpoints/schrodinger/qho/2025-09-19_21-56-28-345443/model.pth
Model state saved to ./results/models/checkpoints/schrodinger/qho/2025-09-19_21-56-28-345443/model_weights.pth
It: 1781, Loss: 5.159e-05, Loss_res: 4.507e-03,  Loss_bcs: 2.450e-07, Loss_ut_ics: 6.274e-04, lr: 1.000e-03, Time: 2.01e+03
Model state saved to ./results/models/checkpoints/schrodinger/qho/2025-09-19_21-56-28-345443/model.pth
Model state saved to ./results/models/checkpoints/schrodinger/qho/2025-09-19_21-56-28-345443/model_weights.pth
It: 1782, Loss: 3.653e-05, Loss_res: 2.811e-03,  Loss_bcs: 6.892e-07, Loss_ut_ics: 7.734e-04, lr: 1.000e-03, Time: 2.02e+03
Model state saved to ./results/models/checkpoints/schrodinger/qho/2025-09-19_21-56-28-345443/model.pth
Model state saved to ./results/models/checkpoints/schrodinger/qho/2025-09-19_21-56-28-345443/model_weights.pth
It: 1783, Loss: 2.212e-05, Loss_res: 1.987e-03,  Loss_bcs: 1.098e-06, Loss_ut_ics: 1.152e-04, lr: 1.000e-03, Time: 2.02e+03
Model state saved to ./results/models/checkpoints/schrodinger/qho/2025-09-19_21-56-28-345443/model.pth
Model state saved to ./results/models/checkpoints/schrodinger/qho/2025-09-19_21-56-28-345443/model_weights.pth
It: 1784, Loss: 1.696e-05, Loss_res: 7.212e-04,  Loss_bcs: 2.925e-06, Loss_ut_ics: 6.820e-04, lr: 1.000e-03, Time: 2.02e+03
Model state saved to ./results/models/checkpoints/schrodinger/qho/2025-09-19_21-56-28-345443/model.pth
Model state saved to ./results/models/checkpoints/schrodinger/qho/2025-09-19_21-56-28-345443/model_weights.pth
It: 1785, Loss: 2.841e-05, Loss_res: 2.435e-03,  Loss_bcs: 3.528e-06, Loss_ut_ics: 5.263e-05, lr: 1.000e-03, Time: 2.02e+03
Model state saved to ./results/models/checkpoints/schrodinger/qho/2025-09-19_21-56-28-345443/model.pth
Model state saved to ./results/models/checkpoints/schrodinger/qho/2025-09-19_21-56-28-345443/model_weights.pth
It: 1786, Loss: 3.243e-05, Loss_res: 1.366e-03,  Loss_bcs: 2.645e-06, Loss_ut_ics: 1.613e-03, lr: 1.000e-03, Time: 2.02e+03
Model state saved to ./results/models/checkpoints/schrodinger/qho/2025-09-19_21-56-28-345443/model.pth
Model state saved to ./results/models/checkpoints/schrodinger/qho/2025-09-19_21-56-28-345443/model_weights.pth
It: 1787, Loss: 4.252e-05, Loss_res: 2.326e-03,  Loss_bcs: 1.701e-06, Loss_ut_ics: 1.756e-03, lr: 1.000e-03, Time: 2.02e+03
Model state saved to ./results/models/checkpoints/schrodinger/qho/2025-09-19_21-56-28-345443/model.pth
Model state saved to ./results/models/checkpoints/schrodinger/qho/2025-09-19_21-56-28-345443/model_weights.pth
It: 1788, Loss: 4.556e-05, Loss_res: 3.244e-03,  Loss_bcs: 1.707e-06, Loss_ut_ics: 1.142e-03, lr: 1.000e-03, Time: 2.02e+03
Model state saved to ./results/models/checkpoints/schrodinger/qho/2025-09-19_21-56-28-345443/model.pth
Model state saved to ./results/models/checkpoints/schrodinger/qho/2025-09-19_21-56-28-345443/model_weights.pth
It: 1789, Loss: 3.906e-05, Loss_res: 2.690e-03,  Loss_bcs: 3.544e-06, Loss_ut_ics: 8.618e-04, lr: 1.000e-03, Time: 2.02e+03
Model state saved to ./results/models/checkpoints/schrodinger/qho/2025-09-19_21-56-28-345443/model.pth
Model state saved to ./results/models/checkpoints/schrodinger/qho/2025-09-19_21-56-28-345443/model_weights.pth
It: 1790, Loss: 3.217e-05, Loss_res: 1.748e-03,  Loss_bcs: 2.345e-06, Loss_ut_ics: 1.234e-03, lr: 1.000e-03, Time: 2.03e+03
Model state saved to ./results/models/checkpoints/schrodinger/qho/2025-09-19_21-56-28-345443/model.pth
Model state saved to ./results/models/checkpoints/schrodinger/qho/2025-09-19_21-56-28-345443/model_weights.pth
It: 1791, Loss: 3.586e-05, Loss_res: 2.515e-03,  Loss_bcs: 9.881e-07, Loss_ut_ics: 9.722e-04, lr: 1.000e-03, Time: 2.03e+03
Model state saved to ./results/models/checkpoints/schrodinger/qho/2025-09-19_21-56-28-345443/model.pth
Model state saved to ./results/models/checkpoints/schrodinger/qho/2025-09-19_21-56-28-345443/model_weights.pth
It: 1792, Loss: 2.346e-05, Loss_res: 1.877e-03,  Loss_bcs: 7.534e-07, Loss_ut_ics: 3.944e-04, lr: 1.000e-03, Time: 2.03e+03
Model state saved to ./results/models/checkpoints/schrodinger/qho/2025-09-19_21-56-28-345443/model.pth
Model state saved to ./results/models/checkpoints/schrodinger/qho/2025-09-19_21-56-28-345443/model_weights.pth
It: 1793, Loss: 2.313e-05, Loss_res: 2.008e-03,  Loss_bcs: 1.832e-06, Loss_ut_ics: 1.219e-04, lr: 1.000e-03, Time: 2.03e+03
Model state saved to ./results/models/checkpoints/schrodinger/qho/2025-09-19_21-56-28-345443/model.pth
Model state saved to ./results/models/checkpoints/schrodinger/qho/2025-09-19_21-56-28-345443/model_weights.pth
It: 1794, Loss: 1.723e-05, Loss_res: 1.237e-03,  Loss_bcs: 1.794e-06, Loss_ut_ics: 3.065e-04, lr: 1.000e-03, Time: 2.03e+03
Model state saved to ./results/models/checkpoints/schrodinger/qho/2025-09-19_21-56-28-345443/model.pth
Model state saved to ./results/models/checkpoints/schrodinger/qho/2025-09-19_21-56-28-345443/model_weights.pth
It: 1795, Loss: 3.903e-05, Loss_res: 3.520e-03,  Loss_bcs: 1.687e-06, Loss_ut_ics: 2.144e-04, lr: 1.000e-03, Time: 2.03e+03
Model state saved to ./results/models/checkpoints/schrodinger/qho/2025-09-19_21-56-28-345443/model.pth
Model state saved to ./results/models/checkpoints/schrodinger/qho/2025-09-19_21-56-28-345443/model_weights.pth
It: 1796, Loss: 4.484e-05, Loss_res: 3.439e-03,  Loss_bcs: 4.959e-06, Loss_ut_ics: 5.489e-04, lr: 1.000e-03, Time: 2.03e+03
Model state saved to ./results/models/checkpoints/schrodinger/qho/2025-09-19_21-56-28-345443/model.pth
Model state saved to ./results/models/checkpoints/schrodinger/qho/2025-09-19_21-56-28-345443/model_weights.pth
It: 1797, Loss: 2.919e-05, Loss_res: 1.957e-03,  Loss_bcs: 3.204e-06, Loss_ut_ics: 6.421e-04, lr: 1.000e-03, Time: 2.03e+03
Model state saved to ./results/models/checkpoints/schrodinger/qho/2025-09-19_21-56-28-345443/model.pth
Model state saved to ./results/models/checkpoints/schrodinger/qho/2025-09-19_21-56-28-345443/model_weights.pth
It: 1798, Loss: 2.646e-05, Loss_res: 2.330e-03,  Loss_bcs: 2.583e-06, Loss_ut_ics: 5.739e-05, lr: 1.000e-03, Time: 2.04e+03
Model state saved to ./results/models/checkpoints/schrodinger/qho/2025-09-19_21-56-28-345443/model.pth
Model state saved to ./results/models/checkpoints/schrodinger/qho/2025-09-19_21-56-28-345443/model_weights.pth
It: 1799, Loss: 3.371e-05, Loss_res: 2.034e-03,  Loss_bcs: 6.501e-06, Loss_ut_ics: 6.869e-04, lr: 1.000e-03, Time: 2.04e+03
Model state saved to ./results/models/checkpoints/schrodinger/qho/2025-09-19_21-56-28-345443/model.pth
Model state saved to ./results/models/checkpoints/schrodinger/qho/2025-09-19_21-56-28-345443/model_weights.pth
It: 1800, Loss: 1.492e-05, Loss_res: 7.224e-04,  Loss_bcs: 5.144e-06, Loss_ut_ics: 2.556e-04, lr: 1.000e-03, Time: 2.04e+03
Model state saved to ./results/models/checkpoints/schrodinger/qho/2025-09-19_21-56-28-345443/model.pth
Model state saved to ./results/models/checkpoints/schrodinger/qho/2025-09-19_21-56-28-345443/model_weights.pth
It: 1801, Loss: 3.812e-05, Loss_res: 3.252e-03,  Loss_bcs: 3.397e-06, Loss_ut_ics: 2.199e-04, lr: 1.000e-03, Time: 2.04e+03
Model state saved to ./results/models/checkpoints/schrodinger/qho/2025-09-19_21-56-28-345443/model.pth
Model state saved to ./results/models/checkpoints/schrodinger/qho/2025-09-19_21-56-28-345443/model_weights.pth
It: 1802, Loss: 2.931e-05, Loss_res: 2.127e-03,  Loss_bcs: 5.881e-06, Loss_ut_ics: 2.155e-04, lr: 1.000e-03, Time: 2.04e+03
Model state saved to ./results/models/checkpoints/schrodinger/qho/2025-09-19_21-56-28-345443/model.pth
Model state saved to ./results/models/checkpoints/schrodinger/qho/2025-09-19_21-56-28-345443/model_weights.pth
It: 1803, Loss: 3.563e-05, Loss_res: 2.660e-03,  Loss_bcs: 3.143e-06, Loss_ut_ics: 5.884e-04, lr: 1.000e-03, Time: 2.04e+03
Model state saved to ./results/models/checkpoints/schrodinger/qho/2025-09-19_21-56-28-345443/model.pth
Model state saved to ./results/models/checkpoints/schrodinger/qho/2025-09-19_21-56-28-345443/model_weights.pth
It: 1804, Loss: 4.053e-05, Loss_res: 3.109e-03,  Loss_bcs: 6.544e-06, Loss_ut_ics: 2.896e-04, lr: 1.000e-03, Time: 2.04e+03
Model state saved to ./results/models/checkpoints/schrodinger/qho/2025-09-19_21-56-28-345443/model.pth
Model state saved to ./results/models/checkpoints/schrodinger/qho/2025-09-19_21-56-28-345443/model_weights.pth
It: 1805, Loss: 4.657e-05, Loss_res: 3.837e-03,  Loss_bcs: 4.992e-06, Loss_ut_ics: 3.202e-04, lr: 1.000e-03, Time: 2.04e+03
Model state saved to ./results/models/checkpoints/schrodinger/qho/2025-09-19_21-56-28-345443/model.pth
Model state saved to ./results/models/checkpoints/schrodinger/qho/2025-09-19_21-56-28-345443/model_weights.pth
It: 1806, Loss: 1.945e-05, Loss_res: 1.665e-03,  Loss_bcs: 7.533e-07, Loss_ut_ics: 2.050e-04, lr: 1.000e-03, Time: 2.04e+03
Model state saved to ./results/models/checkpoints/schrodinger/qho/2025-09-19_21-56-28-345443/model.pth
Model state saved to ./results/models/checkpoints/schrodinger/qho/2025-09-19_21-56-28-345443/model_weights.pth
It: 1807, Loss: 2.616e-05, Loss_res: 2.196e-03,  Loss_bcs: 2.804e-06, Loss_ut_ics: 1.395e-04, lr: 1.000e-03, Time: 2.05e+03
Model state saved to ./results/models/checkpoints/schrodinger/qho/2025-09-19_21-56-28-345443/model.pth
Model state saved to ./results/models/checkpoints/schrodinger/qho/2025-09-19_21-56-28-345443/model_weights.pth
It: 1808, Loss: 3.751e-05, Loss_res: 2.830e-03,  Loss_bcs: 1.575e-06, Loss_ut_ics: 7.630e-04, lr: 1.000e-03, Time: 2.05e+03
Model state saved to ./results/models/checkpoints/schrodinger/qho/2025-09-19_21-56-28-345443/model.pth
Model state saved to ./results/models/checkpoints/schrodinger/qho/2025-09-19_21-56-28-345443/model_weights.pth
It: 1809, Loss: 3.708e-05, Loss_res: 3.168e-03,  Loss_bcs: 4.765e-07, Loss_ut_ics: 4.927e-04, lr: 1.000e-03, Time: 2.05e+03
Model state saved to ./results/models/checkpoints/schrodinger/qho/2025-09-19_21-56-28-345443/model.pth
Model state saved to ./results/models/checkpoints/schrodinger/qho/2025-09-19_21-56-28-345443/model_weights.pth
It: 1810, Loss: 4.614e-05, Loss_res: 3.507e-03,  Loss_bcs: 7.873e-06, Loss_ut_ics: 3.189e-04, lr: 1.000e-03, Time: 2.05e+03
Model state saved to ./results/models/checkpoints/schrodinger/qho/2025-09-19_21-56-28-345443/model.pth
Model state saved to ./results/models/checkpoints/schrodinger/qho/2025-09-19_21-56-28-345443/model_weights.pth
It: 1811, Loss: 2.593e-05, Loss_res: 1.924e-03,  Loss_bcs: 2.501e-06, Loss_ut_ics: 4.185e-04, lr: 1.000e-03, Time: 2.05e+03
Model state saved to ./results/models/checkpoints/schrodinger/qho/2025-09-19_21-56-28-345443/model.pth
Model state saved to ./results/models/checkpoints/schrodinger/qho/2025-09-19_21-56-28-345443/model_weights.pth
It: 1812, Loss: 3.545e-05, Loss_res: 3.025e-03,  Loss_bcs: 1.919e-06, Loss_ut_ics: 3.283e-04, lr: 1.000e-03, Time: 2.05e+03
Model state saved to ./results/models/checkpoints/schrodinger/qho/2025-09-19_21-56-28-345443/model.pth
Model state saved to ./results/models/checkpoints/schrodinger/qho/2025-09-19_21-56-28-345443/model_weights.pth
It: 1813, Loss: 3.053e-05, Loss_res: 2.547e-03,  Loss_bcs: 1.850e-06, Loss_ut_ics: 3.208e-04, lr: 1.000e-03, Time: 2.05e+03
Model state saved to ./results/models/checkpoints/schrodinger/qho/2025-09-19_21-56-28-345443/model.pth
Model state saved to ./results/models/checkpoints/schrodinger/qho/2025-09-19_21-56-28-345443/model_weights.pth
It: 1814, Loss: 2.509e-05, Loss_res: 1.894e-03,  Loss_bcs: 2.150e-06, Loss_ut_ics: 3.993e-04, lr: 1.000e-03, Time: 2.05e+03
Model state saved to ./results/models/checkpoints/schrodinger/qho/2025-09-19_21-56-28-345443/model.pth
Model state saved to ./results/models/checkpoints/schrodinger/qho/2025-09-19_21-56-28-345443/model_weights.pth
It: 1815, Loss: 2.853e-05, Loss_res: 2.237e-03,  Loss_bcs: 4.522e-06, Loss_ut_ics: 1.642e-04, lr: 1.000e-03, Time: 2.06e+03
Model state saved to ./results/models/checkpoints/schrodinger/qho/2025-09-19_21-56-28-345443/model.pth
Model state saved to ./results/models/checkpoints/schrodinger/qho/2025-09-19_21-56-28-345443/model_weights.pth
It: 1816, Loss: 3.983e-05, Loss_res: 3.213e-03,  Loss_bcs: 4.828e-06, Loss_ut_ics: 2.869e-04, lr: 1.000e-03, Time: 2.06e+03
Model state saved to ./results/models/checkpoints/schrodinger/qho/2025-09-19_21-56-28-345443/model.pth
Model state saved to ./results/models/checkpoints/schrodinger/qho/2025-09-19_21-56-28-345443/model_weights.pth
It: 1817, Loss: 3.502e-05, Loss_res: 2.500e-03,  Loss_bcs: 5.929e-06, Loss_ut_ics: 4.090e-04, lr: 1.000e-03, Time: 2.06e+03
Model state saved to ./results/models/checkpoints/schrodinger/qho/2025-09-19_21-56-28-345443/model.pth
Model state saved to ./results/models/checkpoints/schrodinger/qho/2025-09-19_21-56-28-345443/model_weights.pth
It: 1818, Loss: 3.175e-05, Loss_res: 1.850e-03,  Loss_bcs: 8.276e-06, Loss_ut_ics: 4.973e-04, lr: 1.000e-03, Time: 2.06e+03
Model state saved to ./results/models/checkpoints/schrodinger/qho/2025-09-19_21-56-28-345443/model.pth
Model state saved to ./results/models/checkpoints/schrodinger/qho/2025-09-19_21-56-28-345443/model_weights.pth
It: 1819, Loss: 4.338e-05, Loss_res: 3.486e-03,  Loss_bcs: 7.791e-06, Loss_ut_ics: 7.277e-05, lr: 1.000e-03, Time: 2.06e+03
Model state saved to ./results/models/checkpoints/schrodinger/qho/2025-09-19_21-56-28-345443/model.pth
Model state saved to ./results/models/checkpoints/schrodinger/qho/2025-09-19_21-56-28-345443/model_weights.pth
It: 1820, Loss: 2.047e-05, Loss_res: 9.313e-04,  Loss_bcs: 1.100e-05, Loss_ut_ics: 1.566e-05, lr: 1.000e-03, Time: 2.06e+03
Model state saved to ./results/models/checkpoints/schrodinger/qho/2025-09-19_21-56-28-345443/model.pth
Model state saved to ./results/models/checkpoints/schrodinger/qho/2025-09-19_21-56-28-345443/model_weights.pth
It: 1821, Loss: 6.920e-05, Loss_res: 4.989e-03,  Loss_bcs: 1.083e-05, Loss_ut_ics: 8.482e-04, lr: 1.000e-03, Time: 2.06e+03
Model state saved to ./results/models/checkpoints/schrodinger/qho/2025-09-19_21-56-28-345443/model.pth
Model state saved to ./results/models/checkpoints/schrodinger/qho/2025-09-19_21-56-28-345443/model_weights.pth
It: 1822, Loss: 3.537e-05, Loss_res: 2.805e-03,  Loss_bcs: 4.569e-06, Loss_ut_ics: 2.747e-04, lr: 1.000e-03, Time: 2.06e+03
Model state saved to ./results/models/checkpoints/schrodinger/qho/2025-09-19_21-56-28-345443/model.pth
Model state saved to ./results/models/checkpoints/schrodinger/qho/2025-09-19_21-56-28-345443/model_weights.pth
It: 1823, Loss: 6.011e-05, Loss_res: 4.883e-03,  Loss_bcs: 7.597e-06, Loss_ut_ics: 3.684e-04, lr: 1.000e-03, Time: 2.06e+03
Model state saved to ./results/models/checkpoints/schrodinger/qho/2025-09-19_21-56-28-345443/model.pth
Model state saved to ./results/models/checkpoints/schrodinger/qho/2025-09-19_21-56-28-345443/model_weights.pth
It: 1824, Loss: 2.796e-05, Loss_res: 2.165e-03,  Loss_bcs: 2.729e-06, Loss_ut_ics: 3.574e-04, lr: 1.000e-03, Time: 2.07e+03
Model state saved to ./results/models/checkpoints/schrodinger/qho/2025-09-19_21-56-28-345443/model.pth
Model state saved to ./results/models/checkpoints/schrodinger/qho/2025-09-19_21-56-28-345443/model_weights.pth
It: 1825, Loss: 3.796e-05, Loss_res: 3.173e-03,  Loss_bcs: 1.266e-06, Loss_ut_ics: 4.964e-04, lr: 1.000e-03, Time: 2.07e+03
Model state saved to ./results/models/checkpoints/schrodinger/qho/2025-09-19_21-56-28-345443/model.pth
Model state saved to ./results/models/checkpoints/schrodinger/qho/2025-09-19_21-56-28-345443/model_weights.pth
It: 1826, Loss: 2.069e-05, Loss_res: 1.597e-03,  Loss_bcs: 3.410e-06, Loss_ut_ics: 1.312e-04, lr: 1.000e-03, Time: 2.07e+03
Model state saved to ./results/models/checkpoints/schrodinger/qho/2025-09-19_21-56-28-345443/model.pth
Model state saved to ./results/models/checkpoints/schrodinger/qho/2025-09-19_21-56-28-345443/model_weights.pth
It: 1827, Loss: 3.791e-05, Loss_res: 3.325e-03,  Loss_bcs: 2.348e-06, Loss_ut_ics: 2.310e-04, lr: 1.000e-03, Time: 2.07e+03
Model state saved to ./results/models/checkpoints/schrodinger/qho/2025-09-19_21-56-28-345443/model.pth
Model state saved to ./results/models/checkpoints/schrodinger/qho/2025-09-19_21-56-28-345443/model_weights.pth
It: 1828, Loss: 3.496e-05, Loss_res: 2.741e-03,  Loss_bcs: 3.136e-07, Loss_ut_ics: 7.231e-04, lr: 1.000e-03, Time: 2.07e+03
Model state saved to ./results/models/checkpoints/schrodinger/qho/2025-09-19_21-56-28-345443/model.pth
Model state saved to ./results/models/checkpoints/schrodinger/qho/2025-09-19_21-56-28-345443/model_weights.pth
It: 1829, Loss: 4.922e-05, Loss_res: 3.820e-03,  Loss_bcs: 5.865e-07, Loss_ut_ics: 1.044e-03, lr: 1.000e-03, Time: 2.07e+03
Model state saved to ./results/models/checkpoints/schrodinger/qho/2025-09-19_21-56-28-345443/model.pth
Model state saved to ./results/models/checkpoints/schrodinger/qho/2025-09-19_21-56-28-345443/model_weights.pth
It: 1830, Loss: 1.923e-05, Loss_res: 1.346e-03,  Loss_bcs: 3.225e-07, Loss_ut_ics: 5.442e-04, lr: 1.000e-03, Time: 2.07e+03
Model state saved to ./results/models/checkpoints/schrodinger/qho/2025-09-19_21-56-28-345443/model.pth
Model state saved to ./results/models/checkpoints/schrodinger/qho/2025-09-19_21-56-28-345443/model_weights.pth
It: 1831, Loss: 1.950e-05, Loss_res: 1.184e-03,  Loss_bcs: 5.624e-07, Loss_ut_ics: 7.090e-04, lr: 1.000e-03, Time: 2.07e+03
Model state saved to ./results/models/checkpoints/schrodinger/qho/2025-09-19_21-56-28-345443/model.pth
Model state saved to ./results/models/checkpoints/schrodinger/qho/2025-09-19_21-56-28-345443/model_weights.pth
It: 1832, Loss: 1.904e-05, Loss_res: 1.263e-03,  Loss_bcs: 2.739e-06, Loss_ut_ics: 3.678e-04, lr: 1.000e-03, Time: 2.07e+03
Model state saved to ./results/models/checkpoints/schrodinger/qho/2025-09-19_21-56-28-345443/model.pth
Model state saved to ./results/models/checkpoints/schrodinger/qho/2025-09-19_21-56-28-345443/model_weights.pth
It: 1833, Loss: 3.152e-05, Loss_res: 2.419e-03,  Loss_bcs: 2.231e-06, Loss_ut_ics: 5.103e-04, lr: 1.000e-03, Time: 2.08e+03
Model state saved to ./results/models/checkpoints/schrodinger/qho/2025-09-19_21-56-28-345443/model.pth
Model state saved to ./results/models/checkpoints/schrodinger/qho/2025-09-19_21-56-28-345443/model_weights.pth
It: 1834, Loss: 5.184e-05, Loss_res: 4.963e-03,  Loss_bcs: 1.949e-06, Loss_ut_ics: 2.594e-05, lr: 1.000e-03, Time: 2.08e+03
Model state saved to ./results/models/checkpoints/schrodinger/qho/2025-09-19_21-56-28-345443/model.pth
Model state saved to ./results/models/checkpoints/schrodinger/qho/2025-09-19_21-56-28-345443/model_weights.pth
It: 1835, Loss: 3.809e-05, Loss_res: 2.757e-03,  Loss_bcs: 6.199e-06, Loss_ut_ics: 4.330e-04, lr: 1.000e-03, Time: 2.08e+03
Model state saved to ./results/models/checkpoints/schrodinger/qho/2025-09-19_21-56-28-345443/model.pth
Model state saved to ./results/models/checkpoints/schrodinger/qho/2025-09-19_21-56-28-345443/model_weights.pth
It: 1836, Loss: 1.885e-05, Loss_res: 1.420e-03,  Loss_bcs: 2.562e-06, Loss_ut_ics: 2.086e-04, lr: 1.000e-03, Time: 2.08e+03
Model state saved to ./results/models/checkpoints/schrodinger/qho/2025-09-19_21-56-28-345443/model.pth
Model state saved to ./results/models/checkpoints/schrodinger/qho/2025-09-19_21-56-28-345443/model_weights.pth
It: 1837, Loss: 3.977e-05, Loss_res: 3.105e-03,  Loss_bcs: 4.034e-06, Loss_ut_ics: 4.695e-04, lr: 1.000e-03, Time: 2.08e+03
Model state saved to ./results/models/checkpoints/schrodinger/qho/2025-09-19_21-56-28-345443/model.pth
Model state saved to ./results/models/checkpoints/schrodinger/qho/2025-09-19_21-56-28-345443/model_weights.pth
It: 1838, Loss: 3.234e-05, Loss_res: 2.118e-03,  Loss_bcs: 8.821e-06, Loss_ut_ics: 2.339e-04, lr: 1.000e-03, Time: 2.08e+03
Model state saved to ./results/models/checkpoints/schrodinger/qho/2025-09-19_21-56-28-345443/model.pth
Model state saved to ./results/models/checkpoints/schrodinger/qho/2025-09-19_21-56-28-345443/model_weights.pth
It: 1839, Loss: 2.803e-05, Loss_res: 2.394e-03,  Loss_bcs: 2.592e-06, Loss_ut_ics: 1.497e-04, lr: 1.000e-03, Time: 2.08e+03
Model state saved to ./results/models/checkpoints/schrodinger/qho/2025-09-19_21-56-28-345443/model.pth
Model state saved to ./results/models/checkpoints/schrodinger/qho/2025-09-19_21-56-28-345443/model_weights.pth
It: 1840, Loss: 2.736e-05, Loss_res: 1.745e-03,  Loss_bcs: 1.522e-06, Loss_ut_ics: 8.395e-04, lr: 1.000e-03, Time: 2.08e+03
Model state saved to ./results/models/checkpoints/schrodinger/qho/2025-09-19_21-56-28-345443/model.pth
Model state saved to ./results/models/checkpoints/schrodinger/qho/2025-09-19_21-56-28-345443/model_weights.pth
It: 1841, Loss: 3.456e-05, Loss_res: 3.048e-03,  Loss_bcs: 3.093e-06, Loss_ut_ics: 9.904e-05, lr: 1.000e-03, Time: 2.09e+03
Model state saved to ./results/models/checkpoints/schrodinger/qho/2025-09-19_21-56-28-345443/model.pth
Model state saved to ./results/models/checkpoints/schrodinger/qho/2025-09-19_21-56-28-345443/model_weights.pth
It: 1842, Loss: 3.423e-05, Loss_res: 2.786e-03,  Loss_bcs: 2.184e-06, Loss_ut_ics: 4.186e-04, lr: 1.000e-03, Time: 2.09e+03
Model state saved to ./results/models/checkpoints/schrodinger/qho/2025-09-19_21-56-28-345443/model.pth
Model state saved to ./results/models/checkpoints/schrodinger/qho/2025-09-19_21-56-28-345443/model_weights.pth
It: 1843, Loss: 4.027e-05, Loss_res: 3.352e-03,  Loss_bcs: 2.246e-06, Loss_ut_ics: 4.506e-04, lr: 1.000e-03, Time: 2.09e+03
Model state saved to ./results/models/checkpoints/schrodinger/qho/2025-09-19_21-56-28-345443/model.pth
Model state saved to ./results/models/checkpoints/schrodinger/qho/2025-09-19_21-56-28-345443/model_weights.pth
It: 1844, Loss: 3.594e-05, Loss_res: 2.437e-03,  Loss_bcs: 3.266e-06, Loss_ut_ics: 8.305e-04, lr: 1.000e-03, Time: 2.09e+03
Model state saved to ./results/models/checkpoints/schrodinger/qho/2025-09-19_21-56-28-345443/model.pth
Model state saved to ./results/models/checkpoints/schrodinger/qho/2025-09-19_21-56-28-345443/model_weights.pth
It: 1845, Loss: 2.236e-05, Loss_res: 1.528e-03,  Loss_bcs: 2.992e-06, Loss_ut_ics: 4.087e-04, lr: 1.000e-03, Time: 2.09e+03
Model state saved to ./results/models/checkpoints/schrodinger/qho/2025-09-19_21-56-28-345443/model.pth
Model state saved to ./results/models/checkpoints/schrodinger/qho/2025-09-19_21-56-28-345443/model_weights.pth
It: 1846, Loss: 3.591e-05, Loss_res: 2.950e-03,  Loss_bcs: 3.499e-06, Loss_ut_ics: 2.908e-04, lr: 1.000e-03, Time: 2.09e+03
Model state saved to ./results/models/checkpoints/schrodinger/qho/2025-09-19_21-56-28-345443/model.pth
Model state saved to ./results/models/checkpoints/schrodinger/qho/2025-09-19_21-56-28-345443/model_weights.pth
It: 1847, Loss: 3.205e-05, Loss_res: 2.474e-03,  Loss_bcs: 3.876e-06, Loss_ut_ics: 3.431e-04, lr: 1.000e-03, Time: 2.09e+03
Model state saved to ./results/models/checkpoints/schrodinger/qho/2025-09-19_21-56-28-345443/model.pth
Model state saved to ./results/models/checkpoints/schrodinger/qho/2025-09-19_21-56-28-345443/model_weights.pth
It: 1848, Loss: 5.675e-05, Loss_res: 4.439e-03,  Loss_bcs: 4.817e-06, Loss_ut_ics: 7.543e-04, lr: 1.000e-03, Time: 2.09e+03
Model state saved to ./results/models/checkpoints/schrodinger/qho/2025-09-19_21-56-28-345443/model.pth
Model state saved to ./results/models/checkpoints/schrodinger/qho/2025-09-19_21-56-28-345443/model_weights.pth
It: 1849, Loss: 2.480e-05, Loss_res: 1.603e-03,  Loss_bcs: 2.548e-06, Loss_ut_ics: 6.221e-04, lr: 1.000e-03, Time: 2.10e+03
Model state saved to ./results/models/checkpoints/schrodinger/qho/2025-09-19_21-56-28-345443/model.pth
Model state saved to ./results/models/checkpoints/schrodinger/qho/2025-09-19_21-56-28-345443/model_weights.pth
It: 1850, Loss: 1.971e-05, Loss_res: 1.125e-03,  Loss_bcs: 2.900e-06, Loss_ut_ics: 5.560e-04, lr: 1.000e-03, Time: 2.10e+03
Model state saved to ./results/models/checkpoints/schrodinger/qho/2025-09-19_21-56-28-345443/model.pth
Model state saved to ./results/models/checkpoints/schrodinger/qho/2025-09-19_21-56-28-345443/model_weights.pth
It: 1851, Loss: 3.116e-05, Loss_res: 1.440e-03,  Loss_bcs: 2.222e-06, Loss_ut_ics: 1.453e-03, lr: 1.000e-03, Time: 2.10e+03
Model state saved to ./results/models/checkpoints/schrodinger/qho/2025-09-19_21-56-28-345443/model.pth
Model state saved to ./results/models/checkpoints/schrodinger/qho/2025-09-19_21-56-28-345443/model_weights.pth
It: 1852, Loss: 2.152e-05, Loss_res: 1.676e-03,  Loss_bcs: 1.655e-06, Loss_ut_ics: 3.109e-04, lr: 1.000e-03, Time: 2.10e+03
Model state saved to ./results/models/checkpoints/schrodinger/qho/2025-09-19_21-56-28-345443/model.pth
Model state saved to ./results/models/checkpoints/schrodinger/qho/2025-09-19_21-56-28-345443/model_weights.pth
It: 1853, Loss: 1.570e-05, Loss_res: 9.363e-04,  Loss_bcs: 1.197e-06, Loss_ut_ics: 5.143e-04, lr: 1.000e-03, Time: 2.10e+03
Model state saved to ./results/models/checkpoints/schrodinger/qho/2025-09-19_21-56-28-345443/model.pth
Model state saved to ./results/models/checkpoints/schrodinger/qho/2025-09-19_21-56-28-345443/model_weights.pth
It: 1854, Loss: 1.830e-05, Loss_res: 1.584e-03,  Loss_bcs: 1.487e-06, Loss_ut_ics: 9.694e-05, lr: 1.000e-03, Time: 2.10e+03
Model state saved to ./results/models/checkpoints/schrodinger/qho/2025-09-19_21-56-28-345443/model.pth
Model state saved to ./results/models/checkpoints/schrodinger/qho/2025-09-19_21-56-28-345443/model_weights.pth
It: 1855, Loss: 5.095e-05, Loss_res: 4.749e-03,  Loss_bcs: 8.263e-07, Loss_ut_ics: 2.638e-04, lr: 1.000e-03, Time: 2.10e+03
Model state saved to ./results/models/checkpoints/schrodinger/qho/2025-09-19_21-56-28-345443/model.pth
Model state saved to ./results/models/checkpoints/schrodinger/qho/2025-09-19_21-56-28-345443/model_weights.pth
It: 1856, Loss: 5.613e-05, Loss_res: 5.050e-03,  Loss_bcs: 1.004e-06, Loss_ut_ics: 4.628e-04, lr: 1.000e-03, Time: 2.10e+03
Model state saved to ./results/models/checkpoints/schrodinger/qho/2025-09-19_21-56-28-345443/model.pth
Model state saved to ./results/models/checkpoints/schrodinger/qho/2025-09-19_21-56-28-345443/model_weights.pth
It: 1857, Loss: 3.826e-05, Loss_res: 3.087e-03,  Loss_bcs: 5.941e-07, Loss_ut_ics: 6.797e-04, lr: 1.000e-03, Time: 2.10e+03
Model state saved to ./results/models/checkpoints/schrodinger/qho/2025-09-19_21-56-28-345443/model.pth
Model state saved to ./results/models/checkpoints/schrodinger/qho/2025-09-19_21-56-28-345443/model_weights.pth
It: 1858, Loss: 4.613e-05, Loss_res: 3.906e-03,  Loss_bcs: 1.540e-06, Loss_ut_ics: 5.536e-04, lr: 1.000e-03, Time: 2.11e+03
Model state saved to ./results/models/checkpoints/schrodinger/qho/2025-09-19_21-56-28-345443/model.pth
Model state saved to ./results/models/checkpoints/schrodinger/qho/2025-09-19_21-56-28-345443/model_weights.pth
It: 1859, Loss: 1.698e-05, Loss_res: 1.281e-03,  Loss_bcs: 1.540e-06, Loss_ut_ics: 2.629e-04, lr: 1.000e-03, Time: 2.11e+03
Model state saved to ./results/models/checkpoints/schrodinger/qho/2025-09-19_21-56-28-345443/model.pth
Model state saved to ./results/models/checkpoints/schrodinger/qho/2025-09-19_21-56-28-345443/model_weights.pth
It: 1860, Loss: 5.075e-05, Loss_res: 4.840e-03,  Loss_bcs: 1.759e-06, Loss_ut_ics: 5.940e-05, lr: 1.000e-03, Time: 2.11e+03
Model state saved to ./results/models/checkpoints/schrodinger/qho/2025-09-19_21-56-28-345443/model.pth
Model state saved to ./results/models/checkpoints/schrodinger/qho/2025-09-19_21-56-28-345443/model_weights.pth
It: 1861, Loss: 4.114e-05, Loss_res: 3.622e-03,  Loss_bcs: 1.972e-06, Loss_ut_ics: 2.941e-04, lr: 1.000e-03, Time: 2.11e+03
Model state saved to ./results/models/checkpoints/schrodinger/qho/2025-09-19_21-56-28-345443/model.pth
Model state saved to ./results/models/checkpoints/schrodinger/qho/2025-09-19_21-56-28-345443/model_weights.pth
It: 1862, Loss: 2.649e-05, Loss_res: 1.662e-03,  Loss_bcs: 1.597e-06, Loss_ut_ics: 8.275e-04, lr: 1.000e-03, Time: 2.11e+03
Model state saved to ./results/models/checkpoints/schrodinger/qho/2025-09-19_21-56-28-345443/model.pth
Model state saved to ./results/models/checkpoints/schrodinger/qho/2025-09-19_21-56-28-345443/model_weights.pth
It: 1863, Loss: 5.087e-05, Loss_res: 4.135e-03,  Loss_bcs: 1.397e-06, Loss_ut_ics: 8.114e-04, lr: 1.000e-03, Time: 2.11e+03
Model state saved to ./results/models/checkpoints/schrodinger/qho/2025-09-19_21-56-28-345443/model.pth
Model state saved to ./results/models/checkpoints/schrodinger/qho/2025-09-19_21-56-28-345443/model_weights.pth
It: 1864, Loss: 2.461e-05, Loss_res: 2.191e-03,  Loss_bcs: 1.802e-06, Loss_ut_ics: 8.950e-05, lr: 1.000e-03, Time: 2.11e+03
Model state saved to ./results/models/checkpoints/schrodinger/qho/2025-09-19_21-56-28-345443/model.pth
Model state saved to ./results/models/checkpoints/schrodinger/qho/2025-09-19_21-56-28-345443/model_weights.pth
It: 1865, Loss: 2.479e-05, Loss_res: 1.937e-03,  Loss_bcs: 2.269e-06, Loss_ut_ics: 3.147e-04, lr: 1.000e-03, Time: 2.11e+03
Model state saved to ./results/models/checkpoints/schrodinger/qho/2025-09-19_21-56-28-345443/model.pth
Model state saved to ./results/models/checkpoints/schrodinger/qho/2025-09-19_21-56-28-345443/model_weights.pth
It: 1866, Loss: 3.221e-05, Loss_res: 2.170e-03,  Loss_bcs: 2.462e-06, Loss_ut_ics: 8.054e-04, lr: 1.000e-03, Time: 2.11e+03
Model state saved to ./results/models/checkpoints/schrodinger/qho/2025-09-19_21-56-28-345443/model.pth
Model state saved to ./results/models/checkpoints/schrodinger/qho/2025-09-19_21-56-28-345443/model_weights.pth
It: 1867, Loss: 2.143e-05, Loss_res: 1.691e-03,  Loss_bcs: 2.690e-06, Loss_ut_ics: 1.827e-04, lr: 1.000e-03, Time: 2.12e+03
Model state saved to ./results/models/checkpoints/schrodinger/qho/2025-09-19_21-56-28-345443/model.pth
Model state saved to ./results/models/checkpoints/schrodinger/qho/2025-09-19_21-56-28-345443/model_weights.pth
It: 1868, Loss: 5.287e-05, Loss_res: 4.116e-03,  Loss_bcs: 3.749e-06, Loss_ut_ics: 7.958e-04, lr: 1.000e-03, Time: 2.12e+03
Model state saved to ./results/models/checkpoints/schrodinger/qho/2025-09-19_21-56-28-345443/model.pth
Model state saved to ./results/models/checkpoints/schrodinger/qho/2025-09-19_21-56-28-345443/model_weights.pth
It: 1869, Loss: 2.086e-05, Loss_res: 1.184e-03,  Loss_bcs: 4.505e-06, Loss_ut_ics: 4.519e-04, lr: 1.000e-03, Time: 2.12e+03
Model state saved to ./results/models/checkpoints/schrodinger/qho/2025-09-19_21-56-28-345443/model.pth
Model state saved to ./results/models/checkpoints/schrodinger/qho/2025-09-19_21-56-28-345443/model_weights.pth
It: 1870, Loss: 2.885e-05, Loss_res: 1.754e-03,  Loss_bcs: 5.248e-06, Loss_ut_ics: 6.059e-04, lr: 1.000e-03, Time: 2.12e+03
Model state saved to ./results/models/checkpoints/schrodinger/qho/2025-09-19_21-56-28-345443/model.pth
Model state saved to ./results/models/checkpoints/schrodinger/qho/2025-09-19_21-56-28-345443/model_weights.pth
It: 1871, Loss: 3.378e-05, Loss_res: 2.602e-03,  Loss_bcs: 2.003e-06, Loss_ut_ics: 5.764e-04, lr: 1.000e-03, Time: 2.12e+03
Model state saved to ./results/models/checkpoints/schrodinger/qho/2025-09-19_21-56-28-345443/model.pth
Model state saved to ./results/models/checkpoints/schrodinger/qho/2025-09-19_21-56-28-345443/model_weights.pth
It: 1872, Loss: 2.815e-05, Loss_res: 2.171e-03,  Loss_bcs: 1.789e-06, Loss_ut_ics: 4.658e-04, lr: 1.000e-03, Time: 2.12e+03
Model state saved to ./results/models/checkpoints/schrodinger/qho/2025-09-19_21-56-28-345443/model.pth
Model state saved to ./results/models/checkpoints/schrodinger/qho/2025-09-19_21-56-28-345443/model_weights.pth
It: 1873, Loss: 3.258e-05, Loss_res: 2.428e-03,  Loss_bcs: 1.934e-06, Loss_ut_ics: 6.373e-04, lr: 1.000e-03, Time: 2.12e+03
Model state saved to ./results/models/checkpoints/schrodinger/qho/2025-09-19_21-56-28-345443/model.pth
Model state saved to ./results/models/checkpoints/schrodinger/qho/2025-09-19_21-56-28-345443/model_weights.pth
It: 1874, Loss: 3.552e-05, Loss_res: 2.788e-03,  Loss_bcs: 3.749e-06, Loss_ut_ics: 3.891e-04, lr: 1.000e-03, Time: 2.12e+03
Model state saved to ./results/models/checkpoints/schrodinger/qho/2025-09-19_21-56-28-345443/model.pth
Model state saved to ./results/models/checkpoints/schrodinger/qho/2025-09-19_21-56-28-345443/model_weights.pth
It: 1875, Loss: 3.720e-05, Loss_res: 2.400e-03,  Loss_bcs: 8.580e-06, Loss_ut_ics: 4.622e-04, lr: 1.000e-03, Time: 2.13e+03
Model state saved to ./results/models/checkpoints/schrodinger/qho/2025-09-19_21-56-28-345443/model.pth
Model state saved to ./results/models/checkpoints/schrodinger/qho/2025-09-19_21-56-28-345443/model_weights.pth
It: 1876, Loss: 3.308e-05, Loss_res: 2.035e-03,  Loss_bcs: 3.935e-06, Loss_ut_ics: 8.792e-04, lr: 1.000e-03, Time: 2.13e+03
Model state saved to ./results/models/checkpoints/schrodinger/qho/2025-09-19_21-56-28-345443/model.pth
Model state saved to ./results/models/checkpoints/schrodinger/qho/2025-09-19_21-56-28-345443/model_weights.pth
It: 1877, Loss: 2.135e-05, Loss_res: 1.469e-03,  Loss_bcs: 1.012e-06, Loss_ut_ics: 5.644e-04, lr: 1.000e-03, Time: 2.13e+03
Model state saved to ./results/models/checkpoints/schrodinger/qho/2025-09-19_21-56-28-345443/model.pth
Model state saved to ./results/models/checkpoints/schrodinger/qho/2025-09-19_21-56-28-345443/model_weights.pth
It: 1878, Loss: 4.221e-05, Loss_res: 3.007e-03,  Loss_bcs: 3.517e-06, Loss_ut_ics: 8.622e-04, lr: 1.000e-03, Time: 2.13e+03
Model state saved to ./results/models/checkpoints/schrodinger/qho/2025-09-19_21-56-28-345443/model.pth
Model state saved to ./results/models/checkpoints/schrodinger/qho/2025-09-19_21-56-28-345443/model_weights.pth
It: 1879, Loss: 1.698e-05, Loss_res: 1.248e-03,  Loss_bcs: 1.096e-06, Loss_ut_ics: 3.397e-04, lr: 1.000e-03, Time: 2.13e+03
Model state saved to ./results/models/checkpoints/schrodinger/qho/2025-09-19_21-56-28-345443/model.pth
Model state saved to ./results/models/checkpoints/schrodinger/qho/2025-09-19_21-56-28-345443/model_weights.pth
It: 1880, Loss: 3.274e-05, Loss_res: 2.535e-03,  Loss_bcs: 5.280e-06, Loss_ut_ics: 2.104e-04, lr: 1.000e-03, Time: 2.13e+03
Model state saved to ./results/models/checkpoints/schrodinger/qho/2025-09-19_21-56-28-345443/model.pth
Model state saved to ./results/models/checkpoints/schrodinger/qho/2025-09-19_21-56-28-345443/model_weights.pth
It: 1881, Loss: 2.749e-05, Loss_res: 2.146e-03,  Loss_bcs: 4.559e-06, Loss_ut_ics: 1.473e-04, lr: 1.000e-03, Time: 2.13e+03
Model state saved to ./results/models/checkpoints/schrodinger/qho/2025-09-19_21-56-28-345443/model.pth
Model state saved to ./results/models/checkpoints/schrodinger/qho/2025-09-19_21-56-28-345443/model_weights.pth
It: 1882, Loss: 2.436e-05, Loss_res: 2.049e-03,  Loss_bcs: 1.317e-06, Loss_ut_ics: 2.561e-04, lr: 1.000e-03, Time: 2.13e+03
Model state saved to ./results/models/checkpoints/schrodinger/qho/2025-09-19_21-56-28-345443/model.pth
Model state saved to ./results/models/checkpoints/schrodinger/qho/2025-09-19_21-56-28-345443/model_weights.pth
It: 1883, Loss: 3.322e-05, Loss_res: 2.566e-03,  Loss_bcs: 2.692e-06, Loss_ut_ics: 4.863e-04, lr: 1.000e-03, Time: 2.13e+03
Model state saved to ./results/models/checkpoints/schrodinger/qho/2025-09-19_21-56-28-345443/model.pth
Model state saved to ./results/models/checkpoints/schrodinger/qho/2025-09-19_21-56-28-345443/model_weights.pth
It: 1884, Loss: 3.656e-05, Loss_res: 3.139e-03,  Loss_bcs: 2.492e-06, Loss_ut_ics: 2.677e-04, lr: 1.000e-03, Time: 2.14e+03
Model state saved to ./results/models/checkpoints/schrodinger/qho/2025-09-19_21-56-28-345443/model.pth
Model state saved to ./results/models/checkpoints/schrodinger/qho/2025-09-19_21-56-28-345443/model_weights.pth
It: 1885, Loss: 2.135e-05, Loss_res: 1.523e-03,  Loss_bcs: 3.708e-06, Loss_ut_ics: 2.413e-04, lr: 1.000e-03, Time: 2.14e+03
Model state saved to ./results/models/checkpoints/schrodinger/qho/2025-09-19_21-56-28-345443/model.pth
Model state saved to ./results/models/checkpoints/schrodinger/qho/2025-09-19_21-56-28-345443/model_weights.pth
It: 1886, Loss: 3.392e-05, Loss_res: 2.045e-03,  Loss_bcs: 4.713e-06, Loss_ut_ics: 8.762e-04, lr: 1.000e-03, Time: 2.14e+03
Model state saved to ./results/models/checkpoints/schrodinger/qho/2025-09-19_21-56-28-345443/model.pth
Model state saved to ./results/models/checkpoints/schrodinger/qho/2025-09-19_21-56-28-345443/model_weights.pth
It: 1887, Loss: 1.772e-05, Loss_res: 9.840e-04,  Loss_bcs: 5.877e-06, Loss_ut_ics: 2.001e-04, lr: 1.000e-03, Time: 2.14e+03
Model state saved to ./results/models/checkpoints/schrodinger/qho/2025-09-19_21-56-28-345443/model.pth
Model state saved to ./results/models/checkpoints/schrodinger/qho/2025-09-19_21-56-28-345443/model_weights.pth
It: 1888, Loss: 4.951e-05, Loss_res: 4.032e-03,  Loss_bcs: 4.684e-06, Loss_ut_ics: 4.501e-04, lr: 1.000e-03, Time: 2.14e+03
Model state saved to ./results/models/checkpoints/schrodinger/qho/2025-09-19_21-56-28-345443/model.pth
Model state saved to ./results/models/checkpoints/schrodinger/qho/2025-09-19_21-56-28-345443/model_weights.pth
It: 1889, Loss: 2.470e-05, Loss_res: 1.913e-03,  Loss_bcs: 4.077e-06, Loss_ut_ics: 1.487e-04, lr: 1.000e-03, Time: 2.14e+03
Model state saved to ./results/models/checkpoints/schrodinger/qho/2025-09-19_21-56-28-345443/model.pth
Model state saved to ./results/models/checkpoints/schrodinger/qho/2025-09-19_21-56-28-345443/model_weights.pth
It: 1890, Loss: 1.438e-05, Loss_res: 7.853e-04,  Loss_bcs: 4.422e-06, Loss_ut_ics: 2.106e-04, lr: 1.000e-03, Time: 2.14e+03
Model state saved to ./results/models/checkpoints/schrodinger/qho/2025-09-19_21-56-28-345443/model.pth
Model state saved to ./results/models/checkpoints/schrodinger/qho/2025-09-19_21-56-28-345443/model_weights.pth
It: 1891, Loss: 1.508e-05, Loss_res: 8.113e-04,  Loss_bcs: 3.104e-06, Loss_ut_ics: 3.859e-04, lr: 1.000e-03, Time: 2.14e+03
Model state saved to ./results/models/checkpoints/schrodinger/qho/2025-09-19_21-56-28-345443/model.pth
Model state saved to ./results/models/checkpoints/schrodinger/qho/2025-09-19_21-56-28-345443/model_weights.pth
It: 1892, Loss: 2.834e-05, Loss_res: 1.992e-03,  Loss_bcs: 2.474e-06, Loss_ut_ics: 5.951e-04, lr: 1.000e-03, Time: 2.14e+03
Model state saved to ./results/models/checkpoints/schrodinger/qho/2025-09-19_21-56-28-345443/model.pth
Model state saved to ./results/models/checkpoints/schrodinger/qho/2025-09-19_21-56-28-345443/model_weights.pth
It: 1893, Loss: 2.791e-05, Loss_res: 2.515e-03,  Loss_bcs: 1.226e-06, Loss_ut_ics: 1.539e-04, lr: 1.000e-03, Time: 2.14e+03
Model state saved to ./results/models/checkpoints/schrodinger/qho/2025-09-19_21-56-28-345443/model.pth
Model state saved to ./results/models/checkpoints/schrodinger/qho/2025-09-19_21-56-28-345443/model_weights.pth
It: 1894, Loss: 2.150e-05, Loss_res: 1.703e-03,  Loss_bcs: 2.011e-06, Loss_ut_ics: 2.463e-04, lr: 1.000e-03, Time: 2.15e+03
Model state saved to ./results/models/checkpoints/schrodinger/qho/2025-09-19_21-56-28-345443/model.pth
Model state saved to ./results/models/checkpoints/schrodinger/qho/2025-09-19_21-56-28-345443/model_weights.pth
It: 1895, Loss: 4.136e-05, Loss_res: 3.200e-03,  Loss_bcs: 1.246e-06, Loss_ut_ics: 8.121e-04, lr: 1.000e-03, Time: 2.15e+03
Model state saved to ./results/models/checkpoints/schrodinger/qho/2025-09-19_21-56-28-345443/model.pth
Model state saved to ./results/models/checkpoints/schrodinger/qho/2025-09-19_21-56-28-345443/model_weights.pth
It: 1896, Loss: 3.948e-05, Loss_res: 3.231e-03,  Loss_bcs: 4.787e-07, Loss_ut_ics: 6.686e-04, lr: 1.000e-03, Time: 2.15e+03
Model state saved to ./results/models/checkpoints/schrodinger/qho/2025-09-19_21-56-28-345443/model.pth
Model state saved to ./results/models/checkpoints/schrodinger/qho/2025-09-19_21-56-28-345443/model_weights.pth
It: 1897, Loss: 3.364e-05, Loss_res: 2.620e-03,  Loss_bcs: 1.135e-06, Loss_ut_ics: 6.303e-04, lr: 1.000e-03, Time: 2.15e+03
Model state saved to ./results/models/checkpoints/schrodinger/qho/2025-09-19_21-56-28-345443/model.pth
Model state saved to ./results/models/checkpoints/schrodinger/qho/2025-09-19_21-56-28-345443/model_weights.pth
It: 1898, Loss: 3.406e-05, Loss_res: 2.812e-03,  Loss_bcs: 5.122e-07, Loss_ut_ics: 5.428e-04, lr: 1.000e-03, Time: 2.15e+03
Model state saved to ./results/models/checkpoints/schrodinger/qho/2025-09-19_21-56-28-345443/model.pth
Model state saved to ./results/models/checkpoints/schrodinger/qho/2025-09-19_21-56-28-345443/model_weights.pth
It: 1899, Loss: 2.378e-05, Loss_res: 1.992e-03,  Loss_bcs: 8.337e-07, Loss_ut_ics: 3.034e-04, lr: 1.000e-03, Time: 2.15e+03
Model state saved to ./results/models/checkpoints/schrodinger/qho/2025-09-19_21-56-28-345443/model.pth
Model state saved to ./results/models/checkpoints/schrodinger/qho/2025-09-19_21-56-28-345443/model_weights.pth
It: 1900, Loss: 2.850e-05, Loss_res: 1.564e-03,  Loss_bcs: 2.781e-06, Loss_ut_ics: 1.008e-03, lr: 1.000e-03, Time: 2.15e+03
Model state saved to ./results/models/checkpoints/schrodinger/qho/2025-09-19_21-56-28-345443/model.pth
Model state saved to ./results/models/checkpoints/schrodinger/qho/2025-09-19_21-56-28-345443/model_weights.pth
It: 1901, Loss: 1.577e-05, Loss_res: 1.344e-03,  Loss_bcs: 2.197e-06, Loss_ut_ics: 1.272e-05, lr: 1.000e-03, Time: 2.15e+03
Model state saved to ./results/models/checkpoints/schrodinger/qho/2025-09-19_21-56-28-345443/model.pth
Model state saved to ./results/models/checkpoints/schrodinger/qho/2025-09-19_21-56-28-345443/model_weights.pth
It: 1902, Loss: 2.474e-05, Loss_res: 1.882e-03,  Loss_bcs: 1.778e-06, Loss_ut_ics: 4.141e-04, lr: 1.000e-03, Time: 2.15e+03
Model state saved to ./results/models/checkpoints/schrodinger/qho/2025-09-19_21-56-28-345443/model.pth
Model state saved to ./results/models/checkpoints/schrodinger/qho/2025-09-19_21-56-28-345443/model_weights.pth
It: 1903, Loss: 2.987e-05, Loss_res: 2.206e-03,  Loss_bcs: 4.610e-06, Loss_ut_ics: 3.204e-04, lr: 1.000e-03, Time: 2.16e+03
Model state saved to ./results/models/checkpoints/schrodinger/qho/2025-09-19_21-56-28-345443/model.pth
Model state saved to ./results/models/checkpoints/schrodinger/qho/2025-09-19_21-56-28-345443/model_weights.pth
It: 1904, Loss: 4.270e-05, Loss_res: 3.332e-03,  Loss_bcs: 4.296e-06, Loss_ut_ics: 5.088e-04, lr: 1.000e-03, Time: 2.16e+03
Model state saved to ./results/models/checkpoints/schrodinger/qho/2025-09-19_21-56-28-345443/model.pth
Model state saved to ./results/models/checkpoints/schrodinger/qho/2025-09-19_21-56-28-345443/model_weights.pth
It: 1905, Loss: 4.374e-05, Loss_res: 3.252e-03,  Loss_bcs: 7.725e-06, Loss_ut_ics: 3.494e-04, lr: 1.000e-03, Time: 2.16e+03
Model state saved to ./results/models/checkpoints/schrodinger/qho/2025-09-19_21-56-28-345443/model.pth
Model state saved to ./results/models/checkpoints/schrodinger/qho/2025-09-19_21-56-28-345443/model_weights.pth
It: 1906, Loss: 2.883e-05, Loss_res: 1.687e-03,  Loss_bcs: 7.202e-06, Loss_ut_ics: 4.762e-04, lr: 1.000e-03, Time: 2.16e+03
Model state saved to ./results/models/checkpoints/schrodinger/qho/2025-09-19_21-56-28-345443/model.pth
Model state saved to ./results/models/checkpoints/schrodinger/qho/2025-09-19_21-56-28-345443/model_weights.pth
It: 1907, Loss: 1.408e-05, Loss_res: 6.838e-04,  Loss_bcs: 5.221e-06, Loss_ut_ics: 2.019e-04, lr: 1.000e-03, Time: 2.16e+03
Model state saved to ./results/models/checkpoints/schrodinger/qho/2025-09-19_21-56-28-345443/model.pth
Model state saved to ./results/models/checkpoints/schrodinger/qho/2025-09-19_21-56-28-345443/model_weights.pth
It: 1908, Loss: 2.912e-05, Loss_res: 2.095e-03,  Loss_bcs: 3.098e-06, Loss_ut_ics: 5.078e-04, lr: 1.000e-03, Time: 2.16e+03
Model state saved to ./results/models/checkpoints/schrodinger/qho/2025-09-19_21-56-28-345443/model.pth
Model state saved to ./results/models/checkpoints/schrodinger/qho/2025-09-19_21-56-28-345443/model_weights.pth
It: 1909, Loss: 3.272e-05, Loss_res: 1.593e-03,  Loss_bcs: 3.225e-06, Loss_ut_ics: 1.356e-03, lr: 1.000e-03, Time: 2.16e+03
Model state saved to ./results/models/checkpoints/schrodinger/qho/2025-09-19_21-56-28-345443/model.pth
Model state saved to ./results/models/checkpoints/schrodinger/qho/2025-09-19_21-56-28-345443/model_weights.pth
It: 1910, Loss: 3.258e-05, Loss_res: 2.445e-03,  Loss_bcs: 1.765e-06, Loss_ut_ics: 6.365e-04, lr: 1.000e-03, Time: 2.16e+03
Model state saved to ./results/models/checkpoints/schrodinger/qho/2025-09-19_21-56-28-345443/model.pth
Model state saved to ./results/models/checkpoints/schrodinger/qho/2025-09-19_21-56-28-345443/model_weights.pth
It: 1911, Loss: 2.550e-05, Loss_res: 2.122e-03,  Loss_bcs: 2.095e-06, Loss_ut_ics: 2.186e-04, lr: 1.000e-03, Time: 2.16e+03
Model state saved to ./results/models/checkpoints/schrodinger/qho/2025-09-19_21-56-28-345443/model.pth
Model state saved to ./results/models/checkpoints/schrodinger/qho/2025-09-19_21-56-28-345443/model_weights.pth
It: 1912, Loss: 1.351e-05, Loss_res: 1.113e-03,  Loss_bcs: 1.696e-06, Loss_ut_ics: 6.882e-05, lr: 1.000e-03, Time: 2.17e+03
Model state saved to ./results/models/checkpoints/schrodinger/qho/2025-09-19_21-56-28-345443/model.pth
Model state saved to ./results/models/checkpoints/schrodinger/qho/2025-09-19_21-56-28-345443/model_weights.pth
It: 1913, Loss: 2.214e-05, Loss_res: 1.739e-03,  Loss_bcs: 1.158e-06, Loss_ut_ics: 3.597e-04, lr: 1.000e-03, Time: 2.17e+03
Model state saved to ./results/models/checkpoints/schrodinger/qho/2025-09-19_21-56-28-345443/model.pth
Model state saved to ./results/models/checkpoints/schrodinger/qho/2025-09-19_21-56-28-345443/model_weights.pth
It: 1914, Loss: 1.638e-05, Loss_res: 8.796e-04,  Loss_bcs: 1.175e-06, Loss_ut_ics: 6.413e-04, lr: 1.000e-03, Time: 2.17e+03
Model state saved to ./results/models/checkpoints/schrodinger/qho/2025-09-19_21-56-28-345443/model.pth
Model state saved to ./results/models/checkpoints/schrodinger/qho/2025-09-19_21-56-28-345443/model_weights.pth
It: 1915, Loss: 1.838e-05, Loss_res: 1.329e-03,  Loss_bcs: 1.481e-06, Loss_ut_ics: 3.609e-04, lr: 1.000e-03, Time: 2.17e+03
Model state saved to ./results/models/checkpoints/schrodinger/qho/2025-09-19_21-56-28-345443/model.pth
Model state saved to ./results/models/checkpoints/schrodinger/qho/2025-09-19_21-56-28-345443/model_weights.pth
It: 1916, Loss: 4.613e-05, Loss_res: 4.117e-03,  Loss_bcs: 1.828e-06, Loss_ut_ics: 3.136e-04, lr: 1.000e-03, Time: 2.17e+03
Model state saved to ./results/models/checkpoints/schrodinger/qho/2025-09-19_21-56-28-345443/model.pth
Model state saved to ./results/models/checkpoints/schrodinger/qho/2025-09-19_21-56-28-345443/model_weights.pth
It: 1917, Loss: 3.387e-05, Loss_res: 2.866e-03,  Loss_bcs: 1.692e-06, Loss_ut_ics: 3.512e-04, lr: 1.000e-03, Time: 2.17e+03
Model state saved to ./results/models/checkpoints/schrodinger/qho/2025-09-19_21-56-28-345443/model.pth
Model state saved to ./results/models/checkpoints/schrodinger/qho/2025-09-19_21-56-28-345443/model_weights.pth
It: 1918, Loss: 3.095e-05, Loss_res: 2.627e-03,  Loss_bcs: 9.026e-07, Loss_ut_ics: 3.780e-04, lr: 1.000e-03, Time: 2.17e+03
Model state saved to ./results/models/checkpoints/schrodinger/qho/2025-09-19_21-56-28-345443/model.pth
Model state saved to ./results/models/checkpoints/schrodinger/qho/2025-09-19_21-56-28-345443/model_weights.pth
It: 1919, Loss: 3.778e-05, Loss_res: 2.964e-03,  Loss_bcs: 1.365e-06, Loss_ut_ics: 6.774e-04, lr: 1.000e-03, Time: 2.17e+03
Model state saved to ./results/models/checkpoints/schrodinger/qho/2025-09-19_21-56-28-345443/model.pth
Model state saved to ./results/models/checkpoints/schrodinger/qho/2025-09-19_21-56-28-345443/model_weights.pth
It: 1920, Loss: 2.415e-05, Loss_res: 1.680e-03,  Loss_bcs: 1.386e-06, Loss_ut_ics: 5.960e-04, lr: 1.000e-03, Time: 2.17e+03
Model state saved to ./results/models/checkpoints/schrodinger/qho/2025-09-19_21-56-28-345443/model.pth
Model state saved to ./results/models/checkpoints/schrodinger/qho/2025-09-19_21-56-28-345443/model_weights.pth
It: 1921, Loss: 2.260e-05, Loss_res: 1.348e-03,  Loss_bcs: 2.840e-06, Loss_ut_ics: 6.280e-04, lr: 1.000e-03, Time: 2.18e+03
Model state saved to ./results/models/checkpoints/schrodinger/qho/2025-09-19_21-56-28-345443/model.pth
Model state saved to ./results/models/checkpoints/schrodinger/qho/2025-09-19_21-56-28-345443/model_weights.pth
It: 1922, Loss: 2.079e-05, Loss_res: 1.072e-03,  Loss_bcs: 2.780e-06, Loss_ut_ics: 7.287e-04, lr: 1.000e-03, Time: 2.18e+03
Model state saved to ./results/models/checkpoints/schrodinger/qho/2025-09-19_21-56-28-345443/model.pth
Model state saved to ./results/models/checkpoints/schrodinger/qho/2025-09-19_21-56-28-345443/model_weights.pth
It: 1923, Loss: 1.575e-05, Loss_res: 1.067e-03,  Loss_bcs: 1.924e-06, Loss_ut_ics: 3.151e-04, lr: 1.000e-03, Time: 2.18e+03
Model state saved to ./results/models/checkpoints/schrodinger/qho/2025-09-19_21-56-28-345443/model.pth
Model state saved to ./results/models/checkpoints/schrodinger/qho/2025-09-19_21-56-28-345443/model_weights.pth
It: 1924, Loss: 3.106e-05, Loss_res: 2.540e-03,  Loss_bcs: 3.104e-06, Loss_ut_ics: 2.560e-04, lr: 1.000e-03, Time: 2.18e+03
Model state saved to ./results/models/checkpoints/schrodinger/qho/2025-09-19_21-56-28-345443/model.pth
Model state saved to ./results/models/checkpoints/schrodinger/qho/2025-09-19_21-56-28-345443/model_weights.pth
It: 1925, Loss: 2.929e-05, Loss_res: 2.130e-03,  Loss_bcs: 1.182e-06, Loss_ut_ics: 6.804e-04, lr: 1.000e-03, Time: 2.18e+03
Model state saved to ./results/models/checkpoints/schrodinger/qho/2025-09-19_21-56-28-345443/model.pth
Model state saved to ./results/models/checkpoints/schrodinger/qho/2025-09-19_21-56-28-345443/model_weights.pth
It: 1926, Loss: 2.651e-05, Loss_res: 1.619e-03,  Loss_bcs: 5.672e-06, Loss_ut_ics: 4.649e-04, lr: 1.000e-03, Time: 2.18e+03
Model state saved to ./results/models/checkpoints/schrodinger/qho/2025-09-19_21-56-28-345443/model.pth
Model state saved to ./results/models/checkpoints/schrodinger/qho/2025-09-19_21-56-28-345443/model_weights.pth
It: 1927, Loss: 2.386e-05, Loss_res: 1.033e-03,  Loss_bcs: 5.349e-06, Loss_ut_ics: 8.182e-04, lr: 1.000e-03, Time: 2.18e+03
Model state saved to ./results/models/checkpoints/schrodinger/qho/2025-09-19_21-56-28-345443/model.pth
Model state saved to ./results/models/checkpoints/schrodinger/qho/2025-09-19_21-56-28-345443/model_weights.pth
It: 1928, Loss: 2.491e-05, Loss_res: 1.763e-03,  Loss_bcs: 3.359e-07, Loss_ut_ics: 6.946e-04, lr: 1.000e-03, Time: 2.18e+03
Model state saved to ./results/models/checkpoints/schrodinger/qho/2025-09-19_21-56-28-345443/model.pth
Model state saved to ./results/models/checkpoints/schrodinger/qho/2025-09-19_21-56-28-345443/model_weights.pth
It: 1929, Loss: 2.998e-05, Loss_res: 2.576e-03,  Loss_bcs: 4.974e-07, Loss_ut_ics: 3.717e-04, lr: 1.000e-03, Time: 2.18e+03
Model state saved to ./results/models/checkpoints/schrodinger/qho/2025-09-19_21-56-28-345443/model.pth
Model state saved to ./results/models/checkpoints/schrodinger/qho/2025-09-19_21-56-28-345443/model_weights.pth
It: 1930, Loss: 2.919e-05, Loss_res: 2.276e-03,  Loss_bcs: 6.431e-07, Loss_ut_ics: 5.788e-04, lr: 1.000e-03, Time: 2.19e+03
Model state saved to ./results/models/checkpoints/schrodinger/qho/2025-09-19_21-56-28-345443/model.pth
Model state saved to ./results/models/checkpoints/schrodinger/qho/2025-09-19_21-56-28-345443/model_weights.pth
It: 1931, Loss: 4.531e-05, Loss_res: 3.652e-03,  Loss_bcs: 1.293e-06, Loss_ut_ics: 7.497e-04, lr: 1.000e-03, Time: 2.19e+03
Model state saved to ./results/models/checkpoints/schrodinger/qho/2025-09-19_21-56-28-345443/model.pth
Model state saved to ./results/models/checkpoints/schrodinger/qho/2025-09-19_21-56-28-345443/model_weights.pth
It: 1932, Loss: 3.308e-05, Loss_res: 2.285e-03,  Loss_bcs: 2.232e-06, Loss_ut_ics: 8.003e-04, lr: 1.000e-03, Time: 2.19e+03
Model state saved to ./results/models/checkpoints/schrodinger/qho/2025-09-19_21-56-28-345443/model.pth
Model state saved to ./results/models/checkpoints/schrodinger/qho/2025-09-19_21-56-28-345443/model_weights.pth
It: 1933, Loss: 1.190e-05, Loss_res: 6.627e-04,  Loss_bcs: 1.577e-06, Loss_ut_ics: 3.694e-04, lr: 1.000e-03, Time: 2.19e+03
Model state saved to ./results/models/checkpoints/schrodinger/qho/2025-09-19_21-56-28-345443/model.pth
Model state saved to ./results/models/checkpoints/schrodinger/qho/2025-09-19_21-56-28-345443/model_weights.pth
It: 1934, Loss: 2.239e-05, Loss_res: 1.933e-03,  Loss_bcs: 1.519e-06, Loss_ut_ics: 1.536e-04, lr: 1.000e-03, Time: 2.19e+03
Model state saved to ./results/models/checkpoints/schrodinger/qho/2025-09-19_21-56-28-345443/model.pth
Model state saved to ./results/models/checkpoints/schrodinger/qho/2025-09-19_21-56-28-345443/model_weights.pth
It: 1935, Loss: 2.051e-05, Loss_res: 1.261e-03,  Loss_bcs: 2.306e-06, Loss_ut_ics: 5.585e-04, lr: 1.000e-03, Time: 2.19e+03
Model state saved to ./results/models/checkpoints/schrodinger/qho/2025-09-19_21-56-28-345443/model.pth
Model state saved to ./results/models/checkpoints/schrodinger/qho/2025-09-19_21-56-28-345443/model_weights.pth
It: 1936, Loss: 1.712e-05, Loss_res: 1.391e-03,  Loss_bcs: 1.898e-06, Loss_ut_ics: 1.314e-04, lr: 1.000e-03, Time: 2.19e+03
Model state saved to ./results/models/checkpoints/schrodinger/qho/2025-09-19_21-56-28-345443/model.pth
Model state saved to ./results/models/checkpoints/schrodinger/qho/2025-09-19_21-56-28-345443/model_weights.pth
It: 1937, Loss: 4.067e-05, Loss_res: 3.009e-03,  Loss_bcs: 5.675e-06, Loss_ut_ics: 4.912e-04, lr: 1.000e-03, Time: 2.19e+03
Model state saved to ./results/models/checkpoints/schrodinger/qho/2025-09-19_21-56-28-345443/model.pth
Model state saved to ./results/models/checkpoints/schrodinger/qho/2025-09-19_21-56-28-345443/model_weights.pth
It: 1938, Loss: 5.190e-05, Loss_res: 4.333e-03,  Loss_bcs: 3.871e-06, Loss_ut_ics: 4.701e-04, lr: 1.000e-03, Time: 2.19e+03
Model state saved to ./results/models/checkpoints/schrodinger/qho/2025-09-19_21-56-28-345443/model.pth
Model state saved to ./results/models/checkpoints/schrodinger/qho/2025-09-19_21-56-28-345443/model_weights.pth
It: 1939, Loss: 3.256e-05, Loss_res: 2.082e-03,  Loss_bcs: 2.613e-06, Loss_ut_ics: 9.134e-04, lr: 1.000e-03, Time: 2.20e+03
Model state saved to ./results/models/checkpoints/schrodinger/qho/2025-09-19_21-56-28-345443/model.pth
Model state saved to ./results/models/checkpoints/schrodinger/qho/2025-09-19_21-56-28-345443/model_weights.pth
It: 1940, Loss: 2.259e-05, Loss_res: 1.235e-03,  Loss_bcs: 3.265e-06, Loss_ut_ics: 6.971e-04, lr: 1.000e-03, Time: 2.20e+03
Model state saved to ./results/models/checkpoints/schrodinger/qho/2025-09-19_21-56-28-345443/model.pth
Model state saved to ./results/models/checkpoints/schrodinger/qho/2025-09-19_21-56-28-345443/model_weights.pth
It: 1941, Loss: 2.854e-05, Loss_res: 2.279e-03,  Loss_bcs: 2.062e-06, Loss_ut_ics: 3.688e-04, lr: 1.000e-03, Time: 2.20e+03
Model state saved to ./results/models/checkpoints/schrodinger/qho/2025-09-19_21-56-28-345443/model.pth
Model state saved to ./results/models/checkpoints/schrodinger/qho/2025-09-19_21-56-28-345443/model_weights.pth
It: 1942, Loss: 1.062e-05, Loss_res: 6.040e-04,  Loss_bcs: 1.407e-06, Loss_ut_ics: 3.169e-04, lr: 1.000e-03, Time: 2.20e+03
Model state saved to ./results/models/checkpoints/schrodinger/qho/2025-09-19_21-56-28-345443/model.pth
Model state saved to ./results/models/checkpoints/schrodinger/qho/2025-09-19_21-56-28-345443/model_weights.pth
It: 1943, Loss: 2.953e-05, Loss_res: 2.242e-03,  Loss_bcs: 3.621e-06, Loss_ut_ics: 3.490e-04, lr: 1.000e-03, Time: 2.20e+03
Model state saved to ./results/models/checkpoints/schrodinger/qho/2025-09-19_21-56-28-345443/model.pth
Model state saved to ./results/models/checkpoints/schrodinger/qho/2025-09-19_21-56-28-345443/model_weights.pth
It: 1944, Loss: 2.244e-05, Loss_res: 1.765e-03,  Loss_bcs: 3.394e-06, Loss_ut_ics: 1.392e-04, lr: 1.000e-03, Time: 2.20e+03
Model state saved to ./results/models/checkpoints/schrodinger/qho/2025-09-19_21-56-28-345443/model.pth
Model state saved to ./results/models/checkpoints/schrodinger/qho/2025-09-19_21-56-28-345443/model_weights.pth
It: 1945, Loss: 2.462e-05, Loss_res: 2.214e-03,  Loss_bcs: 2.378e-06, Loss_ut_ics: 1.072e-05, lr: 1.000e-03, Time: 2.20e+03
Model state saved to ./results/models/checkpoints/schrodinger/qho/2025-09-19_21-56-28-345443/model.pth
Model state saved to ./results/models/checkpoints/schrodinger/qho/2025-09-19_21-56-28-345443/model_weights.pth
It: 1946, Loss: 3.270e-05, Loss_res: 1.473e-03,  Loss_bcs: 4.386e-06, Loss_ut_ics: 1.359e-03, lr: 1.000e-03, Time: 2.20e+03
Model state saved to ./results/models/checkpoints/schrodinger/qho/2025-09-19_21-56-28-345443/model.pth
Model state saved to ./results/models/checkpoints/schrodinger/qho/2025-09-19_21-56-28-345443/model_weights.pth
It: 1947, Loss: 2.028e-05, Loss_res: 1.781e-03,  Loss_bcs: 2.269e-06, Loss_ut_ics: 2.073e-05, lr: 1.000e-03, Time: 2.20e+03
Model state saved to ./results/models/checkpoints/schrodinger/qho/2025-09-19_21-56-28-345443/model.pth
Model state saved to ./results/models/checkpoints/schrodinger/qho/2025-09-19_21-56-28-345443/model_weights.pth
It: 1948, Loss: 3.668e-05, Loss_res: 2.984e-03,  Loss_bcs: 5.610e-06, Loss_ut_ics: 1.229e-04, lr: 1.000e-03, Time: 2.21e+03
Model state saved to ./results/models/checkpoints/schrodinger/qho/2025-09-19_21-56-28-345443/model.pth
Model state saved to ./results/models/checkpoints/schrodinger/qho/2025-09-19_21-56-28-345443/model_weights.pth
It: 1949, Loss: 2.478e-05, Loss_res: 1.513e-03,  Loss_bcs: 5.884e-06, Loss_ut_ics: 3.771e-04, lr: 1.000e-03, Time: 2.21e+03
Model state saved to ./results/models/checkpoints/schrodinger/qho/2025-09-19_21-56-28-345443/model.pth
Model state saved to ./results/models/checkpoints/schrodinger/qho/2025-09-19_21-56-28-345443/model_weights.pth
It: 1950, Loss: 3.712e-05, Loss_res: 2.853e-03,  Loss_bcs: 2.836e-06, Loss_ut_ics: 5.752e-04, lr: 1.000e-03, Time: 2.21e+03
Model state saved to ./results/models/checkpoints/schrodinger/qho/2025-09-19_21-56-28-345443/model.pth
Model state saved to ./results/models/checkpoints/schrodinger/qho/2025-09-19_21-56-28-345443/model_weights.pth
It: 1951, Loss: 3.998e-05, Loss_res: 2.486e-03,  Loss_bcs: 5.450e-06, Loss_ut_ics: 9.674e-04, lr: 1.000e-03, Time: 2.21e+03
Model state saved to ./results/models/checkpoints/schrodinger/qho/2025-09-19_21-56-28-345443/model.pth
Model state saved to ./results/models/checkpoints/schrodinger/qho/2025-09-19_21-56-28-345443/model_weights.pth
It: 1952, Loss: 3.019e-05, Loss_res: 2.007e-03,  Loss_bcs: 3.856e-06, Loss_ut_ics: 6.269e-04, lr: 1.000e-03, Time: 2.21e+03
Model state saved to ./results/models/checkpoints/schrodinger/qho/2025-09-19_21-56-28-345443/model.pth
Model state saved to ./results/models/checkpoints/schrodinger/qho/2025-09-19_21-56-28-345443/model_weights.pth
It: 1953, Loss: 3.317e-05, Loss_res: 2.961e-03,  Loss_bcs: 5.421e-07, Loss_ut_ics: 3.026e-04, lr: 1.000e-03, Time: 2.21e+03
Model state saved to ./results/models/checkpoints/schrodinger/qho/2025-09-19_21-56-28-345443/model.pth
Model state saved to ./results/models/checkpoints/schrodinger/qho/2025-09-19_21-56-28-345443/model_weights.pth
It: 1954, Loss: 1.800e-05, Loss_res: 1.213e-03,  Loss_bcs: 3.087e-06, Loss_ut_ics: 2.775e-04, lr: 1.000e-03, Time: 2.21e+03
Model state saved to ./results/models/checkpoints/schrodinger/qho/2025-09-19_21-56-28-345443/model.pth
Model state saved to ./results/models/checkpoints/schrodinger/qho/2025-09-19_21-56-28-345443/model_weights.pth
It: 1955, Loss: 3.450e-05, Loss_res: 2.216e-03,  Loss_bcs: 4.949e-06, Loss_ut_ics: 7.397e-04, lr: 1.000e-03, Time: 2.21e+03
Model state saved to ./results/models/checkpoints/schrodinger/qho/2025-09-19_21-56-28-345443/model.pth
Model state saved to ./results/models/checkpoints/schrodinger/qho/2025-09-19_21-56-28-345443/model_weights.pth
It: 1956, Loss: 3.136e-05, Loss_res: 2.451e-03,  Loss_bcs: 1.727e-07, Loss_ut_ics: 6.680e-04, lr: 1.000e-03, Time: 2.21e+03
Model state saved to ./results/models/checkpoints/schrodinger/qho/2025-09-19_21-56-28-345443/model.pth
Model state saved to ./results/models/checkpoints/schrodinger/qho/2025-09-19_21-56-28-345443/model_weights.pth
It: 1957, Loss: 3.763e-05, Loss_res: 3.123e-03,  Loss_bcs: 1.304e-06, Loss_ut_ics: 5.091e-04, lr: 1.000e-03, Time: 2.22e+03
Model state saved to ./results/models/checkpoints/schrodinger/qho/2025-09-19_21-56-28-345443/model.pth
Model state saved to ./results/models/checkpoints/schrodinger/qho/2025-09-19_21-56-28-345443/model_weights.pth
It: 1958, Loss: 5.005e-05, Loss_res: 4.693e-03,  Loss_bcs: 8.131e-08, Loss_ut_ics: 3.039e-04, lr: 1.000e-03, Time: 2.22e+03
Model state saved to ./results/models/checkpoints/schrodinger/qho/2025-09-19_21-56-28-345443/model.pth
Model state saved to ./results/models/checkpoints/schrodinger/qho/2025-09-19_21-56-28-345443/model_weights.pth
It: 1959, Loss: 4.891e-05, Loss_res: 4.482e-03,  Loss_bcs: 9.651e-07, Loss_ut_ics: 3.131e-04, lr: 1.000e-03, Time: 2.22e+03
Model state saved to ./results/models/checkpoints/schrodinger/qho/2025-09-19_21-56-28-345443/model.pth
Model state saved to ./results/models/checkpoints/schrodinger/qho/2025-09-19_21-56-28-345443/model_weights.pth
It: 1960, Loss: 2.700e-05, Loss_res: 1.994e-03,  Loss_bcs: 1.672e-06, Loss_ut_ics: 5.389e-04, lr: 1.000e-03, Time: 2.22e+03
Model state saved to ./results/models/checkpoints/schrodinger/qho/2025-09-19_21-56-28-345443/model.pth
Model state saved to ./results/models/checkpoints/schrodinger/qho/2025-09-19_21-56-28-345443/model_weights.pth
It: 1961, Loss: 2.635e-05, Loss_res: 1.389e-03,  Loss_bcs: 2.943e-06, Loss_ut_ics: 9.511e-04, lr: 1.000e-03, Time: 2.22e+03
Model state saved to ./results/models/checkpoints/schrodinger/qho/2025-09-19_21-56-28-345443/model.pth
Model state saved to ./results/models/checkpoints/schrodinger/qho/2025-09-19_21-56-28-345443/model_weights.pth
It: 1962, Loss: 2.006e-05, Loss_res: 1.610e-03,  Loss_bcs: 2.648e-06, Loss_ut_ics: 1.309e-04, lr: 1.000e-03, Time: 2.22e+03
Model state saved to ./results/models/checkpoints/schrodinger/qho/2025-09-19_21-56-28-345443/model.pth
Model state saved to ./results/models/checkpoints/schrodinger/qho/2025-09-19_21-56-28-345443/model_weights.pth
It: 1963, Loss: 2.812e-05, Loss_res: 1.743e-03,  Loss_bcs: 3.475e-06, Loss_ut_ics: 7.209e-04, lr: 1.000e-03, Time: 2.22e+03
Model state saved to ./results/models/checkpoints/schrodinger/qho/2025-09-19_21-56-28-345443/model.pth
Model state saved to ./results/models/checkpoints/schrodinger/qho/2025-09-19_21-56-28-345443/model_weights.pth
It: 1964, Loss: 1.749e-05, Loss_res: 1.277e-03,  Loss_bcs: 2.587e-06, Loss_ut_ics: 2.134e-04, lr: 1.000e-03, Time: 2.22e+03
Model state saved to ./results/models/checkpoints/schrodinger/qho/2025-09-19_21-56-28-345443/model.pth
Model state saved to ./results/models/checkpoints/schrodinger/qho/2025-09-19_21-56-28-345443/model_weights.pth
It: 1965, Loss: 2.845e-05, Loss_res: 1.910e-03,  Loss_bcs: 2.593e-06, Loss_ut_ics: 6.757e-04, lr: 1.000e-03, Time: 2.22e+03
Model state saved to ./results/models/checkpoints/schrodinger/qho/2025-09-19_21-56-28-345443/model.pth
Model state saved to ./results/models/checkpoints/schrodinger/qho/2025-09-19_21-56-28-345443/model_weights.pth
It: 1966, Loss: 2.331e-05, Loss_res: 1.631e-03,  Loss_bcs: 3.787e-06, Loss_ut_ics: 3.212e-04, lr: 1.000e-03, Time: 2.23e+03
Model state saved to ./results/models/checkpoints/schrodinger/qho/2025-09-19_21-56-28-345443/model.pth
Model state saved to ./results/models/checkpoints/schrodinger/qho/2025-09-19_21-56-28-345443/model_weights.pth
It: 1967, Loss: 2.051e-05, Loss_res: 1.191e-03,  Loss_bcs: 4.136e-06, Loss_ut_ics: 4.468e-04, lr: 1.000e-03, Time: 2.23e+03
Model state saved to ./results/models/checkpoints/schrodinger/qho/2025-09-19_21-56-28-345443/model.pth
Model state saved to ./results/models/checkpoints/schrodinger/qho/2025-09-19_21-56-28-345443/model_weights.pth
It: 1968, Loss: 4.244e-05, Loss_res: 3.100e-03,  Loss_bcs: 2.803e-06, Loss_ut_ics: 8.631e-04, lr: 1.000e-03, Time: 2.23e+03
Model state saved to ./results/models/checkpoints/schrodinger/qho/2025-09-19_21-56-28-345443/model.pth
Model state saved to ./results/models/checkpoints/schrodinger/qho/2025-09-19_21-56-28-345443/model_weights.pth
It: 1969, Loss: 2.188e-05, Loss_res: 1.639e-03,  Loss_bcs: 1.877e-06, Loss_ut_ics: 3.615e-04, lr: 1.000e-03, Time: 2.23e+03
Model state saved to ./results/models/checkpoints/schrodinger/qho/2025-09-19_21-56-28-345443/model.pth
Model state saved to ./results/models/checkpoints/schrodinger/qho/2025-09-19_21-56-28-345443/model_weights.pth
It: 1970, Loss: 1.380e-05, Loss_res: 9.288e-04,  Loss_bcs: 1.672e-06, Loss_ut_ics: 2.845e-04, lr: 1.000e-03, Time: 2.23e+03
Model state saved to ./results/models/checkpoints/schrodinger/qho/2025-09-19_21-56-28-345443/model.pth
Model state saved to ./results/models/checkpoints/schrodinger/qho/2025-09-19_21-56-28-345443/model_weights.pth
It: 1971, Loss: 2.033e-05, Loss_res: 1.624e-03,  Loss_bcs: 7.743e-07, Loss_ut_ics: 3.319e-04, lr: 1.000e-03, Time: 2.23e+03
Model state saved to ./results/models/checkpoints/schrodinger/qho/2025-09-19_21-56-28-345443/model.pth
Model state saved to ./results/models/checkpoints/schrodinger/qho/2025-09-19_21-56-28-345443/model_weights.pth
It: 1972, Loss: 2.789e-05, Loss_res: 2.389e-03,  Loss_bcs: 8.332e-07, Loss_ut_ics: 3.172e-04, lr: 1.000e-03, Time: 2.23e+03
Model state saved to ./results/models/checkpoints/schrodinger/qho/2025-09-19_21-56-28-345443/model.pth
Model state saved to ./results/models/checkpoints/schrodinger/qho/2025-09-19_21-56-28-345443/model_weights.pth
It: 1973, Loss: 2.853e-05, Loss_res: 2.161e-03,  Loss_bcs: 5.266e-07, Loss_ut_ics: 6.393e-04, lr: 1.000e-03, Time: 2.23e+03
Model state saved to ./results/models/checkpoints/schrodinger/qho/2025-09-19_21-56-28-345443/model.pth
Model state saved to ./results/models/checkpoints/schrodinger/qho/2025-09-19_21-56-28-345443/model_weights.pth
It: 1974, Loss: 2.279e-05, Loss_res: 1.713e-03,  Loss_bcs: 2.666e-07, Loss_ut_ics: 5.390e-04, lr: 1.000e-03, Time: 2.23e+03
Model state saved to ./results/models/checkpoints/schrodinger/qho/2025-09-19_21-56-28-345443/model.pth
Model state saved to ./results/models/checkpoints/schrodinger/qho/2025-09-19_21-56-28-345443/model_weights.pth
It: 1975, Loss: 2.800e-05, Loss_res: 2.078e-03,  Loss_bcs: 3.617e-07, Loss_ut_ics: 6.853e-04, lr: 1.000e-03, Time: 2.24e+03
Model state saved to ./results/models/checkpoints/schrodinger/qho/2025-09-19_21-56-28-345443/model.pth
Model state saved to ./results/models/checkpoints/schrodinger/qho/2025-09-19_21-56-28-345443/model_weights.pth
It: 1976, Loss: 2.789e-05, Loss_res: 2.360e-03,  Loss_bcs: 8.081e-07, Loss_ut_ics: 3.484e-04, lr: 1.000e-03, Time: 2.24e+03
Model state saved to ./results/models/checkpoints/schrodinger/qho/2025-09-19_21-56-28-345443/model.pth
Model state saved to ./results/models/checkpoints/schrodinger/qho/2025-09-19_21-56-28-345443/model_weights.pth
It: 1977, Loss: 2.526e-05, Loss_res: 2.127e-03,  Loss_bcs: 1.032e-06, Loss_ut_ics: 2.958e-04, lr: 1.000e-03, Time: 2.24e+03
Model state saved to ./results/models/checkpoints/schrodinger/qho/2025-09-19_21-56-28-345443/model.pth
Model state saved to ./results/models/checkpoints/schrodinger/qho/2025-09-19_21-56-28-345443/model_weights.pth
It: 1978, Loss: 5.455e-05, Loss_res: 4.768e-03,  Loss_bcs: 2.094e-06, Loss_ut_ics: 4.772e-04, lr: 1.000e-03, Time: 2.24e+03
Model state saved to ./results/models/checkpoints/schrodinger/qho/2025-09-19_21-56-28-345443/model.pth
Model state saved to ./results/models/checkpoints/schrodinger/qho/2025-09-19_21-56-28-345443/model_weights.pth
It: 1979, Loss: 1.881e-05, Loss_res: 1.467e-03,  Loss_bcs: 3.218e-06, Loss_ut_ics: 9.230e-05, lr: 1.000e-03, Time: 2.24e+03
Model state saved to ./results/models/checkpoints/schrodinger/qho/2025-09-19_21-56-28-345443/model.pth
Model state saved to ./results/models/checkpoints/schrodinger/qho/2025-09-19_21-56-28-345443/model_weights.pth
It: 1980, Loss: 1.977e-05, Loss_res: 1.232e-03,  Loss_bcs: 3.956e-06, Loss_ut_ics: 3.501e-04, lr: 1.000e-03, Time: 2.24e+03
Model state saved to ./results/models/checkpoints/schrodinger/qho/2025-09-19_21-56-28-345443/model.pth
Model state saved to ./results/models/checkpoints/schrodinger/qho/2025-09-19_21-56-28-345443/model_weights.pth
It: 1981, Loss: 2.417e-05, Loss_res: 1.591e-03,  Loss_bcs: 4.118e-06, Loss_ut_ics: 4.142e-04, lr: 1.000e-03, Time: 2.24e+03
Model state saved to ./results/models/checkpoints/schrodinger/qho/2025-09-19_21-56-28-345443/model.pth
Model state saved to ./results/models/checkpoints/schrodinger/qho/2025-09-19_21-56-28-345443/model_weights.pth
It: 1982, Loss: 3.262e-05, Loss_res: 2.527e-03,  Loss_bcs: 4.212e-06, Loss_ut_ics: 3.139e-04, lr: 1.000e-03, Time: 2.24e+03
Model state saved to ./results/models/checkpoints/schrodinger/qho/2025-09-19_21-56-28-345443/model.pth
Model state saved to ./results/models/checkpoints/schrodinger/qho/2025-09-19_21-56-28-345443/model_weights.pth
It: 1983, Loss: 3.037e-05, Loss_res: 1.688e-03,  Loss_bcs: 3.951e-06, Loss_ut_ics: 9.543e-04, lr: 1.000e-03, Time: 2.24e+03
Model state saved to ./results/models/checkpoints/schrodinger/qho/2025-09-19_21-56-28-345443/model.pth
Model state saved to ./results/models/checkpoints/schrodinger/qho/2025-09-19_21-56-28-345443/model_weights.pth
It: 1984, Loss: 2.969e-05, Loss_res: 2.436e-03,  Loss_bcs: 3.212e-06, Loss_ut_ics: 2.120e-04, lr: 1.000e-03, Time: 2.25e+03
Model state saved to ./results/models/checkpoints/schrodinger/qho/2025-09-19_21-56-28-345443/model.pth
Model state saved to ./results/models/checkpoints/schrodinger/qho/2025-09-19_21-56-28-345443/model_weights.pth
It: 1985, Loss: 1.887e-05, Loss_res: 8.535e-04,  Loss_bcs: 2.851e-06, Loss_ut_ics: 7.482e-04, lr: 1.000e-03, Time: 2.25e+03
Model state saved to ./results/models/checkpoints/schrodinger/qho/2025-09-19_21-56-28-345443/model.pth
Model state saved to ./results/models/checkpoints/schrodinger/qho/2025-09-19_21-56-28-345443/model_weights.pth
It: 1986, Loss: 1.884e-05, Loss_res: 1.006e-03,  Loss_bcs: 2.409e-06, Loss_ut_ics: 6.375e-04, lr: 1.000e-03, Time: 2.25e+03
Model state saved to ./results/models/checkpoints/schrodinger/qho/2025-09-19_21-56-28-345443/model.pth
Model state saved to ./results/models/checkpoints/schrodinger/qho/2025-09-19_21-56-28-345443/model_weights.pth
It: 1987, Loss: 2.887e-05, Loss_res: 2.690e-03,  Loss_bcs: 1.427e-06, Loss_ut_ics: 5.421e-05, lr: 1.000e-03, Time: 2.25e+03
Model state saved to ./results/models/checkpoints/schrodinger/qho/2025-09-19_21-56-28-345443/model.pth
Model state saved to ./results/models/checkpoints/schrodinger/qho/2025-09-19_21-56-28-345443/model_weights.pth
It: 1988, Loss: 4.044e-05, Loss_res: 3.447e-03,  Loss_bcs: 1.543e-06, Loss_ut_ics: 4.423e-04, lr: 1.000e-03, Time: 2.25e+03
Model state saved to ./results/models/checkpoints/schrodinger/qho/2025-09-19_21-56-28-345443/model.pth
Model state saved to ./results/models/checkpoints/schrodinger/qho/2025-09-19_21-56-28-345443/model_weights.pth
It: 1989, Loss: 3.405e-05, Loss_res: 2.891e-03,  Loss_bcs: 6.584e-07, Loss_ut_ics: 4.484e-04, lr: 1.000e-03, Time: 2.25e+03
Model state saved to ./results/models/checkpoints/schrodinger/qho/2025-09-19_21-56-28-345443/model.pth
Model state saved to ./results/models/checkpoints/schrodinger/qho/2025-09-19_21-56-28-345443/model_weights.pth
It: 1990, Loss: 2.851e-05, Loss_res: 2.259e-03,  Loss_bcs: 1.246e-06, Loss_ut_ics: 4.666e-04, lr: 1.000e-03, Time: 2.25e+03
Model state saved to ./results/models/checkpoints/schrodinger/qho/2025-09-19_21-56-28-345443/model.pth
Model state saved to ./results/models/checkpoints/schrodinger/qho/2025-09-19_21-56-28-345443/model_weights.pth
It: 1991, Loss: 4.397e-05, Loss_res: 3.868e-03,  Loss_bcs: 2.362e-06, Loss_ut_ics: 2.930e-04, lr: 1.000e-03, Time: 2.25e+03
Model state saved to ./results/models/checkpoints/schrodinger/qho/2025-09-19_21-56-28-345443/model.pth
Model state saved to ./results/models/checkpoints/schrodinger/qho/2025-09-19_21-56-28-345443/model_weights.pth
It: 1992, Loss: 4.579e-05, Loss_res: 3.997e-03,  Loss_bcs: 1.665e-06, Loss_ut_ics: 4.154e-04, lr: 1.000e-03, Time: 2.25e+03
Model state saved to ./results/models/checkpoints/schrodinger/qho/2025-09-19_21-56-28-345443/model.pth
Model state saved to ./results/models/checkpoints/schrodinger/qho/2025-09-19_21-56-28-345443/model_weights.pth
It: 1993, Loss: 5.089e-05, Loss_res: 4.342e-03,  Loss_bcs: 3.599e-06, Loss_ut_ics: 3.876e-04, lr: 1.000e-03, Time: 2.26e+03
Model state saved to ./results/models/checkpoints/schrodinger/qho/2025-09-19_21-56-28-345443/model.pth
Model state saved to ./results/models/checkpoints/schrodinger/qho/2025-09-19_21-56-28-345443/model_weights.pth
It: 1994, Loss: 2.047e-05, Loss_res: 1.691e-03,  Loss_bcs: 2.357e-06, Loss_ut_ics: 1.201e-04, lr: 1.000e-03, Time: 2.26e+03
Model state saved to ./results/models/checkpoints/schrodinger/qho/2025-09-19_21-56-28-345443/model.pth
Model state saved to ./results/models/checkpoints/schrodinger/qho/2025-09-19_21-56-28-345443/model_weights.pth
It: 1995, Loss: 1.498e-05, Loss_res: 7.548e-04,  Loss_bcs: 7.588e-07, Loss_ut_ics: 6.676e-04, lr: 1.000e-03, Time: 2.26e+03
Model state saved to ./results/models/checkpoints/schrodinger/qho/2025-09-19_21-56-28-345443/model.pth
Model state saved to ./results/models/checkpoints/schrodinger/qho/2025-09-19_21-56-28-345443/model_weights.pth
It: 1996, Loss: 3.357e-05, Loss_res: 2.523e-03,  Loss_bcs: 5.879e-06, Loss_ut_ics: 2.460e-04, lr: 1.000e-03, Time: 2.26e+03
Model state saved to ./results/models/checkpoints/schrodinger/qho/2025-09-19_21-56-28-345443/model.pth
Model state saved to ./results/models/checkpoints/schrodinger/qho/2025-09-19_21-56-28-345443/model_weights.pth
It: 1997, Loss: 2.394e-05, Loss_res: 1.787e-03,  Loss_bcs: 3.679e-06, Loss_ut_ics: 2.397e-04, lr: 1.000e-03, Time: 2.26e+03
Model state saved to ./results/models/checkpoints/schrodinger/qho/2025-09-19_21-56-28-345443/model.pth
Model state saved to ./results/models/checkpoints/schrodinger/qho/2025-09-19_21-56-28-345443/model_weights.pth
It: 1998, Loss: 1.592e-05, Loss_res: 1.278e-03,  Loss_bcs: 2.161e-06, Loss_ut_ics: 9.829e-05, lr: 1.000e-03, Time: 2.26e+03
Model state saved to ./results/models/checkpoints/schrodinger/qho/2025-09-19_21-56-28-345443/model.pth
Model state saved to ./results/models/checkpoints/schrodinger/qho/2025-09-19_21-56-28-345443/model_weights.pth
It: 1999, Loss: 2.908e-05, Loss_res: 2.131e-03,  Loss_bcs: 6.454e-06, Loss_ut_ics: 1.318e-04, lr: 1.000e-03, Time: 2.26e+03
Model state saved to ./results/models/checkpoints/schrodinger/qho/2025-09-19_21-56-28-345443/model.pth
Model state saved to ./results/models/checkpoints/schrodinger/qho/2025-09-19_21-56-28-345443/model_weights.pth
It: 2000, Loss: 4.584e-05, Loss_res: 3.669e-03,  Loss_bcs: 6.151e-06, Loss_ut_ics: 3.002e-04, lr: 1.000e-03, Time: 2.26e+03
Model state saved to ./results/models/checkpoints/schrodinger/qho/2025-09-19_21-56-28-345443/model.pth
Model state saved to ./results/models/checkpoints/schrodinger/qho/2025-09-19_21-56-28-345443/model_weights.pth
Model state saved to ./results/models/checkpoints/schrodinger/qho/2025-09-19_21-56-28-345443/model.pth
Model state saved to ./results/models/checkpoints/schrodinger/qho/2025-09-19_21-56-28-345443/model_weights.pth
Training completed successfuly!, shots made: 34000
