Using DV Solver
The settings used:
batch_size : 64
epochs : 2000
lr : 0.001
seed : 42
print_every : 1
log_path : ./results/models/checkpoints/schrodinger/qho
input_dim : 2
output_dim : 2
num_qubits : 5
hidden_dim : 30
num_quantum_layers : 1
classic_network : [2, 30, 2]
q_ansatz : sim_circ_15
mode : hybrid
activation : null
shots : 1
problem : schrodinger
solver : DV
device : cpu
method : None
cutoff_dim : 20
class : CVNeuralNetwork2
encoding : angle
eq_params : {'example': 'ho', 'L': 5.0, 'T': 0.1, 'hbar': 1.0, 'mass': 1.0, 'n_level': 0, 'omega': 1.0, 'potential_fn': 'lambda t, x : 0.5 * 1.0 * (1.0**2) * (x**2)'}
noise : False
Total number of parameters: 507
The circuit used in the study:
It: 1, Loss: 1.939e-02, Loss_res: 4.538e-01,  Loss_bcs: 1.346e-02, Loss_ut_ics: 1.400e-01, lr: 1.000e-03, Time: 2.63e+00
Model state saved to ./results/models/checkpoints/schrodinger/qho/2025-09-16_19-56-00-999728/model.pth
Model state saved to ./results/models/checkpoints/schrodinger/qho/2025-09-16_19-56-00-999728/model_weights.pth
It: 2, Loss: 1.230e-02, Loss_res: 3.657e-01,  Loss_bcs: 8.071e-03, Loss_ut_ics: 5.749e-02, lr: 1.000e-03, Time: 4.82e+00
Model state saved to ./results/models/checkpoints/schrodinger/qho/2025-09-16_19-56-00-999728/model.pth
Model state saved to ./results/models/checkpoints/schrodinger/qho/2025-09-16_19-56-00-999728/model_weights.pth
It: 3, Loss: 7.118e-03, Loss_res: 1.898e-01,  Loss_bcs: 4.305e-03, Loss_ut_ics: 9.155e-02, lr: 1.000e-03, Time: 6.98e+00
Model state saved to ./results/models/checkpoints/schrodinger/qho/2025-09-16_19-56-00-999728/model.pth
Model state saved to ./results/models/checkpoints/schrodinger/qho/2025-09-16_19-56-00-999728/model_weights.pth
It: 4, Loss: 8.789e-03, Loss_res: 6.967e-02,  Loss_bcs: 2.023e-03, Loss_ut_ics: 6.069e-01, lr: 1.000e-03, Time: 9.19e+00
Model state saved to ./results/models/checkpoints/schrodinger/qho/2025-09-16_19-56-00-999728/model.pth
Model state saved to ./results/models/checkpoints/schrodinger/qho/2025-09-16_19-56-00-999728/model_weights.pth
It: 5, Loss: 2.056e-03, Loss_res: 5.324e-02,  Loss_bcs: 9.041e-04, Loss_ut_ics: 6.195e-02, lr: 1.000e-03, Time: 1.14e+01
Model state saved to ./results/models/checkpoints/schrodinger/qho/2025-09-16_19-56-00-999728/model.pth
Model state saved to ./results/models/checkpoints/schrodinger/qho/2025-09-16_19-56-00-999728/model_weights.pth
It: 6, Loss: 3.539e-03, Loss_res: 4.748e-02,  Loss_bcs: 5.973e-04, Loss_ut_ics: 2.467e-01, lr: 1.000e-03, Time: 1.36e+01
Model state saved to ./results/models/checkpoints/schrodinger/qho/2025-09-16_19-56-00-999728/model.pth
Model state saved to ./results/models/checkpoints/schrodinger/qho/2025-09-16_19-56-00-999728/model_weights.pth
It: 7, Loss: 2.100e-03, Loss_res: 5.869e-02,  Loss_bcs: 8.178e-04, Loss_ut_ics: 6.953e-02, lr: 1.000e-03, Time: 1.57e+01
Model state saved to ./results/models/checkpoints/schrodinger/qho/2025-09-16_19-56-00-999728/model.pth
Model state saved to ./results/models/checkpoints/schrodinger/qho/2025-09-16_19-56-00-999728/model_weights.pth
It: 8, Loss: 4.629e-03, Loss_res: 1.110e-01,  Loss_bcs: 1.419e-03, Loss_ut_ics: 2.101e-01, lr: 1.000e-03, Time: 1.78e+01
Model state saved to ./results/models/checkpoints/schrodinger/qho/2025-09-16_19-56-00-999728/model.pth
Model state saved to ./results/models/checkpoints/schrodinger/qho/2025-09-16_19-56-00-999728/model_weights.pth
It: 9, Loss: 2.946e-03, Loss_res: 9.160e-02,  Loss_bcs: 1.959e-03, Loss_ut_ics: 7.101e-03, lr: 1.000e-03, Time: 1.99e+01
Model state saved to ./results/models/checkpoints/schrodinger/qho/2025-09-16_19-56-00-999728/model.pth
Model state saved to ./results/models/checkpoints/schrodinger/qho/2025-09-16_19-56-00-999728/model_weights.pth
It: 10, Loss: 6.715e-03, Loss_res: 1.508e-01,  Loss_bcs: 2.237e-03, Loss_ut_ics: 2.970e-01, lr: 1.000e-03, Time: 2.25e+01
Model state saved to ./results/models/checkpoints/schrodinger/qho/2025-09-16_19-56-00-999728/model.pth
Model state saved to ./results/models/checkpoints/schrodinger/qho/2025-09-16_19-56-00-999728/model_weights.pth
It: 11, Loss: 5.354e-03, Loss_res: 1.198e-01,  Loss_bcs: 2.142e-03, Loss_ut_ics: 2.014e-01, lr: 1.000e-03, Time: 2.46e+01
Model state saved to ./results/models/checkpoints/schrodinger/qho/2025-09-16_19-56-00-999728/model.pth
Model state saved to ./results/models/checkpoints/schrodinger/qho/2025-09-16_19-56-00-999728/model_weights.pth
It: 12, Loss: 6.400e-03, Loss_res: 1.087e-01,  Loss_bcs: 1.861e-03, Loss_ut_ics: 3.452e-01, lr: 1.000e-03, Time: 2.67e+01
Model state saved to ./results/models/checkpoints/schrodinger/qho/2025-09-16_19-56-00-999728/model.pth
Model state saved to ./results/models/checkpoints/schrodinger/qho/2025-09-16_19-56-00-999728/model_weights.pth
It: 13, Loss: 5.075e-03, Loss_res: 8.548e-02,  Loss_bcs: 1.340e-03, Loss_ut_ics: 2.881e-01, lr: 1.000e-03, Time: 2.89e+01
Model state saved to ./results/models/checkpoints/schrodinger/qho/2025-09-16_19-56-00-999728/model.pth
Model state saved to ./results/models/checkpoints/schrodinger/qho/2025-09-16_19-56-00-999728/model_weights.pth
It: 14, Loss: 1.680e-03, Loss_res: 7.362e-02,  Loss_bcs: 9.062e-04, Loss_ut_ics: 3.735e-03, lr: 1.000e-03, Time: 3.14e+01
Model state saved to ./results/models/checkpoints/schrodinger/qho/2025-09-16_19-56-00-999728/model.pth
Model state saved to ./results/models/checkpoints/schrodinger/qho/2025-09-16_19-56-00-999728/model_weights.pth
It: 15, Loss: 1.225e-03, Loss_res: 6.587e-02,  Loss_bcs: 4.946e-04, Loss_ut_ics: 7.201e-03, lr: 1.000e-03, Time: 3.37e+01
Model state saved to ./results/models/checkpoints/schrodinger/qho/2025-09-16_19-56-00-999728/model.pth
Model state saved to ./results/models/checkpoints/schrodinger/qho/2025-09-16_19-56-00-999728/model_weights.pth
It: 16, Loss: 1.762e-03, Loss_res: 3.900e-02,  Loss_bcs: 2.479e-04, Loss_ut_ics: 1.124e-01, lr: 1.000e-03, Time: 3.62e+01
Model state saved to ./results/models/checkpoints/schrodinger/qho/2025-09-16_19-56-00-999728/model.pth
Model state saved to ./results/models/checkpoints/schrodinger/qho/2025-09-16_19-56-00-999728/model_weights.pth
It: 17, Loss: 2.923e-03, Loss_res: 3.523e-02,  Loss_bcs: 1.721e-04, Loss_ut_ics: 2.399e-01, lr: 1.000e-03, Time: 3.87e+01
Model state saved to ./results/models/checkpoints/schrodinger/qho/2025-09-16_19-56-00-999728/model.pth
Model state saved to ./results/models/checkpoints/schrodinger/qho/2025-09-16_19-56-00-999728/model_weights.pth
It: 18, Loss: 1.614e-03, Loss_res: 2.613e-02,  Loss_bcs: 2.350e-04, Loss_ut_ics: 1.118e-01, lr: 1.000e-03, Time: 4.20e+01
Model state saved to ./results/models/checkpoints/schrodinger/qho/2025-09-16_19-56-00-999728/model.pth
Model state saved to ./results/models/checkpoints/schrodinger/qho/2025-09-16_19-56-00-999728/model_weights.pth
It: 19, Loss: 1.482e-03, Loss_res: 2.868e-02,  Loss_bcs: 4.050e-04, Loss_ut_ics: 7.902e-02, lr: 1.000e-03, Time: 4.48e+01
Model state saved to ./results/models/checkpoints/schrodinger/qho/2025-09-16_19-56-00-999728/model.pth
Model state saved to ./results/models/checkpoints/schrodinger/qho/2025-09-16_19-56-00-999728/model_weights.pth
It: 20, Loss: 5.750e-03, Loss_res: 3.655e-02,  Loss_bcs: 5.419e-04, Loss_ut_ics: 4.842e-01, lr: 1.000e-03, Time: 4.72e+01
Model state saved to ./results/models/checkpoints/schrodinger/qho/2025-09-16_19-56-00-999728/model.pth
Model state saved to ./results/models/checkpoints/schrodinger/qho/2025-09-16_19-56-00-999728/model_weights.pth
It: 21, Loss: 2.896e-03, Loss_res: 3.161e-02,  Loss_bcs: 6.980e-04, Loss_ut_ics: 1.882e-01, lr: 1.000e-03, Time: 4.95e+01
Model state saved to ./results/models/checkpoints/schrodinger/qho/2025-09-16_19-56-00-999728/model.pth
Model state saved to ./results/models/checkpoints/schrodinger/qho/2025-09-16_19-56-00-999728/model_weights.pth
It: 22, Loss: 2.909e-03, Loss_res: 3.525e-02,  Loss_bcs: 7.567e-04, Loss_ut_ics: 1.800e-01, lr: 1.000e-03, Time: 5.20e+01
Model state saved to ./results/models/checkpoints/schrodinger/qho/2025-09-16_19-56-00-999728/model.pth
Model state saved to ./results/models/checkpoints/schrodinger/qho/2025-09-16_19-56-00-999728/model_weights.pth
It: 23, Loss: 2.204e-03, Loss_res: 5.136e-02,  Loss_bcs: 7.839e-04, Loss_ut_ics: 9.060e-02, lr: 1.000e-03, Time: 5.43e+01
Model state saved to ./results/models/checkpoints/schrodinger/qho/2025-09-16_19-56-00-999728/model.pth
Model state saved to ./results/models/checkpoints/schrodinger/qho/2025-09-16_19-56-00-999728/model_weights.pth
It: 24, Loss: 3.169e-03, Loss_res: 2.550e-02,  Loss_bcs: 6.808e-04, Loss_ut_ics: 2.233e-01, lr: 1.000e-03, Time: 5.66e+01
Model state saved to ./results/models/checkpoints/schrodinger/qho/2025-09-16_19-56-00-999728/model.pth
Model state saved to ./results/models/checkpoints/schrodinger/qho/2025-09-16_19-56-00-999728/model_weights.pth
It: 25, Loss: 5.168e-03, Loss_res: 3.112e-02,  Loss_bcs: 5.417e-04, Loss_ut_ics: 4.315e-01, lr: 1.000e-03, Time: 6.12e+01
Model state saved to ./results/models/checkpoints/schrodinger/qho/2025-09-16_19-56-00-999728/model.pth
Model state saved to ./results/models/checkpoints/schrodinger/qho/2025-09-16_19-56-00-999728/model_weights.pth
It: 26, Loss: 1.330e-03, Loss_res: 2.324e-02,  Loss_bcs: 3.538e-04, Loss_ut_ics: 7.439e-02, lr: 1.000e-03, Time: 6.57e+01
Model state saved to ./results/models/checkpoints/schrodinger/qho/2025-09-16_19-56-00-999728/model.pth
Model state saved to ./results/models/checkpoints/schrodinger/qho/2025-09-16_19-56-00-999728/model_weights.pth
It: 27, Loss: 1.645e-03, Loss_res: 1.778e-02,  Loss_bcs: 2.349e-04, Loss_ut_ics: 1.232e-01, lr: 1.000e-03, Time: 6.92e+01
Model state saved to ./results/models/checkpoints/schrodinger/qho/2025-09-16_19-56-00-999728/model.pth
Model state saved to ./results/models/checkpoints/schrodinger/qho/2025-09-16_19-56-00-999728/model_weights.pth
It: 28, Loss: 3.950e-03, Loss_res: 1.254e-02,  Loss_bcs: 1.259e-04, Loss_ut_ics: 3.699e-01, lr: 1.000e-03, Time: 7.24e+01
Model state saved to ./results/models/checkpoints/schrodinger/qho/2025-09-16_19-56-00-999728/model.pth
Model state saved to ./results/models/checkpoints/schrodinger/qho/2025-09-16_19-56-00-999728/model_weights.pth
It: 29, Loss: 3.772e-04, Loss_res: 1.618e-02,  Loss_bcs: 6.811e-05, Loss_ut_ics: 1.473e-02, lr: 1.000e-03, Time: 7.51e+01
Model state saved to ./results/models/checkpoints/schrodinger/qho/2025-09-16_19-56-00-999728/model.pth
Model state saved to ./results/models/checkpoints/schrodinger/qho/2025-09-16_19-56-00-999728/model_weights.pth
It: 30, Loss: 6.084e-04, Loss_res: 1.710e-02,  Loss_bcs: 5.728e-05, Loss_ut_ics: 3.801e-02, lr: 1.000e-03, Time: 7.99e+01
Model state saved to ./results/models/checkpoints/schrodinger/qho/2025-09-16_19-56-00-999728/model.pth
Model state saved to ./results/models/checkpoints/schrodinger/qho/2025-09-16_19-56-00-999728/model_weights.pth
It: 31, Loss: 1.743e-03, Loss_res: 1.899e-02,  Loss_bcs: 1.031e-04, Loss_ut_ics: 1.450e-01, lr: 1.000e-03, Time: 8.48e+01
Model state saved to ./results/models/checkpoints/schrodinger/qho/2025-09-16_19-56-00-999728/model.pth
Model state saved to ./results/models/checkpoints/schrodinger/qho/2025-09-16_19-56-00-999728/model_weights.pth
It: 32, Loss: 5.415e-04, Loss_res: 1.805e-02,  Loss_bcs: 1.340e-04, Loss_ut_ics: 2.269e-02, lr: 1.000e-03, Time: 8.94e+01
Model state saved to ./results/models/checkpoints/schrodinger/qho/2025-09-16_19-56-00-999728/model.pth
Model state saved to ./results/models/checkpoints/schrodinger/qho/2025-09-16_19-56-00-999728/model_weights.pth
It: 33, Loss: 1.455e-03, Loss_res: 2.546e-02,  Loss_bcs: 1.734e-04, Loss_ut_ics: 1.027e-01, lr: 1.000e-03, Time: 9.58e+01
Model state saved to ./results/models/checkpoints/schrodinger/qho/2025-09-16_19-56-00-999728/model.pth
Model state saved to ./results/models/checkpoints/schrodinger/qho/2025-09-16_19-56-00-999728/model_weights.pth
It: 34, Loss: 2.790e-03, Loss_res: 2.634e-02,  Loss_bcs: 1.957e-04, Loss_ut_ics: 2.331e-01, lr: 1.000e-03, Time: 1.00e+02
Model state saved to ./results/models/checkpoints/schrodinger/qho/2025-09-16_19-56-00-999728/model.pth
Model state saved to ./results/models/checkpoints/schrodinger/qho/2025-09-16_19-56-00-999728/model_weights.pth
It: 35, Loss: 2.996e-03, Loss_res: 2.617e-02,  Loss_bcs: 2.179e-04, Loss_ut_ics: 2.517e-01, lr: 1.000e-03, Time: 1.03e+02
Model state saved to ./results/models/checkpoints/schrodinger/qho/2025-09-16_19-56-00-999728/model.pth
Model state saved to ./results/models/checkpoints/schrodinger/qho/2025-09-16_19-56-00-999728/model_weights.pth
It: 36, Loss: 1.075e-03, Loss_res: 1.890e-02,  Loss_bcs: 1.773e-04, Loss_ut_ics: 7.085e-02, lr: 1.000e-03, Time: 1.06e+02
Model state saved to ./results/models/checkpoints/schrodinger/qho/2025-09-16_19-56-00-999728/model.pth
Model state saved to ./results/models/checkpoints/schrodinger/qho/2025-09-16_19-56-00-999728/model_weights.pth
It: 37, Loss: 1.526e-03, Loss_res: 2.101e-02,  Loss_bcs: 1.473e-04, Loss_ut_ics: 1.169e-01, lr: 1.000e-03, Time: 1.08e+02
Model state saved to ./results/models/checkpoints/schrodinger/qho/2025-09-16_19-56-00-999728/model.pth
Model state saved to ./results/models/checkpoints/schrodinger/qho/2025-09-16_19-56-00-999728/model_weights.pth
It: 38, Loss: 1.452e-03, Loss_res: 1.844e-02,  Loss_bcs: 1.082e-04, Loss_ut_ics: 1.160e-01, lr: 1.000e-03, Time: 1.11e+02
Model state saved to ./results/models/checkpoints/schrodinger/qho/2025-09-16_19-56-00-999728/model.pth
Model state saved to ./results/models/checkpoints/schrodinger/qho/2025-09-16_19-56-00-999728/model_weights.pth
It: 39, Loss: 1.957e-04, Loss_res: 1.218e-02,  Loss_bcs: 7.042e-05, Loss_ut_ics: 3.498e-04, lr: 1.000e-03, Time: 1.13e+02
Model state saved to ./results/models/checkpoints/schrodinger/qho/2025-09-16_19-56-00-999728/model.pth
Model state saved to ./results/models/checkpoints/schrodinger/qho/2025-09-16_19-56-00-999728/model_weights.pth
It: 40, Loss: 1.434e-03, Loss_res: 1.273e-02,  Loss_bcs: 2.999e-05, Loss_ut_ics: 1.277e-01, lr: 1.000e-03, Time: 1.16e+02
Model state saved to ./results/models/checkpoints/schrodinger/qho/2025-09-16_19-56-00-999728/model.pth
Model state saved to ./results/models/checkpoints/schrodinger/qho/2025-09-16_19-56-00-999728/model_weights.pth
It: 41, Loss: 2.888e-03, Loss_res: 1.081e-02,  Loss_bcs: 1.684e-05, Loss_ut_ics: 2.763e-01, lr: 1.000e-03, Time: 1.18e+02
Model state saved to ./results/models/checkpoints/schrodinger/qho/2025-09-16_19-56-00-999728/model.pth
Model state saved to ./results/models/checkpoints/schrodinger/qho/2025-09-16_19-56-00-999728/model_weights.pth
It: 42, Loss: 2.691e-03, Loss_res: 1.046e-02,  Loss_bcs: 2.279e-05, Loss_ut_ics: 2.564e-01, lr: 1.000e-03, Time: 1.21e+02
Model state saved to ./results/models/checkpoints/schrodinger/qho/2025-09-16_19-56-00-999728/model.pth
Model state saved to ./results/models/checkpoints/schrodinger/qho/2025-09-16_19-56-00-999728/model_weights.pth
It: 43, Loss: 2.241e-03, Loss_res: 8.591e-03,  Loss_bcs: 4.519e-05, Loss_ut_ics: 2.110e-01, lr: 1.000e-03, Time: 1.23e+02
Model state saved to ./results/models/checkpoints/schrodinger/qho/2025-09-16_19-56-00-999728/model.pth
Model state saved to ./results/models/checkpoints/schrodinger/qho/2025-09-16_19-56-00-999728/model_weights.pth
It: 44, Loss: 2.853e-03, Loss_res: 1.129e-02,  Loss_bcs: 7.676e-05, Loss_ut_ics: 2.663e-01, lr: 1.000e-03, Time: 1.26e+02
Model state saved to ./results/models/checkpoints/schrodinger/qho/2025-09-16_19-56-00-999728/model.pth
Model state saved to ./results/models/checkpoints/schrodinger/qho/2025-09-16_19-56-00-999728/model_weights.pth
It: 45, Loss: 1.600e-03, Loss_res: 5.780e-03,  Loss_bcs: 9.142e-05, Loss_ut_ics: 1.451e-01, lr: 1.000e-03, Time: 1.29e+02
Model state saved to ./results/models/checkpoints/schrodinger/qho/2025-09-16_19-56-00-999728/model.pth
Model state saved to ./results/models/checkpoints/schrodinger/qho/2025-09-16_19-56-00-999728/model_weights.pth
It: 46, Loss: 2.086e-04, Loss_res: 8.869e-03,  Loss_bcs: 9.321e-05, Loss_ut_ics: 2.667e-03, lr: 1.000e-03, Time: 1.31e+02
Model state saved to ./results/models/checkpoints/schrodinger/qho/2025-09-16_19-56-00-999728/model.pth
Model state saved to ./results/models/checkpoints/schrodinger/qho/2025-09-16_19-56-00-999728/model_weights.pth
It: 47, Loss: 2.783e-03, Loss_res: 6.542e-03,  Loss_bcs: 8.563e-05, Loss_ut_ics: 2.632e-01, lr: 1.000e-03, Time: 1.34e+02
Model state saved to ./results/models/checkpoints/schrodinger/qho/2025-09-16_19-56-00-999728/model.pth
Model state saved to ./results/models/checkpoints/schrodinger/qho/2025-09-16_19-56-00-999728/model_weights.pth
It: 48, Loss: 1.808e-04, Loss_res: 5.329e-03,  Loss_bcs: 8.851e-05, Loss_ut_ics: 3.906e-03, lr: 1.000e-03, Time: 1.37e+02
Model state saved to ./results/models/checkpoints/schrodinger/qho/2025-09-16_19-56-00-999728/model.pth
Model state saved to ./results/models/checkpoints/schrodinger/qho/2025-09-16_19-56-00-999728/model_weights.pth
It: 49, Loss: 3.500e-03, Loss_res: 4.371e-03,  Loss_bcs: 5.836e-05, Loss_ut_ics: 3.398e-01, lr: 1.000e-03, Time: 1.39e+02
Model state saved to ./results/models/checkpoints/schrodinger/qho/2025-09-16_19-56-00-999728/model.pth
Model state saved to ./results/models/checkpoints/schrodinger/qho/2025-09-16_19-56-00-999728/model_weights.pth
It: 50, Loss: 2.350e-03, Loss_res: 6.305e-03,  Loss_bcs: 3.708e-05, Loss_ut_ics: 2.250e-01, lr: 1.000e-03, Time: 1.42e+02
Model state saved to ./results/models/checkpoints/schrodinger/qho/2025-09-16_19-56-00-999728/model.pth
Model state saved to ./results/models/checkpoints/schrodinger/qho/2025-09-16_19-56-00-999728/model_weights.pth
It: 51, Loss: 1.296e-03, Loss_res: 3.794e-03,  Loss_bcs: 2.144e-05, Loss_ut_ics: 1.236e-01, lr: 1.000e-03, Time: 1.45e+02
Model state saved to ./results/models/checkpoints/schrodinger/qho/2025-09-16_19-56-00-999728/model.pth
Model state saved to ./results/models/checkpoints/schrodinger/qho/2025-09-16_19-56-00-999728/model_weights.pth
It: 52, Loss: 1.481e-03, Loss_res: 3.805e-03,  Loss_bcs: 2.099e-05, Loss_ut_ics: 1.422e-01, lr: 1.000e-03, Time: 1.48e+02
Model state saved to ./results/models/checkpoints/schrodinger/qho/2025-09-16_19-56-00-999728/model.pth
Model state saved to ./results/models/checkpoints/schrodinger/qho/2025-09-16_19-56-00-999728/model_weights.pth
It: 53, Loss: 5.789e-04, Loss_res: 5.159e-03,  Loss_bcs: 1.556e-05, Loss_ut_ics: 5.117e-02, lr: 1.000e-03, Time: 1.51e+02
Model state saved to ./results/models/checkpoints/schrodinger/qho/2025-09-16_19-56-00-999728/model.pth
Model state saved to ./results/models/checkpoints/schrodinger/qho/2025-09-16_19-56-00-999728/model_weights.pth
It: 54, Loss: 1.212e-03, Loss_res: 2.882e-03,  Loss_bcs: 1.692e-05, Loss_ut_ics: 1.166e-01, lr: 1.000e-03, Time: 1.54e+02
Model state saved to ./results/models/checkpoints/schrodinger/qho/2025-09-16_19-56-00-999728/model.pth
Model state saved to ./results/models/checkpoints/schrodinger/qho/2025-09-16_19-56-00-999728/model_weights.pth
It: 55, Loss: 1.442e-04, Loss_res: 7.500e-03,  Loss_bcs: 1.379e-05, Loss_ut_ics: 5.544e-03, lr: 1.000e-03, Time: 1.57e+02
Model state saved to ./results/models/checkpoints/schrodinger/qho/2025-09-16_19-56-00-999728/model.pth
Model state saved to ./results/models/checkpoints/schrodinger/qho/2025-09-16_19-56-00-999728/model_weights.pth
It: 56, Loss: 1.520e-03, Loss_res: 4.897e-03,  Loss_bcs: 1.003e-05, Loss_ut_ics: 1.461e-01, lr: 1.000e-03, Time: 1.60e+02
Model state saved to ./results/models/checkpoints/schrodinger/qho/2025-09-16_19-56-00-999728/model.pth
Model state saved to ./results/models/checkpoints/schrodinger/qho/2025-09-16_19-56-00-999728/model_weights.pth
It: 57, Loss: 8.317e-04, Loss_res: 7.174e-03,  Loss_bcs: 2.261e-05, Loss_ut_ics: 7.373e-02, lr: 1.000e-03, Time: 1.63e+02
Model state saved to ./results/models/checkpoints/schrodinger/qho/2025-09-16_19-56-00-999728/model.pth
Model state saved to ./results/models/checkpoints/schrodinger/qho/2025-09-16_19-56-00-999728/model_weights.pth
It: 58, Loss: 2.475e-03, Loss_res: 5.544e-03,  Loss_bcs: 1.306e-05, Loss_ut_ics: 2.406e-01, lr: 1.000e-03, Time: 1.65e+02
Model state saved to ./results/models/checkpoints/schrodinger/qho/2025-09-16_19-56-00-999728/model.pth
Model state saved to ./results/models/checkpoints/schrodinger/qho/2025-09-16_19-56-00-999728/model_weights.pth
It: 59, Loss: 2.322e-03, Loss_res: 7.658e-03,  Loss_bcs: 1.793e-05, Loss_ut_ics: 2.227e-01, lr: 1.000e-03, Time: 1.68e+02
Model state saved to ./results/models/checkpoints/schrodinger/qho/2025-09-16_19-56-00-999728/model.pth
Model state saved to ./results/models/checkpoints/schrodinger/qho/2025-09-16_19-56-00-999728/model_weights.pth
It: 60, Loss: 7.649e-04, Loss_res: 6.778e-03,  Loss_bcs: 1.107e-05, Loss_ut_ics: 6.860e-02, lr: 1.000e-03, Time: 1.70e+02
Model state saved to ./results/models/checkpoints/schrodinger/qho/2025-09-16_19-56-00-999728/model.pth
Model state saved to ./results/models/checkpoints/schrodinger/qho/2025-09-16_19-56-00-999728/model_weights.pth
It: 61, Loss: 1.010e-03, Loss_res: 3.805e-03,  Loss_bcs: 1.071e-05, Loss_ut_ics: 9.617e-02, lr: 1.000e-03, Time: 1.72e+02
Model state saved to ./results/models/checkpoints/schrodinger/qho/2025-09-16_19-56-00-999728/model.pth
Model state saved to ./results/models/checkpoints/schrodinger/qho/2025-09-16_19-56-00-999728/model_weights.pth
It: 62, Loss: 3.690e-04, Loss_res: 3.813e-03,  Loss_bcs: 1.629e-05, Loss_ut_ics: 3.146e-02, lr: 1.000e-03, Time: 1.74e+02
Model state saved to ./results/models/checkpoints/schrodinger/qho/2025-09-16_19-56-00-999728/model.pth
Model state saved to ./results/models/checkpoints/schrodinger/qho/2025-09-16_19-56-00-999728/model_weights.pth
It: 63, Loss: 2.314e-03, Loss_res: 3.579e-03,  Loss_bcs: 1.363e-05, Loss_ut_ics: 2.264e-01, lr: 1.000e-03, Time: 1.77e+02
Model state saved to ./results/models/checkpoints/schrodinger/qho/2025-09-16_19-56-00-999728/model.pth
Model state saved to ./results/models/checkpoints/schrodinger/qho/2025-09-16_19-56-00-999728/model_weights.pth
It: 64, Loss: 1.223e-03, Loss_res: 3.538e-03,  Loss_bcs: 1.790e-05, Loss_ut_ics: 1.169e-01, lr: 1.000e-03, Time: 1.80e+02
Model state saved to ./results/models/checkpoints/schrodinger/qho/2025-09-16_19-56-00-999728/model.pth
Model state saved to ./results/models/checkpoints/schrodinger/qho/2025-09-16_19-56-00-999728/model_weights.pth
It: 65, Loss: 9.893e-04, Loss_res: 3.668e-03,  Loss_bcs: 1.943e-05, Loss_ut_ics: 9.332e-02, lr: 1.000e-03, Time: 1.83e+02
Model state saved to ./results/models/checkpoints/schrodinger/qho/2025-09-16_19-56-00-999728/model.pth
Model state saved to ./results/models/checkpoints/schrodinger/qho/2025-09-16_19-56-00-999728/model_weights.pth
It: 66, Loss: 8.586e-04, Loss_res: 4.668e-03,  Loss_bcs: 1.869e-05, Loss_ut_ics: 7.933e-02, lr: 1.000e-03, Time: 1.86e+02
Model state saved to ./results/models/checkpoints/schrodinger/qho/2025-09-16_19-56-00-999728/model.pth
Model state saved to ./results/models/checkpoints/schrodinger/qho/2025-09-16_19-56-00-999728/model_weights.pth
It: 67, Loss: 1.360e-04, Loss_res: 3.270e-03,  Loss_bcs: 2.091e-05, Loss_ut_ics: 8.241e-03, lr: 1.000e-03, Time: 1.90e+02
Model state saved to ./results/models/checkpoints/schrodinger/qho/2025-09-16_19-56-00-999728/model.pth
Model state saved to ./results/models/checkpoints/schrodinger/qho/2025-09-16_19-56-00-999728/model_weights.pth
It: 68, Loss: 3.016e-03, Loss_res: 3.645e-03,  Loss_bcs: 2.043e-05, Loss_ut_ics: 2.959e-01, lr: 1.000e-03, Time: 1.93e+02
Model state saved to ./results/models/checkpoints/schrodinger/qho/2025-09-16_19-56-00-999728/model.pth
Model state saved to ./results/models/checkpoints/schrodinger/qho/2025-09-16_19-56-00-999728/model_weights.pth
It: 69, Loss: 1.190e-03, Loss_res: 4.374e-03,  Loss_bcs: 1.899e-05, Loss_ut_ics: 1.128e-01, lr: 1.000e-03, Time: 1.96e+02
Model state saved to ./results/models/checkpoints/schrodinger/qho/2025-09-16_19-56-00-999728/model.pth
Model state saved to ./results/models/checkpoints/schrodinger/qho/2025-09-16_19-56-00-999728/model_weights.pth
It: 70, Loss: 1.068e-03, Loss_res: 4.117e-03,  Loss_bcs: 1.554e-05, Loss_ut_ics: 1.011e-01, lr: 1.000e-03, Time: 2.00e+02
Model state saved to ./results/models/checkpoints/schrodinger/qho/2025-09-16_19-56-00-999728/model.pth
Model state saved to ./results/models/checkpoints/schrodinger/qho/2025-09-16_19-56-00-999728/model_weights.pth
It: 71, Loss: 1.837e-03, Loss_res: 3.722e-03,  Loss_bcs: 1.436e-05, Loss_ut_ics: 1.785e-01, lr: 1.000e-03, Time: 2.07e+02
Model state saved to ./results/models/checkpoints/schrodinger/qho/2025-09-16_19-56-00-999728/model.pth
Model state saved to ./results/models/checkpoints/schrodinger/qho/2025-09-16_19-56-00-999728/model_weights.pth
It: 72, Loss: 1.518e-04, Loss_res: 5.102e-03,  Loss_bcs: 1.255e-05, Loss_ut_ics: 8.821e-03, lr: 1.000e-03, Time: 2.11e+02
Model state saved to ./results/models/checkpoints/schrodinger/qho/2025-09-16_19-56-00-999728/model.pth
Model state saved to ./results/models/checkpoints/schrodinger/qho/2025-09-16_19-56-00-999728/model_weights.pth
It: 73, Loss: 1.044e-04, Loss_res: 5.666e-03,  Loss_bcs: 1.091e-05, Loss_ut_ics: 3.687e-03, lr: 1.000e-03, Time: 2.15e+02
Model state saved to ./results/models/checkpoints/schrodinger/qho/2025-09-16_19-56-00-999728/model.pth
Model state saved to ./results/models/checkpoints/schrodinger/qho/2025-09-16_19-56-00-999728/model_weights.pth
It: 74, Loss: 8.751e-05, Loss_res: 3.271e-03,  Loss_bcs: 9.493e-06, Loss_ut_ics: 4.530e-03, lr: 1.000e-03, Time: 2.17e+02
Model state saved to ./results/models/checkpoints/schrodinger/qho/2025-09-16_19-56-00-999728/model.pth
Model state saved to ./results/models/checkpoints/schrodinger/qho/2025-09-16_19-56-00-999728/model_weights.pth
It: 75, Loss: 1.202e-03, Loss_res: 4.228e-03,  Loss_bcs: 3.993e-06, Loss_ut_ics: 1.156e-01, lr: 1.000e-03, Time: 2.20e+02
Model state saved to ./results/models/checkpoints/schrodinger/qho/2025-09-16_19-56-00-999728/model.pth
Model state saved to ./results/models/checkpoints/schrodinger/qho/2025-09-16_19-56-00-999728/model_weights.pth
It: 76, Loss: 1.690e-04, Loss_res: 5.114e-03,  Loss_bcs: 1.062e-05, Loss_ut_ics: 1.073e-02, lr: 1.000e-03, Time: 2.22e+02
Model state saved to ./results/models/checkpoints/schrodinger/qho/2025-09-16_19-56-00-999728/model.pth
Model state saved to ./results/models/checkpoints/schrodinger/qho/2025-09-16_19-56-00-999728/model_weights.pth
It: 77, Loss: 6.103e-04, Loss_res: 5.925e-03,  Loss_bcs: 6.493e-06, Loss_ut_ics: 5.445e-02, lr: 1.000e-03, Time: 2.24e+02
Model state saved to ./results/models/checkpoints/schrodinger/qho/2025-09-16_19-56-00-999728/model.pth
Model state saved to ./results/models/checkpoints/schrodinger/qho/2025-09-16_19-56-00-999728/model_weights.pth
It: 78, Loss: 3.131e-04, Loss_res: 3.904e-03,  Loss_bcs: 4.095e-06, Loss_ut_ics: 2.699e-02, lr: 1.000e-03, Time: 2.26e+02
Model state saved to ./results/models/checkpoints/schrodinger/qho/2025-09-16_19-56-00-999728/model.pth
Model state saved to ./results/models/checkpoints/schrodinger/qho/2025-09-16_19-56-00-999728/model_weights.pth
It: 79, Loss: 1.636e-03, Loss_res: 4.808e-03,  Loss_bcs: 9.489e-06, Loss_ut_ics: 1.578e-01, lr: 1.000e-03, Time: 2.29e+02
Model state saved to ./results/models/checkpoints/schrodinger/qho/2025-09-16_19-56-00-999728/model.pth
Model state saved to ./results/models/checkpoints/schrodinger/qho/2025-09-16_19-56-00-999728/model_weights.pth
It: 80, Loss: 1.134e-03, Loss_res: 7.154e-03,  Loss_bcs: 5.822e-06, Loss_ut_ics: 1.057e-01, lr: 1.000e-03, Time: 2.31e+02
Model state saved to ./results/models/checkpoints/schrodinger/qho/2025-09-16_19-56-00-999728/model.pth
Model state saved to ./results/models/checkpoints/schrodinger/qho/2025-09-16_19-56-00-999728/model_weights.pth
It: 81, Loss: 3.462e-04, Loss_res: 4.381e-03,  Loss_bcs: 5.988e-06, Loss_ut_ics: 2.964e-02, lr: 1.000e-03, Time: 2.33e+02
Model state saved to ./results/models/checkpoints/schrodinger/qho/2025-09-16_19-56-00-999728/model.pth
Model state saved to ./results/models/checkpoints/schrodinger/qho/2025-09-16_19-56-00-999728/model_weights.pth
It: 82, Loss: 1.081e-03, Loss_res: 6.099e-03,  Loss_bcs: 7.544e-06, Loss_ut_ics: 1.013e-01, lr: 1.000e-03, Time: 2.36e+02
Model state saved to ./results/models/checkpoints/schrodinger/qho/2025-09-16_19-56-00-999728/model.pth
Model state saved to ./results/models/checkpoints/schrodinger/qho/2025-09-16_19-56-00-999728/model_weights.pth
It: 83, Loss: 2.650e-04, Loss_res: 4.723e-03,  Loss_bcs: 8.455e-06, Loss_ut_ics: 2.093e-02, lr: 1.000e-03, Time: 2.41e+02
Model state saved to ./results/models/checkpoints/schrodinger/qho/2025-09-16_19-56-00-999728/model.pth
Model state saved to ./results/models/checkpoints/schrodinger/qho/2025-09-16_19-56-00-999728/model_weights.pth
It: 84, Loss: 1.152e-03, Loss_res: 5.167e-03,  Loss_bcs: 8.301e-06, Loss_ut_ics: 1.092e-01, lr: 1.000e-03, Time: 2.44e+02
Model state saved to ./results/models/checkpoints/schrodinger/qho/2025-09-16_19-56-00-999728/model.pth
Model state saved to ./results/models/checkpoints/schrodinger/qho/2025-09-16_19-56-00-999728/model_weights.pth
It: 85, Loss: 1.213e-04, Loss_res: 5.224e-03,  Loss_bcs: 6.302e-06, Loss_ut_ics: 6.276e-03, lr: 1.000e-03, Time: 2.47e+02
Model state saved to ./results/models/checkpoints/schrodinger/qho/2025-09-16_19-56-00-999728/model.pth
Model state saved to ./results/models/checkpoints/schrodinger/qho/2025-09-16_19-56-00-999728/model_weights.pth
It: 86, Loss: 1.024e-03, Loss_res: 4.977e-03,  Loss_bcs: 9.777e-06, Loss_ut_ics: 9.649e-02, lr: 1.000e-03, Time: 2.50e+02
Model state saved to ./results/models/checkpoints/schrodinger/qho/2025-09-16_19-56-00-999728/model.pth
Model state saved to ./results/models/checkpoints/schrodinger/qho/2025-09-16_19-56-00-999728/model_weights.pth
It: 87, Loss: 6.259e-05, Loss_res: 4.438e-03,  Loss_bcs: 1.475e-05, Loss_ut_ics: 3.457e-04, lr: 1.000e-03, Time: 2.53e+02
Model state saved to ./results/models/checkpoints/schrodinger/qho/2025-09-16_19-56-00-999728/model.pth
Model state saved to ./results/models/checkpoints/schrodinger/qho/2025-09-16_19-56-00-999728/model_weights.pth
It: 88, Loss: 3.535e-04, Loss_res: 6.062e-03,  Loss_bcs: 9.031e-06, Loss_ut_ics: 2.838e-02, lr: 1.000e-03, Time: 2.55e+02
Model state saved to ./results/models/checkpoints/schrodinger/qho/2025-09-16_19-56-00-999728/model.pth
Model state saved to ./results/models/checkpoints/schrodinger/qho/2025-09-16_19-56-00-999728/model_weights.pth
It: 89, Loss: 4.353e-04, Loss_res: 3.666e-03,  Loss_bcs: 8.224e-06, Loss_ut_ics: 3.904e-02, lr: 1.000e-03, Time: 2.58e+02
Model state saved to ./results/models/checkpoints/schrodinger/qho/2025-09-16_19-56-00-999728/model.pth
Model state saved to ./results/models/checkpoints/schrodinger/qho/2025-09-16_19-56-00-999728/model_weights.pth
It: 90, Loss: 7.882e-04, Loss_res: 5.656e-03,  Loss_bcs: 5.234e-06, Loss_ut_ics: 7.264e-02, lr: 1.000e-03, Time: 2.60e+02
Model state saved to ./results/models/checkpoints/schrodinger/qho/2025-09-16_19-56-00-999728/model.pth
Model state saved to ./results/models/checkpoints/schrodinger/qho/2025-09-16_19-56-00-999728/model_weights.pth
It: 91, Loss: 1.980e-03, Loss_res: 8.012e-03,  Loss_bcs: 6.191e-06, Loss_ut_ics: 1.894e-01, lr: 1.000e-03, Time: 2.63e+02
Model state saved to ./results/models/checkpoints/schrodinger/qho/2025-09-16_19-56-00-999728/model.pth
Model state saved to ./results/models/checkpoints/schrodinger/qho/2025-09-16_19-56-00-999728/model_weights.pth
It: 92, Loss: 1.082e-03, Loss_res: 6.512e-03,  Loss_bcs: 5.528e-06, Loss_ut_ics: 1.011e-01, lr: 1.000e-03, Time: 2.65e+02
Model state saved to ./results/models/checkpoints/schrodinger/qho/2025-09-16_19-56-00-999728/model.pth
Model state saved to ./results/models/checkpoints/schrodinger/qho/2025-09-16_19-56-00-999728/model_weights.pth
It: 93, Loss: 1.026e-04, Loss_res: 8.270e-03,  Loss_bcs: 5.267e-06, Loss_ut_ics: 1.463e-03, lr: 1.000e-03, Time: 2.67e+02
Model state saved to ./results/models/checkpoints/schrodinger/qho/2025-09-16_19-56-00-999728/model.pth
Model state saved to ./results/models/checkpoints/schrodinger/qho/2025-09-16_19-56-00-999728/model_weights.pth
It: 94, Loss: 1.216e-03, Loss_res: 7.366e-03,  Loss_bcs: 2.901e-06, Loss_ut_ics: 1.140e-01, lr: 1.000e-03, Time: 2.69e+02
Model state saved to ./results/models/checkpoints/schrodinger/qho/2025-09-16_19-56-00-999728/model.pth
Model state saved to ./results/models/checkpoints/schrodinger/qho/2025-09-16_19-56-00-999728/model_weights.pth
It: 95, Loss: 3.491e-04, Loss_res: 5.287e-03,  Loss_bcs: 6.216e-06, Loss_ut_ics: 2.900e-02, lr: 1.000e-03, Time: 2.71e+02
Model state saved to ./results/models/checkpoints/schrodinger/qho/2025-09-16_19-56-00-999728/model.pth
Model state saved to ./results/models/checkpoints/schrodinger/qho/2025-09-16_19-56-00-999728/model_weights.pth
It: 96, Loss: 4.927e-04, Loss_res: 5.345e-03,  Loss_bcs: 5.583e-06, Loss_ut_ics: 4.336e-02, lr: 1.000e-03, Time: 2.73e+02
Model state saved to ./results/models/checkpoints/schrodinger/qho/2025-09-16_19-56-00-999728/model.pth
Model state saved to ./results/models/checkpoints/schrodinger/qho/2025-09-16_19-56-00-999728/model_weights.pth
It: 97, Loss: 3.490e-04, Loss_res: 5.262e-03,  Loss_bcs: 1.249e-05, Loss_ut_ics: 2.839e-02, lr: 1.000e-03, Time: 2.75e+02
Model state saved to ./results/models/checkpoints/schrodinger/qho/2025-09-16_19-56-00-999728/model.pth
Model state saved to ./results/models/checkpoints/schrodinger/qho/2025-09-16_19-56-00-999728/model_weights.pth
It: 98, Loss: 5.780e-04, Loss_res: 6.302e-03,  Loss_bcs: 9.753e-06, Loss_ut_ics: 5.052e-02, lr: 1.000e-03, Time: 2.77e+02
Model state saved to ./results/models/checkpoints/schrodinger/qho/2025-09-16_19-56-00-999728/model.pth
Model state saved to ./results/models/checkpoints/schrodinger/qho/2025-09-16_19-56-00-999728/model_weights.pth
It: 99, Loss: 1.963e-03, Loss_res: 6.539e-03,  Loss_bcs: 7.939e-06, Loss_ut_ics: 1.889e-01, lr: 1.000e-03, Time: 2.80e+02
Model state saved to ./results/models/checkpoints/schrodinger/qho/2025-09-16_19-56-00-999728/model.pth
Model state saved to ./results/models/checkpoints/schrodinger/qho/2025-09-16_19-56-00-999728/model_weights.pth
It: 100, Loss: 9.791e-04, Loss_res: 7.421e-03,  Loss_bcs: 5.210e-06, Loss_ut_ics: 8.997e-02, lr: 1.000e-03, Time: 2.82e+02
Model state saved to ./results/models/checkpoints/schrodinger/qho/2025-09-16_19-56-00-999728/model.pth
Model state saved to ./results/models/checkpoints/schrodinger/qho/2025-09-16_19-56-00-999728/model_weights.pth
It: 101, Loss: 1.558e-04, Loss_res: 8.170e-03,  Loss_bcs: 6.074e-06, Loss_ut_ics: 6.800e-03, lr: 1.000e-03, Time: 2.84e+02
Model state saved to ./results/models/checkpoints/schrodinger/qho/2025-09-16_19-56-00-999728/model.pth
Model state saved to ./results/models/checkpoints/schrodinger/qho/2025-09-16_19-56-00-999728/model_weights.pth
It: 102, Loss: 2.060e-04, Loss_res: 6.825e-03,  Loss_bcs: 6.097e-06, Loss_ut_ics: 1.317e-02, lr: 1.000e-03, Time: 2.86e+02
Model state saved to ./results/models/checkpoints/schrodinger/qho/2025-09-16_19-56-00-999728/model.pth
Model state saved to ./results/models/checkpoints/schrodinger/qho/2025-09-16_19-56-00-999728/model_weights.pth
It: 103, Loss: 1.088e-03, Loss_res: 6.461e-03,  Loss_bcs: 7.590e-06, Loss_ut_ics: 1.015e-01, lr: 1.000e-03, Time: 2.88e+02
Model state saved to ./results/models/checkpoints/schrodinger/qho/2025-09-16_19-56-00-999728/model.pth
Model state saved to ./results/models/checkpoints/schrodinger/qho/2025-09-16_19-56-00-999728/model_weights.pth
It: 104, Loss: 3.462e-04, Loss_res: 7.591e-03,  Loss_bcs: 8.742e-06, Loss_ut_ics: 2.616e-02, lr: 1.000e-03, Time: 2.90e+02
Model state saved to ./results/models/checkpoints/schrodinger/qho/2025-09-16_19-56-00-999728/model.pth
Model state saved to ./results/models/checkpoints/schrodinger/qho/2025-09-16_19-56-00-999728/model_weights.pth
It: 105, Loss: 8.255e-04, Loss_res: 9.040e-03,  Loss_bcs: 1.307e-05, Loss_ut_ics: 7.221e-02, lr: 1.000e-03, Time: 2.92e+02
Model state saved to ./results/models/checkpoints/schrodinger/qho/2025-09-16_19-56-00-999728/model.pth
Model state saved to ./results/models/checkpoints/schrodinger/qho/2025-09-16_19-56-00-999728/model_weights.pth
It: 106, Loss: 5.117e-04, Loss_res: 8.150e-03,  Loss_bcs: 8.384e-06, Loss_ut_ics: 4.218e-02, lr: 1.000e-03, Time: 2.95e+02
Model state saved to ./results/models/checkpoints/schrodinger/qho/2025-09-16_19-56-00-999728/model.pth
Model state saved to ./results/models/checkpoints/schrodinger/qho/2025-09-16_19-56-00-999728/model_weights.pth
It: 107, Loss: 8.615e-05, Loss_res: 7.778e-03,  Loss_bcs: 5.972e-06, Loss_ut_ics: 2.399e-04, lr: 1.000e-03, Time: 2.97e+02
Model state saved to ./results/models/checkpoints/schrodinger/qho/2025-09-16_19-56-00-999728/model.pth
Model state saved to ./results/models/checkpoints/schrodinger/qho/2025-09-16_19-56-00-999728/model_weights.pth
It: 108, Loss: 1.164e-03, Loss_res: 5.405e-03,  Loss_bcs: 1.449e-05, Loss_ut_ics: 1.096e-01, lr: 1.000e-03, Time: 2.99e+02
Model state saved to ./results/models/checkpoints/schrodinger/qho/2025-09-16_19-56-00-999728/model.pth
Model state saved to ./results/models/checkpoints/schrodinger/qho/2025-09-16_19-56-00-999728/model_weights.pth
It: 109, Loss: 8.488e-04, Loss_res: 7.351e-03,  Loss_bcs: 4.055e-06, Loss_ut_ics: 7.712e-02, lr: 1.000e-03, Time: 3.01e+02
Model state saved to ./results/models/checkpoints/schrodinger/qho/2025-09-16_19-56-00-999728/model.pth
Model state saved to ./results/models/checkpoints/schrodinger/qho/2025-09-16_19-56-00-999728/model_weights.pth
It: 110, Loss: 1.575e-04, Loss_res: 6.951e-03,  Loss_bcs: 5.265e-06, Loss_ut_ics: 8.277e-03, lr: 1.000e-03, Time: 3.03e+02
Model state saved to ./results/models/checkpoints/schrodinger/qho/2025-09-16_19-56-00-999728/model.pth
Model state saved to ./results/models/checkpoints/schrodinger/qho/2025-09-16_19-56-00-999728/model_weights.pth
It: 111, Loss: 1.072e-04, Loss_res: 6.822e-03,  Loss_bcs: 8.640e-06, Loss_ut_ics: 3.038e-03, lr: 1.000e-03, Time: 3.05e+02
Model state saved to ./results/models/checkpoints/schrodinger/qho/2025-09-16_19-56-00-999728/model.pth
Model state saved to ./results/models/checkpoints/schrodinger/qho/2025-09-16_19-56-00-999728/model_weights.pth
It: 112, Loss: 2.855e-04, Loss_res: 7.311e-03,  Loss_bcs: 6.742e-06, Loss_ut_ics: 2.057e-02, lr: 1.000e-03, Time: 3.08e+02
Model state saved to ./results/models/checkpoints/schrodinger/qho/2025-09-16_19-56-00-999728/model.pth
Model state saved to ./results/models/checkpoints/schrodinger/qho/2025-09-16_19-56-00-999728/model_weights.pth
It: 113, Loss: 8.345e-04, Loss_res: 6.252e-03,  Loss_bcs: 3.140e-06, Loss_ut_ics: 7.688e-02, lr: 1.000e-03, Time: 3.10e+02
Model state saved to ./results/models/checkpoints/schrodinger/qho/2025-09-16_19-56-00-999728/model.pth
Model state saved to ./results/models/checkpoints/schrodinger/qho/2025-09-16_19-56-00-999728/model_weights.pth
It: 114, Loss: 6.002e-04, Loss_res: 9.327e-03,  Loss_bcs: 4.345e-06, Loss_ut_ics: 5.026e-02, lr: 1.000e-03, Time: 3.12e+02
Model state saved to ./results/models/checkpoints/schrodinger/qho/2025-09-16_19-56-00-999728/model.pth
Model state saved to ./results/models/checkpoints/schrodinger/qho/2025-09-16_19-56-00-999728/model_weights.pth
It: 115, Loss: 3.833e-04, Loss_res: 7.047e-03,  Loss_bcs: 8.543e-06, Loss_ut_ics: 3.043e-02, lr: 1.000e-03, Time: 3.14e+02
Model state saved to ./results/models/checkpoints/schrodinger/qho/2025-09-16_19-56-00-999728/model.pth
Model state saved to ./results/models/checkpoints/schrodinger/qho/2025-09-16_19-56-00-999728/model_weights.pth
It: 116, Loss: 3.198e-04, Loss_res: 9.236e-03,  Loss_bcs: 5.990e-06, Loss_ut_ics: 2.215e-02, lr: 1.000e-03, Time: 3.16e+02
Model state saved to ./results/models/checkpoints/schrodinger/qho/2025-09-16_19-56-00-999728/model.pth
Model state saved to ./results/models/checkpoints/schrodinger/qho/2025-09-16_19-56-00-999728/model_weights.pth
It: 117, Loss: 1.695e-03, Loss_res: 5.584e-03,  Loss_bcs: 5.485e-06, Loss_ut_ics: 1.634e-01, lr: 1.000e-03, Time: 3.18e+02
Model state saved to ./results/models/checkpoints/schrodinger/qho/2025-09-16_19-56-00-999728/model.pth
Model state saved to ./results/models/checkpoints/schrodinger/qho/2025-09-16_19-56-00-999728/model_weights.pth
It: 118, Loss: 8.106e-04, Loss_res: 8.121e-03,  Loss_bcs: 5.564e-06, Loss_ut_ics: 7.239e-02, lr: 1.000e-03, Time: 3.20e+02
Model state saved to ./results/models/checkpoints/schrodinger/qho/2025-09-16_19-56-00-999728/model.pth
Model state saved to ./results/models/checkpoints/schrodinger/qho/2025-09-16_19-56-00-999728/model_weights.pth
It: 119, Loss: 2.918e-04, Loss_res: 6.729e-03,  Loss_bcs: 3.082e-06, Loss_ut_ics: 2.215e-02, lr: 1.000e-03, Time: 3.22e+02
Model state saved to ./results/models/checkpoints/schrodinger/qho/2025-09-16_19-56-00-999728/model.pth
Model state saved to ./results/models/checkpoints/schrodinger/qho/2025-09-16_19-56-00-999728/model_weights.pth
It: 120, Loss: 8.779e-05, Loss_res: 8.145e-03,  Loss_bcs: 3.328e-06, Loss_ut_ics: 3.014e-04, lr: 1.000e-03, Time: 3.24e+02
Model state saved to ./results/models/checkpoints/schrodinger/qho/2025-09-16_19-56-00-999728/model.pth
Model state saved to ./results/models/checkpoints/schrodinger/qho/2025-09-16_19-56-00-999728/model_weights.pth
It: 121, Loss: 2.511e-03, Loss_res: 4.960e-03,  Loss_bcs: 6.379e-06, Loss_ut_ics: 2.455e-01, lr: 1.000e-03, Time: 3.26e+02
Model state saved to ./results/models/checkpoints/schrodinger/qho/2025-09-16_19-56-00-999728/model.pth
Model state saved to ./results/models/checkpoints/schrodinger/qho/2025-09-16_19-56-00-999728/model_weights.pth
It: 122, Loss: 1.513e-04, Loss_res: 9.304e-03,  Loss_bcs: 3.575e-06, Loss_ut_ics: 5.469e-03, lr: 1.000e-03, Time: 3.28e+02
Model state saved to ./results/models/checkpoints/schrodinger/qho/2025-09-16_19-56-00-999728/model.pth
Model state saved to ./results/models/checkpoints/schrodinger/qho/2025-09-16_19-56-00-999728/model_weights.pth
It: 123, Loss: 1.430e-03, Loss_res: 8.974e-03,  Loss_bcs: 6.030e-06, Loss_ut_ics: 1.334e-01, lr: 1.000e-03, Time: 3.30e+02
Model state saved to ./results/models/checkpoints/schrodinger/qho/2025-09-16_19-56-00-999728/model.pth
Model state saved to ./results/models/checkpoints/schrodinger/qho/2025-09-16_19-56-00-999728/model_weights.pth
It: 124, Loss: 9.154e-04, Loss_res: 1.127e-02,  Loss_bcs: 6.215e-06, Loss_ut_ics: 7.964e-02, lr: 1.000e-03, Time: 3.32e+02
Model state saved to ./results/models/checkpoints/schrodinger/qho/2025-09-16_19-56-00-999728/model.pth
Model state saved to ./results/models/checkpoints/schrodinger/qho/2025-09-16_19-56-00-999728/model_weights.pth
It: 125, Loss: 1.254e-03, Loss_res: 7.716e-03,  Loss_bcs: 6.034e-06, Loss_ut_ics: 1.171e-01, lr: 1.000e-03, Time: 3.34e+02
Model state saved to ./results/models/checkpoints/schrodinger/qho/2025-09-16_19-56-00-999728/model.pth
Model state saved to ./results/models/checkpoints/schrodinger/qho/2025-09-16_19-56-00-999728/model_weights.pth
It: 126, Loss: 1.047e-03, Loss_res: 1.030e-02,  Loss_bcs: 3.950e-06, Loss_ut_ics: 9.403e-02, lr: 1.000e-03, Time: 3.36e+02
Model state saved to ./results/models/checkpoints/schrodinger/qho/2025-09-16_19-56-00-999728/model.pth
Model state saved to ./results/models/checkpoints/schrodinger/qho/2025-09-16_19-56-00-999728/model_weights.pth
It: 127, Loss: 2.227e-04, Loss_res: 8.762e-03,  Loss_bcs: 9.913e-06, Loss_ut_ics: 1.252e-02, lr: 1.000e-03, Time: 3.38e+02
Model state saved to ./results/models/checkpoints/schrodinger/qho/2025-09-16_19-56-00-999728/model.pth
Model state saved to ./results/models/checkpoints/schrodinger/qho/2025-09-16_19-56-00-999728/model_weights.pth
It: 128, Loss: 1.263e-03, Loss_res: 9.754e-03,  Loss_bcs: 7.293e-06, Loss_ut_ics: 1.158e-01, lr: 1.000e-03, Time: 3.40e+02
Model state saved to ./results/models/checkpoints/schrodinger/qho/2025-09-16_19-56-00-999728/model.pth
Model state saved to ./results/models/checkpoints/schrodinger/qho/2025-09-16_19-56-00-999728/model_weights.pth
It: 129, Loss: 1.410e-03, Loss_res: 7.770e-03,  Loss_bcs: 1.764e-05, Loss_ut_ics: 1.315e-01, lr: 1.000e-03, Time: 3.42e+02
Model state saved to ./results/models/checkpoints/schrodinger/qho/2025-09-16_19-56-00-999728/model.pth
Model state saved to ./results/models/checkpoints/schrodinger/qho/2025-09-16_19-56-00-999728/model_weights.pth
It: 130, Loss: 2.186e-04, Loss_res: 1.076e-02,  Loss_bcs: 1.164e-05, Loss_ut_ics: 9.942e-03, lr: 1.000e-03, Time: 3.44e+02
Model state saved to ./results/models/checkpoints/schrodinger/qho/2025-09-16_19-56-00-999728/model.pth
Model state saved to ./results/models/checkpoints/schrodinger/qho/2025-09-16_19-56-00-999728/model_weights.pth
It: 131, Loss: 8.628e-04, Loss_res: 8.177e-03,  Loss_bcs: 1.338e-05, Loss_ut_ics: 7.677e-02, lr: 1.000e-03, Time: 3.46e+02
Model state saved to ./results/models/checkpoints/schrodinger/qho/2025-09-16_19-56-00-999728/model.pth
Model state saved to ./results/models/checkpoints/schrodinger/qho/2025-09-16_19-56-00-999728/model_weights.pth
It: 132, Loss: 5.081e-04, Loss_res: 1.300e-02,  Loss_bcs: 9.568e-06, Loss_ut_ics: 3.686e-02, lr: 1.000e-03, Time: 3.49e+02
Model state saved to ./results/models/checkpoints/schrodinger/qho/2025-09-16_19-56-00-999728/model.pth
Model state saved to ./results/models/checkpoints/schrodinger/qho/2025-09-16_19-56-00-999728/model_weights.pth
It: 133, Loss: 6.958e-04, Loss_res: 8.631e-03,  Loss_bcs: 9.745e-06, Loss_ut_ics: 5.998e-02, lr: 1.000e-03, Time: 3.51e+02
Model state saved to ./results/models/checkpoints/schrodinger/qho/2025-09-16_19-56-00-999728/model.pth
Model state saved to ./results/models/checkpoints/schrodinger/qho/2025-09-16_19-56-00-999728/model_weights.pth
It: 134, Loss: 1.374e-03, Loss_res: 1.146e-02,  Loss_bcs: 1.206e-05, Loss_ut_ics: 1.247e-01, lr: 1.000e-03, Time: 3.53e+02
Model state saved to ./results/models/checkpoints/schrodinger/qho/2025-09-16_19-56-00-999728/model.pth
Model state saved to ./results/models/checkpoints/schrodinger/qho/2025-09-16_19-56-00-999728/model_weights.pth
It: 135, Loss: 8.533e-04, Loss_res: 7.371e-03,  Loss_bcs: 1.317e-05, Loss_ut_ics: 7.665e-02, lr: 1.000e-03, Time: 3.55e+02
Model state saved to ./results/models/checkpoints/schrodinger/qho/2025-09-16_19-56-00-999728/model.pth
Model state saved to ./results/models/checkpoints/schrodinger/qho/2025-09-16_19-56-00-999728/model_weights.pth
It: 136, Loss: 9.055e-04, Loss_res: 1.092e-02,  Loss_bcs: 5.959e-06, Loss_ut_ics: 7.903e-02, lr: 1.000e-03, Time: 3.57e+02
Model state saved to ./results/models/checkpoints/schrodinger/qho/2025-09-16_19-56-00-999728/model.pth
Model state saved to ./results/models/checkpoints/schrodinger/qho/2025-09-16_19-56-00-999728/model_weights.pth
It: 137, Loss: 9.610e-05, Loss_res: 9.103e-03,  Loss_bcs: 2.482e-06, Loss_ut_ics: 2.586e-04, lr: 1.000e-03, Time: 3.59e+02
Model state saved to ./results/models/checkpoints/schrodinger/qho/2025-09-16_19-56-00-999728/model.pth
Model state saved to ./results/models/checkpoints/schrodinger/qho/2025-09-16_19-56-00-999728/model_weights.pth
It: 138, Loss: 3.135e-04, Loss_res: 1.504e-02,  Loss_bcs: 1.664e-06, Loss_ut_ics: 1.614e-02, lr: 1.000e-03, Time: 3.61e+02
Model state saved to ./results/models/checkpoints/schrodinger/qho/2025-09-16_19-56-00-999728/model.pth
Model state saved to ./results/models/checkpoints/schrodinger/qho/2025-09-16_19-56-00-999728/model_weights.pth
It: 139, Loss: 9.912e-04, Loss_res: 5.956e-03,  Loss_bcs: 7.051e-06, Loss_ut_ics: 9.246e-02, lr: 1.000e-03, Time: 3.63e+02
Model state saved to ./results/models/checkpoints/schrodinger/qho/2025-09-16_19-56-00-999728/model.pth
Model state saved to ./results/models/checkpoints/schrodinger/qho/2025-09-16_19-56-00-999728/model_weights.pth
It: 140, Loss: 1.630e-04, Loss_res: 1.252e-02,  Loss_bcs: 1.070e-05, Loss_ut_ics: 2.716e-03, lr: 1.000e-03, Time: 3.65e+02
Model state saved to ./results/models/checkpoints/schrodinger/qho/2025-09-16_19-56-00-999728/model.pth
Model state saved to ./results/models/checkpoints/schrodinger/qho/2025-09-16_19-56-00-999728/model_weights.pth
It: 141, Loss: 1.562e-04, Loss_res: 1.241e-02,  Loss_bcs: 2.019e-05, Loss_ut_ics: 1.192e-03, lr: 1.000e-03, Time: 3.67e+02
Model state saved to ./results/models/checkpoints/schrodinger/qho/2025-09-16_19-56-00-999728/model.pth
Model state saved to ./results/models/checkpoints/schrodinger/qho/2025-09-16_19-56-00-999728/model_weights.pth
It: 142, Loss: 4.090e-04, Loss_res: 7.150e-03,  Loss_bcs: 2.455e-05, Loss_ut_ics: 3.130e-02, lr: 1.000e-03, Time: 3.69e+02
Model state saved to ./results/models/checkpoints/schrodinger/qho/2025-09-16_19-56-00-999728/model.pth
Model state saved to ./results/models/checkpoints/schrodinger/qho/2025-09-16_19-56-00-999728/model_weights.pth
It: 143, Loss: 1.360e-04, Loss_res: 1.168e-02,  Loss_bcs: 1.507e-05, Loss_ut_ics: 4.143e-04, lr: 1.000e-03, Time: 3.71e+02
Model state saved to ./results/models/checkpoints/schrodinger/qho/2025-09-16_19-56-00-999728/model.pth
Model state saved to ./results/models/checkpoints/schrodinger/qho/2025-09-16_19-56-00-999728/model_weights.pth
It: 144, Loss: 9.041e-04, Loss_res: 1.267e-02,  Loss_bcs: 6.132e-06, Loss_ut_ics: 7.713e-02, lr: 1.000e-03, Time: 3.73e+02
Model state saved to ./results/models/checkpoints/schrodinger/qho/2025-09-16_19-56-00-999728/model.pth
Model state saved to ./results/models/checkpoints/schrodinger/qho/2025-09-16_19-56-00-999728/model_weights.pth
It: 145, Loss: 2.872e-04, Loss_res: 1.527e-02,  Loss_bcs: 1.598e-06, Loss_ut_ics: 1.329e-02, lr: 1.000e-03, Time: 3.75e+02
Model state saved to ./results/models/checkpoints/schrodinger/qho/2025-09-16_19-56-00-999728/model.pth
Model state saved to ./results/models/checkpoints/schrodinger/qho/2025-09-16_19-56-00-999728/model_weights.pth
It: 146, Loss: 3.914e-04, Loss_res: 1.721e-02,  Loss_bcs: 1.728e-06, Loss_ut_ics: 2.176e-02, lr: 1.000e-03, Time: 3.77e+02
Model state saved to ./results/models/checkpoints/schrodinger/qho/2025-09-16_19-56-00-999728/model.pth
Model state saved to ./results/models/checkpoints/schrodinger/qho/2025-09-16_19-56-00-999728/model_weights.pth
It: 147, Loss: 8.400e-04, Loss_res: 1.226e-02,  Loss_bcs: 5.142e-06, Loss_ut_ics: 7.122e-02, lr: 1.000e-03, Time: 3.80e+02
Model state saved to ./results/models/checkpoints/schrodinger/qho/2025-09-16_19-56-00-999728/model.pth
Model state saved to ./results/models/checkpoints/schrodinger/qho/2025-09-16_19-56-00-999728/model_weights.pth
It: 148, Loss: 2.397e-04, Loss_res: 1.137e-02,  Loss_bcs: 1.180e-05, Loss_ut_ics: 1.141e-02, lr: 1.000e-03, Time: 3.82e+02
Model state saved to ./results/models/checkpoints/schrodinger/qho/2025-09-16_19-56-00-999728/model.pth
Model state saved to ./results/models/checkpoints/schrodinger/qho/2025-09-16_19-56-00-999728/model_weights.pth
It: 149, Loss: 8.500e-04, Loss_res: 1.194e-02,  Loss_bcs: 2.806e-05, Loss_ut_ics: 7.025e-02, lr: 1.000e-03, Time: 3.84e+02
Model state saved to ./results/models/checkpoints/schrodinger/qho/2025-09-16_19-56-00-999728/model.pth
Model state saved to ./results/models/checkpoints/schrodinger/qho/2025-09-16_19-56-00-999728/model_weights.pth
It: 150, Loss: 9.689e-04, Loss_res: 1.051e-02,  Loss_bcs: 1.869e-05, Loss_ut_ics: 8.451e-02, lr: 1.000e-03, Time: 3.86e+02
Model state saved to ./results/models/checkpoints/schrodinger/qho/2025-09-16_19-56-00-999728/model.pth
Model state saved to ./results/models/checkpoints/schrodinger/qho/2025-09-16_19-56-00-999728/model_weights.pth
It: 151, Loss: 3.303e-04, Loss_res: 1.356e-02,  Loss_bcs: 9.869e-06, Loss_ut_ics: 1.848e-02, lr: 1.000e-03, Time: 3.88e+02
Model state saved to ./results/models/checkpoints/schrodinger/qho/2025-09-16_19-56-00-999728/model.pth
Model state saved to ./results/models/checkpoints/schrodinger/qho/2025-09-16_19-56-00-999728/model_weights.pth
It: 152, Loss: 1.610e-03, Loss_res: 1.420e-02,  Loss_bcs: 5.166e-06, Loss_ut_ics: 1.463e-01, lr: 1.000e-03, Time: 3.90e+02
Model state saved to ./results/models/checkpoints/schrodinger/qho/2025-09-16_19-56-00-999728/model.pth
Model state saved to ./results/models/checkpoints/schrodinger/qho/2025-09-16_19-56-00-999728/model_weights.pth
It: 153, Loss: 8.369e-04, Loss_res: 1.718e-02,  Loss_bcs: 4.794e-06, Loss_ut_ics: 6.603e-02, lr: 1.000e-03, Time: 3.92e+02
Model state saved to ./results/models/checkpoints/schrodinger/qho/2025-09-16_19-56-00-999728/model.pth
Model state saved to ./results/models/checkpoints/schrodinger/qho/2025-09-16_19-56-00-999728/model_weights.pth
It: 154, Loss: 1.010e-03, Loss_res: 1.177e-02,  Loss_bcs: 7.340e-06, Loss_ut_ics: 8.847e-02, lr: 1.000e-03, Time: 3.94e+02
Model state saved to ./results/models/checkpoints/schrodinger/qho/2025-09-16_19-56-00-999728/model.pth
Model state saved to ./results/models/checkpoints/schrodinger/qho/2025-09-16_19-56-00-999728/model_weights.pth
It: 155, Loss: 7.049e-04, Loss_res: 1.335e-02,  Loss_bcs: 1.033e-05, Loss_ut_ics: 5.611e-02, lr: 1.000e-03, Time: 3.96e+02
Model state saved to ./results/models/checkpoints/schrodinger/qho/2025-09-16_19-56-00-999728/model.pth
Model state saved to ./results/models/checkpoints/schrodinger/qho/2025-09-16_19-56-00-999728/model_weights.pth
It: 156, Loss: 6.298e-04, Loss_res: 1.155e-02,  Loss_bcs: 1.336e-05, Loss_ut_ics: 5.010e-02, lr: 1.000e-03, Time: 3.98e+02
Model state saved to ./results/models/checkpoints/schrodinger/qho/2025-09-16_19-56-00-999728/model.pth
Model state saved to ./results/models/checkpoints/schrodinger/qho/2025-09-16_19-56-00-999728/model_weights.pth
It: 157, Loss: 1.227e-03, Loss_res: 1.090e-02,  Loss_bcs: 1.378e-05, Loss_ut_ics: 1.105e-01, lr: 1.000e-03, Time: 4.00e+02
Model state saved to ./results/models/checkpoints/schrodinger/qho/2025-09-16_19-56-00-999728/model.pth
Model state saved to ./results/models/checkpoints/schrodinger/qho/2025-09-16_19-56-00-999728/model_weights.pth
It: 158, Loss: 1.942e-04, Loss_res: 1.623e-02,  Loss_bcs: 4.797e-06, Loss_ut_ics: 2.706e-03, lr: 1.000e-03, Time: 4.03e+02
Model state saved to ./results/models/checkpoints/schrodinger/qho/2025-09-16_19-56-00-999728/model.pth
Model state saved to ./results/models/checkpoints/schrodinger/qho/2025-09-16_19-56-00-999728/model_weights.pth
It: 159, Loss: 9.516e-04, Loss_res: 1.053e-02,  Loss_bcs: 5.246e-06, Loss_ut_ics: 8.411e-02, lr: 1.000e-03, Time: 4.05e+02
Model state saved to ./results/models/checkpoints/schrodinger/qho/2025-09-16_19-56-00-999728/model.pth
Model state saved to ./results/models/checkpoints/schrodinger/qho/2025-09-16_19-56-00-999728/model_weights.pth
It: 160, Loss: 9.307e-04, Loss_res: 9.439e-03,  Loss_bcs: 3.246e-06, Loss_ut_ics: 8.331e-02, lr: 1.000e-03, Time: 4.07e+02
Model state saved to ./results/models/checkpoints/schrodinger/qho/2025-09-16_19-56-00-999728/model.pth
Model state saved to ./results/models/checkpoints/schrodinger/qho/2025-09-16_19-56-00-999728/model_weights.pth
It: 161, Loss: 8.160e-04, Loss_res: 1.469e-02,  Loss_bcs: 7.516e-06, Loss_ut_ics: 6.616e-02, lr: 1.000e-03, Time: 4.09e+02
Model state saved to ./results/models/checkpoints/schrodinger/qho/2025-09-16_19-56-00-999728/model.pth
Model state saved to ./results/models/checkpoints/schrodinger/qho/2025-09-16_19-56-00-999728/model_weights.pth
It: 162, Loss: 4.272e-04, Loss_res: 1.750e-02,  Loss_bcs: 6.401e-06, Loss_ut_ics: 2.458e-02, lr: 1.000e-03, Time: 4.11e+02
Model state saved to ./results/models/checkpoints/schrodinger/qho/2025-09-16_19-56-00-999728/model.pth
Model state saved to ./results/models/checkpoints/schrodinger/qho/2025-09-16_19-56-00-999728/model_weights.pth
It: 163, Loss: 5.077e-04, Loss_res: 1.408e-02,  Loss_bcs: 1.618e-05, Loss_ut_ics: 3.507e-02, lr: 1.000e-03, Time: 4.13e+02
Model state saved to ./results/models/checkpoints/schrodinger/qho/2025-09-16_19-56-00-999728/model.pth
Model state saved to ./results/models/checkpoints/schrodinger/qho/2025-09-16_19-56-00-999728/model_weights.pth
It: 164, Loss: 1.448e-03, Loss_res: 7.999e-03,  Loss_bcs: 1.929e-05, Loss_ut_ics: 1.348e-01, lr: 1.000e-03, Time: 4.15e+02
Model state saved to ./results/models/checkpoints/schrodinger/qho/2025-09-16_19-56-00-999728/model.pth
Model state saved to ./results/models/checkpoints/schrodinger/qho/2025-09-16_19-56-00-999728/model_weights.pth
It: 165, Loss: 1.036e-03, Loss_res: 1.303e-02,  Loss_bcs: 1.198e-05, Loss_ut_ics: 8.940e-02, lr: 1.000e-03, Time: 4.17e+02
Model state saved to ./results/models/checkpoints/schrodinger/qho/2025-09-16_19-56-00-999728/model.pth
Model state saved to ./results/models/checkpoints/schrodinger/qho/2025-09-16_19-56-00-999728/model_weights.pth
It: 166, Loss: 9.951e-04, Loss_res: 1.751e-02,  Loss_bcs: 3.602e-06, Loss_ut_ics: 8.164e-02, lr: 1.000e-03, Time: 4.19e+02
Model state saved to ./results/models/checkpoints/schrodinger/qho/2025-09-16_19-56-00-999728/model.pth
Model state saved to ./results/models/checkpoints/schrodinger/qho/2025-09-16_19-56-00-999728/model_weights.pth
It: 167, Loss: 7.203e-04, Loss_res: 1.649e-02,  Loss_bcs: 9.367e-07, Loss_ut_ics: 5.544e-02, lr: 1.000e-03, Time: 4.21e+02
Model state saved to ./results/models/checkpoints/schrodinger/qho/2025-09-16_19-56-00-999728/model.pth
Model state saved to ./results/models/checkpoints/schrodinger/qho/2025-09-16_19-56-00-999728/model_weights.pth
It: 168, Loss: 3.696e-04, Loss_res: 1.242e-02,  Loss_bcs: 3.467e-06, Loss_ut_ics: 2.419e-02, lr: 1.000e-03, Time: 4.23e+02
Model state saved to ./results/models/checkpoints/schrodinger/qho/2025-09-16_19-56-00-999728/model.pth
Model state saved to ./results/models/checkpoints/schrodinger/qho/2025-09-16_19-56-00-999728/model_weights.pth
It: 169, Loss: 6.585e-04, Loss_res: 1.447e-02,  Loss_bcs: 6.533e-06, Loss_ut_ics: 5.073e-02, lr: 1.000e-03, Time: 4.26e+02
Model state saved to ./results/models/checkpoints/schrodinger/qho/2025-09-16_19-56-00-999728/model.pth
Model state saved to ./results/models/checkpoints/schrodinger/qho/2025-09-16_19-56-00-999728/model_weights.pth
It: 170, Loss: 1.157e-03, Loss_res: 1.552e-02,  Loss_bcs: 1.437e-05, Loss_ut_ics: 9.879e-02, lr: 1.000e-03, Time: 4.28e+02
Model state saved to ./results/models/checkpoints/schrodinger/qho/2025-09-16_19-56-00-999728/model.pth
Model state saved to ./results/models/checkpoints/schrodinger/qho/2025-09-16_19-56-00-999728/model_weights.pth
It: 171, Loss: 7.180e-04, Loss_res: 1.801e-02,  Loss_bcs: 1.616e-05, Loss_ut_ics: 5.217e-02, lr: 1.000e-03, Time: 4.30e+02
Model state saved to ./results/models/checkpoints/schrodinger/qho/2025-09-16_19-56-00-999728/model.pth
Model state saved to ./results/models/checkpoints/schrodinger/qho/2025-09-16_19-56-00-999728/model_weights.pth
It: 172, Loss: 7.593e-04, Loss_res: 1.448e-02,  Loss_bcs: 2.737e-05, Loss_ut_ics: 5.871e-02, lr: 1.000e-03, Time: 4.32e+02
Model state saved to ./results/models/checkpoints/schrodinger/qho/2025-09-16_19-56-00-999728/model.pth
Model state saved to ./results/models/checkpoints/schrodinger/qho/2025-09-16_19-56-00-999728/model_weights.pth
It: 173, Loss: 2.170e-04, Loss_res: 1.790e-02,  Loss_bcs: 1.585e-05, Loss_ut_ics: 2.219e-03, lr: 1.000e-03, Time: 4.34e+02
Model state saved to ./results/models/checkpoints/schrodinger/qho/2025-09-16_19-56-00-999728/model.pth
Model state saved to ./results/models/checkpoints/schrodinger/qho/2025-09-16_19-56-00-999728/model_weights.pth
It: 174, Loss: 9.222e-04, Loss_res: 7.433e-03,  Loss_bcs: 1.949e-05, Loss_ut_ics: 8.284e-02, lr: 1.000e-03, Time: 4.36e+02
Model state saved to ./results/models/checkpoints/schrodinger/qho/2025-09-16_19-56-00-999728/model.pth
Model state saved to ./results/models/checkpoints/schrodinger/qho/2025-09-16_19-56-00-999728/model_weights.pth
It: 175, Loss: 4.007e-04, Loss_res: 1.536e-02,  Loss_bcs: 6.059e-06, Loss_ut_ics: 2.410e-02, lr: 1.000e-03, Time: 4.38e+02
Model state saved to ./results/models/checkpoints/schrodinger/qho/2025-09-16_19-56-00-999728/model.pth
Model state saved to ./results/models/checkpoints/schrodinger/qho/2025-09-16_19-56-00-999728/model_weights.pth
It: 176, Loss: 1.279e-03, Loss_res: 1.538e-02,  Loss_bcs: 2.830e-06, Loss_ut_ics: 1.122e-01, lr: 1.000e-03, Time: 4.40e+02
Model state saved to ./results/models/checkpoints/schrodinger/qho/2025-09-16_19-56-00-999728/model.pth
Model state saved to ./results/models/checkpoints/schrodinger/qho/2025-09-16_19-56-00-999728/model_weights.pth
It: 177, Loss: 1.066e-03, Loss_res: 1.859e-02,  Loss_bcs: 3.164e-06, Loss_ut_ics: 8.767e-02, lr: 1.000e-03, Time: 4.42e+02
Model state saved to ./results/models/checkpoints/schrodinger/qho/2025-09-16_19-56-00-999728/model.pth
Model state saved to ./results/models/checkpoints/schrodinger/qho/2025-09-16_19-56-00-999728/model_weights.pth
It: 178, Loss: 1.113e-03, Loss_res: 1.743e-02,  Loss_bcs: 8.662e-06, Loss_ut_ics: 9.297e-02, lr: 1.000e-03, Time: 4.44e+02
Model state saved to ./results/models/checkpoints/schrodinger/qho/2025-09-16_19-56-00-999728/model.pth
Model state saved to ./results/models/checkpoints/schrodinger/qho/2025-09-16_19-56-00-999728/model_weights.pth
It: 179, Loss: 6.536e-04, Loss_res: 1.133e-02,  Loss_bcs: 1.917e-05, Loss_ut_ics: 5.212e-02, lr: 1.000e-03, Time: 4.46e+02
Model state saved to ./results/models/checkpoints/schrodinger/qho/2025-09-16_19-56-00-999728/model.pth
Model state saved to ./results/models/checkpoints/schrodinger/qho/2025-09-16_19-56-00-999728/model_weights.pth
It: 180, Loss: 8.124e-04, Loss_res: 1.634e-02,  Loss_bcs: 2.273e-05, Loss_ut_ics: 6.262e-02, lr: 1.000e-03, Time: 4.48e+02
Model state saved to ./results/models/checkpoints/schrodinger/qho/2025-09-16_19-56-00-999728/model.pth
Model state saved to ./results/models/checkpoints/schrodinger/qho/2025-09-16_19-56-00-999728/model_weights.pth
It: 181, Loss: 8.442e-04, Loss_res: 1.350e-02,  Loss_bcs: 2.095e-05, Loss_ut_ics: 6.882e-02, lr: 1.000e-03, Time: 4.50e+02
Model state saved to ./results/models/checkpoints/schrodinger/qho/2025-09-16_19-56-00-999728/model.pth
Model state saved to ./results/models/checkpoints/schrodinger/qho/2025-09-16_19-56-00-999728/model_weights.pth
It: 182, Loss: 6.090e-04, Loss_res: 1.661e-02,  Loss_bcs: 2.049e-05, Loss_ut_ics: 4.224e-02, lr: 1.000e-03, Time: 4.53e+02
Model state saved to ./results/models/checkpoints/schrodinger/qho/2025-09-16_19-56-00-999728/model.pth
Model state saved to ./results/models/checkpoints/schrodinger/qho/2025-09-16_19-56-00-999728/model_weights.pth
It: 183, Loss: 6.575e-04, Loss_res: 1.611e-02,  Loss_bcs: 1.130e-05, Loss_ut_ics: 4.851e-02, lr: 1.000e-03, Time: 4.55e+02
Model state saved to ./results/models/checkpoints/schrodinger/qho/2025-09-16_19-56-00-999728/model.pth
Model state saved to ./results/models/checkpoints/schrodinger/qho/2025-09-16_19-56-00-999728/model_weights.pth
It: 184, Loss: 2.063e-04, Loss_res: 1.930e-02,  Loss_bcs: 6.567e-06, Loss_ut_ics: 6.701e-04, lr: 1.000e-03, Time: 4.57e+02
Model state saved to ./results/models/checkpoints/schrodinger/qho/2025-09-16_19-56-00-999728/model.pth
Model state saved to ./results/models/checkpoints/schrodinger/qho/2025-09-16_19-56-00-999728/model_weights.pth
It: 185, Loss: 7.940e-04, Loss_res: 1.436e-02,  Loss_bcs: 1.498e-05, Loss_ut_ics: 6.355e-02, lr: 1.000e-03, Time: 4.59e+02
Model state saved to ./results/models/checkpoints/schrodinger/qho/2025-09-16_19-56-00-999728/model.pth
Model state saved to ./results/models/checkpoints/schrodinger/qho/2025-09-16_19-56-00-999728/model_weights.pth
It: 186, Loss: 9.647e-04, Loss_res: 1.374e-02,  Loss_bcs: 2.849e-05, Loss_ut_ics: 7.989e-02, lr: 1.000e-03, Time: 4.61e+02
Model state saved to ./results/models/checkpoints/schrodinger/qho/2025-09-16_19-56-00-999728/model.pth
Model state saved to ./results/models/checkpoints/schrodinger/qho/2025-09-16_19-56-00-999728/model_weights.pth
It: 187, Loss: 5.132e-04, Loss_res: 1.746e-02,  Loss_bcs: 2.317e-05, Loss_ut_ics: 3.154e-02, lr: 1.000e-03, Time: 4.63e+02
Model state saved to ./results/models/checkpoints/schrodinger/qho/2025-09-16_19-56-00-999728/model.pth
Model state saved to ./results/models/checkpoints/schrodinger/qho/2025-09-16_19-56-00-999728/model_weights.pth
It: 188, Loss: 1.358e-03, Loss_res: 1.777e-02,  Loss_bcs: 1.121e-05, Loss_ut_ics: 1.169e-01, lr: 1.000e-03, Time: 4.65e+02
Model state saved to ./results/models/checkpoints/schrodinger/qho/2025-09-16_19-56-00-999728/model.pth
Model state saved to ./results/models/checkpoints/schrodinger/qho/2025-09-16_19-56-00-999728/model_weights.pth
It: 189, Loss: 6.264e-04, Loss_res: 2.218e-02,  Loss_bcs: 2.012e-06, Loss_ut_ics: 4.026e-02, lr: 1.000e-03, Time: 4.67e+02
Model state saved to ./results/models/checkpoints/schrodinger/qho/2025-09-16_19-56-00-999728/model.pth
Model state saved to ./results/models/checkpoints/schrodinger/qho/2025-09-16_19-56-00-999728/model_weights.pth
It: 190, Loss: 3.294e-04, Loss_res: 1.286e-02,  Loss_bcs: 8.746e-06, Loss_ut_ics: 1.920e-02, lr: 1.000e-03, Time: 4.69e+02
Model state saved to ./results/models/checkpoints/schrodinger/qho/2025-09-16_19-56-00-999728/model.pth
Model state saved to ./results/models/checkpoints/schrodinger/qho/2025-09-16_19-56-00-999728/model_weights.pth
It: 191, Loss: 6.286e-04, Loss_res: 1.498e-02,  Loss_bcs: 5.006e-06, Loss_ut_ics: 4.738e-02, lr: 1.000e-03, Time: 4.71e+02
Model state saved to ./results/models/checkpoints/schrodinger/qho/2025-09-16_19-56-00-999728/model.pth
Model state saved to ./results/models/checkpoints/schrodinger/qho/2025-09-16_19-56-00-999728/model_weights.pth
It: 192, Loss: 1.115e-03, Loss_res: 1.829e-02,  Loss_bcs: 1.326e-05, Loss_ut_ics: 9.184e-02, lr: 1.000e-03, Time: 4.73e+02
Model state saved to ./results/models/checkpoints/schrodinger/qho/2025-09-16_19-56-00-999728/model.pth
Model state saved to ./results/models/checkpoints/schrodinger/qho/2025-09-16_19-56-00-999728/model_weights.pth
It: 193, Loss: 3.342e-04, Loss_res: 1.567e-02,  Loss_bcs: 2.774e-05, Loss_ut_ics: 1.497e-02, lr: 1.000e-03, Time: 4.75e+02
Model state saved to ./results/models/checkpoints/schrodinger/qho/2025-09-16_19-56-00-999728/model.pth
Model state saved to ./results/models/checkpoints/schrodinger/qho/2025-09-16_19-56-00-999728/model_weights.pth
It: 194, Loss: 5.995e-04, Loss_res: 1.895e-02,  Loss_bcs: 9.960e-06, Loss_ut_ics: 4.000e-02, lr: 1.000e-03, Time: 4.77e+02
Model state saved to ./results/models/checkpoints/schrodinger/qho/2025-09-16_19-56-00-999728/model.pth
Model state saved to ./results/models/checkpoints/schrodinger/qho/2025-09-16_19-56-00-999728/model_weights.pth
It: 195, Loss: 7.698e-04, Loss_res: 2.045e-02,  Loss_bcs: 1.086e-05, Loss_ut_ics: 5.545e-02, lr: 1.000e-03, Time: 4.79e+02
Model state saved to ./results/models/checkpoints/schrodinger/qho/2025-09-16_19-56-00-999728/model.pth
Model state saved to ./results/models/checkpoints/schrodinger/qho/2025-09-16_19-56-00-999728/model_weights.pth
It: 196, Loss: 2.191e-04, Loss_res: 1.971e-02,  Loss_bcs: 5.675e-06, Loss_ut_ics: 1.631e-03, lr: 1.000e-03, Time: 4.81e+02
Model state saved to ./results/models/checkpoints/schrodinger/qho/2025-09-16_19-56-00-999728/model.pth
Model state saved to ./results/models/checkpoints/schrodinger/qho/2025-09-16_19-56-00-999728/model_weights.pth
It: 197, Loss: 7.477e-04, Loss_res: 1.587e-02,  Loss_bcs: 9.048e-06, Loss_ut_ics: 5.799e-02, lr: 1.000e-03, Time: 4.83e+02
Model state saved to ./results/models/checkpoints/schrodinger/qho/2025-09-16_19-56-00-999728/model.pth
Model state saved to ./results/models/checkpoints/schrodinger/qho/2025-09-16_19-56-00-999728/model_weights.pth
It: 198, Loss: 8.721e-04, Loss_res: 2.074e-02,  Loss_bcs: 1.358e-05, Loss_ut_ics: 6.512e-02, lr: 1.000e-03, Time: 4.85e+02
Model state saved to ./results/models/checkpoints/schrodinger/qho/2025-09-16_19-56-00-999728/model.pth
Model state saved to ./results/models/checkpoints/schrodinger/qho/2025-09-16_19-56-00-999728/model_weights.pth
It: 199, Loss: 5.335e-04, Loss_res: 1.879e-02,  Loss_bcs: 7.707e-06, Loss_ut_ics: 3.379e-02, lr: 1.000e-03, Time: 4.87e+02
Model state saved to ./results/models/checkpoints/schrodinger/qho/2025-09-16_19-56-00-999728/model.pth
Model state saved to ./results/models/checkpoints/schrodinger/qho/2025-09-16_19-56-00-999728/model_weights.pth
It: 200, Loss: 5.643e-04, Loss_res: 1.752e-02,  Loss_bcs: 1.017e-05, Loss_ut_ics: 3.789e-02, lr: 1.000e-03, Time: 4.90e+02
Model state saved to ./results/models/checkpoints/schrodinger/qho/2025-09-16_19-56-00-999728/model.pth
Model state saved to ./results/models/checkpoints/schrodinger/qho/2025-09-16_19-56-00-999728/model_weights.pth
It: 201, Loss: 2.175e-04, Loss_res: 1.525e-02,  Loss_bcs: 8.312e-06, Loss_ut_ics: 5.673e-03, lr: 1.000e-03, Time: 4.92e+02
Model state saved to ./results/models/checkpoints/schrodinger/qho/2025-09-16_19-56-00-999728/model.pth
Model state saved to ./results/models/checkpoints/schrodinger/qho/2025-09-16_19-56-00-999728/model_weights.pth
It: 202, Loss: 5.204e-04, Loss_res: 2.273e-02,  Loss_bcs: 3.356e-06, Loss_ut_ics: 2.897e-02, lr: 1.000e-03, Time: 4.94e+02
Model state saved to ./results/models/checkpoints/schrodinger/qho/2025-09-16_19-56-00-999728/model.pth
Model state saved to ./results/models/checkpoints/schrodinger/qho/2025-09-16_19-56-00-999728/model_weights.pth
It: 203, Loss: 2.354e-04, Loss_res: 2.170e-02,  Loss_bcs: 3.379e-06, Loss_ut_ics: 1.496e-03, lr: 1.000e-03, Time: 4.96e+02
Model state saved to ./results/models/checkpoints/schrodinger/qho/2025-09-16_19-56-00-999728/model.pth
Model state saved to ./results/models/checkpoints/schrodinger/qho/2025-09-16_19-56-00-999728/model_weights.pth
It: 204, Loss: 2.236e-04, Loss_res: 1.914e-02,  Loss_bcs: 1.767e-05, Loss_ut_ics: 1.448e-03, lr: 1.000e-03, Time: 4.98e+02
Model state saved to ./results/models/checkpoints/schrodinger/qho/2025-09-16_19-56-00-999728/model.pth
Model state saved to ./results/models/checkpoints/schrodinger/qho/2025-09-16_19-56-00-999728/model_weights.pth
It: 205, Loss: 1.656e-04, Loss_res: 1.223e-02,  Loss_bcs: 3.854e-05, Loss_ut_ics: 4.758e-04, lr: 1.000e-03, Time: 5.00e+02
Model state saved to ./results/models/checkpoints/schrodinger/qho/2025-09-16_19-56-00-999728/model.pth
Model state saved to ./results/models/checkpoints/schrodinger/qho/2025-09-16_19-56-00-999728/model_weights.pth
It: 206, Loss: 7.984e-04, Loss_res: 1.386e-02,  Loss_bcs: 2.655e-05, Loss_ut_ics: 6.333e-02, lr: 1.000e-03, Time: 5.02e+02
Model state saved to ./results/models/checkpoints/schrodinger/qho/2025-09-16_19-56-00-999728/model.pth
Model state saved to ./results/models/checkpoints/schrodinger/qho/2025-09-16_19-56-00-999728/model_weights.pth
It: 207, Loss: 2.629e-04, Loss_res: 1.685e-02,  Loss_bcs: 1.602e-05, Loss_ut_ics: 7.834e-03, lr: 1.000e-03, Time: 5.04e+02
Model state saved to ./results/models/checkpoints/schrodinger/qho/2025-09-16_19-56-00-999728/model.pth
Model state saved to ./results/models/checkpoints/schrodinger/qho/2025-09-16_19-56-00-999728/model_weights.pth
It: 208, Loss: 2.054e-04, Loss_res: 1.205e-02,  Loss_bcs: 1.671e-06, Loss_ut_ics: 8.323e-03, lr: 1.000e-03, Time: 5.06e+02
Model state saved to ./results/models/checkpoints/schrodinger/qho/2025-09-16_19-56-00-999728/model.pth
Model state saved to ./results/models/checkpoints/schrodinger/qho/2025-09-16_19-56-00-999728/model_weights.pth
It: 209, Loss: 2.923e-04, Loss_res: 1.736e-02,  Loss_bcs: 5.075e-06, Loss_ut_ics: 1.137e-02, lr: 1.000e-03, Time: 5.08e+02
Model state saved to ./results/models/checkpoints/schrodinger/qho/2025-09-16_19-56-00-999728/model.pth
Model state saved to ./results/models/checkpoints/schrodinger/qho/2025-09-16_19-56-00-999728/model_weights.pth
It: 210, Loss: 1.016e-03, Loss_res: 1.297e-02,  Loss_bcs: 8.525e-06, Loss_ut_ics: 8.782e-02, lr: 1.000e-03, Time: 5.10e+02
Model state saved to ./results/models/checkpoints/schrodinger/qho/2025-09-16_19-56-00-999728/model.pth
Model state saved to ./results/models/checkpoints/schrodinger/qho/2025-09-16_19-56-00-999728/model_weights.pth
It: 211, Loss: 4.872e-04, Loss_res: 1.534e-02,  Loss_bcs: 1.734e-05, Loss_ut_ics: 3.164e-02, lr: 1.000e-03, Time: 5.12e+02
Model state saved to ./results/models/checkpoints/schrodinger/qho/2025-09-16_19-56-00-999728/model.pth
Model state saved to ./results/models/checkpoints/schrodinger/qho/2025-09-16_19-56-00-999728/model_weights.pth
It: 212, Loss: 4.335e-04, Loss_res: 1.444e-02,  Loss_bcs: 2.123e-05, Loss_ut_ics: 2.679e-02, lr: 1.000e-03, Time: 5.14e+02
Model state saved to ./results/models/checkpoints/schrodinger/qho/2025-09-16_19-56-00-999728/model.pth
Model state saved to ./results/models/checkpoints/schrodinger/qho/2025-09-16_19-56-00-999728/model_weights.pth
It: 213, Loss: 8.681e-04, Loss_res: 1.045e-02,  Loss_bcs: 3.263e-05, Loss_ut_ics: 7.309e-02, lr: 1.000e-03, Time: 5.16e+02
Model state saved to ./results/models/checkpoints/schrodinger/qho/2025-09-16_19-56-00-999728/model.pth
Model state saved to ./results/models/checkpoints/schrodinger/qho/2025-09-16_19-56-00-999728/model_weights.pth
It: 214, Loss: 2.564e-04, Loss_res: 1.543e-02,  Loss_bcs: 1.310e-05, Loss_ut_ics: 8.904e-03, lr: 1.000e-03, Time: 5.18e+02
Model state saved to ./results/models/checkpoints/schrodinger/qho/2025-09-16_19-56-00-999728/model.pth
Model state saved to ./results/models/checkpoints/schrodinger/qho/2025-09-16_19-56-00-999728/model_weights.pth
It: 215, Loss: 1.516e-04, Loss_res: 1.345e-02,  Loss_bcs: 1.268e-06, Loss_ut_ics: 1.582e-03, lr: 1.000e-03, Time: 5.21e+02
Model state saved to ./results/models/checkpoints/schrodinger/qho/2025-09-16_19-56-00-999728/model.pth
Model state saved to ./results/models/checkpoints/schrodinger/qho/2025-09-16_19-56-00-999728/model_weights.pth
It: 216, Loss: 1.781e-04, Loss_res: 1.659e-02,  Loss_bcs: 9.479e-07, Loss_ut_ics: 1.128e-03, lr: 1.000e-03, Time: 5.23e+02
Model state saved to ./results/models/checkpoints/schrodinger/qho/2025-09-16_19-56-00-999728/model.pth
Model state saved to ./results/models/checkpoints/schrodinger/qho/2025-09-16_19-56-00-999728/model_weights.pth
It: 217, Loss: 7.297e-04, Loss_res: 1.469e-02,  Loss_bcs: 3.969e-06, Loss_ut_ics: 5.789e-02, lr: 1.000e-03, Time: 5.25e+02
Model state saved to ./results/models/checkpoints/schrodinger/qho/2025-09-16_19-56-00-999728/model.pth
Model state saved to ./results/models/checkpoints/schrodinger/qho/2025-09-16_19-56-00-999728/model_weights.pth
It: 218, Loss: 5.845e-04, Loss_res: 1.528e-02,  Loss_bcs: 1.385e-05, Loss_ut_ics: 4.179e-02, lr: 1.000e-03, Time: 5.27e+02
Model state saved to ./results/models/checkpoints/schrodinger/qho/2025-09-16_19-56-00-999728/model.pth
Model state saved to ./results/models/checkpoints/schrodinger/qho/2025-09-16_19-56-00-999728/model_weights.pth
It: 219, Loss: 7.552e-04, Loss_res: 1.432e-02,  Loss_bcs: 1.614e-05, Loss_ut_ics: 5.959e-02, lr: 1.000e-03, Time: 5.29e+02
Model state saved to ./results/models/checkpoints/schrodinger/qho/2025-09-16_19-56-00-999728/model.pth
Model state saved to ./results/models/checkpoints/schrodinger/qho/2025-09-16_19-56-00-999728/model_weights.pth
It: 220, Loss: 3.508e-04, Loss_res: 1.336e-02,  Loss_bcs: 1.763e-05, Loss_ut_ics: 1.996e-02, lr: 1.000e-03, Time: 5.31e+02
Model state saved to ./results/models/checkpoints/schrodinger/qho/2025-09-16_19-56-00-999728/model.pth
Model state saved to ./results/models/checkpoints/schrodinger/qho/2025-09-16_19-56-00-999728/model_weights.pth
It: 221, Loss: 9.831e-04, Loss_res: 1.536e-02,  Loss_bcs: 1.041e-05, Loss_ut_ics: 8.191e-02, lr: 1.000e-03, Time: 5.33e+02
Model state saved to ./results/models/checkpoints/schrodinger/qho/2025-09-16_19-56-00-999728/model.pth
Model state saved to ./results/models/checkpoints/schrodinger/qho/2025-09-16_19-56-00-999728/model_weights.pth
It: 222, Loss: 1.763e-04, Loss_res: 1.585e-02,  Loss_bcs: 5.696e-06, Loss_ut_ics: 1.208e-03, lr: 1.000e-03, Time: 5.35e+02
Model state saved to ./results/models/checkpoints/schrodinger/qho/2025-09-16_19-56-00-999728/model.pth
Model state saved to ./results/models/checkpoints/schrodinger/qho/2025-09-16_19-56-00-999728/model_weights.pth
It: 223, Loss: 5.084e-04, Loss_res: 1.183e-02,  Loss_bcs: 1.441e-06, Loss_ut_ics: 3.887e-02, lr: 1.000e-03, Time: 5.37e+02
Model state saved to ./results/models/checkpoints/schrodinger/qho/2025-09-16_19-56-00-999728/model.pth
Model state saved to ./results/models/checkpoints/schrodinger/qho/2025-09-16_19-56-00-999728/model_weights.pth
It: 224, Loss: 8.177e-04, Loss_res: 1.585e-02,  Loss_bcs: 4.686e-06, Loss_ut_ics: 6.545e-02, lr: 1.000e-03, Time: 5.39e+02
Model state saved to ./results/models/checkpoints/schrodinger/qho/2025-09-16_19-56-00-999728/model.pth
Model state saved to ./results/models/checkpoints/schrodinger/qho/2025-09-16_19-56-00-999728/model_weights.pth
It: 225, Loss: 1.618e-03, Loss_res: 1.582e-02,  Loss_bcs: 1.319e-05, Loss_ut_ics: 1.447e-01, lr: 1.000e-03, Time: 5.41e+02
Model state saved to ./results/models/checkpoints/schrodinger/qho/2025-09-16_19-56-00-999728/model.pth
Model state saved to ./results/models/checkpoints/schrodinger/qho/2025-09-16_19-56-00-999728/model_weights.pth
It: 226, Loss: 1.825e-04, Loss_res: 1.048e-02,  Loss_bcs: 1.126e-05, Loss_ut_ics: 6.646e-03, lr: 1.000e-03, Time: 5.43e+02
Model state saved to ./results/models/checkpoints/schrodinger/qho/2025-09-16_19-56-00-999728/model.pth
Model state saved to ./results/models/checkpoints/schrodinger/qho/2025-09-16_19-56-00-999728/model_weights.pth
It: 227, Loss: 8.362e-04, Loss_res: 9.669e-03,  Loss_bcs: 1.136e-05, Loss_ut_ics: 7.281e-02, lr: 1.000e-03, Time: 5.45e+02
Model state saved to ./results/models/checkpoints/schrodinger/qho/2025-09-16_19-56-00-999728/model.pth
Model state saved to ./results/models/checkpoints/schrodinger/qho/2025-09-16_19-56-00-999728/model_weights.pth
It: 228, Loss: 2.904e-04, Loss_res: 1.240e-02,  Loss_bcs: 8.566e-06, Loss_ut_ics: 1.578e-02, lr: 1.000e-03, Time: 5.48e+02
Model state saved to ./results/models/checkpoints/schrodinger/qho/2025-09-16_19-56-00-999728/model.pth
Model state saved to ./results/models/checkpoints/schrodinger/qho/2025-09-16_19-56-00-999728/model_weights.pth
It: 229, Loss: 6.839e-04, Loss_res: 1.575e-02,  Loss_bcs: 1.737e-05, Loss_ut_ics: 5.090e-02, lr: 1.000e-03, Time: 5.50e+02
Model state saved to ./results/models/checkpoints/schrodinger/qho/2025-09-16_19-56-00-999728/model.pth
Model state saved to ./results/models/checkpoints/schrodinger/qho/2025-09-16_19-56-00-999728/model_weights.pth
It: 230, Loss: 5.768e-04, Loss_res: 1.275e-02,  Loss_bcs: 2.740e-05, Loss_ut_ics: 4.219e-02, lr: 1.000e-03, Time: 5.52e+02
Model state saved to ./results/models/checkpoints/schrodinger/qho/2025-09-16_19-56-00-999728/model.pth
Model state saved to ./results/models/checkpoints/schrodinger/qho/2025-09-16_19-56-00-999728/model_weights.pth
It: 231, Loss: 3.777e-04, Loss_res: 1.790e-02,  Loss_bcs: 1.990e-05, Loss_ut_ics: 1.788e-02, lr: 1.000e-03, Time: 5.54e+02
Model state saved to ./results/models/checkpoints/schrodinger/qho/2025-09-16_19-56-00-999728/model.pth
Model state saved to ./results/models/checkpoints/schrodinger/qho/2025-09-16_19-56-00-999728/model_weights.pth
It: 232, Loss: 1.929e-04, Loss_res: 1.773e-02,  Loss_bcs: 9.323e-06, Loss_ut_ics: 6.225e-04, lr: 1.000e-03, Time: 5.56e+02
Model state saved to ./results/models/checkpoints/schrodinger/qho/2025-09-16_19-56-00-999728/model.pth
Model state saved to ./results/models/checkpoints/schrodinger/qho/2025-09-16_19-56-00-999728/model_weights.pth
It: 233, Loss: 9.223e-04, Loss_res: 1.477e-02,  Loss_bcs: 1.175e-05, Loss_ut_ics: 7.629e-02, lr: 1.000e-03, Time: 5.58e+02
Model state saved to ./results/models/checkpoints/schrodinger/qho/2025-09-16_19-56-00-999728/model.pth
Model state saved to ./results/models/checkpoints/schrodinger/qho/2025-09-16_19-56-00-999728/model_weights.pth
It: 234, Loss: 4.832e-04, Loss_res: 1.209e-02,  Loss_bcs: 1.001e-05, Loss_ut_ics: 3.523e-02, lr: 1.000e-03, Time: 5.60e+02
Model state saved to ./results/models/checkpoints/schrodinger/qho/2025-09-16_19-56-00-999728/model.pth
Model state saved to ./results/models/checkpoints/schrodinger/qho/2025-09-16_19-56-00-999728/model_weights.pth
It: 235, Loss: 6.265e-04, Loss_res: 1.248e-02,  Loss_bcs: 1.947e-05, Loss_ut_ics: 4.822e-02, lr: 1.000e-03, Time: 5.62e+02
Model state saved to ./results/models/checkpoints/schrodinger/qho/2025-09-16_19-56-00-999728/model.pth
Model state saved to ./results/models/checkpoints/schrodinger/qho/2025-09-16_19-56-00-999728/model_weights.pth
It: 236, Loss: 7.383e-04, Loss_res: 1.157e-02,  Loss_bcs: 1.584e-05, Loss_ut_ics: 6.067e-02, lr: 1.000e-03, Time: 5.64e+02
Model state saved to ./results/models/checkpoints/schrodinger/qho/2025-09-16_19-56-00-999728/model.pth
Model state saved to ./results/models/checkpoints/schrodinger/qho/2025-09-16_19-56-00-999728/model_weights.pth
It: 237, Loss: 1.388e-04, Loss_res: 1.229e-02,  Loss_bcs: 1.146e-05, Loss_ut_ics: 4.483e-04, lr: 1.000e-03, Time: 5.66e+02
Model state saved to ./results/models/checkpoints/schrodinger/qho/2025-09-16_19-56-00-999728/model.pth
Model state saved to ./results/models/checkpoints/schrodinger/qho/2025-09-16_19-56-00-999728/model_weights.pth
It: 238, Loss: 7.912e-04, Loss_res: 1.424e-02,  Loss_bcs: 7.226e-06, Loss_ut_ics: 6.416e-02, lr: 1.000e-03, Time: 5.69e+02
Model state saved to ./results/models/checkpoints/schrodinger/qho/2025-09-16_19-56-00-999728/model.pth
Model state saved to ./results/models/checkpoints/schrodinger/qho/2025-09-16_19-56-00-999728/model_weights.pth
It: 239, Loss: 1.687e-04, Loss_res: 1.274e-02,  Loss_bcs: 3.758e-06, Loss_ut_ics: 3.750e-03, lr: 1.000e-03, Time: 5.72e+02
Model state saved to ./results/models/checkpoints/schrodinger/qho/2025-09-16_19-56-00-999728/model.pth
Model state saved to ./results/models/checkpoints/schrodinger/qho/2025-09-16_19-56-00-999728/model_weights.pth
It: 240, Loss: 1.821e-04, Loss_res: 1.454e-02,  Loss_bcs: 1.588e-05, Loss_ut_ics: 2.080e-03, lr: 1.000e-03, Time: 5.74e+02
Model state saved to ./results/models/checkpoints/schrodinger/qho/2025-09-16_19-56-00-999728/model.pth
Model state saved to ./results/models/checkpoints/schrodinger/qho/2025-09-16_19-56-00-999728/model_weights.pth
It: 241, Loss: 5.925e-04, Loss_res: 1.495e-02,  Loss_bcs: 1.258e-05, Loss_ut_ics: 4.304e-02, lr: 1.000e-03, Time: 5.76e+02
Model state saved to ./results/models/checkpoints/schrodinger/qho/2025-09-16_19-56-00-999728/model.pth
Model state saved to ./results/models/checkpoints/schrodinger/qho/2025-09-16_19-56-00-999728/model_weights.pth
It: 242, Loss: 8.477e-04, Loss_res: 8.247e-03,  Loss_bcs: 1.325e-05, Loss_ut_ics: 7.520e-02, lr: 1.000e-03, Time: 5.78e+02
Model state saved to ./results/models/checkpoints/schrodinger/qho/2025-09-16_19-56-00-999728/model.pth
Model state saved to ./results/models/checkpoints/schrodinger/qho/2025-09-16_19-56-00-999728/model_weights.pth
It: 243, Loss: 5.994e-04, Loss_res: 1.201e-02,  Loss_bcs: 5.096e-06, Loss_ut_ics: 4.743e-02, lr: 1.000e-03, Time: 5.80e+02
Model state saved to ./results/models/checkpoints/schrodinger/qho/2025-09-16_19-56-00-999728/model.pth
Model state saved to ./results/models/checkpoints/schrodinger/qho/2025-09-16_19-56-00-999728/model_weights.pth
It: 244, Loss: 5.815e-04, Loss_res: 1.630e-02,  Loss_bcs: 1.289e-05, Loss_ut_ics: 4.057e-02, lr: 1.000e-03, Time: 5.82e+02
Model state saved to ./results/models/checkpoints/schrodinger/qho/2025-09-16_19-56-00-999728/model.pth
Model state saved to ./results/models/checkpoints/schrodinger/qho/2025-09-16_19-56-00-999728/model_weights.pth
It: 245, Loss: 6.065e-04, Loss_res: 1.422e-02,  Loss_bcs: 8.207e-06, Loss_ut_ics: 4.560e-02, lr: 1.000e-03, Time: 5.84e+02
Model state saved to ./results/models/checkpoints/schrodinger/qho/2025-09-16_19-56-00-999728/model.pth
Model state saved to ./results/models/checkpoints/schrodinger/qho/2025-09-16_19-56-00-999728/model_weights.pth
It: 246, Loss: 1.651e-04, Loss_res: 1.324e-02,  Loss_bcs: 8.214e-06, Loss_ut_ics: 2.451e-03, lr: 1.000e-03, Time: 5.86e+02
Model state saved to ./results/models/checkpoints/schrodinger/qho/2025-09-16_19-56-00-999728/model.pth
Model state saved to ./results/models/checkpoints/schrodinger/qho/2025-09-16_19-56-00-999728/model_weights.pth
It: 247, Loss: 3.977e-04, Loss_res: 1.214e-02,  Loss_bcs: 2.850e-05, Loss_ut_ics: 2.478e-02, lr: 1.000e-03, Time: 5.88e+02
Model state saved to ./results/models/checkpoints/schrodinger/qho/2025-09-16_19-56-00-999728/model.pth
Model state saved to ./results/models/checkpoints/schrodinger/qho/2025-09-16_19-56-00-999728/model_weights.pth
It: 248, Loss: 1.052e-03, Loss_res: 1.197e-02,  Loss_bcs: 2.894e-05, Loss_ut_ics: 9.030e-02, lr: 1.000e-03, Time: 5.90e+02
Model state saved to ./results/models/checkpoints/schrodinger/qho/2025-09-16_19-56-00-999728/model.pth
Model state saved to ./results/models/checkpoints/schrodinger/qho/2025-09-16_19-56-00-999728/model_weights.pth
It: 249, Loss: 1.884e-04, Loss_res: 1.766e-02,  Loss_bcs: 3.096e-06, Loss_ut_ics: 8.741e-04, lr: 1.000e-03, Time: 5.93e+02
Model state saved to ./results/models/checkpoints/schrodinger/qho/2025-09-16_19-56-00-999728/model.pth
Model state saved to ./results/models/checkpoints/schrodinger/qho/2025-09-16_19-56-00-999728/model_weights.pth
It: 250, Loss: 5.653e-04, Loss_res: 1.555e-02,  Loss_bcs: 2.516e-06, Loss_ut_ics: 4.072e-02, lr: 1.000e-03, Time: 5.95e+02
Model state saved to ./results/models/checkpoints/schrodinger/qho/2025-09-16_19-56-00-999728/model.pth
Model state saved to ./results/models/checkpoints/schrodinger/qho/2025-09-16_19-56-00-999728/model_weights.pth
It: 251, Loss: 1.668e-04, Loss_res: 1.391e-02,  Loss_bcs: 3.491e-06, Loss_ut_ics: 2.414e-03, lr: 1.000e-03, Time: 5.97e+02
Model state saved to ./results/models/checkpoints/schrodinger/qho/2025-09-16_19-56-00-999728/model.pth
Model state saved to ./results/models/checkpoints/schrodinger/qho/2025-09-16_19-56-00-999728/model_weights.pth
It: 252, Loss: 9.286e-04, Loss_res: 1.823e-02,  Loss_bcs: 7.858e-06, Loss_ut_ics: 7.385e-02, lr: 1.000e-03, Time: 5.99e+02
Model state saved to ./results/models/checkpoints/schrodinger/qho/2025-09-16_19-56-00-999728/model.pth
Model state saved to ./results/models/checkpoints/schrodinger/qho/2025-09-16_19-56-00-999728/model_weights.pth
It: 253, Loss: 1.854e-04, Loss_res: 1.325e-02,  Loss_bcs: 2.246e-05, Loss_ut_ics: 3.042e-03, lr: 1.000e-03, Time: 6.01e+02
Model state saved to ./results/models/checkpoints/schrodinger/qho/2025-09-16_19-56-00-999728/model.pth
Model state saved to ./results/models/checkpoints/schrodinger/qho/2025-09-16_19-56-00-999728/model_weights.pth
It: 254, Loss: 1.653e-04, Loss_res: 1.108e-02,  Loss_bcs: 1.970e-05, Loss_ut_ics: 3.478e-03, lr: 1.000e-03, Time: 6.03e+02
Model state saved to ./results/models/checkpoints/schrodinger/qho/2025-09-16_19-56-00-999728/model.pth
Model state saved to ./results/models/checkpoints/schrodinger/qho/2025-09-16_19-56-00-999728/model_weights.pth
It: 255, Loss: 9.356e-04, Loss_res: 1.087e-02,  Loss_bcs: 1.754e-05, Loss_ut_ics: 8.094e-02, lr: 1.000e-03, Time: 6.05e+02
Model state saved to ./results/models/checkpoints/schrodinger/qho/2025-09-16_19-56-00-999728/model.pth
Model state saved to ./results/models/checkpoints/schrodinger/qho/2025-09-16_19-56-00-999728/model_weights.pth
It: 256, Loss: 3.630e-04, Loss_res: 1.110e-02,  Loss_bcs: 4.039e-06, Loss_ut_ics: 2.480e-02, lr: 1.000e-03, Time: 6.07e+02
Model state saved to ./results/models/checkpoints/schrodinger/qho/2025-09-16_19-56-00-999728/model.pth
Model state saved to ./results/models/checkpoints/schrodinger/qho/2025-09-16_19-56-00-999728/model_weights.pth
It: 257, Loss: 1.922e-04, Loss_res: 1.446e-02,  Loss_bcs: 5.999e-06, Loss_ut_ics: 4.157e-03, lr: 1.000e-03, Time: 6.09e+02
Model state saved to ./results/models/checkpoints/schrodinger/qho/2025-09-16_19-56-00-999728/model.pth
Model state saved to ./results/models/checkpoints/schrodinger/qho/2025-09-16_19-56-00-999728/model_weights.pth
It: 258, Loss: 2.579e-04, Loss_res: 1.434e-02,  Loss_bcs: 1.006e-05, Loss_ut_ics: 1.044e-02, lr: 1.000e-03, Time: 6.11e+02
Model state saved to ./results/models/checkpoints/schrodinger/qho/2025-09-16_19-56-00-999728/model.pth
Model state saved to ./results/models/checkpoints/schrodinger/qho/2025-09-16_19-56-00-999728/model_weights.pth
It: 259, Loss: 2.291e-04, Loss_res: 1.436e-02,  Loss_bcs: 1.978e-05, Loss_ut_ics: 6.574e-03, lr: 1.000e-03, Time: 6.13e+02
Model state saved to ./results/models/checkpoints/schrodinger/qho/2025-09-16_19-56-00-999728/model.pth
Model state saved to ./results/models/checkpoints/schrodinger/qho/2025-09-16_19-56-00-999728/model_weights.pth
It: 260, Loss: 5.554e-04, Loss_res: 1.373e-02,  Loss_bcs: 3.055e-05, Loss_ut_ics: 3.876e-02, lr: 1.000e-03, Time: 6.15e+02
Model state saved to ./results/models/checkpoints/schrodinger/qho/2025-09-16_19-56-00-999728/model.pth
Model state saved to ./results/models/checkpoints/schrodinger/qho/2025-09-16_19-56-00-999728/model_weights.pth
It: 261, Loss: 2.157e-04, Loss_res: 1.163e-02,  Loss_bcs: 4.207e-05, Loss_ut_ics: 5.734e-03, lr: 1.000e-03, Time: 6.17e+02
Model state saved to ./results/models/checkpoints/schrodinger/qho/2025-09-16_19-56-00-999728/model.pth
Model state saved to ./results/models/checkpoints/schrodinger/qho/2025-09-16_19-56-00-999728/model_weights.pth
It: 262, Loss: 2.299e-04, Loss_res: 1.288e-02,  Loss_bcs: 1.615e-05, Loss_ut_ics: 8.496e-03, lr: 1.000e-03, Time: 6.19e+02
Model state saved to ./results/models/checkpoints/schrodinger/qho/2025-09-16_19-56-00-999728/model.pth
Model state saved to ./results/models/checkpoints/schrodinger/qho/2025-09-16_19-56-00-999728/model_weights.pth
It: 263, Loss: 5.488e-04, Loss_res: 1.032e-02,  Loss_bcs: 1.169e-05, Loss_ut_ics: 4.339e-02, lr: 1.000e-03, Time: 6.22e+02
Model state saved to ./results/models/checkpoints/schrodinger/qho/2025-09-16_19-56-00-999728/model.pth
Model state saved to ./results/models/checkpoints/schrodinger/qho/2025-09-16_19-56-00-999728/model_weights.pth
It: 264, Loss: 1.365e-04, Loss_res: 1.230e-02,  Loss_bcs: 3.931e-06, Loss_ut_ics: 9.629e-04, lr: 1.000e-03, Time: 6.24e+02
Model state saved to ./results/models/checkpoints/schrodinger/qho/2025-09-16_19-56-00-999728/model.pth
Model state saved to ./results/models/checkpoints/schrodinger/qho/2025-09-16_19-56-00-999728/model_weights.pth
It: 265, Loss: 1.155e-03, Loss_res: 1.228e-02,  Loss_bcs: 7.008e-06, Loss_ut_ics: 1.025e-01, lr: 1.000e-03, Time: 6.26e+02
Model state saved to ./results/models/checkpoints/schrodinger/qho/2025-09-16_19-56-00-999728/model.pth
Model state saved to ./results/models/checkpoints/schrodinger/qho/2025-09-16_19-56-00-999728/model_weights.pth
It: 266, Loss: 8.805e-04, Loss_res: 9.041e-03,  Loss_bcs: 6.059e-06, Loss_ut_ics: 7.840e-02, lr: 1.000e-03, Time: 6.28e+02
Model state saved to ./results/models/checkpoints/schrodinger/qho/2025-09-16_19-56-00-999728/model.pth
Model state saved to ./results/models/checkpoints/schrodinger/qho/2025-09-16_19-56-00-999728/model_weights.pth
It: 267, Loss: 1.811e-04, Loss_res: 1.398e-02,  Loss_bcs: 6.131e-06, Loss_ut_ics: 3.510e-03, lr: 1.000e-03, Time: 6.30e+02
Model state saved to ./results/models/checkpoints/schrodinger/qho/2025-09-16_19-56-00-999728/model.pth
Model state saved to ./results/models/checkpoints/schrodinger/qho/2025-09-16_19-56-00-999728/model_weights.pth
It: 268, Loss: 3.700e-04, Loss_res: 1.072e-02,  Loss_bcs: 1.380e-05, Loss_ut_ics: 2.489e-02, lr: 1.000e-03, Time: 6.32e+02
Model state saved to ./results/models/checkpoints/schrodinger/qho/2025-09-16_19-56-00-999728/model.pth
Model state saved to ./results/models/checkpoints/schrodinger/qho/2025-09-16_19-56-00-999728/model_weights.pth
It: 269, Loss: 5.673e-04, Loss_res: 6.378e-03,  Loss_bcs: 1.837e-05, Loss_ut_ics: 4.851e-02, lr: 1.000e-03, Time: 6.34e+02
Model state saved to ./results/models/checkpoints/schrodinger/qho/2025-09-16_19-56-00-999728/model.pth
Model state saved to ./results/models/checkpoints/schrodinger/qho/2025-09-16_19-56-00-999728/model_weights.pth
It: 270, Loss: 4.791e-04, Loss_res: 1.071e-02,  Loss_bcs: 1.019e-05, Loss_ut_ics: 3.618e-02, lr: 1.000e-03, Time: 6.36e+02
Model state saved to ./results/models/checkpoints/schrodinger/qho/2025-09-16_19-56-00-999728/model.pth
Model state saved to ./results/models/checkpoints/schrodinger/qho/2025-09-16_19-56-00-999728/model_weights.pth
It: 271, Loss: 7.605e-04, Loss_res: 1.045e-02,  Loss_bcs: 9.736e-06, Loss_ut_ics: 6.463e-02, lr: 1.000e-03, Time: 6.38e+02
Model state saved to ./results/models/checkpoints/schrodinger/qho/2025-09-16_19-56-00-999728/model.pth
Model state saved to ./results/models/checkpoints/schrodinger/qho/2025-09-16_19-56-00-999728/model_weights.pth
It: 272, Loss: 1.476e-04, Loss_res: 1.278e-02,  Loss_bcs: 9.082e-06, Loss_ut_ics: 1.071e-03, lr: 1.000e-03, Time: 6.41e+02
Model state saved to ./results/models/checkpoints/schrodinger/qho/2025-09-16_19-56-00-999728/model.pth
Model state saved to ./results/models/checkpoints/schrodinger/qho/2025-09-16_19-56-00-999728/model_weights.pth
It: 273, Loss: 2.718e-04, Loss_res: 1.363e-02,  Loss_bcs: 5.198e-06, Loss_ut_ics: 1.304e-02, lr: 1.000e-03, Time: 6.43e+02
Model state saved to ./results/models/checkpoints/schrodinger/qho/2025-09-16_19-56-00-999728/model.pth
Model state saved to ./results/models/checkpoints/schrodinger/qho/2025-09-16_19-56-00-999728/model_weights.pth
It: 274, Loss: 2.135e-04, Loss_res: 1.791e-02,  Loss_bcs: 7.400e-06, Loss_ut_ics: 2.704e-03, lr: 1.000e-03, Time: 6.45e+02
Model state saved to ./results/models/checkpoints/schrodinger/qho/2025-09-16_19-56-00-999728/model.pth
Model state saved to ./results/models/checkpoints/schrodinger/qho/2025-09-16_19-56-00-999728/model_weights.pth
It: 275, Loss: 1.170e-04, Loss_res: 8.291e-03,  Loss_bcs: 3.032e-05, Loss_ut_ics: 3.749e-04, lr: 1.000e-03, Time: 6.48e+02
Model state saved to ./results/models/checkpoints/schrodinger/qho/2025-09-16_19-56-00-999728/model.pth
Model state saved to ./results/models/checkpoints/schrodinger/qho/2025-09-16_19-56-00-999728/model_weights.pth
It: 276, Loss: 5.176e-04, Loss_res: 1.417e-02,  Loss_bcs: 3.525e-05, Loss_ut_ics: 3.406e-02, lr: 1.000e-03, Time: 6.50e+02
Model state saved to ./results/models/checkpoints/schrodinger/qho/2025-09-16_19-56-00-999728/model.pth
Model state saved to ./results/models/checkpoints/schrodinger/qho/2025-09-16_19-56-00-999728/model_weights.pth
It: 277, Loss: 2.763e-04, Loss_res: 9.709e-03,  Loss_bcs: 1.695e-05, Loss_ut_ics: 1.623e-02, lr: 1.000e-03, Time: 6.52e+02
Model state saved to ./results/models/checkpoints/schrodinger/qho/2025-09-16_19-56-00-999728/model.pth
Model state saved to ./results/models/checkpoints/schrodinger/qho/2025-09-16_19-56-00-999728/model_weights.pth
It: 278, Loss: 2.006e-04, Loss_res: 1.360e-02,  Loss_bcs: 8.102e-06, Loss_ut_ics: 5.644e-03, lr: 1.000e-03, Time: 6.54e+02
Model state saved to ./results/models/checkpoints/schrodinger/qho/2025-09-16_19-56-00-999728/model.pth
Model state saved to ./results/models/checkpoints/schrodinger/qho/2025-09-16_19-56-00-999728/model_weights.pth
It: 279, Loss: 7.063e-04, Loss_res: 1.314e-02,  Loss_bcs: 7.423e-06, Loss_ut_ics: 5.675e-02, lr: 1.000e-03, Time: 6.56e+02
Model state saved to ./results/models/checkpoints/schrodinger/qho/2025-09-16_19-56-00-999728/model.pth
Model state saved to ./results/models/checkpoints/schrodinger/qho/2025-09-16_19-56-00-999728/model_weights.pth
It: 280, Loss: 7.849e-04, Loss_res: 1.010e-02,  Loss_bcs: 1.802e-06, Loss_ut_ics: 6.821e-02, lr: 1.000e-03, Time: 6.58e+02
Model state saved to ./results/models/checkpoints/schrodinger/qho/2025-09-16_19-56-00-999728/model.pth
Model state saved to ./results/models/checkpoints/schrodinger/qho/2025-09-16_19-56-00-999728/model_weights.pth
It: 281, Loss: 2.818e-04, Loss_res: 1.039e-02,  Loss_bcs: 4.807e-06, Loss_ut_ics: 1.731e-02, lr: 1.000e-03, Time: 6.60e+02
Model state saved to ./results/models/checkpoints/schrodinger/qho/2025-09-16_19-56-00-999728/model.pth
Model state saved to ./results/models/checkpoints/schrodinger/qho/2025-09-16_19-56-00-999728/model_weights.pth
It: 282, Loss: 7.282e-04, Loss_res: 1.349e-02,  Loss_bcs: 1.726e-05, Loss_ut_ics: 5.761e-02, lr: 1.000e-03, Time: 6.62e+02
Model state saved to ./results/models/checkpoints/schrodinger/qho/2025-09-16_19-56-00-999728/model.pth
Model state saved to ./results/models/checkpoints/schrodinger/qho/2025-09-16_19-56-00-999728/model_weights.pth
It: 283, Loss: 1.543e-04, Loss_res: 1.290e-02,  Loss_bcs: 1.825e-05, Loss_ut_ics: 7.132e-04, lr: 1.000e-03, Time: 6.64e+02
Model state saved to ./results/models/checkpoints/schrodinger/qho/2025-09-16_19-56-00-999728/model.pth
Model state saved to ./results/models/checkpoints/schrodinger/qho/2025-09-16_19-56-00-999728/model_weights.pth
It: 284, Loss: 9.425e-04, Loss_res: 9.447e-03,  Loss_bcs: 1.876e-05, Loss_ut_ics: 8.293e-02, lr: 1.000e-03, Time: 6.67e+02
Model state saved to ./results/models/checkpoints/schrodinger/qho/2025-09-16_19-56-00-999728/model.pth
Model state saved to ./results/models/checkpoints/schrodinger/qho/2025-09-16_19-56-00-999728/model_weights.pth
It: 285, Loss: 4.374e-04, Loss_res: 9.449e-03,  Loss_bcs: 6.763e-06, Loss_ut_ics: 3.361e-02, lr: 1.000e-03, Time: 6.69e+02
Model state saved to ./results/models/checkpoints/schrodinger/qho/2025-09-16_19-56-00-999728/model.pth
Model state saved to ./results/models/checkpoints/schrodinger/qho/2025-09-16_19-56-00-999728/model_weights.pth
It: 286, Loss: 5.396e-04, Loss_res: 1.193e-02,  Loss_bcs: 3.053e-06, Loss_ut_ics: 4.173e-02, lr: 1.000e-03, Time: 6.71e+02
Model state saved to ./results/models/checkpoints/schrodinger/qho/2025-09-16_19-56-00-999728/model.pth
Model state saved to ./results/models/checkpoints/schrodinger/qho/2025-09-16_19-56-00-999728/model_weights.pth
It: 287, Loss: 1.495e-04, Loss_res: 1.296e-02,  Loss_bcs: 2.332e-06, Loss_ut_ics: 1.757e-03, lr: 1.000e-03, Time: 6.73e+02
Model state saved to ./results/models/checkpoints/schrodinger/qho/2025-09-16_19-56-00-999728/model.pth
Model state saved to ./results/models/checkpoints/schrodinger/qho/2025-09-16_19-56-00-999728/model_weights.pth
It: 288, Loss: 4.307e-04, Loss_res: 9.097e-03,  Loss_bcs: 7.789e-06, Loss_ut_ics: 3.319e-02, lr: 1.000e-03, Time: 6.75e+02
Model state saved to ./results/models/checkpoints/schrodinger/qho/2025-09-16_19-56-00-999728/model.pth
Model state saved to ./results/models/checkpoints/schrodinger/qho/2025-09-16_19-56-00-999728/model_weights.pth
It: 289, Loss: 3.543e-04, Loss_res: 1.057e-02,  Loss_bcs: 2.226e-05, Loss_ut_ics: 2.264e-02, lr: 1.000e-03, Time: 6.77e+02
Model state saved to ./results/models/checkpoints/schrodinger/qho/2025-09-16_19-56-00-999728/model.pth
Model state saved to ./results/models/checkpoints/schrodinger/qho/2025-09-16_19-56-00-999728/model_weights.pth
It: 290, Loss: 3.842e-04, Loss_res: 1.123e-02,  Loss_bcs: 2.319e-05, Loss_ut_ics: 2.487e-02, lr: 1.000e-03, Time: 6.79e+02
Model state saved to ./results/models/checkpoints/schrodinger/qho/2025-09-16_19-56-00-999728/model.pth
Model state saved to ./results/models/checkpoints/schrodinger/qho/2025-09-16_19-56-00-999728/model_weights.pth
It: 291, Loss: 1.990e-04, Loss_res: 1.176e-02,  Loss_bcs: 8.654e-06, Loss_ut_ics: 7.276e-03, lr: 1.000e-03, Time: 6.81e+02
Model state saved to ./results/models/checkpoints/schrodinger/qho/2025-09-16_19-56-00-999728/model.pth
Model state saved to ./results/models/checkpoints/schrodinger/qho/2025-09-16_19-56-00-999728/model_weights.pth
It: 292, Loss: 1.287e-04, Loss_res: 9.453e-03,  Loss_bcs: 5.118e-06, Loss_ut_ics: 2.908e-03, lr: 1.000e-03, Time: 6.83e+02
Model state saved to ./results/models/checkpoints/schrodinger/qho/2025-09-16_19-56-00-999728/model.pth
Model state saved to ./results/models/checkpoints/schrodinger/qho/2025-09-16_19-56-00-999728/model_weights.pth
It: 293, Loss: 2.402e-04, Loss_res: 1.086e-02,  Loss_bcs: 1.729e-05, Loss_ut_ics: 1.143e-02, lr: 1.000e-03, Time: 6.85e+02
Model state saved to ./results/models/checkpoints/schrodinger/qho/2025-09-16_19-56-00-999728/model.pth
Model state saved to ./results/models/checkpoints/schrodinger/qho/2025-09-16_19-56-00-999728/model_weights.pth
It: 294, Loss: 4.553e-04, Loss_res: 1.313e-02,  Loss_bcs: 7.039e-06, Loss_ut_ics: 3.169e-02, lr: 1.000e-03, Time: 6.87e+02
Model state saved to ./results/models/checkpoints/schrodinger/qho/2025-09-16_19-56-00-999728/model.pth
Model state saved to ./results/models/checkpoints/schrodinger/qho/2025-09-16_19-56-00-999728/model_weights.pth
It: 295, Loss: 1.544e-04, Loss_res: 1.056e-02,  Loss_bcs: 1.687e-05, Loss_ut_ics: 3.187e-03, lr: 1.000e-03, Time: 6.89e+02
Model state saved to ./results/models/checkpoints/schrodinger/qho/2025-09-16_19-56-00-999728/model.pth
Model state saved to ./results/models/checkpoints/schrodinger/qho/2025-09-16_19-56-00-999728/model_weights.pth
It: 296, Loss: 3.877e-04, Loss_res: 9.345e-03,  Loss_bcs: 1.931e-05, Loss_ut_ics: 2.750e-02, lr: 1.000e-03, Time: 6.92e+02
Model state saved to ./results/models/checkpoints/schrodinger/qho/2025-09-16_19-56-00-999728/model.pth
Model state saved to ./results/models/checkpoints/schrodinger/qho/2025-09-16_19-56-00-999728/model_weights.pth
It: 297, Loss: 3.035e-04, Loss_res: 9.606e-03,  Loss_bcs: 1.346e-05, Loss_ut_ics: 1.939e-02, lr: 1.000e-03, Time: 6.94e+02
Model state saved to ./results/models/checkpoints/schrodinger/qho/2025-09-16_19-56-00-999728/model.pth
Model state saved to ./results/models/checkpoints/schrodinger/qho/2025-09-16_19-56-00-999728/model_weights.pth
It: 298, Loss: 1.998e-04, Loss_res: 7.977e-03,  Loss_bcs: 3.106e-06, Loss_ut_ics: 1.169e-02, lr: 1.000e-03, Time: 6.96e+02
Model state saved to ./results/models/checkpoints/schrodinger/qho/2025-09-16_19-56-00-999728/model.pth
Model state saved to ./results/models/checkpoints/schrodinger/qho/2025-09-16_19-56-00-999728/model_weights.pth
It: 299, Loss: 1.679e-04, Loss_res: 1.506e-02,  Loss_bcs: 5.599e-06, Loss_ut_ics: 1.177e-03, lr: 1.000e-03, Time: 6.98e+02
Model state saved to ./results/models/checkpoints/schrodinger/qho/2025-09-16_19-56-00-999728/model.pth
Model state saved to ./results/models/checkpoints/schrodinger/qho/2025-09-16_19-56-00-999728/model_weights.pth
It: 300, Loss: 5.007e-04, Loss_res: 1.720e-02,  Loss_bcs: 6.747e-06, Loss_ut_ics: 3.220e-02, lr: 1.000e-03, Time: 7.00e+02
Model state saved to ./results/models/checkpoints/schrodinger/qho/2025-09-16_19-56-00-999728/model.pth
Model state saved to ./results/models/checkpoints/schrodinger/qho/2025-09-16_19-56-00-999728/model_weights.pth
It: 301, Loss: 6.647e-04, Loss_res: 9.412e-03,  Loss_bcs: 1.056e-06, Loss_ut_ics: 5.695e-02, lr: 1.000e-03, Time: 7.02e+02
Model state saved to ./results/models/checkpoints/schrodinger/qho/2025-09-16_19-56-00-999728/model.pth
Model state saved to ./results/models/checkpoints/schrodinger/qho/2025-09-16_19-56-00-999728/model_weights.pth
It: 302, Loss: 3.782e-04, Loss_res: 1.149e-02,  Loss_bcs: 1.048e-05, Loss_ut_ics: 2.528e-02, lr: 1.000e-03, Time: 7.04e+02
Model state saved to ./results/models/checkpoints/schrodinger/qho/2025-09-16_19-56-00-999728/model.pth
Model state saved to ./results/models/checkpoints/schrodinger/qho/2025-09-16_19-56-00-999728/model_weights.pth
It: 303, Loss: 3.906e-04, Loss_res: 5.386e-03,  Loss_bcs: 2.211e-05, Loss_ut_ics: 3.146e-02, lr: 1.000e-03, Time: 7.06e+02
Model state saved to ./results/models/checkpoints/schrodinger/qho/2025-09-16_19-56-00-999728/model.pth
Model state saved to ./results/models/checkpoints/schrodinger/qho/2025-09-16_19-56-00-999728/model_weights.pth
It: 304, Loss: 1.168e-04, Loss_res: 1.024e-02,  Loss_bcs: 5.495e-06, Loss_ut_ics: 8.924e-04, lr: 1.000e-03, Time: 7.08e+02
Model state saved to ./results/models/checkpoints/schrodinger/qho/2025-09-16_19-56-00-999728/model.pth
Model state saved to ./results/models/checkpoints/schrodinger/qho/2025-09-16_19-56-00-999728/model_weights.pth
It: 305, Loss: 3.304e-04, Loss_res: 1.305e-02,  Loss_bcs: 4.022e-06, Loss_ut_ics: 1.960e-02, lr: 1.000e-03, Time: 7.10e+02
Model state saved to ./results/models/checkpoints/schrodinger/qho/2025-09-16_19-56-00-999728/model.pth
Model state saved to ./results/models/checkpoints/schrodinger/qho/2025-09-16_19-56-00-999728/model_weights.pth
It: 306, Loss: 8.304e-04, Loss_res: 9.775e-03,  Loss_bcs: 8.233e-06, Loss_ut_ics: 7.245e-02, lr: 1.000e-03, Time: 7.12e+02
Model state saved to ./results/models/checkpoints/schrodinger/qho/2025-09-16_19-56-00-999728/model.pth
Model state saved to ./results/models/checkpoints/schrodinger/qho/2025-09-16_19-56-00-999728/model_weights.pth
It: 307, Loss: 8.107e-04, Loss_res: 6.961e-03,  Loss_bcs: 7.140e-06, Loss_ut_ics: 7.339e-02, lr: 1.000e-03, Time: 7.14e+02
Model state saved to ./results/models/checkpoints/schrodinger/qho/2025-09-16_19-56-00-999728/model.pth
Model state saved to ./results/models/checkpoints/schrodinger/qho/2025-09-16_19-56-00-999728/model_weights.pth
It: 308, Loss: 1.237e-04, Loss_res: 1.105e-02,  Loss_bcs: 3.945e-06, Loss_ut_ics: 9.233e-04, lr: 1.000e-03, Time: 7.17e+02
Model state saved to ./results/models/checkpoints/schrodinger/qho/2025-09-16_19-56-00-999728/model.pth
Model state saved to ./results/models/checkpoints/schrodinger/qho/2025-09-16_19-56-00-999728/model_weights.pth
It: 309, Loss: 3.238e-04, Loss_res: 8.196e-03,  Loss_bcs: 1.269e-05, Loss_ut_ics: 2.291e-02, lr: 1.000e-03, Time: 7.19e+02
Model state saved to ./results/models/checkpoints/schrodinger/qho/2025-09-16_19-56-00-999728/model.pth
Model state saved to ./results/models/checkpoints/schrodinger/qho/2025-09-16_19-56-00-999728/model_weights.pth
It: 310, Loss: 7.967e-04, Loss_res: 6.309e-03,  Loss_bcs: 1.775e-05, Loss_ut_ics: 7.159e-02, lr: 1.000e-03, Time: 7.21e+02
Model state saved to ./results/models/checkpoints/schrodinger/qho/2025-09-16_19-56-00-999728/model.pth
Model state saved to ./results/models/checkpoints/schrodinger/qho/2025-09-16_19-56-00-999728/model_weights.pth
It: 311, Loss: 7.543e-04, Loss_res: 1.563e-02,  Loss_bcs: 8.463e-06, Loss_ut_ics: 5.896e-02, lr: 1.000e-03, Time: 7.23e+02
Model state saved to ./results/models/checkpoints/schrodinger/qho/2025-09-16_19-56-00-999728/model.pth
Model state saved to ./results/models/checkpoints/schrodinger/qho/2025-09-16_19-56-00-999728/model_weights.pth
It: 312, Loss: 3.059e-04, Loss_res: 9.525e-03,  Loss_bcs: 3.872e-06, Loss_ut_ics: 2.068e-02, lr: 1.000e-03, Time: 7.25e+02
Model state saved to ./results/models/checkpoints/schrodinger/qho/2025-09-16_19-56-00-999728/model.pth
Model state saved to ./results/models/checkpoints/schrodinger/qho/2025-09-16_19-56-00-999728/model_weights.pth
It: 313, Loss: 4.105e-04, Loss_res: 1.007e-02,  Loss_bcs: 8.891e-06, Loss_ut_ics: 3.008e-02, lr: 1.000e-03, Time: 7.27e+02
Model state saved to ./results/models/checkpoints/schrodinger/qho/2025-09-16_19-56-00-999728/model.pth
Model state saved to ./results/models/checkpoints/schrodinger/qho/2025-09-16_19-56-00-999728/model_weights.pth
It: 314, Loss: 6.203e-04, Loss_res: 9.002e-03,  Loss_bcs: 1.243e-05, Loss_ut_ics: 5.178e-02, lr: 1.000e-03, Time: 7.29e+02
Model state saved to ./results/models/checkpoints/schrodinger/qho/2025-09-16_19-56-00-999728/model.pth
Model state saved to ./results/models/checkpoints/schrodinger/qho/2025-09-16_19-56-00-999728/model_weights.pth
It: 315, Loss: 1.653e-04, Loss_res: 9.959e-03,  Loss_bcs: 1.845e-05, Loss_ut_ics: 4.722e-03, lr: 1.000e-03, Time: 7.31e+02
Model state saved to ./results/models/checkpoints/schrodinger/qho/2025-09-16_19-56-00-999728/model.pth
Model state saved to ./results/models/checkpoints/schrodinger/qho/2025-09-16_19-56-00-999728/model_weights.pth
It: 316, Loss: 4.741e-04, Loss_res: 9.610e-03,  Loss_bcs: 5.497e-06, Loss_ut_ics: 3.725e-02, lr: 1.000e-03, Time: 7.33e+02
Model state saved to ./results/models/checkpoints/schrodinger/qho/2025-09-16_19-56-00-999728/model.pth
Model state saved to ./results/models/checkpoints/schrodinger/qho/2025-09-16_19-56-00-999728/model_weights.pth
It: 317, Loss: 2.834e-04, Loss_res: 1.352e-02,  Loss_bcs: 6.358e-06, Loss_ut_ics: 1.418e-02, lr: 1.000e-03, Time: 7.35e+02
Model state saved to ./results/models/checkpoints/schrodinger/qho/2025-09-16_19-56-00-999728/model.pth
Model state saved to ./results/models/checkpoints/schrodinger/qho/2025-09-16_19-56-00-999728/model_weights.pth
It: 318, Loss: 5.518e-04, Loss_res: 1.169e-02,  Loss_bcs: 8.305e-06, Loss_ut_ics: 4.266e-02, lr: 1.000e-03, Time: 7.37e+02
Model state saved to ./results/models/checkpoints/schrodinger/qho/2025-09-16_19-56-00-999728/model.pth
Model state saved to ./results/models/checkpoints/schrodinger/qho/2025-09-16_19-56-00-999728/model_weights.pth
It: 319, Loss: 1.204e-04, Loss_res: 9.969e-03,  Loss_bcs: 2.863e-06, Loss_ut_ics: 1.784e-03, lr: 1.000e-03, Time: 7.39e+02
Model state saved to ./results/models/checkpoints/schrodinger/qho/2025-09-16_19-56-00-999728/model.pth
Model state saved to ./results/models/checkpoints/schrodinger/qho/2025-09-16_19-56-00-999728/model_weights.pth
It: 320, Loss: 4.949e-04, Loss_res: 1.525e-02,  Loss_bcs: 1.937e-05, Loss_ut_ics: 3.230e-02, lr: 1.000e-03, Time: 7.41e+02
Model state saved to ./results/models/checkpoints/schrodinger/qho/2025-09-16_19-56-00-999728/model.pth
Model state saved to ./results/models/checkpoints/schrodinger/qho/2025-09-16_19-56-00-999728/model_weights.pth
It: 321, Loss: 1.738e-04, Loss_res: 1.293e-02,  Loss_bcs: 3.751e-05, Loss_ut_ics: 7.070e-04, lr: 1.000e-03, Time: 7.43e+02
Model state saved to ./results/models/checkpoints/schrodinger/qho/2025-09-16_19-56-00-999728/model.pth
Model state saved to ./results/models/checkpoints/schrodinger/qho/2025-09-16_19-56-00-999728/model_weights.pth
It: 322, Loss: 4.255e-04, Loss_res: 8.119e-03,  Loss_bcs: 4.985e-05, Loss_ut_ics: 2.945e-02, lr: 1.000e-03, Time: 7.46e+02
Model state saved to ./results/models/checkpoints/schrodinger/qho/2025-09-16_19-56-00-999728/model.pth
Model state saved to ./results/models/checkpoints/schrodinger/qho/2025-09-16_19-56-00-999728/model_weights.pth
It: 323, Loss: 2.142e-04, Loss_res: 1.065e-02,  Loss_bcs: 1.008e-05, Loss_ut_ics: 9.768e-03, lr: 1.000e-03, Time: 7.48e+02
Model state saved to ./results/models/checkpoints/schrodinger/qho/2025-09-16_19-56-00-999728/model.pth
Model state saved to ./results/models/checkpoints/schrodinger/qho/2025-09-16_19-56-00-999728/model_weights.pth
It: 324, Loss: 3.233e-04, Loss_res: 1.182e-02,  Loss_bcs: 1.139e-05, Loss_ut_ics: 1.938e-02, lr: 1.000e-03, Time: 7.51e+02
Model state saved to ./results/models/checkpoints/schrodinger/qho/2025-09-16_19-56-00-999728/model.pth
Model state saved to ./results/models/checkpoints/schrodinger/qho/2025-09-16_19-56-00-999728/model_weights.pth
It: 325, Loss: 5.195e-04, Loss_res: 1.367e-02,  Loss_bcs: 1.006e-05, Loss_ut_ics: 3.727e-02, lr: 1.000e-03, Time: 7.53e+02
Model state saved to ./results/models/checkpoints/schrodinger/qho/2025-09-16_19-56-00-999728/model.pth
Model state saved to ./results/models/checkpoints/schrodinger/qho/2025-09-16_19-56-00-999728/model_weights.pth
It: 326, Loss: 2.245e-04, Loss_res: 1.150e-02,  Loss_bcs: 3.676e-06, Loss_ut_ics: 1.058e-02, lr: 1.000e-03, Time: 7.55e+02
Model state saved to ./results/models/checkpoints/schrodinger/qho/2025-09-16_19-56-00-999728/model.pth
Model state saved to ./results/models/checkpoints/schrodinger/qho/2025-09-16_19-56-00-999728/model_weights.pth
It: 327, Loss: 4.030e-04, Loss_res: 1.071e-02,  Loss_bcs: 1.677e-05, Loss_ut_ics: 2.791e-02, lr: 1.000e-03, Time: 7.58e+02
Model state saved to ./results/models/checkpoints/schrodinger/qho/2025-09-16_19-56-00-999728/model.pth
Model state saved to ./results/models/checkpoints/schrodinger/qho/2025-09-16_19-56-00-999728/model_weights.pth
It: 328, Loss: 2.119e-04, Loss_res: 1.503e-02,  Loss_bcs: 2.898e-05, Loss_ut_ics: 3.264e-03, lr: 1.000e-03, Time: 7.60e+02
Model state saved to ./results/models/checkpoints/schrodinger/qho/2025-09-16_19-56-00-999728/model.pth
Model state saved to ./results/models/checkpoints/schrodinger/qho/2025-09-16_19-56-00-999728/model_weights.pth
It: 329, Loss: 4.923e-04, Loss_res: 1.368e-02,  Loss_bcs: 2.552e-05, Loss_ut_ics: 3.300e-02, lr: 1.000e-03, Time: 7.62e+02
Model state saved to ./results/models/checkpoints/schrodinger/qho/2025-09-16_19-56-00-999728/model.pth
Model state saved to ./results/models/checkpoints/schrodinger/qho/2025-09-16_19-56-00-999728/model_weights.pth
It: 330, Loss: 3.148e-04, Loss_res: 9.208e-03,  Loss_bcs: 5.092e-06, Loss_ut_ics: 2.176e-02, lr: 1.000e-03, Time: 7.64e+02
Model state saved to ./results/models/checkpoints/schrodinger/qho/2025-09-16_19-56-00-999728/model.pth
Model state saved to ./results/models/checkpoints/schrodinger/qho/2025-09-16_19-56-00-999728/model_weights.pth
It: 331, Loss: 1.732e-04, Loss_res: 1.314e-02,  Loss_bcs: 7.230e-06, Loss_ut_ics: 3.461e-03, lr: 1.000e-03, Time: 7.66e+02
Model state saved to ./results/models/checkpoints/schrodinger/qho/2025-09-16_19-56-00-999728/model.pth
Model state saved to ./results/models/checkpoints/schrodinger/qho/2025-09-16_19-56-00-999728/model_weights.pth
It: 332, Loss: 1.304e-04, Loss_res: 9.882e-03,  Loss_bcs: 4.685e-06, Loss_ut_ics: 2.685e-03, lr: 1.000e-03, Time: 7.68e+02
Model state saved to ./results/models/checkpoints/schrodinger/qho/2025-09-16_19-56-00-999728/model.pth
Model state saved to ./results/models/checkpoints/schrodinger/qho/2025-09-16_19-56-00-999728/model_weights.pth
It: 333, Loss: 1.214e-04, Loss_res: 8.405e-03,  Loss_bcs: 2.232e-05, Loss_ut_ics: 1.501e-03, lr: 1.000e-03, Time: 7.70e+02
Model state saved to ./results/models/checkpoints/schrodinger/qho/2025-09-16_19-56-00-999728/model.pth
Model state saved to ./results/models/checkpoints/schrodinger/qho/2025-09-16_19-56-00-999728/model_weights.pth
It: 334, Loss: 3.159e-04, Loss_res: 8.425e-03,  Loss_bcs: 2.878e-05, Loss_ut_ics: 2.029e-02, lr: 1.000e-03, Time: 7.72e+02
Model state saved to ./results/models/checkpoints/schrodinger/qho/2025-09-16_19-56-00-999728/model.pth
Model state saved to ./results/models/checkpoints/schrodinger/qho/2025-09-16_19-56-00-999728/model_weights.pth
It: 335, Loss: 2.120e-04, Loss_res: 8.273e-03,  Loss_bcs: 2.034e-05, Loss_ut_ics: 1.090e-02, lr: 1.000e-03, Time: 7.74e+02
Model state saved to ./results/models/checkpoints/schrodinger/qho/2025-09-16_19-56-00-999728/model.pth
Model state saved to ./results/models/checkpoints/schrodinger/qho/2025-09-16_19-56-00-999728/model_weights.pth
It: 336, Loss: 3.584e-04, Loss_res: 1.297e-02,  Loss_bcs: 9.024e-06, Loss_ut_ics: 2.197e-02, lr: 1.000e-03, Time: 7.76e+02
Model state saved to ./results/models/checkpoints/schrodinger/qho/2025-09-16_19-56-00-999728/model.pth
Model state saved to ./results/models/checkpoints/schrodinger/qho/2025-09-16_19-56-00-999728/model_weights.pth
It: 337, Loss: 4.200e-04, Loss_res: 1.370e-02,  Loss_bcs: 4.936e-06, Loss_ut_ics: 2.780e-02, lr: 1.000e-03, Time: 7.78e+02
Model state saved to ./results/models/checkpoints/schrodinger/qho/2025-09-16_19-56-00-999728/model.pth
Model state saved to ./results/models/checkpoints/schrodinger/qho/2025-09-16_19-56-00-999728/model_weights.pth
It: 338, Loss: 8.143e-05, Loss_res: 5.885e-03,  Loss_bcs: 8.340e-06, Loss_ut_ics: 1.424e-03, lr: 1.000e-03, Time: 7.80e+02
Model state saved to ./results/models/checkpoints/schrodinger/qho/2025-09-16_19-56-00-999728/model.pth
Model state saved to ./results/models/checkpoints/schrodinger/qho/2025-09-16_19-56-00-999728/model_weights.pth
It: 339, Loss: 3.891e-04, Loss_res: 1.042e-02,  Loss_bcs: 8.778e-06, Loss_ut_ics: 2.761e-02, lr: 1.000e-03, Time: 7.82e+02
Model state saved to ./results/models/checkpoints/schrodinger/qho/2025-09-16_19-56-00-999728/model.pth
Model state saved to ./results/models/checkpoints/schrodinger/qho/2025-09-16_19-56-00-999728/model_weights.pth
It: 340, Loss: 4.446e-04, Loss_res: 6.972e-03,  Loss_bcs: 1.462e-05, Loss_ut_ics: 3.602e-02, lr: 1.000e-03, Time: 7.84e+02
Model state saved to ./results/models/checkpoints/schrodinger/qho/2025-09-16_19-56-00-999728/model.pth
Model state saved to ./results/models/checkpoints/schrodinger/qho/2025-09-16_19-56-00-999728/model_weights.pth
It: 341, Loss: 2.787e-04, Loss_res: 1.184e-02,  Loss_bcs: 6.711e-06, Loss_ut_ics: 1.536e-02, lr: 1.000e-03, Time: 7.86e+02
Model state saved to ./results/models/checkpoints/schrodinger/qho/2025-09-16_19-56-00-999728/model.pth
Model state saved to ./results/models/checkpoints/schrodinger/qho/2025-09-16_19-56-00-999728/model_weights.pth
It: 342, Loss: 6.484e-04, Loss_res: 1.117e-02,  Loss_bcs: 7.622e-06, Loss_ut_ics: 5.291e-02, lr: 1.000e-03, Time: 7.88e+02
Model state saved to ./results/models/checkpoints/schrodinger/qho/2025-09-16_19-56-00-999728/model.pth
Model state saved to ./results/models/checkpoints/schrodinger/qho/2025-09-16_19-56-00-999728/model_weights.pth
It: 343, Loss: 2.794e-04, Loss_res: 1.595e-02,  Loss_bcs: 5.102e-06, Loss_ut_ics: 1.148e-02, lr: 1.000e-03, Time: 7.90e+02
Model state saved to ./results/models/checkpoints/schrodinger/qho/2025-09-16_19-56-00-999728/model.pth
Model state saved to ./results/models/checkpoints/schrodinger/qho/2025-09-16_19-56-00-999728/model_weights.pth
It: 344, Loss: 1.328e-04, Loss_res: 1.047e-02,  Loss_bcs: 1.393e-05, Loss_ut_ics: 1.417e-03, lr: 1.000e-03, Time: 7.92e+02
Model state saved to ./results/models/checkpoints/schrodinger/qho/2025-09-16_19-56-00-999728/model.pth
Model state saved to ./results/models/checkpoints/schrodinger/qho/2025-09-16_19-56-00-999728/model_weights.pth
It: 345, Loss: 4.172e-04, Loss_res: 8.605e-03,  Loss_bcs: 3.028e-05, Loss_ut_ics: 3.008e-02, lr: 1.000e-03, Time: 7.94e+02
Model state saved to ./results/models/checkpoints/schrodinger/qho/2025-09-16_19-56-00-999728/model.pth
Model state saved to ./results/models/checkpoints/schrodinger/qho/2025-09-16_19-56-00-999728/model_weights.pth
It: 346, Loss: 1.586e-04, Loss_res: 1.098e-02,  Loss_bcs: 2.448e-05, Loss_ut_ics: 2.428e-03, lr: 1.000e-03, Time: 7.96e+02
Model state saved to ./results/models/checkpoints/schrodinger/qho/2025-09-16_19-56-00-999728/model.pth
Model state saved to ./results/models/checkpoints/schrodinger/qho/2025-09-16_19-56-00-999728/model_weights.pth
It: 347, Loss: 9.698e-05, Loss_res: 4.034e-03,  Loss_bcs: 2.989e-06, Loss_ut_ics: 5.365e-03, lr: 1.000e-03, Time: 7.98e+02
Model state saved to ./results/models/checkpoints/schrodinger/qho/2025-09-16_19-56-00-999728/model.pth
Model state saved to ./results/models/checkpoints/schrodinger/qho/2025-09-16_19-56-00-999728/model_weights.pth
It: 348, Loss: 2.077e-04, Loss_res: 9.263e-03,  Loss_bcs: 1.706e-05, Loss_ut_ics: 9.804e-03, lr: 1.000e-03, Time: 8.00e+02
Model state saved to ./results/models/checkpoints/schrodinger/qho/2025-09-16_19-56-00-999728/model.pth
Model state saved to ./results/models/checkpoints/schrodinger/qho/2025-09-16_19-56-00-999728/model_weights.pth
It: 349, Loss: 2.891e-04, Loss_res: 9.017e-03,  Loss_bcs: 1.624e-05, Loss_ut_ics: 1.827e-02, lr: 1.000e-03, Time: 8.02e+02
Model state saved to ./results/models/checkpoints/schrodinger/qho/2025-09-16_19-56-00-999728/model.pth
Model state saved to ./results/models/checkpoints/schrodinger/qho/2025-09-16_19-56-00-999728/model_weights.pth
It: 350, Loss: 2.991e-04, Loss_res: 8.715e-03,  Loss_bcs: 6.407e-06, Loss_ut_ics: 2.056e-02, lr: 1.000e-03, Time: 8.05e+02
Model state saved to ./results/models/checkpoints/schrodinger/qho/2025-09-16_19-56-00-999728/model.pth
Model state saved to ./results/models/checkpoints/schrodinger/qho/2025-09-16_19-56-00-999728/model_weights.pth
It: 351, Loss: 4.435e-04, Loss_res: 1.187e-02,  Loss_bcs: 1.779e-05, Loss_ut_ics: 3.071e-02, lr: 1.000e-03, Time: 8.07e+02
Model state saved to ./results/models/checkpoints/schrodinger/qho/2025-09-16_19-56-00-999728/model.pth
Model state saved to ./results/models/checkpoints/schrodinger/qho/2025-09-16_19-56-00-999728/model_weights.pth
It: 352, Loss: 1.860e-04, Loss_res: 7.306e-03,  Loss_bcs: 2.802e-05, Loss_ut_ics: 8.495e-03, lr: 1.000e-03, Time: 8.09e+02
Model state saved to ./results/models/checkpoints/schrodinger/qho/2025-09-16_19-56-00-999728/model.pth
Model state saved to ./results/models/checkpoints/schrodinger/qho/2025-09-16_19-56-00-999728/model_weights.pth
It: 353, Loss: 2.724e-04, Loss_res: 7.531e-03,  Loss_bcs: 9.286e-06, Loss_ut_ics: 1.878e-02, lr: 1.000e-03, Time: 8.11e+02
Model state saved to ./results/models/checkpoints/schrodinger/qho/2025-09-16_19-56-00-999728/model.pth
Model state saved to ./results/models/checkpoints/schrodinger/qho/2025-09-16_19-56-00-999728/model_weights.pth
It: 354, Loss: 3.174e-04, Loss_res: 8.861e-03,  Loss_bcs: 1.120e-05, Loss_ut_ics: 2.176e-02, lr: 1.000e-03, Time: 8.13e+02
Model state saved to ./results/models/checkpoints/schrodinger/qho/2025-09-16_19-56-00-999728/model.pth
Model state saved to ./results/models/checkpoints/schrodinger/qho/2025-09-16_19-56-00-999728/model_weights.pth
It: 355, Loss: 1.781e-04, Loss_res: 1.048e-02,  Loss_bcs: 1.682e-05, Loss_ut_ics: 5.647e-03, lr: 1.000e-03, Time: 8.15e+02
Model state saved to ./results/models/checkpoints/schrodinger/qho/2025-09-16_19-56-00-999728/model.pth
Model state saved to ./results/models/checkpoints/schrodinger/qho/2025-09-16_19-56-00-999728/model_weights.pth
It: 356, Loss: 3.388e-04, Loss_res: 1.103e-02,  Loss_bcs: 1.687e-05, Loss_ut_ics: 2.116e-02, lr: 1.000e-03, Time: 8.17e+02
Model state saved to ./results/models/checkpoints/schrodinger/qho/2025-09-16_19-56-00-999728/model.pth
Model state saved to ./results/models/checkpoints/schrodinger/qho/2025-09-16_19-56-00-999728/model_weights.pth
It: 357, Loss: 1.655e-04, Loss_res: 5.746e-03,  Loss_bcs: 2.811e-05, Loss_ut_ics: 7.995e-03, lr: 1.000e-03, Time: 8.19e+02
Model state saved to ./results/models/checkpoints/schrodinger/qho/2025-09-16_19-56-00-999728/model.pth
Model state saved to ./results/models/checkpoints/schrodinger/qho/2025-09-16_19-56-00-999728/model_weights.pth
It: 358, Loss: 2.386e-04, Loss_res: 9.178e-03,  Loss_bcs: 2.637e-05, Loss_ut_ics: 1.205e-02, lr: 1.000e-03, Time: 8.21e+02
Model state saved to ./results/models/checkpoints/schrodinger/qho/2025-09-16_19-56-00-999728/model.pth
Model state saved to ./results/models/checkpoints/schrodinger/qho/2025-09-16_19-56-00-999728/model_weights.pth
It: 359, Loss: 1.152e-04, Loss_res: 8.394e-03,  Loss_bcs: 6.824e-06, Loss_ut_ics: 2.445e-03, lr: 1.000e-03, Time: 8.23e+02
Model state saved to ./results/models/checkpoints/schrodinger/qho/2025-09-16_19-56-00-999728/model.pth
Model state saved to ./results/models/checkpoints/schrodinger/qho/2025-09-16_19-56-00-999728/model_weights.pth
It: 360, Loss: 1.926e-04, Loss_res: 9.485e-03,  Loss_bcs: 2.740e-06, Loss_ut_ics: 9.505e-03, lr: 1.000e-03, Time: 8.25e+02
Model state saved to ./results/models/checkpoints/schrodinger/qho/2025-09-16_19-56-00-999728/model.pth
Model state saved to ./results/models/checkpoints/schrodinger/qho/2025-09-16_19-56-00-999728/model_weights.pth
It: 361, Loss: 3.530e-04, Loss_res: 7.541e-03,  Loss_bcs: 1.153e-05, Loss_ut_ics: 2.661e-02, lr: 1.000e-03, Time: 8.27e+02
Model state saved to ./results/models/checkpoints/schrodinger/qho/2025-09-16_19-56-00-999728/model.pth
Model state saved to ./results/models/checkpoints/schrodinger/qho/2025-09-16_19-56-00-999728/model_weights.pth
It: 362, Loss: 2.797e-04, Loss_res: 1.290e-02,  Loss_bcs: 5.584e-06, Loss_ut_ics: 1.451e-02, lr: 1.000e-03, Time: 8.29e+02
Model state saved to ./results/models/checkpoints/schrodinger/qho/2025-09-16_19-56-00-999728/model.pth
Model state saved to ./results/models/checkpoints/schrodinger/qho/2025-09-16_19-56-00-999728/model_weights.pth
It: 363, Loss: 1.444e-04, Loss_res: 9.741e-03,  Loss_bcs: 1.426e-05, Loss_ut_ics: 3.274e-03, lr: 1.000e-03, Time: 8.31e+02
Model state saved to ./results/models/checkpoints/schrodinger/qho/2025-09-16_19-56-00-999728/model.pth
Model state saved to ./results/models/checkpoints/schrodinger/qho/2025-09-16_19-56-00-999728/model_weights.pth
It: 364, Loss: 4.509e-04, Loss_res: 9.422e-03,  Loss_bcs: 3.124e-05, Loss_ut_ics: 3.255e-02, lr: 1.000e-03, Time: 8.33e+02
Model state saved to ./results/models/checkpoints/schrodinger/qho/2025-09-16_19-56-00-999728/model.pth
Model state saved to ./results/models/checkpoints/schrodinger/qho/2025-09-16_19-56-00-999728/model_weights.pth
It: 365, Loss: 2.013e-04, Loss_res: 9.050e-03,  Loss_bcs: 2.980e-05, Loss_ut_ics: 8.104e-03, lr: 1.000e-03, Time: 8.35e+02
Model state saved to ./results/models/checkpoints/schrodinger/qho/2025-09-16_19-56-00-999728/model.pth
Model state saved to ./results/models/checkpoints/schrodinger/qho/2025-09-16_19-56-00-999728/model_weights.pth
It: 366, Loss: 2.584e-04, Loss_res: 9.110e-03,  Loss_bcs: 8.397e-06, Loss_ut_ics: 1.589e-02, lr: 1.000e-03, Time: 8.37e+02
Model state saved to ./results/models/checkpoints/schrodinger/qho/2025-09-16_19-56-00-999728/model.pth
Model state saved to ./results/models/checkpoints/schrodinger/qho/2025-09-16_19-56-00-999728/model_weights.pth
It: 367, Loss: 2.854e-04, Loss_res: 8.062e-03,  Loss_bcs: 2.250e-05, Loss_ut_ics: 1.823e-02, lr: 1.000e-03, Time: 8.39e+02
Model state saved to ./results/models/checkpoints/schrodinger/qho/2025-09-16_19-56-00-999728/model.pth
Model state saved to ./results/models/checkpoints/schrodinger/qho/2025-09-16_19-56-00-999728/model_weights.pth
It: 368, Loss: 1.731e-04, Loss_res: 5.547e-03,  Loss_bcs: 2.325e-05, Loss_ut_ics: 9.439e-03, lr: 1.000e-03, Time: 8.41e+02
Model state saved to ./results/models/checkpoints/schrodinger/qho/2025-09-16_19-56-00-999728/model.pth
Model state saved to ./results/models/checkpoints/schrodinger/qho/2025-09-16_19-56-00-999728/model_weights.pth
It: 369, Loss: 2.871e-04, Loss_res: 8.720e-03,  Loss_bcs: 1.428e-05, Loss_ut_ics: 1.856e-02, lr: 1.000e-03, Time: 8.43e+02
Model state saved to ./results/models/checkpoints/schrodinger/qho/2025-09-16_19-56-00-999728/model.pth
Model state saved to ./results/models/checkpoints/schrodinger/qho/2025-09-16_19-56-00-999728/model_weights.pth
It: 370, Loss: 1.203e-04, Loss_res: 9.406e-03,  Loss_bcs: 1.248e-05, Loss_ut_ics: 1.374e-03, lr: 1.000e-03, Time: 8.46e+02
Model state saved to ./results/models/checkpoints/schrodinger/qho/2025-09-16_19-56-00-999728/model.pth
Model state saved to ./results/models/checkpoints/schrodinger/qho/2025-09-16_19-56-00-999728/model_weights.pth
It: 371, Loss: 4.807e-04, Loss_res: 8.706e-03,  Loss_bcs: 1.222e-05, Loss_ut_ics: 3.814e-02, lr: 1.000e-03, Time: 8.48e+02
Model state saved to ./results/models/checkpoints/schrodinger/qho/2025-09-16_19-56-00-999728/model.pth
Model state saved to ./results/models/checkpoints/schrodinger/qho/2025-09-16_19-56-00-999728/model_weights.pth
It: 372, Loss: 4.048e-04, Loss_res: 7.305e-03,  Loss_bcs: 1.286e-05, Loss_ut_ics: 3.189e-02, lr: 1.000e-03, Time: 8.50e+02
Model state saved to ./results/models/checkpoints/schrodinger/qho/2025-09-16_19-56-00-999728/model.pth
Model state saved to ./results/models/checkpoints/schrodinger/qho/2025-09-16_19-56-00-999728/model_weights.pth
It: 373, Loss: 9.658e-05, Loss_res: 6.746e-03,  Loss_bcs: 1.114e-05, Loss_ut_ics: 1.798e-03, lr: 1.000e-03, Time: 8.52e+02
Model state saved to ./results/models/checkpoints/schrodinger/qho/2025-09-16_19-56-00-999728/model.pth
Model state saved to ./results/models/checkpoints/schrodinger/qho/2025-09-16_19-56-00-999728/model_weights.pth
It: 374, Loss: 1.662e-04, Loss_res: 5.578e-03,  Loss_bcs: 9.393e-06, Loss_ut_ics: 1.011e-02, lr: 1.000e-03, Time: 8.54e+02
Model state saved to ./results/models/checkpoints/schrodinger/qho/2025-09-16_19-56-00-999728/model.pth
Model state saved to ./results/models/checkpoints/schrodinger/qho/2025-09-16_19-56-00-999728/model_weights.pth
It: 375, Loss: 2.060e-04, Loss_res: 7.546e-03,  Loss_bcs: 1.824e-05, Loss_ut_ics: 1.123e-02, lr: 1.000e-03, Time: 8.56e+02
Model state saved to ./results/models/checkpoints/schrodinger/qho/2025-09-16_19-56-00-999728/model.pth
Model state saved to ./results/models/checkpoints/schrodinger/qho/2025-09-16_19-56-00-999728/model_weights.pth
It: 376, Loss: 8.809e-05, Loss_res: 6.616e-03,  Loss_bcs: 1.018e-05, Loss_ut_ics: 1.175e-03, lr: 1.000e-03, Time: 8.58e+02
Model state saved to ./results/models/checkpoints/schrodinger/qho/2025-09-16_19-56-00-999728/model.pth
Model state saved to ./results/models/checkpoints/schrodinger/qho/2025-09-16_19-56-00-999728/model_weights.pth
It: 377, Loss: 9.659e-05, Loss_res: 8.260e-03,  Loss_bcs: 7.250e-06, Loss_ut_ics: 6.750e-04, lr: 1.000e-03, Time: 8.60e+02
Model state saved to ./results/models/checkpoints/schrodinger/qho/2025-09-16_19-56-00-999728/model.pth
Model state saved to ./results/models/checkpoints/schrodinger/qho/2025-09-16_19-56-00-999728/model_weights.pth
It: 378, Loss: 3.409e-04, Loss_res: 1.078e-02,  Loss_bcs: 8.607e-06, Loss_ut_ics: 2.245e-02, lr: 1.000e-03, Time: 8.62e+02
Model state saved to ./results/models/checkpoints/schrodinger/qho/2025-09-16_19-56-00-999728/model.pth
Model state saved to ./results/models/checkpoints/schrodinger/qho/2025-09-16_19-56-00-999728/model_weights.pth
It: 379, Loss: 1.093e-04, Loss_res: 8.489e-03,  Loss_bcs: 1.821e-05, Loss_ut_ics: 6.235e-04, lr: 1.000e-03, Time: 8.64e+02
Model state saved to ./results/models/checkpoints/schrodinger/qho/2025-09-16_19-56-00-999728/model.pth
Model state saved to ./results/models/checkpoints/schrodinger/qho/2025-09-16_19-56-00-999728/model_weights.pth
It: 380, Loss: 1.477e-04, Loss_res: 8.903e-03,  Loss_bcs: 1.353e-05, Loss_ut_ics: 4.515e-03, lr: 1.000e-03, Time: 8.66e+02
Model state saved to ./results/models/checkpoints/schrodinger/qho/2025-09-16_19-56-00-999728/model.pth
Model state saved to ./results/models/checkpoints/schrodinger/qho/2025-09-16_19-56-00-999728/model_weights.pth
It: 381, Loss: 8.177e-05, Loss_res: 7.144e-03,  Loss_bcs: 6.659e-06, Loss_ut_ics: 3.666e-04, lr: 1.000e-03, Time: 8.68e+02
Model state saved to ./results/models/checkpoints/schrodinger/qho/2025-09-16_19-56-00-999728/model.pth
Model state saved to ./results/models/checkpoints/schrodinger/qho/2025-09-16_19-56-00-999728/model_weights.pth
It: 382, Loss: 1.924e-04, Loss_res: 8.679e-03,  Loss_bcs: 1.229e-05, Loss_ut_ics: 9.334e-03, lr: 1.000e-03, Time: 8.70e+02
Model state saved to ./results/models/checkpoints/schrodinger/qho/2025-09-16_19-56-00-999728/model.pth
Model state saved to ./results/models/checkpoints/schrodinger/qho/2025-09-16_19-56-00-999728/model_weights.pth
It: 383, Loss: 1.232e-04, Loss_res: 9.332e-03,  Loss_bcs: 1.742e-05, Loss_ut_ics: 1.249e-03, lr: 1.000e-03, Time: 8.72e+02
Model state saved to ./results/models/checkpoints/schrodinger/qho/2025-09-16_19-56-00-999728/model.pth
Model state saved to ./results/models/checkpoints/schrodinger/qho/2025-09-16_19-56-00-999728/model_weights.pth
It: 384, Loss: 7.954e-05, Loss_res: 6.029e-03,  Loss_bcs: 1.666e-05, Loss_ut_ics: 2.599e-04, lr: 1.000e-03, Time: 8.74e+02
Model state saved to ./results/models/checkpoints/schrodinger/qho/2025-09-16_19-56-00-999728/model.pth
Model state saved to ./results/models/checkpoints/schrodinger/qho/2025-09-16_19-56-00-999728/model_weights.pth
It: 385, Loss: 8.061e-05, Loss_res: 7.078e-03,  Loss_bcs: 8.033e-06, Loss_ut_ics: 1.793e-04, lr: 1.000e-03, Time: 8.76e+02
Model state saved to ./results/models/checkpoints/schrodinger/qho/2025-09-16_19-56-00-999728/model.pth
Model state saved to ./results/models/checkpoints/schrodinger/qho/2025-09-16_19-56-00-999728/model_weights.pth
It: 386, Loss: 1.161e-04, Loss_res: 7.290e-03,  Loss_bcs: 5.713e-06, Loss_ut_ics: 3.744e-03, lr: 1.000e-03, Time: 8.79e+02
Model state saved to ./results/models/checkpoints/schrodinger/qho/2025-09-16_19-56-00-999728/model.pth
Model state saved to ./results/models/checkpoints/schrodinger/qho/2025-09-16_19-56-00-999728/model_weights.pth
It: 387, Loss: 1.104e-04, Loss_res: 5.581e-03,  Loss_bcs: 1.585e-05, Loss_ut_ics: 3.870e-03, lr: 1.000e-03, Time: 8.81e+02
Model state saved to ./results/models/checkpoints/schrodinger/qho/2025-09-16_19-56-00-999728/model.pth
Model state saved to ./results/models/checkpoints/schrodinger/qho/2025-09-16_19-56-00-999728/model_weights.pth
It: 388, Loss: 9.346e-05, Loss_res: 6.084e-03,  Loss_bcs: 4.795e-06, Loss_ut_ics: 2.783e-03, lr: 1.000e-03, Time: 8.83e+02
Model state saved to ./results/models/checkpoints/schrodinger/qho/2025-09-16_19-56-00-999728/model.pth
Model state saved to ./results/models/checkpoints/schrodinger/qho/2025-09-16_19-56-00-999728/model_weights.pth
It: 389, Loss: 2.376e-04, Loss_res: 5.847e-03,  Loss_bcs: 1.397e-05, Loss_ut_ics: 1.651e-02, lr: 1.000e-03, Time: 8.85e+02
Model state saved to ./results/models/checkpoints/schrodinger/qho/2025-09-16_19-56-00-999728/model.pth
Model state saved to ./results/models/checkpoints/schrodinger/qho/2025-09-16_19-56-00-999728/model_weights.pth
It: 390, Loss: 2.460e-04, Loss_res: 6.714e-03,  Loss_bcs: 3.634e-06, Loss_ut_ics: 1.752e-02, lr: 1.000e-03, Time: 8.87e+02
Model state saved to ./results/models/checkpoints/schrodinger/qho/2025-09-16_19-56-00-999728/model.pth
Model state saved to ./results/models/checkpoints/schrodinger/qho/2025-09-16_19-56-00-999728/model_weights.pth
It: 391, Loss: 2.738e-04, Loss_res: 3.736e-03,  Loss_bcs: 6.700e-06, Loss_ut_ics: 2.298e-02, lr: 1.000e-03, Time: 8.89e+02
Model state saved to ./results/models/checkpoints/schrodinger/qho/2025-09-16_19-56-00-999728/model.pth
Model state saved to ./results/models/checkpoints/schrodinger/qho/2025-09-16_19-56-00-999728/model_weights.pth
It: 392, Loss: 1.041e-04, Loss_res: 7.886e-03,  Loss_bcs: 1.076e-05, Loss_ut_ics: 1.443e-03, lr: 1.000e-03, Time: 8.91e+02
Model state saved to ./results/models/checkpoints/schrodinger/qho/2025-09-16_19-56-00-999728/model.pth
Model state saved to ./results/models/checkpoints/schrodinger/qho/2025-09-16_19-56-00-999728/model_weights.pth
It: 393, Loss: 2.705e-04, Loss_res: 5.055e-03,  Loss_bcs: 1.667e-05, Loss_ut_ics: 2.032e-02, lr: 1.000e-03, Time: 8.93e+02
Model state saved to ./results/models/checkpoints/schrodinger/qho/2025-09-16_19-56-00-999728/model.pth
Model state saved to ./results/models/checkpoints/schrodinger/qho/2025-09-16_19-56-00-999728/model_weights.pth
It: 394, Loss: 2.449e-04, Loss_res: 7.656e-03,  Loss_bcs: 8.712e-06, Loss_ut_ics: 1.596e-02, lr: 1.000e-03, Time: 8.95e+02
Model state saved to ./results/models/checkpoints/schrodinger/qho/2025-09-16_19-56-00-999728/model.pth
Model state saved to ./results/models/checkpoints/schrodinger/qho/2025-09-16_19-56-00-999728/model_weights.pth
It: 395, Loss: 1.386e-04, Loss_res: 5.832e-03,  Loss_bcs: 5.714e-06, Loss_ut_ics: 7.458e-03, lr: 1.000e-03, Time: 8.97e+02
Model state saved to ./results/models/checkpoints/schrodinger/qho/2025-09-16_19-56-00-999728/model.pth
Model state saved to ./results/models/checkpoints/schrodinger/qho/2025-09-16_19-56-00-999728/model_weights.pth
It: 396, Loss: 9.428e-05, Loss_res: 5.181e-03,  Loss_bcs: 1.731e-05, Loss_ut_ics: 2.515e-03, lr: 1.000e-03, Time: 8.99e+02
Model state saved to ./results/models/checkpoints/schrodinger/qho/2025-09-16_19-56-00-999728/model.pth
Model state saved to ./results/models/checkpoints/schrodinger/qho/2025-09-16_19-56-00-999728/model_weights.pth
It: 397, Loss: 1.228e-04, Loss_res: 6.049e-03,  Loss_bcs: 1.491e-05, Loss_ut_ics: 4.738e-03, lr: 1.000e-03, Time: 9.01e+02
Model state saved to ./results/models/checkpoints/schrodinger/qho/2025-09-16_19-56-00-999728/model.pth
Model state saved to ./results/models/checkpoints/schrodinger/qho/2025-09-16_19-56-00-999728/model_weights.pth
It: 398, Loss: 8.787e-05, Loss_res: 4.843e-03,  Loss_bcs: 1.412e-05, Loss_ut_ics: 2.532e-03, lr: 1.000e-03, Time: 9.03e+02
Model state saved to ./results/models/checkpoints/schrodinger/qho/2025-09-16_19-56-00-999728/model.pth
Model state saved to ./results/models/checkpoints/schrodinger/qho/2025-09-16_19-56-00-999728/model_weights.pth
It: 399, Loss: 3.588e-04, Loss_res: 6.198e-03,  Loss_bcs: 1.192e-05, Loss_ut_ics: 2.849e-02, lr: 1.000e-03, Time: 9.05e+02
Model state saved to ./results/models/checkpoints/schrodinger/qho/2025-09-16_19-56-00-999728/model.pth
Model state saved to ./results/models/checkpoints/schrodinger/qho/2025-09-16_19-56-00-999728/model_weights.pth
It: 400, Loss: 2.585e-04, Loss_res: 4.227e-03,  Loss_bcs: 1.104e-05, Loss_ut_ics: 2.052e-02, lr: 1.000e-03, Time: 9.07e+02
Model state saved to ./results/models/checkpoints/schrodinger/qho/2025-09-16_19-56-00-999728/model.pth
Model state saved to ./results/models/checkpoints/schrodinger/qho/2025-09-16_19-56-00-999728/model_weights.pth
It: 401, Loss: 2.529e-04, Loss_res: 4.880e-03,  Loss_bcs: 9.549e-06, Loss_ut_ics: 1.946e-02, lr: 1.000e-03, Time: 9.09e+02
Model state saved to ./results/models/checkpoints/schrodinger/qho/2025-09-16_19-56-00-999728/model.pth
Model state saved to ./results/models/checkpoints/schrodinger/qho/2025-09-16_19-56-00-999728/model_weights.pth
It: 402, Loss: 4.835e-04, Loss_res: 6.081e-03,  Loss_bcs: 1.436e-05, Loss_ut_ics: 4.083e-02, lr: 1.000e-03, Time: 9.11e+02
Model state saved to ./results/models/checkpoints/schrodinger/qho/2025-09-16_19-56-00-999728/model.pth
Model state saved to ./results/models/checkpoints/schrodinger/qho/2025-09-16_19-56-00-999728/model_weights.pth
It: 403, Loss: 6.222e-05, Loss_res: 3.258e-03,  Loss_bcs: 5.172e-06, Loss_ut_ics: 2.447e-03, lr: 1.000e-03, Time: 9.13e+02
Model state saved to ./results/models/checkpoints/schrodinger/qho/2025-09-16_19-56-00-999728/model.pth
Model state saved to ./results/models/checkpoints/schrodinger/qho/2025-09-16_19-56-00-999728/model_weights.pth
It: 404, Loss: 1.957e-04, Loss_res: 5.270e-03,  Loss_bcs: 8.391e-06, Loss_ut_ics: 1.346e-02, lr: 1.000e-03, Time: 9.15e+02
Model state saved to ./results/models/checkpoints/schrodinger/qho/2025-09-16_19-56-00-999728/model.pth
Model state saved to ./results/models/checkpoints/schrodinger/qho/2025-09-16_19-56-00-999728/model_weights.pth
It: 405, Loss: 1.964e-04, Loss_res: 5.014e-03,  Loss_bcs: 8.615e-06, Loss_ut_ics: 1.377e-02, lr: 1.000e-03, Time: 9.17e+02
Model state saved to ./results/models/checkpoints/schrodinger/qho/2025-09-16_19-56-00-999728/model.pth
Model state saved to ./results/models/checkpoints/schrodinger/qho/2025-09-16_19-56-00-999728/model_weights.pth
It: 406, Loss: 1.222e-04, Loss_res: 9.755e-03,  Loss_bcs: 1.088e-05, Loss_ut_ics: 1.376e-03, lr: 1.000e-03, Time: 9.19e+02
Model state saved to ./results/models/checkpoints/schrodinger/qho/2025-09-16_19-56-00-999728/model.pth
Model state saved to ./results/models/checkpoints/schrodinger/qho/2025-09-16_19-56-00-999728/model_weights.pth
It: 407, Loss: 8.377e-05, Loss_res: 5.479e-03,  Loss_bcs: 1.038e-05, Loss_ut_ics: 1.860e-03, lr: 1.000e-03, Time: 9.21e+02
Model state saved to ./results/models/checkpoints/schrodinger/qho/2025-09-16_19-56-00-999728/model.pth
Model state saved to ./results/models/checkpoints/schrodinger/qho/2025-09-16_19-56-00-999728/model_weights.pth
It: 408, Loss: 2.326e-04, Loss_res: 6.370e-03,  Loss_bcs: 1.875e-05, Loss_ut_ics: 1.501e-02, lr: 1.000e-03, Time: 9.23e+02
Model state saved to ./results/models/checkpoints/schrodinger/qho/2025-09-16_19-56-00-999728/model.pth
Model state saved to ./results/models/checkpoints/schrodinger/qho/2025-09-16_19-56-00-999728/model_weights.pth
It: 409, Loss: 2.121e-04, Loss_res: 6.525e-03,  Loss_bcs: 8.695e-06, Loss_ut_ics: 1.381e-02, lr: 1.000e-03, Time: 9.26e+02
Model state saved to ./results/models/checkpoints/schrodinger/qho/2025-09-16_19-56-00-999728/model.pth
Model state saved to ./results/models/checkpoints/schrodinger/qho/2025-09-16_19-56-00-999728/model_weights.pth
It: 410, Loss: 1.743e-04, Loss_res: 5.014e-03,  Loss_bcs: 1.161e-05, Loss_ut_ics: 1.126e-02, lr: 1.000e-03, Time: 9.28e+02
Model state saved to ./results/models/checkpoints/schrodinger/qho/2025-09-16_19-56-00-999728/model.pth
Model state saved to ./results/models/checkpoints/schrodinger/qho/2025-09-16_19-56-00-999728/model_weights.pth
It: 411, Loss: 1.741e-04, Loss_res: 5.903e-03,  Loss_bcs: 9.714e-06, Loss_ut_ics: 1.054e-02, lr: 1.000e-03, Time: 9.30e+02
Model state saved to ./results/models/checkpoints/schrodinger/qho/2025-09-16_19-56-00-999728/model.pth
Model state saved to ./results/models/checkpoints/schrodinger/qho/2025-09-16_19-56-00-999728/model_weights.pth
It: 412, Loss: 3.307e-04, Loss_res: 5.245e-03,  Loss_bcs: 6.630e-06, Loss_ut_ics: 2.716e-02, lr: 1.000e-03, Time: 9.32e+02
Model state saved to ./results/models/checkpoints/schrodinger/qho/2025-09-16_19-56-00-999728/model.pth
Model state saved to ./results/models/checkpoints/schrodinger/qho/2025-09-16_19-56-00-999728/model_weights.pth
It: 413, Loss: 9.876e-05, Loss_res: 6.759e-03,  Loss_bcs: 2.121e-05, Loss_ut_ics: 9.963e-04, lr: 1.000e-03, Time: 9.34e+02
Model state saved to ./results/models/checkpoints/schrodinger/qho/2025-09-16_19-56-00-999728/model.pth
Model state saved to ./results/models/checkpoints/schrodinger/qho/2025-09-16_19-56-00-999728/model_weights.pth
It: 414, Loss: 7.581e-05, Loss_res: 6.126e-03,  Loss_bcs: 7.874e-06, Loss_ut_ics: 6.679e-04, lr: 1.000e-03, Time: 9.36e+02
Model state saved to ./results/models/checkpoints/schrodinger/qho/2025-09-16_19-56-00-999728/model.pth
Model state saved to ./results/models/checkpoints/schrodinger/qho/2025-09-16_19-56-00-999728/model_weights.pth
It: 415, Loss: 1.561e-04, Loss_res: 5.341e-03,  Loss_bcs: 5.526e-06, Loss_ut_ics: 9.718e-03, lr: 1.000e-03, Time: 9.38e+02
Model state saved to ./results/models/checkpoints/schrodinger/qho/2025-09-16_19-56-00-999728/model.pth
Model state saved to ./results/models/checkpoints/schrodinger/qho/2025-09-16_19-56-00-999728/model_weights.pth
It: 416, Loss: 1.228e-04, Loss_res: 5.727e-03,  Loss_bcs: 1.311e-05, Loss_ut_ics: 5.246e-03, lr: 1.000e-03, Time: 9.40e+02
Model state saved to ./results/models/checkpoints/schrodinger/qho/2025-09-16_19-56-00-999728/model.pth
Model state saved to ./results/models/checkpoints/schrodinger/qho/2025-09-16_19-56-00-999728/model_weights.pth
It: 417, Loss: 1.657e-04, Loss_res: 5.626e-03,  Loss_bcs: 1.115e-05, Loss_ut_ics: 9.833e-03, lr: 1.000e-03, Time: 9.42e+02
Model state saved to ./results/models/checkpoints/schrodinger/qho/2025-09-16_19-56-00-999728/model.pth
Model state saved to ./results/models/checkpoints/schrodinger/qho/2025-09-16_19-56-00-999728/model_weights.pth
It: 418, Loss: 8.028e-05, Loss_res: 3.975e-03,  Loss_bcs: 4.434e-06, Loss_ut_ics: 3.610e-03, lr: 1.000e-03, Time: 9.44e+02
Model state saved to ./results/models/checkpoints/schrodinger/qho/2025-09-16_19-56-00-999728/model.pth
Model state saved to ./results/models/checkpoints/schrodinger/qho/2025-09-16_19-56-00-999728/model_weights.pth
It: 419, Loss: 5.184e-05, Loss_res: 3.421e-03,  Loss_bcs: 2.693e-06, Loss_ut_ics: 1.494e-03, lr: 1.000e-03, Time: 9.46e+02
Model state saved to ./results/models/checkpoints/schrodinger/qho/2025-09-16_19-56-00-999728/model.pth
Model state saved to ./results/models/checkpoints/schrodinger/qho/2025-09-16_19-56-00-999728/model_weights.pth
It: 420, Loss: 1.024e-04, Loss_res: 4.999e-03,  Loss_bcs: 6.341e-06, Loss_ut_ics: 4.606e-03, lr: 1.000e-03, Time: 9.48e+02
Model state saved to ./results/models/checkpoints/schrodinger/qho/2025-09-16_19-56-00-999728/model.pth
Model state saved to ./results/models/checkpoints/schrodinger/qho/2025-09-16_19-56-00-999728/model_weights.pth
It: 421, Loss: 1.063e-04, Loss_res: 5.884e-03,  Loss_bcs: 1.199e-05, Loss_ut_ics: 3.549e-03, lr: 1.000e-03, Time: 9.50e+02
Model state saved to ./results/models/checkpoints/schrodinger/qho/2025-09-16_19-56-00-999728/model.pth
Model state saved to ./results/models/checkpoints/schrodinger/qho/2025-09-16_19-56-00-999728/model_weights.pth
It: 422, Loss: 1.110e-04, Loss_res: 7.176e-03,  Loss_bcs: 1.462e-05, Loss_ut_ics: 2.464e-03, lr: 1.000e-03, Time: 9.52e+02
Model state saved to ./results/models/checkpoints/schrodinger/qho/2025-09-16_19-56-00-999728/model.pth
Model state saved to ./results/models/checkpoints/schrodinger/qho/2025-09-16_19-56-00-999728/model_weights.pth
It: 423, Loss: 2.484e-04, Loss_res: 4.105e-03,  Loss_bcs: 1.287e-05, Loss_ut_ics: 1.945e-02, lr: 1.000e-03, Time: 9.54e+02
Model state saved to ./results/models/checkpoints/schrodinger/qho/2025-09-16_19-56-00-999728/model.pth
Model state saved to ./results/models/checkpoints/schrodinger/qho/2025-09-16_19-56-00-999728/model_weights.pth
It: 424, Loss: 1.983e-04, Loss_res: 5.825e-03,  Loss_bcs: 9.994e-06, Loss_ut_ics: 1.300e-02, lr: 1.000e-03, Time: 9.56e+02
Model state saved to ./results/models/checkpoints/schrodinger/qho/2025-09-16_19-56-00-999728/model.pth
Model state saved to ./results/models/checkpoints/schrodinger/qho/2025-09-16_19-56-00-999728/model_weights.pth
It: 425, Loss: 7.061e-05, Loss_res: 4.065e-03,  Loss_bcs: 4.088e-06, Loss_ut_ics: 2.587e-03, lr: 1.000e-03, Time: 9.58e+02
Model state saved to ./results/models/checkpoints/schrodinger/qho/2025-09-16_19-56-00-999728/model.pth
Model state saved to ./results/models/checkpoints/schrodinger/qho/2025-09-16_19-56-00-999728/model_weights.pth
It: 426, Loss: 2.539e-04, Loss_res: 4.172e-03,  Loss_bcs: 2.454e-05, Loss_ut_ics: 1.876e-02, lr: 1.000e-03, Time: 9.60e+02
Model state saved to ./results/models/checkpoints/schrodinger/qho/2025-09-16_19-56-00-999728/model.pth
Model state saved to ./results/models/checkpoints/schrodinger/qho/2025-09-16_19-56-00-999728/model_weights.pth
It: 427, Loss: 2.110e-04, Loss_res: 4.681e-03,  Loss_bcs: 3.332e-06, Loss_ut_ics: 1.608e-02, lr: 1.000e-03, Time: 9.62e+02
Model state saved to ./results/models/checkpoints/schrodinger/qho/2025-09-16_19-56-00-999728/model.pth
Model state saved to ./results/models/checkpoints/schrodinger/qho/2025-09-16_19-56-00-999728/model_weights.pth
It: 428, Loss: 8.436e-05, Loss_res: 4.495e-03,  Loss_bcs: 7.010e-06, Loss_ut_ics: 3.240e-03, lr: 1.000e-03, Time: 9.64e+02
Model state saved to ./results/models/checkpoints/schrodinger/qho/2025-09-16_19-56-00-999728/model.pth
Model state saved to ./results/models/checkpoints/schrodinger/qho/2025-09-16_19-56-00-999728/model_weights.pth
It: 429, Loss: 1.460e-04, Loss_res: 3.241e-03,  Loss_bcs: 8.000e-06, Loss_ut_ics: 1.056e-02, lr: 1.000e-03, Time: 9.66e+02
Model state saved to ./results/models/checkpoints/schrodinger/qho/2025-09-16_19-56-00-999728/model.pth
Model state saved to ./results/models/checkpoints/schrodinger/qho/2025-09-16_19-56-00-999728/model_weights.pth
It: 430, Loss: 1.589e-04, Loss_res: 3.668e-03,  Loss_bcs: 1.482e-05, Loss_ut_ics: 1.074e-02, lr: 1.000e-03, Time: 9.68e+02
Model state saved to ./results/models/checkpoints/schrodinger/qho/2025-09-16_19-56-00-999728/model.pth
Model state saved to ./results/models/checkpoints/schrodinger/qho/2025-09-16_19-56-00-999728/model_weights.pth
It: 431, Loss: 2.578e-04, Loss_res: 3.642e-03,  Loss_bcs: 2.592e-05, Loss_ut_ics: 1.955e-02, lr: 1.000e-03, Time: 9.70e+02
Model state saved to ./results/models/checkpoints/schrodinger/qho/2025-09-16_19-56-00-999728/model.pth
Model state saved to ./results/models/checkpoints/schrodinger/qho/2025-09-16_19-56-00-999728/model_weights.pth
It: 432, Loss: 1.747e-04, Loss_res: 4.446e-03,  Loss_bcs: 1.212e-05, Loss_ut_ics: 1.181e-02, lr: 1.000e-03, Time: 9.72e+02
Model state saved to ./results/models/checkpoints/schrodinger/qho/2025-09-16_19-56-00-999728/model.pth
Model state saved to ./results/models/checkpoints/schrodinger/qho/2025-09-16_19-56-00-999728/model_weights.pth
It: 433, Loss: 1.391e-04, Loss_res: 4.548e-03,  Loss_bcs: 3.557e-06, Loss_ut_ics: 9.003e-03, lr: 1.000e-03, Time: 9.74e+02
Model state saved to ./results/models/checkpoints/schrodinger/qho/2025-09-16_19-56-00-999728/model.pth
Model state saved to ./results/models/checkpoints/schrodinger/qho/2025-09-16_19-56-00-999728/model_weights.pth
It: 434, Loss: 6.106e-05, Loss_res: 3.620e-03,  Loss_bcs: 8.487e-06, Loss_ut_ics: 1.638e-03, lr: 1.000e-03, Time: 9.76e+02
Model state saved to ./results/models/checkpoints/schrodinger/qho/2025-09-16_19-56-00-999728/model.pth
Model state saved to ./results/models/checkpoints/schrodinger/qho/2025-09-16_19-56-00-999728/model_weights.pth
It: 435, Loss: 2.484e-04, Loss_res: 4.302e-03,  Loss_bcs: 1.395e-05, Loss_ut_ics: 1.914e-02, lr: 1.000e-03, Time: 9.78e+02
Model state saved to ./results/models/checkpoints/schrodinger/qho/2025-09-16_19-56-00-999728/model.pth
Model state saved to ./results/models/checkpoints/schrodinger/qho/2025-09-16_19-56-00-999728/model_weights.pth
It: 436, Loss: 9.297e-05, Loss_res: 6.958e-03,  Loss_bcs: 1.358e-05, Loss_ut_ics: 9.812e-04, lr: 1.000e-03, Time: 9.80e+02
Model state saved to ./results/models/checkpoints/schrodinger/qho/2025-09-16_19-56-00-999728/model.pth
Model state saved to ./results/models/checkpoints/schrodinger/qho/2025-09-16_19-56-00-999728/model_weights.pth
It: 437, Loss: 2.294e-04, Loss_res: 6.547e-03,  Loss_bcs: 1.017e-05, Loss_ut_ics: 1.538e-02, lr: 1.000e-03, Time: 9.82e+02
Model state saved to ./results/models/checkpoints/schrodinger/qho/2025-09-16_19-56-00-999728/model.pth
Model state saved to ./results/models/checkpoints/schrodinger/qho/2025-09-16_19-56-00-999728/model_weights.pth
It: 438, Loss: 7.586e-05, Loss_res: 4.177e-03,  Loss_bcs: 1.604e-05, Loss_ut_ics: 1.805e-03, lr: 1.000e-03, Time: 9.85e+02
Model state saved to ./results/models/checkpoints/schrodinger/qho/2025-09-16_19-56-00-999728/model.pth
Model state saved to ./results/models/checkpoints/schrodinger/qho/2025-09-16_19-56-00-999728/model_weights.pth
It: 439, Loss: 1.721e-04, Loss_res: 5.569e-03,  Loss_bcs: 1.264e-05, Loss_ut_ics: 1.038e-02, lr: 1.000e-03, Time: 9.87e+02
Model state saved to ./results/models/checkpoints/schrodinger/qho/2025-09-16_19-56-00-999728/model.pth
Model state saved to ./results/models/checkpoints/schrodinger/qho/2025-09-16_19-56-00-999728/model_weights.pth
It: 440, Loss: 2.171e-04, Loss_res: 5.872e-03,  Loss_bcs: 9.674e-06, Loss_ut_ics: 1.487e-02, lr: 1.000e-03, Time: 9.89e+02
Model state saved to ./results/models/checkpoints/schrodinger/qho/2025-09-16_19-56-00-999728/model.pth
Model state saved to ./results/models/checkpoints/schrodinger/qho/2025-09-16_19-56-00-999728/model_weights.pth
It: 441, Loss: 8.448e-05, Loss_res: 2.896e-03,  Loss_bcs: 4.872e-05, Loss_ut_ics: 6.803e-04, lr: 1.000e-03, Time: 9.91e+02
Model state saved to ./results/models/checkpoints/schrodinger/qho/2025-09-16_19-56-00-999728/model.pth
Model state saved to ./results/models/checkpoints/schrodinger/qho/2025-09-16_19-56-00-999728/model_weights.pth
It: 442, Loss: 1.609e-04, Loss_res: 3.712e-03,  Loss_bcs: 2.803e-05, Loss_ut_ics: 9.579e-03, lr: 1.000e-03, Time: 9.93e+02
Model state saved to ./results/models/checkpoints/schrodinger/qho/2025-09-16_19-56-00-999728/model.pth
Model state saved to ./results/models/checkpoints/schrodinger/qho/2025-09-16_19-56-00-999728/model_weights.pth
It: 443, Loss: 1.788e-04, Loss_res: 5.378e-03,  Loss_bcs: 1.362e-05, Loss_ut_ics: 1.114e-02, lr: 1.000e-03, Time: 9.95e+02
Model state saved to ./results/models/checkpoints/schrodinger/qho/2025-09-16_19-56-00-999728/model.pth
Model state saved to ./results/models/checkpoints/schrodinger/qho/2025-09-16_19-56-00-999728/model_weights.pth
It: 444, Loss: 6.650e-05, Loss_res: 3.460e-03,  Loss_bcs: 4.732e-06, Loss_ut_ics: 2.716e-03, lr: 1.000e-03, Time: 9.97e+02
Model state saved to ./results/models/checkpoints/schrodinger/qho/2025-09-16_19-56-00-999728/model.pth
Model state saved to ./results/models/checkpoints/schrodinger/qho/2025-09-16_19-56-00-999728/model_weights.pth
It: 445, Loss: 1.846e-04, Loss_res: 4.368e-03,  Loss_bcs: 2.205e-05, Loss_ut_ics: 1.189e-02, lr: 1.000e-03, Time: 9.99e+02
Model state saved to ./results/models/checkpoints/schrodinger/qho/2025-09-16_19-56-00-999728/model.pth
Model state saved to ./results/models/checkpoints/schrodinger/qho/2025-09-16_19-56-00-999728/model_weights.pth
It: 446, Loss: 5.187e-05, Loss_res: 3.282e-03,  Loss_bcs: 4.722e-06, Loss_ut_ics: 1.433e-03, lr: 1.000e-03, Time: 1.00e+03
Model state saved to ./results/models/checkpoints/schrodinger/qho/2025-09-16_19-56-00-999728/model.pth
Model state saved to ./results/models/checkpoints/schrodinger/qho/2025-09-16_19-56-00-999728/model_weights.pth
It: 447, Loss: 1.846e-04, Loss_res: 7.954e-03,  Loss_bcs: 6.802e-06, Loss_ut_ics: 9.828e-03, lr: 1.000e-03, Time: 1.00e+03
Model state saved to ./results/models/checkpoints/schrodinger/qho/2025-09-16_19-56-00-999728/model.pth
Model state saved to ./results/models/checkpoints/schrodinger/qho/2025-09-16_19-56-00-999728/model_weights.pth
It: 448, Loss: 7.950e-05, Loss_res: 4.412e-03,  Loss_bcs: 7.433e-06, Loss_ut_ics: 2.795e-03, lr: 1.000e-03, Time: 1.01e+03
Model state saved to ./results/models/checkpoints/schrodinger/qho/2025-09-16_19-56-00-999728/model.pth
Model state saved to ./results/models/checkpoints/schrodinger/qho/2025-09-16_19-56-00-999728/model_weights.pth
It: 449, Loss: 1.106e-04, Loss_res: 5.273e-03,  Loss_bcs: 1.926e-05, Loss_ut_ics: 3.864e-03, lr: 1.000e-03, Time: 1.01e+03
Model state saved to ./results/models/checkpoints/schrodinger/qho/2025-09-16_19-56-00-999728/model.pth
Model state saved to ./results/models/checkpoints/schrodinger/qho/2025-09-16_19-56-00-999728/model_weights.pth
It: 450, Loss: 1.947e-04, Loss_res: 3.462e-03,  Loss_bcs: 1.606e-05, Loss_ut_ics: 1.441e-02, lr: 1.000e-03, Time: 1.01e+03
Model state saved to ./results/models/checkpoints/schrodinger/qho/2025-09-16_19-56-00-999728/model.pth
Model state saved to ./results/models/checkpoints/schrodinger/qho/2025-09-16_19-56-00-999728/model_weights.pth
It: 451, Loss: 1.643e-04, Loss_res: 6.336e-03,  Loss_bcs: 1.512e-05, Loss_ut_ics: 8.582e-03, lr: 1.000e-03, Time: 1.01e+03
Model state saved to ./results/models/checkpoints/schrodinger/qho/2025-09-16_19-56-00-999728/model.pth
Model state saved to ./results/models/checkpoints/schrodinger/qho/2025-09-16_19-56-00-999728/model_weights.pth
It: 452, Loss: 5.803e-05, Loss_res: 4.702e-03,  Loss_bcs: 7.455e-06, Loss_ut_ics: 3.559e-04, lr: 1.000e-03, Time: 1.01e+03
Model state saved to ./results/models/checkpoints/schrodinger/qho/2025-09-16_19-56-00-999728/model.pth
Model state saved to ./results/models/checkpoints/schrodinger/qho/2025-09-16_19-56-00-999728/model_weights.pth
It: 453, Loss: 4.704e-05, Loss_res: 3.584e-03,  Loss_bcs: 3.323e-06, Loss_ut_ics: 7.878e-04, lr: 1.000e-03, Time: 1.02e+03
Model state saved to ./results/models/checkpoints/schrodinger/qho/2025-09-16_19-56-00-999728/model.pth
Model state saved to ./results/models/checkpoints/schrodinger/qho/2025-09-16_19-56-00-999728/model_weights.pth
It: 454, Loss: 1.385e-04, Loss_res: 4.649e-03,  Loss_bcs: 1.392e-05, Loss_ut_ics: 7.805e-03, lr: 1.000e-03, Time: 1.02e+03
Model state saved to ./results/models/checkpoints/schrodinger/qho/2025-09-16_19-56-00-999728/model.pth
Model state saved to ./results/models/checkpoints/schrodinger/qho/2025-09-16_19-56-00-999728/model_weights.pth
It: 455, Loss: 1.003e-04, Loss_res: 3.449e-03,  Loss_bcs: 5.021e-05, Loss_ut_ics: 1.558e-03, lr: 1.000e-03, Time: 1.02e+03
Model state saved to ./results/models/checkpoints/schrodinger/qho/2025-09-16_19-56-00-999728/model.pth
Model state saved to ./results/models/checkpoints/schrodinger/qho/2025-09-16_19-56-00-999728/model_weights.pth
It: 456, Loss: 7.635e-05, Loss_res: 4.679e-03,  Loss_bcs: 2.400e-05, Loss_ut_ics: 5.564e-04, lr: 1.000e-03, Time: 1.02e+03
Model state saved to ./results/models/checkpoints/schrodinger/qho/2025-09-16_19-56-00-999728/model.pth
Model state saved to ./results/models/checkpoints/schrodinger/qho/2025-09-16_19-56-00-999728/model_weights.pth
It: 457, Loss: 6.837e-05, Loss_res: 4.399e-03,  Loss_bcs: 7.969e-06, Loss_ut_ics: 1.641e-03, lr: 1.000e-03, Time: 1.02e+03
Model state saved to ./results/models/checkpoints/schrodinger/qho/2025-09-16_19-56-00-999728/model.pth
Model state saved to ./results/models/checkpoints/schrodinger/qho/2025-09-16_19-56-00-999728/model_weights.pth
It: 458, Loss: 2.106e-04, Loss_res: 4.878e-03,  Loss_bcs: 9.217e-06, Loss_ut_ics: 1.526e-02, lr: 1.000e-03, Time: 1.03e+03
Model state saved to ./results/models/checkpoints/schrodinger/qho/2025-09-16_19-56-00-999728/model.pth
Model state saved to ./results/models/checkpoints/schrodinger/qho/2025-09-16_19-56-00-999728/model_weights.pth
It: 459, Loss: 7.829e-05, Loss_res: 5.191e-03,  Loss_bcs: 1.565e-05, Loss_ut_ics: 1.072e-03, lr: 1.000e-03, Time: 1.03e+03
Model state saved to ./results/models/checkpoints/schrodinger/qho/2025-09-16_19-56-00-999728/model.pth
Model state saved to ./results/models/checkpoints/schrodinger/qho/2025-09-16_19-56-00-999728/model_weights.pth
It: 460, Loss: 1.624e-04, Loss_res: 3.700e-03,  Loss_bcs: 3.666e-05, Loss_ut_ics: 8.872e-03, lr: 1.000e-03, Time: 1.03e+03
Model state saved to ./results/models/checkpoints/schrodinger/qho/2025-09-16_19-56-00-999728/model.pth
Model state saved to ./results/models/checkpoints/schrodinger/qho/2025-09-16_19-56-00-999728/model_weights.pth
It: 461, Loss: 8.586e-05, Loss_res: 5.615e-03,  Loss_bcs: 3.282e-06, Loss_ut_ics: 2.643e-03, lr: 1.000e-03, Time: 1.03e+03
Model state saved to ./results/models/checkpoints/schrodinger/qho/2025-09-16_19-56-00-999728/model.pth
Model state saved to ./results/models/checkpoints/schrodinger/qho/2025-09-16_19-56-00-999728/model_weights.pth
It: 462, Loss: 1.529e-04, Loss_res: 5.408e-03,  Loss_bcs: 1.473e-05, Loss_ut_ics: 8.411e-03, lr: 1.000e-03, Time: 1.03e+03
Model state saved to ./results/models/checkpoints/schrodinger/qho/2025-09-16_19-56-00-999728/model.pth
Model state saved to ./results/models/checkpoints/schrodinger/qho/2025-09-16_19-56-00-999728/model_weights.pth
It: 463, Loss: 1.775e-04, Loss_res: 6.174e-03,  Loss_bcs: 6.478e-06, Loss_ut_ics: 1.093e-02, lr: 1.000e-03, Time: 1.04e+03
Model state saved to ./results/models/checkpoints/schrodinger/qho/2025-09-16_19-56-00-999728/model.pth
Model state saved to ./results/models/checkpoints/schrodinger/qho/2025-09-16_19-56-00-999728/model_weights.pth
It: 464, Loss: 7.432e-05, Loss_res: 4.688e-03,  Loss_bcs: 1.844e-05, Loss_ut_ics: 8.997e-04, lr: 1.000e-03, Time: 1.04e+03
Model state saved to ./results/models/checkpoints/schrodinger/qho/2025-09-16_19-56-00-999728/model.pth
Model state saved to ./results/models/checkpoints/schrodinger/qho/2025-09-16_19-56-00-999728/model_weights.pth
It: 465, Loss: 1.990e-04, Loss_res: 4.864e-03,  Loss_bcs: 4.835e-05, Loss_ut_ics: 1.020e-02, lr: 1.000e-03, Time: 1.04e+03
Model state saved to ./results/models/checkpoints/schrodinger/qho/2025-09-16_19-56-00-999728/model.pth
Model state saved to ./results/models/checkpoints/schrodinger/qho/2025-09-16_19-56-00-999728/model_weights.pth
It: 466, Loss: 1.702e-04, Loss_res: 4.433e-03,  Loss_bcs: 1.830e-05, Loss_ut_ics: 1.076e-02, lr: 1.000e-03, Time: 1.04e+03
Model state saved to ./results/models/checkpoints/schrodinger/qho/2025-09-16_19-56-00-999728/model.pth
Model state saved to ./results/models/checkpoints/schrodinger/qho/2025-09-16_19-56-00-999728/model_weights.pth
It: 467, Loss: 2.309e-04, Loss_res: 4.913e-03,  Loss_bcs: 2.223e-05, Loss_ut_ics: 1.596e-02, lr: 1.000e-03, Time: 1.04e+03
Model state saved to ./results/models/checkpoints/schrodinger/qho/2025-09-16_19-56-00-999728/model.pth
Model state saved to ./results/models/checkpoints/schrodinger/qho/2025-09-16_19-56-00-999728/model_weights.pth
It: 468, Loss: 6.449e-05, Loss_res: 3.127e-03,  Loss_bcs: 2.239e-05, Loss_ut_ics: 1.083e-03, lr: 1.000e-03, Time: 1.05e+03
Model state saved to ./results/models/checkpoints/schrodinger/qho/2025-09-16_19-56-00-999728/model.pth
Model state saved to ./results/models/checkpoints/schrodinger/qho/2025-09-16_19-56-00-999728/model_weights.pth
It: 469, Loss: 1.549e-04, Loss_res: 5.068e-03,  Loss_bcs: 3.098e-05, Loss_ut_ics: 7.328e-03, lr: 1.000e-03, Time: 1.05e+03
Model state saved to ./results/models/checkpoints/schrodinger/qho/2025-09-16_19-56-00-999728/model.pth
Model state saved to ./results/models/checkpoints/schrodinger/qho/2025-09-16_19-56-00-999728/model_weights.pth
It: 470, Loss: 2.011e-04, Loss_res: 3.852e-03,  Loss_bcs: 1.166e-05, Loss_ut_ics: 1.509e-02, lr: 1.000e-03, Time: 1.05e+03
Model state saved to ./results/models/checkpoints/schrodinger/qho/2025-09-16_19-56-00-999728/model.pth
Model state saved to ./results/models/checkpoints/schrodinger/qho/2025-09-16_19-56-00-999728/model_weights.pth
It: 471, Loss: 1.358e-04, Loss_res: 5.286e-03,  Loss_bcs: 1.990e-05, Loss_ut_ics: 6.309e-03, lr: 1.000e-03, Time: 1.05e+03
Model state saved to ./results/models/checkpoints/schrodinger/qho/2025-09-16_19-56-00-999728/model.pth
Model state saved to ./results/models/checkpoints/schrodinger/qho/2025-09-16_19-56-00-999728/model_weights.pth
It: 472, Loss: 7.152e-05, Loss_res: 3.631e-03,  Loss_bcs: 1.482e-05, Loss_ut_ics: 2.040e-03, lr: 1.000e-03, Time: 1.05e+03
Model state saved to ./results/models/checkpoints/schrodinger/qho/2025-09-16_19-56-00-999728/model.pth
Model state saved to ./results/models/checkpoints/schrodinger/qho/2025-09-16_19-56-00-999728/model_weights.pth
It: 473, Loss: 1.083e-04, Loss_res: 5.946e-03,  Loss_bcs: 2.481e-05, Loss_ut_ics: 2.408e-03, lr: 1.000e-03, Time: 1.06e+03
Model state saved to ./results/models/checkpoints/schrodinger/qho/2025-09-16_19-56-00-999728/model.pth
Model state saved to ./results/models/checkpoints/schrodinger/qho/2025-09-16_19-56-00-999728/model_weights.pth
It: 474, Loss: 1.474e-04, Loss_res: 5.456e-03,  Loss_bcs: 7.384e-06, Loss_ut_ics: 8.543e-03, lr: 1.000e-03, Time: 1.06e+03
Model state saved to ./results/models/checkpoints/schrodinger/qho/2025-09-16_19-56-00-999728/model.pth
Model state saved to ./results/models/checkpoints/schrodinger/qho/2025-09-16_19-56-00-999728/model_weights.pth
It: 475, Loss: 1.396e-04, Loss_res: 4.097e-03,  Loss_bcs: 2.063e-05, Loss_ut_ics: 7.804e-03, lr: 1.000e-03, Time: 1.06e+03
Model state saved to ./results/models/checkpoints/schrodinger/qho/2025-09-16_19-56-00-999728/model.pth
Model state saved to ./results/models/checkpoints/schrodinger/qho/2025-09-16_19-56-00-999728/model_weights.pth
It: 476, Loss: 1.576e-04, Loss_res: 4.665e-03,  Loss_bcs: 4.986e-05, Loss_ut_ics: 6.108e-03, lr: 1.000e-03, Time: 1.06e+03
Model state saved to ./results/models/checkpoints/schrodinger/qho/2025-09-16_19-56-00-999728/model.pth
Model state saved to ./results/models/checkpoints/schrodinger/qho/2025-09-16_19-56-00-999728/model_weights.pth
It: 477, Loss: 8.843e-05, Loss_res: 4.265e-03,  Loss_bcs: 1.727e-05, Loss_ut_ics: 2.851e-03, lr: 1.000e-03, Time: 1.06e+03
Model state saved to ./results/models/checkpoints/schrodinger/qho/2025-09-16_19-56-00-999728/model.pth
Model state saved to ./results/models/checkpoints/schrodinger/qho/2025-09-16_19-56-00-999728/model_weights.pth
It: 478, Loss: 1.232e-04, Loss_res: 6.833e-03,  Loss_bcs: 2.288e-05, Loss_ut_ics: 3.198e-03, lr: 1.000e-03, Time: 1.07e+03
Model state saved to ./results/models/checkpoints/schrodinger/qho/2025-09-16_19-56-00-999728/model.pth
Model state saved to ./results/models/checkpoints/schrodinger/qho/2025-09-16_19-56-00-999728/model_weights.pth
It: 479, Loss: 2.008e-04, Loss_res: 5.528e-03,  Loss_bcs: 1.026e-05, Loss_ut_ics: 1.353e-02, lr: 1.000e-03, Time: 1.07e+03
Model state saved to ./results/models/checkpoints/schrodinger/qho/2025-09-16_19-56-00-999728/model.pth
Model state saved to ./results/models/checkpoints/schrodinger/qho/2025-09-16_19-56-00-999728/model_weights.pth
It: 480, Loss: 1.522e-04, Loss_res: 4.566e-03,  Loss_bcs: 2.866e-05, Loss_ut_ics: 7.791e-03, lr: 1.000e-03, Time: 1.07e+03
Model state saved to ./results/models/checkpoints/schrodinger/qho/2025-09-16_19-56-00-999728/model.pth
Model state saved to ./results/models/checkpoints/schrodinger/qho/2025-09-16_19-56-00-999728/model_weights.pth
It: 481, Loss: 2.239e-04, Loss_res: 4.858e-03,  Loss_bcs: 2.998e-05, Loss_ut_ics: 1.454e-02, lr: 1.000e-03, Time: 1.07e+03
Model state saved to ./results/models/checkpoints/schrodinger/qho/2025-09-16_19-56-00-999728/model.pth
Model state saved to ./results/models/checkpoints/schrodinger/qho/2025-09-16_19-56-00-999728/model_weights.pth
It: 482, Loss: 6.745e-05, Loss_res: 3.666e-03,  Loss_bcs: 2.236e-05, Loss_ut_ics: 8.429e-04, lr: 1.000e-03, Time: 1.07e+03
Model state saved to ./results/models/checkpoints/schrodinger/qho/2025-09-16_19-56-00-999728/model.pth
Model state saved to ./results/models/checkpoints/schrodinger/qho/2025-09-16_19-56-00-999728/model_weights.pth
It: 483, Loss: 1.540e-04, Loss_res: 7.010e-03,  Loss_bcs: 1.436e-05, Loss_ut_ics: 6.951e-03, lr: 1.000e-03, Time: 1.08e+03
Model state saved to ./results/models/checkpoints/schrodinger/qho/2025-09-16_19-56-00-999728/model.pth
Model state saved to ./results/models/checkpoints/schrodinger/qho/2025-09-16_19-56-00-999728/model_weights.pth
It: 484, Loss: 6.479e-05, Loss_res: 4.350e-03,  Loss_bcs: 1.007e-05, Loss_ut_ics: 1.122e-03, lr: 1.000e-03, Time: 1.08e+03
Model state saved to ./results/models/checkpoints/schrodinger/qho/2025-09-16_19-56-00-999728/model.pth
Model state saved to ./results/models/checkpoints/schrodinger/qho/2025-09-16_19-56-00-999728/model_weights.pth
It: 485, Loss: 1.812e-04, Loss_res: 5.405e-03,  Loss_bcs: 6.716e-06, Loss_ut_ics: 1.205e-02, lr: 1.000e-03, Time: 1.08e+03
Model state saved to ./results/models/checkpoints/schrodinger/qho/2025-09-16_19-56-00-999728/model.pth
Model state saved to ./results/models/checkpoints/schrodinger/qho/2025-09-16_19-56-00-999728/model_weights.pth
It: 486, Loss: 1.193e-04, Loss_res: 4.439e-03,  Loss_bcs: 3.839e-05, Loss_ut_ics: 3.655e-03, lr: 1.000e-03, Time: 1.08e+03
Model state saved to ./results/models/checkpoints/schrodinger/qho/2025-09-16_19-56-00-999728/model.pth
Model state saved to ./results/models/checkpoints/schrodinger/qho/2025-09-16_19-56-00-999728/model_weights.pth
It: 487, Loss: 7.250e-05, Loss_res: 4.319e-03,  Loss_bcs: 2.142e-05, Loss_ut_ics: 7.888e-04, lr: 1.000e-03, Time: 1.08e+03
Model state saved to ./results/models/checkpoints/schrodinger/qho/2025-09-16_19-56-00-999728/model.pth
Model state saved to ./results/models/checkpoints/schrodinger/qho/2025-09-16_19-56-00-999728/model_weights.pth
It: 488, Loss: 1.080e-04, Loss_res: 4.710e-03,  Loss_bcs: 1.795e-05, Loss_ut_ics: 4.297e-03, lr: 1.000e-03, Time: 1.09e+03
Model state saved to ./results/models/checkpoints/schrodinger/qho/2025-09-16_19-56-00-999728/model.pth
Model state saved to ./results/models/checkpoints/schrodinger/qho/2025-09-16_19-56-00-999728/model_weights.pth
It: 489, Loss: 9.003e-05, Loss_res: 6.910e-03,  Loss_bcs: 1.208e-05, Loss_ut_ics: 8.854e-04, lr: 1.000e-03, Time: 1.09e+03
Model state saved to ./results/models/checkpoints/schrodinger/qho/2025-09-16_19-56-00-999728/model.pth
Model state saved to ./results/models/checkpoints/schrodinger/qho/2025-09-16_19-56-00-999728/model_weights.pth
It: 490, Loss: 7.615e-05, Loss_res: 4.129e-03,  Loss_bcs: 1.744e-05, Loss_ut_ics: 1.742e-03, lr: 1.000e-03, Time: 1.09e+03
Model state saved to ./results/models/checkpoints/schrodinger/qho/2025-09-16_19-56-00-999728/model.pth
Model state saved to ./results/models/checkpoints/schrodinger/qho/2025-09-16_19-56-00-999728/model_weights.pth
It: 491, Loss: 1.198e-04, Loss_res: 3.051e-03,  Loss_bcs: 4.068e-05, Loss_ut_ics: 4.863e-03, lr: 1.000e-03, Time: 1.09e+03
Model state saved to ./results/models/checkpoints/schrodinger/qho/2025-09-16_19-56-00-999728/model.pth
Model state saved to ./results/models/checkpoints/schrodinger/qho/2025-09-16_19-56-00-999728/model_weights.pth
It: 492, Loss: 1.438e-04, Loss_res: 3.807e-03,  Loss_bcs: 3.642e-05, Loss_ut_ics: 6.934e-03, lr: 1.000e-03, Time: 1.10e+03
Model state saved to ./results/models/checkpoints/schrodinger/qho/2025-09-16_19-56-00-999728/model.pth
Model state saved to ./results/models/checkpoints/schrodinger/qho/2025-09-16_19-56-00-999728/model_weights.pth
It: 493, Loss: 1.259e-04, Loss_res: 3.848e-03,  Loss_bcs: 5.928e-06, Loss_ut_ics: 8.146e-03, lr: 1.000e-03, Time: 1.10e+03
Model state saved to ./results/models/checkpoints/schrodinger/qho/2025-09-16_19-56-00-999728/model.pth
Model state saved to ./results/models/checkpoints/schrodinger/qho/2025-09-16_19-56-00-999728/model_weights.pth
It: 494, Loss: 1.834e-04, Loss_res: 5.305e-03,  Loss_bcs: 1.201e-05, Loss_ut_ics: 1.183e-02, lr: 1.000e-03, Time: 1.10e+03
Model state saved to ./results/models/checkpoints/schrodinger/qho/2025-09-16_19-56-00-999728/model.pth
Model state saved to ./results/models/checkpoints/schrodinger/qho/2025-09-16_19-56-00-999728/model_weights.pth
It: 495, Loss: 1.080e-04, Loss_res: 4.911e-03,  Loss_bcs: 4.972e-06, Loss_ut_ics: 5.389e-03, lr: 1.000e-03, Time: 1.10e+03
Model state saved to ./results/models/checkpoints/schrodinger/qho/2025-09-16_19-56-00-999728/model.pth
Model state saved to ./results/models/checkpoints/schrodinger/qho/2025-09-16_19-56-00-999728/model_weights.pth
It: 496, Loss: 8.162e-05, Loss_res: 5.107e-03,  Loss_bcs: 2.097e-05, Loss_ut_ics: 9.582e-04, lr: 1.000e-03, Time: 1.10e+03
Model state saved to ./results/models/checkpoints/schrodinger/qho/2025-09-16_19-56-00-999728/model.pth
Model state saved to ./results/models/checkpoints/schrodinger/qho/2025-09-16_19-56-00-999728/model_weights.pth
It: 497, Loss: 9.057e-05, Loss_res: 4.871e-03,  Loss_bcs: 2.007e-05, Loss_ut_ics: 2.179e-03, lr: 1.000e-03, Time: 1.11e+03
Model state saved to ./results/models/checkpoints/schrodinger/qho/2025-09-16_19-56-00-999728/model.pth
Model state saved to ./results/models/checkpoints/schrodinger/qho/2025-09-16_19-56-00-999728/model_weights.pth
It: 498, Loss: 8.734e-05, Loss_res: 4.915e-03,  Loss_bcs: 6.481e-06, Loss_ut_ics: 3.171e-03, lr: 1.000e-03, Time: 1.11e+03
Model state saved to ./results/models/checkpoints/schrodinger/qho/2025-09-16_19-56-00-999728/model.pth
Model state saved to ./results/models/checkpoints/schrodinger/qho/2025-09-16_19-56-00-999728/model_weights.pth
It: 499, Loss: 2.066e-04, Loss_res: 6.508e-03,  Loss_bcs: 1.612e-05, Loss_ut_ics: 1.254e-02, lr: 1.000e-03, Time: 1.11e+03
Model state saved to ./results/models/checkpoints/schrodinger/qho/2025-09-16_19-56-00-999728/model.pth
Model state saved to ./results/models/checkpoints/schrodinger/qho/2025-09-16_19-56-00-999728/model_weights.pth
It: 500, Loss: 1.278e-04, Loss_res: 8.553e-03,  Loss_bcs: 2.958e-05, Loss_ut_ics: 1.267e-03, lr: 1.000e-03, Time: 1.11e+03
Model state saved to ./results/models/checkpoints/schrodinger/qho/2025-09-16_19-56-00-999728/model.pth
Model state saved to ./results/models/checkpoints/schrodinger/qho/2025-09-16_19-56-00-999728/model_weights.pth
It: 501, Loss: 1.383e-04, Loss_res: 4.279e-03,  Loss_bcs: 5.819e-05, Loss_ut_ics: 3.735e-03, lr: 1.000e-03, Time: 1.11e+03
Model state saved to ./results/models/checkpoints/schrodinger/qho/2025-09-16_19-56-00-999728/model.pth
Model state saved to ./results/models/checkpoints/schrodinger/qho/2025-09-16_19-56-00-999728/model_weights.pth
It: 502, Loss: 1.565e-04, Loss_res: 4.074e-03,  Loss_bcs: 6.483e-05, Loss_ut_ics: 5.090e-03, lr: 1.000e-03, Time: 1.12e+03
Model state saved to ./results/models/checkpoints/schrodinger/qho/2025-09-16_19-56-00-999728/model.pth
Model state saved to ./results/models/checkpoints/schrodinger/qho/2025-09-16_19-56-00-999728/model_weights.pth
It: 503, Loss: 8.483e-05, Loss_res: 4.855e-03,  Loss_bcs: 7.225e-06, Loss_ut_ics: 2.906e-03, lr: 1.000e-03, Time: 1.12e+03
Model state saved to ./results/models/checkpoints/schrodinger/qho/2025-09-16_19-56-00-999728/model.pth
Model state saved to ./results/models/checkpoints/schrodinger/qho/2025-09-16_19-56-00-999728/model_weights.pth
It: 504, Loss: 1.600e-04, Loss_res: 5.704e-03,  Loss_bcs: 4.302e-05, Loss_ut_ics: 5.994e-03, lr: 1.000e-03, Time: 1.12e+03
Model state saved to ./results/models/checkpoints/schrodinger/qho/2025-09-16_19-56-00-999728/model.pth
Model state saved to ./results/models/checkpoints/schrodinger/qho/2025-09-16_19-56-00-999728/model_weights.pth
It: 505, Loss: 1.041e-04, Loss_res: 4.686e-03,  Loss_bcs: 2.661e-05, Loss_ut_ics: 3.062e-03, lr: 1.000e-03, Time: 1.12e+03
Model state saved to ./results/models/checkpoints/schrodinger/qho/2025-09-16_19-56-00-999728/model.pth
Model state saved to ./results/models/checkpoints/schrodinger/qho/2025-09-16_19-56-00-999728/model_weights.pth
It: 506, Loss: 1.073e-04, Loss_res: 3.296e-03,  Loss_bcs: 1.563e-05, Loss_ut_ics: 5.868e-03, lr: 1.000e-03, Time: 1.12e+03
Model state saved to ./results/models/checkpoints/schrodinger/qho/2025-09-16_19-56-00-999728/model.pth
Model state saved to ./results/models/checkpoints/schrodinger/qho/2025-09-16_19-56-00-999728/model_weights.pth
It: 507, Loss: 1.245e-04, Loss_res: 5.280e-03,  Loss_bcs: 4.002e-05, Loss_ut_ics: 3.162e-03, lr: 1.000e-03, Time: 1.13e+03
Model state saved to ./results/models/checkpoints/schrodinger/qho/2025-09-16_19-56-00-999728/model.pth
Model state saved to ./results/models/checkpoints/schrodinger/qho/2025-09-16_19-56-00-999728/model_weights.pth
It: 508, Loss: 7.574e-05, Loss_res: 3.358e-03,  Loss_bcs: 2.021e-05, Loss_ut_ics: 2.195e-03, lr: 1.000e-03, Time: 1.13e+03
Model state saved to ./results/models/checkpoints/schrodinger/qho/2025-09-16_19-56-00-999728/model.pth
Model state saved to ./results/models/checkpoints/schrodinger/qho/2025-09-16_19-56-00-999728/model_weights.pth
It: 509, Loss: 9.519e-05, Loss_res: 4.994e-03,  Loss_bcs: 2.509e-05, Loss_ut_ics: 2.017e-03, lr: 1.000e-03, Time: 1.13e+03
Model state saved to ./results/models/checkpoints/schrodinger/qho/2025-09-16_19-56-00-999728/model.pth
Model state saved to ./results/models/checkpoints/schrodinger/qho/2025-09-16_19-56-00-999728/model_weights.pth
It: 510, Loss: 9.976e-05, Loss_res: 5.948e-03,  Loss_bcs: 2.520e-05, Loss_ut_ics: 1.508e-03, lr: 1.000e-03, Time: 1.13e+03
Model state saved to ./results/models/checkpoints/schrodinger/qho/2025-09-16_19-56-00-999728/model.pth
Model state saved to ./results/models/checkpoints/schrodinger/qho/2025-09-16_19-56-00-999728/model_weights.pth
It: 511, Loss: 1.175e-04, Loss_res: 5.961e-03,  Loss_bcs: 1.568e-05, Loss_ut_ics: 4.219e-03, lr: 1.000e-03, Time: 1.13e+03
Model state saved to ./results/models/checkpoints/schrodinger/qho/2025-09-16_19-56-00-999728/model.pth
Model state saved to ./results/models/checkpoints/schrodinger/qho/2025-09-16_19-56-00-999728/model_weights.pth
It: 512, Loss: 1.773e-04, Loss_res: 2.748e-03,  Loss_bcs: 6.558e-05, Loss_ut_ics: 8.420e-03, lr: 1.000e-03, Time: 1.14e+03
Model state saved to ./results/models/checkpoints/schrodinger/qho/2025-09-16_19-56-00-999728/model.pth
Model state saved to ./results/models/checkpoints/schrodinger/qho/2025-09-16_19-56-00-999728/model_weights.pth
It: 513, Loss: 1.483e-04, Loss_res: 4.450e-03,  Loss_bcs: 5.313e-05, Loss_ut_ics: 5.070e-03, lr: 1.000e-03, Time: 1.14e+03
Model state saved to ./results/models/checkpoints/schrodinger/qho/2025-09-16_19-56-00-999728/model.pth
Model state saved to ./results/models/checkpoints/schrodinger/qho/2025-09-16_19-56-00-999728/model_weights.pth
It: 514, Loss: 1.334e-04, Loss_res: 2.937e-03,  Loss_bcs: 1.118e-05, Loss_ut_ics: 9.289e-03, lr: 1.000e-03, Time: 1.14e+03
Model state saved to ./results/models/checkpoints/schrodinger/qho/2025-09-16_19-56-00-999728/model.pth
Model state saved to ./results/models/checkpoints/schrodinger/qho/2025-09-16_19-56-00-999728/model_weights.pth
It: 515, Loss: 1.367e-04, Loss_res: 9.040e-03,  Loss_bcs: 2.965e-05, Loss_ut_ics: 1.661e-03, lr: 1.000e-03, Time: 1.14e+03
Model state saved to ./results/models/checkpoints/schrodinger/qho/2025-09-16_19-56-00-999728/model.pth
Model state saved to ./results/models/checkpoints/schrodinger/qho/2025-09-16_19-56-00-999728/model_weights.pth
It: 516, Loss: 9.096e-05, Loss_res: 6.699e-03,  Loss_bcs: 1.357e-05, Loss_ut_ics: 1.040e-03, lr: 1.000e-03, Time: 1.14e+03
Model state saved to ./results/models/checkpoints/schrodinger/qho/2025-09-16_19-56-00-999728/model.pth
Model state saved to ./results/models/checkpoints/schrodinger/qho/2025-09-16_19-56-00-999728/model_weights.pth
It: 517, Loss: 1.289e-04, Loss_res: 4.796e-03,  Loss_bcs: 2.939e-05, Loss_ut_ics: 5.154e-03, lr: 1.000e-03, Time: 1.15e+03
Model state saved to ./results/models/checkpoints/schrodinger/qho/2025-09-16_19-56-00-999728/model.pth
Model state saved to ./results/models/checkpoints/schrodinger/qho/2025-09-16_19-56-00-999728/model_weights.pth
It: 518, Loss: 1.707e-04, Loss_res: 4.542e-03,  Loss_bcs: 5.493e-05, Loss_ut_ics: 7.035e-03, lr: 1.000e-03, Time: 1.15e+03
Model state saved to ./results/models/checkpoints/schrodinger/qho/2025-09-16_19-56-00-999728/model.pth
Model state saved to ./results/models/checkpoints/schrodinger/qho/2025-09-16_19-56-00-999728/model_weights.pth
It: 519, Loss: 9.898e-05, Loss_res: 3.654e-03,  Loss_bcs: 2.478e-05, Loss_ut_ics: 3.766e-03, lr: 1.000e-03, Time: 1.15e+03
Model state saved to ./results/models/checkpoints/schrodinger/qho/2025-09-16_19-56-00-999728/model.pth
Model state saved to ./results/models/checkpoints/schrodinger/qho/2025-09-16_19-56-00-999728/model_weights.pth
It: 520, Loss: 1.144e-04, Loss_res: 3.856e-03,  Loss_bcs: 2.184e-05, Loss_ut_ics: 5.404e-03, lr: 1.000e-03, Time: 1.15e+03
Model state saved to ./results/models/checkpoints/schrodinger/qho/2025-09-16_19-56-00-999728/model.pth
Model state saved to ./results/models/checkpoints/schrodinger/qho/2025-09-16_19-56-00-999728/model_weights.pth
It: 521, Loss: 1.235e-04, Loss_res: 3.358e-03,  Loss_bcs: 4.335e-05, Loss_ut_ics: 4.661e-03, lr: 1.000e-03, Time: 1.15e+03
Model state saved to ./results/models/checkpoints/schrodinger/qho/2025-09-16_19-56-00-999728/model.pth
Model state saved to ./results/models/checkpoints/schrodinger/qho/2025-09-16_19-56-00-999728/model_weights.pth
It: 522, Loss: 1.576e-04, Loss_res: 5.710e-03,  Loss_bcs: 2.575e-05, Loss_ut_ics: 7.473e-03, lr: 1.000e-03, Time: 1.16e+03
Model state saved to ./results/models/checkpoints/schrodinger/qho/2025-09-16_19-56-00-999728/model.pth
Model state saved to ./results/models/checkpoints/schrodinger/qho/2025-09-16_19-56-00-999728/model_weights.pth
It: 523, Loss: 1.053e-04, Loss_res: 3.877e-03,  Loss_bcs: 3.234e-05, Loss_ut_ics: 3.417e-03, lr: 1.000e-03, Time: 1.16e+03
Model state saved to ./results/models/checkpoints/schrodinger/qho/2025-09-16_19-56-00-999728/model.pth
Model state saved to ./results/models/checkpoints/schrodinger/qho/2025-09-16_19-56-00-999728/model_weights.pth
It: 524, Loss: 1.280e-04, Loss_res: 5.616e-03,  Loss_bcs: 4.578e-05, Loss_ut_ics: 2.605e-03, lr: 1.000e-03, Time: 1.16e+03
Model state saved to ./results/models/checkpoints/schrodinger/qho/2025-09-16_19-56-00-999728/model.pth
Model state saved to ./results/models/checkpoints/schrodinger/qho/2025-09-16_19-56-00-999728/model_weights.pth
It: 525, Loss: 8.006e-05, Loss_res: 3.594e-03,  Loss_bcs: 2.023e-05, Loss_ut_ics: 2.389e-03, lr: 1.000e-03, Time: 1.16e+03
Model state saved to ./results/models/checkpoints/schrodinger/qho/2025-09-16_19-56-00-999728/model.pth
Model state saved to ./results/models/checkpoints/schrodinger/qho/2025-09-16_19-56-00-999728/model_weights.pth
It: 526, Loss: 1.690e-04, Loss_res: 1.105e-02,  Loss_bcs: 3.131e-05, Loss_ut_ics: 2.720e-03, lr: 1.000e-03, Time: 1.16e+03
Model state saved to ./results/models/checkpoints/schrodinger/qho/2025-09-16_19-56-00-999728/model.pth
Model state saved to ./results/models/checkpoints/schrodinger/qho/2025-09-16_19-56-00-999728/model_weights.pth
It: 527, Loss: 8.767e-05, Loss_res: 2.106e-03,  Loss_bcs: 2.297e-05, Loss_ut_ics: 4.363e-03, lr: 1.000e-03, Time: 1.17e+03
Model state saved to ./results/models/checkpoints/schrodinger/qho/2025-09-16_19-56-00-999728/model.pth
Model state saved to ./results/models/checkpoints/schrodinger/qho/2025-09-16_19-56-00-999728/model_weights.pth
It: 528, Loss: 7.747e-05, Loss_res: 2.989e-03,  Loss_bcs: 1.935e-05, Loss_ut_ics: 2.823e-03, lr: 1.000e-03, Time: 1.17e+03
Model state saved to ./results/models/checkpoints/schrodinger/qho/2025-09-16_19-56-00-999728/model.pth
Model state saved to ./results/models/checkpoints/schrodinger/qho/2025-09-16_19-56-00-999728/model_weights.pth
It: 529, Loss: 1.122e-04, Loss_res: 3.505e-03,  Loss_bcs: 2.523e-05, Loss_ut_ics: 5.194e-03, lr: 1.000e-03, Time: 1.17e+03
Model state saved to ./results/models/checkpoints/schrodinger/qho/2025-09-16_19-56-00-999728/model.pth
Model state saved to ./results/models/checkpoints/schrodinger/qho/2025-09-16_19-56-00-999728/model_weights.pth
It: 530, Loss: 6.738e-05, Loss_res: 3.083e-03,  Loss_bcs: 3.078e-05, Loss_ut_ics: 5.772e-04, lr: 1.000e-03, Time: 1.17e+03
Model state saved to ./results/models/checkpoints/schrodinger/qho/2025-09-16_19-56-00-999728/model.pth
Model state saved to ./results/models/checkpoints/schrodinger/qho/2025-09-16_19-56-00-999728/model_weights.pth
It: 531, Loss: 8.361e-05, Loss_res: 3.930e-03,  Loss_bcs: 2.642e-05, Loss_ut_ics: 1.789e-03, lr: 1.000e-03, Time: 1.18e+03
Model state saved to ./results/models/checkpoints/schrodinger/qho/2025-09-16_19-56-00-999728/model.pth
Model state saved to ./results/models/checkpoints/schrodinger/qho/2025-09-16_19-56-00-999728/model_weights.pth
It: 532, Loss: 1.712e-04, Loss_res: 8.029e-03,  Loss_bcs: 1.695e-05, Loss_ut_ics: 7.391e-03, lr: 1.000e-03, Time: 1.18e+03
Model state saved to ./results/models/checkpoints/schrodinger/qho/2025-09-16_19-56-00-999728/model.pth
Model state saved to ./results/models/checkpoints/schrodinger/qho/2025-09-16_19-56-00-999728/model_weights.pth
It: 533, Loss: 1.445e-04, Loss_res: 3.852e-03,  Loss_bcs: 1.600e-05, Loss_ut_ics: 9.001e-03, lr: 1.000e-03, Time: 1.18e+03
Model state saved to ./results/models/checkpoints/schrodinger/qho/2025-09-16_19-56-00-999728/model.pth
Model state saved to ./results/models/checkpoints/schrodinger/qho/2025-09-16_19-56-00-999728/model_weights.pth
It: 534, Loss: 1.179e-04, Loss_res: 2.598e-03,  Loss_bcs: 4.945e-05, Loss_ut_ics: 4.250e-03, lr: 1.000e-03, Time: 1.18e+03
Model state saved to ./results/models/checkpoints/schrodinger/qho/2025-09-16_19-56-00-999728/model.pth
Model state saved to ./results/models/checkpoints/schrodinger/qho/2025-09-16_19-56-00-999728/model_weights.pth
It: 535, Loss: 1.551e-04, Loss_res: 3.158e-03,  Loss_bcs: 3.163e-05, Loss_ut_ics: 9.186e-03, lr: 1.000e-03, Time: 1.18e+03
Model state saved to ./results/models/checkpoints/schrodinger/qho/2025-09-16_19-56-00-999728/model.pth
Model state saved to ./results/models/checkpoints/schrodinger/qho/2025-09-16_19-56-00-999728/model_weights.pth
It: 536, Loss: 7.102e-05, Loss_res: 4.226e-03,  Loss_bcs: 2.219e-05, Loss_ut_ics: 6.560e-04, lr: 1.000e-03, Time: 1.19e+03
Model state saved to ./results/models/checkpoints/schrodinger/qho/2025-09-16_19-56-00-999728/model.pth
Model state saved to ./results/models/checkpoints/schrodinger/qho/2025-09-16_19-56-00-999728/model_weights.pth
It: 537, Loss: 9.656e-05, Loss_res: 6.950e-03,  Loss_bcs: 1.559e-05, Loss_ut_ics: 1.147e-03, lr: 1.000e-03, Time: 1.19e+03
Model state saved to ./results/models/checkpoints/schrodinger/qho/2025-09-16_19-56-00-999728/model.pth
Model state saved to ./results/models/checkpoints/schrodinger/qho/2025-09-16_19-56-00-999728/model_weights.pth
It: 538, Loss: 6.941e-05, Loss_res: 4.676e-03,  Loss_bcs: 6.619e-06, Loss_ut_ics: 1.603e-03, lr: 1.000e-03, Time: 1.19e+03
Model state saved to ./results/models/checkpoints/schrodinger/qho/2025-09-16_19-56-00-999728/model.pth
Model state saved to ./results/models/checkpoints/schrodinger/qho/2025-09-16_19-56-00-999728/model_weights.pth
It: 539, Loss: 1.242e-04, Loss_res: 3.489e-03,  Loss_bcs: 2.532e-05, Loss_ut_ics: 6.401e-03, lr: 1.000e-03, Time: 1.19e+03
Model state saved to ./results/models/checkpoints/schrodinger/qho/2025-09-16_19-56-00-999728/model.pth
Model state saved to ./results/models/checkpoints/schrodinger/qho/2025-09-16_19-56-00-999728/model_weights.pth
It: 540, Loss: 1.076e-04, Loss_res: 3.307e-03,  Loss_bcs: 3.089e-05, Loss_ut_ics: 4.367e-03, lr: 1.000e-03, Time: 1.19e+03
Model state saved to ./results/models/checkpoints/schrodinger/qho/2025-09-16_19-56-00-999728/model.pth
Model state saved to ./results/models/checkpoints/schrodinger/qho/2025-09-16_19-56-00-999728/model_weights.pth
It: 541, Loss: 1.382e-04, Loss_res: 3.972e-03,  Loss_bcs: 1.130e-05, Loss_ut_ics: 8.715e-03, lr: 1.000e-03, Time: 1.20e+03
Model state saved to ./results/models/checkpoints/schrodinger/qho/2025-09-16_19-56-00-999728/model.pth
Model state saved to ./results/models/checkpoints/schrodinger/qho/2025-09-16_19-56-00-999728/model_weights.pth
It: 542, Loss: 5.941e-05, Loss_res: 4.112e-03,  Loss_bcs: 1.479e-05, Loss_ut_ics: 3.502e-04, lr: 1.000e-03, Time: 1.20e+03
Model state saved to ./results/models/checkpoints/schrodinger/qho/2025-09-16_19-56-00-999728/model.pth
Model state saved to ./results/models/checkpoints/schrodinger/qho/2025-09-16_19-56-00-999728/model_weights.pth
It: 543, Loss: 8.017e-05, Loss_res: 4.509e-03,  Loss_bcs: 2.257e-05, Loss_ut_ics: 1.251e-03, lr: 1.000e-03, Time: 1.20e+03
Model state saved to ./results/models/checkpoints/schrodinger/qho/2025-09-16_19-56-00-999728/model.pth
Model state saved to ./results/models/checkpoints/schrodinger/qho/2025-09-16_19-56-00-999728/model_weights.pth
It: 544, Loss: 9.562e-05, Loss_res: 4.737e-03,  Loss_bcs: 2.417e-05, Loss_ut_ics: 2.409e-03, lr: 1.000e-03, Time: 1.20e+03
Model state saved to ./results/models/checkpoints/schrodinger/qho/2025-09-16_19-56-00-999728/model.pth
Model state saved to ./results/models/checkpoints/schrodinger/qho/2025-09-16_19-56-00-999728/model_weights.pth
It: 545, Loss: 8.158e-05, Loss_res: 3.436e-03,  Loss_bcs: 3.133e-05, Loss_ut_ics: 1.589e-03, lr: 1.000e-03, Time: 1.20e+03
Model state saved to ./results/models/checkpoints/schrodinger/qho/2025-09-16_19-56-00-999728/model.pth
Model state saved to ./results/models/checkpoints/schrodinger/qho/2025-09-16_19-56-00-999728/model_weights.pth
It: 546, Loss: 1.169e-04, Loss_res: 3.767e-03,  Loss_bcs: 4.169e-05, Loss_ut_ics: 3.757e-03, lr: 1.000e-03, Time: 1.21e+03
Model state saved to ./results/models/checkpoints/schrodinger/qho/2025-09-16_19-56-00-999728/model.pth
Model state saved to ./results/models/checkpoints/schrodinger/qho/2025-09-16_19-56-00-999728/model_weights.pth
It: 547, Loss: 9.180e-05, Loss_res: 4.820e-03,  Loss_bcs: 1.703e-05, Loss_ut_ics: 2.657e-03, lr: 1.000e-03, Time: 1.21e+03
Model state saved to ./results/models/checkpoints/schrodinger/qho/2025-09-16_19-56-00-999728/model.pth
Model state saved to ./results/models/checkpoints/schrodinger/qho/2025-09-16_19-56-00-999728/model_weights.pth
It: 548, Loss: 1.101e-04, Loss_res: 4.942e-03,  Loss_bcs: 1.801e-05, Loss_ut_ics: 4.266e-03, lr: 1.000e-03, Time: 1.21e+03
Model state saved to ./results/models/checkpoints/schrodinger/qho/2025-09-16_19-56-00-999728/model.pth
Model state saved to ./results/models/checkpoints/schrodinger/qho/2025-09-16_19-56-00-999728/model_weights.pth
It: 549, Loss: 1.010e-04, Loss_res: 4.384e-03,  Loss_bcs: 4.818e-06, Loss_ut_ics: 5.229e-03, lr: 1.000e-03, Time: 1.21e+03
Model state saved to ./results/models/checkpoints/schrodinger/qho/2025-09-16_19-56-00-999728/model.pth
Model state saved to ./results/models/checkpoints/schrodinger/qho/2025-09-16_19-56-00-999728/model_weights.pth
It: 550, Loss: 1.341e-04, Loss_res: 4.622e-03,  Loss_bcs: 1.994e-05, Loss_ut_ics: 6.796e-03, lr: 1.000e-03, Time: 1.21e+03
Model state saved to ./results/models/checkpoints/schrodinger/qho/2025-09-16_19-56-00-999728/model.pth
Model state saved to ./results/models/checkpoints/schrodinger/qho/2025-09-16_19-56-00-999728/model_weights.pth
It: 551, Loss: 1.214e-04, Loss_res: 3.613e-03,  Loss_bcs: 2.546e-05, Loss_ut_ics: 5.979e-03, lr: 1.000e-03, Time: 1.22e+03
Model state saved to ./results/models/checkpoints/schrodinger/qho/2025-09-16_19-56-00-999728/model.pth
Model state saved to ./results/models/checkpoints/schrodinger/qho/2025-09-16_19-56-00-999728/model_weights.pth
It: 552, Loss: 9.675e-05, Loss_res: 3.932e-03,  Loss_bcs: 3.033e-05, Loss_ut_ics: 2.710e-03, lr: 1.000e-03, Time: 1.22e+03
Model state saved to ./results/models/checkpoints/schrodinger/qho/2025-09-16_19-56-00-999728/model.pth
Model state saved to ./results/models/checkpoints/schrodinger/qho/2025-09-16_19-56-00-999728/model_weights.pth
It: 553, Loss: 6.149e-05, Loss_res: 3.409e-03,  Loss_bcs: 1.012e-05, Loss_ut_ics: 1.727e-03, lr: 1.000e-03, Time: 1.22e+03
Model state saved to ./results/models/checkpoints/schrodinger/qho/2025-09-16_19-56-00-999728/model.pth
Model state saved to ./results/models/checkpoints/schrodinger/qho/2025-09-16_19-56-00-999728/model_weights.pth
It: 554, Loss: 1.127e-04, Loss_res: 3.549e-03,  Loss_bcs: 2.006e-05, Loss_ut_ics: 5.717e-03, lr: 1.000e-03, Time: 1.22e+03
Model state saved to ./results/models/checkpoints/schrodinger/qho/2025-09-16_19-56-00-999728/model.pth
Model state saved to ./results/models/checkpoints/schrodinger/qho/2025-09-16_19-56-00-999728/model_weights.pth
It: 555, Loss: 7.562e-05, Loss_res: 3.325e-03,  Loss_bcs: 1.089e-05, Loss_ut_ics: 3.148e-03, lr: 1.000e-03, Time: 1.22e+03
Model state saved to ./results/models/checkpoints/schrodinger/qho/2025-09-16_19-56-00-999728/model.pth
Model state saved to ./results/models/checkpoints/schrodinger/qho/2025-09-16_19-56-00-999728/model_weights.pth
It: 556, Loss: 8.550e-05, Loss_res: 3.778e-03,  Loss_bcs: 5.598e-06, Loss_ut_ics: 4.212e-03, lr: 1.000e-03, Time: 1.23e+03
Model state saved to ./results/models/checkpoints/schrodinger/qho/2025-09-16_19-56-00-999728/model.pth
Model state saved to ./results/models/checkpoints/schrodinger/qho/2025-09-16_19-56-00-999728/model_weights.pth
It: 557, Loss: 7.188e-05, Loss_res: 3.594e-03,  Loss_bcs: 9.983e-06, Loss_ut_ics: 2.596e-03, lr: 1.000e-03, Time: 1.23e+03
Model state saved to ./results/models/checkpoints/schrodinger/qho/2025-09-16_19-56-00-999728/model.pth
Model state saved to ./results/models/checkpoints/schrodinger/qho/2025-09-16_19-56-00-999728/model_weights.pth
It: 558, Loss: 8.330e-05, Loss_res: 2.442e-03,  Loss_bcs: 2.899e-05, Loss_ut_ics: 2.988e-03, lr: 1.000e-03, Time: 1.23e+03
Model state saved to ./results/models/checkpoints/schrodinger/qho/2025-09-16_19-56-00-999728/model.pth
Model state saved to ./results/models/checkpoints/schrodinger/qho/2025-09-16_19-56-00-999728/model_weights.pth
It: 559, Loss: 1.526e-04, Loss_res: 4.981e-03,  Loss_bcs: 4.301e-06, Loss_ut_ics: 9.850e-03, lr: 1.000e-03, Time: 1.23e+03
Model state saved to ./results/models/checkpoints/schrodinger/qho/2025-09-16_19-56-00-999728/model.pth
Model state saved to ./results/models/checkpoints/schrodinger/qho/2025-09-16_19-56-00-999728/model_weights.pth
It: 560, Loss: 8.674e-05, Loss_res: 3.690e-03,  Loss_bcs: 2.298e-05, Loss_ut_ics: 2.686e-03, lr: 1.000e-03, Time: 1.23e+03
Model state saved to ./results/models/checkpoints/schrodinger/qho/2025-09-16_19-56-00-999728/model.pth
Model state saved to ./results/models/checkpoints/schrodinger/qho/2025-09-16_19-56-00-999728/model_weights.pth
It: 561, Loss: 1.211e-04, Loss_res: 3.890e-03,  Loss_bcs: 1.726e-05, Loss_ut_ics: 6.490e-03, lr: 1.000e-03, Time: 1.24e+03
Model state saved to ./results/models/checkpoints/schrodinger/qho/2025-09-16_19-56-00-999728/model.pth
Model state saved to ./results/models/checkpoints/schrodinger/qho/2025-09-16_19-56-00-999728/model_weights.pth
It: 562, Loss: 1.134e-04, Loss_res: 6.127e-03,  Loss_bcs: 2.546e-05, Loss_ut_ics: 2.665e-03, lr: 1.000e-03, Time: 1.24e+03
Model state saved to ./results/models/checkpoints/schrodinger/qho/2025-09-16_19-56-00-999728/model.pth
Model state saved to ./results/models/checkpoints/schrodinger/qho/2025-09-16_19-56-00-999728/model_weights.pth
It: 563, Loss: 8.519e-05, Loss_res: 3.779e-03,  Loss_bcs: 1.172e-05, Loss_ut_ics: 3.569e-03, lr: 1.000e-03, Time: 1.24e+03
Model state saved to ./results/models/checkpoints/schrodinger/qho/2025-09-16_19-56-00-999728/model.pth
Model state saved to ./results/models/checkpoints/schrodinger/qho/2025-09-16_19-56-00-999728/model_weights.pth
It: 564, Loss: 5.941e-05, Loss_res: 2.880e-03,  Loss_bcs: 1.024e-05, Loss_ut_ics: 2.036e-03, lr: 1.000e-03, Time: 1.24e+03
Model state saved to ./results/models/checkpoints/schrodinger/qho/2025-09-16_19-56-00-999728/model.pth
Model state saved to ./results/models/checkpoints/schrodinger/qho/2025-09-16_19-56-00-999728/model_weights.pth
It: 565, Loss: 7.861e-05, Loss_res: 2.939e-03,  Loss_bcs: 1.430e-05, Loss_ut_ics: 3.491e-03, lr: 1.000e-03, Time: 1.24e+03
Model state saved to ./results/models/checkpoints/schrodinger/qho/2025-09-16_19-56-00-999728/model.pth
Model state saved to ./results/models/checkpoints/schrodinger/qho/2025-09-16_19-56-00-999728/model_weights.pth
It: 566, Loss: 7.875e-05, Loss_res: 3.101e-03,  Loss_bcs: 3.885e-05, Loss_ut_ics: 8.895e-04, lr: 1.000e-03, Time: 1.25e+03
Model state saved to ./results/models/checkpoints/schrodinger/qho/2025-09-16_19-56-00-999728/model.pth
Model state saved to ./results/models/checkpoints/schrodinger/qho/2025-09-16_19-56-00-999728/model_weights.pth
It: 567, Loss: 5.392e-05, Loss_res: 3.155e-03,  Loss_bcs: 1.995e-05, Loss_ut_ics: 2.427e-04, lr: 1.000e-03, Time: 1.25e+03
Model state saved to ./results/models/checkpoints/schrodinger/qho/2025-09-16_19-56-00-999728/model.pth
Model state saved to ./results/models/checkpoints/schrodinger/qho/2025-09-16_19-56-00-999728/model_weights.pth
It: 568, Loss: 9.007e-05, Loss_res: 5.703e-03,  Loss_bcs: 2.511e-05, Loss_ut_ics: 7.933e-04, lr: 1.000e-03, Time: 1.25e+03
Model state saved to ./results/models/checkpoints/schrodinger/qho/2025-09-16_19-56-00-999728/model.pth
Model state saved to ./results/models/checkpoints/schrodinger/qho/2025-09-16_19-56-00-999728/model_weights.pth
It: 569, Loss: 6.952e-05, Loss_res: 3.852e-03,  Loss_bcs: 1.517e-05, Loss_ut_ics: 1.583e-03, lr: 1.000e-03, Time: 1.25e+03
Model state saved to ./results/models/checkpoints/schrodinger/qho/2025-09-16_19-56-00-999728/model.pth
Model state saved to ./results/models/checkpoints/schrodinger/qho/2025-09-16_19-56-00-999728/model_weights.pth
It: 570, Loss: 6.840e-05, Loss_res: 2.396e-03,  Loss_bcs: 4.285e-05, Loss_ut_ics: 1.590e-04, lr: 1.000e-03, Time: 1.25e+03
Model state saved to ./results/models/checkpoints/schrodinger/qho/2025-09-16_19-56-00-999728/model.pth
Model state saved to ./results/models/checkpoints/schrodinger/qho/2025-09-16_19-56-00-999728/model_weights.pth
It: 571, Loss: 9.951e-05, Loss_res: 5.577e-03,  Loss_bcs: 2.467e-05, Loss_ut_ics: 1.907e-03, lr: 1.000e-03, Time: 1.26e+03
Model state saved to ./results/models/checkpoints/schrodinger/qho/2025-09-16_19-56-00-999728/model.pth
Model state saved to ./results/models/checkpoints/schrodinger/qho/2025-09-16_19-56-00-999728/model_weights.pth
It: 572, Loss: 6.537e-05, Loss_res: 3.732e-03,  Loss_bcs: 7.233e-06, Loss_ut_ics: 2.082e-03, lr: 1.000e-03, Time: 1.26e+03
Model state saved to ./results/models/checkpoints/schrodinger/qho/2025-09-16_19-56-00-999728/model.pth
Model state saved to ./results/models/checkpoints/schrodinger/qho/2025-09-16_19-56-00-999728/model_weights.pth
It: 573, Loss: 8.374e-05, Loss_res: 5.107e-03,  Loss_bcs: 2.275e-05, Loss_ut_ics: 9.924e-04, lr: 1.000e-03, Time: 1.26e+03
Model state saved to ./results/models/checkpoints/schrodinger/qho/2025-09-16_19-56-00-999728/model.pth
Model state saved to ./results/models/checkpoints/schrodinger/qho/2025-09-16_19-56-00-999728/model_weights.pth
It: 574, Loss: 9.646e-05, Loss_res: 7.084e-03,  Loss_bcs: 8.956e-06, Loss_ut_ics: 1.666e-03, lr: 1.000e-03, Time: 1.26e+03
Model state saved to ./results/models/checkpoints/schrodinger/qho/2025-09-16_19-56-00-999728/model.pth
Model state saved to ./results/models/checkpoints/schrodinger/qho/2025-09-16_19-56-00-999728/model_weights.pth
It: 575, Loss: 8.138e-05, Loss_res: 3.986e-03,  Loss_bcs: 3.374e-05, Loss_ut_ics: 7.780e-04, lr: 1.000e-03, Time: 1.26e+03
Model state saved to ./results/models/checkpoints/schrodinger/qho/2025-09-16_19-56-00-999728/model.pth
Model state saved to ./results/models/checkpoints/schrodinger/qho/2025-09-16_19-56-00-999728/model_weights.pth
It: 576, Loss: 1.253e-04, Loss_res: 3.816e-03,  Loss_bcs: 6.583e-05, Loss_ut_ics: 2.134e-03, lr: 1.000e-03, Time: 1.27e+03
Model state saved to ./results/models/checkpoints/schrodinger/qho/2025-09-16_19-56-00-999728/model.pth
Model state saved to ./results/models/checkpoints/schrodinger/qho/2025-09-16_19-56-00-999728/model_weights.pth
It: 577, Loss: 8.438e-05, Loss_res: 4.607e-03,  Loss_bcs: 1.100e-05, Loss_ut_ics: 2.732e-03, lr: 1.000e-03, Time: 1.27e+03
Model state saved to ./results/models/checkpoints/schrodinger/qho/2025-09-16_19-56-00-999728/model.pth
Model state saved to ./results/models/checkpoints/schrodinger/qho/2025-09-16_19-56-00-999728/model_weights.pth
It: 578, Loss: 8.112e-05, Loss_res: 3.306e-03,  Loss_bcs: 1.468e-05, Loss_ut_ics: 3.338e-03, lr: 1.000e-03, Time: 1.27e+03
Model state saved to ./results/models/checkpoints/schrodinger/qho/2025-09-16_19-56-00-999728/model.pth
Model state saved to ./results/models/checkpoints/schrodinger/qho/2025-09-16_19-56-00-999728/model_weights.pth
It: 579, Loss: 1.030e-04, Loss_res: 6.473e-03,  Loss_bcs: 2.491e-05, Loss_ut_ics: 1.332e-03, lr: 1.000e-03, Time: 1.27e+03
Model state saved to ./results/models/checkpoints/schrodinger/qho/2025-09-16_19-56-00-999728/model.pth
Model state saved to ./results/models/checkpoints/schrodinger/qho/2025-09-16_19-56-00-999728/model_weights.pth
It: 580, Loss: 1.009e-04, Loss_res: 2.880e-03,  Loss_bcs: 1.328e-05, Loss_ut_ics: 5.885e-03, lr: 1.000e-03, Time: 1.28e+03
Model state saved to ./results/models/checkpoints/schrodinger/qho/2025-09-16_19-56-00-999728/model.pth
Model state saved to ./results/models/checkpoints/schrodinger/qho/2025-09-16_19-56-00-999728/model_weights.pth
It: 581, Loss: 8.745e-05, Loss_res: 3.040e-03,  Loss_bcs: 4.148e-05, Loss_ut_ics: 1.557e-03, lr: 1.000e-03, Time: 1.28e+03
Model state saved to ./results/models/checkpoints/schrodinger/qho/2025-09-16_19-56-00-999728/model.pth
Model state saved to ./results/models/checkpoints/schrodinger/qho/2025-09-16_19-56-00-999728/model_weights.pth
It: 582, Loss: 1.130e-04, Loss_res: 3.692e-03,  Loss_bcs: 2.695e-05, Loss_ut_ics: 4.917e-03, lr: 1.000e-03, Time: 1.28e+03
Model state saved to ./results/models/checkpoints/schrodinger/qho/2025-09-16_19-56-00-999728/model.pth
Model state saved to ./results/models/checkpoints/schrodinger/qho/2025-09-16_19-56-00-999728/model_weights.pth
It: 583, Loss: 1.130e-04, Loss_res: 5.951e-03,  Loss_bcs: 2.197e-05, Loss_ut_ics: 3.152e-03, lr: 1.000e-03, Time: 1.28e+03
Model state saved to ./results/models/checkpoints/schrodinger/qho/2025-09-16_19-56-00-999728/model.pth
Model state saved to ./results/models/checkpoints/schrodinger/qho/2025-09-16_19-56-00-999728/model_weights.pth
It: 584, Loss: 9.732e-05, Loss_res: 4.485e-03,  Loss_bcs: 1.129e-05, Loss_ut_ics: 4.118e-03, lr: 1.000e-03, Time: 1.28e+03
Model state saved to ./results/models/checkpoints/schrodinger/qho/2025-09-16_19-56-00-999728/model.pth
Model state saved to ./results/models/checkpoints/schrodinger/qho/2025-09-16_19-56-00-999728/model_weights.pth
It: 585, Loss: 7.021e-05, Loss_res: 2.901e-03,  Loss_bcs: 2.067e-06, Loss_ut_ics: 3.914e-03, lr: 1.000e-03, Time: 1.29e+03
Model state saved to ./results/models/checkpoints/schrodinger/qho/2025-09-16_19-56-00-999728/model.pth
Model state saved to ./results/models/checkpoints/schrodinger/qho/2025-09-16_19-56-00-999728/model_weights.pth
It: 586, Loss: 1.183e-04, Loss_res: 4.654e-03,  Loss_bcs: 2.285e-05, Loss_ut_ics: 4.890e-03, lr: 1.000e-03, Time: 1.29e+03
Model state saved to ./results/models/checkpoints/schrodinger/qho/2025-09-16_19-56-00-999728/model.pth
Model state saved to ./results/models/checkpoints/schrodinger/qho/2025-09-16_19-56-00-999728/model_weights.pth
It: 587, Loss: 6.259e-05, Loss_res: 2.051e-03,  Loss_bcs: 3.100e-05, Loss_ut_ics: 1.108e-03, lr: 1.000e-03, Time: 1.29e+03
Model state saved to ./results/models/checkpoints/schrodinger/qho/2025-09-16_19-56-00-999728/model.pth
Model state saved to ./results/models/checkpoints/schrodinger/qho/2025-09-16_19-56-00-999728/model_weights.pth
It: 588, Loss: 5.390e-05, Loss_res: 2.048e-03,  Loss_bcs: 1.592e-05, Loss_ut_ics: 1.750e-03, lr: 1.000e-03, Time: 1.29e+03
Model state saved to ./results/models/checkpoints/schrodinger/qho/2025-09-16_19-56-00-999728/model.pth
Model state saved to ./results/models/checkpoints/schrodinger/qho/2025-09-16_19-56-00-999728/model_weights.pth
It: 589, Loss: 1.082e-04, Loss_res: 6.491e-03,  Loss_bcs: 1.370e-05, Loss_ut_ics: 2.957e-03, lr: 1.000e-03, Time: 1.29e+03
Model state saved to ./results/models/checkpoints/schrodinger/qho/2025-09-16_19-56-00-999728/model.pth
Model state saved to ./results/models/checkpoints/schrodinger/qho/2025-09-16_19-56-00-999728/model_weights.pth
It: 590, Loss: 6.520e-05, Loss_res: 3.109e-03,  Loss_bcs: 1.606e-05, Loss_ut_ics: 1.805e-03, lr: 1.000e-03, Time: 1.30e+03
Model state saved to ./results/models/checkpoints/schrodinger/qho/2025-09-16_19-56-00-999728/model.pth
Model state saved to ./results/models/checkpoints/schrodinger/qho/2025-09-16_19-56-00-999728/model_weights.pth
It: 591, Loss: 6.244e-05, Loss_res: 3.197e-03,  Loss_bcs: 2.909e-05, Loss_ut_ics: 1.388e-04, lr: 1.000e-03, Time: 1.30e+03
Model state saved to ./results/models/checkpoints/schrodinger/qho/2025-09-16_19-56-00-999728/model.pth
Model state saved to ./results/models/checkpoints/schrodinger/qho/2025-09-16_19-56-00-999728/model_weights.pth
It: 592, Loss: 7.906e-05, Loss_res: 3.813e-03,  Loss_bcs: 3.483e-05, Loss_ut_ics: 6.103e-04, lr: 1.000e-03, Time: 1.30e+03
Model state saved to ./results/models/checkpoints/schrodinger/qho/2025-09-16_19-56-00-999728/model.pth
Model state saved to ./results/models/checkpoints/schrodinger/qho/2025-09-16_19-56-00-999728/model_weights.pth
It: 593, Loss: 7.234e-05, Loss_res: 2.576e-03,  Loss_bcs: 2.770e-05, Loss_ut_ics: 1.888e-03, lr: 1.000e-03, Time: 1.30e+03
Model state saved to ./results/models/checkpoints/schrodinger/qho/2025-09-16_19-56-00-999728/model.pth
Model state saved to ./results/models/checkpoints/schrodinger/qho/2025-09-16_19-56-00-999728/model_weights.pth
It: 594, Loss: 7.527e-05, Loss_res: 5.456e-03,  Loss_bcs: 4.970e-06, Loss_ut_ics: 1.574e-03, lr: 1.000e-03, Time: 1.30e+03
Model state saved to ./results/models/checkpoints/schrodinger/qho/2025-09-16_19-56-00-999728/model.pth
Model state saved to ./results/models/checkpoints/schrodinger/qho/2025-09-16_19-56-00-999728/model_weights.pth
It: 595, Loss: 8.374e-05, Loss_res: 4.776e-03,  Loss_bcs: 1.288e-05, Loss_ut_ics: 2.310e-03, lr: 1.000e-03, Time: 1.31e+03
Model state saved to ./results/models/checkpoints/schrodinger/qho/2025-09-16_19-56-00-999728/model.pth
Model state saved to ./results/models/checkpoints/schrodinger/qho/2025-09-16_19-56-00-999728/model_weights.pth
It: 596, Loss: 5.026e-05, Loss_res: 2.488e-03,  Loss_bcs: 9.572e-06, Loss_ut_ics: 1.581e-03, lr: 1.000e-03, Time: 1.31e+03
Model state saved to ./results/models/checkpoints/schrodinger/qho/2025-09-16_19-56-00-999728/model.pth
Model state saved to ./results/models/checkpoints/schrodinger/qho/2025-09-16_19-56-00-999728/model_weights.pth
It: 597, Loss: 4.751e-05, Loss_res: 2.217e-03,  Loss_bcs: 1.942e-05, Loss_ut_ics: 5.919e-04, lr: 1.000e-03, Time: 1.31e+03
Model state saved to ./results/models/checkpoints/schrodinger/qho/2025-09-16_19-56-00-999728/model.pth
Model state saved to ./results/models/checkpoints/schrodinger/qho/2025-09-16_19-56-00-999728/model_weights.pth
It: 598, Loss: 5.266e-05, Loss_res: 3.261e-03,  Loss_bcs: 8.158e-06, Loss_ut_ics: 1.190e-03, lr: 1.000e-03, Time: 1.31e+03
Model state saved to ./results/models/checkpoints/schrodinger/qho/2025-09-16_19-56-00-999728/model.pth
Model state saved to ./results/models/checkpoints/schrodinger/qho/2025-09-16_19-56-00-999728/model_weights.pth
It: 599, Loss: 6.282e-05, Loss_res: 2.642e-03,  Loss_bcs: 1.519e-05, Loss_ut_ics: 2.121e-03, lr: 1.000e-03, Time: 1.31e+03
Model state saved to ./results/models/checkpoints/schrodinger/qho/2025-09-16_19-56-00-999728/model.pth
Model state saved to ./results/models/checkpoints/schrodinger/qho/2025-09-16_19-56-00-999728/model_weights.pth
It: 600, Loss: 9.881e-05, Loss_res: 4.899e-03,  Loss_bcs: 1.120e-05, Loss_ut_ics: 3.862e-03, lr: 1.000e-03, Time: 1.32e+03
Model state saved to ./results/models/checkpoints/schrodinger/qho/2025-09-16_19-56-00-999728/model.pth
Model state saved to ./results/models/checkpoints/schrodinger/qho/2025-09-16_19-56-00-999728/model_weights.pth
It: 601, Loss: 1.069e-04, Loss_res: 5.745e-03,  Loss_bcs: 9.972e-06, Loss_ut_ics: 3.944e-03, lr: 1.000e-03, Time: 1.32e+03
Model state saved to ./results/models/checkpoints/schrodinger/qho/2025-09-16_19-56-00-999728/model.pth
Model state saved to ./results/models/checkpoints/schrodinger/qho/2025-09-16_19-56-00-999728/model_weights.pth
It: 602, Loss: 6.379e-05, Loss_res: 2.663e-03,  Loss_bcs: 3.068e-05, Loss_ut_ics: 6.479e-04, lr: 1.000e-03, Time: 1.32e+03
Model state saved to ./results/models/checkpoints/schrodinger/qho/2025-09-16_19-56-00-999728/model.pth
Model state saved to ./results/models/checkpoints/schrodinger/qho/2025-09-16_19-56-00-999728/model_weights.pth
It: 603, Loss: 1.082e-04, Loss_res: 2.596e-03,  Loss_bcs: 3.271e-05, Loss_ut_ics: 4.958e-03, lr: 1.000e-03, Time: 1.32e+03
Model state saved to ./results/models/checkpoints/schrodinger/qho/2025-09-16_19-56-00-999728/model.pth
Model state saved to ./results/models/checkpoints/schrodinger/qho/2025-09-16_19-56-00-999728/model_weights.pth
It: 604, Loss: 8.777e-05, Loss_res: 5.583e-03,  Loss_bcs: 1.145e-05, Loss_ut_ics: 2.049e-03, lr: 1.000e-03, Time: 1.32e+03
Model state saved to ./results/models/checkpoints/schrodinger/qho/2025-09-16_19-56-00-999728/model.pth
Model state saved to ./results/models/checkpoints/schrodinger/qho/2025-09-16_19-56-00-999728/model_weights.pth
It: 605, Loss: 7.441e-05, Loss_res: 5.636e-03,  Loss_bcs: 5.826e-06, Loss_ut_ics: 1.223e-03, lr: 1.000e-03, Time: 1.33e+03
Model state saved to ./results/models/checkpoints/schrodinger/qho/2025-09-16_19-56-00-999728/model.pth
Model state saved to ./results/models/checkpoints/schrodinger/qho/2025-09-16_19-56-00-999728/model_weights.pth
It: 606, Loss: 9.504e-05, Loss_res: 4.732e-03,  Loss_bcs: 2.751e-05, Loss_ut_ics: 2.021e-03, lr: 1.000e-03, Time: 1.33e+03
Model state saved to ./results/models/checkpoints/schrodinger/qho/2025-09-16_19-56-00-999728/model.pth
Model state saved to ./results/models/checkpoints/schrodinger/qho/2025-09-16_19-56-00-999728/model_weights.pth
It: 607, Loss: 7.299e-05, Loss_res: 3.451e-03,  Loss_bcs: 2.108e-05, Loss_ut_ics: 1.741e-03, lr: 1.000e-03, Time: 1.33e+03
Model state saved to ./results/models/checkpoints/schrodinger/qho/2025-09-16_19-56-00-999728/model.pth
Model state saved to ./results/models/checkpoints/schrodinger/qho/2025-09-16_19-56-00-999728/model_weights.pth
It: 608, Loss: 6.953e-05, Loss_res: 3.212e-03,  Loss_bcs: 2.819e-05, Loss_ut_ics: 9.221e-04, lr: 1.000e-03, Time: 1.33e+03
Model state saved to ./results/models/checkpoints/schrodinger/qho/2025-09-16_19-56-00-999728/model.pth
Model state saved to ./results/models/checkpoints/schrodinger/qho/2025-09-16_19-56-00-999728/model_weights.pth
It: 609, Loss: 9.678e-05, Loss_res: 2.952e-03,  Loss_bcs: 9.103e-06, Loss_ut_ics: 5.816e-03, lr: 1.000e-03, Time: 1.33e+03
Model state saved to ./results/models/checkpoints/schrodinger/qho/2025-09-16_19-56-00-999728/model.pth
Model state saved to ./results/models/checkpoints/schrodinger/qho/2025-09-16_19-56-00-999728/model_weights.pth
It: 610, Loss: 8.063e-05, Loss_res: 3.649e-03,  Loss_bcs: 1.005e-05, Loss_ut_ics: 3.409e-03, lr: 1.000e-03, Time: 1.34e+03
Model state saved to ./results/models/checkpoints/schrodinger/qho/2025-09-16_19-56-00-999728/model.pth
Model state saved to ./results/models/checkpoints/schrodinger/qho/2025-09-16_19-56-00-999728/model_weights.pth
It: 611, Loss: 6.181e-05, Loss_res: 3.986e-03,  Loss_bcs: 8.028e-06, Loss_ut_ics: 1.392e-03, lr: 1.000e-03, Time: 1.34e+03
Model state saved to ./results/models/checkpoints/schrodinger/qho/2025-09-16_19-56-00-999728/model.pth
Model state saved to ./results/models/checkpoints/schrodinger/qho/2025-09-16_19-56-00-999728/model_weights.pth
It: 612, Loss: 5.720e-05, Loss_res: 2.728e-03,  Loss_bcs: 1.206e-05, Loss_ut_ics: 1.786e-03, lr: 1.000e-03, Time: 1.34e+03
Model state saved to ./results/models/checkpoints/schrodinger/qho/2025-09-16_19-56-00-999728/model.pth
Model state saved to ./results/models/checkpoints/schrodinger/qho/2025-09-16_19-56-00-999728/model_weights.pth
It: 613, Loss: 1.213e-04, Loss_res: 2.000e-03,  Loss_bcs: 3.687e-05, Loss_ut_ics: 6.439e-03, lr: 1.000e-03, Time: 1.34e+03
Model state saved to ./results/models/checkpoints/schrodinger/qho/2025-09-16_19-56-00-999728/model.pth
Model state saved to ./results/models/checkpoints/schrodinger/qho/2025-09-16_19-56-00-999728/model_weights.pth
It: 614, Loss: 9.203e-05, Loss_res: 4.173e-03,  Loss_bcs: 2.987e-05, Loss_ut_ics: 2.044e-03, lr: 1.000e-03, Time: 1.34e+03
Model state saved to ./results/models/checkpoints/schrodinger/qho/2025-09-16_19-56-00-999728/model.pth
Model state saved to ./results/models/checkpoints/schrodinger/qho/2025-09-16_19-56-00-999728/model_weights.pth
It: 615, Loss: 7.596e-05, Loss_res: 4.368e-03,  Loss_bcs: 1.890e-05, Loss_ut_ics: 1.339e-03, lr: 1.000e-03, Time: 1.35e+03
Model state saved to ./results/models/checkpoints/schrodinger/qho/2025-09-16_19-56-00-999728/model.pth
Model state saved to ./results/models/checkpoints/schrodinger/qho/2025-09-16_19-56-00-999728/model_weights.pth
It: 616, Loss: 8.326e-05, Loss_res: 3.309e-03,  Loss_bcs: 1.796e-05, Loss_ut_ics: 3.220e-03, lr: 1.000e-03, Time: 1.35e+03
Model state saved to ./results/models/checkpoints/schrodinger/qho/2025-09-16_19-56-00-999728/model.pth
Model state saved to ./results/models/checkpoints/schrodinger/qho/2025-09-16_19-56-00-999728/model_weights.pth
It: 617, Loss: 1.034e-04, Loss_res: 4.182e-03,  Loss_bcs: 5.778e-06, Loss_ut_ics: 5.580e-03, lr: 1.000e-03, Time: 1.35e+03
Model state saved to ./results/models/checkpoints/schrodinger/qho/2025-09-16_19-56-00-999728/model.pth
Model state saved to ./results/models/checkpoints/schrodinger/qho/2025-09-16_19-56-00-999728/model_weights.pth
It: 618, Loss: 5.454e-05, Loss_res: 2.796e-03,  Loss_bcs: 9.406e-06, Loss_ut_ics: 1.717e-03, lr: 1.000e-03, Time: 1.35e+03
Model state saved to ./results/models/checkpoints/schrodinger/qho/2025-09-16_19-56-00-999728/model.pth
Model state saved to ./results/models/checkpoints/schrodinger/qho/2025-09-16_19-56-00-999728/model_weights.pth
It: 619, Loss: 8.984e-05, Loss_res: 3.183e-03,  Loss_bcs: 4.389e-05, Loss_ut_ics: 1.411e-03, lr: 1.000e-03, Time: 1.36e+03
Model state saved to ./results/models/checkpoints/schrodinger/qho/2025-09-16_19-56-00-999728/model.pth
Model state saved to ./results/models/checkpoints/schrodinger/qho/2025-09-16_19-56-00-999728/model_weights.pth
It: 620, Loss: 4.503e-05, Loss_res: 2.025e-03,  Loss_bcs: 1.595e-05, Loss_ut_ics: 8.837e-04, lr: 1.000e-03, Time: 1.36e+03
Model state saved to ./results/models/checkpoints/schrodinger/qho/2025-09-16_19-56-00-999728/model.pth
Model state saved to ./results/models/checkpoints/schrodinger/qho/2025-09-16_19-56-00-999728/model_weights.pth
It: 621, Loss: 8.577e-05, Loss_res: 3.682e-03,  Loss_bcs: 1.220e-05, Loss_ut_ics: 3.675e-03, lr: 1.000e-03, Time: 1.36e+03
Model state saved to ./results/models/checkpoints/schrodinger/qho/2025-09-16_19-56-00-999728/model.pth
Model state saved to ./results/models/checkpoints/schrodinger/qho/2025-09-16_19-56-00-999728/model_weights.pth
It: 622, Loss: 9.995e-05, Loss_res: 7.026e-03,  Loss_bcs: 2.339e-05, Loss_ut_ics: 6.301e-04, lr: 1.000e-03, Time: 1.36e+03
Model state saved to ./results/models/checkpoints/schrodinger/qho/2025-09-16_19-56-00-999728/model.pth
Model state saved to ./results/models/checkpoints/schrodinger/qho/2025-09-16_19-56-00-999728/model_weights.pth
It: 623, Loss: 7.040e-05, Loss_res: 4.972e-03,  Loss_bcs: 6.172e-06, Loss_ut_ics: 1.451e-03, lr: 1.000e-03, Time: 1.36e+03
Model state saved to ./results/models/checkpoints/schrodinger/qho/2025-09-16_19-56-00-999728/model.pth
Model state saved to ./results/models/checkpoints/schrodinger/qho/2025-09-16_19-56-00-999728/model_weights.pth
It: 624, Loss: 9.744e-05, Loss_res: 3.059e-03,  Loss_bcs: 4.968e-05, Loss_ut_ics: 1.717e-03, lr: 1.000e-03, Time: 1.37e+03
Model state saved to ./results/models/checkpoints/schrodinger/qho/2025-09-16_19-56-00-999728/model.pth
Model state saved to ./results/models/checkpoints/schrodinger/qho/2025-09-16_19-56-00-999728/model_weights.pth
It: 625, Loss: 1.284e-04, Loss_res: 2.114e-03,  Loss_bcs: 5.613e-05, Loss_ut_ics: 5.115e-03, lr: 1.000e-03, Time: 1.37e+03
Model state saved to ./results/models/checkpoints/schrodinger/qho/2025-09-16_19-56-00-999728/model.pth
Model state saved to ./results/models/checkpoints/schrodinger/qho/2025-09-16_19-56-00-999728/model_weights.pth
It: 626, Loss: 5.467e-05, Loss_res: 2.799e-03,  Loss_bcs: 7.504e-06, Loss_ut_ics: 1.918e-03, lr: 1.000e-03, Time: 1.37e+03
Model state saved to ./results/models/checkpoints/schrodinger/qho/2025-09-16_19-56-00-999728/model.pth
Model state saved to ./results/models/checkpoints/schrodinger/qho/2025-09-16_19-56-00-999728/model_weights.pth
It: 627, Loss: 9.782e-05, Loss_res: 5.116e-03,  Loss_bcs: 3.081e-05, Loss_ut_ics: 1.585e-03, lr: 1.000e-03, Time: 1.37e+03
Model state saved to ./results/models/checkpoints/schrodinger/qho/2025-09-16_19-56-00-999728/model.pth
Model state saved to ./results/models/checkpoints/schrodinger/qho/2025-09-16_19-56-00-999728/model_weights.pth
It: 628, Loss: 1.208e-04, Loss_res: 7.361e-03,  Loss_bcs: 2.237e-05, Loss_ut_ics: 2.484e-03, lr: 1.000e-03, Time: 1.37e+03
Model state saved to ./results/models/checkpoints/schrodinger/qho/2025-09-16_19-56-00-999728/model.pth
Model state saved to ./results/models/checkpoints/schrodinger/qho/2025-09-16_19-56-00-999728/model_weights.pth
It: 629, Loss: 8.500e-05, Loss_res: 2.646e-03,  Loss_bcs: 2.728e-05, Loss_ut_ics: 3.126e-03, lr: 1.000e-03, Time: 1.38e+03
Model state saved to ./results/models/checkpoints/schrodinger/qho/2025-09-16_19-56-00-999728/model.pth
Model state saved to ./results/models/checkpoints/schrodinger/qho/2025-09-16_19-56-00-999728/model_weights.pth
It: 630, Loss: 1.549e-04, Loss_res: 3.019e-03,  Loss_bcs: 9.356e-05, Loss_ut_ics: 3.110e-03, lr: 1.000e-03, Time: 1.38e+03
Model state saved to ./results/models/checkpoints/schrodinger/qho/2025-09-16_19-56-00-999728/model.pth
Model state saved to ./results/models/checkpoints/schrodinger/qho/2025-09-16_19-56-00-999728/model_weights.pth
It: 631, Loss: 6.999e-05, Loss_res: 1.767e-03,  Loss_bcs: 3.962e-05, Loss_ut_ics: 1.270e-03, lr: 1.000e-03, Time: 1.38e+03
Model state saved to ./results/models/checkpoints/schrodinger/qho/2025-09-16_19-56-00-999728/model.pth
Model state saved to ./results/models/checkpoints/schrodinger/qho/2025-09-16_19-56-00-999728/model_weights.pth
It: 632, Loss: 8.728e-05, Loss_res: 4.367e-03,  Loss_bcs: 2.448e-05, Loss_ut_ics: 1.914e-03, lr: 1.000e-03, Time: 1.38e+03
Model state saved to ./results/models/checkpoints/schrodinger/qho/2025-09-16_19-56-00-999728/model.pth
Model state saved to ./results/models/checkpoints/schrodinger/qho/2025-09-16_19-56-00-999728/model_weights.pth
It: 633, Loss: 1.595e-04, Loss_res: 9.895e-03,  Loss_bcs: 4.215e-05, Loss_ut_ics: 1.835e-03, lr: 1.000e-03, Time: 1.38e+03
Model state saved to ./results/models/checkpoints/schrodinger/qho/2025-09-16_19-56-00-999728/model.pth
Model state saved to ./results/models/checkpoints/schrodinger/qho/2025-09-16_19-56-00-999728/model_weights.pth
It: 634, Loss: 6.216e-05, Loss_res: 2.628e-03,  Loss_bcs: 1.749e-05, Loss_ut_ics: 1.839e-03, lr: 1.000e-03, Time: 1.39e+03
Model state saved to ./results/models/checkpoints/schrodinger/qho/2025-09-16_19-56-00-999728/model.pth
Model state saved to ./results/models/checkpoints/schrodinger/qho/2025-09-16_19-56-00-999728/model_weights.pth
It: 635, Loss: 9.734e-05, Loss_res: 2.532e-03,  Loss_bcs: 4.640e-05, Loss_ut_ics: 2.562e-03, lr: 1.000e-03, Time: 1.39e+03
Model state saved to ./results/models/checkpoints/schrodinger/qho/2025-09-16_19-56-00-999728/model.pth
Model state saved to ./results/models/checkpoints/schrodinger/qho/2025-09-16_19-56-00-999728/model_weights.pth
It: 636, Loss: 1.332e-04, Loss_res: 3.297e-03,  Loss_bcs: 5.525e-05, Loss_ut_ics: 4.503e-03, lr: 1.000e-03, Time: 1.39e+03
Model state saved to ./results/models/checkpoints/schrodinger/qho/2025-09-16_19-56-00-999728/model.pth
Model state saved to ./results/models/checkpoints/schrodinger/qho/2025-09-16_19-56-00-999728/model_weights.pth
It: 637, Loss: 7.161e-05, Loss_res: 3.881e-03,  Loss_bcs: 4.406e-06, Loss_ut_ics: 2.840e-03, lr: 1.000e-03, Time: 1.39e+03
Model state saved to ./results/models/checkpoints/schrodinger/qho/2025-09-16_19-56-00-999728/model.pth
Model state saved to ./results/models/checkpoints/schrodinger/qho/2025-09-16_19-56-00-999728/model_weights.pth
It: 638, Loss: 1.124e-04, Loss_res: 6.589e-03,  Loss_bcs: 2.474e-05, Loss_ut_ics: 2.179e-03, lr: 1.000e-03, Time: 1.40e+03
Model state saved to ./results/models/checkpoints/schrodinger/qho/2025-09-16_19-56-00-999728/model.pth
Model state saved to ./results/models/checkpoints/schrodinger/qho/2025-09-16_19-56-00-999728/model_weights.pth
It: 639, Loss: 6.331e-05, Loss_res: 4.201e-03,  Loss_bcs: 1.719e-05, Loss_ut_ics: 4.109e-04, lr: 1.000e-03, Time: 1.40e+03
Model state saved to ./results/models/checkpoints/schrodinger/qho/2025-09-16_19-56-00-999728/model.pth
Model state saved to ./results/models/checkpoints/schrodinger/qho/2025-09-16_19-56-00-999728/model_weights.pth
It: 640, Loss: 6.276e-05, Loss_res: 2.348e-03,  Loss_bcs: 2.322e-05, Loss_ut_ics: 1.607e-03, lr: 1.000e-03, Time: 1.40e+03
Model state saved to ./results/models/checkpoints/schrodinger/qho/2025-09-16_19-56-00-999728/model.pth
Model state saved to ./results/models/checkpoints/schrodinger/qho/2025-09-16_19-56-00-999728/model_weights.pth
It: 641, Loss: 7.199e-05, Loss_res: 2.726e-03,  Loss_bcs: 3.231e-05, Loss_ut_ics: 1.242e-03, lr: 1.000e-03, Time: 1.40e+03
Model state saved to ./results/models/checkpoints/schrodinger/qho/2025-09-16_19-56-00-999728/model.pth
Model state saved to ./results/models/checkpoints/schrodinger/qho/2025-09-16_19-56-00-999728/model_weights.pth
It: 642, Loss: 6.512e-05, Loss_res: 3.369e-03,  Loss_bcs: 1.032e-05, Loss_ut_ics: 2.110e-03, lr: 1.000e-03, Time: 1.41e+03
Model state saved to ./results/models/checkpoints/schrodinger/qho/2025-09-16_19-56-00-999728/model.pth
Model state saved to ./results/models/checkpoints/schrodinger/qho/2025-09-16_19-56-00-999728/model_weights.pth
It: 643, Loss: 9.049e-05, Loss_res: 5.680e-03,  Loss_bcs: 2.400e-05, Loss_ut_ics: 9.688e-04, lr: 1.000e-03, Time: 1.41e+03
Model state saved to ./results/models/checkpoints/schrodinger/qho/2025-09-16_19-56-00-999728/model.pth
Model state saved to ./results/models/checkpoints/schrodinger/qho/2025-09-16_19-56-00-999728/model_weights.pth
It: 644, Loss: 5.412e-05, Loss_res: 3.055e-03,  Loss_bcs: 1.145e-05, Loss_ut_ics: 1.212e-03, lr: 1.000e-03, Time: 1.41e+03
Model state saved to ./results/models/checkpoints/schrodinger/qho/2025-09-16_19-56-00-999728/model.pth
Model state saved to ./results/models/checkpoints/schrodinger/qho/2025-09-16_19-56-00-999728/model_weights.pth
It: 645, Loss: 7.685e-05, Loss_res: 3.652e-03,  Loss_bcs: 9.994e-06, Loss_ut_ics: 3.034e-03, lr: 1.000e-03, Time: 1.42e+03
Model state saved to ./results/models/checkpoints/schrodinger/qho/2025-09-16_19-56-00-999728/model.pth
Model state saved to ./results/models/checkpoints/schrodinger/qho/2025-09-16_19-56-00-999728/model_weights.pth
It: 646, Loss: 5.568e-05, Loss_res: 2.371e-03,  Loss_bcs: 1.788e-05, Loss_ut_ics: 1.410e-03, lr: 1.000e-03, Time: 1.42e+03
Model state saved to ./results/models/checkpoints/schrodinger/qho/2025-09-16_19-56-00-999728/model.pth
Model state saved to ./results/models/checkpoints/schrodinger/qho/2025-09-16_19-56-00-999728/model_weights.pth
It: 647, Loss: 7.359e-05, Loss_res: 2.677e-03,  Loss_bcs: 2.385e-05, Loss_ut_ics: 2.297e-03, lr: 1.000e-03, Time: 1.42e+03
Model state saved to ./results/models/checkpoints/schrodinger/qho/2025-09-16_19-56-00-999728/model.pth
Model state saved to ./results/models/checkpoints/schrodinger/qho/2025-09-16_19-56-00-999728/model_weights.pth
It: 648, Loss: 7.267e-05, Loss_res: 3.604e-03,  Loss_bcs: 1.095e-05, Loss_ut_ics: 2.567e-03, lr: 1.000e-03, Time: 1.43e+03
Model state saved to ./results/models/checkpoints/schrodinger/qho/2025-09-16_19-56-00-999728/model.pth
Model state saved to ./results/models/checkpoints/schrodinger/qho/2025-09-16_19-56-00-999728/model_weights.pth
It: 649, Loss: 1.086e-04, Loss_res: 5.448e-03,  Loss_bcs: 4.402e-05, Loss_ut_ics: 1.016e-03, lr: 1.000e-03, Time: 1.43e+03
Model state saved to ./results/models/checkpoints/schrodinger/qho/2025-09-16_19-56-00-999728/model.pth
Model state saved to ./results/models/checkpoints/schrodinger/qho/2025-09-16_19-56-00-999728/model_weights.pth
It: 650, Loss: 6.962e-05, Loss_res: 4.007e-03,  Loss_bcs: 9.986e-06, Loss_ut_ics: 1.956e-03, lr: 1.000e-03, Time: 1.43e+03
Model state saved to ./results/models/checkpoints/schrodinger/qho/2025-09-16_19-56-00-999728/model.pth
Model state saved to ./results/models/checkpoints/schrodinger/qho/2025-09-16_19-56-00-999728/model_weights.pth
It: 651, Loss: 6.302e-05, Loss_res: 1.633e-03,  Loss_bcs: 2.158e-05, Loss_ut_ics: 2.512e-03, lr: 1.000e-03, Time: 1.43e+03
Model state saved to ./results/models/checkpoints/schrodinger/qho/2025-09-16_19-56-00-999728/model.pth
Model state saved to ./results/models/checkpoints/schrodinger/qho/2025-09-16_19-56-00-999728/model_weights.pth
It: 652, Loss: 8.031e-05, Loss_res: 2.285e-03,  Loss_bcs: 2.760e-05, Loss_ut_ics: 2.985e-03, lr: 1.000e-03, Time: 1.44e+03
Model state saved to ./results/models/checkpoints/schrodinger/qho/2025-09-16_19-56-00-999728/model.pth
Model state saved to ./results/models/checkpoints/schrodinger/qho/2025-09-16_19-56-00-999728/model_weights.pth
It: 653, Loss: 5.665e-05, Loss_res: 3.439e-03,  Loss_bcs: 1.484e-05, Loss_ut_ics: 7.415e-04, lr: 1.000e-03, Time: 1.44e+03
Model state saved to ./results/models/checkpoints/schrodinger/qho/2025-09-16_19-56-00-999728/model.pth
Model state saved to ./results/models/checkpoints/schrodinger/qho/2025-09-16_19-56-00-999728/model_weights.pth
It: 654, Loss: 6.989e-05, Loss_res: 4.042e-03,  Loss_bcs: 1.176e-05, Loss_ut_ics: 1.771e-03, lr: 1.000e-03, Time: 1.44e+03
Model state saved to ./results/models/checkpoints/schrodinger/qho/2025-09-16_19-56-00-999728/model.pth
Model state saved to ./results/models/checkpoints/schrodinger/qho/2025-09-16_19-56-00-999728/model_weights.pth
It: 655, Loss: 7.034e-05, Loss_res: 4.058e-03,  Loss_bcs: 9.836e-06, Loss_ut_ics: 1.993e-03, lr: 1.000e-03, Time: 1.45e+03
Model state saved to ./results/models/checkpoints/schrodinger/qho/2025-09-16_19-56-00-999728/model.pth
Model state saved to ./results/models/checkpoints/schrodinger/qho/2025-09-16_19-56-00-999728/model_weights.pth
It: 656, Loss: 6.813e-05, Loss_res: 3.049e-03,  Loss_bcs: 1.720e-05, Loss_ut_ics: 2.044e-03, lr: 1.000e-03, Time: 1.45e+03
Model state saved to ./results/models/checkpoints/schrodinger/qho/2025-09-16_19-56-00-999728/model.pth
Model state saved to ./results/models/checkpoints/schrodinger/qho/2025-09-16_19-56-00-999728/model_weights.pth
It: 657, Loss: 8.801e-05, Loss_res: 3.348e-03,  Loss_bcs: 2.352e-05, Loss_ut_ics: 3.101e-03, lr: 1.000e-03, Time: 1.45e+03
Model state saved to ./results/models/checkpoints/schrodinger/qho/2025-09-16_19-56-00-999728/model.pth
Model state saved to ./results/models/checkpoints/schrodinger/qho/2025-09-16_19-56-00-999728/model_weights.pth
It: 658, Loss: 5.201e-05, Loss_res: 2.570e-03,  Loss_bcs: 1.612e-05, Loss_ut_ics: 1.019e-03, lr: 1.000e-03, Time: 1.45e+03
Model state saved to ./results/models/checkpoints/schrodinger/qho/2025-09-16_19-56-00-999728/model.pth
Model state saved to ./results/models/checkpoints/schrodinger/qho/2025-09-16_19-56-00-999728/model_weights.pth
It: 659, Loss: 5.954e-05, Loss_res: 3.671e-03,  Loss_bcs: 6.379e-06, Loss_ut_ics: 1.645e-03, lr: 1.000e-03, Time: 1.45e+03
Model state saved to ./results/models/checkpoints/schrodinger/qho/2025-09-16_19-56-00-999728/model.pth
Model state saved to ./results/models/checkpoints/schrodinger/qho/2025-09-16_19-56-00-999728/model_weights.pth
It: 660, Loss: 3.991e-05, Loss_res: 3.135e-03,  Loss_bcs: 5.076e-06, Loss_ut_ics: 3.485e-04, lr: 1.000e-03, Time: 1.46e+03
Model state saved to ./results/models/checkpoints/schrodinger/qho/2025-09-16_19-56-00-999728/model.pth
Model state saved to ./results/models/checkpoints/schrodinger/qho/2025-09-16_19-56-00-999728/model_weights.pth
It: 661, Loss: 7.406e-05, Loss_res: 3.343e-03,  Loss_bcs: 6.774e-06, Loss_ut_ics: 3.386e-03, lr: 1.000e-03, Time: 1.46e+03
Model state saved to ./results/models/checkpoints/schrodinger/qho/2025-09-16_19-56-00-999728/model.pth
Model state saved to ./results/models/checkpoints/schrodinger/qho/2025-09-16_19-56-00-999728/model_weights.pth
It: 662, Loss: 6.027e-05, Loss_res: 3.515e-03,  Loss_bcs: 1.912e-05, Loss_ut_ics: 5.990e-04, lr: 1.000e-03, Time: 1.46e+03
Model state saved to ./results/models/checkpoints/schrodinger/qho/2025-09-16_19-56-00-999728/model.pth
Model state saved to ./results/models/checkpoints/schrodinger/qho/2025-09-16_19-56-00-999728/model_weights.pth
It: 663, Loss: 5.879e-05, Loss_res: 3.339e-03,  Loss_bcs: 1.545e-05, Loss_ut_ics: 9.946e-04, lr: 1.000e-03, Time: 1.46e+03
Model state saved to ./results/models/checkpoints/schrodinger/qho/2025-09-16_19-56-00-999728/model.pth
Model state saved to ./results/models/checkpoints/schrodinger/qho/2025-09-16_19-56-00-999728/model_weights.pth
It: 664, Loss: 8.900e-05, Loss_res: 2.270e-03,  Loss_bcs: 1.534e-05, Loss_ut_ics: 5.096e-03, lr: 1.000e-03, Time: 1.47e+03
Model state saved to ./results/models/checkpoints/schrodinger/qho/2025-09-16_19-56-00-999728/model.pth
Model state saved to ./results/models/checkpoints/schrodinger/qho/2025-09-16_19-56-00-999728/model_weights.pth
It: 665, Loss: 9.150e-05, Loss_res: 3.589e-03,  Loss_bcs: 7.328e-06, Loss_ut_ics: 4.828e-03, lr: 1.000e-03, Time: 1.47e+03
Model state saved to ./results/models/checkpoints/schrodinger/qho/2025-09-16_19-56-00-999728/model.pth
Model state saved to ./results/models/checkpoints/schrodinger/qho/2025-09-16_19-56-00-999728/model_weights.pth
It: 666, Loss: 6.010e-05, Loss_res: 3.972e-03,  Loss_bcs: 1.273e-05, Loss_ut_ics: 7.657e-04, lr: 1.000e-03, Time: 1.47e+03
Model state saved to ./results/models/checkpoints/schrodinger/qho/2025-09-16_19-56-00-999728/model.pth
Model state saved to ./results/models/checkpoints/schrodinger/qho/2025-09-16_19-56-00-999728/model_weights.pth
It: 667, Loss: 6.889e-05, Loss_res: 3.052e-03,  Loss_bcs: 1.538e-05, Loss_ut_ics: 2.298e-03, lr: 1.000e-03, Time: 1.48e+03
Model state saved to ./results/models/checkpoints/schrodinger/qho/2025-09-16_19-56-00-999728/model.pth
Model state saved to ./results/models/checkpoints/schrodinger/qho/2025-09-16_19-56-00-999728/model_weights.pth
It: 668, Loss: 1.020e-04, Loss_res: 3.712e-03,  Loss_bcs: 2.677e-05, Loss_ut_ics: 3.809e-03, lr: 1.000e-03, Time: 1.48e+03
Model state saved to ./results/models/checkpoints/schrodinger/qho/2025-09-16_19-56-00-999728/model.pth
Model state saved to ./results/models/checkpoints/schrodinger/qho/2025-09-16_19-56-00-999728/model_weights.pth
It: 669, Loss: 5.339e-05, Loss_res: 2.844e-03,  Loss_bcs: 1.008e-05, Loss_ut_ics: 1.488e-03, lr: 1.000e-03, Time: 1.48e+03
Model state saved to ./results/models/checkpoints/schrodinger/qho/2025-09-16_19-56-00-999728/model.pth
Model state saved to ./results/models/checkpoints/schrodinger/qho/2025-09-16_19-56-00-999728/model_weights.pth
It: 670, Loss: 7.665e-05, Loss_res: 3.099e-03,  Loss_bcs: 7.556e-06, Loss_ut_ics: 3.810e-03, lr: 1.000e-03, Time: 1.48e+03
Model state saved to ./results/models/checkpoints/schrodinger/qho/2025-09-16_19-56-00-999728/model.pth
Model state saved to ./results/models/checkpoints/schrodinger/qho/2025-09-16_19-56-00-999728/model_weights.pth
It: 671, Loss: 8.689e-05, Loss_res: 3.660e-03,  Loss_bcs: 1.290e-05, Loss_ut_ics: 3.739e-03, lr: 1.000e-03, Time: 1.49e+03
Model state saved to ./results/models/checkpoints/schrodinger/qho/2025-09-16_19-56-00-999728/model.pth
Model state saved to ./results/models/checkpoints/schrodinger/qho/2025-09-16_19-56-00-999728/model_weights.pth
It: 672, Loss: 8.097e-05, Loss_res: 4.378e-03,  Loss_bcs: 2.838e-05, Loss_ut_ics: 8.806e-04, lr: 1.000e-03, Time: 1.49e+03
Model state saved to ./results/models/checkpoints/schrodinger/qho/2025-09-16_19-56-00-999728/model.pth
Model state saved to ./results/models/checkpoints/schrodinger/qho/2025-09-16_19-56-00-999728/model_weights.pth
It: 673, Loss: 9.286e-05, Loss_res: 3.124e-03,  Loss_bcs: 4.107e-05, Loss_ut_ics: 2.055e-03, lr: 1.000e-03, Time: 1.49e+03
Model state saved to ./results/models/checkpoints/schrodinger/qho/2025-09-16_19-56-00-999728/model.pth
Model state saved to ./results/models/checkpoints/schrodinger/qho/2025-09-16_19-56-00-999728/model_weights.pth
It: 674, Loss: 9.812e-05, Loss_res: 3.213e-03,  Loss_bcs: 3.156e-05, Loss_ut_ics: 3.444e-03, lr: 1.000e-03, Time: 1.49e+03
Model state saved to ./results/models/checkpoints/schrodinger/qho/2025-09-16_19-56-00-999728/model.pth
Model state saved to ./results/models/checkpoints/schrodinger/qho/2025-09-16_19-56-00-999728/model_weights.pth
It: 675, Loss: 6.643e-05, Loss_res: 4.589e-03,  Loss_bcs: 1.081e-05, Loss_ut_ics: 9.727e-04, lr: 1.000e-03, Time: 1.49e+03
Model state saved to ./results/models/checkpoints/schrodinger/qho/2025-09-16_19-56-00-999728/model.pth
Model state saved to ./results/models/checkpoints/schrodinger/qho/2025-09-16_19-56-00-999728/model_weights.pth
It: 676, Loss: 1.188e-04, Loss_res: 6.471e-03,  Loss_bcs: 3.059e-06, Loss_ut_ics: 5.104e-03, lr: 1.000e-03, Time: 1.50e+03
Model state saved to ./results/models/checkpoints/schrodinger/qho/2025-09-16_19-56-00-999728/model.pth
Model state saved to ./results/models/checkpoints/schrodinger/qho/2025-09-16_19-56-00-999728/model_weights.pth
It: 677, Loss: 5.608e-05, Loss_res: 3.266e-03,  Loss_bcs: 1.651e-05, Loss_ut_ics: 6.902e-04, lr: 1.000e-03, Time: 1.50e+03
Model state saved to ./results/models/checkpoints/schrodinger/qho/2025-09-16_19-56-00-999728/model.pth
Model state saved to ./results/models/checkpoints/schrodinger/qho/2025-09-16_19-56-00-999728/model_weights.pth
It: 678, Loss: 1.256e-04, Loss_res: 3.522e-03,  Loss_bcs: 4.414e-05, Loss_ut_ics: 4.628e-03, lr: 1.000e-03, Time: 1.50e+03
Model state saved to ./results/models/checkpoints/schrodinger/qho/2025-09-16_19-56-00-999728/model.pth
Model state saved to ./results/models/checkpoints/schrodinger/qho/2025-09-16_19-56-00-999728/model_weights.pth
It: 679, Loss: 6.714e-05, Loss_res: 2.539e-03,  Loss_bcs: 1.889e-05, Loss_ut_ics: 2.286e-03, lr: 1.000e-03, Time: 1.50e+03
Model state saved to ./results/models/checkpoints/schrodinger/qho/2025-09-16_19-56-00-999728/model.pth
Model state saved to ./results/models/checkpoints/schrodinger/qho/2025-09-16_19-56-00-999728/model_weights.pth
It: 680, Loss: 6.530e-05, Loss_res: 4.717e-03,  Loss_bcs: 7.810e-06, Loss_ut_ics: 1.033e-03, lr: 1.000e-03, Time: 1.51e+03
Model state saved to ./results/models/checkpoints/schrodinger/qho/2025-09-16_19-56-00-999728/model.pth
Model state saved to ./results/models/checkpoints/schrodinger/qho/2025-09-16_19-56-00-999728/model_weights.pth
It: 681, Loss: 8.391e-05, Loss_res: 5.174e-03,  Loss_bcs: 1.923e-05, Loss_ut_ics: 1.294e-03, lr: 1.000e-03, Time: 1.51e+03
Model state saved to ./results/models/checkpoints/schrodinger/qho/2025-09-16_19-56-00-999728/model.pth
Model state saved to ./results/models/checkpoints/schrodinger/qho/2025-09-16_19-56-00-999728/model_weights.pth
It: 682, Loss: 6.861e-05, Loss_res: 3.680e-03,  Loss_bcs: 1.460e-05, Loss_ut_ics: 1.721e-03, lr: 1.000e-03, Time: 1.51e+03
Model state saved to ./results/models/checkpoints/schrodinger/qho/2025-09-16_19-56-00-999728/model.pth
Model state saved to ./results/models/checkpoints/schrodinger/qho/2025-09-16_19-56-00-999728/model_weights.pth
It: 683, Loss: 1.043e-04, Loss_res: 2.044e-03,  Loss_bcs: 6.547e-05, Loss_ut_ics: 1.842e-03, lr: 1.000e-03, Time: 1.52e+03
Model state saved to ./results/models/checkpoints/schrodinger/qho/2025-09-16_19-56-00-999728/model.pth
Model state saved to ./results/models/checkpoints/schrodinger/qho/2025-09-16_19-56-00-999728/model_weights.pth
It: 684, Loss: 7.359e-05, Loss_res: 2.455e-03,  Loss_bcs: 1.884e-05, Loss_ut_ics: 3.019e-03, lr: 1.000e-03, Time: 1.52e+03
Model state saved to ./results/models/checkpoints/schrodinger/qho/2025-09-16_19-56-00-999728/model.pth
Model state saved to ./results/models/checkpoints/schrodinger/qho/2025-09-16_19-56-00-999728/model_weights.pth
It: 685, Loss: 5.556e-05, Loss_res: 3.321e-03,  Loss_bcs: 6.229e-06, Loss_ut_ics: 1.612e-03, lr: 1.000e-03, Time: 1.52e+03
Model state saved to ./results/models/checkpoints/schrodinger/qho/2025-09-16_19-56-00-999728/model.pth
Model state saved to ./results/models/checkpoints/schrodinger/qho/2025-09-16_19-56-00-999728/model_weights.pth
It: 686, Loss: 1.036e-04, Loss_res: 6.816e-03,  Loss_bcs: 1.975e-05, Loss_ut_ics: 1.572e-03, lr: 1.000e-03, Time: 1.52e+03
Model state saved to ./results/models/checkpoints/schrodinger/qho/2025-09-16_19-56-00-999728/model.pth
Model state saved to ./results/models/checkpoints/schrodinger/qho/2025-09-16_19-56-00-999728/model_weights.pth
It: 687, Loss: 5.631e-05, Loss_res: 2.393e-03,  Loss_bcs: 1.158e-05, Loss_ut_ics: 2.080e-03, lr: 1.000e-03, Time: 1.53e+03
Model state saved to ./results/models/checkpoints/schrodinger/qho/2025-09-16_19-56-00-999728/model.pth
Model state saved to ./results/models/checkpoints/schrodinger/qho/2025-09-16_19-56-00-999728/model_weights.pth
It: 688, Loss: 6.487e-05, Loss_res: 4.121e-03,  Loss_bcs: 1.388e-05, Loss_ut_ics: 9.782e-04, lr: 1.000e-03, Time: 1.53e+03
Model state saved to ./results/models/checkpoints/schrodinger/qho/2025-09-16_19-56-00-999728/model.pth
Model state saved to ./results/models/checkpoints/schrodinger/qho/2025-09-16_19-56-00-999728/model_weights.pth
It: 689, Loss: 6.028e-05, Loss_res: 2.951e-03,  Loss_bcs: 1.692e-05, Loss_ut_ics: 1.385e-03, lr: 1.000e-03, Time: 1.53e+03
Model state saved to ./results/models/checkpoints/schrodinger/qho/2025-09-16_19-56-00-999728/model.pth
Model state saved to ./results/models/checkpoints/schrodinger/qho/2025-09-16_19-56-00-999728/model_weights.pth
It: 690, Loss: 6.669e-05, Loss_res: 3.825e-03,  Loss_bcs: 2.191e-05, Loss_ut_ics: 6.533e-04, lr: 1.000e-03, Time: 1.53e+03
Model state saved to ./results/models/checkpoints/schrodinger/qho/2025-09-16_19-56-00-999728/model.pth
Model state saved to ./results/models/checkpoints/schrodinger/qho/2025-09-16_19-56-00-999728/model_weights.pth
It: 691, Loss: 8.589e-05, Loss_res: 3.068e-03,  Loss_bcs: 2.313e-05, Loss_ut_ics: 3.209e-03, lr: 1.000e-03, Time: 1.54e+03
Model state saved to ./results/models/checkpoints/schrodinger/qho/2025-09-16_19-56-00-999728/model.pth
Model state saved to ./results/models/checkpoints/schrodinger/qho/2025-09-16_19-56-00-999728/model_weights.pth
It: 692, Loss: 7.378e-05, Loss_res: 4.219e-03,  Loss_bcs: 1.987e-05, Loss_ut_ics: 1.172e-03, lr: 1.000e-03, Time: 1.54e+03
Model state saved to ./results/models/checkpoints/schrodinger/qho/2025-09-16_19-56-00-999728/model.pth
Model state saved to ./results/models/checkpoints/schrodinger/qho/2025-09-16_19-56-00-999728/model_weights.pth
It: 693, Loss: 7.248e-05, Loss_res: 3.177e-03,  Loss_bcs: 2.893e-05, Loss_ut_ics: 1.179e-03, lr: 1.000e-03, Time: 1.54e+03
Model state saved to ./results/models/checkpoints/schrodinger/qho/2025-09-16_19-56-00-999728/model.pth
Model state saved to ./results/models/checkpoints/schrodinger/qho/2025-09-16_19-56-00-999728/model_weights.pth
It: 694, Loss: 9.137e-05, Loss_res: 3.254e-03,  Loss_bcs: 2.479e-05, Loss_ut_ics: 3.405e-03, lr: 1.000e-03, Time: 1.54e+03
Model state saved to ./results/models/checkpoints/schrodinger/qho/2025-09-16_19-56-00-999728/model.pth
Model state saved to ./results/models/checkpoints/schrodinger/qho/2025-09-16_19-56-00-999728/model_weights.pth
It: 695, Loss: 6.664e-05, Loss_res: 3.386e-03,  Loss_bcs: 5.500e-06, Loss_ut_ics: 2.727e-03, lr: 1.000e-03, Time: 1.55e+03
Model state saved to ./results/models/checkpoints/schrodinger/qho/2025-09-16_19-56-00-999728/model.pth
Model state saved to ./results/models/checkpoints/schrodinger/qho/2025-09-16_19-56-00-999728/model_weights.pth
It: 696, Loss: 7.075e-05, Loss_res: 3.679e-03,  Loss_bcs: 8.148e-06, Loss_ut_ics: 2.581e-03, lr: 1.000e-03, Time: 1.55e+03
Model state saved to ./results/models/checkpoints/schrodinger/qho/2025-09-16_19-56-00-999728/model.pth
Model state saved to ./results/models/checkpoints/schrodinger/qho/2025-09-16_19-56-00-999728/model_weights.pth
It: 697, Loss: 5.775e-05, Loss_res: 3.657e-03,  Loss_bcs: 9.684e-06, Loss_ut_ics: 1.150e-03, lr: 1.000e-03, Time: 1.55e+03
Model state saved to ./results/models/checkpoints/schrodinger/qho/2025-09-16_19-56-00-999728/model.pth
Model state saved to ./results/models/checkpoints/schrodinger/qho/2025-09-16_19-56-00-999728/model_weights.pth
It: 698, Loss: 9.351e-05, Loss_res: 2.329e-03,  Loss_bcs: 3.190e-05, Loss_ut_ics: 3.831e-03, lr: 1.000e-03, Time: 1.55e+03
Model state saved to ./results/models/checkpoints/schrodinger/qho/2025-09-16_19-56-00-999728/model.pth
Model state saved to ./results/models/checkpoints/schrodinger/qho/2025-09-16_19-56-00-999728/model_weights.pth
It: 699, Loss: 8.701e-05, Loss_res: 2.882e-03,  Loss_bcs: 3.093e-05, Loss_ut_ics: 2.726e-03, lr: 1.000e-03, Time: 1.55e+03
Model state saved to ./results/models/checkpoints/schrodinger/qho/2025-09-16_19-56-00-999728/model.pth
Model state saved to ./results/models/checkpoints/schrodinger/qho/2025-09-16_19-56-00-999728/model_weights.pth
It: 700, Loss: 9.133e-05, Loss_res: 4.988e-03,  Loss_bcs: 1.616e-05, Loss_ut_ics: 2.530e-03, lr: 1.000e-03, Time: 1.56e+03
Model state saved to ./results/models/checkpoints/schrodinger/qho/2025-09-16_19-56-00-999728/model.pth
Model state saved to ./results/models/checkpoints/schrodinger/qho/2025-09-16_19-56-00-999728/model_weights.pth
It: 701, Loss: 5.284e-05, Loss_res: 4.034e-03,  Loss_bcs: 7.129e-06, Loss_ut_ics: 5.375e-04, lr: 1.000e-03, Time: 1.56e+03
Model state saved to ./results/models/checkpoints/schrodinger/qho/2025-09-16_19-56-00-999728/model.pth
Model state saved to ./results/models/checkpoints/schrodinger/qho/2025-09-16_19-56-00-999728/model_weights.pth
It: 702, Loss: 4.508e-05, Loss_res: 2.748e-03,  Loss_bcs: 1.442e-05, Loss_ut_ics: 3.184e-04, lr: 1.000e-03, Time: 1.56e+03
Model state saved to ./results/models/checkpoints/schrodinger/qho/2025-09-16_19-56-00-999728/model.pth
Model state saved to ./results/models/checkpoints/schrodinger/qho/2025-09-16_19-56-00-999728/model_weights.pth
It: 703, Loss: 5.729e-05, Loss_res: 3.201e-03,  Loss_bcs: 7.123e-06, Loss_ut_ics: 1.815e-03, lr: 1.000e-03, Time: 1.56e+03
Model state saved to ./results/models/checkpoints/schrodinger/qho/2025-09-16_19-56-00-999728/model.pth
Model state saved to ./results/models/checkpoints/schrodinger/qho/2025-09-16_19-56-00-999728/model_weights.pth
It: 704, Loss: 5.295e-05, Loss_res: 3.028e-03,  Loss_bcs: 9.541e-06, Loss_ut_ics: 1.313e-03, lr: 1.000e-03, Time: 1.57e+03
Model state saved to ./results/models/checkpoints/schrodinger/qho/2025-09-16_19-56-00-999728/model.pth
Model state saved to ./results/models/checkpoints/schrodinger/qho/2025-09-16_19-56-00-999728/model_weights.pth
It: 705, Loss: 4.949e-05, Loss_res: 8.703e-04,  Loss_bcs: 1.458e-05, Loss_ut_ics: 2.621e-03, lr: 1.000e-03, Time: 1.57e+03
Model state saved to ./results/models/checkpoints/schrodinger/qho/2025-09-16_19-56-00-999728/model.pth
Model state saved to ./results/models/checkpoints/schrodinger/qho/2025-09-16_19-56-00-999728/model_weights.pth
It: 706, Loss: 4.368e-05, Loss_res: 2.366e-03,  Loss_bcs: 1.366e-05, Loss_ut_ics: 6.361e-04, lr: 1.000e-03, Time: 1.57e+03
Model state saved to ./results/models/checkpoints/schrodinger/qho/2025-09-16_19-56-00-999728/model.pth
Model state saved to ./results/models/checkpoints/schrodinger/qho/2025-09-16_19-56-00-999728/model_weights.pth
It: 707, Loss: 8.772e-05, Loss_res: 2.976e-03,  Loss_bcs: 1.064e-05, Loss_ut_ics: 4.732e-03, lr: 1.000e-03, Time: 1.57e+03
Model state saved to ./results/models/checkpoints/schrodinger/qho/2025-09-16_19-56-00-999728/model.pth
Model state saved to ./results/models/checkpoints/schrodinger/qho/2025-09-16_19-56-00-999728/model_weights.pth
It: 708, Loss: 6.561e-05, Loss_res: 4.070e-03,  Loss_bcs: 1.359e-05, Loss_ut_ics: 1.132e-03, lr: 1.000e-03, Time: 1.57e+03
Model state saved to ./results/models/checkpoints/schrodinger/qho/2025-09-16_19-56-00-999728/model.pth
Model state saved to ./results/models/checkpoints/schrodinger/qho/2025-09-16_19-56-00-999728/model_weights.pth
It: 709, Loss: 6.233e-05, Loss_res: 2.975e-03,  Loss_bcs: 1.651e-05, Loss_ut_ics: 1.607e-03, lr: 1.000e-03, Time: 1.58e+03
Model state saved to ./results/models/checkpoints/schrodinger/qho/2025-09-16_19-56-00-999728/model.pth
Model state saved to ./results/models/checkpoints/schrodinger/qho/2025-09-16_19-56-00-999728/model_weights.pth
It: 710, Loss: 7.524e-05, Loss_res: 2.875e-03,  Loss_bcs: 3.888e-05, Loss_ut_ics: 7.618e-04, lr: 1.000e-03, Time: 1.58e+03
Model state saved to ./results/models/checkpoints/schrodinger/qho/2025-09-16_19-56-00-999728/model.pth
Model state saved to ./results/models/checkpoints/schrodinger/qho/2025-09-16_19-56-00-999728/model_weights.pth
It: 711, Loss: 7.026e-05, Loss_res: 2.396e-03,  Loss_bcs: 2.977e-05, Loss_ut_ics: 1.653e-03, lr: 1.000e-03, Time: 1.58e+03
Model state saved to ./results/models/checkpoints/schrodinger/qho/2025-09-16_19-56-00-999728/model.pth
Model state saved to ./results/models/checkpoints/schrodinger/qho/2025-09-16_19-56-00-999728/model_weights.pth
It: 712, Loss: 7.023e-05, Loss_res: 2.564e-03,  Loss_bcs: 9.533e-06, Loss_ut_ics: 3.505e-03, lr: 1.000e-03, Time: 1.58e+03
Model state saved to ./results/models/checkpoints/schrodinger/qho/2025-09-16_19-56-00-999728/model.pth
Model state saved to ./results/models/checkpoints/schrodinger/qho/2025-09-16_19-56-00-999728/model_weights.pth
It: 713, Loss: 5.523e-05, Loss_res: 3.314e-03,  Loss_bcs: 7.467e-06, Loss_ut_ics: 1.462e-03, lr: 1.000e-03, Time: 1.59e+03
Model state saved to ./results/models/checkpoints/schrodinger/qho/2025-09-16_19-56-00-999728/model.pth
Model state saved to ./results/models/checkpoints/schrodinger/qho/2025-09-16_19-56-00-999728/model_weights.pth
It: 714, Loss: 8.766e-05, Loss_res: 4.810e-03,  Loss_bcs: 3.156e-05, Loss_ut_ics: 7.997e-04, lr: 1.000e-03, Time: 1.59e+03
Model state saved to ./results/models/checkpoints/schrodinger/qho/2025-09-16_19-56-00-999728/model.pth
Model state saved to ./results/models/checkpoints/schrodinger/qho/2025-09-16_19-56-00-999728/model_weights.pth
It: 715, Loss: 6.648e-05, Loss_res: 2.523e-03,  Loss_bcs: 9.110e-06, Loss_ut_ics: 3.214e-03, lr: 1.000e-03, Time: 1.59e+03
Model state saved to ./results/models/checkpoints/schrodinger/qho/2025-09-16_19-56-00-999728/model.pth
Model state saved to ./results/models/checkpoints/schrodinger/qho/2025-09-16_19-56-00-999728/model_weights.pth
It: 716, Loss: 8.571e-05, Loss_res: 2.350e-03,  Loss_bcs: 2.713e-05, Loss_ut_ics: 3.508e-03, lr: 1.000e-03, Time: 1.59e+03
Model state saved to ./results/models/checkpoints/schrodinger/qho/2025-09-16_19-56-00-999728/model.pth
Model state saved to ./results/models/checkpoints/schrodinger/qho/2025-09-16_19-56-00-999728/model_weights.pth
It: 717, Loss: 7.313e-05, Loss_res: 2.287e-03,  Loss_bcs: 2.835e-05, Loss_ut_ics: 2.191e-03, lr: 1.000e-03, Time: 1.60e+03
Model state saved to ./results/models/checkpoints/schrodinger/qho/2025-09-16_19-56-00-999728/model.pth
Model state saved to ./results/models/checkpoints/schrodinger/qho/2025-09-16_19-56-00-999728/model_weights.pth
It: 718, Loss: 8.318e-05, Loss_res: 3.322e-03,  Loss_bcs: 7.088e-06, Loss_ut_ics: 4.288e-03, lr: 1.000e-03, Time: 1.60e+03
Model state saved to ./results/models/checkpoints/schrodinger/qho/2025-09-16_19-56-00-999728/model.pth
Model state saved to ./results/models/checkpoints/schrodinger/qho/2025-09-16_19-56-00-999728/model_weights.pth
It: 719, Loss: 9.317e-05, Loss_res: 7.471e-03,  Loss_bcs: 1.423e-05, Loss_ut_ics: 4.230e-04, lr: 1.000e-03, Time: 1.60e+03
Model state saved to ./results/models/checkpoints/schrodinger/qho/2025-09-16_19-56-00-999728/model.pth
Model state saved to ./results/models/checkpoints/schrodinger/qho/2025-09-16_19-56-00-999728/model_weights.pth
It: 720, Loss: 7.356e-05, Loss_res: 2.452e-03,  Loss_bcs: 1.207e-05, Loss_ut_ics: 3.697e-03, lr: 1.000e-03, Time: 1.60e+03
Model state saved to ./results/models/checkpoints/schrodinger/qho/2025-09-16_19-56-00-999728/model.pth
Model state saved to ./results/models/checkpoints/schrodinger/qho/2025-09-16_19-56-00-999728/model_weights.pth
It: 721, Loss: 7.584e-05, Loss_res: 2.221e-03,  Loss_bcs: 4.549e-05, Loss_ut_ics: 8.137e-04, lr: 1.000e-03, Time: 1.61e+03
Model state saved to ./results/models/checkpoints/schrodinger/qho/2025-09-16_19-56-00-999728/model.pth
Model state saved to ./results/models/checkpoints/schrodinger/qho/2025-09-16_19-56-00-999728/model_weights.pth
It: 722, Loss: 5.450e-05, Loss_res: 2.733e-03,  Loss_bcs: 1.371e-05, Loss_ut_ics: 1.346e-03, lr: 1.000e-03, Time: 1.61e+03
Model state saved to ./results/models/checkpoints/schrodinger/qho/2025-09-16_19-56-00-999728/model.pth
Model state saved to ./results/models/checkpoints/schrodinger/qho/2025-09-16_19-56-00-999728/model_weights.pth
It: 723, Loss: 4.369e-05, Loss_res: 2.774e-03,  Loss_bcs: 5.067e-06, Loss_ut_ics: 1.088e-03, lr: 1.000e-03, Time: 1.61e+03
Model state saved to ./results/models/checkpoints/schrodinger/qho/2025-09-16_19-56-00-999728/model.pth
Model state saved to ./results/models/checkpoints/schrodinger/qho/2025-09-16_19-56-00-999728/model_weights.pth
It: 724, Loss: 9.742e-05, Loss_res: 4.555e-03,  Loss_bcs: 3.036e-05, Loss_ut_ics: 2.151e-03, lr: 1.000e-03, Time: 1.61e+03
Model state saved to ./results/models/checkpoints/schrodinger/qho/2025-09-16_19-56-00-999728/model.pth
Model state saved to ./results/models/checkpoints/schrodinger/qho/2025-09-16_19-56-00-999728/model_weights.pth
It: 725, Loss: 7.843e-05, Loss_res: 3.700e-03,  Loss_bcs: 1.762e-05, Loss_ut_ics: 2.381e-03, lr: 1.000e-03, Time: 1.61e+03
Model state saved to ./results/models/checkpoints/schrodinger/qho/2025-09-16_19-56-00-999728/model.pth
Model state saved to ./results/models/checkpoints/schrodinger/qho/2025-09-16_19-56-00-999728/model_weights.pth
It: 726, Loss: 8.818e-05, Loss_res: 2.356e-03,  Loss_bcs: 3.532e-05, Loss_ut_ics: 2.930e-03, lr: 1.000e-03, Time: 1.62e+03
Model state saved to ./results/models/checkpoints/schrodinger/qho/2025-09-16_19-56-00-999728/model.pth
Model state saved to ./results/models/checkpoints/schrodinger/qho/2025-09-16_19-56-00-999728/model_weights.pth
It: 727, Loss: 8.317e-05, Loss_res: 3.003e-03,  Loss_bcs: 4.451e-05, Loss_ut_ics: 8.625e-04, lr: 1.000e-03, Time: 1.62e+03
Model state saved to ./results/models/checkpoints/schrodinger/qho/2025-09-16_19-56-00-999728/model.pth
Model state saved to ./results/models/checkpoints/schrodinger/qho/2025-09-16_19-56-00-999728/model_weights.pth
It: 728, Loss: 7.428e-05, Loss_res: 2.798e-03,  Loss_bcs: 1.987e-05, Loss_ut_ics: 2.643e-03, lr: 1.000e-03, Time: 1.62e+03
Model state saved to ./results/models/checkpoints/schrodinger/qho/2025-09-16_19-56-00-999728/model.pth
Model state saved to ./results/models/checkpoints/schrodinger/qho/2025-09-16_19-56-00-999728/model_weights.pth
It: 729, Loss: 7.181e-05, Loss_res: 3.858e-03,  Loss_bcs: 1.848e-05, Loss_ut_ics: 1.475e-03, lr: 1.000e-03, Time: 1.63e+03
Model state saved to ./results/models/checkpoints/schrodinger/qho/2025-09-16_19-56-00-999728/model.pth
Model state saved to ./results/models/checkpoints/schrodinger/qho/2025-09-16_19-56-00-999728/model_weights.pth
It: 730, Loss: 1.098e-04, Loss_res: 4.492e-03,  Loss_bcs: 2.577e-05, Loss_ut_ics: 3.906e-03, lr: 1.000e-03, Time: 1.63e+03
Model state saved to ./results/models/checkpoints/schrodinger/qho/2025-09-16_19-56-00-999728/model.pth
Model state saved to ./results/models/checkpoints/schrodinger/qho/2025-09-16_19-56-00-999728/model_weights.pth
It: 731, Loss: 6.919e-05, Loss_res: 3.139e-03,  Loss_bcs: 2.600e-05, Loss_ut_ics: 1.180e-03, lr: 1.000e-03, Time: 1.63e+03
Model state saved to ./results/models/checkpoints/schrodinger/qho/2025-09-16_19-56-00-999728/model.pth
Model state saved to ./results/models/checkpoints/schrodinger/qho/2025-09-16_19-56-00-999728/model_weights.pth
It: 732, Loss: 8.737e-05, Loss_res: 2.353e-03,  Loss_bcs: 4.691e-05, Loss_ut_ics: 1.693e-03, lr: 1.000e-03, Time: 1.63e+03
Model state saved to ./results/models/checkpoints/schrodinger/qho/2025-09-16_19-56-00-999728/model.pth
Model state saved to ./results/models/checkpoints/schrodinger/qho/2025-09-16_19-56-00-999728/model_weights.pth
It: 733, Loss: 5.842e-05, Loss_res: 2.980e-03,  Loss_bcs: 1.491e-05, Loss_ut_ics: 1.371e-03, lr: 1.000e-03, Time: 1.63e+03
Model state saved to ./results/models/checkpoints/schrodinger/qho/2025-09-16_19-56-00-999728/model.pth
Model state saved to ./results/models/checkpoints/schrodinger/qho/2025-09-16_19-56-00-999728/model_weights.pth
It: 734, Loss: 4.530e-05, Loss_res: 2.359e-03,  Loss_bcs: 5.376e-06, Loss_ut_ics: 1.634e-03, lr: 1.000e-03, Time: 1.64e+03
Model state saved to ./results/models/checkpoints/schrodinger/qho/2025-09-16_19-56-00-999728/model.pth
Model state saved to ./results/models/checkpoints/schrodinger/qho/2025-09-16_19-56-00-999728/model_weights.pth
It: 735, Loss: 1.113e-04, Loss_res: 6.521e-03,  Loss_bcs: 2.624e-05, Loss_ut_ics: 1.984e-03, lr: 1.000e-03, Time: 1.64e+03
Model state saved to ./results/models/checkpoints/schrodinger/qho/2025-09-16_19-56-00-999728/model.pth
Model state saved to ./results/models/checkpoints/schrodinger/qho/2025-09-16_19-56-00-999728/model_weights.pth
It: 736, Loss: 5.420e-05, Loss_res: 2.168e-03,  Loss_bcs: 1.501e-05, Loss_ut_ics: 1.751e-03, lr: 1.000e-03, Time: 1.64e+03
Model state saved to ./results/models/checkpoints/schrodinger/qho/2025-09-16_19-56-00-999728/model.pth
Model state saved to ./results/models/checkpoints/schrodinger/qho/2025-09-16_19-56-00-999728/model_weights.pth
It: 737, Loss: 9.653e-05, Loss_res: 2.037e-03,  Loss_bcs: 3.120e-05, Loss_ut_ics: 4.496e-03, lr: 1.000e-03, Time: 1.64e+03
Model state saved to ./results/models/checkpoints/schrodinger/qho/2025-09-16_19-56-00-999728/model.pth
Model state saved to ./results/models/checkpoints/schrodinger/qho/2025-09-16_19-56-00-999728/model_weights.pth
It: 738, Loss: 8.088e-05, Loss_res: 3.758e-03,  Loss_bcs: 1.200e-05, Loss_ut_ics: 3.130e-03, lr: 1.000e-03, Time: 1.65e+03
Model state saved to ./results/models/checkpoints/schrodinger/qho/2025-09-16_19-56-00-999728/model.pth
Model state saved to ./results/models/checkpoints/schrodinger/qho/2025-09-16_19-56-00-999728/model_weights.pth
It: 739, Loss: 6.253e-05, Loss_res: 3.134e-03,  Loss_bcs: 1.081e-05, Loss_ut_ics: 2.039e-03, lr: 1.000e-03, Time: 1.65e+03
Model state saved to ./results/models/checkpoints/schrodinger/qho/2025-09-16_19-56-00-999728/model.pth
Model state saved to ./results/models/checkpoints/schrodinger/qho/2025-09-16_19-56-00-999728/model_weights.pth
It: 740, Loss: 5.157e-05, Loss_res: 2.327e-03,  Loss_bcs: 2.685e-06, Loss_ut_ics: 2.562e-03, lr: 1.000e-03, Time: 1.65e+03
Model state saved to ./results/models/checkpoints/schrodinger/qho/2025-09-16_19-56-00-999728/model.pth
Model state saved to ./results/models/checkpoints/schrodinger/qho/2025-09-16_19-56-00-999728/model_weights.pth
It: 741, Loss: 8.116e-05, Loss_res: 3.079e-03,  Loss_bcs: 1.968e-05, Loss_ut_ics: 3.069e-03, lr: 1.000e-03, Time: 1.65e+03
Model state saved to ./results/models/checkpoints/schrodinger/qho/2025-09-16_19-56-00-999728/model.pth
Model state saved to ./results/models/checkpoints/schrodinger/qho/2025-09-16_19-56-00-999728/model_weights.pth
It: 742, Loss: 5.236e-05, Loss_res: 3.317e-03,  Loss_bcs: 1.395e-05, Loss_ut_ics: 5.246e-04, lr: 1.000e-03, Time: 1.66e+03
Model state saved to ./results/models/checkpoints/schrodinger/qho/2025-09-16_19-56-00-999728/model.pth
Model state saved to ./results/models/checkpoints/schrodinger/qho/2025-09-16_19-56-00-999728/model_weights.pth
It: 743, Loss: 7.440e-05, Loss_res: 2.779e-03,  Loss_bcs: 3.743e-05, Loss_ut_ics: 9.186e-04, lr: 1.000e-03, Time: 1.66e+03
Model state saved to ./results/models/checkpoints/schrodinger/qho/2025-09-16_19-56-00-999728/model.pth
Model state saved to ./results/models/checkpoints/schrodinger/qho/2025-09-16_19-56-00-999728/model_weights.pth
It: 744, Loss: 9.827e-05, Loss_res: 2.915e-03,  Loss_bcs: 4.629e-05, Loss_ut_ics: 2.283e-03, lr: 1.000e-03, Time: 1.66e+03
Model state saved to ./results/models/checkpoints/schrodinger/qho/2025-09-16_19-56-00-999728/model.pth
Model state saved to ./results/models/checkpoints/schrodinger/qho/2025-09-16_19-56-00-999728/model_weights.pth
It: 745, Loss: 6.950e-05, Loss_res: 3.359e-03,  Loss_bcs: 1.244e-05, Loss_ut_ics: 2.347e-03, lr: 1.000e-03, Time: 1.66e+03
Model state saved to ./results/models/checkpoints/schrodinger/qho/2025-09-16_19-56-00-999728/model.pth
Model state saved to ./results/models/checkpoints/schrodinger/qho/2025-09-16_19-56-00-999728/model_weights.pth
It: 746, Loss: 8.364e-05, Loss_res: 4.240e-03,  Loss_bcs: 1.524e-05, Loss_ut_ics: 2.601e-03, lr: 1.000e-03, Time: 1.67e+03
Model state saved to ./results/models/checkpoints/schrodinger/qho/2025-09-16_19-56-00-999728/model.pth
Model state saved to ./results/models/checkpoints/schrodinger/qho/2025-09-16_19-56-00-999728/model_weights.pth
It: 747, Loss: 5.586e-05, Loss_res: 3.458e-03,  Loss_bcs: 5.341e-06, Loss_ut_ics: 1.593e-03, lr: 1.000e-03, Time: 1.67e+03
Model state saved to ./results/models/checkpoints/schrodinger/qho/2025-09-16_19-56-00-999728/model.pth
Model state saved to ./results/models/checkpoints/schrodinger/qho/2025-09-16_19-56-00-999728/model_weights.pth
It: 748, Loss: 5.947e-05, Loss_res: 2.097e-03,  Loss_bcs: 2.842e-05, Loss_ut_ics: 1.008e-03, lr: 1.000e-03, Time: 1.67e+03
Model state saved to ./results/models/checkpoints/schrodinger/qho/2025-09-16_19-56-00-999728/model.pth
Model state saved to ./results/models/checkpoints/schrodinger/qho/2025-09-16_19-56-00-999728/model_weights.pth
It: 749, Loss: 6.350e-05, Loss_res: 1.686e-03,  Loss_bcs: 2.931e-05, Loss_ut_ics: 1.733e-03, lr: 1.000e-03, Time: 1.67e+03
Model state saved to ./results/models/checkpoints/schrodinger/qho/2025-09-16_19-56-00-999728/model.pth
Model state saved to ./results/models/checkpoints/schrodinger/qho/2025-09-16_19-56-00-999728/model_weights.pth
It: 750, Loss: 6.610e-05, Loss_res: 3.085e-03,  Loss_bcs: 1.432e-05, Loss_ut_ics: 2.093e-03, lr: 1.000e-03, Time: 1.68e+03
Model state saved to ./results/models/checkpoints/schrodinger/qho/2025-09-16_19-56-00-999728/model.pth
Model state saved to ./results/models/checkpoints/schrodinger/qho/2025-09-16_19-56-00-999728/model_weights.pth
It: 751, Loss: 8.018e-05, Loss_res: 6.434e-03,  Loss_bcs: 1.170e-05, Loss_ut_ics: 4.137e-04, lr: 1.000e-03, Time: 1.68e+03
Model state saved to ./results/models/checkpoints/schrodinger/qho/2025-09-16_19-56-00-999728/model.pth
Model state saved to ./results/models/checkpoints/schrodinger/qho/2025-09-16_19-56-00-999728/model_weights.pth
It: 752, Loss: 5.024e-05, Loss_res: 3.187e-03,  Loss_bcs: 6.931e-06, Loss_ut_ics: 1.144e-03, lr: 1.000e-03, Time: 1.68e+03
Model state saved to ./results/models/checkpoints/schrodinger/qho/2025-09-16_19-56-00-999728/model.pth
Model state saved to ./results/models/checkpoints/schrodinger/qho/2025-09-16_19-56-00-999728/model_weights.pth
It: 753, Loss: 6.038e-05, Loss_res: 2.348e-03,  Loss_bcs: 2.957e-05, Loss_ut_ics: 7.330e-04, lr: 1.000e-03, Time: 1.68e+03
Model state saved to ./results/models/checkpoints/schrodinger/qho/2025-09-16_19-56-00-999728/model.pth
Model state saved to ./results/models/checkpoints/schrodinger/qho/2025-09-16_19-56-00-999728/model_weights.pth
It: 754, Loss: 8.322e-05, Loss_res: 2.105e-03,  Loss_bcs: 1.713e-05, Loss_ut_ics: 4.504e-03, lr: 1.000e-03, Time: 1.69e+03
Model state saved to ./results/models/checkpoints/schrodinger/qho/2025-09-16_19-56-00-999728/model.pth
Model state saved to ./results/models/checkpoints/schrodinger/qho/2025-09-16_19-56-00-999728/model_weights.pth
It: 755, Loss: 6.923e-05, Loss_res: 4.229e-03,  Loss_bcs: 1.789e-05, Loss_ut_ics: 9.051e-04, lr: 1.000e-03, Time: 1.69e+03
Model state saved to ./results/models/checkpoints/schrodinger/qho/2025-09-16_19-56-00-999728/model.pth
Model state saved to ./results/models/checkpoints/schrodinger/qho/2025-09-16_19-56-00-999728/model_weights.pth
It: 756, Loss: 5.000e-05, Loss_res: 3.442e-03,  Loss_bcs: 5.877e-06, Loss_ut_ics: 9.699e-04, lr: 1.000e-03, Time: 1.69e+03
Model state saved to ./results/models/checkpoints/schrodinger/qho/2025-09-16_19-56-00-999728/model.pth
Model state saved to ./results/models/checkpoints/schrodinger/qho/2025-09-16_19-56-00-999728/model_weights.pth
It: 757, Loss: 5.123e-05, Loss_res: 2.929e-03,  Loss_bcs: 1.528e-05, Loss_ut_ics: 6.651e-04, lr: 1.000e-03, Time: 1.69e+03
Model state saved to ./results/models/checkpoints/schrodinger/qho/2025-09-16_19-56-00-999728/model.pth
Model state saved to ./results/models/checkpoints/schrodinger/qho/2025-09-16_19-56-00-999728/model_weights.pth
It: 758, Loss: 3.141e-05, Loss_res: 1.261e-03,  Loss_bcs: 1.238e-05, Loss_ut_ics: 6.423e-04, lr: 1.000e-03, Time: 1.70e+03
Model state saved to ./results/models/checkpoints/schrodinger/qho/2025-09-16_19-56-00-999728/model.pth
Model state saved to ./results/models/checkpoints/schrodinger/qho/2025-09-16_19-56-00-999728/model_weights.pth
It: 759, Loss: 4.451e-05, Loss_res: 2.092e-03,  Loss_bcs: 1.016e-05, Loss_ut_ics: 1.343e-03, lr: 1.000e-03, Time: 1.70e+03
Model state saved to ./results/models/checkpoints/schrodinger/qho/2025-09-16_19-56-00-999728/model.pth
Model state saved to ./results/models/checkpoints/schrodinger/qho/2025-09-16_19-56-00-999728/model_weights.pth
It: 760, Loss: 6.384e-05, Loss_res: 3.958e-03,  Loss_bcs: 6.965e-06, Loss_ut_ics: 1.730e-03, lr: 1.000e-03, Time: 1.70e+03
Model state saved to ./results/models/checkpoints/schrodinger/qho/2025-09-16_19-56-00-999728/model.pth
Model state saved to ./results/models/checkpoints/schrodinger/qho/2025-09-16_19-56-00-999728/model_weights.pth
It: 761, Loss: 6.972e-05, Loss_res: 1.631e-03,  Loss_bcs: 4.928e-06, Loss_ut_ics: 4.848e-03, lr: 1.000e-03, Time: 1.70e+03
Model state saved to ./results/models/checkpoints/schrodinger/qho/2025-09-16_19-56-00-999728/model.pth
Model state saved to ./results/models/checkpoints/schrodinger/qho/2025-09-16_19-56-00-999728/model_weights.pth
It: 762, Loss: 4.782e-05, Loss_res: 2.973e-03,  Loss_bcs: 8.443e-06, Loss_ut_ics: 9.639e-04, lr: 1.000e-03, Time: 1.71e+03
Model state saved to ./results/models/checkpoints/schrodinger/qho/2025-09-16_19-56-00-999728/model.pth
Model state saved to ./results/models/checkpoints/schrodinger/qho/2025-09-16_19-56-00-999728/model_weights.pth
It: 763, Loss: 5.667e-05, Loss_res: 2.545e-03,  Loss_bcs: 1.738e-05, Loss_ut_ics: 1.384e-03, lr: 1.000e-03, Time: 1.71e+03
Model state saved to ./results/models/checkpoints/schrodinger/qho/2025-09-16_19-56-00-999728/model.pth
Model state saved to ./results/models/checkpoints/schrodinger/qho/2025-09-16_19-56-00-999728/model_weights.pth
It: 764, Loss: 6.020e-05, Loss_res: 2.562e-03,  Loss_bcs: 1.948e-05, Loss_ut_ics: 1.509e-03, lr: 1.000e-03, Time: 1.71e+03
Model state saved to ./results/models/checkpoints/schrodinger/qho/2025-09-16_19-56-00-999728/model.pth
Model state saved to ./results/models/checkpoints/schrodinger/qho/2025-09-16_19-56-00-999728/model_weights.pth
It: 765, Loss: 5.695e-05, Loss_res: 3.733e-03,  Loss_bcs: 1.199e-05, Loss_ut_ics: 7.633e-04, lr: 1.000e-03, Time: 1.72e+03
Model state saved to ./results/models/checkpoints/schrodinger/qho/2025-09-16_19-56-00-999728/model.pth
Model state saved to ./results/models/checkpoints/schrodinger/qho/2025-09-16_19-56-00-999728/model_weights.pth
It: 766, Loss: 5.711e-05, Loss_res: 2.634e-03,  Loss_bcs: 8.299e-06, Loss_ut_ics: 2.247e-03, lr: 1.000e-03, Time: 1.72e+03
Model state saved to ./results/models/checkpoints/schrodinger/qho/2025-09-16_19-56-00-999728/model.pth
Model state saved to ./results/models/checkpoints/schrodinger/qho/2025-09-16_19-56-00-999728/model_weights.pth
It: 767, Loss: 5.041e-05, Loss_res: 2.173e-03,  Loss_bcs: 1.203e-05, Loss_ut_ics: 1.665e-03, lr: 1.000e-03, Time: 1.72e+03
Model state saved to ./results/models/checkpoints/schrodinger/qho/2025-09-16_19-56-00-999728/model.pth
Model state saved to ./results/models/checkpoints/schrodinger/qho/2025-09-16_19-56-00-999728/model_weights.pth
It: 768, Loss: 5.180e-05, Loss_res: 2.998e-03,  Loss_bcs: 3.261e-06, Loss_ut_ics: 1.857e-03, lr: 1.000e-03, Time: 1.72e+03
Model state saved to ./results/models/checkpoints/schrodinger/qho/2025-09-16_19-56-00-999728/model.pth
Model state saved to ./results/models/checkpoints/schrodinger/qho/2025-09-16_19-56-00-999728/model_weights.pth
It: 769, Loss: 8.721e-05, Loss_res: 3.239e-03,  Loss_bcs: 1.443e-05, Loss_ut_ics: 4.039e-03, lr: 1.000e-03, Time: 1.73e+03
Model state saved to ./results/models/checkpoints/schrodinger/qho/2025-09-16_19-56-00-999728/model.pth
Model state saved to ./results/models/checkpoints/schrodinger/qho/2025-09-16_19-56-00-999728/model_weights.pth
It: 770, Loss: 7.149e-05, Loss_res: 3.742e-03,  Loss_bcs: 1.705e-05, Loss_ut_ics: 1.702e-03, lr: 1.000e-03, Time: 1.73e+03
Model state saved to ./results/models/checkpoints/schrodinger/qho/2025-09-16_19-56-00-999728/model.pth
Model state saved to ./results/models/checkpoints/schrodinger/qho/2025-09-16_19-56-00-999728/model_weights.pth
It: 771, Loss: 6.395e-05, Loss_res: 2.248e-03,  Loss_bcs: 1.285e-05, Loss_ut_ics: 2.863e-03, lr: 1.000e-03, Time: 1.73e+03
Model state saved to ./results/models/checkpoints/schrodinger/qho/2025-09-16_19-56-00-999728/model.pth
Model state saved to ./results/models/checkpoints/schrodinger/qho/2025-09-16_19-56-00-999728/model_weights.pth
It: 772, Loss: 4.629e-05, Loss_res: 2.751e-03,  Loss_bcs: 2.640e-06, Loss_ut_ics: 1.615e-03, lr: 1.000e-03, Time: 1.73e+03
Model state saved to ./results/models/checkpoints/schrodinger/qho/2025-09-16_19-56-00-999728/model.pth
Model state saved to ./results/models/checkpoints/schrodinger/qho/2025-09-16_19-56-00-999728/model_weights.pth
It: 773, Loss: 5.973e-05, Loss_res: 2.826e-03,  Loss_bcs: 1.733e-05, Loss_ut_ics: 1.414e-03, lr: 1.000e-03, Time: 1.73e+03
Model state saved to ./results/models/checkpoints/schrodinger/qho/2025-09-16_19-56-00-999728/model.pth
Model state saved to ./results/models/checkpoints/schrodinger/qho/2025-09-16_19-56-00-999728/model_weights.pth
It: 774, Loss: 5.573e-05, Loss_res: 3.195e-03,  Loss_bcs: 1.022e-05, Loss_ut_ics: 1.356e-03, lr: 1.000e-03, Time: 1.74e+03
Model state saved to ./results/models/checkpoints/schrodinger/qho/2025-09-16_19-56-00-999728/model.pth
Model state saved to ./results/models/checkpoints/schrodinger/qho/2025-09-16_19-56-00-999728/model_weights.pth
It: 775, Loss: 5.719e-05, Loss_res: 2.392e-03,  Loss_bcs: 2.793e-05, Loss_ut_ics: 5.333e-04, lr: 1.000e-03, Time: 1.74e+03
Model state saved to ./results/models/checkpoints/schrodinger/qho/2025-09-16_19-56-00-999728/model.pth
Model state saved to ./results/models/checkpoints/schrodinger/qho/2025-09-16_19-56-00-999728/model_weights.pth
It: 776, Loss: 6.029e-05, Loss_res: 2.876e-03,  Loss_bcs: 9.184e-06, Loss_ut_ics: 2.234e-03, lr: 1.000e-03, Time: 1.74e+03
Model state saved to ./results/models/checkpoints/schrodinger/qho/2025-09-16_19-56-00-999728/model.pth
Model state saved to ./results/models/checkpoints/schrodinger/qho/2025-09-16_19-56-00-999728/model_weights.pth
It: 777, Loss: 4.647e-05, Loss_res: 3.079e-03,  Loss_bcs: 1.181e-05, Loss_ut_ics: 3.866e-04, lr: 1.000e-03, Time: 1.74e+03
Model state saved to ./results/models/checkpoints/schrodinger/qho/2025-09-16_19-56-00-999728/model.pth
Model state saved to ./results/models/checkpoints/schrodinger/qho/2025-09-16_19-56-00-999728/model_weights.pth
It: 778, Loss: 5.468e-05, Loss_res: 3.147e-03,  Loss_bcs: 9.857e-06, Loss_ut_ics: 1.335e-03, lr: 1.000e-03, Time: 1.75e+03
Model state saved to ./results/models/checkpoints/schrodinger/qho/2025-09-16_19-56-00-999728/model.pth
Model state saved to ./results/models/checkpoints/schrodinger/qho/2025-09-16_19-56-00-999728/model_weights.pth
It: 779, Loss: 5.820e-05, Loss_res: 2.172e-03,  Loss_bcs: 1.029e-05, Loss_ut_ics: 2.619e-03, lr: 1.000e-03, Time: 1.75e+03
Model state saved to ./results/models/checkpoints/schrodinger/qho/2025-09-16_19-56-00-999728/model.pth
Model state saved to ./results/models/checkpoints/schrodinger/qho/2025-09-16_19-56-00-999728/model_weights.pth
It: 780, Loss: 3.871e-05, Loss_res: 1.527e-03,  Loss_bcs: 1.470e-05, Loss_ut_ics: 8.737e-04, lr: 1.000e-03, Time: 1.75e+03
Model state saved to ./results/models/checkpoints/schrodinger/qho/2025-09-16_19-56-00-999728/model.pth
Model state saved to ./results/models/checkpoints/schrodinger/qho/2025-09-16_19-56-00-999728/model_weights.pth
It: 781, Loss: 5.539e-05, Loss_res: 3.340e-03,  Loss_bcs: 5.319e-06, Loss_ut_ics: 1.668e-03, lr: 1.000e-03, Time: 1.75e+03
Model state saved to ./results/models/checkpoints/schrodinger/qho/2025-09-16_19-56-00-999728/model.pth
Model state saved to ./results/models/checkpoints/schrodinger/qho/2025-09-16_19-56-00-999728/model_weights.pth
It: 782, Loss: 4.044e-05, Loss_res: 2.136e-03,  Loss_bcs: 7.321e-06, Loss_ut_ics: 1.176e-03, lr: 1.000e-03, Time: 1.75e+03
Model state saved to ./results/models/checkpoints/schrodinger/qho/2025-09-16_19-56-00-999728/model.pth
Model state saved to ./results/models/checkpoints/schrodinger/qho/2025-09-16_19-56-00-999728/model_weights.pth
It: 783, Loss: 6.029e-05, Loss_res: 3.077e-03,  Loss_bcs: 6.238e-06, Loss_ut_ics: 2.328e-03, lr: 1.000e-03, Time: 1.76e+03
Model state saved to ./results/models/checkpoints/schrodinger/qho/2025-09-16_19-56-00-999728/model.pth
Model state saved to ./results/models/checkpoints/schrodinger/qho/2025-09-16_19-56-00-999728/model_weights.pth
It: 784, Loss: 5.143e-05, Loss_res: 1.900e-03,  Loss_bcs: 1.315e-05, Loss_ut_ics: 1.928e-03, lr: 1.000e-03, Time: 1.76e+03
Model state saved to ./results/models/checkpoints/schrodinger/qho/2025-09-16_19-56-00-999728/model.pth
Model state saved to ./results/models/checkpoints/schrodinger/qho/2025-09-16_19-56-00-999728/model_weights.pth
It: 785, Loss: 6.111e-05, Loss_res: 2.896e-03,  Loss_bcs: 1.672e-05, Loss_ut_ics: 1.543e-03, lr: 1.000e-03, Time: 1.76e+03
Model state saved to ./results/models/checkpoints/schrodinger/qho/2025-09-16_19-56-00-999728/model.pth
Model state saved to ./results/models/checkpoints/schrodinger/qho/2025-09-16_19-56-00-999728/model_weights.pth
It: 786, Loss: 8.097e-05, Loss_res: 3.829e-03,  Loss_bcs: 1.011e-06, Loss_ut_ics: 4.167e-03, lr: 1.000e-03, Time: 1.76e+03
Model state saved to ./results/models/checkpoints/schrodinger/qho/2025-09-16_19-56-00-999728/model.pth
Model state saved to ./results/models/checkpoints/schrodinger/qho/2025-09-16_19-56-00-999728/model_weights.pth
It: 787, Loss: 7.730e-05, Loss_res: 4.642e-03,  Loss_bcs: 2.145e-05, Loss_ut_ics: 9.431e-04, lr: 1.000e-03, Time: 1.77e+03
Model state saved to ./results/models/checkpoints/schrodinger/qho/2025-09-16_19-56-00-999728/model.pth
Model state saved to ./results/models/checkpoints/schrodinger/qho/2025-09-16_19-56-00-999728/model_weights.pth
It: 788, Loss: 6.038e-05, Loss_res: 2.216e-03,  Loss_bcs: 2.523e-05, Loss_ut_ics: 1.299e-03, lr: 1.000e-03, Time: 1.77e+03
Model state saved to ./results/models/checkpoints/schrodinger/qho/2025-09-16_19-56-00-999728/model.pth
Model state saved to ./results/models/checkpoints/schrodinger/qho/2025-09-16_19-56-00-999728/model_weights.pth
It: 789, Loss: 5.093e-05, Loss_res: 1.573e-03,  Loss_bcs: 2.348e-05, Loss_ut_ics: 1.172e-03, lr: 1.000e-03, Time: 1.77e+03
Model state saved to ./results/models/checkpoints/schrodinger/qho/2025-09-16_19-56-00-999728/model.pth
Model state saved to ./results/models/checkpoints/schrodinger/qho/2025-09-16_19-56-00-999728/model_weights.pth
It: 790, Loss: 4.992e-05, Loss_res: 2.630e-03,  Loss_bcs: 8.222e-06, Loss_ut_ics: 1.540e-03, lr: 1.000e-03, Time: 1.77e+03
Model state saved to ./results/models/checkpoints/schrodinger/qho/2025-09-16_19-56-00-999728/model.pth
Model state saved to ./results/models/checkpoints/schrodinger/qho/2025-09-16_19-56-00-999728/model_weights.pth
It: 791, Loss: 6.484e-05, Loss_res: 5.314e-03,  Loss_bcs: 2.680e-06, Loss_ut_ics: 9.022e-04, lr: 1.000e-03, Time: 1.78e+03
Model state saved to ./results/models/checkpoints/schrodinger/qho/2025-09-16_19-56-00-999728/model.pth
Model state saved to ./results/models/checkpoints/schrodinger/qho/2025-09-16_19-56-00-999728/model_weights.pth
It: 792, Loss: 7.654e-05, Loss_res: 2.947e-03,  Loss_bcs: 3.848e-05, Loss_ut_ics: 8.592e-04, lr: 1.000e-03, Time: 1.78e+03
Model state saved to ./results/models/checkpoints/schrodinger/qho/2025-09-16_19-56-00-999728/model.pth
Model state saved to ./results/models/checkpoints/schrodinger/qho/2025-09-16_19-56-00-999728/model_weights.pth
It: 793, Loss: 5.579e-05, Loss_res: 3.429e-03,  Loss_bcs: 9.442e-06, Loss_ut_ics: 1.206e-03, lr: 1.000e-03, Time: 1.78e+03
Model state saved to ./results/models/checkpoints/schrodinger/qho/2025-09-16_19-56-00-999728/model.pth
Model state saved to ./results/models/checkpoints/schrodinger/qho/2025-09-16_19-56-00-999728/model_weights.pth
It: 794, Loss: 6.616e-05, Loss_res: 2.677e-03,  Loss_bcs: 1.074e-05, Loss_ut_ics: 2.865e-03, lr: 1.000e-03, Time: 1.78e+03
Model state saved to ./results/models/checkpoints/schrodinger/qho/2025-09-16_19-56-00-999728/model.pth
Model state saved to ./results/models/checkpoints/schrodinger/qho/2025-09-16_19-56-00-999728/model_weights.pth
It: 795, Loss: 3.953e-05, Loss_res: 2.852e-03,  Loss_bcs: 6.174e-06, Loss_ut_ics: 4.840e-04, lr: 1.000e-03, Time: 1.79e+03
Model state saved to ./results/models/checkpoints/schrodinger/qho/2025-09-16_19-56-00-999728/model.pth
Model state saved to ./results/models/checkpoints/schrodinger/qho/2025-09-16_19-56-00-999728/model_weights.pth
It: 796, Loss: 5.520e-05, Loss_res: 3.124e-03,  Loss_bcs: 4.947e-06, Loss_ut_ics: 1.901e-03, lr: 1.000e-03, Time: 1.79e+03
Model state saved to ./results/models/checkpoints/schrodinger/qho/2025-09-16_19-56-00-999728/model.pth
Model state saved to ./results/models/checkpoints/schrodinger/qho/2025-09-16_19-56-00-999728/model_weights.pth
It: 797, Loss: 4.921e-05, Loss_res: 2.444e-03,  Loss_bcs: 8.986e-06, Loss_ut_ics: 1.579e-03, lr: 1.000e-03, Time: 1.79e+03
Model state saved to ./results/models/checkpoints/schrodinger/qho/2025-09-16_19-56-00-999728/model.pth
Model state saved to ./results/models/checkpoints/schrodinger/qho/2025-09-16_19-56-00-999728/model_weights.pth
It: 798, Loss: 4.097e-05, Loss_res: 1.865e-03,  Loss_bcs: 1.115e-05, Loss_ut_ics: 1.117e-03, lr: 1.000e-03, Time: 1.79e+03
Model state saved to ./results/models/checkpoints/schrodinger/qho/2025-09-16_19-56-00-999728/model.pth
Model state saved to ./results/models/checkpoints/schrodinger/qho/2025-09-16_19-56-00-999728/model_weights.pth
It: 799, Loss: 5.978e-05, Loss_res: 3.290e-03,  Loss_bcs: 6.766e-06, Loss_ut_ics: 2.011e-03, lr: 1.000e-03, Time: 1.80e+03
Model state saved to ./results/models/checkpoints/schrodinger/qho/2025-09-16_19-56-00-999728/model.pth
Model state saved to ./results/models/checkpoints/schrodinger/qho/2025-09-16_19-56-00-999728/model_weights.pth
It: 800, Loss: 6.262e-05, Loss_res: 3.366e-03,  Loss_bcs: 5.465e-06, Loss_ut_ics: 2.350e-03, lr: 1.000e-03, Time: 1.80e+03
Model state saved to ./results/models/checkpoints/schrodinger/qho/2025-09-16_19-56-00-999728/model.pth
Model state saved to ./results/models/checkpoints/schrodinger/qho/2025-09-16_19-56-00-999728/model_weights.pth
It: 801, Loss: 4.077e-05, Loss_res: 1.768e-03,  Loss_bcs: 1.186e-05, Loss_ut_ics: 1.123e-03, lr: 1.000e-03, Time: 1.80e+03
Model state saved to ./results/models/checkpoints/schrodinger/qho/2025-09-16_19-56-00-999728/model.pth
Model state saved to ./results/models/checkpoints/schrodinger/qho/2025-09-16_19-56-00-999728/model_weights.pth
It: 802, Loss: 4.025e-05, Loss_res: 2.494e-03,  Loss_bcs: 1.219e-05, Loss_ut_ics: 3.124e-04, lr: 1.000e-03, Time: 1.80e+03
Model state saved to ./results/models/checkpoints/schrodinger/qho/2025-09-16_19-56-00-999728/model.pth
Model state saved to ./results/models/checkpoints/schrodinger/qho/2025-09-16_19-56-00-999728/model_weights.pth
It: 803, Loss: 4.592e-05, Loss_res: 2.700e-03,  Loss_bcs: 9.237e-06, Loss_ut_ics: 9.682e-04, lr: 1.000e-03, Time: 1.81e+03
Model state saved to ./results/models/checkpoints/schrodinger/qho/2025-09-16_19-56-00-999728/model.pth
Model state saved to ./results/models/checkpoints/schrodinger/qho/2025-09-16_19-56-00-999728/model_weights.pth
It: 804, Loss: 8.181e-05, Loss_res: 3.287e-03,  Loss_bcs: 1.468e-05, Loss_ut_ics: 3.427e-03, lr: 1.000e-03, Time: 1.81e+03
Model state saved to ./results/models/checkpoints/schrodinger/qho/2025-09-16_19-56-00-999728/model.pth
Model state saved to ./results/models/checkpoints/schrodinger/qho/2025-09-16_19-56-00-999728/model_weights.pth
It: 805, Loss: 6.845e-05, Loss_res: 3.300e-03,  Loss_bcs: 1.246e-05, Loss_ut_ics: 2.299e-03, lr: 1.000e-03, Time: 1.81e+03
Model state saved to ./results/models/checkpoints/schrodinger/qho/2025-09-16_19-56-00-999728/model.pth
Model state saved to ./results/models/checkpoints/schrodinger/qho/2025-09-16_19-56-00-999728/model_weights.pth
It: 806, Loss: 5.643e-05, Loss_res: 2.175e-03,  Loss_bcs: 1.224e-05, Loss_ut_ics: 2.243e-03, lr: 1.000e-03, Time: 1.81e+03
Model state saved to ./results/models/checkpoints/schrodinger/qho/2025-09-16_19-56-00-999728/model.pth
Model state saved to ./results/models/checkpoints/schrodinger/qho/2025-09-16_19-56-00-999728/model_weights.pth
It: 807, Loss: 5.009e-05, Loss_res: 2.790e-03,  Loss_bcs: 5.649e-06, Loss_ut_ics: 1.654e-03, lr: 1.000e-03, Time: 1.82e+03
Model state saved to ./results/models/checkpoints/schrodinger/qho/2025-09-16_19-56-00-999728/model.pth
Model state saved to ./results/models/checkpoints/schrodinger/qho/2025-09-16_19-56-00-999728/model_weights.pth
It: 808, Loss: 3.136e-05, Loss_res: 1.766e-03,  Loss_bcs: 7.686e-06, Loss_ut_ics: 6.014e-04, lr: 1.000e-03, Time: 1.82e+03
Model state saved to ./results/models/checkpoints/schrodinger/qho/2025-09-16_19-56-00-999728/model.pth
Model state saved to ./results/models/checkpoints/schrodinger/qho/2025-09-16_19-56-00-999728/model_weights.pth
It: 809, Loss: 4.893e-05, Loss_res: 3.219e-03,  Loss_bcs: 6.479e-06, Loss_ut_ics: 1.026e-03, lr: 1.000e-03, Time: 1.82e+03
Model state saved to ./results/models/checkpoints/schrodinger/qho/2025-09-16_19-56-00-999728/model.pth
Model state saved to ./results/models/checkpoints/schrodinger/qho/2025-09-16_19-56-00-999728/model_weights.pth
It: 810, Loss: 5.477e-05, Loss_res: 4.210e-03,  Loss_bcs: 1.077e-05, Loss_ut_ics: 1.888e-04, lr: 1.000e-03, Time: 1.83e+03
Model state saved to ./results/models/checkpoints/schrodinger/qho/2025-09-16_19-56-00-999728/model.pth
Model state saved to ./results/models/checkpoints/schrodinger/qho/2025-09-16_19-56-00-999728/model_weights.pth
It: 811, Loss: 5.721e-05, Loss_res: 1.812e-03,  Loss_bcs: 2.204e-05, Loss_ut_ics: 1.706e-03, lr: 1.000e-03, Time: 1.83e+03
Model state saved to ./results/models/checkpoints/schrodinger/qho/2025-09-16_19-56-00-999728/model.pth
Model state saved to ./results/models/checkpoints/schrodinger/qho/2025-09-16_19-56-00-999728/model_weights.pth
It: 812, Loss: 5.400e-05, Loss_res: 1.570e-03,  Loss_bcs: 2.485e-05, Loss_ut_ics: 1.345e-03, lr: 1.000e-03, Time: 1.83e+03
Model state saved to ./results/models/checkpoints/schrodinger/qho/2025-09-16_19-56-00-999728/model.pth
Model state saved to ./results/models/checkpoints/schrodinger/qho/2025-09-16_19-56-00-999728/model_weights.pth
It: 813, Loss: 5.459e-05, Loss_res: 3.361e-03,  Loss_bcs: 5.113e-06, Loss_ut_ics: 1.587e-03, lr: 1.000e-03, Time: 1.83e+03
Model state saved to ./results/models/checkpoints/schrodinger/qho/2025-09-16_19-56-00-999728/model.pth
Model state saved to ./results/models/checkpoints/schrodinger/qho/2025-09-16_19-56-00-999728/model_weights.pth
It: 814, Loss: 3.263e-05, Loss_res: 1.757e-03,  Loss_bcs: 4.346e-06, Loss_ut_ics: 1.071e-03, lr: 1.000e-03, Time: 1.83e+03
Model state saved to ./results/models/checkpoints/schrodinger/qho/2025-09-16_19-56-00-999728/model.pth
Model state saved to ./results/models/checkpoints/schrodinger/qho/2025-09-16_19-56-00-999728/model_weights.pth
It: 815, Loss: 4.830e-05, Loss_res: 2.693e-03,  Loss_bcs: 2.288e-06, Loss_ut_ics: 1.908e-03, lr: 1.000e-03, Time: 1.84e+03
Model state saved to ./results/models/checkpoints/schrodinger/qho/2025-09-16_19-56-00-999728/model.pth
Model state saved to ./results/models/checkpoints/schrodinger/qho/2025-09-16_19-56-00-999728/model_weights.pth
It: 816, Loss: 6.657e-05, Loss_res: 2.984e-03,  Loss_bcs: 1.209e-05, Loss_ut_ics: 2.464e-03, lr: 1.000e-03, Time: 1.84e+03
Model state saved to ./results/models/checkpoints/schrodinger/qho/2025-09-16_19-56-00-999728/model.pth
Model state saved to ./results/models/checkpoints/schrodinger/qho/2025-09-16_19-56-00-999728/model_weights.pth
It: 817, Loss: 9.500e-05, Loss_res: 2.232e-03,  Loss_bcs: 4.078e-05, Loss_ut_ics: 3.190e-03, lr: 1.000e-03, Time: 1.84e+03
Model state saved to ./results/models/checkpoints/schrodinger/qho/2025-09-16_19-56-00-999728/model.pth
Model state saved to ./results/models/checkpoints/schrodinger/qho/2025-09-16_19-56-00-999728/model_weights.pth
It: 818, Loss: 6.488e-05, Loss_res: 3.438e-03,  Loss_bcs: 1.139e-05, Loss_ut_ics: 1.911e-03, lr: 1.000e-03, Time: 1.84e+03
Model state saved to ./results/models/checkpoints/schrodinger/qho/2025-09-16_19-56-00-999728/model.pth
Model state saved to ./results/models/checkpoints/schrodinger/qho/2025-09-16_19-56-00-999728/model_weights.pth
It: 819, Loss: 6.596e-05, Loss_res: 3.089e-03,  Loss_bcs: 1.144e-05, Loss_ut_ics: 2.363e-03, lr: 1.000e-03, Time: 1.84e+03
Model state saved to ./results/models/checkpoints/schrodinger/qho/2025-09-16_19-56-00-999728/model.pth
Model state saved to ./results/models/checkpoints/schrodinger/qho/2025-09-16_19-56-00-999728/model_weights.pth
It: 820, Loss: 4.590e-05, Loss_res: 3.341e-03,  Loss_bcs: 6.294e-06, Loss_ut_ics: 6.197e-04, lr: 1.000e-03, Time: 1.85e+03
Model state saved to ./results/models/checkpoints/schrodinger/qho/2025-09-16_19-56-00-999728/model.pth
Model state saved to ./results/models/checkpoints/schrodinger/qho/2025-09-16_19-56-00-999728/model_weights.pth
It: 821, Loss: 4.295e-05, Loss_res: 1.836e-03,  Loss_bcs: 1.112e-05, Loss_ut_ics: 1.347e-03, lr: 1.000e-03, Time: 1.85e+03
Model state saved to ./results/models/checkpoints/schrodinger/qho/2025-09-16_19-56-00-999728/model.pth
Model state saved to ./results/models/checkpoints/schrodinger/qho/2025-09-16_19-56-00-999728/model_weights.pth
It: 822, Loss: 4.319e-05, Loss_res: 1.944e-03,  Loss_bcs: 1.660e-05, Loss_ut_ics: 7.151e-04, lr: 1.000e-03, Time: 1.85e+03
Model state saved to ./results/models/checkpoints/schrodinger/qho/2025-09-16_19-56-00-999728/model.pth
Model state saved to ./results/models/checkpoints/schrodinger/qho/2025-09-16_19-56-00-999728/model_weights.pth
It: 823, Loss: 6.142e-05, Loss_res: 2.683e-03,  Loss_bcs: 1.563e-05, Loss_ut_ics: 1.897e-03, lr: 1.000e-03, Time: 1.85e+03
Model state saved to ./results/models/checkpoints/schrodinger/qho/2025-09-16_19-56-00-999728/model.pth
Model state saved to ./results/models/checkpoints/schrodinger/qho/2025-09-16_19-56-00-999728/model_weights.pth
It: 824, Loss: 7.483e-05, Loss_res: 3.594e-03,  Loss_bcs: 5.141e-06, Loss_ut_ics: 3.375e-03, lr: 1.000e-03, Time: 1.85e+03
Model state saved to ./results/models/checkpoints/schrodinger/qho/2025-09-16_19-56-00-999728/model.pth
Model state saved to ./results/models/checkpoints/schrodinger/qho/2025-09-16_19-56-00-999728/model_weights.pth
It: 825, Loss: 4.789e-05, Loss_res: 1.873e-03,  Loss_bcs: 2.265e-06, Loss_ut_ics: 2.690e-03, lr: 1.000e-03, Time: 1.86e+03
Model state saved to ./results/models/checkpoints/schrodinger/qho/2025-09-16_19-56-00-999728/model.pth
Model state saved to ./results/models/checkpoints/schrodinger/qho/2025-09-16_19-56-00-999728/model_weights.pth
It: 826, Loss: 5.567e-05, Loss_res: 2.353e-03,  Loss_bcs: 3.864e-06, Loss_ut_ics: 2.827e-03, lr: 1.000e-03, Time: 1.86e+03
Model state saved to ./results/models/checkpoints/schrodinger/qho/2025-09-16_19-56-00-999728/model.pth
Model state saved to ./results/models/checkpoints/schrodinger/qho/2025-09-16_19-56-00-999728/model_weights.pth
It: 827, Loss: 6.106e-05, Loss_res: 2.329e-03,  Loss_bcs: 6.991e-06, Loss_ut_ics: 3.078e-03, lr: 1.000e-03, Time: 1.86e+03
Model state saved to ./results/models/checkpoints/schrodinger/qho/2025-09-16_19-56-00-999728/model.pth
Model state saved to ./results/models/checkpoints/schrodinger/qho/2025-09-16_19-56-00-999728/model_weights.pth
It: 828, Loss: 8.808e-05, Loss_res: 3.930e-03,  Loss_bcs: 1.087e-05, Loss_ut_ics: 3.790e-03, lr: 1.000e-03, Time: 1.86e+03
Model state saved to ./results/models/checkpoints/schrodinger/qho/2025-09-16_19-56-00-999728/model.pth
Model state saved to ./results/models/checkpoints/schrodinger/qho/2025-09-16_19-56-00-999728/model_weights.pth
It: 829, Loss: 5.601e-05, Loss_res: 2.167e-03,  Loss_bcs: 1.043e-05, Loss_ut_ics: 2.391e-03, lr: 1.000e-03, Time: 1.87e+03
Model state saved to ./results/models/checkpoints/schrodinger/qho/2025-09-16_19-56-00-999728/model.pth
Model state saved to ./results/models/checkpoints/schrodinger/qho/2025-09-16_19-56-00-999728/model_weights.pth
It: 830, Loss: 6.052e-05, Loss_res: 3.045e-03,  Loss_bcs: 6.616e-06, Loss_ut_ics: 2.345e-03, lr: 1.000e-03, Time: 1.87e+03
Model state saved to ./results/models/checkpoints/schrodinger/qho/2025-09-16_19-56-00-999728/model.pth
Model state saved to ./results/models/checkpoints/schrodinger/qho/2025-09-16_19-56-00-999728/model_weights.pth
It: 831, Loss: 6.785e-05, Loss_res: 3.197e-03,  Loss_bcs: 8.948e-06, Loss_ut_ics: 2.693e-03, lr: 1.000e-03, Time: 1.87e+03
Model state saved to ./results/models/checkpoints/schrodinger/qho/2025-09-16_19-56-00-999728/model.pth
Model state saved to ./results/models/checkpoints/schrodinger/qho/2025-09-16_19-56-00-999728/model_weights.pth
It: 832, Loss: 6.725e-05, Loss_res: 4.028e-03,  Loss_bcs: 9.528e-06, Loss_ut_ics: 1.744e-03, lr: 1.000e-03, Time: 1.87e+03
Model state saved to ./results/models/checkpoints/schrodinger/qho/2025-09-16_19-56-00-999728/model.pth
Model state saved to ./results/models/checkpoints/schrodinger/qho/2025-09-16_19-56-00-999728/model_weights.pth
It: 833, Loss: 6.454e-05, Loss_res: 3.396e-03,  Loss_bcs: 2.120e-05, Loss_ut_ics: 9.376e-04, lr: 1.000e-03, Time: 1.87e+03
Model state saved to ./results/models/checkpoints/schrodinger/qho/2025-09-16_19-56-00-999728/model.pth
Model state saved to ./results/models/checkpoints/schrodinger/qho/2025-09-16_19-56-00-999728/model_weights.pth
It: 834, Loss: 4.601e-05, Loss_res: 2.726e-03,  Loss_bcs: 1.245e-05, Loss_ut_ics: 6.303e-04, lr: 1.000e-03, Time: 1.88e+03
Model state saved to ./results/models/checkpoints/schrodinger/qho/2025-09-16_19-56-00-999728/model.pth
Model state saved to ./results/models/checkpoints/schrodinger/qho/2025-09-16_19-56-00-999728/model_weights.pth
It: 835, Loss: 6.938e-05, Loss_res: 2.230e-03,  Loss_bcs: 1.084e-05, Loss_ut_ics: 3.624e-03, lr: 1.000e-03, Time: 1.88e+03
Model state saved to ./results/models/checkpoints/schrodinger/qho/2025-09-16_19-56-00-999728/model.pth
Model state saved to ./results/models/checkpoints/schrodinger/qho/2025-09-16_19-56-00-999728/model_weights.pth
It: 836, Loss: 6.019e-05, Loss_res: 4.806e-03,  Loss_bcs: 1.875e-06, Loss_ut_ics: 1.025e-03, lr: 1.000e-03, Time: 1.88e+03
Model state saved to ./results/models/checkpoints/schrodinger/qho/2025-09-16_19-56-00-999728/model.pth
Model state saved to ./results/models/checkpoints/schrodinger/qho/2025-09-16_19-56-00-999728/model_weights.pth
It: 837, Loss: 4.564e-05, Loss_res: 2.175e-03,  Loss_bcs: 9.538e-06, Loss_ut_ics: 1.435e-03, lr: 1.000e-03, Time: 1.88e+03
Model state saved to ./results/models/checkpoints/schrodinger/qho/2025-09-16_19-56-00-999728/model.pth
Model state saved to ./results/models/checkpoints/schrodinger/qho/2025-09-16_19-56-00-999728/model_weights.pth
It: 838, Loss: 5.990e-05, Loss_res: 2.738e-03,  Loss_bcs: 2.186e-05, Loss_ut_ics: 1.067e-03, lr: 1.000e-03, Time: 1.89e+03
Model state saved to ./results/models/checkpoints/schrodinger/qho/2025-09-16_19-56-00-999728/model.pth
Model state saved to ./results/models/checkpoints/schrodinger/qho/2025-09-16_19-56-00-999728/model_weights.pth
It: 839, Loss: 3.655e-05, Loss_res: 2.001e-03,  Loss_bcs: 5.796e-06, Loss_ut_ics: 1.075e-03, lr: 1.000e-03, Time: 1.89e+03
Model state saved to ./results/models/checkpoints/schrodinger/qho/2025-09-16_19-56-00-999728/model.pth
Model state saved to ./results/models/checkpoints/schrodinger/qho/2025-09-16_19-56-00-999728/model_weights.pth
It: 840, Loss: 5.619e-05, Loss_res: 2.677e-03,  Loss_bcs: 6.414e-06, Loss_ut_ics: 2.301e-03, lr: 1.000e-03, Time: 1.89e+03
Model state saved to ./results/models/checkpoints/schrodinger/qho/2025-09-16_19-56-00-999728/model.pth
Model state saved to ./results/models/checkpoints/schrodinger/qho/2025-09-16_19-56-00-999728/model_weights.pth
It: 841, Loss: 7.236e-05, Loss_res: 3.377e-03,  Loss_bcs: 2.540e-05, Loss_ut_ics: 1.319e-03, lr: 1.000e-03, Time: 1.89e+03
Model state saved to ./results/models/checkpoints/schrodinger/qho/2025-09-16_19-56-00-999728/model.pth
Model state saved to ./results/models/checkpoints/schrodinger/qho/2025-09-16_19-56-00-999728/model_weights.pth
It: 842, Loss: 5.516e-05, Loss_res: 3.832e-03,  Loss_bcs: 8.631e-06, Loss_ut_ics: 8.208e-04, lr: 1.000e-03, Time: 1.90e+03
Model state saved to ./results/models/checkpoints/schrodinger/qho/2025-09-16_19-56-00-999728/model.pth
Model state saved to ./results/models/checkpoints/schrodinger/qho/2025-09-16_19-56-00-999728/model_weights.pth
It: 843, Loss: 9.134e-05, Loss_res: 1.797e-03,  Loss_bcs: 4.739e-05, Loss_ut_ics: 2.597e-03, lr: 1.000e-03, Time: 1.90e+03
Model state saved to ./results/models/checkpoints/schrodinger/qho/2025-09-16_19-56-00-999728/model.pth
Model state saved to ./results/models/checkpoints/schrodinger/qho/2025-09-16_19-56-00-999728/model_weights.pth
It: 844, Loss: 8.822e-05, Loss_res: 2.766e-03,  Loss_bcs: 3.577e-05, Loss_ut_ics: 2.479e-03, lr: 1.000e-03, Time: 1.90e+03
Model state saved to ./results/models/checkpoints/schrodinger/qho/2025-09-16_19-56-00-999728/model.pth
Model state saved to ./results/models/checkpoints/schrodinger/qho/2025-09-16_19-56-00-999728/model_weights.pth
It: 845, Loss: 5.433e-05, Loss_res: 2.823e-03,  Loss_bcs: 6.444e-06, Loss_ut_ics: 1.965e-03, lr: 1.000e-03, Time: 1.90e+03
Model state saved to ./results/models/checkpoints/schrodinger/qho/2025-09-16_19-56-00-999728/model.pth
Model state saved to ./results/models/checkpoints/schrodinger/qho/2025-09-16_19-56-00-999728/model_weights.pth
It: 846, Loss: 1.173e-04, Loss_res: 6.878e-03,  Loss_bcs: 4.112e-05, Loss_ut_ics: 7.445e-04, lr: 1.000e-03, Time: 1.90e+03
Model state saved to ./results/models/checkpoints/schrodinger/qho/2025-09-16_19-56-00-999728/model.pth
Model state saved to ./results/models/checkpoints/schrodinger/qho/2025-09-16_19-56-00-999728/model_weights.pth
It: 847, Loss: 7.718e-05, Loss_res: 3.428e-03,  Loss_bcs: 2.175e-05, Loss_ut_ics: 2.115e-03, lr: 1.000e-03, Time: 1.91e+03
Model state saved to ./results/models/checkpoints/schrodinger/qho/2025-09-16_19-56-00-999728/model.pth
Model state saved to ./results/models/checkpoints/schrodinger/qho/2025-09-16_19-56-00-999728/model_weights.pth
It: 848, Loss: 9.238e-05, Loss_res: 2.192e-03,  Loss_bcs: 4.632e-05, Loss_ut_ics: 2.413e-03, lr: 1.000e-03, Time: 1.91e+03
Model state saved to ./results/models/checkpoints/schrodinger/qho/2025-09-16_19-56-00-999728/model.pth
Model state saved to ./results/models/checkpoints/schrodinger/qho/2025-09-16_19-56-00-999728/model_weights.pth
It: 849, Loss: 8.349e-05, Loss_res: 2.601e-03,  Loss_bcs: 3.385e-05, Loss_ut_ics: 2.364e-03, lr: 1.000e-03, Time: 1.91e+03
Model state saved to ./results/models/checkpoints/schrodinger/qho/2025-09-16_19-56-00-999728/model.pth
Model state saved to ./results/models/checkpoints/schrodinger/qho/2025-09-16_19-56-00-999728/model_weights.pth
It: 850, Loss: 5.414e-05, Loss_res: 3.544e-03,  Loss_bcs: 1.025e-05, Loss_ut_ics: 8.456e-04, lr: 1.000e-03, Time: 1.92e+03
Model state saved to ./results/models/checkpoints/schrodinger/qho/2025-09-16_19-56-00-999728/model.pth
Model state saved to ./results/models/checkpoints/schrodinger/qho/2025-09-16_19-56-00-999728/model_weights.pth
It: 851, Loss: 7.049e-05, Loss_res: 4.575e-03,  Loss_bcs: 1.438e-05, Loss_ut_ics: 1.036e-03, lr: 1.000e-03, Time: 1.92e+03
Model state saved to ./results/models/checkpoints/schrodinger/qho/2025-09-16_19-56-00-999728/model.pth
Model state saved to ./results/models/checkpoints/schrodinger/qho/2025-09-16_19-56-00-999728/model_weights.pth
It: 852, Loss: 5.001e-05, Loss_res: 3.463e-03,  Loss_bcs: 4.329e-06, Loss_ut_ics: 1.105e-03, lr: 1.000e-03, Time: 1.92e+03
Model state saved to ./results/models/checkpoints/schrodinger/qho/2025-09-16_19-56-00-999728/model.pth
Model state saved to ./results/models/checkpoints/schrodinger/qho/2025-09-16_19-56-00-999728/model_weights.pth
It: 853, Loss: 4.925e-05, Loss_res: 1.287e-03,  Loss_bcs: 2.176e-05, Loss_ut_ics: 1.462e-03, lr: 1.000e-03, Time: 1.92e+03
Model state saved to ./results/models/checkpoints/schrodinger/qho/2025-09-16_19-56-00-999728/model.pth
Model state saved to ./results/models/checkpoints/schrodinger/qho/2025-09-16_19-56-00-999728/model_weights.pth
It: 854, Loss: 5.471e-05, Loss_res: 2.001e-03,  Loss_bcs: 2.811e-05, Loss_ut_ics: 6.583e-04, lr: 1.000e-03, Time: 1.92e+03
Model state saved to ./results/models/checkpoints/schrodinger/qho/2025-09-16_19-56-00-999728/model.pth
Model state saved to ./results/models/checkpoints/schrodinger/qho/2025-09-16_19-56-00-999728/model_weights.pth
It: 855, Loss: 6.150e-05, Loss_res: 4.126e-03,  Loss_bcs: 9.792e-06, Loss_ut_ics: 1.045e-03, lr: 1.000e-03, Time: 1.93e+03
Model state saved to ./results/models/checkpoints/schrodinger/qho/2025-09-16_19-56-00-999728/model.pth
Model state saved to ./results/models/checkpoints/schrodinger/qho/2025-09-16_19-56-00-999728/model_weights.pth
It: 856, Loss: 8.348e-05, Loss_res: 4.190e-03,  Loss_bcs: 1.759e-05, Loss_ut_ics: 2.400e-03, lr: 1.000e-03, Time: 1.93e+03
Model state saved to ./results/models/checkpoints/schrodinger/qho/2025-09-16_19-56-00-999728/model.pth
Model state saved to ./results/models/checkpoints/schrodinger/qho/2025-09-16_19-56-00-999728/model_weights.pth
It: 857, Loss: 7.229e-05, Loss_res: 3.762e-03,  Loss_bcs: 6.934e-06, Loss_ut_ics: 2.774e-03, lr: 1.000e-03, Time: 1.93e+03
Model state saved to ./results/models/checkpoints/schrodinger/qho/2025-09-16_19-56-00-999728/model.pth
Model state saved to ./results/models/checkpoints/schrodinger/qho/2025-09-16_19-56-00-999728/model_weights.pth
It: 858, Loss: 6.934e-05, Loss_res: 2.776e-03,  Loss_bcs: 2.852e-05, Loss_ut_ics: 1.306e-03, lr: 1.000e-03, Time: 1.94e+03
Model state saved to ./results/models/checkpoints/schrodinger/qho/2025-09-16_19-56-00-999728/model.pth
Model state saved to ./results/models/checkpoints/schrodinger/qho/2025-09-16_19-56-00-999728/model_weights.pth
It: 859, Loss: 7.309e-05, Loss_res: 2.423e-03,  Loss_bcs: 3.017e-05, Loss_ut_ics: 1.870e-03, lr: 1.000e-03, Time: 1.94e+03
Model state saved to ./results/models/checkpoints/schrodinger/qho/2025-09-16_19-56-00-999728/model.pth
Model state saved to ./results/models/checkpoints/schrodinger/qho/2025-09-16_19-56-00-999728/model_weights.pth
It: 860, Loss: 5.649e-05, Loss_res: 3.262e-03,  Loss_bcs: 1.556e-05, Loss_ut_ics: 8.314e-04, lr: 1.000e-03, Time: 1.94e+03
Model state saved to ./results/models/checkpoints/schrodinger/qho/2025-09-16_19-56-00-999728/model.pth
Model state saved to ./results/models/checkpoints/schrodinger/qho/2025-09-16_19-56-00-999728/model_weights.pth
It: 861, Loss: 7.461e-05, Loss_res: 4.379e-03,  Loss_bcs: 1.935e-05, Loss_ut_ics: 1.147e-03, lr: 1.000e-03, Time: 1.94e+03
Model state saved to ./results/models/checkpoints/schrodinger/qho/2025-09-16_19-56-00-999728/model.pth
Model state saved to ./results/models/checkpoints/schrodinger/qho/2025-09-16_19-56-00-999728/model_weights.pth
It: 862, Loss: 5.929e-05, Loss_res: 3.974e-03,  Loss_bcs: 6.819e-06, Loss_ut_ics: 1.273e-03, lr: 1.000e-03, Time: 1.95e+03
Model state saved to ./results/models/checkpoints/schrodinger/qho/2025-09-16_19-56-00-999728/model.pth
Model state saved to ./results/models/checkpoints/schrodinger/qho/2025-09-16_19-56-00-999728/model_weights.pth
It: 863, Loss: 5.162e-05, Loss_res: 2.728e-03,  Loss_bcs: 1.795e-05, Loss_ut_ics: 6.383e-04, lr: 1.000e-03, Time: 1.95e+03
Model state saved to ./results/models/checkpoints/schrodinger/qho/2025-09-16_19-56-00-999728/model.pth
Model state saved to ./results/models/checkpoints/schrodinger/qho/2025-09-16_19-56-00-999728/model_weights.pth
It: 864, Loss: 9.748e-05, Loss_res: 3.483e-03,  Loss_bcs: 4.685e-05, Loss_ut_ics: 1.580e-03, lr: 1.000e-03, Time: 1.95e+03
Model state saved to ./results/models/checkpoints/schrodinger/qho/2025-09-16_19-56-00-999728/model.pth
Model state saved to ./results/models/checkpoints/schrodinger/qho/2025-09-16_19-56-00-999728/model_weights.pth
It: 865, Loss: 6.861e-05, Loss_res: 3.696e-03,  Loss_bcs: 2.132e-05, Loss_ut_ics: 1.033e-03, lr: 1.000e-03, Time: 1.95e+03
Model state saved to ./results/models/checkpoints/schrodinger/qho/2025-09-16_19-56-00-999728/model.pth
Model state saved to ./results/models/checkpoints/schrodinger/qho/2025-09-16_19-56-00-999728/model_weights.pth
It: 866, Loss: 5.347e-05, Loss_res: 3.368e-03,  Loss_bcs: 8.794e-06, Loss_ut_ics: 1.099e-03, lr: 1.000e-03, Time: 1.96e+03
Model state saved to ./results/models/checkpoints/schrodinger/qho/2025-09-16_19-56-00-999728/model.pth
Model state saved to ./results/models/checkpoints/schrodinger/qho/2025-09-16_19-56-00-999728/model_weights.pth
It: 867, Loss: 6.956e-05, Loss_res: 3.628e-03,  Loss_bcs: 1.649e-05, Loss_ut_ics: 1.679e-03, lr: 1.000e-03, Time: 1.96e+03
Model state saved to ./results/models/checkpoints/schrodinger/qho/2025-09-16_19-56-00-999728/model.pth
Model state saved to ./results/models/checkpoints/schrodinger/qho/2025-09-16_19-56-00-999728/model_weights.pth
It: 868, Loss: 5.760e-05, Loss_res: 3.391e-03,  Loss_bcs: 6.870e-06, Loss_ut_ics: 1.683e-03, lr: 1.000e-03, Time: 1.96e+03
Model state saved to ./results/models/checkpoints/schrodinger/qho/2025-09-16_19-56-00-999728/model.pth
Model state saved to ./results/models/checkpoints/schrodinger/qho/2025-09-16_19-56-00-999728/model_weights.pth
It: 869, Loss: 8.217e-05, Loss_res: 3.192e-03,  Loss_bcs: 4.339e-05, Loss_ut_ics: 6.852e-04, lr: 1.000e-03, Time: 1.96e+03
Model state saved to ./results/models/checkpoints/schrodinger/qho/2025-09-16_19-56-00-999728/model.pth
Model state saved to ./results/models/checkpoints/schrodinger/qho/2025-09-16_19-56-00-999728/model_weights.pth
It: 870, Loss: 8.663e-05, Loss_res: 2.823e-03,  Loss_bcs: 4.005e-05, Loss_ut_ics: 1.835e-03, lr: 1.000e-03, Time: 1.97e+03
Model state saved to ./results/models/checkpoints/schrodinger/qho/2025-09-16_19-56-00-999728/model.pth
Model state saved to ./results/models/checkpoints/schrodinger/qho/2025-09-16_19-56-00-999728/model_weights.pth
It: 871, Loss: 4.792e-05, Loss_res: 2.476e-03,  Loss_bcs: 7.674e-06, Loss_ut_ics: 1.549e-03, lr: 1.000e-03, Time: 1.97e+03
Model state saved to ./results/models/checkpoints/schrodinger/qho/2025-09-16_19-56-00-999728/model.pth
Model state saved to ./results/models/checkpoints/schrodinger/qho/2025-09-16_19-56-00-999728/model_weights.pth
It: 872, Loss: 8.495e-05, Loss_res: 5.168e-03,  Loss_bcs: 1.150e-05, Loss_ut_ics: 2.176e-03, lr: 1.000e-03, Time: 1.97e+03
Model state saved to ./results/models/checkpoints/schrodinger/qho/2025-09-16_19-56-00-999728/model.pth
Model state saved to ./results/models/checkpoints/schrodinger/qho/2025-09-16_19-56-00-999728/model_weights.pth
It: 873, Loss: 5.161e-05, Loss_res: 2.513e-03,  Loss_bcs: 6.713e-06, Loss_ut_ics: 1.977e-03, lr: 1.000e-03, Time: 1.97e+03
Model state saved to ./results/models/checkpoints/schrodinger/qho/2025-09-16_19-56-00-999728/model.pth
Model state saved to ./results/models/checkpoints/schrodinger/qho/2025-09-16_19-56-00-999728/model_weights.pth
It: 874, Loss: 7.015e-05, Loss_res: 2.882e-03,  Loss_bcs: 1.927e-05, Loss_ut_ics: 2.206e-03, lr: 1.000e-03, Time: 1.98e+03
Model state saved to ./results/models/checkpoints/schrodinger/qho/2025-09-16_19-56-00-999728/model.pth
Model state saved to ./results/models/checkpoints/schrodinger/qho/2025-09-16_19-56-00-999728/model_weights.pth
It: 875, Loss: 6.344e-05, Loss_res: 1.890e-03,  Loss_bcs: 3.396e-05, Loss_ut_ics: 1.058e-03, lr: 1.000e-03, Time: 1.98e+03
Model state saved to ./results/models/checkpoints/schrodinger/qho/2025-09-16_19-56-00-999728/model.pth
Model state saved to ./results/models/checkpoints/schrodinger/qho/2025-09-16_19-56-00-999728/model_weights.pth
It: 876, Loss: 3.841e-05, Loss_res: 1.879e-03,  Loss_bcs: 6.346e-06, Loss_ut_ics: 1.327e-03, lr: 1.000e-03, Time: 1.98e+03
Model state saved to ./results/models/checkpoints/schrodinger/qho/2025-09-16_19-56-00-999728/model.pth
Model state saved to ./results/models/checkpoints/schrodinger/qho/2025-09-16_19-56-00-999728/model_weights.pth
It: 877, Loss: 7.191e-05, Loss_res: 5.177e-03,  Loss_bcs: 5.746e-06, Loss_ut_ics: 1.440e-03, lr: 1.000e-03, Time: 1.98e+03
Model state saved to ./results/models/checkpoints/schrodinger/qho/2025-09-16_19-56-00-999728/model.pth
Model state saved to ./results/models/checkpoints/schrodinger/qho/2025-09-16_19-56-00-999728/model_weights.pth
It: 878, Loss: 4.250e-05, Loss_res: 2.709e-03,  Loss_bcs: 6.565e-06, Loss_ut_ics: 8.845e-04, lr: 1.000e-03, Time: 1.99e+03
Model state saved to ./results/models/checkpoints/schrodinger/qho/2025-09-16_19-56-00-999728/model.pth
Model state saved to ./results/models/checkpoints/schrodinger/qho/2025-09-16_19-56-00-999728/model_weights.pth
It: 879, Loss: 5.562e-05, Loss_res: 2.160e-03,  Loss_bcs: 1.427e-05, Loss_ut_ics: 1.975e-03, lr: 1.000e-03, Time: 1.99e+03
Model state saved to ./results/models/checkpoints/schrodinger/qho/2025-09-16_19-56-00-999728/model.pth
Model state saved to ./results/models/checkpoints/schrodinger/qho/2025-09-16_19-56-00-999728/model_weights.pth
It: 880, Loss: 4.526e-05, Loss_res: 2.442e-03,  Loss_bcs: 1.725e-05, Loss_ut_ics: 3.597e-04, lr: 1.000e-03, Time: 1.99e+03
Model state saved to ./results/models/checkpoints/schrodinger/qho/2025-09-16_19-56-00-999728/model.pth
Model state saved to ./results/models/checkpoints/schrodinger/qho/2025-09-16_19-56-00-999728/model_weights.pth
It: 881, Loss: 4.128e-05, Loss_res: 1.990e-03,  Loss_bcs: 1.269e-05, Loss_ut_ics: 8.698e-04, lr: 1.000e-03, Time: 1.99e+03
Model state saved to ./results/models/checkpoints/schrodinger/qho/2025-09-16_19-56-00-999728/model.pth
Model state saved to ./results/models/checkpoints/schrodinger/qho/2025-09-16_19-56-00-999728/model_weights.pth
It: 882, Loss: 3.822e-05, Loss_res: 1.692e-03,  Loss_bcs: 6.122e-06, Loss_ut_ics: 1.518e-03, lr: 1.000e-03, Time: 2.00e+03
Model state saved to ./results/models/checkpoints/schrodinger/qho/2025-09-16_19-56-00-999728/model.pth
Model state saved to ./results/models/checkpoints/schrodinger/qho/2025-09-16_19-56-00-999728/model_weights.pth
It: 883, Loss: 4.612e-05, Loss_res: 3.340e-03,  Loss_bcs: 8.534e-06, Loss_ut_ics: 4.192e-04, lr: 1.000e-03, Time: 2.00e+03
Model state saved to ./results/models/checkpoints/schrodinger/qho/2025-09-16_19-56-00-999728/model.pth
Model state saved to ./results/models/checkpoints/schrodinger/qho/2025-09-16_19-56-00-999728/model_weights.pth
It: 884, Loss: 5.540e-05, Loss_res: 3.192e-03,  Loss_bcs: 7.784e-06, Loss_ut_ics: 1.570e-03, lr: 1.000e-03, Time: 2.00e+03
Model state saved to ./results/models/checkpoints/schrodinger/qho/2025-09-16_19-56-00-999728/model.pth
Model state saved to ./results/models/checkpoints/schrodinger/qho/2025-09-16_19-56-00-999728/model_weights.pth
It: 885, Loss: 5.201e-05, Loss_res: 1.568e-03,  Loss_bcs: 2.600e-05, Loss_ut_ics: 1.033e-03, lr: 1.000e-03, Time: 2.00e+03
Model state saved to ./results/models/checkpoints/schrodinger/qho/2025-09-16_19-56-00-999728/model.pth
Model state saved to ./results/models/checkpoints/schrodinger/qho/2025-09-16_19-56-00-999728/model_weights.pth
It: 886, Loss: 7.938e-05, Loss_res: 3.219e-03,  Loss_bcs: 2.571e-05, Loss_ut_ics: 2.148e-03, lr: 1.000e-03, Time: 2.01e+03
Model state saved to ./results/models/checkpoints/schrodinger/qho/2025-09-16_19-56-00-999728/model.pth
Model state saved to ./results/models/checkpoints/schrodinger/qho/2025-09-16_19-56-00-999728/model_weights.pth
It: 887, Loss: 6.054e-05, Loss_res: 2.011e-03,  Loss_bcs: 7.073e-06, Loss_ut_ics: 3.335e-03, lr: 1.000e-03, Time: 2.01e+03
Model state saved to ./results/models/checkpoints/schrodinger/qho/2025-09-16_19-56-00-999728/model.pth
Model state saved to ./results/models/checkpoints/schrodinger/qho/2025-09-16_19-56-00-999728/model_weights.pth
It: 888, Loss: 6.347e-05, Loss_res: 3.436e-03,  Loss_bcs: 1.352e-05, Loss_ut_ics: 1.560e-03, lr: 1.000e-03, Time: 2.01e+03
Model state saved to ./results/models/checkpoints/schrodinger/qho/2025-09-16_19-56-00-999728/model.pth
Model state saved to ./results/models/checkpoints/schrodinger/qho/2025-09-16_19-56-00-999728/model_weights.pth
It: 889, Loss: 6.922e-05, Loss_res: 4.126e-03,  Loss_bcs: 1.584e-05, Loss_ut_ics: 1.212e-03, lr: 1.000e-03, Time: 2.01e+03
Model state saved to ./results/models/checkpoints/schrodinger/qho/2025-09-16_19-56-00-999728/model.pth
Model state saved to ./results/models/checkpoints/schrodinger/qho/2025-09-16_19-56-00-999728/model_weights.pth
It: 890, Loss: 6.832e-05, Loss_res: 3.096e-03,  Loss_bcs: 2.035e-05, Loss_ut_ics: 1.702e-03, lr: 1.000e-03, Time: 2.02e+03
Model state saved to ./results/models/checkpoints/schrodinger/qho/2025-09-16_19-56-00-999728/model.pth
Model state saved to ./results/models/checkpoints/schrodinger/qho/2025-09-16_19-56-00-999728/model_weights.pth
It: 891, Loss: 6.423e-05, Loss_res: 1.825e-03,  Loss_bcs: 2.299e-05, Loss_ut_ics: 2.298e-03, lr: 1.000e-03, Time: 2.02e+03
Model state saved to ./results/models/checkpoints/schrodinger/qho/2025-09-16_19-56-00-999728/model.pth
Model state saved to ./results/models/checkpoints/schrodinger/qho/2025-09-16_19-56-00-999728/model_weights.pth
It: 892, Loss: 5.010e-05, Loss_res: 2.962e-03,  Loss_bcs: 9.440e-06, Loss_ut_ics: 1.103e-03, lr: 1.000e-03, Time: 2.02e+03
Model state saved to ./results/models/checkpoints/schrodinger/qho/2025-09-16_19-56-00-999728/model.pth
Model state saved to ./results/models/checkpoints/schrodinger/qho/2025-09-16_19-56-00-999728/model_weights.pth
It: 893, Loss: 5.653e-05, Loss_res: 2.101e-03,  Loss_bcs: 1.202e-05, Loss_ut_ics: 2.351e-03, lr: 1.000e-03, Time: 2.02e+03
Model state saved to ./results/models/checkpoints/schrodinger/qho/2025-09-16_19-56-00-999728/model.pth
Model state saved to ./results/models/checkpoints/schrodinger/qho/2025-09-16_19-56-00-999728/model_weights.pth
It: 894, Loss: 7.711e-05, Loss_res: 5.337e-03,  Loss_bcs: 1.010e-05, Loss_ut_ics: 1.364e-03, lr: 1.000e-03, Time: 2.03e+03
Model state saved to ./results/models/checkpoints/schrodinger/qho/2025-09-16_19-56-00-999728/model.pth
Model state saved to ./results/models/checkpoints/schrodinger/qho/2025-09-16_19-56-00-999728/model_weights.pth
It: 895, Loss: 4.062e-05, Loss_res: 2.080e-03,  Loss_bcs: 9.587e-06, Loss_ut_ics: 1.023e-03, lr: 1.000e-03, Time: 2.03e+03
Model state saved to ./results/models/checkpoints/schrodinger/qho/2025-09-16_19-56-00-999728/model.pth
Model state saved to ./results/models/checkpoints/schrodinger/qho/2025-09-16_19-56-00-999728/model_weights.pth
It: 896, Loss: 7.056e-05, Loss_res: 2.487e-03,  Loss_bcs: 2.432e-05, Loss_ut_ics: 2.137e-03, lr: 1.000e-03, Time: 2.03e+03
Model state saved to ./results/models/checkpoints/schrodinger/qho/2025-09-16_19-56-00-999728/model.pth
Model state saved to ./results/models/checkpoints/schrodinger/qho/2025-09-16_19-56-00-999728/model_weights.pth
It: 897, Loss: 6.515e-05, Loss_res: 3.113e-03,  Loss_bcs: 1.514e-05, Loss_ut_ics: 1.889e-03, lr: 1.000e-03, Time: 2.03e+03
Model state saved to ./results/models/checkpoints/schrodinger/qho/2025-09-16_19-56-00-999728/model.pth
Model state saved to ./results/models/checkpoints/schrodinger/qho/2025-09-16_19-56-00-999728/model_weights.pth
It: 898, Loss: 6.428e-05, Loss_res: 4.868e-03,  Loss_bcs: 1.073e-05, Loss_ut_ics: 4.869e-04, lr: 1.000e-03, Time: 2.04e+03
Model state saved to ./results/models/checkpoints/schrodinger/qho/2025-09-16_19-56-00-999728/model.pth
Model state saved to ./results/models/checkpoints/schrodinger/qho/2025-09-16_19-56-00-999728/model_weights.pth
It: 899, Loss: 4.416e-05, Loss_res: 2.608e-03,  Loss_bcs: 1.205e-05, Loss_ut_ics: 6.029e-04, lr: 1.000e-03, Time: 2.04e+03
Model state saved to ./results/models/checkpoints/schrodinger/qho/2025-09-16_19-56-00-999728/model.pth
Model state saved to ./results/models/checkpoints/schrodinger/qho/2025-09-16_19-56-00-999728/model_weights.pth
It: 900, Loss: 5.293e-05, Loss_res: 2.020e-03,  Loss_bcs: 1.513e-05, Loss_ut_ics: 1.760e-03, lr: 1.000e-03, Time: 2.04e+03
Model state saved to ./results/models/checkpoints/schrodinger/qho/2025-09-16_19-56-00-999728/model.pth
Model state saved to ./results/models/checkpoints/schrodinger/qho/2025-09-16_19-56-00-999728/model_weights.pth
It: 901, Loss: 6.657e-05, Loss_res: 2.476e-03,  Loss_bcs: 2.430e-05, Loss_ut_ics: 1.751e-03, lr: 1.000e-03, Time: 2.04e+03
Model state saved to ./results/models/checkpoints/schrodinger/qho/2025-09-16_19-56-00-999728/model.pth
Model state saved to ./results/models/checkpoints/schrodinger/qho/2025-09-16_19-56-00-999728/model_weights.pth
It: 902, Loss: 5.812e-05, Loss_res: 4.523e-03,  Loss_bcs: 8.541e-06, Loss_ut_ics: 4.349e-04, lr: 1.000e-03, Time: 2.05e+03
Model state saved to ./results/models/checkpoints/schrodinger/qho/2025-09-16_19-56-00-999728/model.pth
Model state saved to ./results/models/checkpoints/schrodinger/qho/2025-09-16_19-56-00-999728/model_weights.pth
It: 903, Loss: 6.650e-05, Loss_res: 4.553e-03,  Loss_bcs: 1.089e-05, Loss_ut_ics: 1.007e-03, lr: 1.000e-03, Time: 2.05e+03
Model state saved to ./results/models/checkpoints/schrodinger/qho/2025-09-16_19-56-00-999728/model.pth
Model state saved to ./results/models/checkpoints/schrodinger/qho/2025-09-16_19-56-00-999728/model_weights.pth
It: 904, Loss: 4.613e-05, Loss_res: 2.830e-03,  Loss_bcs: 1.057e-05, Loss_ut_ics: 7.266e-04, lr: 1.000e-03, Time: 2.05e+03
Model state saved to ./results/models/checkpoints/schrodinger/qho/2025-09-16_19-56-00-999728/model.pth
Model state saved to ./results/models/checkpoints/schrodinger/qho/2025-09-16_19-56-00-999728/model_weights.pth
It: 905, Loss: 7.287e-05, Loss_res: 2.336e-03,  Loss_bcs: 2.100e-05, Loss_ut_ics: 2.851e-03, lr: 1.000e-03, Time: 2.06e+03
Model state saved to ./results/models/checkpoints/schrodinger/qho/2025-09-16_19-56-00-999728/model.pth
Model state saved to ./results/models/checkpoints/schrodinger/qho/2025-09-16_19-56-00-999728/model_weights.pth
It: 906, Loss: 4.434e-05, Loss_res: 1.850e-03,  Loss_bcs: 1.707e-05, Loss_ut_ics: 8.774e-04, lr: 1.000e-03, Time: 2.06e+03
Model state saved to ./results/models/checkpoints/schrodinger/qho/2025-09-16_19-56-00-999728/model.pth
Model state saved to ./results/models/checkpoints/schrodinger/qho/2025-09-16_19-56-00-999728/model_weights.pth
It: 907, Loss: 6.729e-05, Loss_res: 2.559e-03,  Loss_bcs: 1.840e-05, Loss_ut_ics: 2.331e-03, lr: 1.000e-03, Time: 2.06e+03
Model state saved to ./results/models/checkpoints/schrodinger/qho/2025-09-16_19-56-00-999728/model.pth
Model state saved to ./results/models/checkpoints/schrodinger/qho/2025-09-16_19-56-00-999728/model_weights.pth
It: 908, Loss: 6.135e-05, Loss_res: 2.785e-03,  Loss_bcs: 1.238e-05, Loss_ut_ics: 2.111e-03, lr: 1.000e-03, Time: 2.06e+03
Model state saved to ./results/models/checkpoints/schrodinger/qho/2025-09-16_19-56-00-999728/model.pth
Model state saved to ./results/models/checkpoints/schrodinger/qho/2025-09-16_19-56-00-999728/model_weights.pth
It: 909, Loss: 5.580e-05, Loss_res: 3.119e-03,  Loss_bcs: 9.850e-06, Loss_ut_ics: 1.476e-03, lr: 1.000e-03, Time: 2.07e+03
Model state saved to ./results/models/checkpoints/schrodinger/qho/2025-09-16_19-56-00-999728/model.pth
Model state saved to ./results/models/checkpoints/schrodinger/qho/2025-09-16_19-56-00-999728/model_weights.pth
It: 910, Loss: 4.821e-05, Loss_res: 2.580e-03,  Loss_bcs: 1.032e-05, Loss_ut_ics: 1.209e-03, lr: 1.000e-03, Time: 2.07e+03
Model state saved to ./results/models/checkpoints/schrodinger/qho/2025-09-16_19-56-00-999728/model.pth
Model state saved to ./results/models/checkpoints/schrodinger/qho/2025-09-16_19-56-00-999728/model_weights.pth
It: 911, Loss: 4.272e-05, Loss_res: 1.252e-03,  Loss_bcs: 2.144e-05, Loss_ut_ics: 8.759e-04, lr: 1.000e-03, Time: 2.07e+03
Model state saved to ./results/models/checkpoints/schrodinger/qho/2025-09-16_19-56-00-999728/model.pth
Model state saved to ./results/models/checkpoints/schrodinger/qho/2025-09-16_19-56-00-999728/model_weights.pth
It: 912, Loss: 7.157e-05, Loss_res: 2.960e-03,  Loss_bcs: 1.272e-05, Loss_ut_ics: 2.925e-03, lr: 1.000e-03, Time: 2.07e+03
Model state saved to ./results/models/checkpoints/schrodinger/qho/2025-09-16_19-56-00-999728/model.pth
Model state saved to ./results/models/checkpoints/schrodinger/qho/2025-09-16_19-56-00-999728/model_weights.pth
It: 913, Loss: 7.759e-05, Loss_res: 4.415e-03,  Loss_bcs: 2.463e-05, Loss_ut_ics: 8.811e-04, lr: 1.000e-03, Time: 2.08e+03
Model state saved to ./results/models/checkpoints/schrodinger/qho/2025-09-16_19-56-00-999728/model.pth
Model state saved to ./results/models/checkpoints/schrodinger/qho/2025-09-16_19-56-00-999728/model_weights.pth
It: 914, Loss: 4.691e-05, Loss_res: 2.606e-03,  Loss_bcs: 6.307e-06, Loss_ut_ics: 1.455e-03, lr: 1.000e-03, Time: 2.08e+03
Model state saved to ./results/models/checkpoints/schrodinger/qho/2025-09-16_19-56-00-999728/model.pth
Model state saved to ./results/models/checkpoints/schrodinger/qho/2025-09-16_19-56-00-999728/model_weights.pth
It: 915, Loss: 4.532e-05, Loss_res: 2.325e-03,  Loss_bcs: 1.124e-05, Loss_ut_ics: 1.083e-03, lr: 1.000e-03, Time: 2.08e+03
Model state saved to ./results/models/checkpoints/schrodinger/qho/2025-09-16_19-56-00-999728/model.pth
Model state saved to ./results/models/checkpoints/schrodinger/qho/2025-09-16_19-56-00-999728/model_weights.pth
It: 916, Loss: 6.073e-05, Loss_res: 2.945e-03,  Loss_bcs: 1.677e-05, Loss_ut_ics: 1.451e-03, lr: 1.000e-03, Time: 2.08e+03
Model state saved to ./results/models/checkpoints/schrodinger/qho/2025-09-16_19-56-00-999728/model.pth
Model state saved to ./results/models/checkpoints/schrodinger/qho/2025-09-16_19-56-00-999728/model_weights.pth
It: 917, Loss: 7.449e-05, Loss_res: 3.414e-03,  Loss_bcs: 1.835e-05, Loss_ut_ics: 2.200e-03, lr: 1.000e-03, Time: 2.08e+03
Model state saved to ./results/models/checkpoints/schrodinger/qho/2025-09-16_19-56-00-999728/model.pth
Model state saved to ./results/models/checkpoints/schrodinger/qho/2025-09-16_19-56-00-999728/model_weights.pth
It: 918, Loss: 6.110e-05, Loss_res: 4.245e-03,  Loss_bcs: 1.298e-05, Loss_ut_ics: 5.671e-04, lr: 1.000e-03, Time: 2.09e+03
Model state saved to ./results/models/checkpoints/schrodinger/qho/2025-09-16_19-56-00-999728/model.pth
Model state saved to ./results/models/checkpoints/schrodinger/qho/2025-09-16_19-56-00-999728/model_weights.pth
It: 919, Loss: 5.600e-05, Loss_res: 2.731e-03,  Loss_bcs: 1.742e-05, Loss_ut_ics: 1.126e-03, lr: 1.000e-03, Time: 2.09e+03
Model state saved to ./results/models/checkpoints/schrodinger/qho/2025-09-16_19-56-00-999728/model.pth
Model state saved to ./results/models/checkpoints/schrodinger/qho/2025-09-16_19-56-00-999728/model_weights.pth
It: 920, Loss: 4.773e-05, Loss_res: 2.399e-03,  Loss_bcs: 1.224e-05, Loss_ut_ics: 1.150e-03, lr: 1.000e-03, Time: 2.09e+03
Model state saved to ./results/models/checkpoints/schrodinger/qho/2025-09-16_19-56-00-999728/model.pth
Model state saved to ./results/models/checkpoints/schrodinger/qho/2025-09-16_19-56-00-999728/model_weights.pth
It: 921, Loss: 6.866e-05, Loss_res: 2.342e-03,  Loss_bcs: 2.624e-05, Loss_ut_ics: 1.899e-03, lr: 1.000e-03, Time: 2.09e+03
Model state saved to ./results/models/checkpoints/schrodinger/qho/2025-09-16_19-56-00-999728/model.pth
Model state saved to ./results/models/checkpoints/schrodinger/qho/2025-09-16_19-56-00-999728/model_weights.pth
It: 922, Loss: 5.959e-05, Loss_res: 2.946e-03,  Loss_bcs: 1.966e-05, Loss_ut_ics: 1.047e-03, lr: 1.000e-03, Time: 2.09e+03
Model state saved to ./results/models/checkpoints/schrodinger/qho/2025-09-16_19-56-00-999728/model.pth
Model state saved to ./results/models/checkpoints/schrodinger/qho/2025-09-16_19-56-00-999728/model_weights.pth
It: 923, Loss: 4.945e-05, Loss_res: 2.340e-03,  Loss_bcs: 8.051e-06, Loss_ut_ics: 1.800e-03, lr: 1.000e-03, Time: 2.10e+03
Model state saved to ./results/models/checkpoints/schrodinger/qho/2025-09-16_19-56-00-999728/model.pth
Model state saved to ./results/models/checkpoints/schrodinger/qho/2025-09-16_19-56-00-999728/model_weights.pth
It: 924, Loss: 5.438e-05, Loss_res: 2.896e-03,  Loss_bcs: 8.811e-06, Loss_ut_ics: 1.660e-03, lr: 1.000e-03, Time: 2.10e+03
Model state saved to ./results/models/checkpoints/schrodinger/qho/2025-09-16_19-56-00-999728/model.pth
Model state saved to ./results/models/checkpoints/schrodinger/qho/2025-09-16_19-56-00-999728/model_weights.pth
It: 925, Loss: 4.606e-05, Loss_res: 2.169e-03,  Loss_bcs: 9.081e-06, Loss_ut_ics: 1.529e-03, lr: 1.000e-03, Time: 2.10e+03
Model state saved to ./results/models/checkpoints/schrodinger/qho/2025-09-16_19-56-00-999728/model.pth
Model state saved to ./results/models/checkpoints/schrodinger/qho/2025-09-16_19-56-00-999728/model_weights.pth
It: 926, Loss: 6.164e-05, Loss_res: 2.296e-03,  Loss_bcs: 2.213e-05, Loss_ut_ics: 1.655e-03, lr: 1.000e-03, Time: 2.10e+03
Model state saved to ./results/models/checkpoints/schrodinger/qho/2025-09-16_19-56-00-999728/model.pth
Model state saved to ./results/models/checkpoints/schrodinger/qho/2025-09-16_19-56-00-999728/model_weights.pth
It: 927, Loss: 7.026e-05, Loss_res: 2.785e-03,  Loss_bcs: 2.295e-05, Loss_ut_ics: 1.946e-03, lr: 1.000e-03, Time: 2.11e+03
Model state saved to ./results/models/checkpoints/schrodinger/qho/2025-09-16_19-56-00-999728/model.pth
Model state saved to ./results/models/checkpoints/schrodinger/qho/2025-09-16_19-56-00-999728/model_weights.pth
It: 928, Loss: 5.497e-05, Loss_res: 3.026e-03,  Loss_bcs: 6.908e-06, Loss_ut_ics: 1.780e-03, lr: 1.000e-03, Time: 2.11e+03
Model state saved to ./results/models/checkpoints/schrodinger/qho/2025-09-16_19-56-00-999728/model.pth
Model state saved to ./results/models/checkpoints/schrodinger/qho/2025-09-16_19-56-00-999728/model_weights.pth
It: 929, Loss: 5.798e-05, Loss_res: 3.397e-03,  Loss_bcs: 1.042e-05, Loss_ut_ics: 1.358e-03, lr: 1.000e-03, Time: 2.11e+03
Model state saved to ./results/models/checkpoints/schrodinger/qho/2025-09-16_19-56-00-999728/model.pth
Model state saved to ./results/models/checkpoints/schrodinger/qho/2025-09-16_19-56-00-999728/model_weights.pth
It: 930, Loss: 4.374e-05, Loss_res: 1.960e-03,  Loss_bcs: 6.350e-06, Loss_ut_ics: 1.779e-03, lr: 1.000e-03, Time: 2.11e+03
Model state saved to ./results/models/checkpoints/schrodinger/qho/2025-09-16_19-56-00-999728/model.pth
Model state saved to ./results/models/checkpoints/schrodinger/qho/2025-09-16_19-56-00-999728/model_weights.pth
It: 931, Loss: 6.149e-05, Loss_res: 3.027e-03,  Loss_bcs: 1.766e-05, Loss_ut_ics: 1.355e-03, lr: 1.000e-03, Time: 2.12e+03
Model state saved to ./results/models/checkpoints/schrodinger/qho/2025-09-16_19-56-00-999728/model.pth
Model state saved to ./results/models/checkpoints/schrodinger/qho/2025-09-16_19-56-00-999728/model_weights.pth
It: 932, Loss: 3.507e-05, Loss_res: 1.755e-03,  Loss_bcs: 9.676e-06, Loss_ut_ics: 7.844e-04, lr: 1.000e-03, Time: 2.12e+03
Model state saved to ./results/models/checkpoints/schrodinger/qho/2025-09-16_19-56-00-999728/model.pth
Model state saved to ./results/models/checkpoints/schrodinger/qho/2025-09-16_19-56-00-999728/model_weights.pth
It: 933, Loss: 5.764e-05, Loss_res: 3.070e-03,  Loss_bcs: 1.060e-05, Loss_ut_ics: 1.634e-03, lr: 1.000e-03, Time: 2.12e+03
Model state saved to ./results/models/checkpoints/schrodinger/qho/2025-09-16_19-56-00-999728/model.pth
Model state saved to ./results/models/checkpoints/schrodinger/qho/2025-09-16_19-56-00-999728/model_weights.pth
It: 934, Loss: 4.455e-05, Loss_res: 3.092e-03,  Loss_bcs: 6.027e-06, Loss_ut_ics: 7.599e-04, lr: 1.000e-03, Time: 2.12e+03
Model state saved to ./results/models/checkpoints/schrodinger/qho/2025-09-16_19-56-00-999728/model.pth
Model state saved to ./results/models/checkpoints/schrodinger/qho/2025-09-16_19-56-00-999728/model_weights.pth
It: 935, Loss: 3.959e-05, Loss_res: 2.305e-03,  Loss_bcs: 8.070e-06, Loss_ut_ics: 8.474e-04, lr: 1.000e-03, Time: 2.13e+03
Model state saved to ./results/models/checkpoints/schrodinger/qho/2025-09-16_19-56-00-999728/model.pth
Model state saved to ./results/models/checkpoints/schrodinger/qho/2025-09-16_19-56-00-999728/model_weights.pth
It: 936, Loss: 4.722e-05, Loss_res: 1.944e-03,  Loss_bcs: 1.994e-05, Loss_ut_ics: 7.835e-04, lr: 1.000e-03, Time: 2.13e+03
Model state saved to ./results/models/checkpoints/schrodinger/qho/2025-09-16_19-56-00-999728/model.pth
Model state saved to ./results/models/checkpoints/schrodinger/qho/2025-09-16_19-56-00-999728/model_weights.pth
It: 937, Loss: 4.347e-05, Loss_res: 2.122e-03,  Loss_bcs: 1.505e-05, Loss_ut_ics: 7.210e-04, lr: 1.000e-03, Time: 2.13e+03
Model state saved to ./results/models/checkpoints/schrodinger/qho/2025-09-16_19-56-00-999728/model.pth
Model state saved to ./results/models/checkpoints/schrodinger/qho/2025-09-16_19-56-00-999728/model_weights.pth
It: 938, Loss: 5.801e-05, Loss_res: 3.600e-03,  Loss_bcs: 1.461e-05, Loss_ut_ics: 7.404e-04, lr: 1.000e-03, Time: 2.13e+03
Model state saved to ./results/models/checkpoints/schrodinger/qho/2025-09-16_19-56-00-999728/model.pth
Model state saved to ./results/models/checkpoints/schrodinger/qho/2025-09-16_19-56-00-999728/model_weights.pth
It: 939, Loss: 6.459e-05, Loss_res: 4.557e-03,  Loss_bcs: 1.184e-05, Loss_ut_ics: 7.174e-04, lr: 1.000e-03, Time: 2.13e+03
Model state saved to ./results/models/checkpoints/schrodinger/qho/2025-09-16_19-56-00-999728/model.pth
Model state saved to ./results/models/checkpoints/schrodinger/qho/2025-09-16_19-56-00-999728/model_weights.pth
It: 940, Loss: 3.130e-05, Loss_res: 1.915e-03,  Loss_bcs: 6.916e-06, Loss_ut_ics: 5.242e-04, lr: 1.000e-03, Time: 2.14e+03
Model state saved to ./results/models/checkpoints/schrodinger/qho/2025-09-16_19-56-00-999728/model.pth
Model state saved to ./results/models/checkpoints/schrodinger/qho/2025-09-16_19-56-00-999728/model_weights.pth
It: 941, Loss: 5.663e-05, Loss_res: 1.930e-03,  Loss_bcs: 2.116e-05, Loss_ut_ics: 1.617e-03, lr: 1.000e-03, Time: 2.14e+03
Model state saved to ./results/models/checkpoints/schrodinger/qho/2025-09-16_19-56-00-999728/model.pth
Model state saved to ./results/models/checkpoints/schrodinger/qho/2025-09-16_19-56-00-999728/model_weights.pth
It: 942, Loss: 6.128e-05, Loss_res: 2.003e-03,  Loss_bcs: 2.034e-05, Loss_ut_ics: 2.090e-03, lr: 1.000e-03, Time: 2.14e+03
Model state saved to ./results/models/checkpoints/schrodinger/qho/2025-09-16_19-56-00-999728/model.pth
Model state saved to ./results/models/checkpoints/schrodinger/qho/2025-09-16_19-56-00-999728/model_weights.pth
It: 943, Loss: 5.397e-05, Loss_res: 3.191e-03,  Loss_bcs: 5.272e-06, Loss_ut_ics: 1.679e-03, lr: 1.000e-03, Time: 2.14e+03
Model state saved to ./results/models/checkpoints/schrodinger/qho/2025-09-16_19-56-00-999728/model.pth
Model state saved to ./results/models/checkpoints/schrodinger/qho/2025-09-16_19-56-00-999728/model_weights.pth
It: 944, Loss: 4.257e-05, Loss_res: 3.299e-03,  Loss_bcs: 5.581e-06, Loss_ut_ics: 4.008e-04, lr: 1.000e-03, Time: 2.15e+03
Model state saved to ./results/models/checkpoints/schrodinger/qho/2025-09-16_19-56-00-999728/model.pth
Model state saved to ./results/models/checkpoints/schrodinger/qho/2025-09-16_19-56-00-999728/model_weights.pth
It: 945, Loss: 5.485e-05, Loss_res: 2.474e-03,  Loss_bcs: 1.085e-06, Loss_ut_ics: 2.902e-03, lr: 1.000e-03, Time: 2.15e+03
Model state saved to ./results/models/checkpoints/schrodinger/qho/2025-09-16_19-56-00-999728/model.pth
Model state saved to ./results/models/checkpoints/schrodinger/qho/2025-09-16_19-56-00-999728/model_weights.pth
It: 946, Loss: 6.387e-05, Loss_res: 2.625e-03,  Loss_bcs: 1.594e-05, Loss_ut_ics: 2.168e-03, lr: 1.000e-03, Time: 2.15e+03
Model state saved to ./results/models/checkpoints/schrodinger/qho/2025-09-16_19-56-00-999728/model.pth
Model state saved to ./results/models/checkpoints/schrodinger/qho/2025-09-16_19-56-00-999728/model_weights.pth
It: 947, Loss: 5.246e-05, Loss_res: 3.425e-03,  Loss_bcs: 1.761e-05, Loss_ut_ics: 5.951e-05, lr: 1.000e-03, Time: 2.15e+03
Model state saved to ./results/models/checkpoints/schrodinger/qho/2025-09-16_19-56-00-999728/model.pth
Model state saved to ./results/models/checkpoints/schrodinger/qho/2025-09-16_19-56-00-999728/model_weights.pth
It: 948, Loss: 6.047e-05, Loss_res: 3.188e-03,  Loss_bcs: 1.966e-05, Loss_ut_ics: 8.930e-04, lr: 1.000e-03, Time: 2.16e+03
Model state saved to ./results/models/checkpoints/schrodinger/qho/2025-09-16_19-56-00-999728/model.pth
Model state saved to ./results/models/checkpoints/schrodinger/qho/2025-09-16_19-56-00-999728/model_weights.pth
It: 949, Loss: 4.303e-05, Loss_res: 2.936e-03,  Loss_bcs: 6.933e-06, Loss_ut_ics: 6.731e-04, lr: 1.000e-03, Time: 2.16e+03
Model state saved to ./results/models/checkpoints/schrodinger/qho/2025-09-16_19-56-00-999728/model.pth
Model state saved to ./results/models/checkpoints/schrodinger/qho/2025-09-16_19-56-00-999728/model_weights.pth
It: 950, Loss: 5.539e-05, Loss_res: 2.976e-03,  Loss_bcs: 1.544e-05, Loss_ut_ics: 1.019e-03, lr: 1.000e-03, Time: 2.16e+03
Model state saved to ./results/models/checkpoints/schrodinger/qho/2025-09-16_19-56-00-999728/model.pth
Model state saved to ./results/models/checkpoints/schrodinger/qho/2025-09-16_19-56-00-999728/model_weights.pth
It: 951, Loss: 6.453e-05, Loss_res: 3.783e-03,  Loss_bcs: 9.017e-06, Loss_ut_ics: 1.768e-03, lr: 1.000e-03, Time: 2.16e+03
Model state saved to ./results/models/checkpoints/schrodinger/qho/2025-09-16_19-56-00-999728/model.pth
Model state saved to ./results/models/checkpoints/schrodinger/qho/2025-09-16_19-56-00-999728/model_weights.pth
It: 952, Loss: 5.193e-05, Loss_res: 2.613e-03,  Loss_bcs: 1.256e-05, Loss_ut_ics: 1.325e-03, lr: 1.000e-03, Time: 2.17e+03
Model state saved to ./results/models/checkpoints/schrodinger/qho/2025-09-16_19-56-00-999728/model.pth
Model state saved to ./results/models/checkpoints/schrodinger/qho/2025-09-16_19-56-00-999728/model_weights.pth
It: 953, Loss: 4.795e-05, Loss_res: 1.915e-03,  Loss_bcs: 7.118e-06, Loss_ut_ics: 2.168e-03, lr: 1.000e-03, Time: 2.17e+03
Model state saved to ./results/models/checkpoints/schrodinger/qho/2025-09-16_19-56-00-999728/model.pth
Model state saved to ./results/models/checkpoints/schrodinger/qho/2025-09-16_19-56-00-999728/model_weights.pth
It: 954, Loss: 3.097e-05, Loss_res: 2.044e-03,  Loss_bcs: 7.383e-06, Loss_ut_ics: 3.150e-04, lr: 1.000e-03, Time: 2.17e+03
Model state saved to ./results/models/checkpoints/schrodinger/qho/2025-09-16_19-56-00-999728/model.pth
Model state saved to ./results/models/checkpoints/schrodinger/qho/2025-09-16_19-56-00-999728/model_weights.pth
It: 955, Loss: 5.102e-05, Loss_res: 1.961e-03,  Loss_bcs: 1.061e-05, Loss_ut_ics: 2.080e-03, lr: 1.000e-03, Time: 2.17e+03
Model state saved to ./results/models/checkpoints/schrodinger/qho/2025-09-16_19-56-00-999728/model.pth
Model state saved to ./results/models/checkpoints/schrodinger/qho/2025-09-16_19-56-00-999728/model_weights.pth
It: 956, Loss: 3.727e-05, Loss_res: 2.762e-03,  Loss_bcs: 2.433e-06, Loss_ut_ics: 7.221e-04, lr: 1.000e-03, Time: 2.18e+03
Model state saved to ./results/models/checkpoints/schrodinger/qho/2025-09-16_19-56-00-999728/model.pth
Model state saved to ./results/models/checkpoints/schrodinger/qho/2025-09-16_19-56-00-999728/model_weights.pth
It: 957, Loss: 4.359e-05, Loss_res: 2.031e-03,  Loss_bcs: 1.154e-05, Loss_ut_ics: 1.174e-03, lr: 1.000e-03, Time: 2.18e+03
Model state saved to ./results/models/checkpoints/schrodinger/qho/2025-09-16_19-56-00-999728/model.pth
Model state saved to ./results/models/checkpoints/schrodinger/qho/2025-09-16_19-56-00-999728/model_weights.pth
It: 958, Loss: 4.558e-05, Loss_res: 3.056e-03,  Loss_bcs: 4.613e-06, Loss_ut_ics: 1.040e-03, lr: 1.000e-03, Time: 2.18e+03
Model state saved to ./results/models/checkpoints/schrodinger/qho/2025-09-16_19-56-00-999728/model.pth
Model state saved to ./results/models/checkpoints/schrodinger/qho/2025-09-16_19-56-00-999728/model_weights.pth
It: 959, Loss: 4.048e-05, Loss_res: 2.491e-03,  Loss_bcs: 3.622e-06, Loss_ut_ics: 1.194e-03, lr: 1.000e-03, Time: 2.18e+03
Model state saved to ./results/models/checkpoints/schrodinger/qho/2025-09-16_19-56-00-999728/model.pth
Model state saved to ./results/models/checkpoints/schrodinger/qho/2025-09-16_19-56-00-999728/model_weights.pth
It: 960, Loss: 4.555e-05, Loss_res: 2.338e-03,  Loss_bcs: 5.158e-06, Loss_ut_ics: 1.701e-03, lr: 1.000e-03, Time: 2.19e+03
Model state saved to ./results/models/checkpoints/schrodinger/qho/2025-09-16_19-56-00-999728/model.pth
Model state saved to ./results/models/checkpoints/schrodinger/qho/2025-09-16_19-56-00-999728/model_weights.pth
It: 961, Loss: 5.814e-05, Loss_res: 3.809e-03,  Loss_bcs: 6.233e-06, Loss_ut_ics: 1.382e-03, lr: 1.000e-03, Time: 2.19e+03
Model state saved to ./results/models/checkpoints/schrodinger/qho/2025-09-16_19-56-00-999728/model.pth
Model state saved to ./results/models/checkpoints/schrodinger/qho/2025-09-16_19-56-00-999728/model_weights.pth
It: 962, Loss: 4.838e-05, Loss_res: 1.709e-03,  Loss_bcs: 1.754e-05, Loss_ut_ics: 1.375e-03, lr: 1.000e-03, Time: 2.19e+03
Model state saved to ./results/models/checkpoints/schrodinger/qho/2025-09-16_19-56-00-999728/model.pth
Model state saved to ./results/models/checkpoints/schrodinger/qho/2025-09-16_19-56-00-999728/model_weights.pth
It: 963, Loss: 5.261e-05, Loss_res: 3.849e-03,  Loss_bcs: 3.965e-06, Loss_ut_ics: 1.015e-03, lr: 1.000e-03, Time: 2.19e+03
Model state saved to ./results/models/checkpoints/schrodinger/qho/2025-09-16_19-56-00-999728/model.pth
Model state saved to ./results/models/checkpoints/schrodinger/qho/2025-09-16_19-56-00-999728/model_weights.pth
It: 964, Loss: 6.626e-05, Loss_res: 2.628e-03,  Loss_bcs: 9.247e-06, Loss_ut_ics: 3.074e-03, lr: 1.000e-03, Time: 2.19e+03
Model state saved to ./results/models/checkpoints/schrodinger/qho/2025-09-16_19-56-00-999728/model.pth
Model state saved to ./results/models/checkpoints/schrodinger/qho/2025-09-16_19-56-00-999728/model_weights.pth
It: 965, Loss: 5.582e-05, Loss_res: 3.013e-03,  Loss_bcs: 1.443e-05, Loss_ut_ics: 1.126e-03, lr: 1.000e-03, Time: 2.20e+03
Model state saved to ./results/models/checkpoints/schrodinger/qho/2025-09-16_19-56-00-999728/model.pth
Model state saved to ./results/models/checkpoints/schrodinger/qho/2025-09-16_19-56-00-999728/model_weights.pth
It: 966, Loss: 5.056e-05, Loss_res: 2.125e-03,  Loss_bcs: 1.432e-05, Loss_ut_ics: 1.499e-03, lr: 1.000e-03, Time: 2.20e+03
Model state saved to ./results/models/checkpoints/schrodinger/qho/2025-09-16_19-56-00-999728/model.pth
Model state saved to ./results/models/checkpoints/schrodinger/qho/2025-09-16_19-56-00-999728/model_weights.pth
It: 967, Loss: 5.247e-05, Loss_res: 3.183e-03,  Loss_bcs: 1.022e-05, Loss_ut_ics: 1.041e-03, lr: 1.000e-03, Time: 2.20e+03
Model state saved to ./results/models/checkpoints/schrodinger/qho/2025-09-16_19-56-00-999728/model.pth
Model state saved to ./results/models/checkpoints/schrodinger/qho/2025-09-16_19-56-00-999728/model_weights.pth
It: 968, Loss: 3.576e-05, Loss_res: 2.466e-03,  Loss_bcs: 6.793e-06, Loss_ut_ics: 4.301e-04, lr: 1.000e-03, Time: 2.20e+03
Model state saved to ./results/models/checkpoints/schrodinger/qho/2025-09-16_19-56-00-999728/model.pth
Model state saved to ./results/models/checkpoints/schrodinger/qho/2025-09-16_19-56-00-999728/model_weights.pth
It: 969, Loss: 5.543e-05, Loss_res: 2.988e-03,  Loss_bcs: 9.731e-06, Loss_ut_ics: 1.582e-03, lr: 1.000e-03, Time: 2.21e+03
Model state saved to ./results/models/checkpoints/schrodinger/qho/2025-09-16_19-56-00-999728/model.pth
Model state saved to ./results/models/checkpoints/schrodinger/qho/2025-09-16_19-56-00-999728/model_weights.pth
It: 970, Loss: 6.669e-05, Loss_res: 2.058e-03,  Loss_bcs: 2.776e-05, Loss_ut_ics: 1.835e-03, lr: 1.000e-03, Time: 2.21e+03
Model state saved to ./results/models/checkpoints/schrodinger/qho/2025-09-16_19-56-00-999728/model.pth
Model state saved to ./results/models/checkpoints/schrodinger/qho/2025-09-16_19-56-00-999728/model_weights.pth
It: 971, Loss: 4.353e-05, Loss_res: 2.118e-03,  Loss_bcs: 1.515e-05, Loss_ut_ics: 7.209e-04, lr: 1.000e-03, Time: 2.21e+03
Model state saved to ./results/models/checkpoints/schrodinger/qho/2025-09-16_19-56-00-999728/model.pth
Model state saved to ./results/models/checkpoints/schrodinger/qho/2025-09-16_19-56-00-999728/model_weights.pth
It: 972, Loss: 3.475e-05, Loss_res: 2.260e-03,  Loss_bcs: 5.151e-06, Loss_ut_ics: 6.998e-04, lr: 1.000e-03, Time: 2.22e+03
Model state saved to ./results/models/checkpoints/schrodinger/qho/2025-09-16_19-56-00-999728/model.pth
Model state saved to ./results/models/checkpoints/schrodinger/qho/2025-09-16_19-56-00-999728/model_weights.pth
It: 973, Loss: 7.347e-05, Loss_res: 4.111e-03,  Loss_bcs: 1.977e-05, Loss_ut_ics: 1.258e-03, lr: 1.000e-03, Time: 2.22e+03
Model state saved to ./results/models/checkpoints/schrodinger/qho/2025-09-16_19-56-00-999728/model.pth
Model state saved to ./results/models/checkpoints/schrodinger/qho/2025-09-16_19-56-00-999728/model_weights.pth
It: 974, Loss: 6.511e-05, Loss_res: 4.246e-03,  Loss_bcs: 1.160e-05, Loss_ut_ics: 1.105e-03, lr: 1.000e-03, Time: 2.22e+03
Model state saved to ./results/models/checkpoints/schrodinger/qho/2025-09-16_19-56-00-999728/model.pth
Model state saved to ./results/models/checkpoints/schrodinger/qho/2025-09-16_19-56-00-999728/model_weights.pth
It: 975, Loss: 3.565e-05, Loss_res: 2.252e-03,  Loss_bcs: 8.204e-06, Loss_ut_ics: 4.918e-04, lr: 1.000e-03, Time: 2.22e+03
Model state saved to ./results/models/checkpoints/schrodinger/qho/2025-09-16_19-56-00-999728/model.pth
Model state saved to ./results/models/checkpoints/schrodinger/qho/2025-09-16_19-56-00-999728/model_weights.pth
It: 976, Loss: 6.724e-05, Loss_res: 2.674e-03,  Loss_bcs: 1.799e-05, Loss_ut_ics: 2.251e-03, lr: 1.000e-03, Time: 2.22e+03
Model state saved to ./results/models/checkpoints/schrodinger/qho/2025-09-16_19-56-00-999728/model.pth
Model state saved to ./results/models/checkpoints/schrodinger/qho/2025-09-16_19-56-00-999728/model_weights.pth
It: 977, Loss: 4.088e-05, Loss_res: 1.943e-03,  Loss_bcs: 1.277e-05, Loss_ut_ics: 8.675e-04, lr: 1.000e-03, Time: 2.23e+03
Model state saved to ./results/models/checkpoints/schrodinger/qho/2025-09-16_19-56-00-999728/model.pth
Model state saved to ./results/models/checkpoints/schrodinger/qho/2025-09-16_19-56-00-999728/model_weights.pth
It: 978, Loss: 5.699e-05, Loss_res: 3.699e-03,  Loss_bcs: 6.785e-06, Loss_ut_ics: 1.321e-03, lr: 1.000e-03, Time: 2.23e+03
Model state saved to ./results/models/checkpoints/schrodinger/qho/2025-09-16_19-56-00-999728/model.pth
Model state saved to ./results/models/checkpoints/schrodinger/qho/2025-09-16_19-56-00-999728/model_weights.pth
It: 979, Loss: 5.394e-05, Loss_res: 3.495e-03,  Loss_bcs: 5.552e-06, Loss_ut_ics: 1.344e-03, lr: 1.000e-03, Time: 2.23e+03
Model state saved to ./results/models/checkpoints/schrodinger/qho/2025-09-16_19-56-00-999728/model.pth
Model state saved to ./results/models/checkpoints/schrodinger/qho/2025-09-16_19-56-00-999728/model_weights.pth
It: 980, Loss: 5.642e-05, Loss_res: 2.644e-03,  Loss_bcs: 9.211e-06, Loss_ut_ics: 2.077e-03, lr: 1.000e-03, Time: 2.23e+03
Model state saved to ./results/models/checkpoints/schrodinger/qho/2025-09-16_19-56-00-999728/model.pth
Model state saved to ./results/models/checkpoints/schrodinger/qho/2025-09-16_19-56-00-999728/model_weights.pth
It: 981, Loss: 7.419e-05, Loss_res: 2.884e-03,  Loss_bcs: 2.742e-05, Loss_ut_ics: 1.793e-03, lr: 1.000e-03, Time: 2.24e+03
Model state saved to ./results/models/checkpoints/schrodinger/qho/2025-09-16_19-56-00-999728/model.pth
Model state saved to ./results/models/checkpoints/schrodinger/qho/2025-09-16_19-56-00-999728/model_weights.pth
It: 982, Loss: 5.439e-05, Loss_res: 3.098e-03,  Loss_bcs: 1.077e-05, Loss_ut_ics: 1.264e-03, lr: 1.000e-03, Time: 2.24e+03
Model state saved to ./results/models/checkpoints/schrodinger/qho/2025-09-16_19-56-00-999728/model.pth
Model state saved to ./results/models/checkpoints/schrodinger/qho/2025-09-16_19-56-00-999728/model_weights.pth
It: 983, Loss: 4.670e-05, Loss_res: 2.430e-03,  Loss_bcs: 1.095e-05, Loss_ut_ics: 1.145e-03, lr: 1.000e-03, Time: 2.24e+03
Model state saved to ./results/models/checkpoints/schrodinger/qho/2025-09-16_19-56-00-999728/model.pth
Model state saved to ./results/models/checkpoints/schrodinger/qho/2025-09-16_19-56-00-999728/model_weights.pth
It: 984, Loss: 4.351e-05, Loss_res: 2.722e-03,  Loss_bcs: 8.050e-06, Loss_ut_ics: 8.241e-04, lr: 1.000e-03, Time: 2.24e+03
Model state saved to ./results/models/checkpoints/schrodinger/qho/2025-09-16_19-56-00-999728/model.pth
Model state saved to ./results/models/checkpoints/schrodinger/qho/2025-09-16_19-56-00-999728/model_weights.pth
It: 985, Loss: 4.731e-05, Loss_res: 2.378e-03,  Loss_bcs: 1.167e-05, Loss_ut_ics: 1.186e-03, lr: 1.000e-03, Time: 2.25e+03
Model state saved to ./results/models/checkpoints/schrodinger/qho/2025-09-16_19-56-00-999728/model.pth
Model state saved to ./results/models/checkpoints/schrodinger/qho/2025-09-16_19-56-00-999728/model_weights.pth
It: 986, Loss: 3.818e-05, Loss_res: 2.203e-03,  Loss_bcs: 1.059e-05, Loss_ut_ics: 5.569e-04, lr: 1.000e-03, Time: 2.25e+03
Model state saved to ./results/models/checkpoints/schrodinger/qho/2025-09-16_19-56-00-999728/model.pth
Model state saved to ./results/models/checkpoints/schrodinger/qho/2025-09-16_19-56-00-999728/model_weights.pth
It: 987, Loss: 4.773e-05, Loss_res: 3.089e-03,  Loss_bcs: 3.550e-06, Loss_ut_ics: 1.329e-03, lr: 1.000e-03, Time: 2.25e+03
Model state saved to ./results/models/checkpoints/schrodinger/qho/2025-09-16_19-56-00-999728/model.pth
Model state saved to ./results/models/checkpoints/schrodinger/qho/2025-09-16_19-56-00-999728/model_weights.pth
It: 988, Loss: 5.100e-05, Loss_res: 2.774e-03,  Loss_bcs: 6.153e-06, Loss_ut_ics: 1.710e-03, lr: 1.000e-03, Time: 2.25e+03
Model state saved to ./results/models/checkpoints/schrodinger/qho/2025-09-16_19-56-00-999728/model.pth
Model state saved to ./results/models/checkpoints/schrodinger/qho/2025-09-16_19-56-00-999728/model_weights.pth
It: 989, Loss: 3.575e-05, Loss_res: 1.996e-03,  Loss_bcs: 1.158e-05, Loss_ut_ics: 4.205e-04, lr: 1.000e-03, Time: 2.26e+03
Model state saved to ./results/models/checkpoints/schrodinger/qho/2025-09-16_19-56-00-999728/model.pth
Model state saved to ./results/models/checkpoints/schrodinger/qho/2025-09-16_19-56-00-999728/model_weights.pth
It: 990, Loss: 5.144e-05, Loss_res: 1.621e-03,  Loss_bcs: 1.789e-05, Loss_ut_ics: 1.734e-03, lr: 1.000e-03, Time: 2.26e+03
Model state saved to ./results/models/checkpoints/schrodinger/qho/2025-09-16_19-56-00-999728/model.pth
Model state saved to ./results/models/checkpoints/schrodinger/qho/2025-09-16_19-56-00-999728/model_weights.pth
It: 991, Loss: 4.852e-05, Loss_res: 3.277e-03,  Loss_bcs: 7.256e-06, Loss_ut_ics: 8.497e-04, lr: 1.000e-03, Time: 2.26e+03
Model state saved to ./results/models/checkpoints/schrodinger/qho/2025-09-16_19-56-00-999728/model.pth
Model state saved to ./results/models/checkpoints/schrodinger/qho/2025-09-16_19-56-00-999728/model_weights.pth
It: 992, Loss: 4.527e-05, Loss_res: 2.332e-03,  Loss_bcs: 1.097e-05, Loss_ut_ics: 1.097e-03, lr: 1.000e-03, Time: 2.26e+03
Model state saved to ./results/models/checkpoints/schrodinger/qho/2025-09-16_19-56-00-999728/model.pth
Model state saved to ./results/models/checkpoints/schrodinger/qho/2025-09-16_19-56-00-999728/model_weights.pth
It: 993, Loss: 5.753e-05, Loss_res: 3.093e-03,  Loss_bcs: 1.332e-06, Loss_ut_ics: 2.527e-03, lr: 1.000e-03, Time: 2.27e+03
Model state saved to ./results/models/checkpoints/schrodinger/qho/2025-09-16_19-56-00-999728/model.pth
Model state saved to ./results/models/checkpoints/schrodinger/qho/2025-09-16_19-56-00-999728/model_weights.pth
It: 994, Loss: 4.670e-05, Loss_res: 2.873e-03,  Loss_bcs: 9.582e-06, Loss_ut_ics: 8.389e-04, lr: 1.000e-03, Time: 2.27e+03
Model state saved to ./results/models/checkpoints/schrodinger/qho/2025-09-16_19-56-00-999728/model.pth
Model state saved to ./results/models/checkpoints/schrodinger/qho/2025-09-16_19-56-00-999728/model_weights.pth
It: 995, Loss: 4.051e-05, Loss_res: 1.930e-03,  Loss_bcs: 1.167e-05, Loss_ut_ics: 9.541e-04, lr: 1.000e-03, Time: 2.27e+03
Model state saved to ./results/models/checkpoints/schrodinger/qho/2025-09-16_19-56-00-999728/model.pth
Model state saved to ./results/models/checkpoints/schrodinger/qho/2025-09-16_19-56-00-999728/model_weights.pth
It: 996, Loss: 5.147e-05, Loss_res: 2.148e-03,  Loss_bcs: 9.665e-06, Loss_ut_ics: 2.032e-03, lr: 1.000e-03, Time: 2.27e+03
Model state saved to ./results/models/checkpoints/schrodinger/qho/2025-09-16_19-56-00-999728/model.pth
Model state saved to ./results/models/checkpoints/schrodinger/qho/2025-09-16_19-56-00-999728/model_weights.pth
It: 997, Loss: 5.652e-05, Loss_res: 3.305e-03,  Loss_bcs: 1.799e-05, Loss_ut_ics: 5.476e-04, lr: 1.000e-03, Time: 2.28e+03
Model state saved to ./results/models/checkpoints/schrodinger/qho/2025-09-16_19-56-00-999728/model.pth
Model state saved to ./results/models/checkpoints/schrodinger/qho/2025-09-16_19-56-00-999728/model_weights.pth
It: 998, Loss: 6.305e-05, Loss_res: 3.958e-03,  Loss_bcs: 1.142e-05, Loss_ut_ics: 1.206e-03, lr: 1.000e-03, Time: 2.28e+03
Model state saved to ./results/models/checkpoints/schrodinger/qho/2025-09-16_19-56-00-999728/model.pth
Model state saved to ./results/models/checkpoints/schrodinger/qho/2025-09-16_19-56-00-999728/model_weights.pth
It: 999, Loss: 4.454e-05, Loss_res: 2.630e-03,  Loss_bcs: 9.978e-06, Loss_ut_ics: 8.263e-04, lr: 1.000e-03, Time: 2.28e+03
Model state saved to ./results/models/checkpoints/schrodinger/qho/2025-09-16_19-56-00-999728/model.pth
Model state saved to ./results/models/checkpoints/schrodinger/qho/2025-09-16_19-56-00-999728/model_weights.pth
It: 1000, Loss: 4.730e-05, Loss_res: 1.591e-03,  Loss_bcs: 2.080e-05, Loss_ut_ics: 1.059e-03, lr: 1.000e-03, Time: 2.28e+03
Model state saved to ./results/models/checkpoints/schrodinger/qho/2025-09-16_19-56-00-999728/model.pth
Model state saved to ./results/models/checkpoints/schrodinger/qho/2025-09-16_19-56-00-999728/model_weights.pth
It: 1001, Loss: 5.322e-05, Loss_res: 2.606e-03,  Loss_bcs: 5.438e-06, Loss_ut_ics: 2.172e-03, lr: 1.000e-03, Time: 2.28e+03
Model state saved to ./results/models/checkpoints/schrodinger/qho/2025-09-16_19-56-00-999728/model.pth
Model state saved to ./results/models/checkpoints/schrodinger/qho/2025-09-16_19-56-00-999728/model_weights.pth
It: 1002, Loss: 5.930e-05, Loss_res: 3.247e-03,  Loss_bcs: 1.442e-05, Loss_ut_ics: 1.240e-03, lr: 1.000e-03, Time: 2.29e+03
Model state saved to ./results/models/checkpoints/schrodinger/qho/2025-09-16_19-56-00-999728/model.pth
Model state saved to ./results/models/checkpoints/schrodinger/qho/2025-09-16_19-56-00-999728/model_weights.pth
It: 1003, Loss: 5.898e-05, Loss_res: 3.808e-03,  Loss_bcs: 7.377e-06, Loss_ut_ics: 1.353e-03, lr: 1.000e-03, Time: 2.29e+03
Model state saved to ./results/models/checkpoints/schrodinger/qho/2025-09-16_19-56-00-999728/model.pth
Model state saved to ./results/models/checkpoints/schrodinger/qho/2025-09-16_19-56-00-999728/model_weights.pth
It: 1004, Loss: 4.291e-05, Loss_res: 2.602e-03,  Loss_bcs: 1.263e-05, Loss_ut_ics: 4.257e-04, lr: 1.000e-03, Time: 2.29e+03
Model state saved to ./results/models/checkpoints/schrodinger/qho/2025-09-16_19-56-00-999728/model.pth
Model state saved to ./results/models/checkpoints/schrodinger/qho/2025-09-16_19-56-00-999728/model_weights.pth
It: 1005, Loss: 6.837e-05, Loss_res: 2.413e-03,  Loss_bcs: 3.311e-05, Loss_ut_ics: 1.112e-03, lr: 1.000e-03, Time: 2.29e+03
Model state saved to ./results/models/checkpoints/schrodinger/qho/2025-09-16_19-56-00-999728/model.pth
Model state saved to ./results/models/checkpoints/schrodinger/qho/2025-09-16_19-56-00-999728/model_weights.pth
It: 1006, Loss: 5.850e-05, Loss_res: 2.585e-03,  Loss_bcs: 1.131e-05, Loss_ut_ics: 2.135e-03, lr: 1.000e-03, Time: 2.30e+03
Model state saved to ./results/models/checkpoints/schrodinger/qho/2025-09-16_19-56-00-999728/model.pth
Model state saved to ./results/models/checkpoints/schrodinger/qho/2025-09-16_19-56-00-999728/model_weights.pth
It: 1007, Loss: 8.218e-05, Loss_res: 4.847e-03,  Loss_bcs: 1.143e-05, Loss_ut_ics: 2.228e-03, lr: 1.000e-03, Time: 2.30e+03
Model state saved to ./results/models/checkpoints/schrodinger/qho/2025-09-16_19-56-00-999728/model.pth
Model state saved to ./results/models/checkpoints/schrodinger/qho/2025-09-16_19-56-00-999728/model_weights.pth
It: 1008, Loss: 7.213e-05, Loss_res: 4.172e-03,  Loss_bcs: 5.780e-06, Loss_ut_ics: 2.463e-03, lr: 1.000e-03, Time: 2.30e+03
Model state saved to ./results/models/checkpoints/schrodinger/qho/2025-09-16_19-56-00-999728/model.pth
Model state saved to ./results/models/checkpoints/schrodinger/qho/2025-09-16_19-56-00-999728/model_weights.pth
It: 1009, Loss: 5.250e-05, Loss_res: 2.455e-03,  Loss_bcs: 2.243e-05, Loss_ut_ics: 5.523e-04, lr: 1.000e-03, Time: 2.30e+03
Model state saved to ./results/models/checkpoints/schrodinger/qho/2025-09-16_19-56-00-999728/model.pth
Model state saved to ./results/models/checkpoints/schrodinger/qho/2025-09-16_19-56-00-999728/model_weights.pth
It: 1010, Loss: 5.066e-05, Loss_res: 2.060e-03,  Loss_bcs: 2.110e-05, Loss_ut_ics: 8.956e-04, lr: 1.000e-03, Time: 2.31e+03
Model state saved to ./results/models/checkpoints/schrodinger/qho/2025-09-16_19-56-00-999728/model.pth
Model state saved to ./results/models/checkpoints/schrodinger/qho/2025-09-16_19-56-00-999728/model_weights.pth
It: 1011, Loss: 4.428e-05, Loss_res: 3.250e-03,  Loss_bcs: 6.312e-06, Loss_ut_ics: 5.467e-04, lr: 1.000e-03, Time: 2.31e+03
Model state saved to ./results/models/checkpoints/schrodinger/qho/2025-09-16_19-56-00-999728/model.pth
Model state saved to ./results/models/checkpoints/schrodinger/qho/2025-09-16_19-56-00-999728/model_weights.pth
It: 1012, Loss: 4.650e-05, Loss_res: 2.660e-03,  Loss_bcs: 7.595e-06, Loss_ut_ics: 1.230e-03, lr: 1.000e-03, Time: 2.31e+03
Model state saved to ./results/models/checkpoints/schrodinger/qho/2025-09-16_19-56-00-999728/model.pth
Model state saved to ./results/models/checkpoints/schrodinger/qho/2025-09-16_19-56-00-999728/model_weights.pth
It: 1013, Loss: 7.038e-05, Loss_res: 4.259e-03,  Loss_bcs: 7.258e-06, Loss_ut_ics: 2.054e-03, lr: 1.000e-03, Time: 2.31e+03
Model state saved to ./results/models/checkpoints/schrodinger/qho/2025-09-16_19-56-00-999728/model.pth
Model state saved to ./results/models/checkpoints/schrodinger/qho/2025-09-16_19-56-00-999728/model_weights.pth
It: 1014, Loss: 3.235e-05, Loss_res: 1.887e-03,  Loss_bcs: 9.571e-06, Loss_ut_ics: 3.904e-04, lr: 1.000e-03, Time: 2.32e+03
Model state saved to ./results/models/checkpoints/schrodinger/qho/2025-09-16_19-56-00-999728/model.pth
Model state saved to ./results/models/checkpoints/schrodinger/qho/2025-09-16_19-56-00-999728/model_weights.pth
It: 1015, Loss: 6.211e-05, Loss_res: 1.699e-03,  Loss_bcs: 2.175e-05, Loss_ut_ics: 2.337e-03, lr: 1.000e-03, Time: 2.32e+03
Model state saved to ./results/models/checkpoints/schrodinger/qho/2025-09-16_19-56-00-999728/model.pth
Model state saved to ./results/models/checkpoints/schrodinger/qho/2025-09-16_19-56-00-999728/model_weights.pth
It: 1016, Loss: 5.994e-05, Loss_res: 3.038e-03,  Loss_bcs: 1.111e-05, Loss_ut_ics: 1.845e-03, lr: 1.000e-03, Time: 2.32e+03
Model state saved to ./results/models/checkpoints/schrodinger/qho/2025-09-16_19-56-00-999728/model.pth
Model state saved to ./results/models/checkpoints/schrodinger/qho/2025-09-16_19-56-00-999728/model_weights.pth
It: 1017, Loss: 5.294e-05, Loss_res: 3.385e-03,  Loss_bcs: 6.547e-06, Loss_ut_ics: 1.254e-03, lr: 1.000e-03, Time: 2.32e+03
Model state saved to ./results/models/checkpoints/schrodinger/qho/2025-09-16_19-56-00-999728/model.pth
Model state saved to ./results/models/checkpoints/schrodinger/qho/2025-09-16_19-56-00-999728/model_weights.pth
It: 1018, Loss: 6.110e-05, Loss_res: 3.932e-03,  Loss_bcs: 8.725e-06, Loss_ut_ics: 1.305e-03, lr: 1.000e-03, Time: 2.33e+03
Model state saved to ./results/models/checkpoints/schrodinger/qho/2025-09-16_19-56-00-999728/model.pth
Model state saved to ./results/models/checkpoints/schrodinger/qho/2025-09-16_19-56-00-999728/model_weights.pth
It: 1019, Loss: 4.283e-05, Loss_res: 2.200e-03,  Loss_bcs: 1.044e-05, Loss_ut_ics: 1.039e-03, lr: 1.000e-03, Time: 2.33e+03
Model state saved to ./results/models/checkpoints/schrodinger/qho/2025-09-16_19-56-00-999728/model.pth
Model state saved to ./results/models/checkpoints/schrodinger/qho/2025-09-16_19-56-00-999728/model_weights.pth
It: 1020, Loss: 4.181e-05, Loss_res: 2.143e-03,  Loss_bcs: 7.602e-06, Loss_ut_ics: 1.278e-03, lr: 1.000e-03, Time: 2.33e+03
Model state saved to ./results/models/checkpoints/schrodinger/qho/2025-09-16_19-56-00-999728/model.pth
Model state saved to ./results/models/checkpoints/schrodinger/qho/2025-09-16_19-56-00-999728/model_weights.pth
It: 1021, Loss: 5.509e-05, Loss_res: 2.324e-03,  Loss_bcs: 8.599e-06, Loss_ut_ics: 2.326e-03, lr: 1.000e-03, Time: 2.33e+03
Model state saved to ./results/models/checkpoints/schrodinger/qho/2025-09-16_19-56-00-999728/model.pth
Model state saved to ./results/models/checkpoints/schrodinger/qho/2025-09-16_19-56-00-999728/model_weights.pth
It: 1022, Loss: 4.078e-05, Loss_res: 2.542e-03,  Loss_bcs: 7.282e-06, Loss_ut_ics: 8.077e-04, lr: 1.000e-03, Time: 2.34e+03
Model state saved to ./results/models/checkpoints/schrodinger/qho/2025-09-16_19-56-00-999728/model.pth
Model state saved to ./results/models/checkpoints/schrodinger/qho/2025-09-16_19-56-00-999728/model_weights.pth
It: 1023, Loss: 5.026e-05, Loss_res: 2.610e-03,  Loss_bcs: 1.556e-05, Loss_ut_ics: 8.597e-04, lr: 1.000e-03, Time: 2.34e+03
Model state saved to ./results/models/checkpoints/schrodinger/qho/2025-09-16_19-56-00-999728/model.pth
Model state saved to ./results/models/checkpoints/schrodinger/qho/2025-09-16_19-56-00-999728/model_weights.pth
It: 1024, Loss: 6.533e-05, Loss_res: 3.158e-03,  Loss_bcs: 1.467e-05, Loss_ut_ics: 1.908e-03, lr: 1.000e-03, Time: 2.34e+03
Model state saved to ./results/models/checkpoints/schrodinger/qho/2025-09-16_19-56-00-999728/model.pth
Model state saved to ./results/models/checkpoints/schrodinger/qho/2025-09-16_19-56-00-999728/model_weights.pth
It: 1025, Loss: 3.744e-05, Loss_res: 1.704e-03,  Loss_bcs: 8.263e-06, Loss_ut_ics: 1.213e-03, lr: 1.000e-03, Time: 2.35e+03
Model state saved to ./results/models/checkpoints/schrodinger/qho/2025-09-16_19-56-00-999728/model.pth
Model state saved to ./results/models/checkpoints/schrodinger/qho/2025-09-16_19-56-00-999728/model_weights.pth
It: 1026, Loss: 5.299e-05, Loss_res: 2.479e-03,  Loss_bcs: 1.995e-05, Loss_ut_ics: 8.259e-04, lr: 1.000e-03, Time: 2.35e+03
Model state saved to ./results/models/checkpoints/schrodinger/qho/2025-09-16_19-56-00-999728/model.pth
Model state saved to ./results/models/checkpoints/schrodinger/qho/2025-09-16_19-56-00-999728/model_weights.pth
It: 1027, Loss: 8.217e-05, Loss_res: 4.436e-03,  Loss_bcs: 1.618e-05, Loss_ut_ics: 2.163e-03, lr: 1.000e-03, Time: 2.35e+03
Model state saved to ./results/models/checkpoints/schrodinger/qho/2025-09-16_19-56-00-999728/model.pth
Model state saved to ./results/models/checkpoints/schrodinger/qho/2025-09-16_19-56-00-999728/model_weights.pth
It: 1028, Loss: 5.075e-05, Loss_res: 3.464e-03,  Loss_bcs: 6.865e-06, Loss_ut_ics: 9.247e-04, lr: 1.000e-03, Time: 2.35e+03
Model state saved to ./results/models/checkpoints/schrodinger/qho/2025-09-16_19-56-00-999728/model.pth
Model state saved to ./results/models/checkpoints/schrodinger/qho/2025-09-16_19-56-00-999728/model_weights.pth
It: 1029, Loss: 4.593e-05, Loss_res: 2.110e-03,  Loss_bcs: 1.145e-05, Loss_ut_ics: 1.338e-03, lr: 1.000e-03, Time: 2.36e+03
Model state saved to ./results/models/checkpoints/schrodinger/qho/2025-09-16_19-56-00-999728/model.pth
Model state saved to ./results/models/checkpoints/schrodinger/qho/2025-09-16_19-56-00-999728/model_weights.pth
It: 1030, Loss: 4.332e-05, Loss_res: 2.423e-03,  Loss_bcs: 1.040e-05, Loss_ut_ics: 8.691e-04, lr: 1.000e-03, Time: 2.36e+03
Model state saved to ./results/models/checkpoints/schrodinger/qho/2025-09-16_19-56-00-999728/model.pth
Model state saved to ./results/models/checkpoints/schrodinger/qho/2025-09-16_19-56-00-999728/model_weights.pth
It: 1031, Loss: 6.991e-05, Loss_res: 2.643e-03,  Loss_bcs: 2.254e-05, Loss_ut_ics: 2.094e-03, lr: 1.000e-03, Time: 2.36e+03
Model state saved to ./results/models/checkpoints/schrodinger/qho/2025-09-16_19-56-00-999728/model.pth
Model state saved to ./results/models/checkpoints/schrodinger/qho/2025-09-16_19-56-00-999728/model_weights.pth
It: 1032, Loss: 4.292e-05, Loss_res: 2.553e-03,  Loss_bcs: 1.223e-05, Loss_ut_ics: 5.167e-04, lr: 1.000e-03, Time: 2.36e+03
Model state saved to ./results/models/checkpoints/schrodinger/qho/2025-09-16_19-56-00-999728/model.pth
Model state saved to ./results/models/checkpoints/schrodinger/qho/2025-09-16_19-56-00-999728/model_weights.pth
It: 1033, Loss: 3.551e-05, Loss_res: 2.731e-03,  Loss_bcs: 4.289e-06, Loss_ut_ics: 3.915e-04, lr: 1.000e-03, Time: 2.37e+03
Model state saved to ./results/models/checkpoints/schrodinger/qho/2025-09-16_19-56-00-999728/model.pth
Model state saved to ./results/models/checkpoints/schrodinger/qho/2025-09-16_19-56-00-999728/model_weights.pth
It: 1034, Loss: 3.228e-05, Loss_res: 1.710e-03,  Loss_bcs: 5.793e-06, Loss_ut_ics: 9.386e-04, lr: 1.000e-03, Time: 2.37e+03
Model state saved to ./results/models/checkpoints/schrodinger/qho/2025-09-16_19-56-00-999728/model.pth
Model state saved to ./results/models/checkpoints/schrodinger/qho/2025-09-16_19-56-00-999728/model_weights.pth
It: 1035, Loss: 5.984e-05, Loss_res: 3.852e-03,  Loss_bcs: 9.240e-06, Loss_ut_ics: 1.208e-03, lr: 1.000e-03, Time: 2.37e+03
Model state saved to ./results/models/checkpoints/schrodinger/qho/2025-09-16_19-56-00-999728/model.pth
Model state saved to ./results/models/checkpoints/schrodinger/qho/2025-09-16_19-56-00-999728/model_weights.pth
It: 1036, Loss: 5.780e-05, Loss_res: 2.494e-03,  Loss_bcs: 2.271e-05, Loss_ut_ics: 1.015e-03, lr: 1.000e-03, Time: 2.37e+03
Model state saved to ./results/models/checkpoints/schrodinger/qho/2025-09-16_19-56-00-999728/model.pth
Model state saved to ./results/models/checkpoints/schrodinger/qho/2025-09-16_19-56-00-999728/model_weights.pth
It: 1037, Loss: 3.325e-05, Loss_res: 1.382e-03,  Loss_bcs: 9.544e-06, Loss_ut_ics: 9.886e-04, lr: 1.000e-03, Time: 2.38e+03
Model state saved to ./results/models/checkpoints/schrodinger/qho/2025-09-16_19-56-00-999728/model.pth
Model state saved to ./results/models/checkpoints/schrodinger/qho/2025-09-16_19-56-00-999728/model_weights.pth
It: 1038, Loss: 5.014e-05, Loss_res: 3.064e-03,  Loss_bcs: 7.930e-06, Loss_ut_ics: 1.158e-03, lr: 1.000e-03, Time: 2.38e+03
Model state saved to ./results/models/checkpoints/schrodinger/qho/2025-09-16_19-56-00-999728/model.pth
Model state saved to ./results/models/checkpoints/schrodinger/qho/2025-09-16_19-56-00-999728/model_weights.pth
It: 1039, Loss: 6.019e-05, Loss_res: 2.718e-03,  Loss_bcs: 1.102e-05, Loss_ut_ics: 2.200e-03, lr: 1.000e-03, Time: 2.38e+03
Model state saved to ./results/models/checkpoints/schrodinger/qho/2025-09-16_19-56-00-999728/model.pth
Model state saved to ./results/models/checkpoints/schrodinger/qho/2025-09-16_19-56-00-999728/model_weights.pth
It: 1040, Loss: 4.601e-05, Loss_res: 2.292e-03,  Loss_bcs: 4.516e-06, Loss_ut_ics: 1.858e-03, lr: 1.000e-03, Time: 2.38e+03
Model state saved to ./results/models/checkpoints/schrodinger/qho/2025-09-16_19-56-00-999728/model.pth
Model state saved to ./results/models/checkpoints/schrodinger/qho/2025-09-16_19-56-00-999728/model_weights.pth
It: 1041, Loss: 3.579e-05, Loss_res: 2.340e-03,  Loss_bcs: 5.301e-06, Loss_ut_ics: 7.095e-04, lr: 1.000e-03, Time: 2.39e+03
Model state saved to ./results/models/checkpoints/schrodinger/qho/2025-09-16_19-56-00-999728/model.pth
Model state saved to ./results/models/checkpoints/schrodinger/qho/2025-09-16_19-56-00-999728/model_weights.pth
It: 1042, Loss: 4.052e-05, Loss_res: 1.792e-03,  Loss_bcs: 5.017e-06, Loss_ut_ics: 1.759e-03, lr: 1.000e-03, Time: 2.39e+03
Model state saved to ./results/models/checkpoints/schrodinger/qho/2025-09-16_19-56-00-999728/model.pth
Model state saved to ./results/models/checkpoints/schrodinger/qho/2025-09-16_19-56-00-999728/model_weights.pth
It: 1043, Loss: 5.923e-05, Loss_res: 3.933e-03,  Loss_bcs: 4.707e-06, Loss_ut_ics: 1.519e-03, lr: 1.000e-03, Time: 2.39e+03
Model state saved to ./results/models/checkpoints/schrodinger/qho/2025-09-16_19-56-00-999728/model.pth
Model state saved to ./results/models/checkpoints/schrodinger/qho/2025-09-16_19-56-00-999728/model_weights.pth
It: 1044, Loss: 3.744e-05, Loss_res: 2.368e-03,  Loss_bcs: 4.041e-06, Loss_ut_ics: 9.723e-04, lr: 1.000e-03, Time: 2.39e+03
Model state saved to ./results/models/checkpoints/schrodinger/qho/2025-09-16_19-56-00-999728/model.pth
Model state saved to ./results/models/checkpoints/schrodinger/qho/2025-09-16_19-56-00-999728/model_weights.pth
It: 1045, Loss: 4.678e-05, Loss_res: 2.173e-03,  Loss_bcs: 1.280e-05, Loss_ut_ics: 1.224e-03, lr: 1.000e-03, Time: 2.40e+03
Model state saved to ./results/models/checkpoints/schrodinger/qho/2025-09-16_19-56-00-999728/model.pth
Model state saved to ./results/models/checkpoints/schrodinger/qho/2025-09-16_19-56-00-999728/model_weights.pth
It: 1046, Loss: 4.575e-05, Loss_res: 2.134e-03,  Loss_bcs: 9.342e-06, Loss_ut_ics: 1.506e-03, lr: 1.000e-03, Time: 2.40e+03
Model state saved to ./results/models/checkpoints/schrodinger/qho/2025-09-16_19-56-00-999728/model.pth
Model state saved to ./results/models/checkpoints/schrodinger/qho/2025-09-16_19-56-00-999728/model_weights.pth
It: 1047, Loss: 5.355e-05, Loss_res: 3.067e-03,  Loss_bcs: 8.468e-06, Loss_ut_ics: 1.441e-03, lr: 1.000e-03, Time: 2.40e+03
Model state saved to ./results/models/checkpoints/schrodinger/qho/2025-09-16_19-56-00-999728/model.pth
Model state saved to ./results/models/checkpoints/schrodinger/qho/2025-09-16_19-56-00-999728/model_weights.pth
It: 1048, Loss: 4.133e-05, Loss_res: 2.483e-03,  Loss_bcs: 7.237e-06, Loss_ut_ics: 9.256e-04, lr: 1.000e-03, Time: 2.41e+03
Model state saved to ./results/models/checkpoints/schrodinger/qho/2025-09-16_19-56-00-999728/model.pth
Model state saved to ./results/models/checkpoints/schrodinger/qho/2025-09-16_19-56-00-999728/model_weights.pth
It: 1049, Loss: 4.389e-05, Loss_res: 2.012e-03,  Loss_bcs: 6.282e-06, Loss_ut_ics: 1.749e-03, lr: 1.000e-03, Time: 2.41e+03
Model state saved to ./results/models/checkpoints/schrodinger/qho/2025-09-16_19-56-00-999728/model.pth
Model state saved to ./results/models/checkpoints/schrodinger/qho/2025-09-16_19-56-00-999728/model_weights.pth
It: 1050, Loss: 5.124e-05, Loss_res: 2.448e-03,  Loss_bcs: 9.403e-06, Loss_ut_ics: 1.735e-03, lr: 1.000e-03, Time: 2.41e+03
Model state saved to ./results/models/checkpoints/schrodinger/qho/2025-09-16_19-56-00-999728/model.pth
Model state saved to ./results/models/checkpoints/schrodinger/qho/2025-09-16_19-56-00-999728/model_weights.pth
It: 1051, Loss: 3.960e-05, Loss_res: 2.528e-03,  Loss_bcs: 6.666e-06, Loss_ut_ics: 7.648e-04, lr: 1.000e-03, Time: 2.41e+03
Model state saved to ./results/models/checkpoints/schrodinger/qho/2025-09-16_19-56-00-999728/model.pth
Model state saved to ./results/models/checkpoints/schrodinger/qho/2025-09-16_19-56-00-999728/model_weights.pth
It: 1052, Loss: 4.553e-05, Loss_res: 2.098e-03,  Loss_bcs: 1.044e-05, Loss_ut_ics: 1.411e-03, lr: 1.000e-03, Time: 2.42e+03
Model state saved to ./results/models/checkpoints/schrodinger/qho/2025-09-16_19-56-00-999728/model.pth
Model state saved to ./results/models/checkpoints/schrodinger/qho/2025-09-16_19-56-00-999728/model_weights.pth
It: 1053, Loss: 4.318e-05, Loss_res: 2.991e-03,  Loss_bcs: 5.795e-06, Loss_ut_ics: 7.475e-04, lr: 1.000e-03, Time: 2.42e+03
Model state saved to ./results/models/checkpoints/schrodinger/qho/2025-09-16_19-56-00-999728/model.pth
Model state saved to ./results/models/checkpoints/schrodinger/qho/2025-09-16_19-56-00-999728/model_weights.pth
It: 1054, Loss: 4.536e-05, Loss_res: 1.983e-03,  Loss_bcs: 1.119e-05, Loss_ut_ics: 1.433e-03, lr: 1.000e-03, Time: 2.42e+03
Model state saved to ./results/models/checkpoints/schrodinger/qho/2025-09-16_19-56-00-999728/model.pth
Model state saved to ./results/models/checkpoints/schrodinger/qho/2025-09-16_19-56-00-999728/model_weights.pth
It: 1055, Loss: 3.509e-05, Loss_res: 1.618e-03,  Loss_bcs: 1.071e-05, Loss_ut_ics: 8.195e-04, lr: 1.000e-03, Time: 2.43e+03
Model state saved to ./results/models/checkpoints/schrodinger/qho/2025-09-16_19-56-00-999728/model.pth
Model state saved to ./results/models/checkpoints/schrodinger/qho/2025-09-16_19-56-00-999728/model_weights.pth
It: 1056, Loss: 5.603e-05, Loss_res: 2.301e-03,  Loss_bcs: 1.003e-05, Loss_ut_ics: 2.299e-03, lr: 1.000e-03, Time: 2.43e+03
Model state saved to ./results/models/checkpoints/schrodinger/qho/2025-09-16_19-56-00-999728/model.pth
Model state saved to ./results/models/checkpoints/schrodinger/qho/2025-09-16_19-56-00-999728/model_weights.pth
It: 1057, Loss: 3.959e-05, Loss_res: 2.845e-03,  Loss_bcs: 3.999e-06, Loss_ut_ics: 7.143e-04, lr: 1.000e-03, Time: 2.43e+03
Model state saved to ./results/models/checkpoints/schrodinger/qho/2025-09-16_19-56-00-999728/model.pth
Model state saved to ./results/models/checkpoints/schrodinger/qho/2025-09-16_19-56-00-999728/model_weights.pth
It: 1058, Loss: 4.416e-05, Loss_res: 2.594e-03,  Loss_bcs: 2.982e-06, Loss_ut_ics: 1.524e-03, lr: 1.000e-03, Time: 2.43e+03
Model state saved to ./results/models/checkpoints/schrodinger/qho/2025-09-16_19-56-00-999728/model.pth
Model state saved to ./results/models/checkpoints/schrodinger/qho/2025-09-16_19-56-00-999728/model_weights.pth
It: 1059, Loss: 2.830e-05, Loss_res: 1.820e-03,  Loss_bcs: 9.306e-07, Loss_ut_ics: 9.162e-04, lr: 1.000e-03, Time: 2.44e+03
Model state saved to ./results/models/checkpoints/schrodinger/qho/2025-09-16_19-56-00-999728/model.pth
Model state saved to ./results/models/checkpoints/schrodinger/qho/2025-09-16_19-56-00-999728/model_weights.pth
It: 1060, Loss: 4.008e-05, Loss_res: 2.182e-03,  Loss_bcs: 9.688e-06, Loss_ut_ics: 8.573e-04, lr: 1.000e-03, Time: 2.44e+03
Model state saved to ./results/models/checkpoints/schrodinger/qho/2025-09-16_19-56-00-999728/model.pth
Model state saved to ./results/models/checkpoints/schrodinger/qho/2025-09-16_19-56-00-999728/model_weights.pth
It: 1061, Loss: 4.996e-05, Loss_res: 2.632e-03,  Loss_bcs: 1.873e-05, Loss_ut_ics: 4.914e-04, lr: 1.000e-03, Time: 2.44e+03
Model state saved to ./results/models/checkpoints/schrodinger/qho/2025-09-16_19-56-00-999728/model.pth
Model state saved to ./results/models/checkpoints/schrodinger/qho/2025-09-16_19-56-00-999728/model_weights.pth
It: 1062, Loss: 4.652e-05, Loss_res: 2.716e-03,  Loss_bcs: 3.914e-06, Loss_ut_ics: 1.544e-03, lr: 1.000e-03, Time: 2.44e+03
Model state saved to ./results/models/checkpoints/schrodinger/qho/2025-09-16_19-56-00-999728/model.pth
Model state saved to ./results/models/checkpoints/schrodinger/qho/2025-09-16_19-56-00-999728/model_weights.pth
It: 1063, Loss: 6.414e-05, Loss_res: 2.960e-03,  Loss_bcs: 2.029e-05, Loss_ut_ics: 1.424e-03, lr: 1.000e-03, Time: 2.44e+03
Model state saved to ./results/models/checkpoints/schrodinger/qho/2025-09-16_19-56-00-999728/model.pth
Model state saved to ./results/models/checkpoints/schrodinger/qho/2025-09-16_19-56-00-999728/model_weights.pth
It: 1064, Loss: 3.730e-05, Loss_res: 2.170e-03,  Loss_bcs: 1.168e-05, Loss_ut_ics: 3.924e-04, lr: 1.000e-03, Time: 2.45e+03
Model state saved to ./results/models/checkpoints/schrodinger/qho/2025-09-16_19-56-00-999728/model.pth
Model state saved to ./results/models/checkpoints/schrodinger/qho/2025-09-16_19-56-00-999728/model_weights.pth
It: 1065, Loss: 4.668e-05, Loss_res: 2.487e-03,  Loss_bcs: 1.160e-05, Loss_ut_ics: 1.021e-03, lr: 1.000e-03, Time: 2.45e+03
Model state saved to ./results/models/checkpoints/schrodinger/qho/2025-09-16_19-56-00-999728/model.pth
Model state saved to ./results/models/checkpoints/schrodinger/qho/2025-09-16_19-56-00-999728/model_weights.pth
It: 1066, Loss: 3.702e-05, Loss_res: 2.416e-03,  Loss_bcs: 5.100e-06, Loss_ut_ics: 7.767e-04, lr: 1.000e-03, Time: 2.45e+03
Model state saved to ./results/models/checkpoints/schrodinger/qho/2025-09-16_19-56-00-999728/model.pth
Model state saved to ./results/models/checkpoints/schrodinger/qho/2025-09-16_19-56-00-999728/model_weights.pth
It: 1067, Loss: 5.105e-05, Loss_res: 1.999e-03,  Loss_bcs: 2.616e-05, Loss_ut_ics: 4.901e-04, lr: 1.000e-03, Time: 2.46e+03
Model state saved to ./results/models/checkpoints/schrodinger/qho/2025-09-16_19-56-00-999728/model.pth
Model state saved to ./results/models/checkpoints/schrodinger/qho/2025-09-16_19-56-00-999728/model_weights.pth
It: 1068, Loss: 5.505e-05, Loss_res: 2.899e-03,  Loss_bcs: 1.438e-05, Loss_ut_ics: 1.169e-03, lr: 1.000e-03, Time: 2.46e+03
Model state saved to ./results/models/checkpoints/schrodinger/qho/2025-09-16_19-56-00-999728/model.pth
Model state saved to ./results/models/checkpoints/schrodinger/qho/2025-09-16_19-56-00-999728/model_weights.pth
It: 1069, Loss: 4.790e-05, Loss_res: 2.994e-03,  Loss_bcs: 1.167e-05, Loss_ut_ics: 6.293e-04, lr: 1.000e-03, Time: 2.46e+03
Model state saved to ./results/models/checkpoints/schrodinger/qho/2025-09-16_19-56-00-999728/model.pth
Model state saved to ./results/models/checkpoints/schrodinger/qho/2025-09-16_19-56-00-999728/model_weights.pth
It: 1070, Loss: 3.554e-05, Loss_res: 1.682e-03,  Loss_bcs: 8.186e-06, Loss_ut_ics: 1.054e-03, lr: 1.000e-03, Time: 2.46e+03
Model state saved to ./results/models/checkpoints/schrodinger/qho/2025-09-16_19-56-00-999728/model.pth
Model state saved to ./results/models/checkpoints/schrodinger/qho/2025-09-16_19-56-00-999728/model_weights.pth
It: 1071, Loss: 6.678e-05, Loss_res: 3.387e-03,  Loss_bcs: 2.362e-05, Loss_ut_ics: 9.290e-04, lr: 1.000e-03, Time: 2.47e+03
Model state saved to ./results/models/checkpoints/schrodinger/qho/2025-09-16_19-56-00-999728/model.pth
Model state saved to ./results/models/checkpoints/schrodinger/qho/2025-09-16_19-56-00-999728/model_weights.pth
It: 1072, Loss: 4.632e-05, Loss_res: 3.286e-03,  Loss_bcs: 8.316e-06, Loss_ut_ics: 5.146e-04, lr: 1.000e-03, Time: 2.47e+03
Model state saved to ./results/models/checkpoints/schrodinger/qho/2025-09-16_19-56-00-999728/model.pth
Model state saved to ./results/models/checkpoints/schrodinger/qho/2025-09-16_19-56-00-999728/model_weights.pth
It: 1073, Loss: 4.284e-05, Loss_res: 1.939e-03,  Loss_bcs: 5.204e-06, Loss_ut_ics: 1.825e-03, lr: 1.000e-03, Time: 2.47e+03
Model state saved to ./results/models/checkpoints/schrodinger/qho/2025-09-16_19-56-00-999728/model.pth
Model state saved to ./results/models/checkpoints/schrodinger/qho/2025-09-16_19-56-00-999728/model_weights.pth
It: 1074, Loss: 4.604e-05, Loss_res: 2.947e-03,  Loss_bcs: 5.103e-06, Loss_ut_ics: 1.147e-03, lr: 1.000e-03, Time: 2.47e+03
Model state saved to ./results/models/checkpoints/schrodinger/qho/2025-09-16_19-56-00-999728/model.pth
Model state saved to ./results/models/checkpoints/schrodinger/qho/2025-09-16_19-56-00-999728/model_weights.pth
It: 1075, Loss: 4.575e-05, Loss_res: 2.196e-03,  Loss_bcs: 6.396e-06, Loss_ut_ics: 1.739e-03, lr: 1.000e-03, Time: 2.48e+03
Model state saved to ./results/models/checkpoints/schrodinger/qho/2025-09-16_19-56-00-999728/model.pth
Model state saved to ./results/models/checkpoints/schrodinger/qho/2025-09-16_19-56-00-999728/model_weights.pth
It: 1076, Loss: 5.661e-05, Loss_res: 1.949e-03,  Loss_bcs: 1.868e-05, Loss_ut_ics: 1.843e-03, lr: 1.000e-03, Time: 2.48e+03
Model state saved to ./results/models/checkpoints/schrodinger/qho/2025-09-16_19-56-00-999728/model.pth
Model state saved to ./results/models/checkpoints/schrodinger/qho/2025-09-16_19-56-00-999728/model_weights.pth
It: 1077, Loss: 3.730e-05, Loss_res: 1.656e-03,  Loss_bcs: 1.049e-05, Loss_ut_ics: 1.024e-03, lr: 1.000e-03, Time: 2.48e+03
Model state saved to ./results/models/checkpoints/schrodinger/qho/2025-09-16_19-56-00-999728/model.pth
Model state saved to ./results/models/checkpoints/schrodinger/qho/2025-09-16_19-56-00-999728/model_weights.pth
It: 1078, Loss: 4.204e-05, Loss_res: 2.089e-03,  Loss_bcs: 3.466e-06, Loss_ut_ics: 1.768e-03, lr: 1.000e-03, Time: 2.48e+03
Model state saved to ./results/models/checkpoints/schrodinger/qho/2025-09-16_19-56-00-999728/model.pth
Model state saved to ./results/models/checkpoints/schrodinger/qho/2025-09-16_19-56-00-999728/model_weights.pth
It: 1079, Loss: 4.805e-05, Loss_res: 2.727e-03,  Loss_bcs: 1.297e-05, Loss_ut_ics: 7.809e-04, lr: 1.000e-03, Time: 2.49e+03
Model state saved to ./results/models/checkpoints/schrodinger/qho/2025-09-16_19-56-00-999728/model.pth
Model state saved to ./results/models/checkpoints/schrodinger/qho/2025-09-16_19-56-00-999728/model_weights.pth
It: 1080, Loss: 4.928e-05, Loss_res: 2.377e-03,  Loss_bcs: 1.408e-05, Loss_ut_ics: 1.143e-03, lr: 1.000e-03, Time: 2.49e+03
Model state saved to ./results/models/checkpoints/schrodinger/qho/2025-09-16_19-56-00-999728/model.pth
Model state saved to ./results/models/checkpoints/schrodinger/qho/2025-09-16_19-56-00-999728/model_weights.pth
It: 1081, Loss: 4.791e-05, Loss_res: 2.304e-03,  Loss_bcs: 1.224e-05, Loss_ut_ics: 1.264e-03, lr: 1.000e-03, Time: 2.49e+03
Model state saved to ./results/models/checkpoints/schrodinger/qho/2025-09-16_19-56-00-999728/model.pth
Model state saved to ./results/models/checkpoints/schrodinger/qho/2025-09-16_19-56-00-999728/model_weights.pth
It: 1082, Loss: 3.226e-05, Loss_res: 1.222e-03,  Loss_bcs: 1.147e-05, Loss_ut_ics: 8.566e-04, lr: 1.000e-03, Time: 2.49e+03
Model state saved to ./results/models/checkpoints/schrodinger/qho/2025-09-16_19-56-00-999728/model.pth
Model state saved to ./results/models/checkpoints/schrodinger/qho/2025-09-16_19-56-00-999728/model_weights.pth
It: 1083, Loss: 5.161e-05, Loss_res: 2.265e-03,  Loss_bcs: 4.400e-06, Loss_ut_ics: 2.456e-03, lr: 1.000e-03, Time: 2.50e+03
Model state saved to ./results/models/checkpoints/schrodinger/qho/2025-09-16_19-56-00-999728/model.pth
Model state saved to ./results/models/checkpoints/schrodinger/qho/2025-09-16_19-56-00-999728/model_weights.pth
It: 1084, Loss: 4.321e-05, Loss_res: 2.747e-03,  Loss_bcs: 2.935e-06, Loss_ut_ics: 1.280e-03, lr: 1.000e-03, Time: 2.50e+03
Model state saved to ./results/models/checkpoints/schrodinger/qho/2025-09-16_19-56-00-999728/model.pth
Model state saved to ./results/models/checkpoints/schrodinger/qho/2025-09-16_19-56-00-999728/model_weights.pth
It: 1085, Loss: 4.362e-05, Loss_res: 2.776e-03,  Loss_bcs: 9.656e-06, Loss_ut_ics: 6.199e-04, lr: 1.000e-03, Time: 2.50e+03
Model state saved to ./results/models/checkpoints/schrodinger/qho/2025-09-16_19-56-00-999728/model.pth
Model state saved to ./results/models/checkpoints/schrodinger/qho/2025-09-16_19-56-00-999728/model_weights.pth
It: 1086, Loss: 4.659e-05, Loss_res: 1.662e-03,  Loss_bcs: 1.686e-05, Loss_ut_ics: 1.311e-03, lr: 1.000e-03, Time: 2.50e+03
Model state saved to ./results/models/checkpoints/schrodinger/qho/2025-09-16_19-56-00-999728/model.pth
Model state saved to ./results/models/checkpoints/schrodinger/qho/2025-09-16_19-56-00-999728/model_weights.pth
It: 1087, Loss: 4.380e-05, Loss_res: 2.991e-03,  Loss_bcs: 5.709e-06, Loss_ut_ics: 8.182e-04, lr: 1.000e-03, Time: 2.51e+03
Model state saved to ./results/models/checkpoints/schrodinger/qho/2025-09-16_19-56-00-999728/model.pth
Model state saved to ./results/models/checkpoints/schrodinger/qho/2025-09-16_19-56-00-999728/model_weights.pth
It: 1088, Loss: 4.737e-05, Loss_res: 3.010e-03,  Loss_bcs: 9.434e-06, Loss_ut_ics: 7.835e-04, lr: 1.000e-03, Time: 2.51e+03
Model state saved to ./results/models/checkpoints/schrodinger/qho/2025-09-16_19-56-00-999728/model.pth
Model state saved to ./results/models/checkpoints/schrodinger/qho/2025-09-16_19-56-00-999728/model_weights.pth
It: 1089, Loss: 4.137e-05, Loss_res: 1.829e-03,  Loss_bcs: 1.145e-05, Loss_ut_ics: 1.163e-03, lr: 1.000e-03, Time: 2.51e+03
Model state saved to ./results/models/checkpoints/schrodinger/qho/2025-09-16_19-56-00-999728/model.pth
Model state saved to ./results/models/checkpoints/schrodinger/qho/2025-09-16_19-56-00-999728/model_weights.pth
It: 1090, Loss: 4.227e-05, Loss_res: 1.822e-03,  Loss_bcs: 1.126e-05, Loss_ut_ics: 1.279e-03, lr: 1.000e-03, Time: 2.51e+03
Model state saved to ./results/models/checkpoints/schrodinger/qho/2025-09-16_19-56-00-999728/model.pth
Model state saved to ./results/models/checkpoints/schrodinger/qho/2025-09-16_19-56-00-999728/model_weights.pth
It: 1091, Loss: 4.536e-05, Loss_res: 3.056e-03,  Loss_bcs: 3.995e-06, Loss_ut_ics: 1.080e-03, lr: 1.000e-03, Time: 2.52e+03
Model state saved to ./results/models/checkpoints/schrodinger/qho/2025-09-16_19-56-00-999728/model.pth
Model state saved to ./results/models/checkpoints/schrodinger/qho/2025-09-16_19-56-00-999728/model_weights.pth
It: 1092, Loss: 4.945e-05, Loss_res: 3.045e-03,  Loss_bcs: 7.571e-06, Loss_ut_ics: 1.142e-03, lr: 1.000e-03, Time: 2.52e+03
Model state saved to ./results/models/checkpoints/schrodinger/qho/2025-09-16_19-56-00-999728/model.pth
Model state saved to ./results/models/checkpoints/schrodinger/qho/2025-09-16_19-56-00-999728/model_weights.pth
It: 1093, Loss: 3.863e-05, Loss_res: 2.675e-03,  Loss_bcs: 6.827e-06, Loss_ut_ics: 5.050e-04, lr: 1.000e-03, Time: 2.52e+03
Model state saved to ./results/models/checkpoints/schrodinger/qho/2025-09-16_19-56-00-999728/model.pth
Model state saved to ./results/models/checkpoints/schrodinger/qho/2025-09-16_19-56-00-999728/model_weights.pth
It: 1094, Loss: 4.348e-05, Loss_res: 1.890e-03,  Loss_bcs: 8.066e-06, Loss_ut_ics: 1.651e-03, lr: 1.000e-03, Time: 2.52e+03
Model state saved to ./results/models/checkpoints/schrodinger/qho/2025-09-16_19-56-00-999728/model.pth
Model state saved to ./results/models/checkpoints/schrodinger/qho/2025-09-16_19-56-00-999728/model_weights.pth
It: 1095, Loss: 5.002e-05, Loss_res: 2.728e-03,  Loss_bcs: 5.971e-06, Loss_ut_ics: 1.677e-03, lr: 1.000e-03, Time: 2.53e+03
Model state saved to ./results/models/checkpoints/schrodinger/qho/2025-09-16_19-56-00-999728/model.pth
Model state saved to ./results/models/checkpoints/schrodinger/qho/2025-09-16_19-56-00-999728/model_weights.pth
It: 1096, Loss: 4.427e-05, Loss_res: 2.311e-03,  Loss_bcs: 4.704e-06, Loss_ut_ics: 1.646e-03, lr: 1.000e-03, Time: 2.53e+03
Model state saved to ./results/models/checkpoints/schrodinger/qho/2025-09-16_19-56-00-999728/model.pth
Model state saved to ./results/models/checkpoints/schrodinger/qho/2025-09-16_19-56-00-999728/model_weights.pth
It: 1097, Loss: 4.333e-05, Loss_res: 2.752e-03,  Loss_bcs: 1.109e-05, Loss_ut_ics: 4.709e-04, lr: 1.000e-03, Time: 2.53e+03
Model state saved to ./results/models/checkpoints/schrodinger/qho/2025-09-16_19-56-00-999728/model.pth
Model state saved to ./results/models/checkpoints/schrodinger/qho/2025-09-16_19-56-00-999728/model_weights.pth
It: 1098, Loss: 4.096e-05, Loss_res: 2.511e-03,  Loss_bcs: 1.253e-05, Loss_ut_ics: 3.321e-04, lr: 1.000e-03, Time: 2.53e+03
Model state saved to ./results/models/checkpoints/schrodinger/qho/2025-09-16_19-56-00-999728/model.pth
Model state saved to ./results/models/checkpoints/schrodinger/qho/2025-09-16_19-56-00-999728/model_weights.pth
It: 1099, Loss: 3.854e-05, Loss_res: 1.820e-03,  Loss_bcs: 1.097e-05, Loss_ut_ics: 9.374e-04, lr: 1.000e-03, Time: 2.54e+03
Model state saved to ./results/models/checkpoints/schrodinger/qho/2025-09-16_19-56-00-999728/model.pth
Model state saved to ./results/models/checkpoints/schrodinger/qho/2025-09-16_19-56-00-999728/model_weights.pth
It: 1100, Loss: 4.502e-05, Loss_res: 1.813e-03,  Loss_bcs: 8.606e-06, Loss_ut_ics: 1.829e-03, lr: 1.000e-03, Time: 2.54e+03
Model state saved to ./results/models/checkpoints/schrodinger/qho/2025-09-16_19-56-00-999728/model.pth
Model state saved to ./results/models/checkpoints/schrodinger/qho/2025-09-16_19-56-00-999728/model_weights.pth
It: 1101, Loss: 4.353e-05, Loss_res: 2.626e-03,  Loss_bcs: 1.229e-05, Loss_ut_ics: 4.981e-04, lr: 1.000e-03, Time: 2.54e+03
Model state saved to ./results/models/checkpoints/schrodinger/qho/2025-09-16_19-56-00-999728/model.pth
Model state saved to ./results/models/checkpoints/schrodinger/qho/2025-09-16_19-56-00-999728/model_weights.pth
It: 1102, Loss: 4.821e-05, Loss_res: 2.703e-03,  Loss_bcs: 7.955e-06, Loss_ut_ics: 1.322e-03, lr: 1.000e-03, Time: 2.54e+03
Model state saved to ./results/models/checkpoints/schrodinger/qho/2025-09-16_19-56-00-999728/model.pth
Model state saved to ./results/models/checkpoints/schrodinger/qho/2025-09-16_19-56-00-999728/model_weights.pth
It: 1103, Loss: 3.124e-05, Loss_res: 1.718e-03,  Loss_bcs: 9.542e-06, Loss_ut_ics: 4.513e-04, lr: 1.000e-03, Time: 2.55e+03
Model state saved to ./results/models/checkpoints/schrodinger/qho/2025-09-16_19-56-00-999728/model.pth
Model state saved to ./results/models/checkpoints/schrodinger/qho/2025-09-16_19-56-00-999728/model_weights.pth
It: 1104, Loss: 4.698e-05, Loss_res: 2.095e-03,  Loss_bcs: 1.940e-05, Loss_ut_ics: 6.636e-04, lr: 1.000e-03, Time: 2.55e+03
Model state saved to ./results/models/checkpoints/schrodinger/qho/2025-09-16_19-56-00-999728/model.pth
Model state saved to ./results/models/checkpoints/schrodinger/qho/2025-09-16_19-56-00-999728/model_weights.pth
It: 1105, Loss: 4.766e-05, Loss_res: 2.580e-03,  Loss_bcs: 1.508e-05, Loss_ut_ics: 6.786e-04, lr: 1.000e-03, Time: 2.55e+03
Model state saved to ./results/models/checkpoints/schrodinger/qho/2025-09-16_19-56-00-999728/model.pth
Model state saved to ./results/models/checkpoints/schrodinger/qho/2025-09-16_19-56-00-999728/model_weights.pth
It: 1106, Loss: 4.868e-05, Loss_res: 2.518e-03,  Loss_bcs: 2.048e-06, Loss_ut_ics: 2.145e-03, lr: 1.000e-03, Time: 2.56e+03
Model state saved to ./results/models/checkpoints/schrodinger/qho/2025-09-16_19-56-00-999728/model.pth
Model state saved to ./results/models/checkpoints/schrodinger/qho/2025-09-16_19-56-00-999728/model_weights.pth
It: 1107, Loss: 4.180e-05, Loss_res: 2.562e-03,  Loss_bcs: 1.698e-06, Loss_ut_ics: 1.448e-03, lr: 1.000e-03, Time: 2.56e+03
Model state saved to ./results/models/checkpoints/schrodinger/qho/2025-09-16_19-56-00-999728/model.pth
Model state saved to ./results/models/checkpoints/schrodinger/qho/2025-09-16_19-56-00-999728/model_weights.pth
It: 1108, Loss: 3.705e-05, Loss_res: 2.847e-03,  Loss_bcs: 3.189e-06, Loss_ut_ics: 5.391e-04, lr: 1.000e-03, Time: 2.56e+03
Model state saved to ./results/models/checkpoints/schrodinger/qho/2025-09-16_19-56-00-999728/model.pth
Model state saved to ./results/models/checkpoints/schrodinger/qho/2025-09-16_19-56-00-999728/model_weights.pth
It: 1109, Loss: 4.761e-05, Loss_res: 2.467e-03,  Loss_bcs: 1.070e-05, Loss_ut_ics: 1.224e-03, lr: 1.000e-03, Time: 2.56e+03
Model state saved to ./results/models/checkpoints/schrodinger/qho/2025-09-16_19-56-00-999728/model.pth
Model state saved to ./results/models/checkpoints/schrodinger/qho/2025-09-16_19-56-00-999728/model_weights.pth
It: 1110, Loss: 3.697e-05, Loss_res: 1.865e-03,  Loss_bcs: 1.123e-05, Loss_ut_ics: 7.086e-04, lr: 1.000e-03, Time: 2.57e+03
Model state saved to ./results/models/checkpoints/schrodinger/qho/2025-09-16_19-56-00-999728/model.pth
Model state saved to ./results/models/checkpoints/schrodinger/qho/2025-09-16_19-56-00-999728/model_weights.pth
It: 1111, Loss: 2.870e-05, Loss_res: 2.102e-03,  Loss_bcs: 4.018e-06, Loss_ut_ics: 3.661e-04, lr: 1.000e-03, Time: 2.57e+03
Model state saved to ./results/models/checkpoints/schrodinger/qho/2025-09-16_19-56-00-999728/model.pth
Model state saved to ./results/models/checkpoints/schrodinger/qho/2025-09-16_19-56-00-999728/model_weights.pth
It: 1112, Loss: 4.224e-05, Loss_res: 2.404e-03,  Loss_bcs: 3.484e-06, Loss_ut_ics: 1.472e-03, lr: 1.000e-03, Time: 2.57e+03
Model state saved to ./results/models/checkpoints/schrodinger/qho/2025-09-16_19-56-00-999728/model.pth
Model state saved to ./results/models/checkpoints/schrodinger/qho/2025-09-16_19-56-00-999728/model_weights.pth
It: 1113, Loss: 4.319e-05, Loss_res: 2.897e-03,  Loss_bcs: 2.400e-06, Loss_ut_ics: 1.182e-03, lr: 1.000e-03, Time: 2.57e+03
Model state saved to ./results/models/checkpoints/schrodinger/qho/2025-09-16_19-56-00-999728/model.pth
Model state saved to ./results/models/checkpoints/schrodinger/qho/2025-09-16_19-56-00-999728/model_weights.pth
It: 1114, Loss: 5.765e-05, Loss_res: 1.964e-03,  Loss_bcs: 2.207e-05, Loss_ut_ics: 1.595e-03, lr: 1.000e-03, Time: 2.57e+03
Model state saved to ./results/models/checkpoints/schrodinger/qho/2025-09-16_19-56-00-999728/model.pth
Model state saved to ./results/models/checkpoints/schrodinger/qho/2025-09-16_19-56-00-999728/model_weights.pth
It: 1115, Loss: 4.791e-05, Loss_res: 2.222e-03,  Loss_bcs: 9.678e-06, Loss_ut_ics: 1.601e-03, lr: 1.000e-03, Time: 2.58e+03
Model state saved to ./results/models/checkpoints/schrodinger/qho/2025-09-16_19-56-00-999728/model.pth
Model state saved to ./results/models/checkpoints/schrodinger/qho/2025-09-16_19-56-00-999728/model_weights.pth
It: 1116, Loss: 3.263e-05, Loss_res: 2.024e-03,  Loss_bcs: 2.321e-06, Loss_ut_ics: 1.007e-03, lr: 1.000e-03, Time: 2.58e+03
Model state saved to ./results/models/checkpoints/schrodinger/qho/2025-09-16_19-56-00-999728/model.pth
Model state saved to ./results/models/checkpoints/schrodinger/qho/2025-09-16_19-56-00-999728/model_weights.pth
It: 1117, Loss: 4.669e-05, Loss_res: 2.812e-03,  Loss_bcs: 6.835e-06, Loss_ut_ics: 1.173e-03, lr: 1.000e-03, Time: 2.58e+03
Model state saved to ./results/models/checkpoints/schrodinger/qho/2025-09-16_19-56-00-999728/model.pth
Model state saved to ./results/models/checkpoints/schrodinger/qho/2025-09-16_19-56-00-999728/model_weights.pth
It: 1118, Loss: 3.455e-05, Loss_res: 2.048e-03,  Loss_bcs: 9.282e-06, Loss_ut_ics: 4.782e-04, lr: 1.000e-03, Time: 2.58e+03
Model state saved to ./results/models/checkpoints/schrodinger/qho/2025-09-16_19-56-00-999728/model.pth
Model state saved to ./results/models/checkpoints/schrodinger/qho/2025-09-16_19-56-00-999728/model_weights.pth
It: 1119, Loss: 4.182e-05, Loss_res: 2.084e-03,  Loss_bcs: 1.069e-05, Loss_ut_ics: 1.028e-03, lr: 1.000e-03, Time: 2.59e+03
Model state saved to ./results/models/checkpoints/schrodinger/qho/2025-09-16_19-56-00-999728/model.pth
Model state saved to ./results/models/checkpoints/schrodinger/qho/2025-09-16_19-56-00-999728/model_weights.pth
It: 1120, Loss: 4.430e-05, Loss_res: 2.459e-03,  Loss_bcs: 1.101e-05, Loss_ut_ics: 8.700e-04, lr: 1.000e-03, Time: 2.59e+03
Model state saved to ./results/models/checkpoints/schrodinger/qho/2025-09-16_19-56-00-999728/model.pth
Model state saved to ./results/models/checkpoints/schrodinger/qho/2025-09-16_19-56-00-999728/model_weights.pth
It: 1121, Loss: 3.091e-05, Loss_res: 2.096e-03,  Loss_bcs: 5.753e-06, Loss_ut_ics: 4.195e-04, lr: 1.000e-03, Time: 2.59e+03
Model state saved to ./results/models/checkpoints/schrodinger/qho/2025-09-16_19-56-00-999728/model.pth
Model state saved to ./results/models/checkpoints/schrodinger/qho/2025-09-16_19-56-00-999728/model_weights.pth
It: 1122, Loss: 5.060e-05, Loss_res: 3.189e-03,  Loss_bcs: 6.794e-06, Loss_ut_ics: 1.192e-03, lr: 1.000e-03, Time: 2.60e+03
Model state saved to ./results/models/checkpoints/schrodinger/qho/2025-09-16_19-56-00-999728/model.pth
Model state saved to ./results/models/checkpoints/schrodinger/qho/2025-09-16_19-56-00-999728/model_weights.pth
It: 1123, Loss: 3.780e-05, Loss_res: 2.660e-03,  Loss_bcs: 4.138e-06, Loss_ut_ics: 7.054e-04, lr: 1.000e-03, Time: 2.60e+03
Model state saved to ./results/models/checkpoints/schrodinger/qho/2025-09-16_19-56-00-999728/model.pth
Model state saved to ./results/models/checkpoints/schrodinger/qho/2025-09-16_19-56-00-999728/model_weights.pth
It: 1124, Loss: 2.756e-05, Loss_res: 1.743e-03,  Loss_bcs: 8.590e-06, Loss_ut_ics: 1.540e-04, lr: 1.000e-03, Time: 2.60e+03
Model state saved to ./results/models/checkpoints/schrodinger/qho/2025-09-16_19-56-00-999728/model.pth
Model state saved to ./results/models/checkpoints/schrodinger/qho/2025-09-16_19-56-00-999728/model_weights.pth
It: 1125, Loss: 5.308e-05, Loss_res: 1.703e-03,  Loss_bcs: 1.389e-05, Loss_ut_ics: 2.216e-03, lr: 1.000e-03, Time: 2.60e+03
Model state saved to ./results/models/checkpoints/schrodinger/qho/2025-09-16_19-56-00-999728/model.pth
Model state saved to ./results/models/checkpoints/schrodinger/qho/2025-09-16_19-56-00-999728/model_weights.pth
It: 1126, Loss: 3.241e-05, Loss_res: 1.766e-03,  Loss_bcs: 7.077e-06, Loss_ut_ics: 7.667e-04, lr: 1.000e-03, Time: 2.61e+03
Model state saved to ./results/models/checkpoints/schrodinger/qho/2025-09-16_19-56-00-999728/model.pth
Model state saved to ./results/models/checkpoints/schrodinger/qho/2025-09-16_19-56-00-999728/model_weights.pth
It: 1127, Loss: 3.816e-05, Loss_res: 1.948e-03,  Loss_bcs: 8.894e-06, Loss_ut_ics: 9.792e-04, lr: 1.000e-03, Time: 2.61e+03
Model state saved to ./results/models/checkpoints/schrodinger/qho/2025-09-16_19-56-00-999728/model.pth
Model state saved to ./results/models/checkpoints/schrodinger/qho/2025-09-16_19-56-00-999728/model_weights.pth
It: 1128, Loss: 3.690e-05, Loss_res: 2.769e-03,  Loss_bcs: 5.134e-06, Loss_ut_ics: 4.079e-04, lr: 1.000e-03, Time: 2.61e+03
Model state saved to ./results/models/checkpoints/schrodinger/qho/2025-09-16_19-56-00-999728/model.pth
Model state saved to ./results/models/checkpoints/schrodinger/qho/2025-09-16_19-56-00-999728/model_weights.pth
It: 1129, Loss: 5.455e-05, Loss_res: 2.344e-03,  Loss_bcs: 7.221e-06, Loss_ut_ics: 2.389e-03, lr: 1.000e-03, Time: 2.61e+03
Model state saved to ./results/models/checkpoints/schrodinger/qho/2025-09-16_19-56-00-999728/model.pth
Model state saved to ./results/models/checkpoints/schrodinger/qho/2025-09-16_19-56-00-999728/model_weights.pth
It: 1130, Loss: 5.721e-05, Loss_res: 1.956e-03,  Loss_bcs: 2.619e-05, Loss_ut_ics: 1.147e-03, lr: 1.000e-03, Time: 2.62e+03
Model state saved to ./results/models/checkpoints/schrodinger/qho/2025-09-16_19-56-00-999728/model.pth
Model state saved to ./results/models/checkpoints/schrodinger/qho/2025-09-16_19-56-00-999728/model_weights.pth
It: 1131, Loss: 4.198e-05, Loss_res: 2.698e-03,  Loss_bcs: 7.038e-06, Loss_ut_ics: 7.968e-04, lr: 1.000e-03, Time: 2.62e+03
Model state saved to ./results/models/checkpoints/schrodinger/qho/2025-09-16_19-56-00-999728/model.pth
Model state saved to ./results/models/checkpoints/schrodinger/qho/2025-09-16_19-56-00-999728/model_weights.pth
It: 1132, Loss: 4.266e-05, Loss_res: 2.507e-03,  Loss_bcs: 5.324e-06, Loss_ut_ics: 1.226e-03, lr: 1.000e-03, Time: 2.62e+03
Model state saved to ./results/models/checkpoints/schrodinger/qho/2025-09-16_19-56-00-999728/model.pth
Model state saved to ./results/models/checkpoints/schrodinger/qho/2025-09-16_19-56-00-999728/model_weights.pth
It: 1133, Loss: 5.868e-05, Loss_res: 3.502e-03,  Loss_bcs: 6.203e-06, Loss_ut_ics: 1.746e-03, lr: 1.000e-03, Time: 2.62e+03
Model state saved to ./results/models/checkpoints/schrodinger/qho/2025-09-16_19-56-00-999728/model.pth
Model state saved to ./results/models/checkpoints/schrodinger/qho/2025-09-16_19-56-00-999728/model_weights.pth
It: 1134, Loss: 3.815e-05, Loss_res: 1.688e-03,  Loss_bcs: 7.444e-06, Loss_ut_ics: 1.383e-03, lr: 1.000e-03, Time: 2.62e+03
Model state saved to ./results/models/checkpoints/schrodinger/qho/2025-09-16_19-56-00-999728/model.pth
Model state saved to ./results/models/checkpoints/schrodinger/qho/2025-09-16_19-56-00-999728/model_weights.pth
It: 1135, Loss: 2.888e-05, Loss_res: 1.226e-03,  Loss_bcs: 1.421e-05, Loss_ut_ics: 2.412e-04, lr: 1.000e-03, Time: 2.63e+03
Model state saved to ./results/models/checkpoints/schrodinger/qho/2025-09-16_19-56-00-999728/model.pth
Model state saved to ./results/models/checkpoints/schrodinger/qho/2025-09-16_19-56-00-999728/model_weights.pth
It: 1136, Loss: 4.132e-05, Loss_res: 2.247e-03,  Loss_bcs: 7.332e-06, Loss_ut_ics: 1.152e-03, lr: 1.000e-03, Time: 2.63e+03
Model state saved to ./results/models/checkpoints/schrodinger/qho/2025-09-16_19-56-00-999728/model.pth
Model state saved to ./results/models/checkpoints/schrodinger/qho/2025-09-16_19-56-00-999728/model_weights.pth
It: 1137, Loss: 3.957e-05, Loss_res: 3.047e-03,  Loss_bcs: 5.627e-06, Loss_ut_ics: 3.474e-04, lr: 1.000e-03, Time: 2.63e+03
Model state saved to ./results/models/checkpoints/schrodinger/qho/2025-09-16_19-56-00-999728/model.pth
Model state saved to ./results/models/checkpoints/schrodinger/qho/2025-09-16_19-56-00-999728/model_weights.pth
It: 1138, Loss: 4.043e-05, Loss_res: 2.418e-03,  Loss_bcs: 7.175e-06, Loss_ut_ics: 9.073e-04, lr: 1.000e-03, Time: 2.63e+03
Model state saved to ./results/models/checkpoints/schrodinger/qho/2025-09-16_19-56-00-999728/model.pth
Model state saved to ./results/models/checkpoints/schrodinger/qho/2025-09-16_19-56-00-999728/model_weights.pth
It: 1139, Loss: 3.468e-05, Loss_res: 1.771e-03,  Loss_bcs: 9.700e-06, Loss_ut_ics: 7.262e-04, lr: 1.000e-03, Time: 2.64e+03
Model state saved to ./results/models/checkpoints/schrodinger/qho/2025-09-16_19-56-00-999728/model.pth
Model state saved to ./results/models/checkpoints/schrodinger/qho/2025-09-16_19-56-00-999728/model_weights.pth
It: 1140, Loss: 6.258e-05, Loss_res: 1.825e-03,  Loss_bcs: 2.576e-05, Loss_ut_ics: 1.857e-03, lr: 1.000e-03, Time: 2.64e+03
Model state saved to ./results/models/checkpoints/schrodinger/qho/2025-09-16_19-56-00-999728/model.pth
Model state saved to ./results/models/checkpoints/schrodinger/qho/2025-09-16_19-56-00-999728/model_weights.pth
It: 1141, Loss: 3.592e-05, Loss_res: 2.049e-03,  Loss_bcs: 6.035e-06, Loss_ut_ics: 9.395e-04, lr: 1.000e-03, Time: 2.64e+03
Model state saved to ./results/models/checkpoints/schrodinger/qho/2025-09-16_19-56-00-999728/model.pth
Model state saved to ./results/models/checkpoints/schrodinger/qho/2025-09-16_19-56-00-999728/model_weights.pth
It: 1142, Loss: 4.358e-05, Loss_res: 2.242e-03,  Loss_bcs: 1.388e-05, Loss_ut_ics: 7.271e-04, lr: 1.000e-03, Time: 2.64e+03
Model state saved to ./results/models/checkpoints/schrodinger/qho/2025-09-16_19-56-00-999728/model.pth
Model state saved to ./results/models/checkpoints/schrodinger/qho/2025-09-16_19-56-00-999728/model_weights.pth
It: 1143, Loss: 6.672e-05, Loss_res: 4.833e-03,  Loss_bcs: 1.459e-05, Loss_ut_ics: 3.798e-04, lr: 1.000e-03, Time: 2.65e+03
Model state saved to ./results/models/checkpoints/schrodinger/qho/2025-09-16_19-56-00-999728/model.pth
Model state saved to ./results/models/checkpoints/schrodinger/qho/2025-09-16_19-56-00-999728/model_weights.pth
It: 1144, Loss: 6.393e-05, Loss_res: 2.346e-03,  Loss_bcs: 2.014e-05, Loss_ut_ics: 2.033e-03, lr: 1.000e-03, Time: 2.65e+03
Model state saved to ./results/models/checkpoints/schrodinger/qho/2025-09-16_19-56-00-999728/model.pth
Model state saved to ./results/models/checkpoints/schrodinger/qho/2025-09-16_19-56-00-999728/model_weights.pth
It: 1145, Loss: 5.752e-05, Loss_res: 1.660e-03,  Loss_bcs: 3.068e-05, Loss_ut_ics: 1.025e-03, lr: 1.000e-03, Time: 2.65e+03
Model state saved to ./results/models/checkpoints/schrodinger/qho/2025-09-16_19-56-00-999728/model.pth
Model state saved to ./results/models/checkpoints/schrodinger/qho/2025-09-16_19-56-00-999728/model_weights.pth
It: 1146, Loss: 4.189e-05, Loss_res: 2.799e-03,  Loss_bcs: 6.755e-06, Loss_ut_ics: 7.146e-04, lr: 1.000e-03, Time: 2.65e+03
Model state saved to ./results/models/checkpoints/schrodinger/qho/2025-09-16_19-56-00-999728/model.pth
Model state saved to ./results/models/checkpoints/schrodinger/qho/2025-09-16_19-56-00-999728/model_weights.pth
It: 1147, Loss: 7.376e-05, Loss_res: 4.993e-03,  Loss_bcs: 1.091e-05, Loss_ut_ics: 1.292e-03, lr: 1.000e-03, Time: 2.66e+03
Model state saved to ./results/models/checkpoints/schrodinger/qho/2025-09-16_19-56-00-999728/model.pth
Model state saved to ./results/models/checkpoints/schrodinger/qho/2025-09-16_19-56-00-999728/model_weights.pth
It: 1148, Loss: 4.406e-05, Loss_res: 2.309e-03,  Loss_bcs: 3.499e-06, Loss_ut_ics: 1.747e-03, lr: 1.000e-03, Time: 2.66e+03
Model state saved to ./results/models/checkpoints/schrodinger/qho/2025-09-16_19-56-00-999728/model.pth
Model state saved to ./results/models/checkpoints/schrodinger/qho/2025-09-16_19-56-00-999728/model_weights.pth
It: 1149, Loss: 3.935e-05, Loss_res: 1.514e-03,  Loss_bcs: 1.114e-05, Loss_ut_ics: 1.307e-03, lr: 1.000e-03, Time: 2.66e+03
Model state saved to ./results/models/checkpoints/schrodinger/qho/2025-09-16_19-56-00-999728/model.pth
Model state saved to ./results/models/checkpoints/schrodinger/qho/2025-09-16_19-56-00-999728/model_weights.pth
It: 1150, Loss: 3.880e-05, Loss_res: 1.662e-03,  Loss_bcs: 1.370e-05, Loss_ut_ics: 8.482e-04, lr: 1.000e-03, Time: 2.66e+03
Model state saved to ./results/models/checkpoints/schrodinger/qho/2025-09-16_19-56-00-999728/model.pth
Model state saved to ./results/models/checkpoints/schrodinger/qho/2025-09-16_19-56-00-999728/model_weights.pth
It: 1151, Loss: 4.420e-05, Loss_res: 2.454e-03,  Loss_bcs: 1.346e-05, Loss_ut_ics: 6.201e-04, lr: 1.000e-03, Time: 2.67e+03
Model state saved to ./results/models/checkpoints/schrodinger/qho/2025-09-16_19-56-00-999728/model.pth
Model state saved to ./results/models/checkpoints/schrodinger/qho/2025-09-16_19-56-00-999728/model_weights.pth
It: 1152, Loss: 5.018e-05, Loss_res: 3.443e-03,  Loss_bcs: 4.929e-06, Loss_ut_ics: 1.082e-03, lr: 1.000e-03, Time: 2.67e+03
Model state saved to ./results/models/checkpoints/schrodinger/qho/2025-09-16_19-56-00-999728/model.pth
Model state saved to ./results/models/checkpoints/schrodinger/qho/2025-09-16_19-56-00-999728/model_weights.pth
It: 1153, Loss: 4.569e-05, Loss_res: 2.632e-03,  Loss_bcs: 6.286e-06, Loss_ut_ics: 1.308e-03, lr: 1.000e-03, Time: 2.67e+03
Model state saved to ./results/models/checkpoints/schrodinger/qho/2025-09-16_19-56-00-999728/model.pth
Model state saved to ./results/models/checkpoints/schrodinger/qho/2025-09-16_19-56-00-999728/model_weights.pth
It: 1154, Loss: 5.309e-05, Loss_res: 1.603e-03,  Loss_bcs: 2.242e-05, Loss_ut_ics: 1.465e-03, lr: 1.000e-03, Time: 2.67e+03
Model state saved to ./results/models/checkpoints/schrodinger/qho/2025-09-16_19-56-00-999728/model.pth
Model state saved to ./results/models/checkpoints/schrodinger/qho/2025-09-16_19-56-00-999728/model_weights.pth
It: 1155, Loss: 2.493e-05, Loss_res: 1.551e-03,  Loss_bcs: 6.887e-06, Loss_ut_ics: 2.532e-04, lr: 1.000e-03, Time: 2.68e+03
Model state saved to ./results/models/checkpoints/schrodinger/qho/2025-09-16_19-56-00-999728/model.pth
Model state saved to ./results/models/checkpoints/schrodinger/qho/2025-09-16_19-56-00-999728/model_weights.pth
It: 1156, Loss: 4.115e-05, Loss_res: 2.590e-03,  Loss_bcs: 4.485e-06, Loss_ut_ics: 1.076e-03, lr: 1.000e-03, Time: 2.68e+03
Model state saved to ./results/models/checkpoints/schrodinger/qho/2025-09-16_19-56-00-999728/model.pth
Model state saved to ./results/models/checkpoints/schrodinger/qho/2025-09-16_19-56-00-999728/model_weights.pth
It: 1157, Loss: 4.889e-05, Loss_res: 2.184e-03,  Loss_bcs: 8.771e-06, Loss_ut_ics: 1.828e-03, lr: 1.000e-03, Time: 2.68e+03
Model state saved to ./results/models/checkpoints/schrodinger/qho/2025-09-16_19-56-00-999728/model.pth
Model state saved to ./results/models/checkpoints/schrodinger/qho/2025-09-16_19-56-00-999728/model_weights.pth
It: 1158, Loss: 4.093e-05, Loss_res: 2.260e-03,  Loss_bcs: 7.006e-06, Loss_ut_ics: 1.133e-03, lr: 1.000e-03, Time: 2.69e+03
Model state saved to ./results/models/checkpoints/schrodinger/qho/2025-09-16_19-56-00-999728/model.pth
Model state saved to ./results/models/checkpoints/schrodinger/qho/2025-09-16_19-56-00-999728/model_weights.pth
It: 1159, Loss: 6.103e-05, Loss_res: 1.733e-03,  Loss_bcs: 2.733e-05, Loss_ut_ics: 1.637e-03, lr: 1.000e-03, Time: 2.69e+03
Model state saved to ./results/models/checkpoints/schrodinger/qho/2025-09-16_19-56-00-999728/model.pth
Model state saved to ./results/models/checkpoints/schrodinger/qho/2025-09-16_19-56-00-999728/model_weights.pth
It: 1160, Loss: 4.424e-05, Loss_res: 2.342e-03,  Loss_bcs: 1.457e-05, Loss_ut_ics: 6.245e-04, lr: 1.000e-03, Time: 2.69e+03
Model state saved to ./results/models/checkpoints/schrodinger/qho/2025-09-16_19-56-00-999728/model.pth
Model state saved to ./results/models/checkpoints/schrodinger/qho/2025-09-16_19-56-00-999728/model_weights.pth
It: 1161, Loss: 4.569e-05, Loss_res: 3.490e-03,  Loss_bcs: 5.812e-06, Loss_ut_ics: 4.977e-04, lr: 1.000e-03, Time: 2.69e+03
Model state saved to ./results/models/checkpoints/schrodinger/qho/2025-09-16_19-56-00-999728/model.pth
Model state saved to ./results/models/checkpoints/schrodinger/qho/2025-09-16_19-56-00-999728/model_weights.pth
It: 1162, Loss: 3.327e-05, Loss_res: 1.936e-03,  Loss_bcs: 3.227e-06, Loss_ut_ics: 1.068e-03, lr: 1.000e-03, Time: 2.70e+03
Model state saved to ./results/models/checkpoints/schrodinger/qho/2025-09-16_19-56-00-999728/model.pth
Model state saved to ./results/models/checkpoints/schrodinger/qho/2025-09-16_19-56-00-999728/model_weights.pth
It: 1163, Loss: 4.294e-05, Loss_res: 2.105e-03,  Loss_bcs: 1.190e-05, Loss_ut_ics: 9.987e-04, lr: 1.000e-03, Time: 2.70e+03
Model state saved to ./results/models/checkpoints/schrodinger/qho/2025-09-16_19-56-00-999728/model.pth
Model state saved to ./results/models/checkpoints/schrodinger/qho/2025-09-16_19-56-00-999728/model_weights.pth
It: 1164, Loss: 4.136e-05, Loss_res: 1.645e-03,  Loss_bcs: 1.929e-05, Loss_ut_ics: 5.617e-04, lr: 1.000e-03, Time: 2.70e+03
Model state saved to ./results/models/checkpoints/schrodinger/qho/2025-09-16_19-56-00-999728/model.pth
Model state saved to ./results/models/checkpoints/schrodinger/qho/2025-09-16_19-56-00-999728/model_weights.pth
It: 1165, Loss: 5.114e-05, Loss_res: 2.793e-03,  Loss_bcs: 1.043e-05, Loss_ut_ics: 1.278e-03, lr: 1.000e-03, Time: 2.70e+03
Model state saved to ./results/models/checkpoints/schrodinger/qho/2025-09-16_19-56-00-999728/model.pth
Model state saved to ./results/models/checkpoints/schrodinger/qho/2025-09-16_19-56-00-999728/model_weights.pth
It: 1166, Loss: 3.538e-05, Loss_res: 1.906e-03,  Loss_bcs: 5.594e-07, Loss_ut_ics: 1.576e-03, lr: 1.000e-03, Time: 2.71e+03
Model state saved to ./results/models/checkpoints/schrodinger/qho/2025-09-16_19-56-00-999728/model.pth
Model state saved to ./results/models/checkpoints/schrodinger/qho/2025-09-16_19-56-00-999728/model_weights.pth
It: 1167, Loss: 3.903e-05, Loss_res: 2.346e-03,  Loss_bcs: 6.907e-06, Loss_ut_ics: 8.666e-04, lr: 1.000e-03, Time: 2.71e+03
Model state saved to ./results/models/checkpoints/schrodinger/qho/2025-09-16_19-56-00-999728/model.pth
Model state saved to ./results/models/checkpoints/schrodinger/qho/2025-09-16_19-56-00-999728/model_weights.pth
It: 1168, Loss: 3.135e-05, Loss_res: 1.662e-03,  Loss_bcs: 5.799e-06, Loss_ut_ics: 8.925e-04, lr: 1.000e-03, Time: 2.71e+03
Model state saved to ./results/models/checkpoints/schrodinger/qho/2025-09-16_19-56-00-999728/model.pth
Model state saved to ./results/models/checkpoints/schrodinger/qho/2025-09-16_19-56-00-999728/model_weights.pth
It: 1169, Loss: 3.695e-05, Loss_res: 1.790e-03,  Loss_bcs: 7.880e-06, Loss_ut_ics: 1.117e-03, lr: 1.000e-03, Time: 2.71e+03
Model state saved to ./results/models/checkpoints/schrodinger/qho/2025-09-16_19-56-00-999728/model.pth
Model state saved to ./results/models/checkpoints/schrodinger/qho/2025-09-16_19-56-00-999728/model_weights.pth
It: 1170, Loss: 4.459e-05, Loss_res: 2.548e-03,  Loss_bcs: 5.752e-06, Loss_ut_ics: 1.335e-03, lr: 1.000e-03, Time: 2.71e+03
Model state saved to ./results/models/checkpoints/schrodinger/qho/2025-09-16_19-56-00-999728/model.pth
Model state saved to ./results/models/checkpoints/schrodinger/qho/2025-09-16_19-56-00-999728/model_weights.pth
It: 1171, Loss: 3.108e-05, Loss_res: 2.748e-03,  Loss_bcs: 1.867e-06, Loss_ut_ics: 1.736e-04, lr: 1.000e-03, Time: 2.72e+03
Model state saved to ./results/models/checkpoints/schrodinger/qho/2025-09-16_19-56-00-999728/model.pth
Model state saved to ./results/models/checkpoints/schrodinger/qho/2025-09-16_19-56-00-999728/model_weights.pth
It: 1172, Loss: 4.298e-05, Loss_res: 1.823e-03,  Loss_bcs: 9.364e-06, Loss_ut_ics: 1.539e-03, lr: 1.000e-03, Time: 2.72e+03
Model state saved to ./results/models/checkpoints/schrodinger/qho/2025-09-16_19-56-00-999728/model.pth
Model state saved to ./results/models/checkpoints/schrodinger/qho/2025-09-16_19-56-00-999728/model_weights.pth
It: 1173, Loss: 3.603e-05, Loss_res: 1.811e-03,  Loss_bcs: 1.401e-05, Loss_ut_ics: 3.913e-04, lr: 1.000e-03, Time: 2.72e+03
Model state saved to ./results/models/checkpoints/schrodinger/qho/2025-09-16_19-56-00-999728/model.pth
Model state saved to ./results/models/checkpoints/schrodinger/qho/2025-09-16_19-56-00-999728/model_weights.pth
It: 1174, Loss: 3.185e-05, Loss_res: 1.832e-03,  Loss_bcs: 5.107e-06, Loss_ut_ics: 8.427e-04, lr: 1.000e-03, Time: 2.72e+03
Model state saved to ./results/models/checkpoints/schrodinger/qho/2025-09-16_19-56-00-999728/model.pth
Model state saved to ./results/models/checkpoints/schrodinger/qho/2025-09-16_19-56-00-999728/model_weights.pth
It: 1175, Loss: 3.606e-05, Loss_res: 1.394e-03,  Loss_bcs: 9.148e-06, Loss_ut_ics: 1.298e-03, lr: 1.000e-03, Time: 2.73e+03
Model state saved to ./results/models/checkpoints/schrodinger/qho/2025-09-16_19-56-00-999728/model.pth
Model state saved to ./results/models/checkpoints/schrodinger/qho/2025-09-16_19-56-00-999728/model_weights.pth
It: 1176, Loss: 4.338e-05, Loss_res: 2.397e-03,  Loss_bcs: 9.496e-06, Loss_ut_ics: 9.916e-04, lr: 1.000e-03, Time: 2.73e+03
Model state saved to ./results/models/checkpoints/schrodinger/qho/2025-09-16_19-56-00-999728/model.pth
Model state saved to ./results/models/checkpoints/schrodinger/qho/2025-09-16_19-56-00-999728/model_weights.pth
It: 1177, Loss: 4.280e-05, Loss_res: 2.017e-03,  Loss_bcs: 4.690e-06, Loss_ut_ics: 1.794e-03, lr: 1.000e-03, Time: 2.73e+03
Model state saved to ./results/models/checkpoints/schrodinger/qho/2025-09-16_19-56-00-999728/model.pth
Model state saved to ./results/models/checkpoints/schrodinger/qho/2025-09-16_19-56-00-999728/model_weights.pth
It: 1178, Loss: 2.933e-05, Loss_res: 2.336e-03,  Loss_bcs: 2.382e-06, Loss_ut_ics: 3.587e-04, lr: 1.000e-03, Time: 2.73e+03
Model state saved to ./results/models/checkpoints/schrodinger/qho/2025-09-16_19-56-00-999728/model.pth
Model state saved to ./results/models/checkpoints/schrodinger/qho/2025-09-16_19-56-00-999728/model_weights.pth
It: 1179, Loss: 3.007e-05, Loss_res: 1.905e-03,  Loss_bcs: 6.938e-06, Loss_ut_ics: 4.087e-04, lr: 1.000e-03, Time: 2.73e+03
Model state saved to ./results/models/checkpoints/schrodinger/qho/2025-09-16_19-56-00-999728/model.pth
Model state saved to ./results/models/checkpoints/schrodinger/qho/2025-09-16_19-56-00-999728/model_weights.pth
It: 1180, Loss: 4.532e-05, Loss_res: 1.920e-03,  Loss_bcs: 1.450e-05, Loss_ut_ics: 1.162e-03, lr: 1.000e-03, Time: 2.74e+03
Model state saved to ./results/models/checkpoints/schrodinger/qho/2025-09-16_19-56-00-999728/model.pth
Model state saved to ./results/models/checkpoints/schrodinger/qho/2025-09-16_19-56-00-999728/model_weights.pth
It: 1181, Loss: 3.274e-05, Loss_res: 2.433e-03,  Loss_bcs: 5.178e-06, Loss_ut_ics: 3.233e-04, lr: 1.000e-03, Time: 2.74e+03
Model state saved to ./results/models/checkpoints/schrodinger/qho/2025-09-16_19-56-00-999728/model.pth
Model state saved to ./results/models/checkpoints/schrodinger/qho/2025-09-16_19-56-00-999728/model_weights.pth
It: 1182, Loss: 4.671e-05, Loss_res: 2.632e-03,  Loss_bcs: 6.199e-06, Loss_ut_ics: 1.420e-03, lr: 1.000e-03, Time: 2.74e+03
Model state saved to ./results/models/checkpoints/schrodinger/qho/2025-09-16_19-56-00-999728/model.pth
Model state saved to ./results/models/checkpoints/schrodinger/qho/2025-09-16_19-56-00-999728/model_weights.pth
It: 1183, Loss: 3.183e-05, Loss_res: 1.815e-03,  Loss_bcs: 1.045e-05, Loss_ut_ics: 3.238e-04, lr: 1.000e-03, Time: 2.74e+03
Model state saved to ./results/models/checkpoints/schrodinger/qho/2025-09-16_19-56-00-999728/model.pth
Model state saved to ./results/models/checkpoints/schrodinger/qho/2025-09-16_19-56-00-999728/model_weights.pth
It: 1184, Loss: 3.919e-05, Loss_res: 2.356e-03,  Loss_bcs: 4.600e-06, Loss_ut_ics: 1.103e-03, lr: 1.000e-03, Time: 2.75e+03
Model state saved to ./results/models/checkpoints/schrodinger/qho/2025-09-16_19-56-00-999728/model.pth
Model state saved to ./results/models/checkpoints/schrodinger/qho/2025-09-16_19-56-00-999728/model_weights.pth
It: 1185, Loss: 4.356e-05, Loss_res: 2.279e-03,  Loss_bcs: 8.343e-06, Loss_ut_ics: 1.243e-03, lr: 1.000e-03, Time: 2.75e+03
Model state saved to ./results/models/checkpoints/schrodinger/qho/2025-09-16_19-56-00-999728/model.pth
Model state saved to ./results/models/checkpoints/schrodinger/qho/2025-09-16_19-56-00-999728/model_weights.pth
It: 1186, Loss: 3.867e-05, Loss_res: 1.562e-03,  Loss_bcs: 6.247e-06, Loss_ut_ics: 1.680e-03, lr: 1.000e-03, Time: 2.75e+03
Model state saved to ./results/models/checkpoints/schrodinger/qho/2025-09-16_19-56-00-999728/model.pth
Model state saved to ./results/models/checkpoints/schrodinger/qho/2025-09-16_19-56-00-999728/model_weights.pth
It: 1187, Loss: 4.757e-05, Loss_res: 2.508e-03,  Loss_bcs: 8.074e-06, Loss_ut_ics: 1.441e-03, lr: 1.000e-03, Time: 2.75e+03
Model state saved to ./results/models/checkpoints/schrodinger/qho/2025-09-16_19-56-00-999728/model.pth
Model state saved to ./results/models/checkpoints/schrodinger/qho/2025-09-16_19-56-00-999728/model_weights.pth
It: 1188, Loss: 4.648e-05, Loss_res: 3.420e-03,  Loss_bcs: 6.930e-06, Loss_ut_ics: 5.344e-04, lr: 1.000e-03, Time: 2.76e+03
Model state saved to ./results/models/checkpoints/schrodinger/qho/2025-09-16_19-56-00-999728/model.pth
Model state saved to ./results/models/checkpoints/schrodinger/qho/2025-09-16_19-56-00-999728/model_weights.pth
It: 1189, Loss: 4.702e-05, Loss_res: 2.078e-03,  Loss_bcs: 1.754e-05, Loss_ut_ics: 8.700e-04, lr: 1.000e-03, Time: 2.76e+03
Model state saved to ./results/models/checkpoints/schrodinger/qho/2025-09-16_19-56-00-999728/model.pth
Model state saved to ./results/models/checkpoints/schrodinger/qho/2025-09-16_19-56-00-999728/model_weights.pth
It: 1190, Loss: 5.356e-05, Loss_res: 2.246e-03,  Loss_bcs: 1.488e-05, Loss_ut_ics: 1.621e-03, lr: 1.000e-03, Time: 2.76e+03
Model state saved to ./results/models/checkpoints/schrodinger/qho/2025-09-16_19-56-00-999728/model.pth
Model state saved to ./results/models/checkpoints/schrodinger/qho/2025-09-16_19-56-00-999728/model_weights.pth
It: 1191, Loss: 4.070e-05, Loss_res: 2.343e-03,  Loss_bcs: 4.462e-06, Loss_ut_ics: 1.281e-03, lr: 1.000e-03, Time: 2.76e+03
Model state saved to ./results/models/checkpoints/schrodinger/qho/2025-09-16_19-56-00-999728/model.pth
Model state saved to ./results/models/checkpoints/schrodinger/qho/2025-09-16_19-56-00-999728/model_weights.pth
It: 1192, Loss: 3.797e-05, Loss_res: 2.775e-03,  Loss_bcs: 6.969e-06, Loss_ut_ics: 3.250e-04, lr: 1.000e-03, Time: 2.77e+03
Model state saved to ./results/models/checkpoints/schrodinger/qho/2025-09-16_19-56-00-999728/model.pth
Model state saved to ./results/models/checkpoints/schrodinger/qho/2025-09-16_19-56-00-999728/model_weights.pth
It: 1193, Loss: 4.058e-05, Loss_res: 3.059e-03,  Loss_bcs: 4.009e-06, Loss_ut_ics: 5.983e-04, lr: 1.000e-03, Time: 2.77e+03
Model state saved to ./results/models/checkpoints/schrodinger/qho/2025-09-16_19-56-00-999728/model.pth
Model state saved to ./results/models/checkpoints/schrodinger/qho/2025-09-16_19-56-00-999728/model_weights.pth
It: 1194, Loss: 5.091e-05, Loss_res: 1.999e-03,  Loss_bcs: 2.208e-05, Loss_ut_ics: 8.836e-04, lr: 1.000e-03, Time: 2.77e+03
Model state saved to ./results/models/checkpoints/schrodinger/qho/2025-09-16_19-56-00-999728/model.pth
Model state saved to ./results/models/checkpoints/schrodinger/qho/2025-09-16_19-56-00-999728/model_weights.pth
It: 1195, Loss: 3.772e-05, Loss_res: 2.025e-03,  Loss_bcs: 1.127e-05, Loss_ut_ics: 6.201e-04, lr: 1.000e-03, Time: 2.77e+03
Model state saved to ./results/models/checkpoints/schrodinger/qho/2025-09-16_19-56-00-999728/model.pth
Model state saved to ./results/models/checkpoints/schrodinger/qho/2025-09-16_19-56-00-999728/model_weights.pth
It: 1196, Loss: 6.249e-05, Loss_res: 4.582e-03,  Loss_bcs: 7.535e-06, Loss_ut_ics: 9.133e-04, lr: 1.000e-03, Time: 2.78e+03
Model state saved to ./results/models/checkpoints/schrodinger/qho/2025-09-16_19-56-00-999728/model.pth
Model state saved to ./results/models/checkpoints/schrodinger/qho/2025-09-16_19-56-00-999728/model_weights.pth
It: 1197, Loss: 3.602e-05, Loss_res: 2.115e-03,  Loss_bcs: 8.743e-06, Loss_ut_ics: 6.133e-04, lr: 1.000e-03, Time: 2.78e+03
Model state saved to ./results/models/checkpoints/schrodinger/qho/2025-09-16_19-56-00-999728/model.pth
Model state saved to ./results/models/checkpoints/schrodinger/qho/2025-09-16_19-56-00-999728/model_weights.pth
It: 1198, Loss: 3.599e-05, Loss_res: 1.503e-03,  Loss_bcs: 1.253e-05, Loss_ut_ics: 8.433e-04, lr: 1.000e-03, Time: 2.78e+03
Model state saved to ./results/models/checkpoints/schrodinger/qho/2025-09-16_19-56-00-999728/model.pth
Model state saved to ./results/models/checkpoints/schrodinger/qho/2025-09-16_19-56-00-999728/model_weights.pth
It: 1199, Loss: 3.173e-05, Loss_res: 1.590e-03,  Loss_bcs: 9.483e-06, Loss_ut_ics: 6.355e-04, lr: 1.000e-03, Time: 2.78e+03
Model state saved to ./results/models/checkpoints/schrodinger/qho/2025-09-16_19-56-00-999728/model.pth
Model state saved to ./results/models/checkpoints/schrodinger/qho/2025-09-16_19-56-00-999728/model_weights.pth
It: 1200, Loss: 3.707e-05, Loss_res: 2.716e-03,  Loss_bcs: 6.568e-06, Loss_ut_ics: 3.339e-04, lr: 1.000e-03, Time: 2.79e+03
Model state saved to ./results/models/checkpoints/schrodinger/qho/2025-09-16_19-56-00-999728/model.pth
Model state saved to ./results/models/checkpoints/schrodinger/qho/2025-09-16_19-56-00-999728/model_weights.pth
It: 1201, Loss: 3.099e-05, Loss_res: 1.820e-03,  Loss_bcs: 4.811e-06, Loss_ut_ics: 7.980e-04, lr: 1.000e-03, Time: 2.79e+03
Model state saved to ./results/models/checkpoints/schrodinger/qho/2025-09-16_19-56-00-999728/model.pth
Model state saved to ./results/models/checkpoints/schrodinger/qho/2025-09-16_19-56-00-999728/model_weights.pth
It: 1202, Loss: 3.171e-05, Loss_res: 2.074e-03,  Loss_bcs: 4.019e-06, Loss_ut_ics: 6.947e-04, lr: 1.000e-03, Time: 2.79e+03
Model state saved to ./results/models/checkpoints/schrodinger/qho/2025-09-16_19-56-00-999728/model.pth
Model state saved to ./results/models/checkpoints/schrodinger/qho/2025-09-16_19-56-00-999728/model_weights.pth
It: 1203, Loss: 2.925e-05, Loss_res: 2.355e-03,  Loss_bcs: 2.798e-06, Loss_ut_ics: 2.904e-04, lr: 1.000e-03, Time: 2.79e+03
Model state saved to ./results/models/checkpoints/schrodinger/qho/2025-09-16_19-56-00-999728/model.pth
Model state saved to ./results/models/checkpoints/schrodinger/qho/2025-09-16_19-56-00-999728/model_weights.pth
It: 1204, Loss: 4.633e-05, Loss_res: 2.520e-03,  Loss_bcs: 9.780e-06, Loss_ut_ics: 1.135e-03, lr: 1.000e-03, Time: 2.80e+03
Model state saved to ./results/models/checkpoints/schrodinger/qho/2025-09-16_19-56-00-999728/model.pth
Model state saved to ./results/models/checkpoints/schrodinger/qho/2025-09-16_19-56-00-999728/model_weights.pth
It: 1205, Loss: 4.219e-05, Loss_res: 1.700e-03,  Loss_bcs: 1.337e-05, Loss_ut_ics: 1.181e-03, lr: 1.000e-03, Time: 2.80e+03
Model state saved to ./results/models/checkpoints/schrodinger/qho/2025-09-16_19-56-00-999728/model.pth
Model state saved to ./results/models/checkpoints/schrodinger/qho/2025-09-16_19-56-00-999728/model_weights.pth
It: 1206, Loss: 3.613e-05, Loss_res: 2.043e-03,  Loss_bcs: 7.990e-06, Loss_ut_ics: 7.710e-04, lr: 1.000e-03, Time: 2.80e+03
Model state saved to ./results/models/checkpoints/schrodinger/qho/2025-09-16_19-56-00-999728/model.pth
Model state saved to ./results/models/checkpoints/schrodinger/qho/2025-09-16_19-56-00-999728/model_weights.pth
It: 1207, Loss: 3.871e-05, Loss_res: 2.520e-03,  Loss_bcs: 6.553e-06, Loss_ut_ics: 6.951e-04, lr: 1.000e-03, Time: 2.81e+03
Model state saved to ./results/models/checkpoints/schrodinger/qho/2025-09-16_19-56-00-999728/model.pth
Model state saved to ./results/models/checkpoints/schrodinger/qho/2025-09-16_19-56-00-999728/model_weights.pth
It: 1208, Loss: 5.174e-05, Loss_res: 3.303e-03,  Loss_bcs: 1.411e-05, Loss_ut_ics: 4.597e-04, lr: 1.000e-03, Time: 2.81e+03
Model state saved to ./results/models/checkpoints/schrodinger/qho/2025-09-16_19-56-00-999728/model.pth
Model state saved to ./results/models/checkpoints/schrodinger/qho/2025-09-16_19-56-00-999728/model_weights.pth
It: 1209, Loss: 3.995e-05, Loss_res: 2.099e-03,  Loss_bcs: 1.415e-05, Loss_ut_ics: 4.807e-04, lr: 1.000e-03, Time: 2.81e+03
Model state saved to ./results/models/checkpoints/schrodinger/qho/2025-09-16_19-56-00-999728/model.pth
Model state saved to ./results/models/checkpoints/schrodinger/qho/2025-09-16_19-56-00-999728/model_weights.pth
It: 1210, Loss: 6.984e-05, Loss_res: 2.142e-03,  Loss_bcs: 4.119e-05, Loss_ut_ics: 7.232e-04, lr: 1.000e-03, Time: 2.81e+03
Model state saved to ./results/models/checkpoints/schrodinger/qho/2025-09-16_19-56-00-999728/model.pth
Model state saved to ./results/models/checkpoints/schrodinger/qho/2025-09-16_19-56-00-999728/model_weights.pth
It: 1211, Loss: 4.137e-05, Loss_res: 2.665e-03,  Loss_bcs: 3.310e-06, Loss_ut_ics: 1.141e-03, lr: 1.000e-03, Time: 2.82e+03
Model state saved to ./results/models/checkpoints/schrodinger/qho/2025-09-16_19-56-00-999728/model.pth
Model state saved to ./results/models/checkpoints/schrodinger/qho/2025-09-16_19-56-00-999728/model_weights.pth
It: 1212, Loss: 6.487e-05, Loss_res: 4.305e-03,  Loss_bcs: 1.229e-05, Loss_ut_ics: 9.526e-04, lr: 1.000e-03, Time: 2.82e+03
Model state saved to ./results/models/checkpoints/schrodinger/qho/2025-09-16_19-56-00-999728/model.pth
Model state saved to ./results/models/checkpoints/schrodinger/qho/2025-09-16_19-56-00-999728/model_weights.pth
It: 1213, Loss: 3.951e-05, Loss_res: 2.342e-03,  Loss_bcs: 7.620e-06, Loss_ut_ics: 8.467e-04, lr: 1.000e-03, Time: 2.82e+03
Model state saved to ./results/models/checkpoints/schrodinger/qho/2025-09-16_19-56-00-999728/model.pth
Model state saved to ./results/models/checkpoints/schrodinger/qho/2025-09-16_19-56-00-999728/model_weights.pth
It: 1214, Loss: 5.269e-05, Loss_res: 2.642e-03,  Loss_bcs: 1.629e-05, Loss_ut_ics: 9.981e-04, lr: 1.000e-03, Time: 2.82e+03
Model state saved to ./results/models/checkpoints/schrodinger/qho/2025-09-16_19-56-00-999728/model.pth
Model state saved to ./results/models/checkpoints/schrodinger/qho/2025-09-16_19-56-00-999728/model_weights.pth
It: 1215, Loss: 4.409e-05, Loss_res: 1.838e-03,  Loss_bcs: 1.280e-05, Loss_ut_ics: 1.291e-03, lr: 1.000e-03, Time: 2.82e+03
Model state saved to ./results/models/checkpoints/schrodinger/qho/2025-09-16_19-56-00-999728/model.pth
Model state saved to ./results/models/checkpoints/schrodinger/qho/2025-09-16_19-56-00-999728/model_weights.pth
It: 1216, Loss: 2.516e-05, Loss_res: 1.740e-03,  Loss_bcs: 3.661e-06, Loss_ut_ics: 4.097e-04, lr: 1.000e-03, Time: 2.83e+03
Model state saved to ./results/models/checkpoints/schrodinger/qho/2025-09-16_19-56-00-999728/model.pth
Model state saved to ./results/models/checkpoints/schrodinger/qho/2025-09-16_19-56-00-999728/model_weights.pth
It: 1217, Loss: 6.386e-05, Loss_res: 3.052e-03,  Loss_bcs: 1.535e-05, Loss_ut_ics: 1.799e-03, lr: 1.000e-03, Time: 2.83e+03
Model state saved to ./results/models/checkpoints/schrodinger/qho/2025-09-16_19-56-00-999728/model.pth
Model state saved to ./results/models/checkpoints/schrodinger/qho/2025-09-16_19-56-00-999728/model_weights.pth
It: 1218, Loss: 4.460e-05, Loss_res: 3.198e-03,  Loss_bcs: 3.170e-06, Loss_ut_ics: 9.458e-04, lr: 1.000e-03, Time: 2.83e+03
Model state saved to ./results/models/checkpoints/schrodinger/qho/2025-09-16_19-56-00-999728/model.pth
Model state saved to ./results/models/checkpoints/schrodinger/qho/2025-09-16_19-56-00-999728/model_weights.pth
It: 1219, Loss: 4.394e-05, Loss_res: 1.765e-03,  Loss_bcs: 2.207e-05, Loss_ut_ics: 4.214e-04, lr: 1.000e-03, Time: 2.83e+03
Model state saved to ./results/models/checkpoints/schrodinger/qho/2025-09-16_19-56-00-999728/model.pth
Model state saved to ./results/models/checkpoints/schrodinger/qho/2025-09-16_19-56-00-999728/model_weights.pth
It: 1220, Loss: 4.935e-05, Loss_res: 2.193e-03,  Loss_bcs: 9.119e-06, Loss_ut_ics: 1.830e-03, lr: 1.000e-03, Time: 2.84e+03
Model state saved to ./results/models/checkpoints/schrodinger/qho/2025-09-16_19-56-00-999728/model.pth
Model state saved to ./results/models/checkpoints/schrodinger/qho/2025-09-16_19-56-00-999728/model_weights.pth
It: 1221, Loss: 4.582e-05, Loss_res: 3.376e-03,  Loss_bcs: 6.352e-06, Loss_ut_ics: 5.706e-04, lr: 1.000e-03, Time: 2.84e+03
Model state saved to ./results/models/checkpoints/schrodinger/qho/2025-09-16_19-56-00-999728/model.pth
Model state saved to ./results/models/checkpoints/schrodinger/qho/2025-09-16_19-56-00-999728/model_weights.pth
It: 1222, Loss: 3.196e-05, Loss_res: 2.016e-03,  Loss_bcs: 6.372e-06, Loss_ut_ics: 5.431e-04, lr: 1.000e-03, Time: 2.84e+03
Model state saved to ./results/models/checkpoints/schrodinger/qho/2025-09-16_19-56-00-999728/model.pth
Model state saved to ./results/models/checkpoints/schrodinger/qho/2025-09-16_19-56-00-999728/model_weights.pth
It: 1223, Loss: 3.092e-05, Loss_res: 1.486e-03,  Loss_bcs: 7.523e-06, Loss_ut_ics: 8.537e-04, lr: 1.000e-03, Time: 2.85e+03
Model state saved to ./results/models/checkpoints/schrodinger/qho/2025-09-16_19-56-00-999728/model.pth
Model state saved to ./results/models/checkpoints/schrodinger/qho/2025-09-16_19-56-00-999728/model_weights.pth
It: 1224, Loss: 4.055e-05, Loss_res: 1.619e-03,  Loss_bcs: 1.234e-05, Loss_ut_ics: 1.202e-03, lr: 1.000e-03, Time: 2.85e+03
Model state saved to ./results/models/checkpoints/schrodinger/qho/2025-09-16_19-56-00-999728/model.pth
Model state saved to ./results/models/checkpoints/schrodinger/qho/2025-09-16_19-56-00-999728/model_weights.pth
It: 1225, Loss: 3.532e-05, Loss_res: 1.844e-03,  Loss_bcs: 7.449e-06, Loss_ut_ics: 9.435e-04, lr: 1.000e-03, Time: 2.85e+03
Model state saved to ./results/models/checkpoints/schrodinger/qho/2025-09-16_19-56-00-999728/model.pth
Model state saved to ./results/models/checkpoints/schrodinger/qho/2025-09-16_19-56-00-999728/model_weights.pth
It: 1226, Loss: 5.237e-05, Loss_res: 3.102e-03,  Loss_bcs: 8.735e-06, Loss_ut_ics: 1.262e-03, lr: 1.000e-03, Time: 2.86e+03
Model state saved to ./results/models/checkpoints/schrodinger/qho/2025-09-16_19-56-00-999728/model.pth
Model state saved to ./results/models/checkpoints/schrodinger/qho/2025-09-16_19-56-00-999728/model_weights.pth
It: 1227, Loss: 2.713e-05, Loss_res: 2.177e-03,  Loss_bcs: 2.408e-06, Loss_ut_ics: 2.950e-04, lr: 1.000e-03, Time: 2.86e+03
Model state saved to ./results/models/checkpoints/schrodinger/qho/2025-09-16_19-56-00-999728/model.pth
Model state saved to ./results/models/checkpoints/schrodinger/qho/2025-09-16_19-56-00-999728/model_weights.pth
It: 1228, Loss: 4.453e-05, Loss_res: 2.559e-03,  Loss_bcs: 1.236e-05, Loss_ut_ics: 6.589e-04, lr: 1.000e-03, Time: 2.86e+03
Model state saved to ./results/models/checkpoints/schrodinger/qho/2025-09-16_19-56-00-999728/model.pth
Model state saved to ./results/models/checkpoints/schrodinger/qho/2025-09-16_19-56-00-999728/model_weights.pth
It: 1229, Loss: 4.631e-05, Loss_res: 2.208e-03,  Loss_bcs: 1.327e-05, Loss_ut_ics: 1.096e-03, lr: 1.000e-03, Time: 2.86e+03
Model state saved to ./results/models/checkpoints/schrodinger/qho/2025-09-16_19-56-00-999728/model.pth
Model state saved to ./results/models/checkpoints/schrodinger/qho/2025-09-16_19-56-00-999728/model_weights.pth
It: 1230, Loss: 2.569e-05, Loss_res: 1.877e-03,  Loss_bcs: 6.621e-06, Loss_ut_ics: 3.011e-05, lr: 1.000e-03, Time: 2.86e+03
Model state saved to ./results/models/checkpoints/schrodinger/qho/2025-09-16_19-56-00-999728/model.pth
Model state saved to ./results/models/checkpoints/schrodinger/qho/2025-09-16_19-56-00-999728/model_weights.pth
It: 1231, Loss: 4.455e-05, Loss_res: 2.780e-03,  Loss_bcs: 5.357e-06, Loss_ut_ics: 1.139e-03, lr: 1.000e-03, Time: 2.87e+03
Model state saved to ./results/models/checkpoints/schrodinger/qho/2025-09-16_19-56-00-999728/model.pth
Model state saved to ./results/models/checkpoints/schrodinger/qho/2025-09-16_19-56-00-999728/model_weights.pth
It: 1232, Loss: 3.638e-05, Loss_res: 1.995e-03,  Loss_bcs: 1.129e-05, Loss_ut_ics: 5.130e-04, lr: 1.000e-03, Time: 2.87e+03
Model state saved to ./results/models/checkpoints/schrodinger/qho/2025-09-16_19-56-00-999728/model.pth
Model state saved to ./results/models/checkpoints/schrodinger/qho/2025-09-16_19-56-00-999728/model_weights.pth
It: 1233, Loss: 4.863e-05, Loss_res: 2.270e-03,  Loss_bcs: 1.588e-05, Loss_ut_ics: 1.006e-03, lr: 1.000e-03, Time: 2.87e+03
Model state saved to ./results/models/checkpoints/schrodinger/qho/2025-09-16_19-56-00-999728/model.pth
Model state saved to ./results/models/checkpoints/schrodinger/qho/2025-09-16_19-56-00-999728/model_weights.pth
It: 1234, Loss: 3.553e-05, Loss_res: 2.029e-03,  Loss_bcs: 5.333e-06, Loss_ut_ics: 9.906e-04, lr: 1.000e-03, Time: 2.87e+03
Model state saved to ./results/models/checkpoints/schrodinger/qho/2025-09-16_19-56-00-999728/model.pth
Model state saved to ./results/models/checkpoints/schrodinger/qho/2025-09-16_19-56-00-999728/model_weights.pth
It: 1235, Loss: 4.093e-05, Loss_res: 3.075e-03,  Loss_bcs: 2.446e-06, Loss_ut_ics: 7.732e-04, lr: 1.000e-03, Time: 2.88e+03
Model state saved to ./results/models/checkpoints/schrodinger/qho/2025-09-16_19-56-00-999728/model.pth
Model state saved to ./results/models/checkpoints/schrodinger/qho/2025-09-16_19-56-00-999728/model_weights.pth
It: 1236, Loss: 4.022e-05, Loss_res: 2.032e-03,  Loss_bcs: 6.024e-06, Loss_ut_ics: 1.388e-03, lr: 1.000e-03, Time: 2.88e+03
Model state saved to ./results/models/checkpoints/schrodinger/qho/2025-09-16_19-56-00-999728/model.pth
Model state saved to ./results/models/checkpoints/schrodinger/qho/2025-09-16_19-56-00-999728/model_weights.pth
It: 1237, Loss: 4.980e-05, Loss_res: 1.917e-03,  Loss_bcs: 1.549e-05, Loss_ut_ics: 1.514e-03, lr: 1.000e-03, Time: 2.88e+03
Model state saved to ./results/models/checkpoints/schrodinger/qho/2025-09-16_19-56-00-999728/model.pth
Model state saved to ./results/models/checkpoints/schrodinger/qho/2025-09-16_19-56-00-999728/model_weights.pth
It: 1238, Loss: 4.152e-05, Loss_res: 2.412e-03,  Loss_bcs: 3.431e-06, Loss_ut_ics: 1.397e-03, lr: 1.000e-03, Time: 2.88e+03
Model state saved to ./results/models/checkpoints/schrodinger/qho/2025-09-16_19-56-00-999728/model.pth
Model state saved to ./results/models/checkpoints/schrodinger/qho/2025-09-16_19-56-00-999728/model_weights.pth
It: 1239, Loss: 3.421e-05, Loss_res: 2.102e-03,  Loss_bcs: 4.897e-06, Loss_ut_ics: 8.292e-04, lr: 1.000e-03, Time: 2.89e+03
Model state saved to ./results/models/checkpoints/schrodinger/qho/2025-09-16_19-56-00-999728/model.pth
Model state saved to ./results/models/checkpoints/schrodinger/qho/2025-09-16_19-56-00-999728/model_weights.pth
It: 1240, Loss: 3.943e-05, Loss_res: 1.722e-03,  Loss_bcs: 1.208e-05, Loss_ut_ics: 1.013e-03, lr: 1.000e-03, Time: 2.89e+03
Model state saved to ./results/models/checkpoints/schrodinger/qho/2025-09-16_19-56-00-999728/model.pth
Model state saved to ./results/models/checkpoints/schrodinger/qho/2025-09-16_19-56-00-999728/model_weights.pth
It: 1241, Loss: 3.377e-05, Loss_res: 1.913e-03,  Loss_bcs: 6.656e-06, Loss_ut_ics: 7.991e-04, lr: 1.000e-03, Time: 2.89e+03
Model state saved to ./results/models/checkpoints/schrodinger/qho/2025-09-16_19-56-00-999728/model.pth
Model state saved to ./results/models/checkpoints/schrodinger/qho/2025-09-16_19-56-00-999728/model_weights.pth
It: 1242, Loss: 4.803e-05, Loss_res: 2.873e-03,  Loss_bcs: 6.123e-06, Loss_ut_ics: 1.317e-03, lr: 1.000e-03, Time: 2.89e+03
Model state saved to ./results/models/checkpoints/schrodinger/qho/2025-09-16_19-56-00-999728/model.pth
Model state saved to ./results/models/checkpoints/schrodinger/qho/2025-09-16_19-56-00-999728/model_weights.pth
It: 1243, Loss: 4.320e-05, Loss_res: 2.112e-03,  Loss_bcs: 9.830e-06, Loss_ut_ics: 1.225e-03, lr: 1.000e-03, Time: 2.90e+03
Model state saved to ./results/models/checkpoints/schrodinger/qho/2025-09-16_19-56-00-999728/model.pth
Model state saved to ./results/models/checkpoints/schrodinger/qho/2025-09-16_19-56-00-999728/model_weights.pth
It: 1244, Loss: 3.050e-05, Loss_res: 1.642e-03,  Loss_bcs: 1.238e-05, Loss_ut_ics: 1.696e-04, lr: 1.000e-03, Time: 2.90e+03
Model state saved to ./results/models/checkpoints/schrodinger/qho/2025-09-16_19-56-00-999728/model.pth
Model state saved to ./results/models/checkpoints/schrodinger/qho/2025-09-16_19-56-00-999728/model_weights.pth
It: 1245, Loss: 4.519e-05, Loss_res: 1.581e-03,  Loss_bcs: 1.404e-05, Loss_ut_ics: 1.533e-03, lr: 1.000e-03, Time: 2.90e+03
Model state saved to ./results/models/checkpoints/schrodinger/qho/2025-09-16_19-56-00-999728/model.pth
Model state saved to ./results/models/checkpoints/schrodinger/qho/2025-09-16_19-56-00-999728/model_weights.pth
It: 1246, Loss: 3.950e-05, Loss_res: 2.035e-03,  Loss_bcs: 5.777e-06, Loss_ut_ics: 1.338e-03, lr: 1.000e-03, Time: 2.90e+03
Model state saved to ./results/models/checkpoints/schrodinger/qho/2025-09-16_19-56-00-999728/model.pth
Model state saved to ./results/models/checkpoints/schrodinger/qho/2025-09-16_19-56-00-999728/model_weights.pth
It: 1247, Loss: 5.937e-05, Loss_res: 4.424e-03,  Loss_bcs: 7.195e-06, Loss_ut_ics: 7.933e-04, lr: 1.000e-03, Time: 2.91e+03
Model state saved to ./results/models/checkpoints/schrodinger/qho/2025-09-16_19-56-00-999728/model.pth
Model state saved to ./results/models/checkpoints/schrodinger/qho/2025-09-16_19-56-00-999728/model_weights.pth
It: 1248, Loss: 4.529e-05, Loss_res: 1.409e-03,  Loss_bcs: 2.135e-05, Loss_ut_ics: 9.845e-04, lr: 1.000e-03, Time: 2.91e+03
Model state saved to ./results/models/checkpoints/schrodinger/qho/2025-09-16_19-56-00-999728/model.pth
Model state saved to ./results/models/checkpoints/schrodinger/qho/2025-09-16_19-56-00-999728/model_weights.pth
It: 1249, Loss: 5.497e-05, Loss_res: 1.803e-03,  Loss_bcs: 2.791e-05, Loss_ut_ics: 9.017e-04, lr: 1.000e-03, Time: 2.91e+03
Model state saved to ./results/models/checkpoints/schrodinger/qho/2025-09-16_19-56-00-999728/model.pth
Model state saved to ./results/models/checkpoints/schrodinger/qho/2025-09-16_19-56-00-999728/model_weights.pth
It: 1250, Loss: 5.137e-05, Loss_res: 3.292e-03,  Loss_bcs: 8.384e-06, Loss_ut_ics: 1.006e-03, lr: 1.000e-03, Time: 2.92e+03
Model state saved to ./results/models/checkpoints/schrodinger/qho/2025-09-16_19-56-00-999728/model.pth
Model state saved to ./results/models/checkpoints/schrodinger/qho/2025-09-16_19-56-00-999728/model_weights.pth
It: 1251, Loss: 6.283e-05, Loss_res: 3.452e-03,  Loss_bcs: 1.720e-05, Loss_ut_ics: 1.111e-03, lr: 1.000e-03, Time: 2.92e+03
Model state saved to ./results/models/checkpoints/schrodinger/qho/2025-09-16_19-56-00-999728/model.pth
Model state saved to ./results/models/checkpoints/schrodinger/qho/2025-09-16_19-56-00-999728/model_weights.pth
It: 1252, Loss: 3.515e-05, Loss_res: 2.340e-03,  Loss_bcs: 3.352e-06, Loss_ut_ics: 8.399e-04, lr: 1.000e-03, Time: 2.92e+03
Model state saved to ./results/models/checkpoints/schrodinger/qho/2025-09-16_19-56-00-999728/model.pth
Model state saved to ./results/models/checkpoints/schrodinger/qho/2025-09-16_19-56-00-999728/model_weights.pth
It: 1253, Loss: 4.721e-05, Loss_res: 1.591e-03,  Loss_bcs: 1.940e-05, Loss_ut_ics: 1.189e-03, lr: 1.000e-03, Time: 2.92e+03
Model state saved to ./results/models/checkpoints/schrodinger/qho/2025-09-16_19-56-00-999728/model.pth
Model state saved to ./results/models/checkpoints/schrodinger/qho/2025-09-16_19-56-00-999728/model_weights.pth
It: 1254, Loss: 4.128e-05, Loss_res: 1.869e-03,  Loss_bcs: 1.272e-05, Loss_ut_ics: 9.869e-04, lr: 1.000e-03, Time: 2.93e+03
Model state saved to ./results/models/checkpoints/schrodinger/qho/2025-09-16_19-56-00-999728/model.pth
Model state saved to ./results/models/checkpoints/schrodinger/qho/2025-09-16_19-56-00-999728/model_weights.pth
It: 1255, Loss: 5.861e-05, Loss_res: 3.812e-03,  Loss_bcs: 9.408e-06, Loss_ut_ics: 1.108e-03, lr: 1.000e-03, Time: 2.93e+03
Model state saved to ./results/models/checkpoints/schrodinger/qho/2025-09-16_19-56-00-999728/model.pth
Model state saved to ./results/models/checkpoints/schrodinger/qho/2025-09-16_19-56-00-999728/model_weights.pth
It: 1256, Loss: 3.972e-05, Loss_res: 1.919e-03,  Loss_bcs: 5.871e-06, Loss_ut_ics: 1.466e-03, lr: 1.000e-03, Time: 2.93e+03
Model state saved to ./results/models/checkpoints/schrodinger/qho/2025-09-16_19-56-00-999728/model.pth
Model state saved to ./results/models/checkpoints/schrodinger/qho/2025-09-16_19-56-00-999728/model_weights.pth
It: 1257, Loss: 2.942e-05, Loss_res: 1.924e-03,  Loss_bcs: 4.364e-06, Loss_ut_ics: 5.817e-04, lr: 1.000e-03, Time: 2.93e+03
Model state saved to ./results/models/checkpoints/schrodinger/qho/2025-09-16_19-56-00-999728/model.pth
Model state saved to ./results/models/checkpoints/schrodinger/qho/2025-09-16_19-56-00-999728/model_weights.pth
It: 1258, Loss: 3.781e-05, Loss_res: 1.380e-03,  Loss_bcs: 1.371e-05, Loss_ut_ics: 1.029e-03, lr: 1.000e-03, Time: 2.94e+03
Model state saved to ./results/models/checkpoints/schrodinger/qho/2025-09-16_19-56-00-999728/model.pth
Model state saved to ./results/models/checkpoints/schrodinger/qho/2025-09-16_19-56-00-999728/model_weights.pth
It: 1259, Loss: 3.606e-05, Loss_res: 1.794e-03,  Loss_bcs: 7.697e-06, Loss_ut_ics: 1.042e-03, lr: 1.000e-03, Time: 2.94e+03
Model state saved to ./results/models/checkpoints/schrodinger/qho/2025-09-16_19-56-00-999728/model.pth
Model state saved to ./results/models/checkpoints/schrodinger/qho/2025-09-16_19-56-00-999728/model_weights.pth
It: 1260, Loss: 3.503e-05, Loss_res: 2.523e-03,  Loss_bcs: 4.569e-06, Loss_ut_ics: 5.228e-04, lr: 1.000e-03, Time: 2.94e+03
Model state saved to ./results/models/checkpoints/schrodinger/qho/2025-09-16_19-56-00-999728/model.pth
Model state saved to ./results/models/checkpoints/schrodinger/qho/2025-09-16_19-56-00-999728/model_weights.pth
It: 1261, Loss: 3.956e-05, Loss_res: 2.166e-03,  Loss_bcs: 4.793e-06, Loss_ut_ics: 1.311e-03, lr: 1.000e-03, Time: 2.94e+03
Model state saved to ./results/models/checkpoints/schrodinger/qho/2025-09-16_19-56-00-999728/model.pth
Model state saved to ./results/models/checkpoints/schrodinger/qho/2025-09-16_19-56-00-999728/model_weights.pth
It: 1262, Loss: 3.958e-05, Loss_res: 1.914e-03,  Loss_bcs: 8.759e-06, Loss_ut_ics: 1.168e-03, lr: 1.000e-03, Time: 2.95e+03
Model state saved to ./results/models/checkpoints/schrodinger/qho/2025-09-16_19-56-00-999728/model.pth
Model state saved to ./results/models/checkpoints/schrodinger/qho/2025-09-16_19-56-00-999728/model_weights.pth
It: 1263, Loss: 5.295e-05, Loss_res: 1.904e-03,  Loss_bcs: 2.041e-05, Loss_ut_ics: 1.351e-03, lr: 1.000e-03, Time: 2.95e+03
Model state saved to ./results/models/checkpoints/schrodinger/qho/2025-09-16_19-56-00-999728/model.pth
Model state saved to ./results/models/checkpoints/schrodinger/qho/2025-09-16_19-56-00-999728/model_weights.pth
It: 1264, Loss: 4.337e-05, Loss_res: 2.230e-03,  Loss_bcs: 9.270e-06, Loss_ut_ics: 1.180e-03, lr: 1.000e-03, Time: 2.95e+03
Model state saved to ./results/models/checkpoints/schrodinger/qho/2025-09-16_19-56-00-999728/model.pth
Model state saved to ./results/models/checkpoints/schrodinger/qho/2025-09-16_19-56-00-999728/model_weights.pth
It: 1265, Loss: 4.173e-05, Loss_res: 2.648e-03,  Loss_bcs: 6.096e-06, Loss_ut_ics: 9.157e-04, lr: 1.000e-03, Time: 2.95e+03
Model state saved to ./results/models/checkpoints/schrodinger/qho/2025-09-16_19-56-00-999728/model.pth
Model state saved to ./results/models/checkpoints/schrodinger/qho/2025-09-16_19-56-00-999728/model_weights.pth
It: 1266, Loss: 4.090e-05, Loss_res: 2.517e-03,  Loss_bcs: 7.429e-06, Loss_ut_ics: 8.304e-04, lr: 1.000e-03, Time: 2.96e+03
Model state saved to ./results/models/checkpoints/schrodinger/qho/2025-09-16_19-56-00-999728/model.pth
Model state saved to ./results/models/checkpoints/schrodinger/qho/2025-09-16_19-56-00-999728/model_weights.pth
It: 1267, Loss: 3.770e-05, Loss_res: 2.360e-03,  Loss_bcs: 8.641e-06, Loss_ut_ics: 5.461e-04, lr: 1.000e-03, Time: 2.96e+03
Model state saved to ./results/models/checkpoints/schrodinger/qho/2025-09-16_19-56-00-999728/model.pth
Model state saved to ./results/models/checkpoints/schrodinger/qho/2025-09-16_19-56-00-999728/model_weights.pth
It: 1268, Loss: 5.214e-05, Loss_res: 2.067e-03,  Loss_bcs: 1.938e-05, Loss_ut_ics: 1.210e-03, lr: 1.000e-03, Time: 2.96e+03
Model state saved to ./results/models/checkpoints/schrodinger/qho/2025-09-16_19-56-00-999728/model.pth
Model state saved to ./results/models/checkpoints/schrodinger/qho/2025-09-16_19-56-00-999728/model_weights.pth
It: 1269, Loss: 2.827e-05, Loss_res: 1.971e-03,  Loss_bcs: 3.717e-06, Loss_ut_ics: 4.842e-04, lr: 1.000e-03, Time: 2.96e+03
Model state saved to ./results/models/checkpoints/schrodinger/qho/2025-09-16_19-56-00-999728/model.pth
Model state saved to ./results/models/checkpoints/schrodinger/qho/2025-09-16_19-56-00-999728/model_weights.pth
It: 1270, Loss: 4.755e-05, Loss_res: 3.442e-03,  Loss_bcs: 7.844e-06, Loss_ut_ics: 5.289e-04, lr: 1.000e-03, Time: 2.97e+03
Model state saved to ./results/models/checkpoints/schrodinger/qho/2025-09-16_19-56-00-999728/model.pth
Model state saved to ./results/models/checkpoints/schrodinger/qho/2025-09-16_19-56-00-999728/model_weights.pth
It: 1271, Loss: 3.232e-05, Loss_res: 1.744e-03,  Loss_bcs: 5.426e-06, Loss_ut_ics: 9.452e-04, lr: 1.000e-03, Time: 2.97e+03
Model state saved to ./results/models/checkpoints/schrodinger/qho/2025-09-16_19-56-00-999728/model.pth
Model state saved to ./results/models/checkpoints/schrodinger/qho/2025-09-16_19-56-00-999728/model_weights.pth
It: 1272, Loss: 4.248e-05, Loss_res: 1.758e-03,  Loss_bcs: 1.175e-05, Loss_ut_ics: 1.315e-03, lr: 1.000e-03, Time: 2.97e+03
Model state saved to ./results/models/checkpoints/schrodinger/qho/2025-09-16_19-56-00-999728/model.pth
Model state saved to ./results/models/checkpoints/schrodinger/qho/2025-09-16_19-56-00-999728/model_weights.pth
It: 1273, Loss: 3.077e-05, Loss_res: 1.600e-03,  Loss_bcs: 6.855e-06, Loss_ut_ics: 7.922e-04, lr: 1.000e-03, Time: 2.98e+03
Model state saved to ./results/models/checkpoints/schrodinger/qho/2025-09-16_19-56-00-999728/model.pth
Model state saved to ./results/models/checkpoints/schrodinger/qho/2025-09-16_19-56-00-999728/model_weights.pth
It: 1274, Loss: 4.270e-05, Loss_res: 2.533e-03,  Loss_bcs: 2.692e-06, Loss_ut_ics: 1.469e-03, lr: 1.000e-03, Time: 2.98e+03
Model state saved to ./results/models/checkpoints/schrodinger/qho/2025-09-16_19-56-00-999728/model.pth
Model state saved to ./results/models/checkpoints/schrodinger/qho/2025-09-16_19-56-00-999728/model_weights.pth
It: 1275, Loss: 3.759e-05, Loss_res: 2.733e-03,  Loss_bcs: 4.330e-06, Loss_ut_ics: 5.935e-04, lr: 1.000e-03, Time: 2.98e+03
Model state saved to ./results/models/checkpoints/schrodinger/qho/2025-09-16_19-56-00-999728/model.pth
Model state saved to ./results/models/checkpoints/schrodinger/qho/2025-09-16_19-56-00-999728/model_weights.pth
It: 1276, Loss: 3.422e-05, Loss_res: 1.799e-03,  Loss_bcs: 9.197e-06, Loss_ut_ics: 7.033e-04, lr: 1.000e-03, Time: 2.98e+03
Model state saved to ./results/models/checkpoints/schrodinger/qho/2025-09-16_19-56-00-999728/model.pth
Model state saved to ./results/models/checkpoints/schrodinger/qho/2025-09-16_19-56-00-999728/model_weights.pth
It: 1277, Loss: 3.281e-05, Loss_res: 1.490e-03,  Loss_bcs: 1.066e-05, Loss_ut_ics: 7.250e-04, lr: 1.000e-03, Time: 2.99e+03
Model state saved to ./results/models/checkpoints/schrodinger/qho/2025-09-16_19-56-00-999728/model.pth
Model state saved to ./results/models/checkpoints/schrodinger/qho/2025-09-16_19-56-00-999728/model_weights.pth
It: 1278, Loss: 3.311e-05, Loss_res: 2.216e-03,  Loss_bcs: 2.535e-06, Loss_ut_ics: 8.414e-04, lr: 1.000e-03, Time: 2.99e+03
Model state saved to ./results/models/checkpoints/schrodinger/qho/2025-09-16_19-56-00-999728/model.pth
Model state saved to ./results/models/checkpoints/schrodinger/qho/2025-09-16_19-56-00-999728/model_weights.pth
It: 1279, Loss: 4.148e-05, Loss_res: 3.159e-03,  Loss_bcs: 4.930e-06, Loss_ut_ics: 4.963e-04, lr: 1.000e-03, Time: 2.99e+03
Model state saved to ./results/models/checkpoints/schrodinger/qho/2025-09-16_19-56-00-999728/model.pth
Model state saved to ./results/models/checkpoints/schrodinger/qho/2025-09-16_19-56-00-999728/model_weights.pth
It: 1280, Loss: 2.867e-05, Loss_res: 2.119e-03,  Loss_bcs: 2.810e-06, Loss_ut_ics: 4.663e-04, lr: 1.000e-03, Time: 2.99e+03
Model state saved to ./results/models/checkpoints/schrodinger/qho/2025-09-16_19-56-00-999728/model.pth
Model state saved to ./results/models/checkpoints/schrodinger/qho/2025-09-16_19-56-00-999728/model_weights.pth
It: 1281, Loss: 4.410e-05, Loss_res: 1.594e-03,  Loss_bcs: 1.046e-05, Loss_ut_ics: 1.770e-03, lr: 1.000e-03, Time: 3.00e+03
Model state saved to ./results/models/checkpoints/schrodinger/qho/2025-09-16_19-56-00-999728/model.pth
Model state saved to ./results/models/checkpoints/schrodinger/qho/2025-09-16_19-56-00-999728/model_weights.pth
It: 1282, Loss: 3.546e-05, Loss_res: 1.020e-03,  Loss_bcs: 1.297e-05, Loss_ut_ics: 1.230e-03, lr: 1.000e-03, Time: 3.00e+03
Model state saved to ./results/models/checkpoints/schrodinger/qho/2025-09-16_19-56-00-999728/model.pth
Model state saved to ./results/models/checkpoints/schrodinger/qho/2025-09-16_19-56-00-999728/model_weights.pth
It: 1283, Loss: 3.015e-05, Loss_res: 1.619e-03,  Loss_bcs: 2.303e-06, Loss_ut_ics: 1.165e-03, lr: 1.000e-03, Time: 3.00e+03
Model state saved to ./results/models/checkpoints/schrodinger/qho/2025-09-16_19-56-00-999728/model.pth
Model state saved to ./results/models/checkpoints/schrodinger/qho/2025-09-16_19-56-00-999728/model_weights.pth
It: 1284, Loss: 4.255e-05, Loss_res: 3.063e-03,  Loss_bcs: 5.942e-06, Loss_ut_ics: 5.976e-04, lr: 1.000e-03, Time: 3.01e+03
Model state saved to ./results/models/checkpoints/schrodinger/qho/2025-09-16_19-56-00-999728/model.pth
Model state saved to ./results/models/checkpoints/schrodinger/qho/2025-09-16_19-56-00-999728/model_weights.pth
It: 1285, Loss: 3.288e-05, Loss_res: 2.820e-03,  Loss_bcs: 2.289e-06, Loss_ut_ics: 2.392e-04, lr: 1.000e-03, Time: 3.01e+03
Model state saved to ./results/models/checkpoints/schrodinger/qho/2025-09-16_19-56-00-999728/model.pth
Model state saved to ./results/models/checkpoints/schrodinger/qho/2025-09-16_19-56-00-999728/model_weights.pth
It: 1286, Loss: 4.709e-05, Loss_res: 1.785e-03,  Loss_bcs: 1.702e-05, Loss_ut_ics: 1.222e-03, lr: 1.000e-03, Time: 3.01e+03
Model state saved to ./results/models/checkpoints/schrodinger/qho/2025-09-16_19-56-00-999728/model.pth
Model state saved to ./results/models/checkpoints/schrodinger/qho/2025-09-16_19-56-00-999728/model_weights.pth
It: 1287, Loss: 4.736e-05, Loss_res: 1.699e-03,  Loss_bcs: 1.842e-05, Loss_ut_ics: 1.195e-03, lr: 1.000e-03, Time: 3.01e+03
Model state saved to ./results/models/checkpoints/schrodinger/qho/2025-09-16_19-56-00-999728/model.pth
Model state saved to ./results/models/checkpoints/schrodinger/qho/2025-09-16_19-56-00-999728/model_weights.pth
It: 1288, Loss: 3.633e-05, Loss_res: 1.831e-03,  Loss_bcs: 7.802e-06, Loss_ut_ics: 1.022e-03, lr: 1.000e-03, Time: 3.02e+03
Model state saved to ./results/models/checkpoints/schrodinger/qho/2025-09-16_19-56-00-999728/model.pth
Model state saved to ./results/models/checkpoints/schrodinger/qho/2025-09-16_19-56-00-999728/model_weights.pth
It: 1289, Loss: 3.802e-05, Loss_res: 2.465e-03,  Loss_bcs: 7.522e-06, Loss_ut_ics: 5.844e-04, lr: 1.000e-03, Time: 3.02e+03
Model state saved to ./results/models/checkpoints/schrodinger/qho/2025-09-16_19-56-00-999728/model.pth
Model state saved to ./results/models/checkpoints/schrodinger/qho/2025-09-16_19-56-00-999728/model_weights.pth
It: 1290, Loss: 2.326e-05, Loss_res: 1.405e-03,  Loss_bcs: 7.514e-06, Loss_ut_ics: 1.692e-04, lr: 1.000e-03, Time: 3.02e+03
Model state saved to ./results/models/checkpoints/schrodinger/qho/2025-09-16_19-56-00-999728/model.pth
Model state saved to ./results/models/checkpoints/schrodinger/qho/2025-09-16_19-56-00-999728/model_weights.pth
It: 1291, Loss: 3.889e-05, Loss_res: 1.781e-03,  Loss_bcs: 1.415e-05, Loss_ut_ics: 6.930e-04, lr: 1.000e-03, Time: 3.02e+03
Model state saved to ./results/models/checkpoints/schrodinger/qho/2025-09-16_19-56-00-999728/model.pth
Model state saved to ./results/models/checkpoints/schrodinger/qho/2025-09-16_19-56-00-999728/model_weights.pth
It: 1292, Loss: 3.148e-05, Loss_res: 1.248e-03,  Loss_bcs: 3.137e-06, Loss_ut_ics: 1.587e-03, lr: 1.000e-03, Time: 3.03e+03
Model state saved to ./results/models/checkpoints/schrodinger/qho/2025-09-16_19-56-00-999728/model.pth
Model state saved to ./results/models/checkpoints/schrodinger/qho/2025-09-16_19-56-00-999728/model_weights.pth
It: 1293, Loss: 3.554e-05, Loss_res: 2.129e-03,  Loss_bcs: 5.173e-06, Loss_ut_ics: 9.080e-04, lr: 1.000e-03, Time: 3.03e+03
Model state saved to ./results/models/checkpoints/schrodinger/qho/2025-09-16_19-56-00-999728/model.pth
Model state saved to ./results/models/checkpoints/schrodinger/qho/2025-09-16_19-56-00-999728/model_weights.pth
It: 1294, Loss: 3.723e-05, Loss_res: 2.386e-03,  Loss_bcs: 4.106e-06, Loss_ut_ics: 9.261e-04, lr: 1.000e-03, Time: 3.03e+03
Model state saved to ./results/models/checkpoints/schrodinger/qho/2025-09-16_19-56-00-999728/model.pth
Model state saved to ./results/models/checkpoints/schrodinger/qho/2025-09-16_19-56-00-999728/model_weights.pth
It: 1295, Loss: 3.407e-05, Loss_res: 1.842e-03,  Loss_bcs: 5.812e-06, Loss_ut_ics: 9.839e-04, lr: 1.000e-03, Time: 3.03e+03
Model state saved to ./results/models/checkpoints/schrodinger/qho/2025-09-16_19-56-00-999728/model.pth
Model state saved to ./results/models/checkpoints/schrodinger/qho/2025-09-16_19-56-00-999728/model_weights.pth
It: 1296, Loss: 2.526e-05, Loss_res: 1.510e-03,  Loss_bcs: 3.192e-06, Loss_ut_ics: 6.968e-04, lr: 1.000e-03, Time: 3.04e+03
Model state saved to ./results/models/checkpoints/schrodinger/qho/2025-09-16_19-56-00-999728/model.pth
Model state saved to ./results/models/checkpoints/schrodinger/qho/2025-09-16_19-56-00-999728/model_weights.pth
It: 1297, Loss: 2.932e-05, Loss_res: 2.364e-03,  Loss_bcs: 3.092e-06, Loss_ut_ics: 2.585e-04, lr: 1.000e-03, Time: 3.04e+03
Model state saved to ./results/models/checkpoints/schrodinger/qho/2025-09-16_19-56-00-999728/model.pth
Model state saved to ./results/models/checkpoints/schrodinger/qho/2025-09-16_19-56-00-999728/model_weights.pth
It: 1298, Loss: 3.103e-05, Loss_res: 2.094e-03,  Loss_bcs: 4.534e-06, Loss_ut_ics: 5.557e-04, lr: 1.000e-03, Time: 3.04e+03
Model state saved to ./results/models/checkpoints/schrodinger/qho/2025-09-16_19-56-00-999728/model.pth
Model state saved to ./results/models/checkpoints/schrodinger/qho/2025-09-16_19-56-00-999728/model_weights.pth
It: 1299, Loss: 4.127e-05, Loss_res: 2.908e-03,  Loss_bcs: 1.826e-06, Loss_ut_ics: 1.036e-03, lr: 1.000e-03, Time: 3.04e+03
Model state saved to ./results/models/checkpoints/schrodinger/qho/2025-09-16_19-56-00-999728/model.pth
Model state saved to ./results/models/checkpoints/schrodinger/qho/2025-09-16_19-56-00-999728/model_weights.pth
It: 1300, Loss: 3.479e-05, Loss_res: 1.490e-03,  Loss_bcs: 7.734e-06, Loss_ut_ics: 1.216e-03, lr: 1.000e-03, Time: 3.05e+03
Model state saved to ./results/models/checkpoints/schrodinger/qho/2025-09-16_19-56-00-999728/model.pth
Model state saved to ./results/models/checkpoints/schrodinger/qho/2025-09-16_19-56-00-999728/model_weights.pth
It: 1301, Loss: 3.301e-05, Loss_res: 1.853e-03,  Loss_bcs: 4.383e-06, Loss_ut_ics: 1.010e-03, lr: 1.000e-03, Time: 3.05e+03
Model state saved to ./results/models/checkpoints/schrodinger/qho/2025-09-16_19-56-00-999728/model.pth
Model state saved to ./results/models/checkpoints/schrodinger/qho/2025-09-16_19-56-00-999728/model_weights.pth
It: 1302, Loss: 4.161e-05, Loss_res: 1.862e-03,  Loss_bcs: 4.430e-06, Loss_ut_ics: 1.857e-03, lr: 1.000e-03, Time: 3.05e+03
Model state saved to ./results/models/checkpoints/schrodinger/qho/2025-09-16_19-56-00-999728/model.pth
Model state saved to ./results/models/checkpoints/schrodinger/qho/2025-09-16_19-56-00-999728/model_weights.pth
It: 1303, Loss: 3.468e-05, Loss_res: 2.062e-03,  Loss_bcs: 7.476e-06, Loss_ut_ics: 6.592e-04, lr: 1.000e-03, Time: 3.05e+03
Model state saved to ./results/models/checkpoints/schrodinger/qho/2025-09-16_19-56-00-999728/model.pth
Model state saved to ./results/models/checkpoints/schrodinger/qho/2025-09-16_19-56-00-999728/model_weights.pth
It: 1304, Loss: 2.905e-05, Loss_res: 1.945e-03,  Loss_bcs: 3.390e-06, Loss_ut_ics: 6.212e-04, lr: 1.000e-03, Time: 3.06e+03
Model state saved to ./results/models/checkpoints/schrodinger/qho/2025-09-16_19-56-00-999728/model.pth
Model state saved to ./results/models/checkpoints/schrodinger/qho/2025-09-16_19-56-00-999728/model_weights.pth
It: 1305, Loss: 4.118e-05, Loss_res: 2.285e-03,  Loss_bcs: 6.423e-06, Loss_ut_ics: 1.191e-03, lr: 1.000e-03, Time: 3.06e+03
Model state saved to ./results/models/checkpoints/schrodinger/qho/2025-09-16_19-56-00-999728/model.pth
Model state saved to ./results/models/checkpoints/schrodinger/qho/2025-09-16_19-56-00-999728/model_weights.pth
It: 1306, Loss: 3.640e-05, Loss_res: 2.565e-03,  Loss_bcs: 4.602e-06, Loss_ut_ics: 6.143e-04, lr: 1.000e-03, Time: 3.06e+03
Model state saved to ./results/models/checkpoints/schrodinger/qho/2025-09-16_19-56-00-999728/model.pth
Model state saved to ./results/models/checkpoints/schrodinger/qho/2025-09-16_19-56-00-999728/model_weights.pth
It: 1307, Loss: 3.540e-05, Loss_res: 2.228e-03,  Loss_bcs: 4.778e-06, Loss_ut_ics: 8.344e-04, lr: 1.000e-03, Time: 3.06e+03
Model state saved to ./results/models/checkpoints/schrodinger/qho/2025-09-16_19-56-00-999728/model.pth
Model state saved to ./results/models/checkpoints/schrodinger/qho/2025-09-16_19-56-00-999728/model_weights.pth
It: 1308, Loss: 2.348e-05, Loss_res: 1.431e-03,  Loss_bcs: 3.429e-06, Loss_ut_ics: 5.734e-04, lr: 1.000e-03, Time: 3.07e+03
Model state saved to ./results/models/checkpoints/schrodinger/qho/2025-09-16_19-56-00-999728/model.pth
Model state saved to ./results/models/checkpoints/schrodinger/qho/2025-09-16_19-56-00-999728/model_weights.pth
It: 1309, Loss: 3.312e-05, Loss_res: 1.426e-03,  Loss_bcs: 1.246e-05, Loss_ut_ics: 6.406e-04, lr: 1.000e-03, Time: 3.07e+03
Model state saved to ./results/models/checkpoints/schrodinger/qho/2025-09-16_19-56-00-999728/model.pth
Model state saved to ./results/models/checkpoints/schrodinger/qho/2025-09-16_19-56-00-999728/model_weights.pth
It: 1310, Loss: 4.365e-05, Loss_res: 2.311e-03,  Loss_bcs: 8.730e-06, Loss_ut_ics: 1.181e-03, lr: 1.000e-03, Time: 3.07e+03
Model state saved to ./results/models/checkpoints/schrodinger/qho/2025-09-16_19-56-00-999728/model.pth
Model state saved to ./results/models/checkpoints/schrodinger/qho/2025-09-16_19-56-00-999728/model_weights.pth
It: 1311, Loss: 3.174e-05, Loss_res: 2.110e-03,  Loss_bcs: 4.046e-06, Loss_ut_ics: 6.585e-04, lr: 1.000e-03, Time: 3.07e+03
Model state saved to ./results/models/checkpoints/schrodinger/qho/2025-09-16_19-56-00-999728/model.pth
Model state saved to ./results/models/checkpoints/schrodinger/qho/2025-09-16_19-56-00-999728/model_weights.pth
It: 1312, Loss: 3.160e-05, Loss_res: 1.709e-03,  Loss_bcs: 3.897e-06, Loss_ut_ics: 1.062e-03, lr: 1.000e-03, Time: 3.08e+03
Model state saved to ./results/models/checkpoints/schrodinger/qho/2025-09-16_19-56-00-999728/model.pth
Model state saved to ./results/models/checkpoints/schrodinger/qho/2025-09-16_19-56-00-999728/model_weights.pth
It: 1313, Loss: 4.308e-05, Loss_res: 2.761e-03,  Loss_bcs: 6.114e-06, Loss_ut_ics: 9.356e-04, lr: 1.000e-03, Time: 3.08e+03
Model state saved to ./results/models/checkpoints/schrodinger/qho/2025-09-16_19-56-00-999728/model.pth
Model state saved to ./results/models/checkpoints/schrodinger/qho/2025-09-16_19-56-00-999728/model_weights.pth
It: 1314, Loss: 4.248e-05, Loss_res: 2.053e-03,  Loss_bcs: 1.458e-05, Loss_ut_ics: 7.368e-04, lr: 1.000e-03, Time: 3.08e+03
Model state saved to ./results/models/checkpoints/schrodinger/qho/2025-09-16_19-56-00-999728/model.pth
Model state saved to ./results/models/checkpoints/schrodinger/qho/2025-09-16_19-56-00-999728/model_weights.pth
It: 1315, Loss: 2.518e-05, Loss_res: 1.491e-03,  Loss_bcs: 4.058e-06, Loss_ut_ics: 6.208e-04, lr: 1.000e-03, Time: 3.08e+03
Model state saved to ./results/models/checkpoints/schrodinger/qho/2025-09-16_19-56-00-999728/model.pth
Model state saved to ./results/models/checkpoints/schrodinger/qho/2025-09-16_19-56-00-999728/model_weights.pth
It: 1316, Loss: 3.077e-05, Loss_res: 2.410e-03,  Loss_bcs: 4.601e-06, Loss_ut_ics: 2.069e-04, lr: 1.000e-03, Time: 3.09e+03
Model state saved to ./results/models/checkpoints/schrodinger/qho/2025-09-16_19-56-00-999728/model.pth
Model state saved to ./results/models/checkpoints/schrodinger/qho/2025-09-16_19-56-00-999728/model_weights.pth
It: 1317, Loss: 3.554e-05, Loss_res: 2.400e-03,  Loss_bcs: 8.336e-06, Loss_ut_ics: 3.206e-04, lr: 1.000e-03, Time: 3.09e+03
Model state saved to ./results/models/checkpoints/schrodinger/qho/2025-09-16_19-56-00-999728/model.pth
Model state saved to ./results/models/checkpoints/schrodinger/qho/2025-09-16_19-56-00-999728/model_weights.pth
It: 1318, Loss: 4.126e-05, Loss_res: 2.157e-03,  Loss_bcs: 6.723e-06, Loss_ut_ics: 1.296e-03, lr: 1.000e-03, Time: 3.09e+03
Model state saved to ./results/models/checkpoints/schrodinger/qho/2025-09-16_19-56-00-999728/model.pth
Model state saved to ./results/models/checkpoints/schrodinger/qho/2025-09-16_19-56-00-999728/model_weights.pth
It: 1319, Loss: 3.116e-05, Loss_res: 1.954e-03,  Loss_bcs: 4.229e-06, Loss_ut_ics: 7.391e-04, lr: 1.000e-03, Time: 3.10e+03
Model state saved to ./results/models/checkpoints/schrodinger/qho/2025-09-16_19-56-00-999728/model.pth
Model state saved to ./results/models/checkpoints/schrodinger/qho/2025-09-16_19-56-00-999728/model_weights.pth
It: 1320, Loss: 3.404e-05, Loss_res: 2.076e-03,  Loss_bcs: 2.645e-06, Loss_ut_ics: 1.063e-03, lr: 1.000e-03, Time: 3.10e+03
Model state saved to ./results/models/checkpoints/schrodinger/qho/2025-09-16_19-56-00-999728/model.pth
Model state saved to ./results/models/checkpoints/schrodinger/qho/2025-09-16_19-56-00-999728/model_weights.pth
It: 1321, Loss: 2.689e-05, Loss_res: 1.611e-03,  Loss_bcs: 5.679e-06, Loss_ut_ics: 5.099e-04, lr: 1.000e-03, Time: 3.10e+03
Model state saved to ./results/models/checkpoints/schrodinger/qho/2025-09-16_19-56-00-999728/model.pth
Model state saved to ./results/models/checkpoints/schrodinger/qho/2025-09-16_19-56-00-999728/model_weights.pth
It: 1322, Loss: 3.481e-05, Loss_res: 2.317e-03,  Loss_bcs: 6.142e-06, Loss_ut_ics: 5.503e-04, lr: 1.000e-03, Time: 3.10e+03
Model state saved to ./results/models/checkpoints/schrodinger/qho/2025-09-16_19-56-00-999728/model.pth
Model state saved to ./results/models/checkpoints/schrodinger/qho/2025-09-16_19-56-00-999728/model_weights.pth
It: 1323, Loss: 2.616e-05, Loss_res: 1.900e-03,  Loss_bcs: 2.761e-06, Loss_ut_ics: 4.392e-04, lr: 1.000e-03, Time: 3.10e+03
Model state saved to ./results/models/checkpoints/schrodinger/qho/2025-09-16_19-56-00-999728/model.pth
Model state saved to ./results/models/checkpoints/schrodinger/qho/2025-09-16_19-56-00-999728/model_weights.pth
It: 1324, Loss: 3.756e-05, Loss_res: 1.972e-03,  Loss_bcs: 6.502e-06, Loss_ut_ics: 1.134e-03, lr: 1.000e-03, Time: 3.11e+03
Model state saved to ./results/models/checkpoints/schrodinger/qho/2025-09-16_19-56-00-999728/model.pth
Model state saved to ./results/models/checkpoints/schrodinger/qho/2025-09-16_19-56-00-999728/model_weights.pth
It: 1325, Loss: 3.923e-05, Loss_res: 2.202e-03,  Loss_bcs: 8.603e-06, Loss_ut_ics: 8.613e-04, lr: 1.000e-03, Time: 3.11e+03
Model state saved to ./results/models/checkpoints/schrodinger/qho/2025-09-16_19-56-00-999728/model.pth
Model state saved to ./results/models/checkpoints/schrodinger/qho/2025-09-16_19-56-00-999728/model_weights.pth
It: 1326, Loss: 3.793e-05, Loss_res: 2.183e-03,  Loss_bcs: 4.091e-06, Loss_ut_ics: 1.201e-03, lr: 1.000e-03, Time: 3.11e+03
Model state saved to ./results/models/checkpoints/schrodinger/qho/2025-09-16_19-56-00-999728/model.pth
Model state saved to ./results/models/checkpoints/schrodinger/qho/2025-09-16_19-56-00-999728/model_weights.pth
It: 1327, Loss: 3.595e-05, Loss_res: 1.919e-03,  Loss_bcs: 6.225e-06, Loss_ut_ics: 1.054e-03, lr: 1.000e-03, Time: 3.11e+03
Model state saved to ./results/models/checkpoints/schrodinger/qho/2025-09-16_19-56-00-999728/model.pth
Model state saved to ./results/models/checkpoints/schrodinger/qho/2025-09-16_19-56-00-999728/model_weights.pth
It: 1328, Loss: 3.868e-05, Loss_res: 2.484e-03,  Loss_bcs: 9.108e-06, Loss_ut_ics: 4.735e-04, lr: 1.000e-03, Time: 3.12e+03
Model state saved to ./results/models/checkpoints/schrodinger/qho/2025-09-16_19-56-00-999728/model.pth
Model state saved to ./results/models/checkpoints/schrodinger/qho/2025-09-16_19-56-00-999728/model_weights.pth
It: 1329, Loss: 2.751e-05, Loss_res: 2.013e-03,  Loss_bcs: 5.276e-06, Loss_ut_ics: 2.103e-04, lr: 1.000e-03, Time: 3.12e+03
Model state saved to ./results/models/checkpoints/schrodinger/qho/2025-09-16_19-56-00-999728/model.pth
Model state saved to ./results/models/checkpoints/schrodinger/qho/2025-09-16_19-56-00-999728/model_weights.pth
It: 1330, Loss: 2.898e-05, Loss_res: 2.104e-03,  Loss_bcs: 2.229e-06, Loss_ut_ics: 5.710e-04, lr: 1.000e-03, Time: 3.12e+03
Model state saved to ./results/models/checkpoints/schrodinger/qho/2025-09-16_19-56-00-999728/model.pth
Model state saved to ./results/models/checkpoints/schrodinger/qho/2025-09-16_19-56-00-999728/model_weights.pth
It: 1331, Loss: 4.050e-05, Loss_res: 2.070e-03,  Loss_bcs: 1.112e-05, Loss_ut_ics: 8.675e-04, lr: 1.000e-03, Time: 3.12e+03
Model state saved to ./results/models/checkpoints/schrodinger/qho/2025-09-16_19-56-00-999728/model.pth
Model state saved to ./results/models/checkpoints/schrodinger/qho/2025-09-16_19-56-00-999728/model_weights.pth
It: 1332, Loss: 4.071e-05, Loss_res: 1.921e-03,  Loss_bcs: 1.487e-05, Loss_ut_ics: 6.625e-04, lr: 1.000e-03, Time: 3.13e+03
Model state saved to ./results/models/checkpoints/schrodinger/qho/2025-09-16_19-56-00-999728/model.pth
Model state saved to ./results/models/checkpoints/schrodinger/qho/2025-09-16_19-56-00-999728/model_weights.pth
It: 1333, Loss: 2.192e-05, Loss_res: 1.267e-03,  Loss_bcs: 4.037e-06, Loss_ut_ics: 5.218e-04, lr: 1.000e-03, Time: 3.13e+03
Model state saved to ./results/models/checkpoints/schrodinger/qho/2025-09-16_19-56-00-999728/model.pth
Model state saved to ./results/models/checkpoints/schrodinger/qho/2025-09-16_19-56-00-999728/model_weights.pth
It: 1334, Loss: 4.016e-05, Loss_res: 2.351e-03,  Loss_bcs: 4.843e-06, Loss_ut_ics: 1.181e-03, lr: 1.000e-03, Time: 3.13e+03
Model state saved to ./results/models/checkpoints/schrodinger/qho/2025-09-16_19-56-00-999728/model.pth
Model state saved to ./results/models/checkpoints/schrodinger/qho/2025-09-16_19-56-00-999728/model_weights.pth
It: 1335, Loss: 3.515e-05, Loss_res: 2.537e-03,  Loss_bcs: 3.022e-06, Loss_ut_ics: 6.758e-04, lr: 1.000e-03, Time: 3.13e+03
Model state saved to ./results/models/checkpoints/schrodinger/qho/2025-09-16_19-56-00-999728/model.pth
Model state saved to ./results/models/checkpoints/schrodinger/qho/2025-09-16_19-56-00-999728/model_weights.pth
It: 1336, Loss: 3.788e-05, Loss_res: 1.728e-03,  Loss_bcs: 1.706e-05, Loss_ut_ics: 3.536e-04, lr: 1.000e-03, Time: 3.14e+03
Model state saved to ./results/models/checkpoints/schrodinger/qho/2025-09-16_19-56-00-999728/model.pth
Model state saved to ./results/models/checkpoints/schrodinger/qho/2025-09-16_19-56-00-999728/model_weights.pth
It: 1337, Loss: 3.913e-05, Loss_res: 1.336e-03,  Loss_bcs: 1.482e-05, Loss_ut_ics: 1.095e-03, lr: 1.000e-03, Time: 3.14e+03
Model state saved to ./results/models/checkpoints/schrodinger/qho/2025-09-16_19-56-00-999728/model.pth
Model state saved to ./results/models/checkpoints/schrodinger/qho/2025-09-16_19-56-00-999728/model_weights.pth
It: 1338, Loss: 4.064e-05, Loss_res: 2.790e-03,  Loss_bcs: 2.665e-06, Loss_ut_ics: 1.008e-03, lr: 1.000e-03, Time: 3.14e+03
Model state saved to ./results/models/checkpoints/schrodinger/qho/2025-09-16_19-56-00-999728/model.pth
Model state saved to ./results/models/checkpoints/schrodinger/qho/2025-09-16_19-56-00-999728/model_weights.pth
It: 1339, Loss: 3.856e-05, Loss_res: 2.562e-03,  Loss_bcs: 4.464e-06, Loss_ut_ics: 8.474e-04, lr: 1.000e-03, Time: 3.14e+03
Model state saved to ./results/models/checkpoints/schrodinger/qho/2025-09-16_19-56-00-999728/model.pth
Model state saved to ./results/models/checkpoints/schrodinger/qho/2025-09-16_19-56-00-999728/model_weights.pth
It: 1340, Loss: 3.298e-05, Loss_res: 1.911e-03,  Loss_bcs: 3.591e-06, Loss_ut_ics: 1.028e-03, lr: 1.000e-03, Time: 3.15e+03
Model state saved to ./results/models/checkpoints/schrodinger/qho/2025-09-16_19-56-00-999728/model.pth
Model state saved to ./results/models/checkpoints/schrodinger/qho/2025-09-16_19-56-00-999728/model_weights.pth
It: 1341, Loss: 3.219e-05, Loss_res: 1.520e-03,  Loss_bcs: 1.031e-05, Loss_ut_ics: 6.667e-04, lr: 1.000e-03, Time: 3.15e+03
Model state saved to ./results/models/checkpoints/schrodinger/qho/2025-09-16_19-56-00-999728/model.pth
Model state saved to ./results/models/checkpoints/schrodinger/qho/2025-09-16_19-56-00-999728/model_weights.pth
It: 1342, Loss: 2.708e-05, Loss_res: 1.153e-03,  Loss_bcs: 8.501e-06, Loss_ut_ics: 7.057e-04, lr: 1.000e-03, Time: 3.15e+03
Model state saved to ./results/models/checkpoints/schrodinger/qho/2025-09-16_19-56-00-999728/model.pth
Model state saved to ./results/models/checkpoints/schrodinger/qho/2025-09-16_19-56-00-999728/model_weights.pth
It: 1343, Loss: 2.503e-05, Loss_res: 1.915e-03,  Loss_bcs: 2.356e-06, Loss_ut_ics: 3.517e-04, lr: 1.000e-03, Time: 3.16e+03
Model state saved to ./results/models/checkpoints/schrodinger/qho/2025-09-16_19-56-00-999728/model.pth
Model state saved to ./results/models/checkpoints/schrodinger/qho/2025-09-16_19-56-00-999728/model_weights.pth
It: 1344, Loss: 3.631e-05, Loss_res: 1.922e-03,  Loss_bcs: 4.543e-06, Loss_ut_ics: 1.255e-03, lr: 1.000e-03, Time: 3.16e+03
Model state saved to ./results/models/checkpoints/schrodinger/qho/2025-09-16_19-56-00-999728/model.pth
Model state saved to ./results/models/checkpoints/schrodinger/qho/2025-09-16_19-56-00-999728/model_weights.pth
It: 1345, Loss: 2.868e-05, Loss_res: 1.985e-03,  Loss_bcs: 5.974e-06, Loss_ut_ics: 2.851e-04, lr: 1.000e-03, Time: 3.16e+03
Model state saved to ./results/models/checkpoints/schrodinger/qho/2025-09-16_19-56-00-999728/model.pth
Model state saved to ./results/models/checkpoints/schrodinger/qho/2025-09-16_19-56-00-999728/model_weights.pth
It: 1346, Loss: 3.390e-05, Loss_res: 1.780e-03,  Loss_bcs: 6.622e-06, Loss_ut_ics: 9.479e-04, lr: 1.000e-03, Time: 3.16e+03
Model state saved to ./results/models/checkpoints/schrodinger/qho/2025-09-16_19-56-00-999728/model.pth
Model state saved to ./results/models/checkpoints/schrodinger/qho/2025-09-16_19-56-00-999728/model_weights.pth
It: 1347, Loss: 3.342e-05, Loss_res: 2.353e-03,  Loss_bcs: 2.165e-06, Loss_ut_ics: 7.718e-04, lr: 1.000e-03, Time: 3.17e+03
Model state saved to ./results/models/checkpoints/schrodinger/qho/2025-09-16_19-56-00-999728/model.pth
Model state saved to ./results/models/checkpoints/schrodinger/qho/2025-09-16_19-56-00-999728/model_weights.pth
It: 1348, Loss: 3.000e-05, Loss_res: 1.678e-03,  Loss_bcs: 4.604e-06, Loss_ut_ics: 8.616e-04, lr: 1.000e-03, Time: 3.17e+03
Model state saved to ./results/models/checkpoints/schrodinger/qho/2025-09-16_19-56-00-999728/model.pth
Model state saved to ./results/models/checkpoints/schrodinger/qho/2025-09-16_19-56-00-999728/model_weights.pth
It: 1349, Loss: 3.227e-05, Loss_res: 1.744e-03,  Loss_bcs: 4.752e-06, Loss_ut_ics: 1.008e-03, lr: 1.000e-03, Time: 3.17e+03
Model state saved to ./results/models/checkpoints/schrodinger/qho/2025-09-16_19-56-00-999728/model.pth
Model state saved to ./results/models/checkpoints/schrodinger/qho/2025-09-16_19-56-00-999728/model_weights.pth
It: 1350, Loss: 2.768e-05, Loss_res: 2.257e-03,  Loss_bcs: 2.884e-06, Loss_ut_ics: 2.230e-04, lr: 1.000e-03, Time: 3.17e+03
Model state saved to ./results/models/checkpoints/schrodinger/qho/2025-09-16_19-56-00-999728/model.pth
Model state saved to ./results/models/checkpoints/schrodinger/qho/2025-09-16_19-56-00-999728/model_weights.pth
It: 1351, Loss: 3.740e-05, Loss_res: 1.787e-03,  Loss_bcs: 6.942e-06, Loss_ut_ics: 1.258e-03, lr: 1.000e-03, Time: 3.17e+03
Model state saved to ./results/models/checkpoints/schrodinger/qho/2025-09-16_19-56-00-999728/model.pth
Model state saved to ./results/models/checkpoints/schrodinger/qho/2025-09-16_19-56-00-999728/model_weights.pth
It: 1352, Loss: 4.355e-05, Loss_res: 2.254e-03,  Loss_bcs: 8.919e-06, Loss_ut_ics: 1.210e-03, lr: 1.000e-03, Time: 3.18e+03
Model state saved to ./results/models/checkpoints/schrodinger/qho/2025-09-16_19-56-00-999728/model.pth
Model state saved to ./results/models/checkpoints/schrodinger/qho/2025-09-16_19-56-00-999728/model_weights.pth
It: 1353, Loss: 3.611e-05, Loss_res: 2.627e-03,  Loss_bcs: 2.697e-06, Loss_ut_ics: 7.148e-04, lr: 1.000e-03, Time: 3.18e+03
Model state saved to ./results/models/checkpoints/schrodinger/qho/2025-09-16_19-56-00-999728/model.pth
Model state saved to ./results/models/checkpoints/schrodinger/qho/2025-09-16_19-56-00-999728/model_weights.pth
It: 1354, Loss: 2.762e-05, Loss_res: 1.941e-03,  Loss_bcs: 1.834e-06, Loss_ut_ics: 6.369e-04, lr: 1.000e-03, Time: 3.18e+03
Model state saved to ./results/models/checkpoints/schrodinger/qho/2025-09-16_19-56-00-999728/model.pth
Model state saved to ./results/models/checkpoints/schrodinger/qho/2025-09-16_19-56-00-999728/model_weights.pth
It: 1355, Loss: 2.542e-05, Loss_res: 1.596e-03,  Loss_bcs: 7.828e-06, Loss_ut_ics: 1.635e-04, lr: 1.000e-03, Time: 3.18e+03
Model state saved to ./results/models/checkpoints/schrodinger/qho/2025-09-16_19-56-00-999728/model.pth
Model state saved to ./results/models/checkpoints/schrodinger/qho/2025-09-16_19-56-00-999728/model_weights.pth
It: 1356, Loss: 3.674e-05, Loss_res: 1.457e-03,  Loss_bcs: 1.135e-05, Loss_ut_ics: 1.082e-03, lr: 1.000e-03, Time: 3.19e+03
Model state saved to ./results/models/checkpoints/schrodinger/qho/2025-09-16_19-56-00-999728/model.pth
Model state saved to ./results/models/checkpoints/schrodinger/qho/2025-09-16_19-56-00-999728/model_weights.pth
It: 1357, Loss: 3.296e-05, Loss_res: 2.140e-03,  Loss_bcs: 5.402e-06, Loss_ut_ics: 6.157e-04, lr: 1.000e-03, Time: 3.19e+03
Model state saved to ./results/models/checkpoints/schrodinger/qho/2025-09-16_19-56-00-999728/model.pth
Model state saved to ./results/models/checkpoints/schrodinger/qho/2025-09-16_19-56-00-999728/model_weights.pth
It: 1358, Loss: 4.036e-05, Loss_res: 2.683e-03,  Loss_bcs: 7.557e-06, Loss_ut_ics: 5.972e-04, lr: 1.000e-03, Time: 3.19e+03
Model state saved to ./results/models/checkpoints/schrodinger/qho/2025-09-16_19-56-00-999728/model.pth
Model state saved to ./results/models/checkpoints/schrodinger/qho/2025-09-16_19-56-00-999728/model_weights.pth
It: 1359, Loss: 2.441e-05, Loss_res: 1.419e-03,  Loss_bcs: 5.345e-06, Loss_ut_ics: 4.877e-04, lr: 1.000e-03, Time: 3.19e+03
Model state saved to ./results/models/checkpoints/schrodinger/qho/2025-09-16_19-56-00-999728/model.pth
Model state saved to ./results/models/checkpoints/schrodinger/qho/2025-09-16_19-56-00-999728/model_weights.pth
It: 1360, Loss: 3.030e-05, Loss_res: 1.681e-03,  Loss_bcs: 7.034e-06, Loss_ut_ics: 6.457e-04, lr: 1.000e-03, Time: 3.20e+03
Model state saved to ./results/models/checkpoints/schrodinger/qho/2025-09-16_19-56-00-999728/model.pth
Model state saved to ./results/models/checkpoints/schrodinger/qho/2025-09-16_19-56-00-999728/model_weights.pth
It: 1361, Loss: 2.665e-05, Loss_res: 1.642e-03,  Loss_bcs: 8.571e-06, Loss_ut_ics: 1.657e-04, lr: 1.000e-03, Time: 3.20e+03
Model state saved to ./results/models/checkpoints/schrodinger/qho/2025-09-16_19-56-00-999728/model.pth
Model state saved to ./results/models/checkpoints/schrodinger/qho/2025-09-16_19-56-00-999728/model_weights.pth
It: 1362, Loss: 2.554e-05, Loss_res: 1.976e-03,  Loss_bcs: 3.704e-06, Loss_ut_ics: 2.072e-04, lr: 1.000e-03, Time: 3.20e+03
Model state saved to ./results/models/checkpoints/schrodinger/qho/2025-09-16_19-56-00-999728/model.pth
Model state saved to ./results/models/checkpoints/schrodinger/qho/2025-09-16_19-56-00-999728/model_weights.pth
It: 1363, Loss: 3.406e-05, Loss_res: 1.800e-03,  Loss_bcs: 1.359e-06, Loss_ut_ics: 1.470e-03, lr: 1.000e-03, Time: 3.20e+03
Model state saved to ./results/models/checkpoints/schrodinger/qho/2025-09-16_19-56-00-999728/model.pth
Model state saved to ./results/models/checkpoints/schrodinger/qho/2025-09-16_19-56-00-999728/model_weights.pth
It: 1364, Loss: 2.685e-05, Loss_res: 1.538e-03,  Loss_bcs: 7.062e-06, Loss_ut_ics: 4.412e-04, lr: 1.000e-03, Time: 3.21e+03
Model state saved to ./results/models/checkpoints/schrodinger/qho/2025-09-16_19-56-00-999728/model.pth
Model state saved to ./results/models/checkpoints/schrodinger/qho/2025-09-16_19-56-00-999728/model_weights.pth
It: 1365, Loss: 3.370e-05, Loss_res: 1.800e-03,  Loss_bcs: 4.922e-06, Loss_ut_ics: 1.078e-03, lr: 1.000e-03, Time: 3.21e+03
Model state saved to ./results/models/checkpoints/schrodinger/qho/2025-09-16_19-56-00-999728/model.pth
Model state saved to ./results/models/checkpoints/schrodinger/qho/2025-09-16_19-56-00-999728/model_weights.pth
It: 1366, Loss: 3.231e-05, Loss_res: 2.559e-03,  Loss_bcs: 4.041e-06, Loss_ut_ics: 2.674e-04, lr: 1.000e-03, Time: 3.21e+03
Model state saved to ./results/models/checkpoints/schrodinger/qho/2025-09-16_19-56-00-999728/model.pth
Model state saved to ./results/models/checkpoints/schrodinger/qho/2025-09-16_19-56-00-999728/model_weights.pth
It: 1367, Loss: 3.076e-05, Loss_res: 1.821e-03,  Loss_bcs: 1.546e-06, Loss_ut_ics: 1.100e-03, lr: 1.000e-03, Time: 3.22e+03
Model state saved to ./results/models/checkpoints/schrodinger/qho/2025-09-16_19-56-00-999728/model.pth
Model state saved to ./results/models/checkpoints/schrodinger/qho/2025-09-16_19-56-00-999728/model_weights.pth
It: 1368, Loss: 2.908e-05, Loss_res: 1.706e-03,  Loss_bcs: 7.794e-06, Loss_ut_ics: 4.219e-04, lr: 1.000e-03, Time: 3.22e+03
Model state saved to ./results/models/checkpoints/schrodinger/qho/2025-09-16_19-56-00-999728/model.pth
Model state saved to ./results/models/checkpoints/schrodinger/qho/2025-09-16_19-56-00-999728/model_weights.pth
It: 1369, Loss: 2.947e-05, Loss_res: 1.698e-03,  Loss_bcs: 5.529e-06, Loss_ut_ics: 6.955e-04, lr: 1.000e-03, Time: 3.22e+03
Model state saved to ./results/models/checkpoints/schrodinger/qho/2025-09-16_19-56-00-999728/model.pth
Model state saved to ./results/models/checkpoints/schrodinger/qho/2025-09-16_19-56-00-999728/model_weights.pth
It: 1370, Loss: 3.110e-05, Loss_res: 1.821e-03,  Loss_bcs: 2.897e-06, Loss_ut_ics: 9.988e-04, lr: 1.000e-03, Time: 3.22e+03
Model state saved to ./results/models/checkpoints/schrodinger/qho/2025-09-16_19-56-00-999728/model.pth
Model state saved to ./results/models/checkpoints/schrodinger/qho/2025-09-16_19-56-00-999728/model_weights.pth
It: 1371, Loss: 3.662e-05, Loss_res: 2.467e-03,  Loss_bcs: 1.925e-06, Loss_ut_ics: 1.002e-03, lr: 1.000e-03, Time: 3.23e+03
Model state saved to ./results/models/checkpoints/schrodinger/qho/2025-09-16_19-56-00-999728/model.pth
Model state saved to ./results/models/checkpoints/schrodinger/qho/2025-09-16_19-56-00-999728/model_weights.pth
It: 1372, Loss: 3.407e-05, Loss_res: 2.406e-03,  Loss_bcs: 1.799e-06, Loss_ut_ics: 8.206e-04, lr: 1.000e-03, Time: 3.23e+03
Model state saved to ./results/models/checkpoints/schrodinger/qho/2025-09-16_19-56-00-999728/model.pth
Model state saved to ./results/models/checkpoints/schrodinger/qho/2025-09-16_19-56-00-999728/model_weights.pth
It: 1373, Loss: 3.106e-05, Loss_res: 1.731e-03,  Loss_bcs: 2.256e-06, Loss_ut_ics: 1.150e-03, lr: 1.000e-03, Time: 3.23e+03
Model state saved to ./results/models/checkpoints/schrodinger/qho/2025-09-16_19-56-00-999728/model.pth
Model state saved to ./results/models/checkpoints/schrodinger/qho/2025-09-16_19-56-00-999728/model_weights.pth
It: 1374, Loss: 3.231e-05, Loss_res: 1.353e-03,  Loss_bcs: 1.053e-05, Loss_ut_ics: 8.252e-04, lr: 1.000e-03, Time: 3.24e+03
Model state saved to ./results/models/checkpoints/schrodinger/qho/2025-09-16_19-56-00-999728/model.pth
Model state saved to ./results/models/checkpoints/schrodinger/qho/2025-09-16_19-56-00-999728/model_weights.pth
It: 1375, Loss: 3.137e-05, Loss_res: 2.215e-03,  Loss_bcs: 3.452e-06, Loss_ut_ics: 5.772e-04, lr: 1.000e-03, Time: 3.24e+03
Model state saved to ./results/models/checkpoints/schrodinger/qho/2025-09-16_19-56-00-999728/model.pth
Model state saved to ./results/models/checkpoints/schrodinger/qho/2025-09-16_19-56-00-999728/model_weights.pth
It: 1376, Loss: 2.276e-05, Loss_res: 1.857e-03,  Loss_bcs: 1.022e-06, Loss_ut_ics: 3.166e-04, lr: 1.000e-03, Time: 3.24e+03
Model state saved to ./results/models/checkpoints/schrodinger/qho/2025-09-16_19-56-00-999728/model.pth
Model state saved to ./results/models/checkpoints/schrodinger/qho/2025-09-16_19-56-00-999728/model_weights.pth
It: 1377, Loss: 2.297e-05, Loss_res: 1.924e-03,  Loss_bcs: 1.525e-06, Loss_ut_ics: 2.202e-04, lr: 1.000e-03, Time: 3.25e+03
Model state saved to ./results/models/checkpoints/schrodinger/qho/2025-09-16_19-56-00-999728/model.pth
Model state saved to ./results/models/checkpoints/schrodinger/qho/2025-09-16_19-56-00-999728/model_weights.pth
It: 1378, Loss: 3.248e-05, Loss_res: 1.842e-03,  Loss_bcs: 4.363e-06, Loss_ut_ics: 9.704e-04, lr: 1.000e-03, Time: 3.25e+03
Model state saved to ./results/models/checkpoints/schrodinger/qho/2025-09-16_19-56-00-999728/model.pth
Model state saved to ./results/models/checkpoints/schrodinger/qho/2025-09-16_19-56-00-999728/model_weights.pth
It: 1379, Loss: 3.295e-05, Loss_res: 1.697e-03,  Loss_bcs: 7.487e-06, Loss_ut_ics: 8.495e-04, lr: 1.000e-03, Time: 3.25e+03
Model state saved to ./results/models/checkpoints/schrodinger/qho/2025-09-16_19-56-00-999728/model.pth
Model state saved to ./results/models/checkpoints/schrodinger/qho/2025-09-16_19-56-00-999728/model_weights.pth
It: 1380, Loss: 3.100e-05, Loss_res: 1.485e-03,  Loss_bcs: 8.571e-06, Loss_ut_ics: 7.586e-04, lr: 1.000e-03, Time: 3.26e+03
Model state saved to ./results/models/checkpoints/schrodinger/qho/2025-09-16_19-56-00-999728/model.pth
Model state saved to ./results/models/checkpoints/schrodinger/qho/2025-09-16_19-56-00-999728/model_weights.pth
It: 1381, Loss: 4.247e-05, Loss_res: 2.305e-03,  Loss_bcs: 3.957e-06, Loss_ut_ics: 1.546e-03, lr: 1.000e-03, Time: 3.26e+03
Model state saved to ./results/models/checkpoints/schrodinger/qho/2025-09-16_19-56-00-999728/model.pth
Model state saved to ./results/models/checkpoints/schrodinger/qho/2025-09-16_19-56-00-999728/model_weights.pth
It: 1382, Loss: 3.496e-05, Loss_res: 1.764e-03,  Loss_bcs: 2.126e-06, Loss_ut_ics: 1.520e-03, lr: 1.000e-03, Time: 3.26e+03
Model state saved to ./results/models/checkpoints/schrodinger/qho/2025-09-16_19-56-00-999728/model.pth
Model state saved to ./results/models/checkpoints/schrodinger/qho/2025-09-16_19-56-00-999728/model_weights.pth
It: 1383, Loss: 4.406e-05, Loss_res: 1.878e-03,  Loss_bcs: 7.242e-06, Loss_ut_ics: 1.804e-03, lr: 1.000e-03, Time: 3.26e+03
Model state saved to ./results/models/checkpoints/schrodinger/qho/2025-09-16_19-56-00-999728/model.pth
Model state saved to ./results/models/checkpoints/schrodinger/qho/2025-09-16_19-56-00-999728/model_weights.pth
It: 1384, Loss: 3.382e-05, Loss_res: 1.650e-03,  Loss_bcs: 7.675e-06, Loss_ut_ics: 9.642e-04, lr: 1.000e-03, Time: 3.27e+03
Model state saved to ./results/models/checkpoints/schrodinger/qho/2025-09-16_19-56-00-999728/model.pth
Model state saved to ./results/models/checkpoints/schrodinger/qho/2025-09-16_19-56-00-999728/model_weights.pth
It: 1385, Loss: 2.944e-05, Loss_res: 1.979e-03,  Loss_bcs: 1.217e-06, Loss_ut_ics: 8.438e-04, lr: 1.000e-03, Time: 3.27e+03
Model state saved to ./results/models/checkpoints/schrodinger/qho/2025-09-16_19-56-00-999728/model.pth
Model state saved to ./results/models/checkpoints/schrodinger/qho/2025-09-16_19-56-00-999728/model_weights.pth
It: 1386, Loss: 4.029e-05, Loss_res: 2.418e-03,  Loss_bcs: 4.553e-06, Loss_ut_ics: 1.156e-03, lr: 1.000e-03, Time: 3.27e+03
Model state saved to ./results/models/checkpoints/schrodinger/qho/2025-09-16_19-56-00-999728/model.pth
Model state saved to ./results/models/checkpoints/schrodinger/qho/2025-09-16_19-56-00-999728/model_weights.pth
It: 1387, Loss: 3.191e-05, Loss_res: 1.728e-03,  Loss_bcs: 5.930e-06, Loss_ut_ics: 8.705e-04, lr: 1.000e-03, Time: 3.28e+03
Model state saved to ./results/models/checkpoints/schrodinger/qho/2025-09-16_19-56-00-999728/model.pth
Model state saved to ./results/models/checkpoints/schrodinger/qho/2025-09-16_19-56-00-999728/model_weights.pth
It: 1388, Loss: 2.832e-05, Loss_res: 1.474e-03,  Loss_bcs: 6.989e-06, Loss_ut_ics: 6.586e-04, lr: 1.000e-03, Time: 3.28e+03
Model state saved to ./results/models/checkpoints/schrodinger/qho/2025-09-16_19-56-00-999728/model.pth
Model state saved to ./results/models/checkpoints/schrodinger/qho/2025-09-16_19-56-00-999728/model_weights.pth
It: 1389, Loss: 2.028e-05, Loss_res: 1.229e-03,  Loss_bcs: 2.672e-06, Loss_ut_ics: 5.318e-04, lr: 1.000e-03, Time: 3.28e+03
Model state saved to ./results/models/checkpoints/schrodinger/qho/2025-09-16_19-56-00-999728/model.pth
Model state saved to ./results/models/checkpoints/schrodinger/qho/2025-09-16_19-56-00-999728/model_weights.pth
It: 1390, Loss: 3.375e-05, Loss_res: 1.721e-03,  Loss_bcs: 4.568e-06, Loss_ut_ics: 1.197e-03, lr: 1.000e-03, Time: 3.28e+03
Model state saved to ./results/models/checkpoints/schrodinger/qho/2025-09-16_19-56-00-999728/model.pth
Model state saved to ./results/models/checkpoints/schrodinger/qho/2025-09-16_19-56-00-999728/model_weights.pth
It: 1391, Loss: 3.934e-05, Loss_res: 2.354e-03,  Loss_bcs: 1.597e-06, Loss_ut_ics: 1.420e-03, lr: 1.000e-03, Time: 3.29e+03
Model state saved to ./results/models/checkpoints/schrodinger/qho/2025-09-16_19-56-00-999728/model.pth
Model state saved to ./results/models/checkpoints/schrodinger/qho/2025-09-16_19-56-00-999728/model_weights.pth
It: 1392, Loss: 3.858e-05, Loss_res: 1.870e-03,  Loss_bcs: 9.438e-06, Loss_ut_ics: 1.044e-03, lr: 1.000e-03, Time: 3.29e+03
Model state saved to ./results/models/checkpoints/schrodinger/qho/2025-09-16_19-56-00-999728/model.pth
Model state saved to ./results/models/checkpoints/schrodinger/qho/2025-09-16_19-56-00-999728/model_weights.pth
It: 1393, Loss: 2.847e-05, Loss_res: 1.820e-03,  Loss_bcs: 5.498e-06, Loss_ut_ics: 4.777e-04, lr: 1.000e-03, Time: 3.29e+03
Model state saved to ./results/models/checkpoints/schrodinger/qho/2025-09-16_19-56-00-999728/model.pth
Model state saved to ./results/models/checkpoints/schrodinger/qho/2025-09-16_19-56-00-999728/model_weights.pth
It: 1394, Loss: 3.013e-05, Loss_res: 2.055e-03,  Loss_bcs: 5.739e-06, Loss_ut_ics: 3.849e-04, lr: 1.000e-03, Time: 3.30e+03
Model state saved to ./results/models/checkpoints/schrodinger/qho/2025-09-16_19-56-00-999728/model.pth
Model state saved to ./results/models/checkpoints/schrodinger/qho/2025-09-16_19-56-00-999728/model_weights.pth
It: 1395, Loss: 2.681e-05, Loss_res: 1.293e-03,  Loss_bcs: 3.356e-06, Loss_ut_ics: 1.052e-03, lr: 1.000e-03, Time: 3.30e+03
Model state saved to ./results/models/checkpoints/schrodinger/qho/2025-09-16_19-56-00-999728/model.pth
Model state saved to ./results/models/checkpoints/schrodinger/qho/2025-09-16_19-56-00-999728/model_weights.pth
It: 1396, Loss: 3.294e-05, Loss_res: 1.928e-03,  Loss_bcs: 2.957e-06, Loss_ut_ics: 1.070e-03, lr: 1.000e-03, Time: 3.30e+03
Model state saved to ./results/models/checkpoints/schrodinger/qho/2025-09-16_19-56-00-999728/model.pth
Model state saved to ./results/models/checkpoints/schrodinger/qho/2025-09-16_19-56-00-999728/model_weights.pth
It: 1397, Loss: 3.484e-05, Loss_res: 1.802e-03,  Loss_bcs: 5.507e-06, Loss_ut_ics: 1.131e-03, lr: 1.000e-03, Time: 3.30e+03
Model state saved to ./results/models/checkpoints/schrodinger/qho/2025-09-16_19-56-00-999728/model.pth
Model state saved to ./results/models/checkpoints/schrodinger/qho/2025-09-16_19-56-00-999728/model_weights.pth
It: 1398, Loss: 3.209e-05, Loss_res: 1.835e-03,  Loss_bcs: 1.653e-06, Loss_ut_ics: 1.209e-03, lr: 1.000e-03, Time: 3.31e+03
Model state saved to ./results/models/checkpoints/schrodinger/qho/2025-09-16_19-56-00-999728/model.pth
Model state saved to ./results/models/checkpoints/schrodinger/qho/2025-09-16_19-56-00-999728/model_weights.pth
It: 1399, Loss: 2.673e-05, Loss_res: 2.247e-03,  Loss_bcs: 4.105e-06, Loss_ut_ics: 1.522e-05, lr: 1.000e-03, Time: 3.31e+03
Model state saved to ./results/models/checkpoints/schrodinger/qho/2025-09-16_19-56-00-999728/model.pth
Model state saved to ./results/models/checkpoints/schrodinger/qho/2025-09-16_19-56-00-999728/model_weights.pth
It: 1400, Loss: 2.789e-05, Loss_res: 1.549e-03,  Loss_bcs: 3.903e-06, Loss_ut_ics: 8.503e-04, lr: 1.000e-03, Time: 3.32e+03
Model state saved to ./results/models/checkpoints/schrodinger/qho/2025-09-16_19-56-00-999728/model.pth
Model state saved to ./results/models/checkpoints/schrodinger/qho/2025-09-16_19-56-00-999728/model_weights.pth
It: 1401, Loss: 2.860e-05, Loss_res: 2.179e-03,  Loss_bcs: 5.429e-06, Loss_ut_ics: 1.379e-04, lr: 1.000e-03, Time: 3.32e+03
Model state saved to ./results/models/checkpoints/schrodinger/qho/2025-09-16_19-56-00-999728/model.pth
Model state saved to ./results/models/checkpoints/schrodinger/qho/2025-09-16_19-56-00-999728/model_weights.pth
It: 1402, Loss: 3.241e-05, Loss_res: 1.291e-03,  Loss_bcs: 3.643e-06, Loss_ut_ics: 1.586e-03, lr: 1.000e-03, Time: 3.32e+03
Model state saved to ./results/models/checkpoints/schrodinger/qho/2025-09-16_19-56-00-999728/model.pth
Model state saved to ./results/models/checkpoints/schrodinger/qho/2025-09-16_19-56-00-999728/model_weights.pth
It: 1403, Loss: 2.384e-05, Loss_res: 1.627e-03,  Loss_bcs: 1.233e-06, Loss_ut_ics: 6.343e-04, lr: 1.000e-03, Time: 3.32e+03
Model state saved to ./results/models/checkpoints/schrodinger/qho/2025-09-16_19-56-00-999728/model.pth
Model state saved to ./results/models/checkpoints/schrodinger/qho/2025-09-16_19-56-00-999728/model_weights.pth
It: 1404, Loss: 2.912e-05, Loss_res: 1.716e-03,  Loss_bcs: 4.563e-06, Loss_ut_ics: 7.401e-04, lr: 1.000e-03, Time: 3.33e+03
Model state saved to ./results/models/checkpoints/schrodinger/qho/2025-09-16_19-56-00-999728/model.pth
Model state saved to ./results/models/checkpoints/schrodinger/qho/2025-09-16_19-56-00-999728/model_weights.pth
It: 1405, Loss: 3.513e-05, Loss_res: 1.889e-03,  Loss_bcs: 2.196e-06, Loss_ut_ics: 1.405e-03, lr: 1.000e-03, Time: 3.33e+03
Model state saved to ./results/models/checkpoints/schrodinger/qho/2025-09-16_19-56-00-999728/model.pth
Model state saved to ./results/models/checkpoints/schrodinger/qho/2025-09-16_19-56-00-999728/model_weights.pth
It: 1406, Loss: 3.282e-05, Loss_res: 1.723e-03,  Loss_bcs: 6.820e-06, Loss_ut_ics: 8.772e-04, lr: 1.000e-03, Time: 3.33e+03
Model state saved to ./results/models/checkpoints/schrodinger/qho/2025-09-16_19-56-00-999728/model.pth
Model state saved to ./results/models/checkpoints/schrodinger/qho/2025-09-16_19-56-00-999728/model_weights.pth
It: 1407, Loss: 2.974e-05, Loss_res: 1.631e-03,  Loss_bcs: 4.402e-06, Loss_ut_ics: 9.029e-04, lr: 1.000e-03, Time: 3.34e+03
Model state saved to ./results/models/checkpoints/schrodinger/qho/2025-09-16_19-56-00-999728/model.pth
Model state saved to ./results/models/checkpoints/schrodinger/qho/2025-09-16_19-56-00-999728/model_weights.pth
It: 1408, Loss: 3.275e-05, Loss_res: 2.451e-03,  Loss_bcs: 1.174e-06, Loss_ut_ics: 7.062e-04, lr: 1.000e-03, Time: 3.34e+03
Model state saved to ./results/models/checkpoints/schrodinger/qho/2025-09-16_19-56-00-999728/model.pth
Model state saved to ./results/models/checkpoints/schrodinger/qho/2025-09-16_19-56-00-999728/model_weights.pth
It: 1409, Loss: 4.108e-05, Loss_res: 2.618e-03,  Loss_bcs: 9.643e-07, Loss_ut_ics: 1.393e-03, lr: 1.000e-03, Time: 3.34e+03
Model state saved to ./results/models/checkpoints/schrodinger/qho/2025-09-16_19-56-00-999728/model.pth
Model state saved to ./results/models/checkpoints/schrodinger/qho/2025-09-16_19-56-00-999728/model_weights.pth
It: 1410, Loss: 3.083e-05, Loss_res: 2.049e-03,  Loss_bcs: 8.421e-07, Loss_ut_ics: 9.496e-04, lr: 1.000e-03, Time: 3.35e+03
Model state saved to ./results/models/checkpoints/schrodinger/qho/2025-09-16_19-56-00-999728/model.pth
Model state saved to ./results/models/checkpoints/schrodinger/qho/2025-09-16_19-56-00-999728/model_weights.pth
It: 1411, Loss: 2.092e-05, Loss_res: 9.152e-04,  Loss_bcs: 3.900e-06, Loss_ut_ics: 7.872e-04, lr: 1.000e-03, Time: 3.35e+03
Model state saved to ./results/models/checkpoints/schrodinger/qho/2025-09-16_19-56-00-999728/model.pth
Model state saved to ./results/models/checkpoints/schrodinger/qho/2025-09-16_19-56-00-999728/model_weights.pth
It: 1412, Loss: 2.606e-05, Loss_res: 1.458e-03,  Loss_bcs: 3.447e-06, Loss_ut_ics: 8.028e-04, lr: 1.000e-03, Time: 3.35e+03
Model state saved to ./results/models/checkpoints/schrodinger/qho/2025-09-16_19-56-00-999728/model.pth
Model state saved to ./results/models/checkpoints/schrodinger/qho/2025-09-16_19-56-00-999728/model_weights.pth
It: 1413, Loss: 3.224e-05, Loss_res: 2.159e-03,  Loss_bcs: 2.797e-06, Loss_ut_ics: 7.856e-04, lr: 1.000e-03, Time: 3.35e+03
Model state saved to ./results/models/checkpoints/schrodinger/qho/2025-09-16_19-56-00-999728/model.pth
Model state saved to ./results/models/checkpoints/schrodinger/qho/2025-09-16_19-56-00-999728/model_weights.pth
It: 1414, Loss: 2.101e-05, Loss_res: 1.426e-03,  Loss_bcs: 1.284e-06, Loss_ut_ics: 5.470e-04, lr: 1.000e-03, Time: 3.35e+03
Model state saved to ./results/models/checkpoints/schrodinger/qho/2025-09-16_19-56-00-999728/model.pth
Model state saved to ./results/models/checkpoints/schrodinger/qho/2025-09-16_19-56-00-999728/model_weights.pth
It: 1415, Loss: 2.911e-05, Loss_res: 1.595e-03,  Loss_bcs: 7.944e-06, Loss_ut_ics: 5.216e-04, lr: 1.000e-03, Time: 3.36e+03
Model state saved to ./results/models/checkpoints/schrodinger/qho/2025-09-16_19-56-00-999728/model.pth
Model state saved to ./results/models/checkpoints/schrodinger/qho/2025-09-16_19-56-00-999728/model_weights.pth
It: 1416, Loss: 2.887e-05, Loss_res: 1.469e-03,  Loss_bcs: 6.402e-06, Loss_ut_ics: 7.771e-04, lr: 1.000e-03, Time: 3.36e+03
Model state saved to ./results/models/checkpoints/schrodinger/qho/2025-09-16_19-56-00-999728/model.pth
Model state saved to ./results/models/checkpoints/schrodinger/qho/2025-09-16_19-56-00-999728/model_weights.pth
It: 1417, Loss: 3.461e-05, Loss_res: 2.452e-03,  Loss_bcs: 2.530e-06, Loss_ut_ics: 7.564e-04, lr: 1.000e-03, Time: 3.36e+03
Model state saved to ./results/models/checkpoints/schrodinger/qho/2025-09-16_19-56-00-999728/model.pth
Model state saved to ./results/models/checkpoints/schrodinger/qho/2025-09-16_19-56-00-999728/model_weights.pth
It: 1418, Loss: 3.279e-05, Loss_res: 2.567e-03,  Loss_bcs: 3.687e-06, Loss_ut_ics: 3.430e-04, lr: 1.000e-03, Time: 3.37e+03
Model state saved to ./results/models/checkpoints/schrodinger/qho/2025-09-16_19-56-00-999728/model.pth
Model state saved to ./results/models/checkpoints/schrodinger/qho/2025-09-16_19-56-00-999728/model_weights.pth
It: 1419, Loss: 3.421e-05, Loss_res: 1.333e-03,  Loss_bcs: 1.355e-05, Loss_ut_ics: 7.333e-04, lr: 1.000e-03, Time: 3.37e+03
Model state saved to ./results/models/checkpoints/schrodinger/qho/2025-09-16_19-56-00-999728/model.pth
Model state saved to ./results/models/checkpoints/schrodinger/qho/2025-09-16_19-56-00-999728/model_weights.pth
It: 1420, Loss: 4.633e-05, Loss_res: 1.670e-03,  Loss_bcs: 1.973e-05, Loss_ut_ics: 9.899e-04, lr: 1.000e-03, Time: 3.37e+03
Model state saved to ./results/models/checkpoints/schrodinger/qho/2025-09-16_19-56-00-999728/model.pth
Model state saved to ./results/models/checkpoints/schrodinger/qho/2025-09-16_19-56-00-999728/model_weights.pth
It: 1421, Loss: 3.218e-05, Loss_res: 2.519e-03,  Loss_bcs: 2.970e-06, Loss_ut_ics: 4.024e-04, lr: 1.000e-03, Time: 3.37e+03
Model state saved to ./results/models/checkpoints/schrodinger/qho/2025-09-16_19-56-00-999728/model.pth
Model state saved to ./results/models/checkpoints/schrodinger/qho/2025-09-16_19-56-00-999728/model_weights.pth
It: 1422, Loss: 4.593e-05, Loss_res: 2.730e-03,  Loss_bcs: 2.206e-06, Loss_ut_ics: 1.643e-03, lr: 1.000e-03, Time: 3.38e+03
Model state saved to ./results/models/checkpoints/schrodinger/qho/2025-09-16_19-56-00-999728/model.pth
Model state saved to ./results/models/checkpoints/schrodinger/qho/2025-09-16_19-56-00-999728/model_weights.pth
It: 1423, Loss: 2.725e-05, Loss_res: 1.524e-03,  Loss_bcs: 5.936e-06, Loss_ut_ics: 6.073e-04, lr: 1.000e-03, Time: 3.38e+03
Model state saved to ./results/models/checkpoints/schrodinger/qho/2025-09-16_19-56-00-999728/model.pth
Model state saved to ./results/models/checkpoints/schrodinger/qho/2025-09-16_19-56-00-999728/model_weights.pth
It: 1424, Loss: 2.840e-05, Loss_res: 1.450e-03,  Loss_bcs: 1.166e-05, Loss_ut_ics: 2.239e-04, lr: 1.000e-03, Time: 3.38e+03
Model state saved to ./results/models/checkpoints/schrodinger/qho/2025-09-16_19-56-00-999728/model.pth
Model state saved to ./results/models/checkpoints/schrodinger/qho/2025-09-16_19-56-00-999728/model_weights.pth
It: 1425, Loss: 2.343e-05, Loss_res: 1.730e-03,  Loss_bcs: 2.911e-06, Loss_ut_ics: 3.216e-04, lr: 1.000e-03, Time: 3.38e+03
Model state saved to ./results/models/checkpoints/schrodinger/qho/2025-09-16_19-56-00-999728/model.pth
Model state saved to ./results/models/checkpoints/schrodinger/qho/2025-09-16_19-56-00-999728/model_weights.pth
It: 1426, Loss: 3.810e-05, Loss_res: 2.676e-03,  Loss_bcs: 7.339e-06, Loss_ut_ics: 3.993e-04, lr: 1.000e-03, Time: 3.39e+03
Model state saved to ./results/models/checkpoints/schrodinger/qho/2025-09-16_19-56-00-999728/model.pth
Model state saved to ./results/models/checkpoints/schrodinger/qho/2025-09-16_19-56-00-999728/model_weights.pth
It: 1427, Loss: 2.166e-05, Loss_res: 1.302e-03,  Loss_bcs: 3.925e-06, Loss_ut_ics: 4.720e-04, lr: 1.000e-03, Time: 3.39e+03
Model state saved to ./results/models/checkpoints/schrodinger/qho/2025-09-16_19-56-00-999728/model.pth
Model state saved to ./results/models/checkpoints/schrodinger/qho/2025-09-16_19-56-00-999728/model_weights.pth
It: 1428, Loss: 3.245e-05, Loss_res: 1.479e-03,  Loss_bcs: 9.266e-06, Loss_ut_ics: 8.387e-04, lr: 1.000e-03, Time: 3.39e+03
Model state saved to ./results/models/checkpoints/schrodinger/qho/2025-09-16_19-56-00-999728/model.pth
Model state saved to ./results/models/checkpoints/schrodinger/qho/2025-09-16_19-56-00-999728/model_weights.pth
It: 1429, Loss: 3.303e-05, Loss_res: 1.501e-03,  Loss_bcs: 1.005e-05, Loss_ut_ics: 7.968e-04, lr: 1.000e-03, Time: 3.39e+03
Model state saved to ./results/models/checkpoints/schrodinger/qho/2025-09-16_19-56-00-999728/model.pth
Model state saved to ./results/models/checkpoints/schrodinger/qho/2025-09-16_19-56-00-999728/model_weights.pth
It: 1430, Loss: 3.422e-05, Loss_res: 2.460e-03,  Loss_bcs: 3.350e-06, Loss_ut_ics: 6.270e-04, lr: 1.000e-03, Time: 3.40e+03
Model state saved to ./results/models/checkpoints/schrodinger/qho/2025-09-16_19-56-00-999728/model.pth
Model state saved to ./results/models/checkpoints/schrodinger/qho/2025-09-16_19-56-00-999728/model_weights.pth
It: 1431, Loss: 2.782e-05, Loss_res: 1.631e-03,  Loss_bcs: 2.853e-06, Loss_ut_ics: 8.650e-04, lr: 1.000e-03, Time: 3.40e+03
Model state saved to ./results/models/checkpoints/schrodinger/qho/2025-09-16_19-56-00-999728/model.pth
Model state saved to ./results/models/checkpoints/schrodinger/qho/2025-09-16_19-56-00-999728/model_weights.pth
It: 1432, Loss: 2.936e-05, Loss_res: 1.560e-03,  Loss_bcs: 5.623e-06, Loss_ut_ics: 8.134e-04, lr: 1.000e-03, Time: 3.40e+03
Model state saved to ./results/models/checkpoints/schrodinger/qho/2025-09-16_19-56-00-999728/model.pth
Model state saved to ./results/models/checkpoints/schrodinger/qho/2025-09-16_19-56-00-999728/model_weights.pth
It: 1433, Loss: 4.153e-05, Loss_res: 1.894e-03,  Loss_bcs: 9.435e-06, Loss_ut_ics: 1.316e-03, lr: 1.000e-03, Time: 3.40e+03
Model state saved to ./results/models/checkpoints/schrodinger/qho/2025-09-16_19-56-00-999728/model.pth
Model state saved to ./results/models/checkpoints/schrodinger/qho/2025-09-16_19-56-00-999728/model_weights.pth
It: 1434, Loss: 2.781e-05, Loss_res: 1.588e-03,  Loss_bcs: 3.357e-06, Loss_ut_ics: 8.571e-04, lr: 1.000e-03, Time: 3.41e+03
Model state saved to ./results/models/checkpoints/schrodinger/qho/2025-09-16_19-56-00-999728/model.pth
Model state saved to ./results/models/checkpoints/schrodinger/qho/2025-09-16_19-56-00-999728/model_weights.pth
It: 1435, Loss: 3.260e-05, Loss_res: 1.743e-03,  Loss_bcs: 6.601e-06, Loss_ut_ics: 8.572e-04, lr: 1.000e-03, Time: 3.41e+03
Model state saved to ./results/models/checkpoints/schrodinger/qho/2025-09-16_19-56-00-999728/model.pth
Model state saved to ./results/models/checkpoints/schrodinger/qho/2025-09-16_19-56-00-999728/model_weights.pth
It: 1436, Loss: 3.018e-05, Loss_res: 1.611e-03,  Loss_bcs: 6.061e-06, Loss_ut_ics: 8.012e-04, lr: 1.000e-03, Time: 3.41e+03
Model state saved to ./results/models/checkpoints/schrodinger/qho/2025-09-16_19-56-00-999728/model.pth
Model state saved to ./results/models/checkpoints/schrodinger/qho/2025-09-16_19-56-00-999728/model_weights.pth
It: 1437, Loss: 3.833e-05, Loss_res: 1.802e-03,  Loss_bcs: 8.674e-06, Loss_ut_ics: 1.164e-03, lr: 1.000e-03, Time: 3.41e+03
Model state saved to ./results/models/checkpoints/schrodinger/qho/2025-09-16_19-56-00-999728/model.pth
Model state saved to ./results/models/checkpoints/schrodinger/qho/2025-09-16_19-56-00-999728/model_weights.pth
It: 1438, Loss: 2.895e-05, Loss_res: 1.909e-03,  Loss_bcs: 7.361e-06, Loss_ut_ics: 2.497e-04, lr: 1.000e-03, Time: 3.42e+03
Model state saved to ./results/models/checkpoints/schrodinger/qho/2025-09-16_19-56-00-999728/model.pth
Model state saved to ./results/models/checkpoints/schrodinger/qho/2025-09-16_19-56-00-999728/model_weights.pth
It: 1439, Loss: 2.711e-05, Loss_res: 1.463e-03,  Loss_bcs: 4.076e-06, Loss_ut_ics: 8.400e-04, lr: 1.000e-03, Time: 3.42e+03
Model state saved to ./results/models/checkpoints/schrodinger/qho/2025-09-16_19-56-00-999728/model.pth
Model state saved to ./results/models/checkpoints/schrodinger/qho/2025-09-16_19-56-00-999728/model_weights.pth
It: 1440, Loss: 3.883e-05, Loss_res: 1.669e-03,  Loss_bcs: 1.027e-05, Loss_ut_ics: 1.187e-03, lr: 1.000e-03, Time: 3.42e+03
Model state saved to ./results/models/checkpoints/schrodinger/qho/2025-09-16_19-56-00-999728/model.pth
Model state saved to ./results/models/checkpoints/schrodinger/qho/2025-09-16_19-56-00-999728/model_weights.pth
It: 1441, Loss: 2.553e-05, Loss_res: 1.166e-03,  Loss_bcs: 7.199e-06, Loss_ut_ics: 6.672e-04, lr: 1.000e-03, Time: 3.42e+03
Model state saved to ./results/models/checkpoints/schrodinger/qho/2025-09-16_19-56-00-999728/model.pth
Model state saved to ./results/models/checkpoints/schrodinger/qho/2025-09-16_19-56-00-999728/model_weights.pth
It: 1442, Loss: 4.527e-05, Loss_res: 1.574e-03,  Loss_bcs: 2.201e-05, Loss_ut_ics: 7.525e-04, lr: 1.000e-03, Time: 3.43e+03
Model state saved to ./results/models/checkpoints/schrodinger/qho/2025-09-16_19-56-00-999728/model.pth
Model state saved to ./results/models/checkpoints/schrodinger/qho/2025-09-16_19-56-00-999728/model_weights.pth
It: 1443, Loss: 2.775e-05, Loss_res: 2.451e-03,  Loss_bcs: 1.268e-06, Loss_ut_ics: 1.979e-04, lr: 1.000e-03, Time: 3.43e+03
Model state saved to ./results/models/checkpoints/schrodinger/qho/2025-09-16_19-56-00-999728/model.pth
Model state saved to ./results/models/checkpoints/schrodinger/qho/2025-09-16_19-56-00-999728/model_weights.pth
It: 1444, Loss: 3.968e-05, Loss_res: 3.058e-03,  Loss_bcs: 7.869e-06, Loss_ut_ics: 1.232e-04, lr: 1.000e-03, Time: 3.43e+03
Model state saved to ./results/models/checkpoints/schrodinger/qho/2025-09-16_19-56-00-999728/model.pth
Model state saved to ./results/models/checkpoints/schrodinger/qho/2025-09-16_19-56-00-999728/model_weights.pth
It: 1445, Loss: 2.716e-05, Loss_res: 1.782e-03,  Loss_bcs: 4.773e-06, Loss_ut_ics: 4.567e-04, lr: 1.000e-03, Time: 3.43e+03
Model state saved to ./results/models/checkpoints/schrodinger/qho/2025-09-16_19-56-00-999728/model.pth
Model state saved to ./results/models/checkpoints/schrodinger/qho/2025-09-16_19-56-00-999728/model_weights.pth
It: 1446, Loss: 4.277e-05, Loss_res: 1.431e-03,  Loss_bcs: 1.939e-05, Loss_ut_ics: 9.073e-04, lr: 1.000e-03, Time: 3.43e+03
Model state saved to ./results/models/checkpoints/schrodinger/qho/2025-09-16_19-56-00-999728/model.pth
Model state saved to ./results/models/checkpoints/schrodinger/qho/2025-09-16_19-56-00-999728/model_weights.pth
It: 1447, Loss: 3.152e-05, Loss_res: 1.794e-03,  Loss_bcs: 8.449e-06, Loss_ut_ics: 5.131e-04, lr: 1.000e-03, Time: 3.44e+03
Model state saved to ./results/models/checkpoints/schrodinger/qho/2025-09-16_19-56-00-999728/model.pth
Model state saved to ./results/models/checkpoints/schrodinger/qho/2025-09-16_19-56-00-999728/model_weights.pth
It: 1448, Loss: 3.108e-05, Loss_res: 2.582e-03,  Loss_bcs: 3.150e-06, Loss_ut_ics: 2.103e-04, lr: 1.000e-03, Time: 3.44e+03
Model state saved to ./results/models/checkpoints/schrodinger/qho/2025-09-16_19-56-00-999728/model.pth
Model state saved to ./results/models/checkpoints/schrodinger/qho/2025-09-16_19-56-00-999728/model_weights.pth
It: 1449, Loss: 2.383e-05, Loss_res: 1.801e-03,  Loss_bcs: 5.578e-07, Loss_ut_ics: 5.265e-04, lr: 1.000e-03, Time: 3.44e+03
Model state saved to ./results/models/checkpoints/schrodinger/qho/2025-09-16_19-56-00-999728/model.pth
Model state saved to ./results/models/checkpoints/schrodinger/qho/2025-09-16_19-56-00-999728/model_weights.pth
It: 1450, Loss: 3.185e-05, Loss_res: 1.650e-03,  Loss_bcs: 6.324e-06, Loss_ut_ics: 9.029e-04, lr: 1.000e-03, Time: 3.44e+03
Model state saved to ./results/models/checkpoints/schrodinger/qho/2025-09-16_19-56-00-999728/model.pth
Model state saved to ./results/models/checkpoints/schrodinger/qho/2025-09-16_19-56-00-999728/model_weights.pth
It: 1451, Loss: 3.610e-05, Loss_res: 1.605e-03,  Loss_bcs: 1.112e-05, Loss_ut_ics: 8.926e-04, lr: 1.000e-03, Time: 3.45e+03
Model state saved to ./results/models/checkpoints/schrodinger/qho/2025-09-16_19-56-00-999728/model.pth
Model state saved to ./results/models/checkpoints/schrodinger/qho/2025-09-16_19-56-00-999728/model_weights.pth
It: 1452, Loss: 3.140e-05, Loss_res: 1.679e-03,  Loss_bcs: 2.395e-06, Loss_ut_ics: 1.222e-03, lr: 1.000e-03, Time: 3.45e+03
Model state saved to ./results/models/checkpoints/schrodinger/qho/2025-09-16_19-56-00-999728/model.pth
Model state saved to ./results/models/checkpoints/schrodinger/qho/2025-09-16_19-56-00-999728/model_weights.pth
It: 1453, Loss: 3.329e-05, Loss_res: 2.031e-03,  Loss_bcs: 3.685e-06, Loss_ut_ics: 9.296e-04, lr: 1.000e-03, Time: 3.45e+03
Model state saved to ./results/models/checkpoints/schrodinger/qho/2025-09-16_19-56-00-999728/model.pth
Model state saved to ./results/models/checkpoints/schrodinger/qho/2025-09-16_19-56-00-999728/model_weights.pth
It: 1454, Loss: 2.628e-05, Loss_res: 2.024e-03,  Loss_bcs: 9.979e-07, Loss_ut_ics: 5.045e-04, lr: 1.000e-03, Time: 3.45e+03
Model state saved to ./results/models/checkpoints/schrodinger/qho/2025-09-16_19-56-00-999728/model.pth
Model state saved to ./results/models/checkpoints/schrodinger/qho/2025-09-16_19-56-00-999728/model_weights.pth
It: 1455, Loss: 2.756e-05, Loss_res: 1.475e-03,  Loss_bcs: 7.188e-06, Loss_ut_ics: 5.626e-04, lr: 1.000e-03, Time: 3.46e+03
Model state saved to ./results/models/checkpoints/schrodinger/qho/2025-09-16_19-56-00-999728/model.pth
Model state saved to ./results/models/checkpoints/schrodinger/qho/2025-09-16_19-56-00-999728/model_weights.pth
It: 1456, Loss: 2.261e-05, Loss_res: 1.417e-03,  Loss_bcs: 3.375e-06, Loss_ut_ics: 5.068e-04, lr: 1.000e-03, Time: 3.46e+03
Model state saved to ./results/models/checkpoints/schrodinger/qho/2025-09-16_19-56-00-999728/model.pth
Model state saved to ./results/models/checkpoints/schrodinger/qho/2025-09-16_19-56-00-999728/model_weights.pth
It: 1457, Loss: 2.401e-05, Loss_res: 1.414e-03,  Loss_bcs: 6.612e-06, Loss_ut_ics: 3.264e-04, lr: 1.000e-03, Time: 3.46e+03
Model state saved to ./results/models/checkpoints/schrodinger/qho/2025-09-16_19-56-00-999728/model.pth
Model state saved to ./results/models/checkpoints/schrodinger/qho/2025-09-16_19-56-00-999728/model_weights.pth
It: 1458, Loss: 4.378e-05, Loss_res: 2.278e-03,  Loss_bcs: 1.047e-05, Loss_ut_ics: 1.052e-03, lr: 1.000e-03, Time: 3.46e+03
Model state saved to ./results/models/checkpoints/schrodinger/qho/2025-09-16_19-56-00-999728/model.pth
Model state saved to ./results/models/checkpoints/schrodinger/qho/2025-09-16_19-56-00-999728/model_weights.pth
It: 1459, Loss: 3.027e-05, Loss_res: 2.023e-03,  Loss_bcs: 5.056e-06, Loss_ut_ics: 4.984e-04, lr: 1.000e-03, Time: 3.46e+03
Model state saved to ./results/models/checkpoints/schrodinger/qho/2025-09-16_19-56-00-999728/model.pth
Model state saved to ./results/models/checkpoints/schrodinger/qho/2025-09-16_19-56-00-999728/model_weights.pth
It: 1460, Loss: 4.064e-05, Loss_res: 1.804e-03,  Loss_bcs: 2.014e-05, Loss_ut_ics: 2.466e-04, lr: 1.000e-03, Time: 3.47e+03
Model state saved to ./results/models/checkpoints/schrodinger/qho/2025-09-16_19-56-00-999728/model.pth
Model state saved to ./results/models/checkpoints/schrodinger/qho/2025-09-16_19-56-00-999728/model_weights.pth
It: 1461, Loss: 3.574e-05, Loss_res: 2.088e-03,  Loss_bcs: 7.825e-06, Loss_ut_ics: 7.039e-04, lr: 1.000e-03, Time: 3.47e+03
Model state saved to ./results/models/checkpoints/schrodinger/qho/2025-09-16_19-56-00-999728/model.pth
Model state saved to ./results/models/checkpoints/schrodinger/qho/2025-09-16_19-56-00-999728/model_weights.pth
It: 1462, Loss: 4.018e-05, Loss_res: 2.326e-03,  Loss_bcs: 7.758e-06, Loss_ut_ics: 9.163e-04, lr: 1.000e-03, Time: 3.47e+03
Model state saved to ./results/models/checkpoints/schrodinger/qho/2025-09-16_19-56-00-999728/model.pth
Model state saved to ./results/models/checkpoints/schrodinger/qho/2025-09-16_19-56-00-999728/model_weights.pth
It: 1463, Loss: 4.364e-05, Loss_res: 2.517e-03,  Loss_bcs: 7.995e-06, Loss_ut_ics: 1.047e-03, lr: 1.000e-03, Time: 3.47e+03
Model state saved to ./results/models/checkpoints/schrodinger/qho/2025-09-16_19-56-00-999728/model.pth
Model state saved to ./results/models/checkpoints/schrodinger/qho/2025-09-16_19-56-00-999728/model_weights.pth
It: 1464, Loss: 3.082e-05, Loss_res: 1.444e-03,  Loss_bcs: 8.875e-06, Loss_ut_ics: 7.504e-04, lr: 1.000e-03, Time: 3.48e+03
Model state saved to ./results/models/checkpoints/schrodinger/qho/2025-09-16_19-56-00-999728/model.pth
Model state saved to ./results/models/checkpoints/schrodinger/qho/2025-09-16_19-56-00-999728/model_weights.pth
It: 1465, Loss: 6.138e-05, Loss_res: 1.140e-03,  Loss_bcs: 4.499e-05, Loss_ut_ics: 4.988e-04, lr: 1.000e-03, Time: 3.48e+03
Model state saved to ./results/models/checkpoints/schrodinger/qho/2025-09-16_19-56-00-999728/model.pth
Model state saved to ./results/models/checkpoints/schrodinger/qho/2025-09-16_19-56-00-999728/model_weights.pth
It: 1466, Loss: 2.820e-05, Loss_res: 1.804e-03,  Loss_bcs: 5.518e-06, Loss_ut_ics: 4.640e-04, lr: 1.000e-03, Time: 3.48e+03
Model state saved to ./results/models/checkpoints/schrodinger/qho/2025-09-16_19-56-00-999728/model.pth
Model state saved to ./results/models/checkpoints/schrodinger/qho/2025-09-16_19-56-00-999728/model_weights.pth
It: 1467, Loss: 4.912e-05, Loss_res: 3.135e-03,  Loss_bcs: 1.282e-05, Loss_ut_ics: 4.944e-04, lr: 1.000e-03, Time: 3.48e+03
Model state saved to ./results/models/checkpoints/schrodinger/qho/2025-09-16_19-56-00-999728/model.pth
Model state saved to ./results/models/checkpoints/schrodinger/qho/2025-09-16_19-56-00-999728/model_weights.pth
It: 1468, Loss: 3.167e-05, Loss_res: 2.225e-03,  Loss_bcs: 4.568e-06, Loss_ut_ics: 4.855e-04, lr: 1.000e-03, Time: 3.49e+03
Model state saved to ./results/models/checkpoints/schrodinger/qho/2025-09-16_19-56-00-999728/model.pth
Model state saved to ./results/models/checkpoints/schrodinger/qho/2025-09-16_19-56-00-999728/model_weights.pth
It: 1469, Loss: 3.858e-05, Loss_res: 1.430e-03,  Loss_bcs: 8.302e-06, Loss_ut_ics: 1.598e-03, lr: 1.000e-03, Time: 3.49e+03
Model state saved to ./results/models/checkpoints/schrodinger/qho/2025-09-16_19-56-00-999728/model.pth
Model state saved to ./results/models/checkpoints/schrodinger/qho/2025-09-16_19-56-00-999728/model_weights.pth
It: 1470, Loss: 4.722e-05, Loss_res: 1.339e-03,  Loss_bcs: 2.582e-05, Loss_ut_ics: 8.010e-04, lr: 1.000e-03, Time: 3.49e+03
Model state saved to ./results/models/checkpoints/schrodinger/qho/2025-09-16_19-56-00-999728/model.pth
Model state saved to ./results/models/checkpoints/schrodinger/qho/2025-09-16_19-56-00-999728/model_weights.pth
It: 1471, Loss: 2.984e-05, Loss_res: 1.960e-03,  Loss_bcs: 4.149e-06, Loss_ut_ics: 6.087e-04, lr: 1.000e-03, Time: 3.49e+03
Model state saved to ./results/models/checkpoints/schrodinger/qho/2025-09-16_19-56-00-999728/model.pth
Model state saved to ./results/models/checkpoints/schrodinger/qho/2025-09-16_19-56-00-999728/model_weights.pth
It: 1472, Loss: 4.322e-05, Loss_res: 1.345e-03,  Loss_bcs: 1.807e-05, Loss_ut_ics: 1.170e-03, lr: 1.000e-03, Time: 3.50e+03
Model state saved to ./results/models/checkpoints/schrodinger/qho/2025-09-16_19-56-00-999728/model.pth
Model state saved to ./results/models/checkpoints/schrodinger/qho/2025-09-16_19-56-00-999728/model_weights.pth
It: 1473, Loss: 3.541e-05, Loss_res: 2.033e-03,  Loss_bcs: 4.377e-06, Loss_ut_ics: 1.070e-03, lr: 1.000e-03, Time: 3.50e+03
Model state saved to ./results/models/checkpoints/schrodinger/qho/2025-09-16_19-56-00-999728/model.pth
Model state saved to ./results/models/checkpoints/schrodinger/qho/2025-09-16_19-56-00-999728/model_weights.pth
It: 1474, Loss: 3.830e-05, Loss_res: 1.943e-03,  Loss_bcs: 1.687e-05, Loss_ut_ics: 2.006e-04, lr: 1.000e-03, Time: 3.50e+03
Model state saved to ./results/models/checkpoints/schrodinger/qho/2025-09-16_19-56-00-999728/model.pth
Model state saved to ./results/models/checkpoints/schrodinger/qho/2025-09-16_19-56-00-999728/model_weights.pth
It: 1475, Loss: 4.228e-05, Loss_res: 1.434e-03,  Loss_bcs: 1.880e-05, Loss_ut_ics: 9.133e-04, lr: 1.000e-03, Time: 3.51e+03
Model state saved to ./results/models/checkpoints/schrodinger/qho/2025-09-16_19-56-00-999728/model.pth
Model state saved to ./results/models/checkpoints/schrodinger/qho/2025-09-16_19-56-00-999728/model_weights.pth
It: 1476, Loss: 3.583e-05, Loss_res: 2.437e-03,  Loss_bcs: 3.575e-06, Loss_ut_ics: 7.879e-04, lr: 1.000e-03, Time: 3.51e+03
Model state saved to ./results/models/checkpoints/schrodinger/qho/2025-09-16_19-56-00-999728/model.pth
Model state saved to ./results/models/checkpoints/schrodinger/qho/2025-09-16_19-56-00-999728/model_weights.pth
It: 1477, Loss: 4.273e-05, Loss_res: 2.577e-03,  Loss_bcs: 4.357e-06, Loss_ut_ics: 1.260e-03, lr: 1.000e-03, Time: 3.51e+03
Model state saved to ./results/models/checkpoints/schrodinger/qho/2025-09-16_19-56-00-999728/model.pth
Model state saved to ./results/models/checkpoints/schrodinger/qho/2025-09-16_19-56-00-999728/model_weights.pth
It: 1478, Loss: 4.392e-05, Loss_res: 2.522e-03,  Loss_bcs: 1.152e-05, Loss_ut_ics: 7.190e-04, lr: 1.000e-03, Time: 3.51e+03
Model state saved to ./results/models/checkpoints/schrodinger/qho/2025-09-16_19-56-00-999728/model.pth
Model state saved to ./results/models/checkpoints/schrodinger/qho/2025-09-16_19-56-00-999728/model_weights.pth
It: 1479, Loss: 4.398e-05, Loss_res: 1.459e-03,  Loss_bcs: 1.556e-05, Loss_ut_ics: 1.383e-03, lr: 1.000e-03, Time: 3.52e+03
Model state saved to ./results/models/checkpoints/schrodinger/qho/2025-09-16_19-56-00-999728/model.pth
Model state saved to ./results/models/checkpoints/schrodinger/qho/2025-09-16_19-56-00-999728/model_weights.pth
It: 1480, Loss: 2.554e-05, Loss_res: 1.905e-03,  Loss_bcs: 4.586e-06, Loss_ut_ics: 1.908e-04, lr: 1.000e-03, Time: 3.52e+03
Model state saved to ./results/models/checkpoints/schrodinger/qho/2025-09-16_19-56-00-999728/model.pth
Model state saved to ./results/models/checkpoints/schrodinger/qho/2025-09-16_19-56-00-999728/model_weights.pth
It: 1481, Loss: 3.509e-05, Loss_res: 2.175e-03,  Loss_bcs: 7.225e-06, Loss_ut_ics: 6.116e-04, lr: 1.000e-03, Time: 3.52e+03
Model state saved to ./results/models/checkpoints/schrodinger/qho/2025-09-16_19-56-00-999728/model.pth
Model state saved to ./results/models/checkpoints/schrodinger/qho/2025-09-16_19-56-00-999728/model_weights.pth
It: 1482, Loss: 2.585e-05, Loss_res: 1.794e-03,  Loss_bcs: 2.613e-06, Loss_ut_ics: 5.299e-04, lr: 1.000e-03, Time: 3.52e+03
Model state saved to ./results/models/checkpoints/schrodinger/qho/2025-09-16_19-56-00-999728/model.pth
Model state saved to ./results/models/checkpoints/schrodinger/qho/2025-09-16_19-56-00-999728/model_weights.pth
It: 1483, Loss: 3.001e-05, Loss_res: 1.573e-03,  Loss_bcs: 5.163e-06, Loss_ut_ics: 9.114e-04, lr: 1.000e-03, Time: 3.52e+03
Model state saved to ./results/models/checkpoints/schrodinger/qho/2025-09-16_19-56-00-999728/model.pth
Model state saved to ./results/models/checkpoints/schrodinger/qho/2025-09-16_19-56-00-999728/model_weights.pth
It: 1484, Loss: 2.807e-05, Loss_res: 1.427e-03,  Loss_bcs: 4.859e-06, Loss_ut_ics: 8.943e-04, lr: 1.000e-03, Time: 3.53e+03
Model state saved to ./results/models/checkpoints/schrodinger/qho/2025-09-16_19-56-00-999728/model.pth
Model state saved to ./results/models/checkpoints/schrodinger/qho/2025-09-16_19-56-00-999728/model_weights.pth
It: 1485, Loss: 3.081e-05, Loss_res: 1.638e-03,  Loss_bcs: 2.776e-06, Loss_ut_ics: 1.165e-03, lr: 1.000e-03, Time: 3.53e+03
Model state saved to ./results/models/checkpoints/schrodinger/qho/2025-09-16_19-56-00-999728/model.pth
Model state saved to ./results/models/checkpoints/schrodinger/qho/2025-09-16_19-56-00-999728/model_weights.pth
It: 1486, Loss: 2.284e-05, Loss_res: 1.657e-03,  Loss_bcs: 2.090e-06, Loss_ut_ics: 4.180e-04, lr: 1.000e-03, Time: 3.53e+03
Model state saved to ./results/models/checkpoints/schrodinger/qho/2025-09-16_19-56-00-999728/model.pth
Model state saved to ./results/models/checkpoints/schrodinger/qho/2025-09-16_19-56-00-999728/model_weights.pth
It: 1487, Loss: 3.272e-05, Loss_res: 2.524e-03,  Loss_bcs: 7.939e-07, Loss_ut_ics: 6.687e-04, lr: 1.000e-03, Time: 3.53e+03
Model state saved to ./results/models/checkpoints/schrodinger/qho/2025-09-16_19-56-00-999728/model.pth
Model state saved to ./results/models/checkpoints/schrodinger/qho/2025-09-16_19-56-00-999728/model_weights.pth
It: 1488, Loss: 2.225e-05, Loss_res: 1.318e-03,  Loss_bcs: 7.478e-06, Loss_ut_ics: 1.596e-04, lr: 1.000e-03, Time: 3.54e+03
Model state saved to ./results/models/checkpoints/schrodinger/qho/2025-09-16_19-56-00-999728/model.pth
Model state saved to ./results/models/checkpoints/schrodinger/qho/2025-09-16_19-56-00-999728/model_weights.pth
It: 1489, Loss: 3.188e-05, Loss_res: 1.626e-03,  Loss_bcs: 7.169e-06, Loss_ut_ics: 8.455e-04, lr: 1.000e-03, Time: 3.54e+03
Model state saved to ./results/models/checkpoints/schrodinger/qho/2025-09-16_19-56-00-999728/model.pth
Model state saved to ./results/models/checkpoints/schrodinger/qho/2025-09-16_19-56-00-999728/model_weights.pth
It: 1490, Loss: 2.450e-05, Loss_res: 1.594e-03,  Loss_bcs: 1.563e-06, Loss_ut_ics: 6.998e-04, lr: 1.000e-03, Time: 3.54e+03
Model state saved to ./results/models/checkpoints/schrodinger/qho/2025-09-16_19-56-00-999728/model.pth
Model state saved to ./results/models/checkpoints/schrodinger/qho/2025-09-16_19-56-00-999728/model_weights.pth
It: 1491, Loss: 3.608e-05, Loss_res: 2.538e-03,  Loss_bcs: 9.603e-06, Loss_ut_ics: 1.096e-04, lr: 1.000e-03, Time: 3.54e+03
Model state saved to ./results/models/checkpoints/schrodinger/qho/2025-09-16_19-56-00-999728/model.pth
Model state saved to ./results/models/checkpoints/schrodinger/qho/2025-09-16_19-56-00-999728/model_weights.pth
It: 1492, Loss: 3.424e-05, Loss_res: 1.880e-03,  Loss_bcs: 5.706e-06, Loss_ut_ics: 9.726e-04, lr: 1.000e-03, Time: 3.55e+03
Model state saved to ./results/models/checkpoints/schrodinger/qho/2025-09-16_19-56-00-999728/model.pth
Model state saved to ./results/models/checkpoints/schrodinger/qho/2025-09-16_19-56-00-999728/model_weights.pth
It: 1493, Loss: 3.766e-05, Loss_res: 1.646e-03,  Loss_bcs: 9.614e-06, Loss_ut_ics: 1.158e-03, lr: 1.000e-03, Time: 3.55e+03
Model state saved to ./results/models/checkpoints/schrodinger/qho/2025-09-16_19-56-00-999728/model.pth
Model state saved to ./results/models/checkpoints/schrodinger/qho/2025-09-16_19-56-00-999728/model_weights.pth
It: 1494, Loss: 3.563e-05, Loss_res: 2.254e-03,  Loss_bcs: 5.165e-06, Loss_ut_ics: 7.924e-04, lr: 1.000e-03, Time: 3.55e+03
Model state saved to ./results/models/checkpoints/schrodinger/qho/2025-09-16_19-56-00-999728/model.pth
Model state saved to ./results/models/checkpoints/schrodinger/qho/2025-09-16_19-56-00-999728/model_weights.pth
It: 1495, Loss: 2.868e-05, Loss_res: 1.750e-03,  Loss_bcs: 5.173e-06, Loss_ut_ics: 6.012e-04, lr: 1.000e-03, Time: 3.55e+03
Model state saved to ./results/models/checkpoints/schrodinger/qho/2025-09-16_19-56-00-999728/model.pth
Model state saved to ./results/models/checkpoints/schrodinger/qho/2025-09-16_19-56-00-999728/model_weights.pth
It: 1496, Loss: 2.339e-05, Loss_res: 1.999e-03,  Loss_bcs: 1.960e-06, Loss_ut_ics: 1.442e-04, lr: 1.000e-03, Time: 3.56e+03
Model state saved to ./results/models/checkpoints/schrodinger/qho/2025-09-16_19-56-00-999728/model.pth
Model state saved to ./results/models/checkpoints/schrodinger/qho/2025-09-16_19-56-00-999728/model_weights.pth
It: 1497, Loss: 3.481e-05, Loss_res: 1.501e-03,  Loss_bcs: 3.701e-06, Loss_ut_ics: 1.610e-03, lr: 1.000e-03, Time: 3.56e+03
Model state saved to ./results/models/checkpoints/schrodinger/qho/2025-09-16_19-56-00-999728/model.pth
Model state saved to ./results/models/checkpoints/schrodinger/qho/2025-09-16_19-56-00-999728/model_weights.pth
It: 1498, Loss: 2.880e-05, Loss_res: 1.625e-03,  Loss_bcs: 8.155e-06, Loss_ut_ics: 4.396e-04, lr: 1.000e-03, Time: 3.56e+03
Model state saved to ./results/models/checkpoints/schrodinger/qho/2025-09-16_19-56-00-999728/model.pth
Model state saved to ./results/models/checkpoints/schrodinger/qho/2025-09-16_19-56-00-999728/model_weights.pth
It: 1499, Loss: 2.673e-05, Loss_res: 1.597e-03,  Loss_bcs: 3.404e-06, Loss_ut_ics: 7.352e-04, lr: 1.000e-03, Time: 3.56e+03
Model state saved to ./results/models/checkpoints/schrodinger/qho/2025-09-16_19-56-00-999728/model.pth
Model state saved to ./results/models/checkpoints/schrodinger/qho/2025-09-16_19-56-00-999728/model_weights.pth
It: 1500, Loss: 2.241e-05, Loss_res: 1.403e-03,  Loss_bcs: 1.160e-06, Loss_ut_ics: 7.215e-04, lr: 1.000e-03, Time: 3.56e+03
Model state saved to ./results/models/checkpoints/schrodinger/qho/2025-09-16_19-56-00-999728/model.pth
Model state saved to ./results/models/checkpoints/schrodinger/qho/2025-09-16_19-56-00-999728/model_weights.pth
It: 1501, Loss: 3.444e-05, Loss_res: 2.003e-03,  Loss_bcs: 2.129e-06, Loss_ut_ics: 1.228e-03, lr: 1.000e-03, Time: 3.57e+03
Model state saved to ./results/models/checkpoints/schrodinger/qho/2025-09-16_19-56-00-999728/model.pth
Model state saved to ./results/models/checkpoints/schrodinger/qho/2025-09-16_19-56-00-999728/model_weights.pth
It: 1502, Loss: 2.958e-05, Loss_res: 1.924e-03,  Loss_bcs: 2.073e-06, Loss_ut_ics: 8.269e-04, lr: 1.000e-03, Time: 3.57e+03
Model state saved to ./results/models/checkpoints/schrodinger/qho/2025-09-16_19-56-00-999728/model.pth
Model state saved to ./results/models/checkpoints/schrodinger/qho/2025-09-16_19-56-00-999728/model_weights.pth
It: 1503, Loss: 2.772e-05, Loss_res: 1.576e-03,  Loss_bcs: 2.621e-06, Loss_ut_ics: 9.345e-04, lr: 1.000e-03, Time: 3.57e+03
Model state saved to ./results/models/checkpoints/schrodinger/qho/2025-09-16_19-56-00-999728/model.pth
Model state saved to ./results/models/checkpoints/schrodinger/qho/2025-09-16_19-56-00-999728/model_weights.pth
It: 1504, Loss: 2.755e-05, Loss_res: 1.401e-03,  Loss_bcs: 4.184e-06, Loss_ut_ics: 9.350e-04, lr: 1.000e-03, Time: 3.57e+03
Model state saved to ./results/models/checkpoints/schrodinger/qho/2025-09-16_19-56-00-999728/model.pth
Model state saved to ./results/models/checkpoints/schrodinger/qho/2025-09-16_19-56-00-999728/model_weights.pth
It: 1505, Loss: 2.055e-05, Loss_res: 1.648e-03,  Loss_bcs: 1.415e-06, Loss_ut_ics: 2.650e-04, lr: 1.000e-03, Time: 3.57e+03
Model state saved to ./results/models/checkpoints/schrodinger/qho/2025-09-16_19-56-00-999728/model.pth
Model state saved to ./results/models/checkpoints/schrodinger/qho/2025-09-16_19-56-00-999728/model_weights.pth
It: 1506, Loss: 2.349e-05, Loss_res: 1.777e-03,  Loss_bcs: 1.947e-06, Loss_ut_ics: 3.779e-04, lr: 1.000e-03, Time: 3.58e+03
Model state saved to ./results/models/checkpoints/schrodinger/qho/2025-09-16_19-56-00-999728/model.pth
Model state saved to ./results/models/checkpoints/schrodinger/qho/2025-09-16_19-56-00-999728/model_weights.pth
It: 1507, Loss: 2.361e-05, Loss_res: 1.180e-03,  Loss_bcs: 3.239e-06, Loss_ut_ics: 8.578e-04, lr: 1.000e-03, Time: 3.58e+03
Model state saved to ./results/models/checkpoints/schrodinger/qho/2025-09-16_19-56-00-999728/model.pth
Model state saved to ./results/models/checkpoints/schrodinger/qho/2025-09-16_19-56-00-999728/model_weights.pth
It: 1508, Loss: 2.921e-05, Loss_res: 1.302e-03,  Loss_bcs: 2.725e-06, Loss_ut_ics: 1.347e-03, lr: 1.000e-03, Time: 3.58e+03
Model state saved to ./results/models/checkpoints/schrodinger/qho/2025-09-16_19-56-00-999728/model.pth
Model state saved to ./results/models/checkpoints/schrodinger/qho/2025-09-16_19-56-00-999728/model_weights.pth
It: 1509, Loss: 3.495e-05, Loss_res: 2.109e-03,  Loss_bcs: 3.207e-06, Loss_ut_ics: 1.066e-03, lr: 1.000e-03, Time: 3.58e+03
Model state saved to ./results/models/checkpoints/schrodinger/qho/2025-09-16_19-56-00-999728/model.pth
Model state saved to ./results/models/checkpoints/schrodinger/qho/2025-09-16_19-56-00-999728/model_weights.pth
It: 1510, Loss: 4.231e-05, Loss_res: 1.414e-03,  Loss_bcs: 1.042e-05, Loss_ut_ics: 1.776e-03, lr: 1.000e-03, Time: 3.58e+03
Model state saved to ./results/models/checkpoints/schrodinger/qho/2025-09-16_19-56-00-999728/model.pth
Model state saved to ./results/models/checkpoints/schrodinger/qho/2025-09-16_19-56-00-999728/model_weights.pth
It: 1511, Loss: 2.640e-05, Loss_res: 1.647e-03,  Loss_bcs: 5.439e-06, Loss_ut_ics: 4.492e-04, lr: 1.000e-03, Time: 3.59e+03
Model state saved to ./results/models/checkpoints/schrodinger/qho/2025-09-16_19-56-00-999728/model.pth
Model state saved to ./results/models/checkpoints/schrodinger/qho/2025-09-16_19-56-00-999728/model_weights.pth
It: 1512, Loss: 3.657e-05, Loss_res: 2.597e-03,  Loss_bcs: 3.494e-06, Loss_ut_ics: 7.106e-04, lr: 1.000e-03, Time: 3.59e+03
Model state saved to ./results/models/checkpoints/schrodinger/qho/2025-09-16_19-56-00-999728/model.pth
Model state saved to ./results/models/checkpoints/schrodinger/qho/2025-09-16_19-56-00-999728/model_weights.pth
It: 1513, Loss: 3.096e-05, Loss_res: 2.284e-03,  Loss_bcs: 4.778e-06, Loss_ut_ics: 3.334e-04, lr: 1.000e-03, Time: 3.59e+03
Model state saved to ./results/models/checkpoints/schrodinger/qho/2025-09-16_19-56-00-999728/model.pth
Model state saved to ./results/models/checkpoints/schrodinger/qho/2025-09-16_19-56-00-999728/model_weights.pth
It: 1514, Loss: 2.651e-05, Loss_res: 1.477e-03,  Loss_bcs: 6.242e-06, Loss_ut_ics: 5.495e-04, lr: 1.000e-03, Time: 3.59e+03
Model state saved to ./results/models/checkpoints/schrodinger/qho/2025-09-16_19-56-00-999728/model.pth
Model state saved to ./results/models/checkpoints/schrodinger/qho/2025-09-16_19-56-00-999728/model_weights.pth
It: 1515, Loss: 4.986e-05, Loss_res: 1.251e-03,  Loss_bcs: 1.708e-05, Loss_ut_ics: 2.028e-03, lr: 1.000e-03, Time: 3.59e+03
Model state saved to ./results/models/checkpoints/schrodinger/qho/2025-09-16_19-56-00-999728/model.pth
Model state saved to ./results/models/checkpoints/schrodinger/qho/2025-09-16_19-56-00-999728/model_weights.pth
It: 1516, Loss: 3.288e-05, Loss_res: 2.280e-03,  Loss_bcs: 2.433e-06, Loss_ut_ics: 7.641e-04, lr: 1.000e-03, Time: 3.60e+03
Model state saved to ./results/models/checkpoints/schrodinger/qho/2025-09-16_19-56-00-999728/model.pth
Model state saved to ./results/models/checkpoints/schrodinger/qho/2025-09-16_19-56-00-999728/model_weights.pth
It: 1517, Loss: 4.365e-05, Loss_res: 2.504e-03,  Loss_bcs: 5.839e-06, Loss_ut_ics: 1.278e-03, lr: 1.000e-03, Time: 3.60e+03
Model state saved to ./results/models/checkpoints/schrodinger/qho/2025-09-16_19-56-00-999728/model.pth
Model state saved to ./results/models/checkpoints/schrodinger/qho/2025-09-16_19-56-00-999728/model_weights.pth
It: 1518, Loss: 2.478e-05, Loss_res: 1.719e-03,  Loss_bcs: 2.536e-06, Loss_ut_ics: 5.055e-04, lr: 1.000e-03, Time: 3.60e+03
Model state saved to ./results/models/checkpoints/schrodinger/qho/2025-09-16_19-56-00-999728/model.pth
Model state saved to ./results/models/checkpoints/schrodinger/qho/2025-09-16_19-56-00-999728/model_weights.pth
It: 1519, Loss: 4.046e-05, Loss_res: 1.931e-03,  Loss_bcs: 1.443e-05, Loss_ut_ics: 6.721e-04, lr: 1.000e-03, Time: 3.60e+03
Model state saved to ./results/models/checkpoints/schrodinger/qho/2025-09-16_19-56-00-999728/model.pth
Model state saved to ./results/models/checkpoints/schrodinger/qho/2025-09-16_19-56-00-999728/model_weights.pth
It: 1520, Loss: 3.354e-05, Loss_res: 1.610e-03,  Loss_bcs: 8.828e-06, Loss_ut_ics: 8.609e-04, lr: 1.000e-03, Time: 3.60e+03
Model state saved to ./results/models/checkpoints/schrodinger/qho/2025-09-16_19-56-00-999728/model.pth
Model state saved to ./results/models/checkpoints/schrodinger/qho/2025-09-16_19-56-00-999728/model_weights.pth
It: 1521, Loss: 3.196e-05, Loss_res: 2.262e-03,  Loss_bcs: 1.687e-06, Loss_ut_ics: 7.647e-04, lr: 1.000e-03, Time: 3.61e+03
Model state saved to ./results/models/checkpoints/schrodinger/qho/2025-09-16_19-56-00-999728/model.pth
Model state saved to ./results/models/checkpoints/schrodinger/qho/2025-09-16_19-56-00-999728/model_weights.pth
It: 1522, Loss: 2.663e-05, Loss_res: 1.709e-03,  Loss_bcs: 1.807e-06, Loss_ut_ics: 7.731e-04, lr: 1.000e-03, Time: 3.61e+03
Model state saved to ./results/models/checkpoints/schrodinger/qho/2025-09-16_19-56-00-999728/model.pth
Model state saved to ./results/models/checkpoints/schrodinger/qho/2025-09-16_19-56-00-999728/model_weights.pth
It: 1523, Loss: 3.023e-05, Loss_res: 1.498e-03,  Loss_bcs: 1.265e-05, Loss_ut_ics: 2.599e-04, lr: 1.000e-03, Time: 3.61e+03
Model state saved to ./results/models/checkpoints/schrodinger/qho/2025-09-16_19-56-00-999728/model.pth
Model state saved to ./results/models/checkpoints/schrodinger/qho/2025-09-16_19-56-00-999728/model_weights.pth
It: 1524, Loss: 3.671e-05, Loss_res: 1.843e-03,  Loss_bcs: 7.620e-06, Loss_ut_ics: 1.065e-03, lr: 1.000e-03, Time: 3.61e+03
Model state saved to ./results/models/checkpoints/schrodinger/qho/2025-09-16_19-56-00-999728/model.pth
Model state saved to ./results/models/checkpoints/schrodinger/qho/2025-09-16_19-56-00-999728/model_weights.pth
It: 1525, Loss: 3.170e-05, Loss_res: 1.698e-03,  Loss_bcs: 2.957e-06, Loss_ut_ics: 1.177e-03, lr: 1.000e-03, Time: 3.61e+03
Model state saved to ./results/models/checkpoints/schrodinger/qho/2025-09-16_19-56-00-999728/model.pth
Model state saved to ./results/models/checkpoints/schrodinger/qho/2025-09-16_19-56-00-999728/model_weights.pth
It: 1526, Loss: 3.735e-05, Loss_res: 1.870e-03,  Loss_bcs: 9.282e-06, Loss_ut_ics: 9.373e-04, lr: 1.000e-03, Time: 3.62e+03
Model state saved to ./results/models/checkpoints/schrodinger/qho/2025-09-16_19-56-00-999728/model.pth
Model state saved to ./results/models/checkpoints/schrodinger/qho/2025-09-16_19-56-00-999728/model_weights.pth
It: 1527, Loss: 3.495e-05, Loss_res: 2.574e-03,  Loss_bcs: 6.758e-06, Loss_ut_ics: 2.458e-04, lr: 1.000e-03, Time: 3.62e+03
Model state saved to ./results/models/checkpoints/schrodinger/qho/2025-09-16_19-56-00-999728/model.pth
Model state saved to ./results/models/checkpoints/schrodinger/qho/2025-09-16_19-56-00-999728/model_weights.pth
It: 1528, Loss: 2.845e-05, Loss_res: 1.912e-03,  Loss_bcs: 3.097e-06, Loss_ut_ics: 6.232e-04, lr: 1.000e-03, Time: 3.62e+03
Model state saved to ./results/models/checkpoints/schrodinger/qho/2025-09-16_19-56-00-999728/model.pth
Model state saved to ./results/models/checkpoints/schrodinger/qho/2025-09-16_19-56-00-999728/model_weights.pth
It: 1529, Loss: 3.225e-05, Loss_res: 1.728e-03,  Loss_bcs: 7.878e-06, Loss_ut_ics: 7.090e-04, lr: 1.000e-03, Time: 3.62e+03
Model state saved to ./results/models/checkpoints/schrodinger/qho/2025-09-16_19-56-00-999728/model.pth
Model state saved to ./results/models/checkpoints/schrodinger/qho/2025-09-16_19-56-00-999728/model_weights.pth
It: 1530, Loss: 3.439e-05, Loss_res: 2.496e-03,  Loss_bcs: 6.742e-06, Loss_ut_ics: 2.688e-04, lr: 1.000e-03, Time: 3.62e+03
Model state saved to ./results/models/checkpoints/schrodinger/qho/2025-09-16_19-56-00-999728/model.pth
Model state saved to ./results/models/checkpoints/schrodinger/qho/2025-09-16_19-56-00-999728/model_weights.pth
It: 1531, Loss: 2.886e-05, Loss_res: 2.073e-03,  Loss_bcs: 2.098e-06, Loss_ut_ics: 6.032e-04, lr: 1.000e-03, Time: 3.62e+03
Model state saved to ./results/models/checkpoints/schrodinger/qho/2025-09-16_19-56-00-999728/model.pth
Model state saved to ./results/models/checkpoints/schrodinger/qho/2025-09-16_19-56-00-999728/model_weights.pth
It: 1532, Loss: 2.239e-05, Loss_res: 1.296e-03,  Loss_bcs: 1.750e-06, Loss_ut_ics: 7.674e-04, lr: 1.000e-03, Time: 3.63e+03
Model state saved to ./results/models/checkpoints/schrodinger/qho/2025-09-16_19-56-00-999728/model.pth
Model state saved to ./results/models/checkpoints/schrodinger/qho/2025-09-16_19-56-00-999728/model_weights.pth
It: 1533, Loss: 2.741e-05, Loss_res: 1.251e-03,  Loss_bcs: 1.081e-05, Loss_ut_ics: 4.079e-04, lr: 1.000e-03, Time: 3.63e+03
Model state saved to ./results/models/checkpoints/schrodinger/qho/2025-09-16_19-56-00-999728/model.pth
Model state saved to ./results/models/checkpoints/schrodinger/qho/2025-09-16_19-56-00-999728/model_weights.pth
It: 1534, Loss: 2.994e-05, Loss_res: 2.028e-03,  Loss_bcs: 6.632e-06, Loss_ut_ics: 3.031e-04, lr: 1.000e-03, Time: 3.63e+03
Model state saved to ./results/models/checkpoints/schrodinger/qho/2025-09-16_19-56-00-999728/model.pth
Model state saved to ./results/models/checkpoints/schrodinger/qho/2025-09-16_19-56-00-999728/model_weights.pth
It: 1535, Loss: 2.783e-05, Loss_res: 2.035e-03,  Loss_bcs: 2.341e-06, Loss_ut_ics: 5.144e-04, lr: 1.000e-03, Time: 3.63e+03
Model state saved to ./results/models/checkpoints/schrodinger/qho/2025-09-16_19-56-00-999728/model.pth
Model state saved to ./results/models/checkpoints/schrodinger/qho/2025-09-16_19-56-00-999728/model_weights.pth
It: 1536, Loss: 3.056e-05, Loss_res: 1.809e-03,  Loss_bcs: 6.909e-06, Loss_ut_ics: 5.555e-04, lr: 1.000e-03, Time: 3.63e+03
Model state saved to ./results/models/checkpoints/schrodinger/qho/2025-09-16_19-56-00-999728/model.pth
Model state saved to ./results/models/checkpoints/schrodinger/qho/2025-09-16_19-56-00-999728/model_weights.pth
It: 1537, Loss: 3.787e-05, Loss_res: 2.243e-03,  Loss_bcs: 9.117e-06, Loss_ut_ics: 6.328e-04, lr: 1.000e-03, Time: 3.64e+03
Model state saved to ./results/models/checkpoints/schrodinger/qho/2025-09-16_19-56-00-999728/model.pth
Model state saved to ./results/models/checkpoints/schrodinger/qho/2025-09-16_19-56-00-999728/model_weights.pth
It: 1538, Loss: 4.059e-05, Loss_res: 1.278e-03,  Loss_bcs: 1.922e-05, Loss_ut_ics: 8.591e-04, lr: 1.000e-03, Time: 3.64e+03
Model state saved to ./results/models/checkpoints/schrodinger/qho/2025-09-16_19-56-00-999728/model.pth
Model state saved to ./results/models/checkpoints/schrodinger/qho/2025-09-16_19-56-00-999728/model_weights.pth
It: 1539, Loss: 2.735e-05, Loss_res: 1.542e-03,  Loss_bcs: 4.600e-06, Loss_ut_ics: 7.336e-04, lr: 1.000e-03, Time: 3.64e+03
Model state saved to ./results/models/checkpoints/schrodinger/qho/2025-09-16_19-56-00-999728/model.pth
Model state saved to ./results/models/checkpoints/schrodinger/qho/2025-09-16_19-56-00-999728/model_weights.pth
It: 1540, Loss: 2.973e-05, Loss_res: 2.103e-03,  Loss_bcs: 5.541e-06, Loss_ut_ics: 3.160e-04, lr: 1.000e-03, Time: 3.64e+03
Model state saved to ./results/models/checkpoints/schrodinger/qho/2025-09-16_19-56-00-999728/model.pth
Model state saved to ./results/models/checkpoints/schrodinger/qho/2025-09-16_19-56-00-999728/model_weights.pth
It: 1541, Loss: 2.394e-05, Loss_res: 1.651e-03,  Loss_bcs: 2.648e-06, Loss_ut_ics: 4.777e-04, lr: 1.000e-03, Time: 3.64e+03
Model state saved to ./results/models/checkpoints/schrodinger/qho/2025-09-16_19-56-00-999728/model.pth
Model state saved to ./results/models/checkpoints/schrodinger/qho/2025-09-16_19-56-00-999728/model_weights.pth
It: 1542, Loss: 3.917e-05, Loss_res: 1.609e-03,  Loss_bcs: 9.028e-06, Loss_ut_ics: 1.405e-03, lr: 1.000e-03, Time: 3.65e+03
Model state saved to ./results/models/checkpoints/schrodinger/qho/2025-09-16_19-56-00-999728/model.pth
Model state saved to ./results/models/checkpoints/schrodinger/qho/2025-09-16_19-56-00-999728/model_weights.pth
It: 1543, Loss: 2.549e-05, Loss_res: 1.835e-03,  Loss_bcs: 3.383e-06, Loss_ut_ics: 3.755e-04, lr: 1.000e-03, Time: 3.65e+03
Model state saved to ./results/models/checkpoints/schrodinger/qho/2025-09-16_19-56-00-999728/model.pth
Model state saved to ./results/models/checkpoints/schrodinger/qho/2025-09-16_19-56-00-999728/model_weights.pth
It: 1544, Loss: 1.978e-05, Loss_res: 1.430e-03,  Loss_bcs: 8.309e-07, Loss_ut_ics: 4.642e-04, lr: 1.000e-03, Time: 3.65e+03
Model state saved to ./results/models/checkpoints/schrodinger/qho/2025-09-16_19-56-00-999728/model.pth
Model state saved to ./results/models/checkpoints/schrodinger/qho/2025-09-16_19-56-00-999728/model_weights.pth
It: 1545, Loss: 2.888e-05, Loss_res: 2.017e-03,  Loss_bcs: 3.703e-06, Loss_ut_ics: 5.009e-04, lr: 1.000e-03, Time: 3.65e+03
Model state saved to ./results/models/checkpoints/schrodinger/qho/2025-09-16_19-56-00-999728/model.pth
Model state saved to ./results/models/checkpoints/schrodinger/qho/2025-09-16_19-56-00-999728/model_weights.pth
It: 1546, Loss: 2.510e-05, Loss_res: 1.927e-03,  Loss_bcs: 7.649e-07, Loss_ut_ics: 5.072e-04, lr: 1.000e-03, Time: 3.65e+03
Model state saved to ./results/models/checkpoints/schrodinger/qho/2025-09-16_19-56-00-999728/model.pth
Model state saved to ./results/models/checkpoints/schrodinger/qho/2025-09-16_19-56-00-999728/model_weights.pth
It: 1547, Loss: 2.124e-05, Loss_res: 1.319e-03,  Loss_bcs: 3.781e-06, Loss_ut_ics: 4.265e-04, lr: 1.000e-03, Time: 3.65e+03
Model state saved to ./results/models/checkpoints/schrodinger/qho/2025-09-16_19-56-00-999728/model.pth
Model state saved to ./results/models/checkpoints/schrodinger/qho/2025-09-16_19-56-00-999728/model_weights.pth
It: 1548, Loss: 1.890e-05, Loss_res: 8.379e-04,  Loss_bcs: 4.318e-06, Loss_ut_ics: 6.200e-04, lr: 1.000e-03, Time: 3.66e+03
Model state saved to ./results/models/checkpoints/schrodinger/qho/2025-09-16_19-56-00-999728/model.pth
Model state saved to ./results/models/checkpoints/schrodinger/qho/2025-09-16_19-56-00-999728/model_weights.pth
It: 1549, Loss: 2.677e-05, Loss_res: 1.959e-03,  Loss_bcs: 1.033e-06, Loss_ut_ics: 6.149e-04, lr: 1.000e-03, Time: 3.66e+03
Model state saved to ./results/models/checkpoints/schrodinger/qho/2025-09-16_19-56-00-999728/model.pth
Model state saved to ./results/models/checkpoints/schrodinger/qho/2025-09-16_19-56-00-999728/model_weights.pth
It: 1550, Loss: 2.153e-05, Loss_res: 1.411e-03,  Loss_bcs: 2.994e-06, Loss_ut_ics: 4.430e-04, lr: 1.000e-03, Time: 3.66e+03
Model state saved to ./results/models/checkpoints/schrodinger/qho/2025-09-16_19-56-00-999728/model.pth
Model state saved to ./results/models/checkpoints/schrodinger/qho/2025-09-16_19-56-00-999728/model_weights.pth
It: 1551, Loss: 2.323e-05, Loss_res: 1.555e-03,  Loss_bcs: 2.584e-06, Loss_ut_ics: 5.095e-04, lr: 1.000e-03, Time: 3.66e+03
Model state saved to ./results/models/checkpoints/schrodinger/qho/2025-09-16_19-56-00-999728/model.pth
Model state saved to ./results/models/checkpoints/schrodinger/qho/2025-09-16_19-56-00-999728/model_weights.pth
It: 1552, Loss: 2.038e-05, Loss_res: 1.533e-03,  Loss_bcs: 3.662e-06, Loss_ut_ics: 1.388e-04, lr: 1.000e-03, Time: 3.66e+03
Model state saved to ./results/models/checkpoints/schrodinger/qho/2025-09-16_19-56-00-999728/model.pth
Model state saved to ./results/models/checkpoints/schrodinger/qho/2025-09-16_19-56-00-999728/model_weights.pth
It: 1553, Loss: 3.767e-05, Loss_res: 2.167e-03,  Loss_bcs: 4.672e-06, Loss_ut_ics: 1.133e-03, lr: 1.000e-03, Time: 3.67e+03
Model state saved to ./results/models/checkpoints/schrodinger/qho/2025-09-16_19-56-00-999728/model.pth
Model state saved to ./results/models/checkpoints/schrodinger/qho/2025-09-16_19-56-00-999728/model_weights.pth
It: 1554, Loss: 2.641e-05, Loss_res: 2.401e-03,  Loss_bcs: 1.317e-06, Loss_ut_ics: 1.088e-04, lr: 1.000e-03, Time: 3.67e+03
Model state saved to ./results/models/checkpoints/schrodinger/qho/2025-09-16_19-56-00-999728/model.pth
Model state saved to ./results/models/checkpoints/schrodinger/qho/2025-09-16_19-56-00-999728/model_weights.pth
It: 1555, Loss: 2.445e-05, Loss_res: 1.871e-03,  Loss_bcs: 3.776e-06, Loss_ut_ics: 1.968e-04, lr: 1.000e-03, Time: 3.67e+03
Model state saved to ./results/models/checkpoints/schrodinger/qho/2025-09-16_19-56-00-999728/model.pth
Model state saved to ./results/models/checkpoints/schrodinger/qho/2025-09-16_19-56-00-999728/model_weights.pth
It: 1556, Loss: 2.466e-05, Loss_res: 1.449e-03,  Loss_bcs: 1.748e-06, Loss_ut_ics: 8.416e-04, lr: 1.000e-03, Time: 3.67e+03
Model state saved to ./results/models/checkpoints/schrodinger/qho/2025-09-16_19-56-00-999728/model.pth
Model state saved to ./results/models/checkpoints/schrodinger/qho/2025-09-16_19-56-00-999728/model_weights.pth
It: 1557, Loss: 2.672e-05, Loss_res: 1.682e-03,  Loss_bcs: 5.752e-06, Loss_ut_ics: 4.152e-04, lr: 1.000e-03, Time: 3.67e+03
Model state saved to ./results/models/checkpoints/schrodinger/qho/2025-09-16_19-56-00-999728/model.pth
Model state saved to ./results/models/checkpoints/schrodinger/qho/2025-09-16_19-56-00-999728/model_weights.pth
It: 1558, Loss: 3.436e-05, Loss_res: 1.748e-03,  Loss_bcs: 5.576e-06, Loss_ut_ics: 1.130e-03, lr: 1.000e-03, Time: 3.68e+03
Model state saved to ./results/models/checkpoints/schrodinger/qho/2025-09-16_19-56-00-999728/model.pth
Model state saved to ./results/models/checkpoints/schrodinger/qho/2025-09-16_19-56-00-999728/model_weights.pth
It: 1559, Loss: 2.961e-05, Loss_res: 1.815e-03,  Loss_bcs: 2.033e-06, Loss_ut_ics: 9.425e-04, lr: 1.000e-03, Time: 3.68e+03
Model state saved to ./results/models/checkpoints/schrodinger/qho/2025-09-16_19-56-00-999728/model.pth
Model state saved to ./results/models/checkpoints/schrodinger/qho/2025-09-16_19-56-00-999728/model_weights.pth
It: 1560, Loss: 3.448e-05, Loss_res: 2.214e-03,  Loss_bcs: 2.897e-06, Loss_ut_ics: 9.444e-04, lr: 1.000e-03, Time: 3.68e+03
Model state saved to ./results/models/checkpoints/schrodinger/qho/2025-09-16_19-56-00-999728/model.pth
Model state saved to ./results/models/checkpoints/schrodinger/qho/2025-09-16_19-56-00-999728/model_weights.pth
It: 1561, Loss: 3.207e-05, Loss_res: 2.117e-03,  Loss_bcs: 4.402e-06, Loss_ut_ics: 6.498e-04, lr: 1.000e-03, Time: 3.68e+03
Model state saved to ./results/models/checkpoints/schrodinger/qho/2025-09-16_19-56-00-999728/model.pth
Model state saved to ./results/models/checkpoints/schrodinger/qho/2025-09-16_19-56-00-999728/model_weights.pth
It: 1562, Loss: 4.085e-05, Loss_res: 1.501e-03,  Loss_bcs: 1.725e-05, Loss_ut_ics: 8.579e-04, lr: 1.000e-03, Time: 3.68e+03
Model state saved to ./results/models/checkpoints/schrodinger/qho/2025-09-16_19-56-00-999728/model.pth
Model state saved to ./results/models/checkpoints/schrodinger/qho/2025-09-16_19-56-00-999728/model_weights.pth
It: 1563, Loss: 2.537e-05, Loss_res: 1.625e-03,  Loss_bcs: 5.550e-06, Loss_ut_ics: 3.574e-04, lr: 1.000e-03, Time: 3.68e+03
Model state saved to ./results/models/checkpoints/schrodinger/qho/2025-09-16_19-56-00-999728/model.pth
Model state saved to ./results/models/checkpoints/schrodinger/qho/2025-09-16_19-56-00-999728/model_weights.pth
It: 1564, Loss: 2.919e-05, Loss_res: 1.944e-03,  Loss_bcs: 6.431e-06, Loss_ut_ics: 3.326e-04, lr: 1.000e-03, Time: 3.69e+03
Model state saved to ./results/models/checkpoints/schrodinger/qho/2025-09-16_19-56-00-999728/model.pth
Model state saved to ./results/models/checkpoints/schrodinger/qho/2025-09-16_19-56-00-999728/model_weights.pth
It: 1565, Loss: 3.274e-05, Loss_res: 2.428e-03,  Loss_bcs: 3.622e-06, Loss_ut_ics: 4.839e-04, lr: 1.000e-03, Time: 3.69e+03
Model state saved to ./results/models/checkpoints/schrodinger/qho/2025-09-16_19-56-00-999728/model.pth
Model state saved to ./results/models/checkpoints/schrodinger/qho/2025-09-16_19-56-00-999728/model_weights.pth
It: 1566, Loss: 4.014e-05, Loss_res: 1.559e-03,  Loss_bcs: 1.279e-05, Loss_ut_ics: 1.175e-03, lr: 1.000e-03, Time: 3.69e+03
Model state saved to ./results/models/checkpoints/schrodinger/qho/2025-09-16_19-56-00-999728/model.pth
Model state saved to ./results/models/checkpoints/schrodinger/qho/2025-09-16_19-56-00-999728/model_weights.pth
It: 1567, Loss: 3.338e-05, Loss_res: 8.903e-04,  Loss_bcs: 1.829e-05, Loss_ut_ics: 6.187e-04, lr: 1.000e-03, Time: 3.69e+03
Model state saved to ./results/models/checkpoints/schrodinger/qho/2025-09-16_19-56-00-999728/model.pth
Model state saved to ./results/models/checkpoints/schrodinger/qho/2025-09-16_19-56-00-999728/model_weights.pth
It: 1568, Loss: 2.918e-05, Loss_res: 2.176e-03,  Loss_bcs: 2.219e-06, Loss_ut_ics: 5.203e-04, lr: 1.000e-03, Time: 3.69e+03
Model state saved to ./results/models/checkpoints/schrodinger/qho/2025-09-16_19-56-00-999728/model.pth
Model state saved to ./results/models/checkpoints/schrodinger/qho/2025-09-16_19-56-00-999728/model_weights.pth
It: 1569, Loss: 3.421e-05, Loss_res: 2.756e-03,  Loss_bcs: 3.472e-06, Loss_ut_ics: 3.181e-04, lr: 1.000e-03, Time: 3.70e+03
Model state saved to ./results/models/checkpoints/schrodinger/qho/2025-09-16_19-56-00-999728/model.pth
Model state saved to ./results/models/checkpoints/schrodinger/qho/2025-09-16_19-56-00-999728/model_weights.pth
It: 1570, Loss: 2.620e-05, Loss_res: 1.385e-03,  Loss_bcs: 7.925e-06, Loss_ut_ics: 4.426e-04, lr: 1.000e-03, Time: 3.70e+03
Model state saved to ./results/models/checkpoints/schrodinger/qho/2025-09-16_19-56-00-999728/model.pth
Model state saved to ./results/models/checkpoints/schrodinger/qho/2025-09-16_19-56-00-999728/model_weights.pth
It: 1571, Loss: 5.245e-05, Loss_res: 1.516e-03,  Loss_bcs: 2.649e-05, Loss_ut_ics: 1.079e-03, lr: 1.000e-03, Time: 3.70e+03
Model state saved to ./results/models/checkpoints/schrodinger/qho/2025-09-16_19-56-00-999728/model.pth
Model state saved to ./results/models/checkpoints/schrodinger/qho/2025-09-16_19-56-00-999728/model_weights.pth
It: 1572, Loss: 2.647e-05, Loss_res: 1.611e-03,  Loss_bcs: 1.816e-06, Loss_ut_ics: 8.546e-04, lr: 1.000e-03, Time: 3.70e+03
Model state saved to ./results/models/checkpoints/schrodinger/qho/2025-09-16_19-56-00-999728/model.pth
Model state saved to ./results/models/checkpoints/schrodinger/qho/2025-09-16_19-56-00-999728/model_weights.pth
It: 1573, Loss: 3.729e-05, Loss_res: 1.620e-03,  Loss_bcs: 1.081e-05, Loss_ut_ics: 1.028e-03, lr: 1.000e-03, Time: 3.70e+03
Model state saved to ./results/models/checkpoints/schrodinger/qho/2025-09-16_19-56-00-999728/model.pth
Model state saved to ./results/models/checkpoints/schrodinger/qho/2025-09-16_19-56-00-999728/model_weights.pth
It: 1574, Loss: 1.881e-05, Loss_res: 1.336e-03,  Loss_bcs: 2.009e-06, Loss_ut_ics: 3.444e-04, lr: 1.000e-03, Time: 3.70e+03
Model state saved to ./results/models/checkpoints/schrodinger/qho/2025-09-16_19-56-00-999728/model.pth
Model state saved to ./results/models/checkpoints/schrodinger/qho/2025-09-16_19-56-00-999728/model_weights.pth
It: 1575, Loss: 3.326e-05, Loss_res: 1.203e-03,  Loss_bcs: 1.012e-05, Loss_ut_ics: 1.110e-03, lr: 1.000e-03, Time: 3.71e+03
Model state saved to ./results/models/checkpoints/schrodinger/qho/2025-09-16_19-56-00-999728/model.pth
Model state saved to ./results/models/checkpoints/schrodinger/qho/2025-09-16_19-56-00-999728/model_weights.pth
It: 1576, Loss: 2.871e-05, Loss_res: 1.097e-03,  Loss_bcs: 9.245e-06, Loss_ut_ics: 8.490e-04, lr: 1.000e-03, Time: 3.71e+03
Model state saved to ./results/models/checkpoints/schrodinger/qho/2025-09-16_19-56-00-999728/model.pth
Model state saved to ./results/models/checkpoints/schrodinger/qho/2025-09-16_19-56-00-999728/model_weights.pth
It: 1577, Loss: 2.343e-05, Loss_res: 1.208e-03,  Loss_bcs: 2.994e-06, Loss_ut_ics: 8.349e-04, lr: 1.000e-03, Time: 3.71e+03
Model state saved to ./results/models/checkpoints/schrodinger/qho/2025-09-16_19-56-00-999728/model.pth
Model state saved to ./results/models/checkpoints/schrodinger/qho/2025-09-16_19-56-00-999728/model_weights.pth
It: 1578, Loss: 4.308e-05, Loss_res: 2.494e-03,  Loss_bcs: 1.216e-05, Loss_ut_ics: 5.973e-04, lr: 1.000e-03, Time: 3.71e+03
Model state saved to ./results/models/checkpoints/schrodinger/qho/2025-09-16_19-56-00-999728/model.pth
Model state saved to ./results/models/checkpoints/schrodinger/qho/2025-09-16_19-56-00-999728/model_weights.pth
It: 1579, Loss: 1.996e-05, Loss_res: 1.650e-03,  Loss_bcs: 9.823e-07, Loss_ut_ics: 2.482e-04, lr: 1.000e-03, Time: 3.71e+03
Model state saved to ./results/models/checkpoints/schrodinger/qho/2025-09-16_19-56-00-999728/model.pth
Model state saved to ./results/models/checkpoints/schrodinger/qho/2025-09-16_19-56-00-999728/model_weights.pth
It: 1580, Loss: 4.735e-05, Loss_res: 1.392e-03,  Loss_bcs: 2.351e-05, Loss_ut_ics: 9.924e-04, lr: 1.000e-03, Time: 3.72e+03
Model state saved to ./results/models/checkpoints/schrodinger/qho/2025-09-16_19-56-00-999728/model.pth
Model state saved to ./results/models/checkpoints/schrodinger/qho/2025-09-16_19-56-00-999728/model_weights.pth
It: 1581, Loss: 2.919e-05, Loss_res: 1.441e-03,  Loss_bcs: 1.189e-05, Loss_ut_ics: 2.889e-04, lr: 1.000e-03, Time: 3.72e+03
Model state saved to ./results/models/checkpoints/schrodinger/qho/2025-09-16_19-56-00-999728/model.pth
Model state saved to ./results/models/checkpoints/schrodinger/qho/2025-09-16_19-56-00-999728/model_weights.pth
It: 1582, Loss: 3.088e-05, Loss_res: 2.136e-03,  Loss_bcs: 5.532e-06, Loss_ut_ics: 3.992e-04, lr: 1.000e-03, Time: 3.72e+03
Model state saved to ./results/models/checkpoints/schrodinger/qho/2025-09-16_19-56-00-999728/model.pth
Model state saved to ./results/models/checkpoints/schrodinger/qho/2025-09-16_19-56-00-999728/model_weights.pth
It: 1583, Loss: 3.839e-05, Loss_res: 2.413e-03,  Loss_bcs: 8.101e-06, Loss_ut_ics: 6.164e-04, lr: 1.000e-03, Time: 3.72e+03
Model state saved to ./results/models/checkpoints/schrodinger/qho/2025-09-16_19-56-00-999728/model.pth
Model state saved to ./results/models/checkpoints/schrodinger/qho/2025-09-16_19-56-00-999728/model_weights.pth
It: 1584, Loss: 2.852e-05, Loss_res: 2.015e-03,  Loss_bcs: 4.334e-06, Loss_ut_ics: 4.034e-04, lr: 1.000e-03, Time: 3.72e+03
Model state saved to ./results/models/checkpoints/schrodinger/qho/2025-09-16_19-56-00-999728/model.pth
Model state saved to ./results/models/checkpoints/schrodinger/qho/2025-09-16_19-56-00-999728/model_weights.pth
It: 1585, Loss: 3.211e-05, Loss_res: 1.636e-03,  Loss_bcs: 1.180e-05, Loss_ut_ics: 3.948e-04, lr: 1.000e-03, Time: 3.73e+03
Model state saved to ./results/models/checkpoints/schrodinger/qho/2025-09-16_19-56-00-999728/model.pth
Model state saved to ./results/models/checkpoints/schrodinger/qho/2025-09-16_19-56-00-999728/model_weights.pth
It: 1586, Loss: 2.857e-05, Loss_res: 1.602e-03,  Loss_bcs: 4.890e-06, Loss_ut_ics: 7.667e-04, lr: 1.000e-03, Time: 3.73e+03
Model state saved to ./results/models/checkpoints/schrodinger/qho/2025-09-16_19-56-00-999728/model.pth
Model state saved to ./results/models/checkpoints/schrodinger/qho/2025-09-16_19-56-00-999728/model_weights.pth
It: 1587, Loss: 2.513e-05, Loss_res: 1.621e-03,  Loss_bcs: 1.896e-06, Loss_ut_ics: 7.027e-04, lr: 1.000e-03, Time: 3.73e+03
Model state saved to ./results/models/checkpoints/schrodinger/qho/2025-09-16_19-56-00-999728/model.pth
Model state saved to ./results/models/checkpoints/schrodinger/qho/2025-09-16_19-56-00-999728/model_weights.pth
It: 1588, Loss: 2.039e-05, Loss_res: 1.526e-03,  Loss_bcs: 3.526e-06, Loss_ut_ics: 1.608e-04, lr: 1.000e-03, Time: 3.73e+03
Model state saved to ./results/models/checkpoints/schrodinger/qho/2025-09-16_19-56-00-999728/model.pth
Model state saved to ./results/models/checkpoints/schrodinger/qho/2025-09-16_19-56-00-999728/model_weights.pth
It: 1589, Loss: 3.456e-05, Loss_res: 2.138e-03,  Loss_bcs: 2.204e-06, Loss_ut_ics: 1.097e-03, lr: 1.000e-03, Time: 3.73e+03
Model state saved to ./results/models/checkpoints/schrodinger/qho/2025-09-16_19-56-00-999728/model.pth
Model state saved to ./results/models/checkpoints/schrodinger/qho/2025-09-16_19-56-00-999728/model_weights.pth
It: 1590, Loss: 3.053e-05, Loss_res: 1.382e-03,  Loss_bcs: 7.932e-06, Loss_ut_ics: 8.770e-04, lr: 1.000e-03, Time: 3.73e+03
Model state saved to ./results/models/checkpoints/schrodinger/qho/2025-09-16_19-56-00-999728/model.pth
Model state saved to ./results/models/checkpoints/schrodinger/qho/2025-09-16_19-56-00-999728/model_weights.pth
It: 1591, Loss: 3.050e-05, Loss_res: 2.070e-03,  Loss_bcs: 1.501e-06, Loss_ut_ics: 8.295e-04, lr: 1.000e-03, Time: 3.74e+03
Model state saved to ./results/models/checkpoints/schrodinger/qho/2025-09-16_19-56-00-999728/model.pth
Model state saved to ./results/models/checkpoints/schrodinger/qho/2025-09-16_19-56-00-999728/model_weights.pth
It: 1592, Loss: 2.497e-05, Loss_res: 1.720e-03,  Loss_bcs: 3.346e-06, Loss_ut_ics: 4.416e-04, lr: 1.000e-03, Time: 3.74e+03
Model state saved to ./results/models/checkpoints/schrodinger/qho/2025-09-16_19-56-00-999728/model.pth
Model state saved to ./results/models/checkpoints/schrodinger/qho/2025-09-16_19-56-00-999728/model_weights.pth
It: 1593, Loss: 2.145e-05, Loss_res: 1.302e-03,  Loss_bcs: 3.801e-06, Loss_ut_ics: 4.635e-04, lr: 1.000e-03, Time: 3.74e+03
Model state saved to ./results/models/checkpoints/schrodinger/qho/2025-09-16_19-56-00-999728/model.pth
Model state saved to ./results/models/checkpoints/schrodinger/qho/2025-09-16_19-56-00-999728/model_weights.pth
It: 1594, Loss: 3.129e-05, Loss_res: 1.764e-03,  Loss_bcs: 1.760e-06, Loss_ut_ics: 1.189e-03, lr: 1.000e-03, Time: 3.74e+03
Model state saved to ./results/models/checkpoints/schrodinger/qho/2025-09-16_19-56-00-999728/model.pth
Model state saved to ./results/models/checkpoints/schrodinger/qho/2025-09-16_19-56-00-999728/model_weights.pth
It: 1595, Loss: 2.602e-05, Loss_res: 1.971e-03,  Loss_bcs: 1.774e-06, Loss_ut_ics: 4.528e-04, lr: 1.000e-03, Time: 3.74e+03
Model state saved to ./results/models/checkpoints/schrodinger/qho/2025-09-16_19-56-00-999728/model.pth
Model state saved to ./results/models/checkpoints/schrodinger/qho/2025-09-16_19-56-00-999728/model_weights.pth
It: 1596, Loss: 2.125e-05, Loss_res: 1.573e-03,  Loss_bcs: 2.272e-06, Loss_ut_ics: 3.243e-04, lr: 1.000e-03, Time: 3.75e+03
Model state saved to ./results/models/checkpoints/schrodinger/qho/2025-09-16_19-56-00-999728/model.pth
Model state saved to ./results/models/checkpoints/schrodinger/qho/2025-09-16_19-56-00-999728/model_weights.pth
It: 1597, Loss: 2.240e-05, Loss_res: 1.378e-03,  Loss_bcs: 2.456e-06, Loss_ut_ics: 6.168e-04, lr: 1.000e-03, Time: 3.75e+03
Model state saved to ./results/models/checkpoints/schrodinger/qho/2025-09-16_19-56-00-999728/model.pth
Model state saved to ./results/models/checkpoints/schrodinger/qho/2025-09-16_19-56-00-999728/model_weights.pth
It: 1598, Loss: 2.802e-05, Loss_res: 1.812e-03,  Loss_bcs: 1.081e-06, Loss_ut_ics: 8.816e-04, lr: 1.000e-03, Time: 3.75e+03
Model state saved to ./results/models/checkpoints/schrodinger/qho/2025-09-16_19-56-00-999728/model.pth
Model state saved to ./results/models/checkpoints/schrodinger/qho/2025-09-16_19-56-00-999728/model_weights.pth
It: 1599, Loss: 2.790e-05, Loss_res: 1.989e-03,  Loss_bcs: 2.055e-06, Loss_ut_ics: 5.953e-04, lr: 1.000e-03, Time: 3.75e+03
Model state saved to ./results/models/checkpoints/schrodinger/qho/2025-09-16_19-56-00-999728/model.pth
Model state saved to ./results/models/checkpoints/schrodinger/qho/2025-09-16_19-56-00-999728/model_weights.pth
It: 1600, Loss: 2.314e-05, Loss_res: 1.366e-03,  Loss_bcs: 6.577e-06, Loss_ut_ics: 2.900e-04, lr: 1.000e-03, Time: 3.75e+03
Model state saved to ./results/models/checkpoints/schrodinger/qho/2025-09-16_19-56-00-999728/model.pth
Model state saved to ./results/models/checkpoints/schrodinger/qho/2025-09-16_19-56-00-999728/model_weights.pth
It: 1601, Loss: 2.748e-05, Loss_res: 1.900e-03,  Loss_bcs: 1.956e-06, Loss_ut_ics: 6.521e-04, lr: 1.000e-03, Time: 3.76e+03
Model state saved to ./results/models/checkpoints/schrodinger/qho/2025-09-16_19-56-00-999728/model.pth
Model state saved to ./results/models/checkpoints/schrodinger/qho/2025-09-16_19-56-00-999728/model_weights.pth
It: 1602, Loss: 2.388e-05, Loss_res: 1.964e-03,  Loss_bcs: 2.565e-06, Loss_ut_ics: 1.678e-04, lr: 1.000e-03, Time: 3.76e+03
Model state saved to ./results/models/checkpoints/schrodinger/qho/2025-09-16_19-56-00-999728/model.pth
Model state saved to ./results/models/checkpoints/schrodinger/qho/2025-09-16_19-56-00-999728/model_weights.pth
It: 1603, Loss: 2.848e-05, Loss_res: 1.698e-03,  Loss_bcs: 3.014e-06, Loss_ut_ics: 8.488e-04, lr: 1.000e-03, Time: 3.76e+03
Model state saved to ./results/models/checkpoints/schrodinger/qho/2025-09-16_19-56-00-999728/model.pth
Model state saved to ./results/models/checkpoints/schrodinger/qho/2025-09-16_19-56-00-999728/model_weights.pth
It: 1604, Loss: 2.873e-05, Loss_res: 1.494e-03,  Loss_bcs: 2.482e-06, Loss_ut_ics: 1.131e-03, lr: 1.000e-03, Time: 3.76e+03
Model state saved to ./results/models/checkpoints/schrodinger/qho/2025-09-16_19-56-00-999728/model.pth
Model state saved to ./results/models/checkpoints/schrodinger/qho/2025-09-16_19-56-00-999728/model_weights.pth
It: 1605, Loss: 2.377e-05, Loss_res: 1.390e-03,  Loss_bcs: 1.349e-06, Loss_ut_ics: 8.519e-04, lr: 1.000e-03, Time: 3.76e+03
Model state saved to ./results/models/checkpoints/schrodinger/qho/2025-09-16_19-56-00-999728/model.pth
Model state saved to ./results/models/checkpoints/schrodinger/qho/2025-09-16_19-56-00-999728/model_weights.pth
It: 1606, Loss: 1.964e-05, Loss_res: 1.460e-03,  Loss_bcs: 2.167e-06, Loss_ut_ics: 2.870e-04, lr: 1.000e-03, Time: 3.76e+03
Model state saved to ./results/models/checkpoints/schrodinger/qho/2025-09-16_19-56-00-999728/model.pth
Model state saved to ./results/models/checkpoints/schrodinger/qho/2025-09-16_19-56-00-999728/model_weights.pth
It: 1607, Loss: 3.310e-05, Loss_res: 2.385e-03,  Loss_bcs: 2.685e-06, Loss_ut_ics: 6.563e-04, lr: 1.000e-03, Time: 3.77e+03
Model state saved to ./results/models/checkpoints/schrodinger/qho/2025-09-16_19-56-00-999728/model.pth
Model state saved to ./results/models/checkpoints/schrodinger/qho/2025-09-16_19-56-00-999728/model_weights.pth
It: 1608, Loss: 3.251e-05, Loss_res: 1.533e-03,  Loss_bcs: 9.611e-06, Loss_ut_ics: 7.568e-04, lr: 1.000e-03, Time: 3.77e+03
Model state saved to ./results/models/checkpoints/schrodinger/qho/2025-09-16_19-56-00-999728/model.pth
Model state saved to ./results/models/checkpoints/schrodinger/qho/2025-09-16_19-56-00-999728/model_weights.pth
It: 1609, Loss: 2.856e-05, Loss_res: 1.510e-03,  Loss_bcs: 8.125e-06, Loss_ut_ics: 5.340e-04, lr: 1.000e-03, Time: 3.77e+03
Model state saved to ./results/models/checkpoints/schrodinger/qho/2025-09-16_19-56-00-999728/model.pth
Model state saved to ./results/models/checkpoints/schrodinger/qho/2025-09-16_19-56-00-999728/model_weights.pth
It: 1610, Loss: 3.422e-05, Loss_res: 1.848e-03,  Loss_bcs: 5.888e-06, Loss_ut_ics: 9.860e-04, lr: 1.000e-03, Time: 3.77e+03
Model state saved to ./results/models/checkpoints/schrodinger/qho/2025-09-16_19-56-00-999728/model.pth
Model state saved to ./results/models/checkpoints/schrodinger/qho/2025-09-16_19-56-00-999728/model_weights.pth
It: 1611, Loss: 2.720e-05, Loss_res: 1.639e-03,  Loss_bcs: 5.437e-06, Loss_ut_ics: 5.376e-04, lr: 1.000e-03, Time: 3.77e+03
Model state saved to ./results/models/checkpoints/schrodinger/qho/2025-09-16_19-56-00-999728/model.pth
Model state saved to ./results/models/checkpoints/schrodinger/qho/2025-09-16_19-56-00-999728/model_weights.pth
It: 1612, Loss: 3.013e-05, Loss_res: 1.974e-03,  Loss_bcs: 7.584e-07, Loss_ut_ics: 9.625e-04, lr: 1.000e-03, Time: 3.78e+03
Model state saved to ./results/models/checkpoints/schrodinger/qho/2025-09-16_19-56-00-999728/model.pth
Model state saved to ./results/models/checkpoints/schrodinger/qho/2025-09-16_19-56-00-999728/model_weights.pth
It: 1613, Loss: 3.727e-05, Loss_res: 1.392e-03,  Loss_bcs: 1.500e-05, Loss_ut_ics: 8.357e-04, lr: 1.000e-03, Time: 3.78e+03
Model state saved to ./results/models/checkpoints/schrodinger/qho/2025-09-16_19-56-00-999728/model.pth
Model state saved to ./results/models/checkpoints/schrodinger/qho/2025-09-16_19-56-00-999728/model_weights.pth
It: 1614, Loss: 2.704e-05, Loss_res: 1.294e-03,  Loss_bcs: 5.616e-06, Loss_ut_ics: 8.489e-04, lr: 1.000e-03, Time: 3.78e+03
Model state saved to ./results/models/checkpoints/schrodinger/qho/2025-09-16_19-56-00-999728/model.pth
Model state saved to ./results/models/checkpoints/schrodinger/qho/2025-09-16_19-56-00-999728/model_weights.pth
It: 1615, Loss: 5.121e-05, Loss_res: 3.334e-03,  Loss_bcs: 8.456e-06, Loss_ut_ics: 9.415e-04, lr: 1.000e-03, Time: 3.78e+03
Model state saved to ./results/models/checkpoints/schrodinger/qho/2025-09-16_19-56-00-999728/model.pth
Model state saved to ./results/models/checkpoints/schrodinger/qho/2025-09-16_19-56-00-999728/model_weights.pth
It: 1616, Loss: 3.075e-05, Loss_res: 1.964e-03,  Loss_bcs: 2.436e-06, Loss_ut_ics: 8.669e-04, lr: 1.000e-03, Time: 3.78e+03
Model state saved to ./results/models/checkpoints/schrodinger/qho/2025-09-16_19-56-00-999728/model.pth
Model state saved to ./results/models/checkpoints/schrodinger/qho/2025-09-16_19-56-00-999728/model_weights.pth
It: 1617, Loss: 3.785e-05, Loss_res: 9.280e-04,  Loss_bcs: 2.089e-05, Loss_ut_ics: 7.671e-04, lr: 1.000e-03, Time: 3.78e+03
Model state saved to ./results/models/checkpoints/schrodinger/qho/2025-09-16_19-56-00-999728/model.pth
Model state saved to ./results/models/checkpoints/schrodinger/qho/2025-09-16_19-56-00-999728/model_weights.pth
It: 1618, Loss: 3.076e-05, Loss_res: 1.307e-03,  Loss_bcs: 1.396e-05, Loss_ut_ics: 3.729e-04, lr: 1.000e-03, Time: 3.79e+03
Model state saved to ./results/models/checkpoints/schrodinger/qho/2025-09-16_19-56-00-999728/model.pth
Model state saved to ./results/models/checkpoints/schrodinger/qho/2025-09-16_19-56-00-999728/model_weights.pth
It: 1619, Loss: 3.160e-05, Loss_res: 1.731e-03,  Loss_bcs: 5.079e-06, Loss_ut_ics: 9.215e-04, lr: 1.000e-03, Time: 3.79e+03
Model state saved to ./results/models/checkpoints/schrodinger/qho/2025-09-16_19-56-00-999728/model.pth
Model state saved to ./results/models/checkpoints/schrodinger/qho/2025-09-16_19-56-00-999728/model_weights.pth
It: 1620, Loss: 2.969e-05, Loss_res: 1.306e-03,  Loss_bcs: 1.073e-05, Loss_ut_ics: 5.893e-04, lr: 1.000e-03, Time: 3.79e+03
Model state saved to ./results/models/checkpoints/schrodinger/qho/2025-09-16_19-56-00-999728/model.pth
Model state saved to ./results/models/checkpoints/schrodinger/qho/2025-09-16_19-56-00-999728/model_weights.pth
It: 1621, Loss: 2.071e-05, Loss_res: 1.443e-03,  Loss_bcs: 2.775e-06, Loss_ut_ics: 3.507e-04, lr: 1.000e-03, Time: 3.79e+03
Model state saved to ./results/models/checkpoints/schrodinger/qho/2025-09-16_19-56-00-999728/model.pth
Model state saved to ./results/models/checkpoints/schrodinger/qho/2025-09-16_19-56-00-999728/model_weights.pth
It: 1622, Loss: 2.904e-05, Loss_res: 9.432e-04,  Loss_bcs: 1.353e-05, Loss_ut_ics: 6.070e-04, lr: 1.000e-03, Time: 3.79e+03
Model state saved to ./results/models/checkpoints/schrodinger/qho/2025-09-16_19-56-00-999728/model.pth
Model state saved to ./results/models/checkpoints/schrodinger/qho/2025-09-16_19-56-00-999728/model_weights.pth
It: 1623, Loss: 2.259e-05, Loss_res: 1.181e-03,  Loss_bcs: 3.721e-06, Loss_ut_ics: 7.051e-04, lr: 1.000e-03, Time: 3.80e+03
Model state saved to ./results/models/checkpoints/schrodinger/qho/2025-09-16_19-56-00-999728/model.pth
Model state saved to ./results/models/checkpoints/schrodinger/qho/2025-09-16_19-56-00-999728/model_weights.pth
It: 1624, Loss: 3.272e-05, Loss_res: 2.139e-03,  Loss_bcs: 5.056e-06, Loss_ut_ics: 6.275e-04, lr: 1.000e-03, Time: 3.80e+03
Model state saved to ./results/models/checkpoints/schrodinger/qho/2025-09-16_19-56-00-999728/model.pth
Model state saved to ./results/models/checkpoints/schrodinger/qho/2025-09-16_19-56-00-999728/model_weights.pth
It: 1625, Loss: 3.239e-05, Loss_res: 2.220e-03,  Loss_bcs: 2.254e-06, Loss_ut_ics: 7.943e-04, lr: 1.000e-03, Time: 3.80e+03
Model state saved to ./results/models/checkpoints/schrodinger/qho/2025-09-16_19-56-00-999728/model.pth
Model state saved to ./results/models/checkpoints/schrodinger/qho/2025-09-16_19-56-00-999728/model_weights.pth
It: 1626, Loss: 3.056e-05, Loss_res: 1.846e-03,  Loss_bcs: 9.219e-06, Loss_ut_ics: 2.881e-04, lr: 1.000e-03, Time: 3.80e+03
Model state saved to ./results/models/checkpoints/schrodinger/qho/2025-09-16_19-56-00-999728/model.pth
Model state saved to ./results/models/checkpoints/schrodinger/qho/2025-09-16_19-56-00-999728/model_weights.pth
It: 1627, Loss: 3.155e-05, Loss_res: 1.196e-03,  Loss_bcs: 1.141e-05, Loss_ut_ics: 8.178e-04, lr: 1.000e-03, Time: 3.80e+03
Model state saved to ./results/models/checkpoints/schrodinger/qho/2025-09-16_19-56-00-999728/model.pth
Model state saved to ./results/models/checkpoints/schrodinger/qho/2025-09-16_19-56-00-999728/model_weights.pth
It: 1628, Loss: 2.010e-05, Loss_res: 1.505e-03,  Loss_bcs: 2.752e-06, Loss_ut_ics: 2.299e-04, lr: 1.000e-03, Time: 3.81e+03
Model state saved to ./results/models/checkpoints/schrodinger/qho/2025-09-16_19-56-00-999728/model.pth
Model state saved to ./results/models/checkpoints/schrodinger/qho/2025-09-16_19-56-00-999728/model_weights.pth
It: 1629, Loss: 2.914e-05, Loss_res: 1.681e-03,  Loss_bcs: 4.355e-06, Loss_ut_ics: 7.973e-04, lr: 1.000e-03, Time: 3.81e+03
Model state saved to ./results/models/checkpoints/schrodinger/qho/2025-09-16_19-56-00-999728/model.pth
Model state saved to ./results/models/checkpoints/schrodinger/qho/2025-09-16_19-56-00-999728/model_weights.pth
It: 1630, Loss: 2.154e-05, Loss_res: 1.345e-03,  Loss_bcs: 3.548e-06, Loss_ut_ics: 4.544e-04, lr: 1.000e-03, Time: 3.81e+03
Model state saved to ./results/models/checkpoints/schrodinger/qho/2025-09-16_19-56-00-999728/model.pth
Model state saved to ./results/models/checkpoints/schrodinger/qho/2025-09-16_19-56-00-999728/model_weights.pth
It: 1631, Loss: 3.446e-05, Loss_res: 1.143e-03,  Loss_bcs: 9.791e-06, Loss_ut_ics: 1.323e-03, lr: 1.000e-03, Time: 3.81e+03
Model state saved to ./results/models/checkpoints/schrodinger/qho/2025-09-16_19-56-00-999728/model.pth
Model state saved to ./results/models/checkpoints/schrodinger/qho/2025-09-16_19-56-00-999728/model_weights.pth
It: 1632, Loss: 1.970e-05, Loss_res: 1.417e-03,  Loss_bcs: 2.169e-06, Loss_ut_ics: 3.368e-04, lr: 1.000e-03, Time: 3.81e+03
Model state saved to ./results/models/checkpoints/schrodinger/qho/2025-09-16_19-56-00-999728/model.pth
Model state saved to ./results/models/checkpoints/schrodinger/qho/2025-09-16_19-56-00-999728/model_weights.pth
It: 1633, Loss: 2.522e-05, Loss_res: 1.873e-03,  Loss_bcs: 3.385e-06, Loss_ut_ics: 3.108e-04, lr: 1.000e-03, Time: 3.81e+03
Model state saved to ./results/models/checkpoints/schrodinger/qho/2025-09-16_19-56-00-999728/model.pth
Model state saved to ./results/models/checkpoints/schrodinger/qho/2025-09-16_19-56-00-999728/model_weights.pth
It: 1634, Loss: 2.113e-05, Loss_res: 1.606e-03,  Loss_bcs: 6.105e-07, Loss_ut_ics: 4.460e-04, lr: 1.000e-03, Time: 3.82e+03
Model state saved to ./results/models/checkpoints/schrodinger/qho/2025-09-16_19-56-00-999728/model.pth
Model state saved to ./results/models/checkpoints/schrodinger/qho/2025-09-16_19-56-00-999728/model_weights.pth
It: 1635, Loss: 2.981e-05, Loss_res: 1.280e-03,  Loss_bcs: 8.995e-06, Loss_ut_ics: 8.013e-04, lr: 1.000e-03, Time: 3.82e+03
Model state saved to ./results/models/checkpoints/schrodinger/qho/2025-09-16_19-56-00-999728/model.pth
Model state saved to ./results/models/checkpoints/schrodinger/qho/2025-09-16_19-56-00-999728/model_weights.pth
It: 1636, Loss: 2.651e-05, Loss_res: 1.686e-03,  Loss_bcs: 4.450e-06, Loss_ut_ics: 5.199e-04, lr: 1.000e-03, Time: 3.82e+03
Model state saved to ./results/models/checkpoints/schrodinger/qho/2025-09-16_19-56-00-999728/model.pth
Model state saved to ./results/models/checkpoints/schrodinger/qho/2025-09-16_19-56-00-999728/model_weights.pth
It: 1637, Loss: 3.422e-05, Loss_res: 2.672e-03,  Loss_bcs: 3.059e-06, Loss_ut_ics: 4.446e-04, lr: 1.000e-03, Time: 3.82e+03
Model state saved to ./results/models/checkpoints/schrodinger/qho/2025-09-16_19-56-00-999728/model.pth
Model state saved to ./results/models/checkpoints/schrodinger/qho/2025-09-16_19-56-00-999728/model_weights.pth
It: 1638, Loss: 2.093e-05, Loss_res: 1.420e-03,  Loss_bcs: 1.643e-06, Loss_ut_ics: 5.085e-04, lr: 1.000e-03, Time: 3.82e+03
Model state saved to ./results/models/checkpoints/schrodinger/qho/2025-09-16_19-56-00-999728/model.pth
Model state saved to ./results/models/checkpoints/schrodinger/qho/2025-09-16_19-56-00-999728/model_weights.pth
It: 1639, Loss: 2.701e-05, Loss_res: 1.251e-03,  Loss_bcs: 2.747e-06, Loss_ut_ics: 1.175e-03, lr: 1.000e-03, Time: 3.83e+03
Model state saved to ./results/models/checkpoints/schrodinger/qho/2025-09-16_19-56-00-999728/model.pth
Model state saved to ./results/models/checkpoints/schrodinger/qho/2025-09-16_19-56-00-999728/model_weights.pth
It: 1640, Loss: 2.175e-05, Loss_res: 1.435e-03,  Loss_bcs: 3.160e-06, Loss_ut_ics: 4.240e-04, lr: 1.000e-03, Time: 3.83e+03
Model state saved to ./results/models/checkpoints/schrodinger/qho/2025-09-16_19-56-00-999728/model.pth
Model state saved to ./results/models/checkpoints/schrodinger/qho/2025-09-16_19-56-00-999728/model_weights.pth
It: 1641, Loss: 2.264e-05, Loss_res: 1.292e-03,  Loss_bcs: 9.835e-07, Loss_ut_ics: 8.743e-04, lr: 1.000e-03, Time: 3.83e+03
Model state saved to ./results/models/checkpoints/schrodinger/qho/2025-09-16_19-56-00-999728/model.pth
Model state saved to ./results/models/checkpoints/schrodinger/qho/2025-09-16_19-56-00-999728/model_weights.pth
It: 1642, Loss: 3.140e-05, Loss_res: 2.142e-03,  Loss_bcs: 1.082e-06, Loss_ut_ics: 8.897e-04, lr: 1.000e-03, Time: 3.83e+03
Model state saved to ./results/models/checkpoints/schrodinger/qho/2025-09-16_19-56-00-999728/model.pth
Model state saved to ./results/models/checkpoints/schrodinger/qho/2025-09-16_19-56-00-999728/model_weights.pth
It: 1643, Loss: 1.796e-05, Loss_res: 1.192e-03,  Loss_bcs: 8.056e-07, Loss_ut_ics: 5.238e-04, lr: 1.000e-03, Time: 3.83e+03
Model state saved to ./results/models/checkpoints/schrodinger/qho/2025-09-16_19-56-00-999728/model.pth
Model state saved to ./results/models/checkpoints/schrodinger/qho/2025-09-16_19-56-00-999728/model_weights.pth
It: 1644, Loss: 2.678e-05, Loss_res: 1.789e-03,  Loss_bcs: 3.070e-06, Loss_ut_ics: 5.820e-04, lr: 1.000e-03, Time: 3.84e+03
Model state saved to ./results/models/checkpoints/schrodinger/qho/2025-09-16_19-56-00-999728/model.pth
Model state saved to ./results/models/checkpoints/schrodinger/qho/2025-09-16_19-56-00-999728/model_weights.pth
It: 1645, Loss: 1.700e-05, Loss_res: 1.182e-03,  Loss_bcs: 2.198e-06, Loss_ut_ics: 2.979e-04, lr: 1.000e-03, Time: 3.84e+03
Model state saved to ./results/models/checkpoints/schrodinger/qho/2025-09-16_19-56-00-999728/model.pth
Model state saved to ./results/models/checkpoints/schrodinger/qho/2025-09-16_19-56-00-999728/model_weights.pth
It: 1646, Loss: 2.858e-05, Loss_res: 1.734e-03,  Loss_bcs: 2.069e-06, Loss_ut_ics: 9.176e-04, lr: 1.000e-03, Time: 3.84e+03
Model state saved to ./results/models/checkpoints/schrodinger/qho/2025-09-16_19-56-00-999728/model.pth
Model state saved to ./results/models/checkpoints/schrodinger/qho/2025-09-16_19-56-00-999728/model_weights.pth
It: 1647, Loss: 1.903e-05, Loss_res: 1.308e-03,  Loss_bcs: 2.452e-06, Loss_ut_ics: 3.491e-04, lr: 1.000e-03, Time: 3.84e+03
Model state saved to ./results/models/checkpoints/schrodinger/qho/2025-09-16_19-56-00-999728/model.pth
Model state saved to ./results/models/checkpoints/schrodinger/qho/2025-09-16_19-56-00-999728/model_weights.pth
It: 1648, Loss: 1.947e-05, Loss_res: 1.550e-03,  Loss_bcs: 1.400e-06, Loss_ut_ics: 2.575e-04, lr: 1.000e-03, Time: 3.84e+03
Model state saved to ./results/models/checkpoints/schrodinger/qho/2025-09-16_19-56-00-999728/model.pth
Model state saved to ./results/models/checkpoints/schrodinger/qho/2025-09-16_19-56-00-999728/model_weights.pth
It: 1649, Loss: 1.744e-05, Loss_res: 9.313e-04,  Loss_bcs: 3.209e-06, Loss_ut_ics: 4.918e-04, lr: 1.000e-03, Time: 3.84e+03
Model state saved to ./results/models/checkpoints/schrodinger/qho/2025-09-16_19-56-00-999728/model.pth
Model state saved to ./results/models/checkpoints/schrodinger/qho/2025-09-16_19-56-00-999728/model_weights.pth
It: 1650, Loss: 2.307e-05, Loss_res: 1.881e-03,  Loss_bcs: 1.940e-06, Loss_ut_ics: 2.322e-04, lr: 1.000e-03, Time: 3.85e+03
Model state saved to ./results/models/checkpoints/schrodinger/qho/2025-09-16_19-56-00-999728/model.pth
Model state saved to ./results/models/checkpoints/schrodinger/qho/2025-09-16_19-56-00-999728/model_weights.pth
It: 1651, Loss: 2.692e-05, Loss_res: 1.650e-03,  Loss_bcs: 1.836e-06, Loss_ut_ics: 8.584e-04, lr: 1.000e-03, Time: 3.85e+03
Model state saved to ./results/models/checkpoints/schrodinger/qho/2025-09-16_19-56-00-999728/model.pth
Model state saved to ./results/models/checkpoints/schrodinger/qho/2025-09-16_19-56-00-999728/model_weights.pth
It: 1652, Loss: 2.249e-05, Loss_res: 1.448e-03,  Loss_bcs: 2.058e-06, Loss_ut_ics: 5.958e-04, lr: 1.000e-03, Time: 3.85e+03
Model state saved to ./results/models/checkpoints/schrodinger/qho/2025-09-16_19-56-00-999728/model.pth
Model state saved to ./results/models/checkpoints/schrodinger/qho/2025-09-16_19-56-00-999728/model_weights.pth
It: 1653, Loss: 2.403e-05, Loss_res: 1.721e-03,  Loss_bcs: 2.030e-06, Loss_ut_ics: 4.791e-04, lr: 1.000e-03, Time: 3.85e+03
Model state saved to ./results/models/checkpoints/schrodinger/qho/2025-09-16_19-56-00-999728/model.pth
Model state saved to ./results/models/checkpoints/schrodinger/qho/2025-09-16_19-56-00-999728/model_weights.pth
It: 1654, Loss: 1.822e-05, Loss_res: 1.356e-03,  Loss_bcs: 1.151e-06, Loss_ut_ics: 3.508e-04, lr: 1.000e-03, Time: 3.85e+03
Model state saved to ./results/models/checkpoints/schrodinger/qho/2025-09-16_19-56-00-999728/model.pth
Model state saved to ./results/models/checkpoints/schrodinger/qho/2025-09-16_19-56-00-999728/model_weights.pth
It: 1655, Loss: 1.749e-05, Loss_res: 1.270e-03,  Loss_bcs: 2.274e-06, Loss_ut_ics: 2.520e-04, lr: 1.000e-03, Time: 3.86e+03
Model state saved to ./results/models/checkpoints/schrodinger/qho/2025-09-16_19-56-00-999728/model.pth
Model state saved to ./results/models/checkpoints/schrodinger/qho/2025-09-16_19-56-00-999728/model_weights.pth
It: 1656, Loss: 3.017e-05, Loss_res: 1.862e-03,  Loss_bcs: 2.266e-06, Loss_ut_ics: 9.286e-04, lr: 1.000e-03, Time: 3.86e+03
Model state saved to ./results/models/checkpoints/schrodinger/qho/2025-09-16_19-56-00-999728/model.pth
Model state saved to ./results/models/checkpoints/schrodinger/qho/2025-09-16_19-56-00-999728/model_weights.pth
It: 1657, Loss: 2.420e-05, Loss_res: 2.186e-03,  Loss_bcs: 1.885e-06, Loss_ut_ics: 4.511e-05, lr: 1.000e-03, Time: 3.86e+03
Model state saved to ./results/models/checkpoints/schrodinger/qho/2025-09-16_19-56-00-999728/model.pth
Model state saved to ./results/models/checkpoints/schrodinger/qho/2025-09-16_19-56-00-999728/model_weights.pth
It: 1658, Loss: 2.502e-05, Loss_res: 1.634e-03,  Loss_bcs: 2.353e-06, Loss_ut_ics: 6.330e-04, lr: 1.000e-03, Time: 3.86e+03
Model state saved to ./results/models/checkpoints/schrodinger/qho/2025-09-16_19-56-00-999728/model.pth
Model state saved to ./results/models/checkpoints/schrodinger/qho/2025-09-16_19-56-00-999728/model_weights.pth
It: 1659, Loss: 1.856e-05, Loss_res: 1.324e-03,  Loss_bcs: 1.236e-06, Loss_ut_ics: 4.081e-04, lr: 1.000e-03, Time: 3.86e+03
Model state saved to ./results/models/checkpoints/schrodinger/qho/2025-09-16_19-56-00-999728/model.pth
Model state saved to ./results/models/checkpoints/schrodinger/qho/2025-09-16_19-56-00-999728/model_weights.pth
It: 1660, Loss: 2.373e-05, Loss_res: 1.527e-03,  Loss_bcs: 2.450e-06, Loss_ut_ics: 6.011e-04, lr: 1.000e-03, Time: 3.87e+03
Model state saved to ./results/models/checkpoints/schrodinger/qho/2025-09-16_19-56-00-999728/model.pth
Model state saved to ./results/models/checkpoints/schrodinger/qho/2025-09-16_19-56-00-999728/model_weights.pth
It: 1661, Loss: 2.656e-05, Loss_res: 1.688e-03,  Loss_bcs: 2.021e-06, Loss_ut_ics: 7.664e-04, lr: 1.000e-03, Time: 3.87e+03
Model state saved to ./results/models/checkpoints/schrodinger/qho/2025-09-16_19-56-00-999728/model.pth
Model state saved to ./results/models/checkpoints/schrodinger/qho/2025-09-16_19-56-00-999728/model_weights.pth
It: 1662, Loss: 2.394e-05, Loss_res: 1.366e-03,  Loss_bcs: 2.858e-06, Loss_ut_ics: 7.420e-04, lr: 1.000e-03, Time: 3.87e+03
Model state saved to ./results/models/checkpoints/schrodinger/qho/2025-09-16_19-56-00-999728/model.pth
Model state saved to ./results/models/checkpoints/schrodinger/qho/2025-09-16_19-56-00-999728/model_weights.pth
It: 1663, Loss: 1.935e-05, Loss_res: 1.492e-03,  Loss_bcs: 1.675e-06, Loss_ut_ics: 2.756e-04, lr: 1.000e-03, Time: 3.87e+03
Model state saved to ./results/models/checkpoints/schrodinger/qho/2025-09-16_19-56-00-999728/model.pth
Model state saved to ./results/models/checkpoints/schrodinger/qho/2025-09-16_19-56-00-999728/model_weights.pth
It: 1664, Loss: 2.578e-05, Loss_res: 1.462e-03,  Loss_bcs: 9.627e-07, Loss_ut_ics: 1.019e-03, lr: 1.000e-03, Time: 3.87e+03
Model state saved to ./results/models/checkpoints/schrodinger/qho/2025-09-16_19-56-00-999728/model.pth
Model state saved to ./results/models/checkpoints/schrodinger/qho/2025-09-16_19-56-00-999728/model_weights.pth
It: 1665, Loss: 2.354e-05, Loss_res: 1.764e-03,  Loss_bcs: 2.808e-06, Loss_ut_ics: 3.096e-04, lr: 1.000e-03, Time: 3.88e+03
Model state saved to ./results/models/checkpoints/schrodinger/qho/2025-09-16_19-56-00-999728/model.pth
Model state saved to ./results/models/checkpoints/schrodinger/qho/2025-09-16_19-56-00-999728/model_weights.pth
It: 1666, Loss: 3.154e-05, Loss_res: 1.806e-03,  Loss_bcs: 7.200e-06, Loss_ut_ics: 6.286e-04, lr: 1.000e-03, Time: 3.88e+03
Model state saved to ./results/models/checkpoints/schrodinger/qho/2025-09-16_19-56-00-999728/model.pth
Model state saved to ./results/models/checkpoints/schrodinger/qho/2025-09-16_19-56-00-999728/model_weights.pth
It: 1667, Loss: 2.803e-05, Loss_res: 1.714e-03,  Loss_bcs: 2.898e-06, Loss_ut_ics: 7.985e-04, lr: 1.000e-03, Time: 3.88e+03
Model state saved to ./results/models/checkpoints/schrodinger/qho/2025-09-16_19-56-00-999728/model.pth
Model state saved to ./results/models/checkpoints/schrodinger/qho/2025-09-16_19-56-00-999728/model_weights.pth
It: 1668, Loss: 3.167e-05, Loss_res: 1.913e-03,  Loss_bcs: 3.967e-06, Loss_ut_ics: 8.581e-04, lr: 1.000e-03, Time: 3.88e+03
Model state saved to ./results/models/checkpoints/schrodinger/qho/2025-09-16_19-56-00-999728/model.pth
Model state saved to ./results/models/checkpoints/schrodinger/qho/2025-09-16_19-56-00-999728/model_weights.pth
It: 1669, Loss: 2.190e-05, Loss_res: 1.721e-03,  Loss_bcs: 8.814e-07, Loss_ut_ics: 3.803e-04, lr: 1.000e-03, Time: 3.88e+03
Model state saved to ./results/models/checkpoints/schrodinger/qho/2025-09-16_19-56-00-999728/model.pth
Model state saved to ./results/models/checkpoints/schrodinger/qho/2025-09-16_19-56-00-999728/model_weights.pth
It: 1670, Loss: 2.075e-05, Loss_res: 1.298e-03,  Loss_bcs: 3.133e-06, Loss_ut_ics: 4.629e-04, lr: 1.000e-03, Time: 3.89e+03
Model state saved to ./results/models/checkpoints/schrodinger/qho/2025-09-16_19-56-00-999728/model.pth
Model state saved to ./results/models/checkpoints/schrodinger/qho/2025-09-16_19-56-00-999728/model_weights.pth
It: 1671, Loss: 2.293e-05, Loss_res: 1.452e-03,  Loss_bcs: 1.816e-06, Loss_ut_ics: 6.584e-04, lr: 1.000e-03, Time: 3.89e+03
Model state saved to ./results/models/checkpoints/schrodinger/qho/2025-09-16_19-56-00-999728/model.pth
Model state saved to ./results/models/checkpoints/schrodinger/qho/2025-09-16_19-56-00-999728/model_weights.pth
It: 1672, Loss: 1.934e-05, Loss_res: 1.370e-03,  Loss_bcs: 2.047e-06, Loss_ut_ics: 3.590e-04, lr: 1.000e-03, Time: 3.89e+03
Model state saved to ./results/models/checkpoints/schrodinger/qho/2025-09-16_19-56-00-999728/model.pth
Model state saved to ./results/models/checkpoints/schrodinger/qho/2025-09-16_19-56-00-999728/model_weights.pth
It: 1673, Loss: 2.637e-05, Loss_res: 1.955e-03,  Loss_bcs: 1.461e-06, Loss_ut_ics: 5.357e-04, lr: 1.000e-03, Time: 3.89e+03
Model state saved to ./results/models/checkpoints/schrodinger/qho/2025-09-16_19-56-00-999728/model.pth
Model state saved to ./results/models/checkpoints/schrodinger/qho/2025-09-16_19-56-00-999728/model_weights.pth
It: 1674, Loss: 2.197e-05, Loss_res: 1.326e-03,  Loss_bcs: 1.737e-06, Loss_ut_ics: 6.969e-04, lr: 1.000e-03, Time: 3.89e+03
Model state saved to ./results/models/checkpoints/schrodinger/qho/2025-09-16_19-56-00-999728/model.pth
Model state saved to ./results/models/checkpoints/schrodinger/qho/2025-09-16_19-56-00-999728/model_weights.pth
It: 1675, Loss: 2.610e-05, Loss_res: 1.496e-03,  Loss_bcs: 2.308e-06, Loss_ut_ics: 8.833e-04, lr: 1.000e-03, Time: 3.90e+03
Model state saved to ./results/models/checkpoints/schrodinger/qho/2025-09-16_19-56-00-999728/model.pth
Model state saved to ./results/models/checkpoints/schrodinger/qho/2025-09-16_19-56-00-999728/model_weights.pth
It: 1676, Loss: 2.421e-05, Loss_res: 1.575e-03,  Loss_bcs: 1.286e-06, Loss_ut_ics: 7.169e-04, lr: 1.000e-03, Time: 3.90e+03
Model state saved to ./results/models/checkpoints/schrodinger/qho/2025-09-16_19-56-00-999728/model.pth
Model state saved to ./results/models/checkpoints/schrodinger/qho/2025-09-16_19-56-00-999728/model_weights.pth
It: 1677, Loss: 2.293e-05, Loss_res: 1.227e-03,  Loss_bcs: 3.965e-06, Loss_ut_ics: 6.701e-04, lr: 1.000e-03, Time: 3.90e+03
Model state saved to ./results/models/checkpoints/schrodinger/qho/2025-09-16_19-56-00-999728/model.pth
Model state saved to ./results/models/checkpoints/schrodinger/qho/2025-09-16_19-56-00-999728/model_weights.pth
It: 1678, Loss: 2.620e-05, Loss_res: 1.848e-03,  Loss_bcs: 2.411e-06, Loss_ut_ics: 5.309e-04, lr: 1.000e-03, Time: 3.90e+03
Model state saved to ./results/models/checkpoints/schrodinger/qho/2025-09-16_19-56-00-999728/model.pth
Model state saved to ./results/models/checkpoints/schrodinger/qho/2025-09-16_19-56-00-999728/model_weights.pth
It: 1679, Loss: 2.377e-05, Loss_res: 1.849e-03,  Loss_bcs: 7.076e-07, Loss_ut_ics: 4.573e-04, lr: 1.000e-03, Time: 3.90e+03
Model state saved to ./results/models/checkpoints/schrodinger/qho/2025-09-16_19-56-00-999728/model.pth
Model state saved to ./results/models/checkpoints/schrodinger/qho/2025-09-16_19-56-00-999728/model_weights.pth
It: 1680, Loss: 2.483e-05, Loss_res: 1.843e-03,  Loss_bcs: 2.662e-06, Loss_ut_ics: 3.741e-04, lr: 1.000e-03, Time: 3.91e+03
Model state saved to ./results/models/checkpoints/schrodinger/qho/2025-09-16_19-56-00-999728/model.pth
Model state saved to ./results/models/checkpoints/schrodinger/qho/2025-09-16_19-56-00-999728/model_weights.pth
It: 1681, Loss: 1.803e-05, Loss_res: 1.498e-03,  Loss_bcs: 1.409e-06, Loss_ut_ics: 1.647e-04, lr: 1.000e-03, Time: 3.91e+03
Model state saved to ./results/models/checkpoints/schrodinger/qho/2025-09-16_19-56-00-999728/model.pth
Model state saved to ./results/models/checkpoints/schrodinger/qho/2025-09-16_19-56-00-999728/model_weights.pth
It: 1682, Loss: 2.727e-05, Loss_res: 1.442e-03,  Loss_bcs: 2.039e-06, Loss_ut_ics: 1.082e-03, lr: 1.000e-03, Time: 3.91e+03
Model state saved to ./results/models/checkpoints/schrodinger/qho/2025-09-16_19-56-00-999728/model.pth
Model state saved to ./results/models/checkpoints/schrodinger/qho/2025-09-16_19-56-00-999728/model_weights.pth
It: 1683, Loss: 2.757e-05, Loss_res: 1.578e-03,  Loss_bcs: 1.601e-06, Loss_ut_ics: 1.018e-03, lr: 1.000e-03, Time: 3.91e+03
Model state saved to ./results/models/checkpoints/schrodinger/qho/2025-09-16_19-56-00-999728/model.pth
Model state saved to ./results/models/checkpoints/schrodinger/qho/2025-09-16_19-56-00-999728/model_weights.pth
It: 1684, Loss: 1.902e-05, Loss_res: 1.686e-03,  Loss_bcs: 1.500e-06, Loss_ut_ics: 6.634e-05, lr: 1.000e-03, Time: 3.91e+03
Model state saved to ./results/models/checkpoints/schrodinger/qho/2025-09-16_19-56-00-999728/model.pth
Model state saved to ./results/models/checkpoints/schrodinger/qho/2025-09-16_19-56-00-999728/model_weights.pth
It: 1685, Loss: 1.432e-05, Loss_res: 1.213e-03,  Loss_bcs: 1.868e-06, Loss_ut_ics: 3.280e-05, lr: 1.000e-03, Time: 3.92e+03
Model state saved to ./results/models/checkpoints/schrodinger/qho/2025-09-16_19-56-00-999728/model.pth
Model state saved to ./results/models/checkpoints/schrodinger/qho/2025-09-16_19-56-00-999728/model_weights.pth
It: 1686, Loss: 2.146e-05, Loss_res: 1.479e-03,  Loss_bcs: 3.068e-06, Loss_ut_ics: 3.602e-04, lr: 1.000e-03, Time: 3.92e+03
Model state saved to ./results/models/checkpoints/schrodinger/qho/2025-09-16_19-56-00-999728/model.pth
Model state saved to ./results/models/checkpoints/schrodinger/qho/2025-09-16_19-56-00-999728/model_weights.pth
It: 1687, Loss: 2.072e-05, Loss_res: 1.403e-03,  Loss_bcs: 1.233e-06, Loss_ut_ics: 5.464e-04, lr: 1.000e-03, Time: 3.92e+03
Model state saved to ./results/models/checkpoints/schrodinger/qho/2025-09-16_19-56-00-999728/model.pth
Model state saved to ./results/models/checkpoints/schrodinger/qho/2025-09-16_19-56-00-999728/model_weights.pth
It: 1688, Loss: 1.877e-05, Loss_res: 1.193e-03,  Loss_bcs: 1.217e-06, Loss_ut_ics: 5.626e-04, lr: 1.000e-03, Time: 3.92e+03
Model state saved to ./results/models/checkpoints/schrodinger/qho/2025-09-16_19-56-00-999728/model.pth
Model state saved to ./results/models/checkpoints/schrodinger/qho/2025-09-16_19-56-00-999728/model_weights.pth
It: 1689, Loss: 2.164e-05, Loss_res: 1.649e-03,  Loss_bcs: 1.283e-06, Loss_ut_ics: 3.865e-04, lr: 1.000e-03, Time: 3.92e+03
Model state saved to ./results/models/checkpoints/schrodinger/qho/2025-09-16_19-56-00-999728/model.pth
Model state saved to ./results/models/checkpoints/schrodinger/qho/2025-09-16_19-56-00-999728/model_weights.pth
It: 1690, Loss: 2.031e-05, Loss_res: 1.798e-03,  Loss_bcs: 2.113e-06, Loss_ut_ics: 2.168e-05, lr: 1.000e-03, Time: 3.93e+03
Model state saved to ./results/models/checkpoints/schrodinger/qho/2025-09-16_19-56-00-999728/model.pth
Model state saved to ./results/models/checkpoints/schrodinger/qho/2025-09-16_19-56-00-999728/model_weights.pth
It: 1691, Loss: 2.773e-05, Loss_res: 1.547e-03,  Loss_bcs: 2.997e-06, Loss_ut_ics: 9.261e-04, lr: 1.000e-03, Time: 3.93e+03
Model state saved to ./results/models/checkpoints/schrodinger/qho/2025-09-16_19-56-00-999728/model.pth
Model state saved to ./results/models/checkpoints/schrodinger/qho/2025-09-16_19-56-00-999728/model_weights.pth
It: 1692, Loss: 2.729e-05, Loss_res: 1.456e-03,  Loss_bcs: 2.672e-06, Loss_ut_ics: 1.005e-03, lr: 1.000e-03, Time: 3.93e+03
Model state saved to ./results/models/checkpoints/schrodinger/qho/2025-09-16_19-56-00-999728/model.pth
Model state saved to ./results/models/checkpoints/schrodinger/qho/2025-09-16_19-56-00-999728/model_weights.pth
It: 1693, Loss: 2.296e-05, Loss_res: 1.152e-03,  Loss_bcs: 1.121e-06, Loss_ut_ics: 1.032e-03, lr: 1.000e-03, Time: 3.93e+03
Model state saved to ./results/models/checkpoints/schrodinger/qho/2025-09-16_19-56-00-999728/model.pth
Model state saved to ./results/models/checkpoints/schrodinger/qho/2025-09-16_19-56-00-999728/model_weights.pth
It: 1694, Loss: 2.910e-05, Loss_res: 1.618e-03,  Loss_bcs: 1.634e-06, Loss_ut_ics: 1.128e-03, lr: 1.000e-03, Time: 3.93e+03
Model state saved to ./results/models/checkpoints/schrodinger/qho/2025-09-16_19-56-00-999728/model.pth
Model state saved to ./results/models/checkpoints/schrodinger/qho/2025-09-16_19-56-00-999728/model_weights.pth
It: 1695, Loss: 2.549e-05, Loss_res: 1.556e-03,  Loss_bcs: 1.227e-06, Loss_ut_ics: 8.707e-04, lr: 1.000e-03, Time: 3.94e+03
Model state saved to ./results/models/checkpoints/schrodinger/qho/2025-09-16_19-56-00-999728/model.pth
Model state saved to ./results/models/checkpoints/schrodinger/qho/2025-09-16_19-56-00-999728/model_weights.pth
It: 1696, Loss: 1.735e-05, Loss_res: 1.457e-03,  Loss_bcs: 2.124e-06, Loss_ut_ics: 6.634e-05, lr: 1.000e-03, Time: 3.94e+03
Model state saved to ./results/models/checkpoints/schrodinger/qho/2025-09-16_19-56-00-999728/model.pth
Model state saved to ./results/models/checkpoints/schrodinger/qho/2025-09-16_19-56-00-999728/model_weights.pth
It: 1697, Loss: 2.038e-05, Loss_res: 1.180e-03,  Loss_bcs: 2.887e-06, Loss_ut_ics: 5.700e-04, lr: 1.000e-03, Time: 3.94e+03
Model state saved to ./results/models/checkpoints/schrodinger/qho/2025-09-16_19-56-00-999728/model.pth
Model state saved to ./results/models/checkpoints/schrodinger/qho/2025-09-16_19-56-00-999728/model_weights.pth
It: 1698, Loss: 2.293e-05, Loss_res: 1.350e-03,  Loss_bcs: 1.054e-06, Loss_ut_ics: 8.377e-04, lr: 1.000e-03, Time: 3.94e+03
Model state saved to ./results/models/checkpoints/schrodinger/qho/2025-09-16_19-56-00-999728/model.pth
Model state saved to ./results/models/checkpoints/schrodinger/qho/2025-09-16_19-56-00-999728/model_weights.pth
It: 1699, Loss: 2.607e-05, Loss_res: 1.883e-03,  Loss_bcs: 4.073e-06, Loss_ut_ics: 3.165e-04, lr: 1.000e-03, Time: 3.94e+03
Model state saved to ./results/models/checkpoints/schrodinger/qho/2025-09-16_19-56-00-999728/model.pth
Model state saved to ./results/models/checkpoints/schrodinger/qho/2025-09-16_19-56-00-999728/model_weights.pth
It: 1700, Loss: 1.909e-05, Loss_res: 1.415e-03,  Loss_bcs: 3.186e-07, Loss_ut_ics: 4.615e-04, lr: 1.000e-03, Time: 3.95e+03
Model state saved to ./results/models/checkpoints/schrodinger/qho/2025-09-16_19-56-00-999728/model.pth
Model state saved to ./results/models/checkpoints/schrodinger/qho/2025-09-16_19-56-00-999728/model_weights.pth
It: 1701, Loss: 2.170e-05, Loss_res: 1.539e-03,  Loss_bcs: 2.459e-06, Loss_ut_ics: 3.845e-04, lr: 1.000e-03, Time: 3.95e+03
Model state saved to ./results/models/checkpoints/schrodinger/qho/2025-09-16_19-56-00-999728/model.pth
Model state saved to ./results/models/checkpoints/schrodinger/qho/2025-09-16_19-56-00-999728/model_weights.pth
It: 1702, Loss: 2.237e-05, Loss_res: 1.376e-03,  Loss_bcs: 2.915e-06, Loss_ut_ics: 5.697e-04, lr: 1.000e-03, Time: 3.95e+03
Model state saved to ./results/models/checkpoints/schrodinger/qho/2025-09-16_19-56-00-999728/model.pth
Model state saved to ./results/models/checkpoints/schrodinger/qho/2025-09-16_19-56-00-999728/model_weights.pth
It: 1703, Loss: 2.205e-05, Loss_res: 1.517e-03,  Loss_bcs: 3.935e-06, Loss_ut_ics: 2.947e-04, lr: 1.000e-03, Time: 3.95e+03
Model state saved to ./results/models/checkpoints/schrodinger/qho/2025-09-16_19-56-00-999728/model.pth
Model state saved to ./results/models/checkpoints/schrodinger/qho/2025-09-16_19-56-00-999728/model_weights.pth
It: 1704, Loss: 1.723e-05, Loss_res: 1.166e-03,  Loss_bcs: 3.816e-06, Loss_ut_ics: 1.747e-04, lr: 1.000e-03, Time: 3.95e+03
Model state saved to ./results/models/checkpoints/schrodinger/qho/2025-09-16_19-56-00-999728/model.pth
Model state saved to ./results/models/checkpoints/schrodinger/qho/2025-09-16_19-56-00-999728/model_weights.pth
It: 1705, Loss: 2.948e-05, Loss_res: 2.160e-03,  Loss_bcs: 1.992e-06, Loss_ut_ics: 5.890e-04, lr: 1.000e-03, Time: 3.96e+03
Model state saved to ./results/models/checkpoints/schrodinger/qho/2025-09-16_19-56-00-999728/model.pth
Model state saved to ./results/models/checkpoints/schrodinger/qho/2025-09-16_19-56-00-999728/model_weights.pth
It: 1706, Loss: 1.437e-05, Loss_res: 1.019e-03,  Loss_bcs: 1.784e-06, Loss_ut_ics: 2.388e-04, lr: 1.000e-03, Time: 3.96e+03
Model state saved to ./results/models/checkpoints/schrodinger/qho/2025-09-16_19-56-00-999728/model.pth
Model state saved to ./results/models/checkpoints/schrodinger/qho/2025-09-16_19-56-00-999728/model_weights.pth
It: 1707, Loss: 2.191e-05, Loss_res: 1.330e-03,  Loss_bcs: 1.466e-06, Loss_ut_ics: 7.139e-04, lr: 1.000e-03, Time: 3.96e+03
Model state saved to ./results/models/checkpoints/schrodinger/qho/2025-09-16_19-56-00-999728/model.pth
Model state saved to ./results/models/checkpoints/schrodinger/qho/2025-09-16_19-56-00-999728/model_weights.pth
It: 1708, Loss: 2.890e-05, Loss_res: 1.729e-03,  Loss_bcs: 2.645e-06, Loss_ut_ics: 8.966e-04, lr: 1.000e-03, Time: 3.96e+03
Model state saved to ./results/models/checkpoints/schrodinger/qho/2025-09-16_19-56-00-999728/model.pth
Model state saved to ./results/models/checkpoints/schrodinger/qho/2025-09-16_19-56-00-999728/model_weights.pth
It: 1709, Loss: 2.312e-05, Loss_res: 1.686e-03,  Loss_bcs: 3.510e-06, Loss_ut_ics: 2.747e-04, lr: 1.000e-03, Time: 3.96e+03
Model state saved to ./results/models/checkpoints/schrodinger/qho/2025-09-16_19-56-00-999728/model.pth
Model state saved to ./results/models/checkpoints/schrodinger/qho/2025-09-16_19-56-00-999728/model_weights.pth
It: 1710, Loss: 2.843e-05, Loss_res: 1.970e-03,  Loss_bcs: 1.378e-06, Loss_ut_ics: 7.356e-04, lr: 1.000e-03, Time: 3.97e+03
Model state saved to ./results/models/checkpoints/schrodinger/qho/2025-09-16_19-56-00-999728/model.pth
Model state saved to ./results/models/checkpoints/schrodinger/qho/2025-09-16_19-56-00-999728/model_weights.pth
It: 1711, Loss: 2.896e-05, Loss_res: 1.675e-03,  Loss_bcs: 3.421e-06, Loss_ut_ics: 8.794e-04, lr: 1.000e-03, Time: 3.97e+03
Model state saved to ./results/models/checkpoints/schrodinger/qho/2025-09-16_19-56-00-999728/model.pth
Model state saved to ./results/models/checkpoints/schrodinger/qho/2025-09-16_19-56-00-999728/model_weights.pth
It: 1712, Loss: 2.870e-05, Loss_res: 1.936e-03,  Loss_bcs: 2.521e-06, Loss_ut_ics: 6.820e-04, lr: 1.000e-03, Time: 3.97e+03
Model state saved to ./results/models/checkpoints/schrodinger/qho/2025-09-16_19-56-00-999728/model.pth
Model state saved to ./results/models/checkpoints/schrodinger/qho/2025-09-16_19-56-00-999728/model_weights.pth
It: 1713, Loss: 2.438e-05, Loss_res: 1.578e-03,  Loss_bcs: 4.081e-06, Loss_ut_ics: 4.525e-04, lr: 1.000e-03, Time: 3.97e+03
Model state saved to ./results/models/checkpoints/schrodinger/qho/2025-09-16_19-56-00-999728/model.pth
Model state saved to ./results/models/checkpoints/schrodinger/qho/2025-09-16_19-56-00-999728/model_weights.pth
It: 1714, Loss: 2.583e-05, Loss_res: 1.406e-03,  Loss_bcs: 6.354e-06, Loss_ut_ics: 5.423e-04, lr: 1.000e-03, Time: 3.97e+03
Model state saved to ./results/models/checkpoints/schrodinger/qho/2025-09-16_19-56-00-999728/model.pth
Model state saved to ./results/models/checkpoints/schrodinger/qho/2025-09-16_19-56-00-999728/model_weights.pth
It: 1715, Loss: 2.433e-05, Loss_res: 1.883e-03,  Loss_bcs: 7.295e-07, Loss_ut_ics: 4.770e-04, lr: 1.000e-03, Time: 3.98e+03
Model state saved to ./results/models/checkpoints/schrodinger/qho/2025-09-16_19-56-00-999728/model.pth
Model state saved to ./results/models/checkpoints/schrodinger/qho/2025-09-16_19-56-00-999728/model_weights.pth
It: 1716, Loss: 2.364e-05, Loss_res: 2.012e-03,  Loss_bcs: 1.324e-06, Loss_ut_ics: 2.195e-04, lr: 1.000e-03, Time: 3.98e+03
Model state saved to ./results/models/checkpoints/schrodinger/qho/2025-09-16_19-56-00-999728/model.pth
Model state saved to ./results/models/checkpoints/schrodinger/qho/2025-09-16_19-56-00-999728/model_weights.pth
It: 1717, Loss: 2.834e-05, Loss_res: 2.129e-03,  Loss_bcs: 1.647e-06, Loss_ut_ics: 5.405e-04, lr: 1.000e-03, Time: 3.98e+03
Model state saved to ./results/models/checkpoints/schrodinger/qho/2025-09-16_19-56-00-999728/model.pth
Model state saved to ./results/models/checkpoints/schrodinger/qho/2025-09-16_19-56-00-999728/model_weights.pth
It: 1718, Loss: 3.095e-05, Loss_res: 1.271e-03,  Loss_bcs: 8.047e-06, Loss_ut_ics: 1.020e-03, lr: 1.000e-03, Time: 3.98e+03
Model state saved to ./results/models/checkpoints/schrodinger/qho/2025-09-16_19-56-00-999728/model.pth
Model state saved to ./results/models/checkpoints/schrodinger/qho/2025-09-16_19-56-00-999728/model_weights.pth
It: 1719, Loss: 2.409e-05, Loss_res: 1.356e-03,  Loss_bcs: 2.548e-06, Loss_ut_ics: 7.976e-04, lr: 1.000e-03, Time: 3.98e+03
Model state saved to ./results/models/checkpoints/schrodinger/qho/2025-09-16_19-56-00-999728/model.pth
Model state saved to ./results/models/checkpoints/schrodinger/qho/2025-09-16_19-56-00-999728/model_weights.pth
It: 1720, Loss: 2.686e-05, Loss_res: 1.938e-03,  Loss_bcs: 5.107e-06, Loss_ut_ics: 2.375e-04, lr: 1.000e-03, Time: 3.98e+03
Model state saved to ./results/models/checkpoints/schrodinger/qho/2025-09-16_19-56-00-999728/model.pth
Model state saved to ./results/models/checkpoints/schrodinger/qho/2025-09-16_19-56-00-999728/model_weights.pth
It: 1721, Loss: 1.924e-05, Loss_res: 1.505e-03,  Loss_bcs: 1.098e-06, Loss_ut_ics: 3.096e-04, lr: 1.000e-03, Time: 3.99e+03
Model state saved to ./results/models/checkpoints/schrodinger/qho/2025-09-16_19-56-00-999728/model.pth
Model state saved to ./results/models/checkpoints/schrodinger/qho/2025-09-16_19-56-00-999728/model_weights.pth
It: 1722, Loss: 3.504e-05, Loss_res: 1.643e-03,  Loss_bcs: 1.550e-05, Loss_ut_ics: 3.113e-04, lr: 1.000e-03, Time: 3.99e+03
Model state saved to ./results/models/checkpoints/schrodinger/qho/2025-09-16_19-56-00-999728/model.pth
Model state saved to ./results/models/checkpoints/schrodinger/qho/2025-09-16_19-56-00-999728/model_weights.pth
It: 1723, Loss: 2.677e-05, Loss_res: 1.778e-03,  Loss_bcs: 8.114e-06, Loss_ut_ics: 8.794e-05, lr: 1.000e-03, Time: 3.99e+03
Model state saved to ./results/models/checkpoints/schrodinger/qho/2025-09-16_19-56-00-999728/model.pth
Model state saved to ./results/models/checkpoints/schrodinger/qho/2025-09-16_19-56-00-999728/model_weights.pth
It: 1724, Loss: 4.179e-05, Loss_res: 3.129e-03,  Loss_bcs: 3.153e-06, Loss_ut_ics: 7.352e-04, lr: 1.000e-03, Time: 3.99e+03
Model state saved to ./results/models/checkpoints/schrodinger/qho/2025-09-16_19-56-00-999728/model.pth
Model state saved to ./results/models/checkpoints/schrodinger/qho/2025-09-16_19-56-00-999728/model_weights.pth
It: 1725, Loss: 2.552e-05, Loss_res: 1.796e-03,  Loss_bcs: 2.027e-06, Loss_ut_ics: 5.535e-04, lr: 1.000e-03, Time: 3.99e+03
Model state saved to ./results/models/checkpoints/schrodinger/qho/2025-09-16_19-56-00-999728/model.pth
Model state saved to ./results/models/checkpoints/schrodinger/qho/2025-09-16_19-56-00-999728/model_weights.pth
It: 1726, Loss: 3.055e-05, Loss_res: 1.026e-03,  Loss_bcs: 8.180e-06, Loss_ut_ics: 1.211e-03, lr: 1.000e-03, Time: 4.00e+03
Model state saved to ./results/models/checkpoints/schrodinger/qho/2025-09-16_19-56-00-999728/model.pth
Model state saved to ./results/models/checkpoints/schrodinger/qho/2025-09-16_19-56-00-999728/model_weights.pth
It: 1727, Loss: 2.282e-05, Loss_res: 1.284e-03,  Loss_bcs: 3.664e-06, Loss_ut_ics: 6.317e-04, lr: 1.000e-03, Time: 4.00e+03
Model state saved to ./results/models/checkpoints/schrodinger/qho/2025-09-16_19-56-00-999728/model.pth
Model state saved to ./results/models/checkpoints/schrodinger/qho/2025-09-16_19-56-00-999728/model_weights.pth
It: 1728, Loss: 2.498e-05, Loss_res: 1.808e-03,  Loss_bcs: 1.638e-06, Loss_ut_ics: 5.266e-04, lr: 1.000e-03, Time: 4.00e+03
Model state saved to ./results/models/checkpoints/schrodinger/qho/2025-09-16_19-56-00-999728/model.pth
Model state saved to ./results/models/checkpoints/schrodinger/qho/2025-09-16_19-56-00-999728/model_weights.pth
It: 1729, Loss: 2.969e-05, Loss_res: 1.766e-03,  Loss_bcs: 2.482e-06, Loss_ut_ics: 9.544e-04, lr: 1.000e-03, Time: 4.00e+03
Model state saved to ./results/models/checkpoints/schrodinger/qho/2025-09-16_19-56-00-999728/model.pth
Model state saved to ./results/models/checkpoints/schrodinger/qho/2025-09-16_19-56-00-999728/model_weights.pth
It: 1730, Loss: 2.908e-05, Loss_res: 1.031e-03,  Loss_bcs: 7.166e-06, Loss_ut_ics: 1.160e-03, lr: 1.000e-03, Time: 4.00e+03
Model state saved to ./results/models/checkpoints/schrodinger/qho/2025-09-16_19-56-00-999728/model.pth
Model state saved to ./results/models/checkpoints/schrodinger/qho/2025-09-16_19-56-00-999728/model_weights.pth
It: 1731, Loss: 2.374e-05, Loss_res: 1.423e-03,  Loss_bcs: 7.888e-06, Loss_ut_ics: 1.628e-04, lr: 1.000e-03, Time: 4.01e+03
Model state saved to ./results/models/checkpoints/schrodinger/qho/2025-09-16_19-56-00-999728/model.pth
Model state saved to ./results/models/checkpoints/schrodinger/qho/2025-09-16_19-56-00-999728/model_weights.pth
It: 1732, Loss: 2.275e-05, Loss_res: 1.365e-03,  Loss_bcs: 2.653e-06, Loss_ut_ics: 6.449e-04, lr: 1.000e-03, Time: 4.01e+03
Model state saved to ./results/models/checkpoints/schrodinger/qho/2025-09-16_19-56-00-999728/model.pth
Model state saved to ./results/models/checkpoints/schrodinger/qho/2025-09-16_19-56-00-999728/model_weights.pth
It: 1733, Loss: 2.686e-05, Loss_res: 2.078e-03,  Loss_bcs: 1.475e-06, Loss_ut_ics: 4.604e-04, lr: 1.000e-03, Time: 4.01e+03
Model state saved to ./results/models/checkpoints/schrodinger/qho/2025-09-16_19-56-00-999728/model.pth
Model state saved to ./results/models/checkpoints/schrodinger/qho/2025-09-16_19-56-00-999728/model_weights.pth
It: 1734, Loss: 2.462e-05, Loss_res: 1.729e-03,  Loss_bcs: 5.338e-06, Loss_ut_ics: 2.000e-04, lr: 1.000e-03, Time: 4.01e+03
Model state saved to ./results/models/checkpoints/schrodinger/qho/2025-09-16_19-56-00-999728/model.pth
Model state saved to ./results/models/checkpoints/schrodinger/qho/2025-09-16_19-56-00-999728/model_weights.pth
It: 1735, Loss: 2.642e-05, Loss_res: 1.612e-03,  Loss_bcs: 6.396e-06, Loss_ut_ics: 3.903e-04, lr: 1.000e-03, Time: 4.01e+03
Model state saved to ./results/models/checkpoints/schrodinger/qho/2025-09-16_19-56-00-999728/model.pth
Model state saved to ./results/models/checkpoints/schrodinger/qho/2025-09-16_19-56-00-999728/model_weights.pth
It: 1736, Loss: 2.078e-05, Loss_res: 1.507e-03,  Loss_bcs: 1.361e-06, Loss_ut_ics: 4.354e-04, lr: 1.000e-03, Time: 4.02e+03
Model state saved to ./results/models/checkpoints/schrodinger/qho/2025-09-16_19-56-00-999728/model.pth
Model state saved to ./results/models/checkpoints/schrodinger/qho/2025-09-16_19-56-00-999728/model_weights.pth
It: 1737, Loss: 1.972e-05, Loss_res: 1.132e-03,  Loss_bcs: 2.138e-06, Loss_ut_ics: 6.257e-04, lr: 1.000e-03, Time: 4.02e+03
Model state saved to ./results/models/checkpoints/schrodinger/qho/2025-09-16_19-56-00-999728/model.pth
Model state saved to ./results/models/checkpoints/schrodinger/qho/2025-09-16_19-56-00-999728/model_weights.pth
It: 1738, Loss: 2.037e-05, Loss_res: 1.446e-03,  Loss_bcs: 6.998e-07, Loss_ut_ics: 5.213e-04, lr: 1.000e-03, Time: 4.02e+03
Model state saved to ./results/models/checkpoints/schrodinger/qho/2025-09-16_19-56-00-999728/model.pth
Model state saved to ./results/models/checkpoints/schrodinger/qho/2025-09-16_19-56-00-999728/model_weights.pth
It: 1739, Loss: 2.450e-05, Loss_res: 1.210e-03,  Loss_bcs: 6.262e-06, Loss_ut_ics: 6.141e-04, lr: 1.000e-03, Time: 4.02e+03
Model state saved to ./results/models/checkpoints/schrodinger/qho/2025-09-16_19-56-00-999728/model.pth
Model state saved to ./results/models/checkpoints/schrodinger/qho/2025-09-16_19-56-00-999728/model_weights.pth
It: 1740, Loss: 2.135e-05, Loss_res: 1.461e-03,  Loss_bcs: 1.304e-06, Loss_ut_ics: 5.438e-04, lr: 1.000e-03, Time: 4.02e+03
Model state saved to ./results/models/checkpoints/schrodinger/qho/2025-09-16_19-56-00-999728/model.pth
Model state saved to ./results/models/checkpoints/schrodinger/qho/2025-09-16_19-56-00-999728/model_weights.pth
It: 1741, Loss: 1.717e-05, Loss_res: 1.274e-03,  Loss_bcs: 1.518e-06, Loss_ut_ics: 2.914e-04, lr: 1.000e-03, Time: 4.02e+03
Model state saved to ./results/models/checkpoints/schrodinger/qho/2025-09-16_19-56-00-999728/model.pth
Model state saved to ./results/models/checkpoints/schrodinger/qho/2025-09-16_19-56-00-999728/model_weights.pth
It: 1742, Loss: 2.528e-05, Loss_res: 1.365e-03,  Loss_bcs: 4.444e-06, Loss_ut_ics: 7.180e-04, lr: 1.000e-03, Time: 4.03e+03
Model state saved to ./results/models/checkpoints/schrodinger/qho/2025-09-16_19-56-00-999728/model.pth
Model state saved to ./results/models/checkpoints/schrodinger/qho/2025-09-16_19-56-00-999728/model_weights.pth
It: 1743, Loss: 2.716e-05, Loss_res: 1.517e-03,  Loss_bcs: 1.734e-06, Loss_ut_ics: 1.026e-03, lr: 1.000e-03, Time: 4.03e+03
Model state saved to ./results/models/checkpoints/schrodinger/qho/2025-09-16_19-56-00-999728/model.pth
Model state saved to ./results/models/checkpoints/schrodinger/qho/2025-09-16_19-56-00-999728/model_weights.pth
It: 1744, Loss: 2.215e-05, Loss_res: 1.157e-03,  Loss_bcs: 1.647e-06, Loss_ut_ics: 8.940e-04, lr: 1.000e-03, Time: 4.03e+03
Model state saved to ./results/models/checkpoints/schrodinger/qho/2025-09-16_19-56-00-999728/model.pth
Model state saved to ./results/models/checkpoints/schrodinger/qho/2025-09-16_19-56-00-999728/model_weights.pth
It: 1745, Loss: 1.259e-05, Loss_res: 8.305e-04,  Loss_bcs: 2.116e-06, Loss_ut_ics: 2.167e-04, lr: 1.000e-03, Time: 4.03e+03
Model state saved to ./results/models/checkpoints/schrodinger/qho/2025-09-16_19-56-00-999728/model.pth
Model state saved to ./results/models/checkpoints/schrodinger/qho/2025-09-16_19-56-00-999728/model_weights.pth
It: 1746, Loss: 2.679e-05, Loss_res: 1.941e-03,  Loss_bcs: 2.086e-06, Loss_ut_ics: 5.294e-04, lr: 1.000e-03, Time: 4.03e+03
Model state saved to ./results/models/checkpoints/schrodinger/qho/2025-09-16_19-56-00-999728/model.pth
Model state saved to ./results/models/checkpoints/schrodinger/qho/2025-09-16_19-56-00-999728/model_weights.pth
It: 1747, Loss: 2.642e-05, Loss_res: 1.333e-03,  Loss_bcs: 5.092e-06, Loss_ut_ics: 8.000e-04, lr: 1.000e-03, Time: 4.04e+03
Model state saved to ./results/models/checkpoints/schrodinger/qho/2025-09-16_19-56-00-999728/model.pth
Model state saved to ./results/models/checkpoints/schrodinger/qho/2025-09-16_19-56-00-999728/model_weights.pth
It: 1748, Loss: 3.126e-05, Loss_res: 1.813e-03,  Loss_bcs: 6.220e-06, Loss_ut_ics: 6.913e-04, lr: 1.000e-03, Time: 4.04e+03
Model state saved to ./results/models/checkpoints/schrodinger/qho/2025-09-16_19-56-00-999728/model.pth
Model state saved to ./results/models/checkpoints/schrodinger/qho/2025-09-16_19-56-00-999728/model_weights.pth
It: 1749, Loss: 2.731e-05, Loss_res: 1.659e-03,  Loss_bcs: 5.825e-06, Loss_ut_ics: 4.898e-04, lr: 1.000e-03, Time: 4.04e+03
Model state saved to ./results/models/checkpoints/schrodinger/qho/2025-09-16_19-56-00-999728/model.pth
Model state saved to ./results/models/checkpoints/schrodinger/qho/2025-09-16_19-56-00-999728/model_weights.pth
It: 1750, Loss: 2.319e-05, Loss_res: 2.097e-03,  Loss_bcs: 1.995e-06, Loss_ut_ics: 2.176e-05, lr: 1.000e-03, Time: 4.04e+03
Model state saved to ./results/models/checkpoints/schrodinger/qho/2025-09-16_19-56-00-999728/model.pth
Model state saved to ./results/models/checkpoints/schrodinger/qho/2025-09-16_19-56-00-999728/model_weights.pth
It: 1751, Loss: 2.845e-05, Loss_res: 1.487e-03,  Loss_bcs: 6.156e-06, Loss_ut_ics: 7.426e-04, lr: 1.000e-03, Time: 4.04e+03
Model state saved to ./results/models/checkpoints/schrodinger/qho/2025-09-16_19-56-00-999728/model.pth
Model state saved to ./results/models/checkpoints/schrodinger/qho/2025-09-16_19-56-00-999728/model_weights.pth
It: 1752, Loss: 2.857e-05, Loss_res: 1.374e-03,  Loss_bcs: 7.870e-06, Loss_ut_ics: 6.962e-04, lr: 1.000e-03, Time: 4.05e+03
Model state saved to ./results/models/checkpoints/schrodinger/qho/2025-09-16_19-56-00-999728/model.pth
Model state saved to ./results/models/checkpoints/schrodinger/qho/2025-09-16_19-56-00-999728/model_weights.pth
It: 1753, Loss: 2.073e-05, Loss_res: 1.289e-03,  Loss_bcs: 1.164e-06, Loss_ut_ics: 6.676e-04, lr: 1.000e-03, Time: 4.05e+03
Model state saved to ./results/models/checkpoints/schrodinger/qho/2025-09-16_19-56-00-999728/model.pth
Model state saved to ./results/models/checkpoints/schrodinger/qho/2025-09-16_19-56-00-999728/model_weights.pth
It: 1754, Loss: 3.272e-05, Loss_res: 2.047e-03,  Loss_bcs: 3.160e-06, Loss_ut_ics: 9.087e-04, lr: 1.000e-03, Time: 4.05e+03
Model state saved to ./results/models/checkpoints/schrodinger/qho/2025-09-16_19-56-00-999728/model.pth
Model state saved to ./results/models/checkpoints/schrodinger/qho/2025-09-16_19-56-00-999728/model_weights.pth
It: 1755, Loss: 2.396e-05, Loss_res: 1.063e-03,  Loss_bcs: 3.464e-06, Loss_ut_ics: 9.871e-04, lr: 1.000e-03, Time: 4.05e+03
Model state saved to ./results/models/checkpoints/schrodinger/qho/2025-09-16_19-56-00-999728/model.pth
Model state saved to ./results/models/checkpoints/schrodinger/qho/2025-09-16_19-56-00-999728/model_weights.pth
It: 1756, Loss: 2.811e-05, Loss_res: 1.185e-03,  Loss_bcs: 9.853e-06, Loss_ut_ics: 6.406e-04, lr: 1.000e-03, Time: 4.05e+03
Model state saved to ./results/models/checkpoints/schrodinger/qho/2025-09-16_19-56-00-999728/model.pth
Model state saved to ./results/models/checkpoints/schrodinger/qho/2025-09-16_19-56-00-999728/model_weights.pth
It: 1757, Loss: 2.177e-05, Loss_res: 1.397e-03,  Loss_bcs: 3.035e-06, Loss_ut_ics: 4.766e-04, lr: 1.000e-03, Time: 4.05e+03
Model state saved to ./results/models/checkpoints/schrodinger/qho/2025-09-16_19-56-00-999728/model.pth
Model state saved to ./results/models/checkpoints/schrodinger/qho/2025-09-16_19-56-00-999728/model_weights.pth
It: 1758, Loss: 3.420e-05, Loss_res: 2.310e-03,  Loss_bcs: 2.793e-06, Loss_ut_ics: 8.309e-04, lr: 1.000e-03, Time: 4.06e+03
Model state saved to ./results/models/checkpoints/schrodinger/qho/2025-09-16_19-56-00-999728/model.pth
Model state saved to ./results/models/checkpoints/schrodinger/qho/2025-09-16_19-56-00-999728/model_weights.pth
It: 1759, Loss: 2.165e-05, Loss_res: 1.620e-03,  Loss_bcs: 1.655e-06, Loss_ut_ics: 3.797e-04, lr: 1.000e-03, Time: 4.06e+03
Model state saved to ./results/models/checkpoints/schrodinger/qho/2025-09-16_19-56-00-999728/model.pth
Model state saved to ./results/models/checkpoints/schrodinger/qho/2025-09-16_19-56-00-999728/model_weights.pth
It: 1760, Loss: 3.081e-05, Loss_res: 1.536e-03,  Loss_bcs: 6.334e-06, Loss_ut_ics: 9.111e-04, lr: 1.000e-03, Time: 4.06e+03
Model state saved to ./results/models/checkpoints/schrodinger/qho/2025-09-16_19-56-00-999728/model.pth
Model state saved to ./results/models/checkpoints/schrodinger/qho/2025-09-16_19-56-00-999728/model_weights.pth
It: 1761, Loss: 2.488e-05, Loss_res: 1.555e-03,  Loss_bcs: 5.213e-06, Loss_ut_ics: 4.121e-04, lr: 1.000e-03, Time: 4.06e+03
Model state saved to ./results/models/checkpoints/schrodinger/qho/2025-09-16_19-56-00-999728/model.pth
Model state saved to ./results/models/checkpoints/schrodinger/qho/2025-09-16_19-56-00-999728/model_weights.pth
It: 1762, Loss: 2.903e-05, Loss_res: 1.597e-03,  Loss_bcs: 4.142e-06, Loss_ut_ics: 8.917e-04, lr: 1.000e-03, Time: 4.06e+03
Model state saved to ./results/models/checkpoints/schrodinger/qho/2025-09-16_19-56-00-999728/model.pth
Model state saved to ./results/models/checkpoints/schrodinger/qho/2025-09-16_19-56-00-999728/model_weights.pth
It: 1763, Loss: 3.033e-05, Loss_res: 1.649e-03,  Loss_bcs: 3.834e-06, Loss_ut_ics: 1.000e-03, lr: 1.000e-03, Time: 4.07e+03
Model state saved to ./results/models/checkpoints/schrodinger/qho/2025-09-16_19-56-00-999728/model.pth
Model state saved to ./results/models/checkpoints/schrodinger/qho/2025-09-16_19-56-00-999728/model_weights.pth
It: 1764, Loss: 2.610e-05, Loss_res: 1.620e-03,  Loss_bcs: 4.753e-06, Loss_ut_ics: 5.147e-04, lr: 1.000e-03, Time: 4.07e+03
Model state saved to ./results/models/checkpoints/schrodinger/qho/2025-09-16_19-56-00-999728/model.pth
Model state saved to ./results/models/checkpoints/schrodinger/qho/2025-09-16_19-56-00-999728/model_weights.pth
It: 1765, Loss: 2.916e-05, Loss_res: 2.012e-03,  Loss_bcs: 7.487e-06, Loss_ut_ics: 1.555e-04, lr: 1.000e-03, Time: 4.07e+03
Model state saved to ./results/models/checkpoints/schrodinger/qho/2025-09-16_19-56-00-999728/model.pth
Model state saved to ./results/models/checkpoints/schrodinger/qho/2025-09-16_19-56-00-999728/model_weights.pth
It: 1766, Loss: 1.689e-05, Loss_res: 1.036e-03,  Loss_bcs: 2.636e-06, Loss_ut_ics: 3.891e-04, lr: 1.000e-03, Time: 4.07e+03
Model state saved to ./results/models/checkpoints/schrodinger/qho/2025-09-16_19-56-00-999728/model.pth
Model state saved to ./results/models/checkpoints/schrodinger/qho/2025-09-16_19-56-00-999728/model_weights.pth
It: 1767, Loss: 3.875e-05, Loss_res: 2.520e-03,  Loss_bcs: 5.911e-06, Loss_ut_ics: 7.635e-04, lr: 1.000e-03, Time: 4.07e+03
Model state saved to ./results/models/checkpoints/schrodinger/qho/2025-09-16_19-56-00-999728/model.pth
Model state saved to ./results/models/checkpoints/schrodinger/qho/2025-09-16_19-56-00-999728/model_weights.pth
It: 1768, Loss: 2.303e-05, Loss_res: 1.499e-03,  Loss_bcs: 1.656e-06, Loss_ut_ics: 6.378e-04, lr: 1.000e-03, Time: 4.08e+03
Model state saved to ./results/models/checkpoints/schrodinger/qho/2025-09-16_19-56-00-999728/model.pth
Model state saved to ./results/models/checkpoints/schrodinger/qho/2025-09-16_19-56-00-999728/model_weights.pth
It: 1769, Loss: 3.013e-05, Loss_res: 1.464e-03,  Loss_bcs: 9.483e-06, Loss_ut_ics: 6.010e-04, lr: 1.000e-03, Time: 4.08e+03
Model state saved to ./results/models/checkpoints/schrodinger/qho/2025-09-16_19-56-00-999728/model.pth
Model state saved to ./results/models/checkpoints/schrodinger/qho/2025-09-16_19-56-00-999728/model_weights.pth
It: 1770, Loss: 2.543e-05, Loss_res: 1.407e-03,  Loss_bcs: 3.518e-06, Loss_ut_ics: 7.842e-04, lr: 1.000e-03, Time: 4.08e+03
Model state saved to ./results/models/checkpoints/schrodinger/qho/2025-09-16_19-56-00-999728/model.pth
Model state saved to ./results/models/checkpoints/schrodinger/qho/2025-09-16_19-56-00-999728/model_weights.pth
It: 1771, Loss: 2.118e-05, Loss_res: 1.439e-03,  Loss_bcs: 2.871e-06, Loss_ut_ics: 3.927e-04, lr: 1.000e-03, Time: 4.08e+03
Model state saved to ./results/models/checkpoints/schrodinger/qho/2025-09-16_19-56-00-999728/model.pth
Model state saved to ./results/models/checkpoints/schrodinger/qho/2025-09-16_19-56-00-999728/model_weights.pth
It: 1772, Loss: 3.474e-05, Loss_res: 2.657e-03,  Loss_bcs: 2.020e-06, Loss_ut_ics: 6.152e-04, lr: 1.000e-03, Time: 4.08e+03
Model state saved to ./results/models/checkpoints/schrodinger/qho/2025-09-16_19-56-00-999728/model.pth
Model state saved to ./results/models/checkpoints/schrodinger/qho/2025-09-16_19-56-00-999728/model_weights.pth
It: 1773, Loss: 3.729e-05, Loss_res: 1.685e-03,  Loss_bcs: 1.558e-05, Loss_ut_ics: 4.860e-04, lr: 1.000e-03, Time: 4.08e+03
Model state saved to ./results/models/checkpoints/schrodinger/qho/2025-09-16_19-56-00-999728/model.pth
Model state saved to ./results/models/checkpoints/schrodinger/qho/2025-09-16_19-56-00-999728/model_weights.pth
It: 1774, Loss: 2.170e-05, Loss_res: 1.324e-03,  Loss_bcs: 6.157e-06, Loss_ut_ics: 2.299e-04, lr: 1.000e-03, Time: 4.09e+03
Model state saved to ./results/models/checkpoints/schrodinger/qho/2025-09-16_19-56-00-999728/model.pth
Model state saved to ./results/models/checkpoints/schrodinger/qho/2025-09-16_19-56-00-999728/model_weights.pth
It: 1775, Loss: 2.890e-05, Loss_res: 1.698e-03,  Loss_bcs: 6.408e-06, Loss_ut_ics: 5.518e-04, lr: 1.000e-03, Time: 4.09e+03
Model state saved to ./results/models/checkpoints/schrodinger/qho/2025-09-16_19-56-00-999728/model.pth
Model state saved to ./results/models/checkpoints/schrodinger/qho/2025-09-16_19-56-00-999728/model_weights.pth
It: 1776, Loss: 2.881e-05, Loss_res: 2.201e-03,  Loss_bcs: 3.441e-06, Loss_ut_ics: 3.363e-04, lr: 1.000e-03, Time: 4.09e+03
Model state saved to ./results/models/checkpoints/schrodinger/qho/2025-09-16_19-56-00-999728/model.pth
Model state saved to ./results/models/checkpoints/schrodinger/qho/2025-09-16_19-56-00-999728/model_weights.pth
It: 1777, Loss: 3.784e-05, Loss_res: 1.205e-03,  Loss_bcs: 2.440e-05, Loss_ut_ics: 1.394e-04, lr: 1.000e-03, Time: 4.09e+03
Model state saved to ./results/models/checkpoints/schrodinger/qho/2025-09-16_19-56-00-999728/model.pth
Model state saved to ./results/models/checkpoints/schrodinger/qho/2025-09-16_19-56-00-999728/model_weights.pth
It: 1778, Loss: 2.676e-05, Loss_res: 1.365e-03,  Loss_bcs: 9.329e-06, Loss_ut_ics: 3.778e-04, lr: 1.000e-03, Time: 4.09e+03
Model state saved to ./results/models/checkpoints/schrodinger/qho/2025-09-16_19-56-00-999728/model.pth
Model state saved to ./results/models/checkpoints/schrodinger/qho/2025-09-16_19-56-00-999728/model_weights.pth
It: 1779, Loss: 2.991e-05, Loss_res: 1.954e-03,  Loss_bcs: 5.602e-06, Loss_ut_ics: 4.774e-04, lr: 1.000e-03, Time: 4.10e+03
Model state saved to ./results/models/checkpoints/schrodinger/qho/2025-09-16_19-56-00-999728/model.pth
Model state saved to ./results/models/checkpoints/schrodinger/qho/2025-09-16_19-56-00-999728/model_weights.pth
It: 1780, Loss: 2.806e-05, Loss_res: 1.845e-03,  Loss_bcs: 6.577e-06, Loss_ut_ics: 3.034e-04, lr: 1.000e-03, Time: 4.10e+03
Model state saved to ./results/models/checkpoints/schrodinger/qho/2025-09-16_19-56-00-999728/model.pth
Model state saved to ./results/models/checkpoints/schrodinger/qho/2025-09-16_19-56-00-999728/model_weights.pth
It: 1781, Loss: 2.669e-05, Loss_res: 2.002e-03,  Loss_bcs: 2.665e-06, Loss_ut_ics: 4.000e-04, lr: 1.000e-03, Time: 4.10e+03
Model state saved to ./results/models/checkpoints/schrodinger/qho/2025-09-16_19-56-00-999728/model.pth
Model state saved to ./results/models/checkpoints/schrodinger/qho/2025-09-16_19-56-00-999728/model_weights.pth
It: 1782, Loss: 3.615e-05, Loss_res: 1.651e-03,  Loss_bcs: 1.349e-05, Loss_ut_ics: 6.149e-04, lr: 1.000e-03, Time: 4.10e+03
Model state saved to ./results/models/checkpoints/schrodinger/qho/2025-09-16_19-56-00-999728/model.pth
Model state saved to ./results/models/checkpoints/schrodinger/qho/2025-09-16_19-56-00-999728/model_weights.pth
It: 1783, Loss: 2.232e-05, Loss_res: 1.191e-03,  Loss_bcs: 2.656e-06, Loss_ut_ics: 7.754e-04, lr: 1.000e-03, Time: 4.10e+03
Model state saved to ./results/models/checkpoints/schrodinger/qho/2025-09-16_19-56-00-999728/model.pth
Model state saved to ./results/models/checkpoints/schrodinger/qho/2025-09-16_19-56-00-999728/model_weights.pth
It: 1784, Loss: 3.922e-05, Loss_res: 2.567e-03,  Loss_bcs: 5.277e-06, Loss_ut_ics: 8.275e-04, lr: 1.000e-03, Time: 4.10e+03
Model state saved to ./results/models/checkpoints/schrodinger/qho/2025-09-16_19-56-00-999728/model.pth
Model state saved to ./results/models/checkpoints/schrodinger/qho/2025-09-16_19-56-00-999728/model_weights.pth
It: 1785, Loss: 2.479e-05, Loss_res: 1.486e-03,  Loss_bcs: 2.134e-06, Loss_ut_ics: 7.796e-04, lr: 1.000e-03, Time: 4.11e+03
Model state saved to ./results/models/checkpoints/schrodinger/qho/2025-09-16_19-56-00-999728/model.pth
Model state saved to ./results/models/checkpoints/schrodinger/qho/2025-09-16_19-56-00-999728/model_weights.pth
It: 1786, Loss: 2.878e-05, Loss_res: 1.242e-03,  Loss_bcs: 1.170e-05, Loss_ut_ics: 4.656e-04, lr: 1.000e-03, Time: 4.11e+03
Model state saved to ./results/models/checkpoints/schrodinger/qho/2025-09-16_19-56-00-999728/model.pth
Model state saved to ./results/models/checkpoints/schrodinger/qho/2025-09-16_19-56-00-999728/model_weights.pth
It: 1787, Loss: 2.022e-05, Loss_res: 1.171e-03,  Loss_bcs: 3.014e-06, Loss_ut_ics: 5.492e-04, lr: 1.000e-03, Time: 4.11e+03
Model state saved to ./results/models/checkpoints/schrodinger/qho/2025-09-16_19-56-00-999728/model.pth
Model state saved to ./results/models/checkpoints/schrodinger/qho/2025-09-16_19-56-00-999728/model_weights.pth
It: 1788, Loss: 2.439e-05, Loss_res: 1.724e-03,  Loss_bcs: 2.951e-06, Loss_ut_ics: 4.190e-04, lr: 1.000e-03, Time: 4.11e+03
Model state saved to ./results/models/checkpoints/schrodinger/qho/2025-09-16_19-56-00-999728/model.pth
Model state saved to ./results/models/checkpoints/schrodinger/qho/2025-09-16_19-56-00-999728/model_weights.pth
It: 1789, Loss: 2.092e-05, Loss_res: 1.441e-03,  Loss_bcs: 1.272e-06, Loss_ut_ics: 5.237e-04, lr: 1.000e-03, Time: 4.11e+03
Model state saved to ./results/models/checkpoints/schrodinger/qho/2025-09-16_19-56-00-999728/model.pth
Model state saved to ./results/models/checkpoints/schrodinger/qho/2025-09-16_19-56-00-999728/model_weights.pth
It: 1790, Loss: 2.089e-05, Loss_res: 1.153e-03,  Loss_bcs: 2.507e-06, Loss_ut_ics: 6.848e-04, lr: 1.000e-03, Time: 4.12e+03
Model state saved to ./results/models/checkpoints/schrodinger/qho/2025-09-16_19-56-00-999728/model.pth
Model state saved to ./results/models/checkpoints/schrodinger/qho/2025-09-16_19-56-00-999728/model_weights.pth
It: 1791, Loss: 3.007e-05, Loss_res: 1.372e-03,  Loss_bcs: 5.121e-06, Loss_ut_ics: 1.123e-03, lr: 1.000e-03, Time: 4.12e+03
Model state saved to ./results/models/checkpoints/schrodinger/qho/2025-09-16_19-56-00-999728/model.pth
Model state saved to ./results/models/checkpoints/schrodinger/qho/2025-09-16_19-56-00-999728/model_weights.pth
It: 1792, Loss: 1.668e-05, Loss_res: 1.118e-03,  Loss_bcs: 2.567e-06, Loss_ut_ics: 2.931e-04, lr: 1.000e-03, Time: 4.12e+03
Model state saved to ./results/models/checkpoints/schrodinger/qho/2025-09-16_19-56-00-999728/model.pth
Model state saved to ./results/models/checkpoints/schrodinger/qho/2025-09-16_19-56-00-999728/model_weights.pth
It: 1793, Loss: 1.734e-05, Loss_res: 1.282e-03,  Loss_bcs: 1.146e-06, Loss_ut_ics: 3.376e-04, lr: 1.000e-03, Time: 4.12e+03
Model state saved to ./results/models/checkpoints/schrodinger/qho/2025-09-16_19-56-00-999728/model.pth
Model state saved to ./results/models/checkpoints/schrodinger/qho/2025-09-16_19-56-00-999728/model_weights.pth
It: 1794, Loss: 2.647e-05, Loss_res: 1.792e-03,  Loss_bcs: 1.796e-06, Loss_ut_ics: 6.757e-04, lr: 1.000e-03, Time: 4.12e+03
Model state saved to ./results/models/checkpoints/schrodinger/qho/2025-09-16_19-56-00-999728/model.pth
Model state saved to ./results/models/checkpoints/schrodinger/qho/2025-09-16_19-56-00-999728/model_weights.pth
It: 1795, Loss: 1.906e-05, Loss_res: 1.370e-03,  Loss_bcs: 2.236e-06, Loss_ut_ics: 3.128e-04, lr: 1.000e-03, Time: 4.13e+03
Model state saved to ./results/models/checkpoints/schrodinger/qho/2025-09-16_19-56-00-999728/model.pth
Model state saved to ./results/models/checkpoints/schrodinger/qho/2025-09-16_19-56-00-999728/model_weights.pth
It: 1796, Loss: 2.006e-05, Loss_res: 1.868e-03,  Loss_bcs: 4.617e-07, Loss_ut_ics: 9.219e-05, lr: 1.000e-03, Time: 4.13e+03
Model state saved to ./results/models/checkpoints/schrodinger/qho/2025-09-16_19-56-00-999728/model.pth
Model state saved to ./results/models/checkpoints/schrodinger/qho/2025-09-16_19-56-00-999728/model_weights.pth
It: 1797, Loss: 2.381e-05, Loss_res: 1.806e-03,  Loss_bcs: 3.056e-06, Loss_ut_ics: 2.701e-04, lr: 1.000e-03, Time: 4.13e+03
Model state saved to ./results/models/checkpoints/schrodinger/qho/2025-09-16_19-56-00-999728/model.pth
Model state saved to ./results/models/checkpoints/schrodinger/qho/2025-09-16_19-56-00-999728/model_weights.pth
It: 1798, Loss: 1.917e-05, Loss_res: 1.127e-03,  Loss_bcs: 4.808e-06, Loss_ut_ics: 3.091e-04, lr: 1.000e-03, Time: 4.13e+03
Model state saved to ./results/models/checkpoints/schrodinger/qho/2025-09-16_19-56-00-999728/model.pth
Model state saved to ./results/models/checkpoints/schrodinger/qho/2025-09-16_19-56-00-999728/model_weights.pth
It: 1799, Loss: 2.664e-05, Loss_res: 1.330e-03,  Loss_bcs: 2.635e-06, Loss_ut_ics: 1.071e-03, lr: 1.000e-03, Time: 4.13e+03
Model state saved to ./results/models/checkpoints/schrodinger/qho/2025-09-16_19-56-00-999728/model.pth
Model state saved to ./results/models/checkpoints/schrodinger/qho/2025-09-16_19-56-00-999728/model_weights.pth
It: 1800, Loss: 2.579e-05, Loss_res: 1.653e-03,  Loss_bcs: 1.671e-06, Loss_ut_ics: 7.584e-04, lr: 1.000e-03, Time: 4.13e+03
Model state saved to ./results/models/checkpoints/schrodinger/qho/2025-09-16_19-56-00-999728/model.pth
Model state saved to ./results/models/checkpoints/schrodinger/qho/2025-09-16_19-56-00-999728/model_weights.pth
It: 1801, Loss: 2.876e-05, Loss_res: 1.680e-03,  Loss_bcs: 2.061e-06, Loss_ut_ics: 9.905e-04, lr: 1.000e-03, Time: 4.14e+03
Model state saved to ./results/models/checkpoints/schrodinger/qho/2025-09-16_19-56-00-999728/model.pth
Model state saved to ./results/models/checkpoints/schrodinger/qho/2025-09-16_19-56-00-999728/model_weights.pth
It: 1802, Loss: 2.258e-05, Loss_res: 6.141e-04,  Loss_bcs: 1.333e-05, Loss_ut_ics: 3.116e-04, lr: 1.000e-03, Time: 4.14e+03
Model state saved to ./results/models/checkpoints/schrodinger/qho/2025-09-16_19-56-00-999728/model.pth
Model state saved to ./results/models/checkpoints/schrodinger/qho/2025-09-16_19-56-00-999728/model_weights.pth
It: 1803, Loss: 1.781e-05, Loss_res: 1.162e-03,  Loss_bcs: 3.233e-06, Loss_ut_ics: 2.955e-04, lr: 1.000e-03, Time: 4.14e+03
Model state saved to ./results/models/checkpoints/schrodinger/qho/2025-09-16_19-56-00-999728/model.pth
Model state saved to ./results/models/checkpoints/schrodinger/qho/2025-09-16_19-56-00-999728/model_weights.pth
It: 1804, Loss: 3.253e-05, Loss_res: 1.961e-03,  Loss_bcs: 3.918e-06, Loss_ut_ics: 9.006e-04, lr: 1.000e-03, Time: 4.14e+03
Model state saved to ./results/models/checkpoints/schrodinger/qho/2025-09-16_19-56-00-999728/model.pth
Model state saved to ./results/models/checkpoints/schrodinger/qho/2025-09-16_19-56-00-999728/model_weights.pth
It: 1805, Loss: 2.438e-05, Loss_res: 1.869e-03,  Loss_bcs: 1.293e-06, Loss_ut_ics: 4.391e-04, lr: 1.000e-03, Time: 4.14e+03
Model state saved to ./results/models/checkpoints/schrodinger/qho/2025-09-16_19-56-00-999728/model.pth
Model state saved to ./results/models/checkpoints/schrodinger/qho/2025-09-16_19-56-00-999728/model_weights.pth
It: 1806, Loss: 2.025e-05, Loss_res: 1.162e-03,  Loss_bcs: 7.322e-06, Loss_ut_ics: 1.301e-04, lr: 1.000e-03, Time: 4.15e+03
Model state saved to ./results/models/checkpoints/schrodinger/qho/2025-09-16_19-56-00-999728/model.pth
Model state saved to ./results/models/checkpoints/schrodinger/qho/2025-09-16_19-56-00-999728/model_weights.pth
It: 1807, Loss: 1.542e-05, Loss_res: 8.992e-04,  Loss_bcs: 2.500e-06, Loss_ut_ics: 3.923e-04, lr: 1.000e-03, Time: 4.15e+03
Model state saved to ./results/models/checkpoints/schrodinger/qho/2025-09-16_19-56-00-999728/model.pth
Model state saved to ./results/models/checkpoints/schrodinger/qho/2025-09-16_19-56-00-999728/model_weights.pth
It: 1808, Loss: 3.424e-05, Loss_res: 2.177e-03,  Loss_bcs: 3.196e-06, Loss_ut_ics: 9.276e-04, lr: 1.000e-03, Time: 4.15e+03
Model state saved to ./results/models/checkpoints/schrodinger/qho/2025-09-16_19-56-00-999728/model.pth
Model state saved to ./results/models/checkpoints/schrodinger/qho/2025-09-16_19-56-00-999728/model_weights.pth
It: 1809, Loss: 1.999e-05, Loss_res: 1.184e-03,  Loss_bcs: 4.131e-06, Loss_ut_ics: 4.024e-04, lr: 1.000e-03, Time: 4.15e+03
Model state saved to ./results/models/checkpoints/schrodinger/qho/2025-09-16_19-56-00-999728/model.pth
Model state saved to ./results/models/checkpoints/schrodinger/qho/2025-09-16_19-56-00-999728/model_weights.pth
It: 1810, Loss: 2.250e-05, Loss_res: 8.964e-04,  Loss_bcs: 7.616e-06, Loss_ut_ics: 5.923e-04, lr: 1.000e-03, Time: 4.15e+03
Model state saved to ./results/models/checkpoints/schrodinger/qho/2025-09-16_19-56-00-999728/model.pth
Model state saved to ./results/models/checkpoints/schrodinger/qho/2025-09-16_19-56-00-999728/model_weights.pth
It: 1811, Loss: 2.025e-05, Loss_res: 1.295e-03,  Loss_bcs: 7.853e-07, Loss_ut_ics: 6.516e-04, lr: 1.000e-03, Time: 4.15e+03
Model state saved to ./results/models/checkpoints/schrodinger/qho/2025-09-16_19-56-00-999728/model.pth
Model state saved to ./results/models/checkpoints/schrodinger/qho/2025-09-16_19-56-00-999728/model_weights.pth
It: 1812, Loss: 3.241e-05, Loss_res: 1.934e-03,  Loss_bcs: 4.486e-06, Loss_ut_ics: 8.586e-04, lr: 1.000e-03, Time: 4.16e+03
Model state saved to ./results/models/checkpoints/schrodinger/qho/2025-09-16_19-56-00-999728/model.pth
Model state saved to ./results/models/checkpoints/schrodinger/qho/2025-09-16_19-56-00-999728/model_weights.pth
It: 1813, Loss: 1.957e-05, Loss_res: 1.435e-03,  Loss_bcs: 1.121e-06, Loss_ut_ics: 4.105e-04, lr: 1.000e-03, Time: 4.16e+03
Model state saved to ./results/models/checkpoints/schrodinger/qho/2025-09-16_19-56-00-999728/model.pth
Model state saved to ./results/models/checkpoints/schrodinger/qho/2025-09-16_19-56-00-999728/model_weights.pth
It: 1814, Loss: 2.021e-05, Loss_res: 1.102e-03,  Loss_bcs: 5.235e-06, Loss_ut_ics: 3.959e-04, lr: 1.000e-03, Time: 4.16e+03
Model state saved to ./results/models/checkpoints/schrodinger/qho/2025-09-16_19-56-00-999728/model.pth
Model state saved to ./results/models/checkpoints/schrodinger/qho/2025-09-16_19-56-00-999728/model_weights.pth
It: 1815, Loss: 2.298e-05, Loss_res: 1.785e-03,  Loss_bcs: 8.370e-07, Loss_ut_ics: 4.300e-04, lr: 1.000e-03, Time: 4.16e+03
Model state saved to ./results/models/checkpoints/schrodinger/qho/2025-09-16_19-56-00-999728/model.pth
Model state saved to ./results/models/checkpoints/schrodinger/qho/2025-09-16_19-56-00-999728/model_weights.pth
It: 1816, Loss: 1.925e-05, Loss_res: 1.234e-03,  Loss_bcs: 1.838e-06, Loss_ut_ics: 5.077e-04, lr: 1.000e-03, Time: 4.16e+03
Model state saved to ./results/models/checkpoints/schrodinger/qho/2025-09-16_19-56-00-999728/model.pth
Model state saved to ./results/models/checkpoints/schrodinger/qho/2025-09-16_19-56-00-999728/model_weights.pth
It: 1817, Loss: 2.012e-05, Loss_res: 1.225e-03,  Loss_bcs: 3.478e-06, Loss_ut_ics: 4.388e-04, lr: 1.000e-03, Time: 4.17e+03
Model state saved to ./results/models/checkpoints/schrodinger/qho/2025-09-16_19-56-00-999728/model.pth
Model state saved to ./results/models/checkpoints/schrodinger/qho/2025-09-16_19-56-00-999728/model_weights.pth
It: 1818, Loss: 2.149e-05, Loss_res: 1.166e-03,  Loss_bcs: 1.568e-06, Loss_ut_ics: 8.262e-04, lr: 1.000e-03, Time: 4.17e+03
Model state saved to ./results/models/checkpoints/schrodinger/qho/2025-09-16_19-56-00-999728/model.pth
Model state saved to ./results/models/checkpoints/schrodinger/qho/2025-09-16_19-56-00-999728/model_weights.pth
It: 1819, Loss: 2.495e-05, Loss_res: 1.498e-03,  Loss_bcs: 2.352e-06, Loss_ut_ics: 7.617e-04, lr: 1.000e-03, Time: 4.17e+03
Model state saved to ./results/models/checkpoints/schrodinger/qho/2025-09-16_19-56-00-999728/model.pth
Model state saved to ./results/models/checkpoints/schrodinger/qho/2025-09-16_19-56-00-999728/model_weights.pth
It: 1820, Loss: 3.219e-05, Loss_res: 1.780e-03,  Loss_bcs: 5.124e-06, Loss_ut_ics: 9.267e-04, lr: 1.000e-03, Time: 4.17e+03
Model state saved to ./results/models/checkpoints/schrodinger/qho/2025-09-16_19-56-00-999728/model.pth
Model state saved to ./results/models/checkpoints/schrodinger/qho/2025-09-16_19-56-00-999728/model_weights.pth
It: 1821, Loss: 1.388e-05, Loss_res: 1.127e-03,  Loss_bcs: 1.094e-06, Loss_ut_ics: 1.512e-04, lr: 1.000e-03, Time: 4.17e+03
Model state saved to ./results/models/checkpoints/schrodinger/qho/2025-09-16_19-56-00-999728/model.pth
Model state saved to ./results/models/checkpoints/schrodinger/qho/2025-09-16_19-56-00-999728/model_weights.pth
It: 1822, Loss: 2.807e-05, Loss_res: 1.638e-03,  Loss_bcs: 2.069e-06, Loss_ut_ics: 9.623e-04, lr: 1.000e-03, Time: 4.18e+03
Model state saved to ./results/models/checkpoints/schrodinger/qho/2025-09-16_19-56-00-999728/model.pth
Model state saved to ./results/models/checkpoints/schrodinger/qho/2025-09-16_19-56-00-999728/model_weights.pth
It: 1823, Loss: 2.631e-05, Loss_res: 1.437e-03,  Loss_bcs: 3.677e-06, Loss_ut_ics: 8.268e-04, lr: 1.000e-03, Time: 4.18e+03
Model state saved to ./results/models/checkpoints/schrodinger/qho/2025-09-16_19-56-00-999728/model.pth
Model state saved to ./results/models/checkpoints/schrodinger/qho/2025-09-16_19-56-00-999728/model_weights.pth
It: 1824, Loss: 2.149e-05, Loss_res: 1.374e-03,  Loss_bcs: 1.022e-06, Loss_ut_ics: 6.728e-04, lr: 1.000e-03, Time: 4.18e+03
Model state saved to ./results/models/checkpoints/schrodinger/qho/2025-09-16_19-56-00-999728/model.pth
Model state saved to ./results/models/checkpoints/schrodinger/qho/2025-09-16_19-56-00-999728/model_weights.pth
It: 1825, Loss: 2.004e-05, Loss_res: 1.349e-03,  Loss_bcs: 1.554e-06, Loss_ut_ics: 4.996e-04, lr: 1.000e-03, Time: 4.18e+03
Model state saved to ./results/models/checkpoints/schrodinger/qho/2025-09-16_19-56-00-999728/model.pth
Model state saved to ./results/models/checkpoints/schrodinger/qho/2025-09-16_19-56-00-999728/model_weights.pth
It: 1826, Loss: 1.984e-05, Loss_res: 1.020e-03,  Loss_bcs: 1.442e-06, Loss_ut_ics: 8.205e-04, lr: 1.000e-03, Time: 4.18e+03
Model state saved to ./results/models/checkpoints/schrodinger/qho/2025-09-16_19-56-00-999728/model.pth
Model state saved to ./results/models/checkpoints/schrodinger/qho/2025-09-16_19-56-00-999728/model_weights.pth
It: 1827, Loss: 1.954e-05, Loss_res: 1.539e-03,  Loss_bcs: 2.812e-06, Loss_ut_ics: 1.339e-04, lr: 1.000e-03, Time: 4.18e+03
Model state saved to ./results/models/checkpoints/schrodinger/qho/2025-09-16_19-56-00-999728/model.pth
Model state saved to ./results/models/checkpoints/schrodinger/qho/2025-09-16_19-56-00-999728/model_weights.pth
It: 1828, Loss: 1.968e-05, Loss_res: 1.270e-03,  Loss_bcs: 1.586e-06, Loss_ut_ics: 5.397e-04, lr: 1.000e-03, Time: 4.19e+03
Model state saved to ./results/models/checkpoints/schrodinger/qho/2025-09-16_19-56-00-999728/model.pth
Model state saved to ./results/models/checkpoints/schrodinger/qho/2025-09-16_19-56-00-999728/model_weights.pth
It: 1829, Loss: 3.080e-05, Loss_res: 2.065e-03,  Loss_bcs: 8.773e-07, Loss_ut_ics: 9.273e-04, lr: 1.000e-03, Time: 4.19e+03
Model state saved to ./results/models/checkpoints/schrodinger/qho/2025-09-16_19-56-00-999728/model.pth
Model state saved to ./results/models/checkpoints/schrodinger/qho/2025-09-16_19-56-00-999728/model_weights.pth
It: 1830, Loss: 2.662e-05, Loss_res: 1.946e-03,  Loss_bcs: 1.259e-06, Loss_ut_ics: 5.906e-04, lr: 1.000e-03, Time: 4.19e+03
Model state saved to ./results/models/checkpoints/schrodinger/qho/2025-09-16_19-56-00-999728/model.pth
Model state saved to ./results/models/checkpoints/schrodinger/qho/2025-09-16_19-56-00-999728/model_weights.pth
It: 1831, Loss: 1.751e-05, Loss_res: 1.070e-03,  Loss_bcs: 2.513e-06, Loss_ut_ics: 4.299e-04, lr: 1.000e-03, Time: 4.19e+03
Model state saved to ./results/models/checkpoints/schrodinger/qho/2025-09-16_19-56-00-999728/model.pth
Model state saved to ./results/models/checkpoints/schrodinger/qho/2025-09-16_19-56-00-999728/model_weights.pth
It: 1832, Loss: 2.054e-05, Loss_res: 1.416e-03,  Loss_bcs: 8.512e-07, Loss_ut_ics: 5.521e-04, lr: 1.000e-03, Time: 4.19e+03
Model state saved to ./results/models/checkpoints/schrodinger/qho/2025-09-16_19-56-00-999728/model.pth
Model state saved to ./results/models/checkpoints/schrodinger/qho/2025-09-16_19-56-00-999728/model_weights.pth
It: 1833, Loss: 1.881e-05, Loss_res: 1.261e-03,  Loss_bcs: 1.050e-06, Loss_ut_ics: 5.146e-04, lr: 1.000e-03, Time: 4.20e+03
Model state saved to ./results/models/checkpoints/schrodinger/qho/2025-09-16_19-56-00-999728/model.pth
Model state saved to ./results/models/checkpoints/schrodinger/qho/2025-09-16_19-56-00-999728/model_weights.pth
It: 1834, Loss: 1.713e-05, Loss_res: 1.044e-03,  Loss_bcs: 2.442e-06, Loss_ut_ics: 4.250e-04, lr: 1.000e-03, Time: 4.20e+03
Model state saved to ./results/models/checkpoints/schrodinger/qho/2025-09-16_19-56-00-999728/model.pth
Model state saved to ./results/models/checkpoints/schrodinger/qho/2025-09-16_19-56-00-999728/model_weights.pth
It: 1835, Loss: 2.040e-05, Loss_res: 1.130e-03,  Loss_bcs: 3.263e-06, Loss_ut_ics: 5.840e-04, lr: 1.000e-03, Time: 4.20e+03
Model state saved to ./results/models/checkpoints/schrodinger/qho/2025-09-16_19-56-00-999728/model.pth
Model state saved to ./results/models/checkpoints/schrodinger/qho/2025-09-16_19-56-00-999728/model_weights.pth
It: 1836, Loss: 2.846e-05, Loss_res: 2.122e-03,  Loss_bcs: 1.397e-06, Loss_ut_ics: 5.836e-04, lr: 1.000e-03, Time: 4.20e+03
Model state saved to ./results/models/checkpoints/schrodinger/qho/2025-09-16_19-56-00-999728/model.pth
Model state saved to ./results/models/checkpoints/schrodinger/qho/2025-09-16_19-56-00-999728/model_weights.pth
It: 1837, Loss: 2.157e-05, Loss_res: 1.575e-03,  Loss_bcs: 1.504e-06, Loss_ut_ics: 4.309e-04, lr: 1.000e-03, Time: 4.20e+03
Model state saved to ./results/models/checkpoints/schrodinger/qho/2025-09-16_19-56-00-999728/model.pth
Model state saved to ./results/models/checkpoints/schrodinger/qho/2025-09-16_19-56-00-999728/model_weights.pth
It: 1838, Loss: 2.032e-05, Loss_res: 1.285e-03,  Loss_bcs: 7.314e-07, Loss_ut_ics: 6.742e-04, lr: 1.000e-03, Time: 4.21e+03
Model state saved to ./results/models/checkpoints/schrodinger/qho/2025-09-16_19-56-00-999728/model.pth
Model state saved to ./results/models/checkpoints/schrodinger/qho/2025-09-16_19-56-00-999728/model_weights.pth
It: 1839, Loss: 1.557e-05, Loss_res: 1.057e-03,  Loss_bcs: 1.563e-06, Loss_ut_ics: 3.444e-04, lr: 1.000e-03, Time: 4.21e+03
Model state saved to ./results/models/checkpoints/schrodinger/qho/2025-09-16_19-56-00-999728/model.pth
Model state saved to ./results/models/checkpoints/schrodinger/qho/2025-09-16_19-56-00-999728/model_weights.pth
It: 1840, Loss: 2.726e-05, Loss_res: 1.767e-03,  Loss_bcs: 2.273e-06, Loss_ut_ics: 7.314e-04, lr: 1.000e-03, Time: 4.21e+03
Model state saved to ./results/models/checkpoints/schrodinger/qho/2025-09-16_19-56-00-999728/model.pth
Model state saved to ./results/models/checkpoints/schrodinger/qho/2025-09-16_19-56-00-999728/model_weights.pth
It: 1841, Loss: 2.306e-05, Loss_res: 1.506e-03,  Loss_bcs: 2.318e-06, Loss_ut_ics: 5.675e-04, lr: 1.000e-03, Time: 4.21e+03
Model state saved to ./results/models/checkpoints/schrodinger/qho/2025-09-16_19-56-00-999728/model.pth
Model state saved to ./results/models/checkpoints/schrodinger/qho/2025-09-16_19-56-00-999728/model_weights.pth
It: 1842, Loss: 1.581e-05, Loss_res: 1.298e-03,  Loss_bcs: 1.240e-06, Loss_ut_ics: 1.598e-04, lr: 1.000e-03, Time: 4.21e+03
Model state saved to ./results/models/checkpoints/schrodinger/qho/2025-09-16_19-56-00-999728/model.pth
Model state saved to ./results/models/checkpoints/schrodinger/qho/2025-09-16_19-56-00-999728/model_weights.pth
It: 1843, Loss: 2.383e-05, Loss_res: 1.405e-03,  Loss_bcs: 3.850e-06, Loss_ut_ics: 5.931e-04, lr: 1.000e-03, Time: 4.21e+03
Model state saved to ./results/models/checkpoints/schrodinger/qho/2025-09-16_19-56-00-999728/model.pth
Model state saved to ./results/models/checkpoints/schrodinger/qho/2025-09-16_19-56-00-999728/model_weights.pth
It: 1844, Loss: 2.253e-05, Loss_res: 1.188e-03,  Loss_bcs: 2.531e-06, Loss_ut_ics: 8.119e-04, lr: 1.000e-03, Time: 4.22e+03
Model state saved to ./results/models/checkpoints/schrodinger/qho/2025-09-16_19-56-00-999728/model.pth
Model state saved to ./results/models/checkpoints/schrodinger/qho/2025-09-16_19-56-00-999728/model_weights.pth
It: 1845, Loss: 3.118e-05, Loss_res: 2.144e-03,  Loss_bcs: 2.025e-06, Loss_ut_ics: 7.713e-04, lr: 1.000e-03, Time: 4.22e+03
Model state saved to ./results/models/checkpoints/schrodinger/qho/2025-09-16_19-56-00-999728/model.pth
Model state saved to ./results/models/checkpoints/schrodinger/qho/2025-09-16_19-56-00-999728/model_weights.pth
It: 1846, Loss: 2.518e-05, Loss_res: 1.478e-03,  Loss_bcs: 5.205e-06, Loss_ut_ics: 5.195e-04, lr: 1.000e-03, Time: 4.22e+03
Model state saved to ./results/models/checkpoints/schrodinger/qho/2025-09-16_19-56-00-999728/model.pth
Model state saved to ./results/models/checkpoints/schrodinger/qho/2025-09-16_19-56-00-999728/model_weights.pth
It: 1847, Loss: 3.815e-05, Loss_res: 1.656e-03,  Loss_bcs: 1.362e-05, Loss_ut_ics: 7.968e-04, lr: 1.000e-03, Time: 4.22e+03
Model state saved to ./results/models/checkpoints/schrodinger/qho/2025-09-16_19-56-00-999728/model.pth
Model state saved to ./results/models/checkpoints/schrodinger/qho/2025-09-16_19-56-00-999728/model_weights.pth
It: 1848, Loss: 2.345e-05, Loss_res: 1.615e-03,  Loss_bcs: 9.104e-07, Loss_ut_ics: 6.393e-04, lr: 1.000e-03, Time: 4.22e+03
Model state saved to ./results/models/checkpoints/schrodinger/qho/2025-09-16_19-56-00-999728/model.pth
Model state saved to ./results/models/checkpoints/schrodinger/qho/2025-09-16_19-56-00-999728/model_weights.pth
It: 1849, Loss: 3.653e-05, Loss_res: 1.901e-03,  Loss_bcs: 1.027e-05, Loss_ut_ics: 7.255e-04, lr: 1.000e-03, Time: 4.23e+03
Model state saved to ./results/models/checkpoints/schrodinger/qho/2025-09-16_19-56-00-999728/model.pth
Model state saved to ./results/models/checkpoints/schrodinger/qho/2025-09-16_19-56-00-999728/model_weights.pth
It: 1850, Loss: 1.681e-05, Loss_res: 1.298e-03,  Loss_bcs: 1.747e-06, Loss_ut_ics: 2.084e-04, lr: 1.000e-03, Time: 4.23e+03
Model state saved to ./results/models/checkpoints/schrodinger/qho/2025-09-16_19-56-00-999728/model.pth
Model state saved to ./results/models/checkpoints/schrodinger/qho/2025-09-16_19-56-00-999728/model_weights.pth
It: 1851, Loss: 2.673e-05, Loss_res: 1.036e-03,  Loss_bcs: 1.020e-05, Loss_ut_ics: 6.169e-04, lr: 1.000e-03, Time: 4.23e+03
Model state saved to ./results/models/checkpoints/schrodinger/qho/2025-09-16_19-56-00-999728/model.pth
Model state saved to ./results/models/checkpoints/schrodinger/qho/2025-09-16_19-56-00-999728/model_weights.pth
It: 1852, Loss: 2.299e-05, Loss_res: 1.398e-03,  Loss_bcs: 1.521e-06, Loss_ut_ics: 7.482e-04, lr: 1.000e-03, Time: 4.23e+03
Model state saved to ./results/models/checkpoints/schrodinger/qho/2025-09-16_19-56-00-999728/model.pth
Model state saved to ./results/models/checkpoints/schrodinger/qho/2025-09-16_19-56-00-999728/model_weights.pth
It: 1853, Loss: 2.891e-05, Loss_res: 1.580e-03,  Loss_bcs: 5.093e-06, Loss_ut_ics: 8.019e-04, lr: 1.000e-03, Time: 4.23e+03
Model state saved to ./results/models/checkpoints/schrodinger/qho/2025-09-16_19-56-00-999728/model.pth
Model state saved to ./results/models/checkpoints/schrodinger/qho/2025-09-16_19-56-00-999728/model_weights.pth
It: 1854, Loss: 2.159e-05, Loss_res: 1.492e-03,  Loss_bcs: 2.034e-06, Loss_ut_ics: 4.638e-04, lr: 1.000e-03, Time: 4.24e+03
Model state saved to ./results/models/checkpoints/schrodinger/qho/2025-09-16_19-56-00-999728/model.pth
Model state saved to ./results/models/checkpoints/schrodinger/qho/2025-09-16_19-56-00-999728/model_weights.pth
It: 1855, Loss: 3.348e-05, Loss_res: 1.435e-03,  Loss_bcs: 1.110e-05, Loss_ut_ics: 8.035e-04, lr: 1.000e-03, Time: 4.24e+03
Model state saved to ./results/models/checkpoints/schrodinger/qho/2025-09-16_19-56-00-999728/model.pth
Model state saved to ./results/models/checkpoints/schrodinger/qho/2025-09-16_19-56-00-999728/model_weights.pth
It: 1856, Loss: 2.877e-05, Loss_res: 1.346e-03,  Loss_bcs: 6.302e-06, Loss_ut_ics: 9.005e-04, lr: 1.000e-03, Time: 4.24e+03
Model state saved to ./results/models/checkpoints/schrodinger/qho/2025-09-16_19-56-00-999728/model.pth
Model state saved to ./results/models/checkpoints/schrodinger/qho/2025-09-16_19-56-00-999728/model_weights.pth
It: 1857, Loss: 2.144e-05, Loss_res: 1.522e-03,  Loss_bcs: 2.372e-06, Loss_ut_ics: 3.847e-04, lr: 1.000e-03, Time: 4.24e+03
Model state saved to ./results/models/checkpoints/schrodinger/qho/2025-09-16_19-56-00-999728/model.pth
Model state saved to ./results/models/checkpoints/schrodinger/qho/2025-09-16_19-56-00-999728/model_weights.pth
It: 1858, Loss: 2.614e-05, Loss_res: 1.868e-03,  Loss_bcs: 1.694e-06, Loss_ut_ics: 5.774e-04, lr: 1.000e-03, Time: 4.24e+03
Model state saved to ./results/models/checkpoints/schrodinger/qho/2025-09-16_19-56-00-999728/model.pth
Model state saved to ./results/models/checkpoints/schrodinger/qho/2025-09-16_19-56-00-999728/model_weights.pth
It: 1859, Loss: 2.421e-05, Loss_res: 1.028e-03,  Loss_bcs: 4.401e-06, Loss_ut_ics: 9.527e-04, lr: 1.000e-03, Time: 4.25e+03
Model state saved to ./results/models/checkpoints/schrodinger/qho/2025-09-16_19-56-00-999728/model.pth
Model state saved to ./results/models/checkpoints/schrodinger/qho/2025-09-16_19-56-00-999728/model_weights.pth
It: 1860, Loss: 1.848e-05, Loss_res: 9.196e-04,  Loss_bcs: 6.533e-06, Loss_ut_ics: 2.748e-04, lr: 1.000e-03, Time: 4.25e+03
Model state saved to ./results/models/checkpoints/schrodinger/qho/2025-09-16_19-56-00-999728/model.pth
Model state saved to ./results/models/checkpoints/schrodinger/qho/2025-09-16_19-56-00-999728/model_weights.pth
It: 1861, Loss: 2.178e-05, Loss_res: 1.439e-03,  Loss_bcs: 1.697e-06, Loss_ut_ics: 5.693e-04, lr: 1.000e-03, Time: 4.25e+03
Model state saved to ./results/models/checkpoints/schrodinger/qho/2025-09-16_19-56-00-999728/model.pth
Model state saved to ./results/models/checkpoints/schrodinger/qho/2025-09-16_19-56-00-999728/model_weights.pth
It: 1862, Loss: 1.767e-05, Loss_res: 1.232e-03,  Loss_bcs: 2.949e-06, Loss_ut_ics: 2.401e-04, lr: 1.000e-03, Time: 4.25e+03
Model state saved to ./results/models/checkpoints/schrodinger/qho/2025-09-16_19-56-00-999728/model.pth
Model state saved to ./results/models/checkpoints/schrodinger/qho/2025-09-16_19-56-00-999728/model_weights.pth
It: 1863, Loss: 1.822e-05, Loss_res: 1.236e-03,  Loss_bcs: 9.390e-07, Loss_ut_ics: 4.924e-04, lr: 1.000e-03, Time: 4.25e+03
Model state saved to ./results/models/checkpoints/schrodinger/qho/2025-09-16_19-56-00-999728/model.pth
Model state saved to ./results/models/checkpoints/schrodinger/qho/2025-09-16_19-56-00-999728/model_weights.pth
It: 1864, Loss: 1.361e-05, Loss_res: 7.704e-04,  Loss_bcs: 2.583e-06, Loss_ut_ics: 3.321e-04, lr: 1.000e-03, Time: 4.25e+03
Model state saved to ./results/models/checkpoints/schrodinger/qho/2025-09-16_19-56-00-999728/model.pth
Model state saved to ./results/models/checkpoints/schrodinger/qho/2025-09-16_19-56-00-999728/model_weights.pth
It: 1865, Loss: 2.340e-05, Loss_res: 1.906e-03,  Loss_bcs: 4.087e-07, Loss_ut_ics: 3.931e-04, lr: 1.000e-03, Time: 4.26e+03
Model state saved to ./results/models/checkpoints/schrodinger/qho/2025-09-16_19-56-00-999728/model.pth
Model state saved to ./results/models/checkpoints/schrodinger/qho/2025-09-16_19-56-00-999728/model_weights.pth
It: 1866, Loss: 1.800e-05, Loss_res: 1.293e-03,  Loss_bcs: 2.131e-06, Loss_ut_ics: 2.944e-04, lr: 1.000e-03, Time: 4.26e+03
Model state saved to ./results/models/checkpoints/schrodinger/qho/2025-09-16_19-56-00-999728/model.pth
Model state saved to ./results/models/checkpoints/schrodinger/qho/2025-09-16_19-56-00-999728/model_weights.pth
It: 1867, Loss: 1.818e-05, Loss_res: 1.387e-03,  Loss_bcs: 2.057e-06, Loss_ut_ics: 2.260e-04, lr: 1.000e-03, Time: 4.26e+03
Model state saved to ./results/models/checkpoints/schrodinger/qho/2025-09-16_19-56-00-999728/model.pth
Model state saved to ./results/models/checkpoints/schrodinger/qho/2025-09-16_19-56-00-999728/model_weights.pth
It: 1868, Loss: 1.808e-05, Loss_res: 1.231e-03,  Loss_bcs: 1.456e-06, Loss_ut_ics: 4.313e-04, lr: 1.000e-03, Time: 4.26e+03
Model state saved to ./results/models/checkpoints/schrodinger/qho/2025-09-16_19-56-00-999728/model.pth
Model state saved to ./results/models/checkpoints/schrodinger/qho/2025-09-16_19-56-00-999728/model_weights.pth
It: 1869, Loss: 2.915e-05, Loss_res: 1.933e-03,  Loss_bcs: 1.721e-06, Loss_ut_ics: 8.105e-04, lr: 1.000e-03, Time: 4.26e+03
Model state saved to ./results/models/checkpoints/schrodinger/qho/2025-09-16_19-56-00-999728/model.pth
Model state saved to ./results/models/checkpoints/schrodinger/qho/2025-09-16_19-56-00-999728/model_weights.pth
It: 1870, Loss: 1.244e-05, Loss_res: 8.735e-04,  Loss_bcs: 1.699e-06, Loss_ut_ics: 2.008e-04, lr: 1.000e-03, Time: 4.27e+03
Model state saved to ./results/models/checkpoints/schrodinger/qho/2025-09-16_19-56-00-999728/model.pth
Model state saved to ./results/models/checkpoints/schrodinger/qho/2025-09-16_19-56-00-999728/model_weights.pth
It: 1871, Loss: 2.080e-05, Loss_res: 1.516e-03,  Loss_bcs: 4.007e-06, Loss_ut_ics: 1.632e-04, lr: 1.000e-03, Time: 4.27e+03
Model state saved to ./results/models/checkpoints/schrodinger/qho/2025-09-16_19-56-00-999728/model.pth
Model state saved to ./results/models/checkpoints/schrodinger/qho/2025-09-16_19-56-00-999728/model_weights.pth
It: 1872, Loss: 2.385e-05, Loss_res: 1.494e-03,  Loss_bcs: 1.691e-06, Loss_ut_ics: 7.225e-04, lr: 1.000e-03, Time: 4.27e+03
Model state saved to ./results/models/checkpoints/schrodinger/qho/2025-09-16_19-56-00-999728/model.pth
Model state saved to ./results/models/checkpoints/schrodinger/qho/2025-09-16_19-56-00-999728/model_weights.pth
It: 1873, Loss: 2.762e-05, Loss_res: 2.149e-03,  Loss_bcs: 2.209e-06, Loss_ut_ics: 3.924e-04, lr: 1.000e-03, Time: 4.27e+03
Model state saved to ./results/models/checkpoints/schrodinger/qho/2025-09-16_19-56-00-999728/model.pth
Model state saved to ./results/models/checkpoints/schrodinger/qho/2025-09-16_19-56-00-999728/model_weights.pth
It: 1874, Loss: 2.096e-05, Loss_res: 1.244e-03,  Loss_bcs: 2.433e-06, Loss_ut_ics: 6.088e-04, lr: 1.000e-03, Time: 4.27e+03
Model state saved to ./results/models/checkpoints/schrodinger/qho/2025-09-16_19-56-00-999728/model.pth
Model state saved to ./results/models/checkpoints/schrodinger/qho/2025-09-16_19-56-00-999728/model_weights.pth
It: 1875, Loss: 1.765e-05, Loss_res: 1.292e-03,  Loss_bcs: 3.507e-06, Loss_ut_ics: 1.217e-04, lr: 1.000e-03, Time: 4.28e+03
Model state saved to ./results/models/checkpoints/schrodinger/qho/2025-09-16_19-56-00-999728/model.pth
Model state saved to ./results/models/checkpoints/schrodinger/qho/2025-09-16_19-56-00-999728/model_weights.pth
It: 1876, Loss: 1.713e-05, Loss_res: 1.156e-03,  Loss_bcs: 2.820e-06, Loss_ut_ics: 2.755e-04, lr: 1.000e-03, Time: 4.28e+03
Model state saved to ./results/models/checkpoints/schrodinger/qho/2025-09-16_19-56-00-999728/model.pth
Model state saved to ./results/models/checkpoints/schrodinger/qho/2025-09-16_19-56-00-999728/model_weights.pth
It: 1877, Loss: 2.266e-05, Loss_res: 1.395e-03,  Loss_bcs: 4.740e-06, Loss_ut_ics: 3.973e-04, lr: 1.000e-03, Time: 4.28e+03
Model state saved to ./results/models/checkpoints/schrodinger/qho/2025-09-16_19-56-00-999728/model.pth
Model state saved to ./results/models/checkpoints/schrodinger/qho/2025-09-16_19-56-00-999728/model_weights.pth
It: 1878, Loss: 1.994e-05, Loss_res: 1.197e-03,  Loss_bcs: 3.437e-06, Loss_ut_ics: 4.532e-04, lr: 1.000e-03, Time: 4.28e+03
Model state saved to ./results/models/checkpoints/schrodinger/qho/2025-09-16_19-56-00-999728/model.pth
Model state saved to ./results/models/checkpoints/schrodinger/qho/2025-09-16_19-56-00-999728/model_weights.pth
It: 1879, Loss: 2.267e-05, Loss_res: 1.622e-03,  Loss_bcs: 1.326e-06, Loss_ut_ics: 5.131e-04, lr: 1.000e-03, Time: 4.28e+03
Model state saved to ./results/models/checkpoints/schrodinger/qho/2025-09-16_19-56-00-999728/model.pth
Model state saved to ./results/models/checkpoints/schrodinger/qho/2025-09-16_19-56-00-999728/model_weights.pth
It: 1880, Loss: 2.489e-05, Loss_res: 1.708e-03,  Loss_bcs: 9.366e-07, Loss_ut_ics: 6.870e-04, lr: 1.000e-03, Time: 4.28e+03
Model state saved to ./results/models/checkpoints/schrodinger/qho/2025-09-16_19-56-00-999728/model.pth
Model state saved to ./results/models/checkpoints/schrodinger/qho/2025-09-16_19-56-00-999728/model_weights.pth
It: 1881, Loss: 2.201e-05, Loss_res: 1.287e-03,  Loss_bcs: 2.901e-06, Loss_ut_ics: 6.247e-04, lr: 1.000e-03, Time: 4.29e+03
Model state saved to ./results/models/checkpoints/schrodinger/qho/2025-09-16_19-56-00-999728/model.pth
Model state saved to ./results/models/checkpoints/schrodinger/qho/2025-09-16_19-56-00-999728/model_weights.pth
It: 1882, Loss: 2.195e-05, Loss_res: 1.109e-03,  Loss_bcs: 2.021e-06, Loss_ut_ics: 8.836e-04, lr: 1.000e-03, Time: 4.29e+03
Model state saved to ./results/models/checkpoints/schrodinger/qho/2025-09-16_19-56-00-999728/model.pth
Model state saved to ./results/models/checkpoints/schrodinger/qho/2025-09-16_19-56-00-999728/model_weights.pth
It: 1883, Loss: 2.264e-05, Loss_res: 1.513e-03,  Loss_bcs: 1.951e-06, Loss_ut_ics: 5.564e-04, lr: 1.000e-03, Time: 4.29e+03
Model state saved to ./results/models/checkpoints/schrodinger/qho/2025-09-16_19-56-00-999728/model.pth
Model state saved to ./results/models/checkpoints/schrodinger/qho/2025-09-16_19-56-00-999728/model_weights.pth
It: 1884, Loss: 2.508e-05, Loss_res: 1.420e-03,  Loss_bcs: 1.615e-06, Loss_ut_ics: 9.271e-04, lr: 1.000e-03, Time: 4.29e+03
Model state saved to ./results/models/checkpoints/schrodinger/qho/2025-09-16_19-56-00-999728/model.pth
Model state saved to ./results/models/checkpoints/schrodinger/qho/2025-09-16_19-56-00-999728/model_weights.pth
It: 1885, Loss: 2.253e-05, Loss_res: 1.222e-03,  Loss_bcs: 4.971e-06, Loss_ut_ics: 5.342e-04, lr: 1.000e-03, Time: 4.29e+03
Model state saved to ./results/models/checkpoints/schrodinger/qho/2025-09-16_19-56-00-999728/model.pth
Model state saved to ./results/models/checkpoints/schrodinger/qho/2025-09-16_19-56-00-999728/model_weights.pth
It: 1886, Loss: 1.808e-05, Loss_res: 1.244e-03,  Loss_bcs: 1.362e-06, Loss_ut_ics: 4.280e-04, lr: 1.000e-03, Time: 4.30e+03
Model state saved to ./results/models/checkpoints/schrodinger/qho/2025-09-16_19-56-00-999728/model.pth
Model state saved to ./results/models/checkpoints/schrodinger/qho/2025-09-16_19-56-00-999728/model_weights.pth
It: 1887, Loss: 2.342e-05, Loss_res: 1.794e-03,  Loss_bcs: 1.231e-06, Loss_ut_ics: 4.251e-04, lr: 1.000e-03, Time: 4.30e+03
Model state saved to ./results/models/checkpoints/schrodinger/qho/2025-09-16_19-56-00-999728/model.pth
Model state saved to ./results/models/checkpoints/schrodinger/qho/2025-09-16_19-56-00-999728/model_weights.pth
It: 1888, Loss: 1.763e-05, Loss_res: 1.081e-03,  Loss_bcs: 1.761e-06, Loss_ut_ics: 5.066e-04, lr: 1.000e-03, Time: 4.30e+03
Model state saved to ./results/models/checkpoints/schrodinger/qho/2025-09-16_19-56-00-999728/model.pth
Model state saved to ./results/models/checkpoints/schrodinger/qho/2025-09-16_19-56-00-999728/model_weights.pth
It: 1889, Loss: 2.196e-05, Loss_res: 1.338e-03,  Loss_bcs: 2.416e-06, Loss_ut_ics: 6.166e-04, lr: 1.000e-03, Time: 4.30e+03
Model state saved to ./results/models/checkpoints/schrodinger/qho/2025-09-16_19-56-00-999728/model.pth
Model state saved to ./results/models/checkpoints/schrodinger/qho/2025-09-16_19-56-00-999728/model_weights.pth
It: 1890, Loss: 1.891e-05, Loss_res: 8.893e-04,  Loss_bcs: 4.353e-06, Loss_ut_ics: 5.662e-04, lr: 1.000e-03, Time: 4.30e+03
Model state saved to ./results/models/checkpoints/schrodinger/qho/2025-09-16_19-56-00-999728/model.pth
Model state saved to ./results/models/checkpoints/schrodinger/qho/2025-09-16_19-56-00-999728/model_weights.pth
It: 1891, Loss: 1.781e-05, Loss_res: 1.043e-03,  Loss_bcs: 6.320e-07, Loss_ut_ics: 6.748e-04, lr: 1.000e-03, Time: 4.31e+03
Model state saved to ./results/models/checkpoints/schrodinger/qho/2025-09-16_19-56-00-999728/model.pth
Model state saved to ./results/models/checkpoints/schrodinger/qho/2025-09-16_19-56-00-999728/model_weights.pth
It: 1892, Loss: 1.871e-05, Loss_res: 1.326e-03,  Loss_bcs: 7.886e-07, Loss_ut_ics: 4.663e-04, lr: 1.000e-03, Time: 4.31e+03
Model state saved to ./results/models/checkpoints/schrodinger/qho/2025-09-16_19-56-00-999728/model.pth
Model state saved to ./results/models/checkpoints/schrodinger/qho/2025-09-16_19-56-00-999728/model_weights.pth
It: 1893, Loss: 2.035e-05, Loss_res: 1.580e-03,  Loss_bcs: 3.341e-07, Loss_ut_ics: 4.217e-04, lr: 1.000e-03, Time: 4.31e+03
Model state saved to ./results/models/checkpoints/schrodinger/qho/2025-09-16_19-56-00-999728/model.pth
Model state saved to ./results/models/checkpoints/schrodinger/qho/2025-09-16_19-56-00-999728/model_weights.pth
It: 1894, Loss: 2.658e-05, Loss_res: 1.601e-03,  Loss_bcs: 9.302e-06, Loss_ut_ics: 1.267e-04, lr: 1.000e-03, Time: 4.31e+03
Model state saved to ./results/models/checkpoints/schrodinger/qho/2025-09-16_19-56-00-999728/model.pth
Model state saved to ./results/models/checkpoints/schrodinger/qho/2025-09-16_19-56-00-999728/model_weights.pth
It: 1895, Loss: 1.874e-05, Loss_res: 1.441e-03,  Loss_bcs: 1.005e-06, Loss_ut_ics: 3.329e-04, lr: 1.000e-03, Time: 4.31e+03
Model state saved to ./results/models/checkpoints/schrodinger/qho/2025-09-16_19-56-00-999728/model.pth
Model state saved to ./results/models/checkpoints/schrodinger/qho/2025-09-16_19-56-00-999728/model_weights.pth
It: 1896, Loss: 2.536e-05, Loss_res: 2.025e-03,  Loss_bcs: 3.298e-06, Loss_ut_ics: 1.813e-04, lr: 1.000e-03, Time: 4.31e+03
Model state saved to ./results/models/checkpoints/schrodinger/qho/2025-09-16_19-56-00-999728/model.pth
Model state saved to ./results/models/checkpoints/schrodinger/qho/2025-09-16_19-56-00-999728/model_weights.pth
It: 1897, Loss: 2.091e-05, Loss_res: 1.516e-03,  Loss_bcs: 6.524e-07, Loss_ut_ics: 5.092e-04, lr: 1.000e-03, Time: 4.32e+03
Model state saved to ./results/models/checkpoints/schrodinger/qho/2025-09-16_19-56-00-999728/model.pth
Model state saved to ./results/models/checkpoints/schrodinger/qho/2025-09-16_19-56-00-999728/model_weights.pth
It: 1898, Loss: 2.774e-05, Loss_res: 1.009e-03,  Loss_bcs: 1.442e-05, Loss_ut_ics: 3.226e-04, lr: 1.000e-03, Time: 4.32e+03
Model state saved to ./results/models/checkpoints/schrodinger/qho/2025-09-16_19-56-00-999728/model.pth
Model state saved to ./results/models/checkpoints/schrodinger/qho/2025-09-16_19-56-00-999728/model_weights.pth
It: 1899, Loss: 2.076e-05, Loss_res: 1.286e-03,  Loss_bcs: 3.581e-06, Loss_ut_ics: 4.313e-04, lr: 1.000e-03, Time: 4.32e+03
Model state saved to ./results/models/checkpoints/schrodinger/qho/2025-09-16_19-56-00-999728/model.pth
Model state saved to ./results/models/checkpoints/schrodinger/qho/2025-09-16_19-56-00-999728/model_weights.pth
It: 1900, Loss: 2.568e-05, Loss_res: 1.365e-03,  Loss_bcs: 2.209e-06, Loss_ut_ics: 9.824e-04, lr: 1.000e-03, Time: 4.32e+03
Model state saved to ./results/models/checkpoints/schrodinger/qho/2025-09-16_19-56-00-999728/model.pth
Model state saved to ./results/models/checkpoints/schrodinger/qho/2025-09-16_19-56-00-999728/model_weights.pth
It: 1901, Loss: 3.305e-05, Loss_res: 2.045e-03,  Loss_bcs: 4.067e-06, Loss_ut_ics: 8.534e-04, lr: 1.000e-03, Time: 4.32e+03
Model state saved to ./results/models/checkpoints/schrodinger/qho/2025-09-16_19-56-00-999728/model.pth
Model state saved to ./results/models/checkpoints/schrodinger/qho/2025-09-16_19-56-00-999728/model_weights.pth
It: 1902, Loss: 2.111e-05, Loss_res: 1.157e-03,  Loss_bcs: 7.604e-06, Loss_ut_ics: 1.935e-04, lr: 1.000e-03, Time: 4.33e+03
Model state saved to ./results/models/checkpoints/schrodinger/qho/2025-09-16_19-56-00-999728/model.pth
Model state saved to ./results/models/checkpoints/schrodinger/qho/2025-09-16_19-56-00-999728/model_weights.pth
It: 1903, Loss: 3.110e-05, Loss_res: 1.446e-03,  Loss_bcs: 1.355e-05, Loss_ut_ics: 3.090e-04, lr: 1.000e-03, Time: 4.33e+03
Model state saved to ./results/models/checkpoints/schrodinger/qho/2025-09-16_19-56-00-999728/model.pth
Model state saved to ./results/models/checkpoints/schrodinger/qho/2025-09-16_19-56-00-999728/model_weights.pth
It: 1904, Loss: 2.054e-05, Loss_res: 1.222e-03,  Loss_bcs: 1.472e-06, Loss_ut_ics: 6.853e-04, lr: 1.000e-03, Time: 4.33e+03
Model state saved to ./results/models/checkpoints/schrodinger/qho/2025-09-16_19-56-00-999728/model.pth
Model state saved to ./results/models/checkpoints/schrodinger/qho/2025-09-16_19-56-00-999728/model_weights.pth
It: 1905, Loss: 2.882e-05, Loss_res: 1.913e-03,  Loss_bcs: 5.936e-06, Loss_ut_ics: 3.760e-04, lr: 1.000e-03, Time: 4.33e+03
Model state saved to ./results/models/checkpoints/schrodinger/qho/2025-09-16_19-56-00-999728/model.pth
Model state saved to ./results/models/checkpoints/schrodinger/qho/2025-09-16_19-56-00-999728/model_weights.pth
It: 1906, Loss: 2.306e-05, Loss_res: 1.388e-03,  Loss_bcs: 2.143e-06, Loss_ut_ics: 7.037e-04, lr: 1.000e-03, Time: 4.33e+03
Model state saved to ./results/models/checkpoints/schrodinger/qho/2025-09-16_19-56-00-999728/model.pth
Model state saved to ./results/models/checkpoints/schrodinger/qho/2025-09-16_19-56-00-999728/model_weights.pth
It: 1907, Loss: 2.394e-05, Loss_res: 1.178e-03,  Loss_bcs: 8.229e-06, Loss_ut_ics: 3.925e-04, lr: 1.000e-03, Time: 4.33e+03
Model state saved to ./results/models/checkpoints/schrodinger/qho/2025-09-16_19-56-00-999728/model.pth
Model state saved to ./results/models/checkpoints/schrodinger/qho/2025-09-16_19-56-00-999728/model_weights.pth
It: 1908, Loss: 1.650e-05, Loss_res: 1.185e-03,  Loss_bcs: 1.504e-06, Loss_ut_ics: 3.149e-04, lr: 1.000e-03, Time: 4.34e+03
Model state saved to ./results/models/checkpoints/schrodinger/qho/2025-09-16_19-56-00-999728/model.pth
Model state saved to ./results/models/checkpoints/schrodinger/qho/2025-09-16_19-56-00-999728/model_weights.pth
It: 1909, Loss: 2.627e-05, Loss_res: 1.707e-03,  Loss_bcs: 4.059e-06, Loss_ut_ics: 5.137e-04, lr: 1.000e-03, Time: 4.34e+03
Model state saved to ./results/models/checkpoints/schrodinger/qho/2025-09-16_19-56-00-999728/model.pth
Model state saved to ./results/models/checkpoints/schrodinger/qho/2025-09-16_19-56-00-999728/model_weights.pth
It: 1910, Loss: 2.075e-05, Loss_res: 1.424e-03,  Loss_bcs: 3.253e-07, Loss_ut_ics: 6.189e-04, lr: 1.000e-03, Time: 4.34e+03
Model state saved to ./results/models/checkpoints/schrodinger/qho/2025-09-16_19-56-00-999728/model.pth
Model state saved to ./results/models/checkpoints/schrodinger/qho/2025-09-16_19-56-00-999728/model_weights.pth
It: 1911, Loss: 2.271e-05, Loss_res: 1.075e-03,  Loss_bcs: 5.983e-06, Loss_ut_ics: 5.977e-04, lr: 1.000e-03, Time: 4.34e+03
Model state saved to ./results/models/checkpoints/schrodinger/qho/2025-09-16_19-56-00-999728/model.pth
Model state saved to ./results/models/checkpoints/schrodinger/qho/2025-09-16_19-56-00-999728/model_weights.pth
It: 1912, Loss: 2.744e-05, Loss_res: 1.189e-03,  Loss_bcs: 5.892e-06, Loss_ut_ics: 9.657e-04, lr: 1.000e-03, Time: 4.34e+03
Model state saved to ./results/models/checkpoints/schrodinger/qho/2025-09-16_19-56-00-999728/model.pth
Model state saved to ./results/models/checkpoints/schrodinger/qho/2025-09-16_19-56-00-999728/model_weights.pth
It: 1913, Loss: 2.114e-05, Loss_res: 1.591e-03,  Loss_bcs: 2.326e-06, Loss_ut_ics: 2.905e-04, lr: 1.000e-03, Time: 4.35e+03
Model state saved to ./results/models/checkpoints/schrodinger/qho/2025-09-16_19-56-00-999728/model.pth
Model state saved to ./results/models/checkpoints/schrodinger/qho/2025-09-16_19-56-00-999728/model_weights.pth
It: 1914, Loss: 2.846e-05, Loss_res: 1.914e-03,  Loss_bcs: 2.729e-06, Loss_ut_ics: 6.589e-04, lr: 1.000e-03, Time: 4.35e+03
Model state saved to ./results/models/checkpoints/schrodinger/qho/2025-09-16_19-56-00-999728/model.pth
Model state saved to ./results/models/checkpoints/schrodinger/qho/2025-09-16_19-56-00-999728/model_weights.pth
It: 1915, Loss: 2.061e-05, Loss_res: 9.850e-04,  Loss_bcs: 7.404e-06, Loss_ut_ics: 3.353e-04, lr: 1.000e-03, Time: 4.35e+03
Model state saved to ./results/models/checkpoints/schrodinger/qho/2025-09-16_19-56-00-999728/model.pth
Model state saved to ./results/models/checkpoints/schrodinger/qho/2025-09-16_19-56-00-999728/model_weights.pth
It: 1916, Loss: 2.816e-05, Loss_res: 1.234e-03,  Loss_bcs: 9.562e-06, Loss_ut_ics: 6.252e-04, lr: 1.000e-03, Time: 4.35e+03
Model state saved to ./results/models/checkpoints/schrodinger/qho/2025-09-16_19-56-00-999728/model.pth
Model state saved to ./results/models/checkpoints/schrodinger/qho/2025-09-16_19-56-00-999728/model_weights.pth
It: 1917, Loss: 2.093e-05, Loss_res: 1.479e-03,  Loss_bcs: 1.576e-06, Loss_ut_ics: 4.560e-04, lr: 1.000e-03, Time: 4.35e+03
Model state saved to ./results/models/checkpoints/schrodinger/qho/2025-09-16_19-56-00-999728/model.pth
Model state saved to ./results/models/checkpoints/schrodinger/qho/2025-09-16_19-56-00-999728/model_weights.pth
It: 1918, Loss: 2.745e-05, Loss_res: 1.577e-03,  Loss_bcs: 4.212e-06, Loss_ut_ics: 7.467e-04, lr: 1.000e-03, Time: 4.36e+03
Model state saved to ./results/models/checkpoints/schrodinger/qho/2025-09-16_19-56-00-999728/model.pth
Model state saved to ./results/models/checkpoints/schrodinger/qho/2025-09-16_19-56-00-999728/model_weights.pth
It: 1919, Loss: 2.259e-05, Loss_res: 1.249e-03,  Loss_bcs: 4.949e-06, Loss_ut_ics: 5.147e-04, lr: 1.000e-03, Time: 4.36e+03
Model state saved to ./results/models/checkpoints/schrodinger/qho/2025-09-16_19-56-00-999728/model.pth
Model state saved to ./results/models/checkpoints/schrodinger/qho/2025-09-16_19-56-00-999728/model_weights.pth
It: 1920, Loss: 3.466e-05, Loss_res: 1.481e-03,  Loss_bcs: 1.080e-05, Loss_ut_ics: 9.057e-04, lr: 1.000e-03, Time: 4.36e+03
Model state saved to ./results/models/checkpoints/schrodinger/qho/2025-09-16_19-56-00-999728/model.pth
Model state saved to ./results/models/checkpoints/schrodinger/qho/2025-09-16_19-56-00-999728/model_weights.pth
It: 1921, Loss: 1.667e-05, Loss_res: 1.244e-03,  Loss_bcs: 1.267e-06, Loss_ut_ics: 2.971e-04, lr: 1.000e-03, Time: 4.36e+03
Model state saved to ./results/models/checkpoints/schrodinger/qho/2025-09-16_19-56-00-999728/model.pth
Model state saved to ./results/models/checkpoints/schrodinger/qho/2025-09-16_19-56-00-999728/model_weights.pth
It: 1922, Loss: 2.881e-05, Loss_res: 1.960e-03,  Loss_bcs: 4.180e-06, Loss_ut_ics: 5.029e-04, lr: 1.000e-03, Time: 4.36e+03
Model state saved to ./results/models/checkpoints/schrodinger/qho/2025-09-16_19-56-00-999728/model.pth
Model state saved to ./results/models/checkpoints/schrodinger/qho/2025-09-16_19-56-00-999728/model_weights.pth
It: 1923, Loss: 1.900e-05, Loss_res: 1.477e-03,  Loss_bcs: 1.174e-06, Loss_ut_ics: 3.062e-04, lr: 1.000e-03, Time: 4.36e+03
Model state saved to ./results/models/checkpoints/schrodinger/qho/2025-09-16_19-56-00-999728/model.pth
Model state saved to ./results/models/checkpoints/schrodinger/qho/2025-09-16_19-56-00-999728/model_weights.pth
It: 1924, Loss: 3.006e-05, Loss_res: 1.169e-03,  Loss_bcs: 1.088e-05, Loss_ut_ics: 7.496e-04, lr: 1.000e-03, Time: 4.37e+03
Model state saved to ./results/models/checkpoints/schrodinger/qho/2025-09-16_19-56-00-999728/model.pth
Model state saved to ./results/models/checkpoints/schrodinger/qho/2025-09-16_19-56-00-999728/model_weights.pth
It: 1925, Loss: 2.231e-05, Loss_res: 1.177e-03,  Loss_bcs: 1.921e-06, Loss_ut_ics: 8.618e-04, lr: 1.000e-03, Time: 4.37e+03
Model state saved to ./results/models/checkpoints/schrodinger/qho/2025-09-16_19-56-00-999728/model.pth
Model state saved to ./results/models/checkpoints/schrodinger/qho/2025-09-16_19-56-00-999728/model_weights.pth
It: 1926, Loss: 2.235e-05, Loss_res: 1.293e-03,  Loss_bcs: 4.360e-06, Loss_ut_ics: 5.062e-04, lr: 1.000e-03, Time: 4.37e+03
Model state saved to ./results/models/checkpoints/schrodinger/qho/2025-09-16_19-56-00-999728/model.pth
Model state saved to ./results/models/checkpoints/schrodinger/qho/2025-09-16_19-56-00-999728/model_weights.pth
It: 1927, Loss: 1.291e-05, Loss_res: 8.648e-04,  Loss_bcs: 3.176e-07, Loss_ut_ics: 3.944e-04, lr: 1.000e-03, Time: 4.37e+03
Model state saved to ./results/models/checkpoints/schrodinger/qho/2025-09-16_19-56-00-999728/model.pth
Model state saved to ./results/models/checkpoints/schrodinger/qho/2025-09-16_19-56-00-999728/model_weights.pth
It: 1928, Loss: 1.569e-05, Loss_res: 1.052e-03,  Loss_bcs: 2.306e-06, Loss_ut_ics: 2.855e-04, lr: 1.000e-03, Time: 4.37e+03
Model state saved to ./results/models/checkpoints/schrodinger/qho/2025-09-16_19-56-00-999728/model.pth
Model state saved to ./results/models/checkpoints/schrodinger/qho/2025-09-16_19-56-00-999728/model_weights.pth
It: 1929, Loss: 2.219e-05, Loss_res: 1.140e-03,  Loss_bcs: 4.643e-06, Loss_ut_ics: 6.146e-04, lr: 1.000e-03, Time: 4.38e+03
Model state saved to ./results/models/checkpoints/schrodinger/qho/2025-09-16_19-56-00-999728/model.pth
Model state saved to ./results/models/checkpoints/schrodinger/qho/2025-09-16_19-56-00-999728/model_weights.pth
It: 1930, Loss: 2.344e-05, Loss_res: 1.578e-03,  Loss_bcs: 1.277e-06, Loss_ut_ics: 6.391e-04, lr: 1.000e-03, Time: 4.38e+03
Model state saved to ./results/models/checkpoints/schrodinger/qho/2025-09-16_19-56-00-999728/model.pth
Model state saved to ./results/models/checkpoints/schrodinger/qho/2025-09-16_19-56-00-999728/model_weights.pth
It: 1931, Loss: 1.697e-05, Loss_res: 1.208e-03,  Loss_bcs: 1.188e-06, Loss_ut_ics: 3.707e-04, lr: 1.000e-03, Time: 4.38e+03
Model state saved to ./results/models/checkpoints/schrodinger/qho/2025-09-16_19-56-00-999728/model.pth
Model state saved to ./results/models/checkpoints/schrodinger/qho/2025-09-16_19-56-00-999728/model_weights.pth
It: 1932, Loss: 1.842e-05, Loss_res: 1.191e-03,  Loss_bcs: 7.423e-07, Loss_ut_ics: 5.766e-04, lr: 1.000e-03, Time: 4.38e+03
Model state saved to ./results/models/checkpoints/schrodinger/qho/2025-09-16_19-56-00-999728/model.pth
Model state saved to ./results/models/checkpoints/schrodinger/qho/2025-09-16_19-56-00-999728/model_weights.pth
It: 1933, Loss: 2.372e-05, Loss_res: 1.387e-03,  Loss_bcs: 6.092e-06, Loss_ut_ics: 3.765e-04, lr: 1.000e-03, Time: 4.38e+03
Model state saved to ./results/models/checkpoints/schrodinger/qho/2025-09-16_19-56-00-999728/model.pth
Model state saved to ./results/models/checkpoints/schrodinger/qho/2025-09-16_19-56-00-999728/model_weights.pth
It: 1934, Loss: 1.990e-05, Loss_res: 1.349e-03,  Loss_bcs: 2.517e-06, Loss_ut_ics: 3.900e-04, lr: 1.000e-03, Time: 4.39e+03
Model state saved to ./results/models/checkpoints/schrodinger/qho/2025-09-16_19-56-00-999728/model.pth
Model state saved to ./results/models/checkpoints/schrodinger/qho/2025-09-16_19-56-00-999728/model_weights.pth
It: 1935, Loss: 2.599e-05, Loss_res: 2.013e-03,  Loss_bcs: 9.458e-07, Loss_ut_ics: 4.920e-04, lr: 1.000e-03, Time: 4.39e+03
Model state saved to ./results/models/checkpoints/schrodinger/qho/2025-09-16_19-56-00-999728/model.pth
Model state saved to ./results/models/checkpoints/schrodinger/qho/2025-09-16_19-56-00-999728/model_weights.pth
It: 1936, Loss: 1.678e-05, Loss_res: 1.151e-03,  Loss_bcs: 4.315e-06, Loss_ut_ics: 9.599e-05, lr: 1.000e-03, Time: 4.39e+03
Model state saved to ./results/models/checkpoints/schrodinger/qho/2025-09-16_19-56-00-999728/model.pth
Model state saved to ./results/models/checkpoints/schrodinger/qho/2025-09-16_19-56-00-999728/model_weights.pth
It: 1937, Loss: 2.124e-05, Loss_res: 1.404e-03,  Loss_bcs: 1.269e-06, Loss_ut_ics: 5.936e-04, lr: 1.000e-03, Time: 4.39e+03
Model state saved to ./results/models/checkpoints/schrodinger/qho/2025-09-16_19-56-00-999728/model.pth
Model state saved to ./results/models/checkpoints/schrodinger/qho/2025-09-16_19-56-00-999728/model_weights.pth
It: 1938, Loss: 1.381e-05, Loss_res: 1.219e-03,  Loss_bcs: 1.330e-06, Loss_ut_ics: 2.948e-05, lr: 1.000e-03, Time: 4.39e+03
Model state saved to ./results/models/checkpoints/schrodinger/qho/2025-09-16_19-56-00-999728/model.pth
Model state saved to ./results/models/checkpoints/schrodinger/qho/2025-09-16_19-56-00-999728/model_weights.pth
It: 1939, Loss: 2.197e-05, Loss_res: 1.672e-03,  Loss_bcs: 8.798e-07, Loss_ut_ics: 4.363e-04, lr: 1.000e-03, Time: 4.39e+03
Model state saved to ./results/models/checkpoints/schrodinger/qho/2025-09-16_19-56-00-999728/model.pth
Model state saved to ./results/models/checkpoints/schrodinger/qho/2025-09-16_19-56-00-999728/model_weights.pth
It: 1940, Loss: 1.850e-05, Loss_res: 1.002e-03,  Loss_bcs: 4.545e-06, Loss_ut_ics: 3.936e-04, lr: 1.000e-03, Time: 4.40e+03
Model state saved to ./results/models/checkpoints/schrodinger/qho/2025-09-16_19-56-00-999728/model.pth
Model state saved to ./results/models/checkpoints/schrodinger/qho/2025-09-16_19-56-00-999728/model_weights.pth
It: 1941, Loss: 2.589e-05, Loss_res: 1.569e-03,  Loss_bcs: 1.378e-06, Loss_ut_ics: 8.823e-04, lr: 1.000e-03, Time: 4.40e+03
Model state saved to ./results/models/checkpoints/schrodinger/qho/2025-09-16_19-56-00-999728/model.pth
Model state saved to ./results/models/checkpoints/schrodinger/qho/2025-09-16_19-56-00-999728/model_weights.pth
It: 1942, Loss: 2.104e-05, Loss_res: 1.277e-03,  Loss_bcs: 2.420e-06, Loss_ut_ics: 5.850e-04, lr: 1.000e-03, Time: 4.40e+03
Model state saved to ./results/models/checkpoints/schrodinger/qho/2025-09-16_19-56-00-999728/model.pth
Model state saved to ./results/models/checkpoints/schrodinger/qho/2025-09-16_19-56-00-999728/model_weights.pth
It: 1943, Loss: 1.349e-05, Loss_res: 1.090e-03,  Loss_bcs: 5.541e-07, Loss_ut_ics: 2.033e-04, lr: 1.000e-03, Time: 4.40e+03
Model state saved to ./results/models/checkpoints/schrodinger/qho/2025-09-16_19-56-00-999728/model.pth
Model state saved to ./results/models/checkpoints/schrodinger/qho/2025-09-16_19-56-00-999728/model_weights.pth
It: 1944, Loss: 2.448e-05, Loss_res: 1.500e-03,  Loss_bcs: 5.075e-06, Loss_ut_ics: 4.399e-04, lr: 1.000e-03, Time: 4.40e+03
Model state saved to ./results/models/checkpoints/schrodinger/qho/2025-09-16_19-56-00-999728/model.pth
Model state saved to ./results/models/checkpoints/schrodinger/qho/2025-09-16_19-56-00-999728/model_weights.pth
It: 1945, Loss: 1.803e-05, Loss_res: 1.019e-03,  Loss_bcs: 2.166e-06, Loss_ut_ics: 5.677e-04, lr: 1.000e-03, Time: 4.41e+03
Model state saved to ./results/models/checkpoints/schrodinger/qho/2025-09-16_19-56-00-999728/model.pth
Model state saved to ./results/models/checkpoints/schrodinger/qho/2025-09-16_19-56-00-999728/model_weights.pth
It: 1946, Loss: 2.404e-05, Loss_res: 2.064e-03,  Loss_bcs: 9.903e-07, Loss_ut_ics: 2.409e-04, lr: 1.000e-03, Time: 4.41e+03
Model state saved to ./results/models/checkpoints/schrodinger/qho/2025-09-16_19-56-00-999728/model.pth
Model state saved to ./results/models/checkpoints/schrodinger/qho/2025-09-16_19-56-00-999728/model_weights.pth
It: 1947, Loss: 1.469e-05, Loss_res: 7.426e-04,  Loss_bcs: 9.582e-07, Loss_ut_ics: 6.311e-04, lr: 1.000e-03, Time: 4.41e+03
Model state saved to ./results/models/checkpoints/schrodinger/qho/2025-09-16_19-56-00-999728/model.pth
Model state saved to ./results/models/checkpoints/schrodinger/qho/2025-09-16_19-56-00-999728/model_weights.pth
It: 1948, Loss: 2.914e-05, Loss_res: 1.318e-03,  Loss_bcs: 4.208e-06, Loss_ut_ics: 1.176e-03, lr: 1.000e-03, Time: 4.41e+03
Model state saved to ./results/models/checkpoints/schrodinger/qho/2025-09-16_19-56-00-999728/model.pth
Model state saved to ./results/models/checkpoints/schrodinger/qho/2025-09-16_19-56-00-999728/model_weights.pth
It: 1949, Loss: 2.161e-05, Loss_res: 1.331e-03,  Loss_bcs: 1.834e-06, Loss_ut_ics: 6.465e-04, lr: 1.000e-03, Time: 4.41e+03
Model state saved to ./results/models/checkpoints/schrodinger/qho/2025-09-16_19-56-00-999728/model.pth
Model state saved to ./results/models/checkpoints/schrodinger/qho/2025-09-16_19-56-00-999728/model_weights.pth
It: 1950, Loss: 1.654e-05, Loss_res: 1.285e-03,  Loss_bcs: 5.186e-08, Loss_ut_ics: 3.631e-04, lr: 1.000e-03, Time: 4.42e+03
Model state saved to ./results/models/checkpoints/schrodinger/qho/2025-09-16_19-56-00-999728/model.pth
Model state saved to ./results/models/checkpoints/schrodinger/qho/2025-09-16_19-56-00-999728/model_weights.pth
It: 1951, Loss: 2.130e-05, Loss_res: 1.410e-03,  Loss_bcs: 1.744e-06, Loss_ut_ics: 5.453e-04, lr: 1.000e-03, Time: 4.42e+03
Model state saved to ./results/models/checkpoints/schrodinger/qho/2025-09-16_19-56-00-999728/model.pth
Model state saved to ./results/models/checkpoints/schrodinger/qho/2025-09-16_19-56-00-999728/model_weights.pth
It: 1952, Loss: 2.450e-05, Loss_res: 1.051e-03,  Loss_bcs: 4.639e-06, Loss_ut_ics: 9.355e-04, lr: 1.000e-03, Time: 4.42e+03
Model state saved to ./results/models/checkpoints/schrodinger/qho/2025-09-16_19-56-00-999728/model.pth
Model state saved to ./results/models/checkpoints/schrodinger/qho/2025-09-16_19-56-00-999728/model_weights.pth
It: 1953, Loss: 1.955e-05, Loss_res: 9.124e-04,  Loss_bcs: 3.181e-06, Loss_ut_ics: 7.248e-04, lr: 1.000e-03, Time: 4.42e+03
Model state saved to ./results/models/checkpoints/schrodinger/qho/2025-09-16_19-56-00-999728/model.pth
Model state saved to ./results/models/checkpoints/schrodinger/qho/2025-09-16_19-56-00-999728/model_weights.pth
It: 1954, Loss: 1.852e-05, Loss_res: 1.262e-03,  Loss_bcs: 1.823e-06, Loss_ut_ics: 4.072e-04, lr: 1.000e-03, Time: 4.42e+03
Model state saved to ./results/models/checkpoints/schrodinger/qho/2025-09-16_19-56-00-999728/model.pth
Model state saved to ./results/models/checkpoints/schrodinger/qho/2025-09-16_19-56-00-999728/model_weights.pth
It: 1955, Loss: 1.791e-05, Loss_res: 1.435e-03,  Loss_bcs: 2.833e-06, Loss_ut_ics: 7.250e-05, lr: 1.000e-03, Time: 4.42e+03
Model state saved to ./results/models/checkpoints/schrodinger/qho/2025-09-16_19-56-00-999728/model.pth
Model state saved to ./results/models/checkpoints/schrodinger/qho/2025-09-16_19-56-00-999728/model_weights.pth
It: 1956, Loss: 2.347e-05, Loss_res: 9.544e-04,  Loss_bcs: 6.617e-06, Loss_ut_ics: 7.304e-04, lr: 1.000e-03, Time: 4.43e+03
Model state saved to ./results/models/checkpoints/schrodinger/qho/2025-09-16_19-56-00-999728/model.pth
Model state saved to ./results/models/checkpoints/schrodinger/qho/2025-09-16_19-56-00-999728/model_weights.pth
It: 1957, Loss: 1.878e-05, Loss_res: 1.312e-03,  Loss_bcs: 3.617e-06, Loss_ut_ics: 2.043e-04, lr: 1.000e-03, Time: 4.43e+03
Model state saved to ./results/models/checkpoints/schrodinger/qho/2025-09-16_19-56-00-999728/model.pth
Model state saved to ./results/models/checkpoints/schrodinger/qho/2025-09-16_19-56-00-999728/model_weights.pth
It: 1958, Loss: 2.555e-05, Loss_res: 1.999e-03,  Loss_bcs: 3.464e-06, Loss_ut_ics: 2.098e-04, lr: 1.000e-03, Time: 4.43e+03
Model state saved to ./results/models/checkpoints/schrodinger/qho/2025-09-16_19-56-00-999728/model.pth
Model state saved to ./results/models/checkpoints/schrodinger/qho/2025-09-16_19-56-00-999728/model_weights.pth
It: 1959, Loss: 1.996e-05, Loss_res: 1.410e-03,  Loss_bcs: 1.218e-06, Loss_ut_ics: 4.638e-04, lr: 1.000e-03, Time: 4.43e+03
Model state saved to ./results/models/checkpoints/schrodinger/qho/2025-09-16_19-56-00-999728/model.pth
Model state saved to ./results/models/checkpoints/schrodinger/qho/2025-09-16_19-56-00-999728/model_weights.pth
It: 1960, Loss: 2.270e-05, Loss_res: 1.027e-03,  Loss_bcs: 8.069e-06, Loss_ut_ics: 4.360e-04, lr: 1.000e-03, Time: 4.43e+03
Model state saved to ./results/models/checkpoints/schrodinger/qho/2025-09-16_19-56-00-999728/model.pth
Model state saved to ./results/models/checkpoints/schrodinger/qho/2025-09-16_19-56-00-999728/model_weights.pth
It: 1961, Loss: 1.505e-05, Loss_res: 5.968e-04,  Loss_bcs: 4.710e-06, Loss_ut_ics: 4.375e-04, lr: 1.000e-03, Time: 4.44e+03
Model state saved to ./results/models/checkpoints/schrodinger/qho/2025-09-16_19-56-00-999728/model.pth
Model state saved to ./results/models/checkpoints/schrodinger/qho/2025-09-16_19-56-00-999728/model_weights.pth
It: 1962, Loss: 1.726e-05, Loss_res: 1.306e-03,  Loss_bcs: 1.500e-06, Loss_ut_ics: 2.700e-04, lr: 1.000e-03, Time: 4.44e+03
Model state saved to ./results/models/checkpoints/schrodinger/qho/2025-09-16_19-56-00-999728/model.pth
Model state saved to ./results/models/checkpoints/schrodinger/qho/2025-09-16_19-56-00-999728/model_weights.pth
It: 1963, Loss: 2.374e-05, Loss_res: 1.749e-03,  Loss_bcs: 2.943e-06, Loss_ut_ics: 3.310e-04, lr: 1.000e-03, Time: 4.44e+03
Model state saved to ./results/models/checkpoints/schrodinger/qho/2025-09-16_19-56-00-999728/model.pth
Model state saved to ./results/models/checkpoints/schrodinger/qho/2025-09-16_19-56-00-999728/model_weights.pth
It: 1964, Loss: 2.178e-05, Loss_res: 1.229e-03,  Loss_bcs: 6.794e-06, Loss_ut_ics: 2.696e-04, lr: 1.000e-03, Time: 4.44e+03
Model state saved to ./results/models/checkpoints/schrodinger/qho/2025-09-16_19-56-00-999728/model.pth
Model state saved to ./results/models/checkpoints/schrodinger/qho/2025-09-16_19-56-00-999728/model_weights.pth
It: 1965, Loss: 2.547e-05, Loss_res: 1.189e-03,  Loss_bcs: 9.326e-06, Loss_ut_ics: 4.250e-04, lr: 1.000e-03, Time: 4.44e+03
Model state saved to ./results/models/checkpoints/schrodinger/qho/2025-09-16_19-56-00-999728/model.pth
Model state saved to ./results/models/checkpoints/schrodinger/qho/2025-09-16_19-56-00-999728/model_weights.pth
It: 1966, Loss: 1.938e-05, Loss_res: 1.505e-03,  Loss_bcs: 3.393e-06, Loss_ut_ics: 9.333e-05, lr: 1.000e-03, Time: 4.44e+03
Model state saved to ./results/models/checkpoints/schrodinger/qho/2025-09-16_19-56-00-999728/model.pth
Model state saved to ./results/models/checkpoints/schrodinger/qho/2025-09-16_19-56-00-999728/model_weights.pth
It: 1967, Loss: 2.507e-05, Loss_res: 2.090e-03,  Loss_bcs: 2.437e-06, Loss_ut_ics: 1.733e-04, lr: 1.000e-03, Time: 4.45e+03
Model state saved to ./results/models/checkpoints/schrodinger/qho/2025-09-16_19-56-00-999728/model.pth
Model state saved to ./results/models/checkpoints/schrodinger/qho/2025-09-16_19-56-00-999728/model_weights.pth
It: 1968, Loss: 2.572e-05, Loss_res: 8.510e-04,  Loss_bcs: 1.047e-05, Loss_ut_ics: 6.739e-04, lr: 1.000e-03, Time: 4.45e+03
Model state saved to ./results/models/checkpoints/schrodinger/qho/2025-09-16_19-56-00-999728/model.pth
Model state saved to ./results/models/checkpoints/schrodinger/qho/2025-09-16_19-56-00-999728/model_weights.pth
It: 1969, Loss: 3.011e-05, Loss_res: 1.278e-03,  Loss_bcs: 1.677e-05, Loss_ut_ics: 5.580e-05, lr: 1.000e-03, Time: 4.45e+03
Model state saved to ./results/models/checkpoints/schrodinger/qho/2025-09-16_19-56-00-999728/model.pth
Model state saved to ./results/models/checkpoints/schrodinger/qho/2025-09-16_19-56-00-999728/model_weights.pth
It: 1970, Loss: 2.402e-05, Loss_res: 1.466e-03,  Loss_bcs: 4.687e-06, Loss_ut_ics: 4.680e-04, lr: 1.000e-03, Time: 4.45e+03
Model state saved to ./results/models/checkpoints/schrodinger/qho/2025-09-16_19-56-00-999728/model.pth
Model state saved to ./results/models/checkpoints/schrodinger/qho/2025-09-16_19-56-00-999728/model_weights.pth
It: 1971, Loss: 2.415e-05, Loss_res: 1.515e-03,  Loss_bcs: 6.176e-06, Loss_ut_ics: 2.818e-04, lr: 1.000e-03, Time: 4.45e+03
Model state saved to ./results/models/checkpoints/schrodinger/qho/2025-09-16_19-56-00-999728/model.pth
Model state saved to ./results/models/checkpoints/schrodinger/qho/2025-09-16_19-56-00-999728/model_weights.pth
It: 1972, Loss: 2.147e-05, Loss_res: 8.301e-04,  Loss_bcs: 5.517e-06, Loss_ut_ics: 7.656e-04, lr: 1.000e-03, Time: 4.46e+03
Model state saved to ./results/models/checkpoints/schrodinger/qho/2025-09-16_19-56-00-999728/model.pth
Model state saved to ./results/models/checkpoints/schrodinger/qho/2025-09-16_19-56-00-999728/model_weights.pth
It: 1973, Loss: 3.164e-05, Loss_res: 1.270e-03,  Loss_bcs: 1.732e-05, Loss_ut_ics: 1.619e-04, lr: 1.000e-03, Time: 4.46e+03
Model state saved to ./results/models/checkpoints/schrodinger/qho/2025-09-16_19-56-00-999728/model.pth
Model state saved to ./results/models/checkpoints/schrodinger/qho/2025-09-16_19-56-00-999728/model_weights.pth
It: 1974, Loss: 2.594e-05, Loss_res: 1.688e-03,  Loss_bcs: 1.103e-06, Loss_ut_ics: 7.960e-04, lr: 1.000e-03, Time: 4.46e+03
Model state saved to ./results/models/checkpoints/schrodinger/qho/2025-09-16_19-56-00-999728/model.pth
Model state saved to ./results/models/checkpoints/schrodinger/qho/2025-09-16_19-56-00-999728/model_weights.pth
It: 1975, Loss: 3.189e-05, Loss_res: 1.635e-03,  Loss_bcs: 1.068e-05, Loss_ut_ics: 4.865e-04, lr: 1.000e-03, Time: 4.46e+03
Model state saved to ./results/models/checkpoints/schrodinger/qho/2025-09-16_19-56-00-999728/model.pth
Model state saved to ./results/models/checkpoints/schrodinger/qho/2025-09-16_19-56-00-999728/model_weights.pth
It: 1976, Loss: 1.211e-05, Loss_res: 8.005e-04,  Loss_bcs: 1.676e-06, Loss_ut_ics: 2.433e-04, lr: 1.000e-03, Time: 4.46e+03
Model state saved to ./results/models/checkpoints/schrodinger/qho/2025-09-16_19-56-00-999728/model.pth
Model state saved to ./results/models/checkpoints/schrodinger/qho/2025-09-16_19-56-00-999728/model_weights.pth
It: 1977, Loss: 2.993e-05, Loss_res: 1.595e-03,  Loss_bcs: 1.176e-05, Loss_ut_ics: 2.223e-04, lr: 1.000e-03, Time: 4.47e+03
Model state saved to ./results/models/checkpoints/schrodinger/qho/2025-09-16_19-56-00-999728/model.pth
Model state saved to ./results/models/checkpoints/schrodinger/qho/2025-09-16_19-56-00-999728/model_weights.pth
It: 1978, Loss: 2.041e-05, Loss_res: 1.838e-03,  Loss_bcs: 5.317e-07, Loss_ut_ics: 1.498e-04, lr: 1.000e-03, Time: 4.47e+03
Model state saved to ./results/models/checkpoints/schrodinger/qho/2025-09-16_19-56-00-999728/model.pth
Model state saved to ./results/models/checkpoints/schrodinger/qho/2025-09-16_19-56-00-999728/model_weights.pth
It: 1979, Loss: 2.606e-05, Loss_res: 1.593e-03,  Loss_bcs: 6.365e-06, Loss_ut_ics: 3.767e-04, lr: 1.000e-03, Time: 4.47e+03
Model state saved to ./results/models/checkpoints/schrodinger/qho/2025-09-16_19-56-00-999728/model.pth
Model state saved to ./results/models/checkpoints/schrodinger/qho/2025-09-16_19-56-00-999728/model_weights.pth
It: 1980, Loss: 2.259e-05, Loss_res: 1.570e-03,  Loss_bcs: 1.834e-06, Loss_ut_ics: 5.059e-04, lr: 1.000e-03, Time: 4.47e+03
Model state saved to ./results/models/checkpoints/schrodinger/qho/2025-09-16_19-56-00-999728/model.pth
Model state saved to ./results/models/checkpoints/schrodinger/qho/2025-09-16_19-56-00-999728/model_weights.pth
It: 1981, Loss: 2.768e-05, Loss_res: 1.195e-03,  Loss_bcs: 7.489e-06, Loss_ut_ics: 8.242e-04, lr: 1.000e-03, Time: 4.47e+03
Model state saved to ./results/models/checkpoints/schrodinger/qho/2025-09-16_19-56-00-999728/model.pth
Model state saved to ./results/models/checkpoints/schrodinger/qho/2025-09-16_19-56-00-999728/model_weights.pth
It: 1982, Loss: 1.662e-05, Loss_res: 1.360e-03,  Loss_bcs: 9.319e-07, Loss_ut_ics: 2.087e-04, lr: 1.000e-03, Time: 4.47e+03
Model state saved to ./results/models/checkpoints/schrodinger/qho/2025-09-16_19-56-00-999728/model.pth
Model state saved to ./results/models/checkpoints/schrodinger/qho/2025-09-16_19-56-00-999728/model_weights.pth
It: 1983, Loss: 2.019e-05, Loss_res: 1.614e-03,  Loss_bcs: 3.718e-06, Loss_ut_ics: 3.306e-05, lr: 1.000e-03, Time: 4.48e+03
Model state saved to ./results/models/checkpoints/schrodinger/qho/2025-09-16_19-56-00-999728/model.pth
Model state saved to ./results/models/checkpoints/schrodinger/qho/2025-09-16_19-56-00-999728/model_weights.pth
It: 1984, Loss: 2.556e-05, Loss_res: 1.796e-03,  Loss_bcs: 6.043e-07, Loss_ut_ics: 6.997e-04, lr: 1.000e-03, Time: 4.48e+03
Model state saved to ./results/models/checkpoints/schrodinger/qho/2025-09-16_19-56-00-999728/model.pth
Model state saved to ./results/models/checkpoints/schrodinger/qho/2025-09-16_19-56-00-999728/model_weights.pth
It: 1985, Loss: 1.947e-05, Loss_res: 1.024e-03,  Loss_bcs: 3.812e-06, Loss_ut_ics: 5.420e-04, lr: 1.000e-03, Time: 4.48e+03
Model state saved to ./results/models/checkpoints/schrodinger/qho/2025-09-16_19-56-00-999728/model.pth
Model state saved to ./results/models/checkpoints/schrodinger/qho/2025-09-16_19-56-00-999728/model_weights.pth
It: 1986, Loss: 1.616e-05, Loss_res: 8.572e-04,  Loss_bcs: 3.025e-06, Loss_ut_ics: 4.561e-04, lr: 1.000e-03, Time: 4.48e+03
Model state saved to ./results/models/checkpoints/schrodinger/qho/2025-09-16_19-56-00-999728/model.pth
Model state saved to ./results/models/checkpoints/schrodinger/qho/2025-09-16_19-56-00-999728/model_weights.pth
It: 1987, Loss: 2.002e-05, Loss_res: 1.480e-03,  Loss_bcs: 8.198e-07, Loss_ut_ics: 4.399e-04, lr: 1.000e-03, Time: 4.48e+03
Model state saved to ./results/models/checkpoints/schrodinger/qho/2025-09-16_19-56-00-999728/model.pth
Model state saved to ./results/models/checkpoints/schrodinger/qho/2025-09-16_19-56-00-999728/model_weights.pth
It: 1988, Loss: 1.658e-05, Loss_res: 1.386e-03,  Loss_bcs: 1.658e-06, Loss_ut_ics: 1.059e-04, lr: 1.000e-03, Time: 4.49e+03
Model state saved to ./results/models/checkpoints/schrodinger/qho/2025-09-16_19-56-00-999728/model.pth
Model state saved to ./results/models/checkpoints/schrodinger/qho/2025-09-16_19-56-00-999728/model_weights.pth
It: 1989, Loss: 1.529e-05, Loss_res: 1.001e-03,  Loss_bcs: 1.470e-06, Loss_ut_ics: 3.811e-04, lr: 1.000e-03, Time: 4.49e+03
Model state saved to ./results/models/checkpoints/schrodinger/qho/2025-09-16_19-56-00-999728/model.pth
Model state saved to ./results/models/checkpoints/schrodinger/qho/2025-09-16_19-56-00-999728/model_weights.pth
It: 1990, Loss: 1.932e-05, Loss_res: 1.147e-03,  Loss_bcs: 3.644e-06, Loss_ut_ics: 4.207e-04, lr: 1.000e-03, Time: 4.49e+03
Model state saved to ./results/models/checkpoints/schrodinger/qho/2025-09-16_19-56-00-999728/model.pth
Model state saved to ./results/models/checkpoints/schrodinger/qho/2025-09-16_19-56-00-999728/model_weights.pth
It: 1991, Loss: 1.735e-05, Loss_res: 1.471e-03,  Loss_bcs: 1.226e-06, Loss_ut_ics: 1.416e-04, lr: 1.000e-03, Time: 4.49e+03
Model state saved to ./results/models/checkpoints/schrodinger/qho/2025-09-16_19-56-00-999728/model.pth
Model state saved to ./results/models/checkpoints/schrodinger/qho/2025-09-16_19-56-00-999728/model_weights.pth
It: 1992, Loss: 1.900e-05, Loss_res: 1.120e-03,  Loss_bcs: 8.646e-07, Loss_ut_ics: 6.936e-04, lr: 1.000e-03, Time: 4.49e+03
Model state saved to ./results/models/checkpoints/schrodinger/qho/2025-09-16_19-56-00-999728/model.pth
Model state saved to ./results/models/checkpoints/schrodinger/qho/2025-09-16_19-56-00-999728/model_weights.pth
It: 1993, Loss: 1.914e-05, Loss_res: 1.095e-03,  Loss_bcs: 2.674e-06, Loss_ut_ics: 5.510e-04, lr: 1.000e-03, Time: 4.49e+03
Model state saved to ./results/models/checkpoints/schrodinger/qho/2025-09-16_19-56-00-999728/model.pth
Model state saved to ./results/models/checkpoints/schrodinger/qho/2025-09-16_19-56-00-999728/model_weights.pth
It: 1994, Loss: 1.955e-05, Loss_res: 9.928e-04,  Loss_bcs: 5.305e-06, Loss_ut_ics: 4.314e-04, lr: 1.000e-03, Time: 4.50e+03
Model state saved to ./results/models/checkpoints/schrodinger/qho/2025-09-16_19-56-00-999728/model.pth
Model state saved to ./results/models/checkpoints/schrodinger/qho/2025-09-16_19-56-00-999728/model_weights.pth
It: 1995, Loss: 1.756e-05, Loss_res: 1.254e-03,  Loss_bcs: 7.934e-07, Loss_ut_ics: 4.223e-04, lr: 1.000e-03, Time: 4.50e+03
Model state saved to ./results/models/checkpoints/schrodinger/qho/2025-09-16_19-56-00-999728/model.pth
Model state saved to ./results/models/checkpoints/schrodinger/qho/2025-09-16_19-56-00-999728/model_weights.pth
It: 1996, Loss: 2.006e-05, Loss_res: 1.246e-03,  Loss_bcs: 1.800e-06, Loss_ut_ics: 5.797e-04, lr: 1.000e-03, Time: 4.50e+03
Model state saved to ./results/models/checkpoints/schrodinger/qho/2025-09-16_19-56-00-999728/model.pth
Model state saved to ./results/models/checkpoints/schrodinger/qho/2025-09-16_19-56-00-999728/model_weights.pth
It: 1997, Loss: 1.717e-05, Loss_res: 9.661e-04,  Loss_bcs: 5.267e-06, Loss_ut_ics: 2.246e-04, lr: 1.000e-03, Time: 4.50e+03
Model state saved to ./results/models/checkpoints/schrodinger/qho/2025-09-16_19-56-00-999728/model.pth
Model state saved to ./results/models/checkpoints/schrodinger/qho/2025-09-16_19-56-00-999728/model_weights.pth
It: 1998, Loss: 1.941e-05, Loss_res: 1.130e-03,  Loss_bcs: 3.438e-06, Loss_ut_ics: 4.678e-04, lr: 1.000e-03, Time: 4.50e+03
Model state saved to ./results/models/checkpoints/schrodinger/qho/2025-09-16_19-56-00-999728/model.pth
Model state saved to ./results/models/checkpoints/schrodinger/qho/2025-09-16_19-56-00-999728/model_weights.pth
It: 1999, Loss: 2.599e-05, Loss_res: 1.814e-03,  Loss_bcs: 1.036e-06, Loss_ut_ics: 6.816e-04, lr: 1.000e-03, Time: 4.51e+03
Model state saved to ./results/models/checkpoints/schrodinger/qho/2025-09-16_19-56-00-999728/model.pth
Model state saved to ./results/models/checkpoints/schrodinger/qho/2025-09-16_19-56-00-999728/model_weights.pth
It: 2000, Loss: 1.297e-05, Loss_res: 9.614e-04,  Loss_bcs: 6.848e-07, Loss_ut_ics: 2.675e-04, lr: 1.000e-03, Time: 4.51e+03
Model state saved to ./results/models/checkpoints/schrodinger/qho/2025-09-16_19-56-00-999728/model.pth
Model state saved to ./results/models/checkpoints/schrodinger/qho/2025-09-16_19-56-00-999728/model_weights.pth
Model state saved to ./results/models/checkpoints/schrodinger/qho/2025-09-16_19-56-00-999728/model.pth
Model state saved to ./results/models/checkpoints/schrodinger/qho/2025-09-16_19-56-00-999728/model_weights.pth
Training completed successfuly!, shots made: 60000
