2026-03-09 05:43:52,843 INFO:src.utils.logger:TEST: ahora deberías ver esto en el notebook y guardado en python.log
INFO:src.utils.logger:TEST: ahora deberías ver esto en el notebook y guardado en python.log
INFO:src.utils.logger:It: 1, Loss: 2.085e+02, Loss_res: 7.105e+00,  Loss_bcs: 0.000e+00, Loss_ut_ics: 8.157e-01, Loss_norm: 9.055e-01, Loss_gauge: 0.000e+00, w_pde: 3.33e-03, L^2_error: 7.968e-01, lr: 1.000e-03, Time: 1.66e+01
INFO:src.utils.logger:Model state saved to results\box\DV\20260309-054344_seed0_box_DV_bq_circ19_e1500_w300_8q_2l\checkpoints\2026-03-09_05-43-45-452177_box_DV_seed\model.pth
INFO:src.utils.logger:Model weights saved to results\box\DV\20260309-054344_seed0_box_DV_bq_circ19_e1500_w300_8q_2l\checkpoints\2026-03-09_05-43-45-452177_box_DV_seed\model_weights.pth
INFO:src.utils.logger:It: 5, Loss: 1.142e+02, Loss_res: 4.790e+00,  Loss_bcs: 0.000e+00, Loss_ut_ics: 4.408e-01, Loss_norm: 7.796e-01, Loss_gauge: 0.000e+00, w_pde: 1.67e-02, L^2_error: 8.264e-01, lr: 1.000e-03, Time: 8.00e+01
INFO:src.utils.logger:Model state saved to results\box\DV\20260309-054344_seed0_box_DV_bq_circ19_e1500_w300_8q_2l\checkpoints\2026-03-09_05-43-45-452177_box_DV_seed\model.pth
INFO:src.utils.logger:Model weights saved to results\box\DV\20260309-054344_seed0_box_DV_bq_circ19_e1500_w300_8q_2l\checkpoints\2026-03-09_05-43-45-452177_box_DV_seed\model_weights.pth
INFO:src.utils.logger:It: 10, Loss: 4.564e+01, Loss_res: 1.163e+01,  Loss_bcs: 0.000e+00, Loss_ut_ics: 1.724e-01, Loss_norm: 4.295e-01, Loss_gauge: 0.000e+00, w_pde: 3.33e-02, L^2_error: 8.688e-01, lr: 1.000e-03, Time: 1.57e+02
INFO:src.utils.logger:Model state saved to results\box\DV\20260309-054344_seed0_box_DV_bq_circ19_e1500_w300_8q_2l\checkpoints\2026-03-09_05-43-45-452177_box_DV_seed\model.pth
INFO:src.utils.logger:Model weights saved to results\box\DV\20260309-054344_seed0_box_DV_bq_circ19_e1500_w300_8q_2l\checkpoints\2026-03-09_05-43-45-452177_box_DV_seed\model_weights.pth
INFO:src.utils.logger:It: 15, Loss: 1.034e+01, Loss_res: 2.115e+01,  Loss_bcs: 0.000e+00, Loss_ut_ics: 3.501e-02, Loss_norm: 1.063e-01, Loss_gauge: 0.000e+00, w_pde: 5.00e-02, L^2_error: 8.990e-01, lr: 1.000e-03, Time: 2.35e+02
INFO:src.utils.logger:Model state saved to results\box\DV\20260309-054344_seed0_box_DV_bq_circ19_e1500_w300_8q_2l\checkpoints\2026-03-09_05-43-45-452177_box_DV_seed\model.pth
INFO:src.utils.logger:Model weights saved to results\box\DV\20260309-054344_seed0_box_DV_bq_circ19_e1500_w300_8q_2l\checkpoints\2026-03-09_05-43-45-452177_box_DV_seed\model_weights.pth
INFO:src.utils.logger:It: 20, Loss: 3.069e+00, Loss_res: 3.068e+01,  Loss_bcs: 0.000e+00, Loss_ut_ics: 4.086e-03, Loss_norm: 3.192e-04, Loss_gauge: 0.000e+00, w_pde: 6.67e-02, L^2_error: 9.432e-01, lr: 1.000e-03, Time: 3.17e+02
INFO:src.utils.logger:Model state saved to results\box\DV\20260309-054344_seed0_box_DV_bq_circ19_e1500_w300_8q_2l\checkpoints\2026-03-09_05-43-45-452177_box_DV_seed\model.pth
INFO:src.utils.logger:Model weights saved to results\box\DV\20260309-054344_seed0_box_DV_bq_circ19_e1500_w300_8q_2l\checkpoints\2026-03-09_05-43-45-452177_box_DV_seed\model_weights.pth
INFO:src.utils.logger:It: 25, Loss: 7.745e+00, Loss_res: 3.649e+01,  Loss_bcs: 0.000e+00, Loss_ut_ics: 1.764e-02, Loss_norm: 5.892e-02, Loss_gauge: 0.000e+00, w_pde: 8.33e-02, L^2_error: 1.000e+00, lr: 1.000e-03, Time: 3.95e+02
INFO:src.utils.logger:Model state saved to results\box\DV\20260309-054344_seed0_box_DV_bq_circ19_e1500_w300_8q_2l\checkpoints\2026-03-09_05-43-45-452177_box_DV_seed\model.pth
INFO:src.utils.logger:Model weights saved to results\box\DV\20260309-054344_seed0_box_DV_bq_circ19_e1500_w300_8q_2l\checkpoints\2026-03-09_05-43-45-452177_box_DV_seed\model_weights.pth
INFO:src.utils.logger:It: 30, Loss: 9.684e+00, Loss_res: 3.737e+01,  Loss_bcs: 0.000e+00, Loss_ut_ics: 2.220e-02, Loss_norm: 7.952e-02, Loss_gauge: 0.000e+00, w_pde: 1.00e-01, L^2_error: 1.014e+00, lr: 1.000e-03, Time: 4.70e+02
INFO:src.utils.logger:Model state saved to results\box\DV\20260309-054344_seed0_box_DV_bq_circ19_e1500_w300_8q_2l\checkpoints\2026-03-09_05-43-45-452177_box_DV_seed\model.pth
INFO:src.utils.logger:Model weights saved to results\box\DV\20260309-054344_seed0_box_DV_bq_circ19_e1500_w300_8q_2l\checkpoints\2026-03-09_05-43-45-452177_box_DV_seed\model_weights.pth
INFO:src.utils.logger:It: 35, Loss: 6.799e+00, Loss_res: 3.406e+01,  Loss_bcs: 0.000e+00, Loss_ut_ics: 1.069e-02, Loss_norm: 3.078e-02, Loss_gauge: 0.000e+00, w_pde: 1.17e-01, L^2_error: 9.714e-01, lr: 1.000e-03, Time: 5.46e+02
INFO:src.utils.logger:Model state saved to results\box\DV\20260309-054344_seed0_box_DV_bq_circ19_e1500_w300_8q_2l\checkpoints\2026-03-09_05-43-45-452177_box_DV_seed\model.pth
INFO:src.utils.logger:Model weights saved to results\box\DV\20260309-054344_seed0_box_DV_bq_circ19_e1500_w300_8q_2l\checkpoints\2026-03-09_05-43-45-452177_box_DV_seed\model_weights.pth
INFO:src.utils.logger:It: 40, Loss: 4.489e+00, Loss_res: 2.894e+01,  Loss_bcs: 0.000e+00, Loss_ut_ics: 2.500e-03, Loss_norm: 1.210e-03, Loss_gauge: 0.000e+00, w_pde: 1.33e-01, L^2_error: 9.264e-01, lr: 1.000e-03, Time: 6.22e+02
INFO:src.utils.logger:Model state saved to results\box\DV\20260309-054344_seed0_box_DV_bq_circ19_e1500_w300_8q_2l\checkpoints\2026-03-09_05-43-45-452177_box_DV_seed\model.pth
INFO:src.utils.logger:Model weights saved to results\box\DV\20260309-054344_seed0_box_DV_bq_circ19_e1500_w300_8q_2l\checkpoints\2026-03-09_05-43-45-452177_box_DV_seed\model_weights.pth
INFO:src.utils.logger:It: 45, Loss: 4.538e+00, Loss_res: 2.579e+01,  Loss_bcs: 0.000e+00, Loss_ut_ics: 2.496e-03, Loss_norm: 9.058e-03, Loss_gauge: 0.000e+00, w_pde: 1.50e-01, L^2_error: 9.073e-01, lr: 1.000e-03, Time: 6.99e+02
INFO:src.utils.logger:Model state saved to results\box\DV\20260309-054344_seed0_box_DV_bq_circ19_e1500_w300_8q_2l\checkpoints\2026-03-09_05-43-45-452177_box_DV_seed\model.pth
INFO:src.utils.logger:Model weights saved to results\box\DV\20260309-054344_seed0_box_DV_bq_circ19_e1500_w300_8q_2l\checkpoints\2026-03-09_05-43-45-452177_box_DV_seed\model_weights.pth
INFO:src.utils.logger:It: 50, Loss: 5.367e+00, Loss_res: 2.398e+01,  Loss_bcs: 0.000e+00, Loss_ut_ics: 5.038e-03, Loss_norm: 2.209e-02, Loss_gauge: 0.000e+00, w_pde: 1.67e-01, L^2_error: 8.970e-01, lr: 1.000e-03, Time: 7.75e+02
INFO:src.utils.logger:Model state saved to results\box\DV\20260309-054344_seed0_box_DV_bq_circ19_e1500_w300_8q_2l\checkpoints\2026-03-09_05-43-45-452177_box_DV_seed\model.pth
INFO:src.utils.logger:Model weights saved to results\box\DV\20260309-054344_seed0_box_DV_bq_circ19_e1500_w300_8q_2l\checkpoints\2026-03-09_05-43-45-452177_box_DV_seed\model_weights.pth
INFO:src.utils.logger:It: 55, Loss: 5.666e+00, Loss_res: 2.387e+01,  Loss_bcs: 0.000e+00, Loss_ut_ics: 4.733e-03, Loss_norm: 2.134e-02, Loss_gauge: 0.000e+00, w_pde: 1.83e-01, L^2_error: 8.903e-01, lr: 1.000e-03, Time: 8.52e+02
INFO:src.utils.logger:Model state saved to results\box\DV\20260309-054344_seed0_box_DV_bq_circ19_e1500_w300_8q_2l\checkpoints\2026-03-09_05-43-45-452177_box_DV_seed\model.pth
INFO:src.utils.logger:Model weights saved to results\box\DV\20260309-054344_seed0_box_DV_bq_circ19_e1500_w300_8q_2l\checkpoints\2026-03-09_05-43-45-452177_box_DV_seed\model_weights.pth
INFO:src.utils.logger:It: 60, Loss: 5.638e+00, Loss_res: 2.436e+01,  Loss_bcs: 0.000e+00, Loss_ut_ics: 2.816e-03, Loss_norm: 1.250e-02, Loss_gauge: 0.000e+00, w_pde: 2.00e-01, L^2_error: 8.964e-01, lr: 1.000e-03, Time: 9.28e+02
INFO:src.utils.logger:Model state saved to results\box\DV\20260309-054344_seed0_box_DV_bq_circ19_e1500_w300_8q_2l\checkpoints\2026-03-09_05-43-45-452177_box_DV_seed\model.pth
INFO:src.utils.logger:Model weights saved to results\box\DV\20260309-054344_seed0_box_DV_bq_circ19_e1500_w300_8q_2l\checkpoints\2026-03-09_05-43-45-452177_box_DV_seed\model_weights.pth
INFO:src.utils.logger:It: 65, Loss: 5.961e+00, Loss_res: 2.565e+01,  Loss_bcs: 0.000e+00, Loss_ut_ics: 1.497e-03, Loss_norm: 5.660e-03, Loss_gauge: 0.000e+00, w_pde: 2.17e-01, L^2_error: 9.039e-01, lr: 1.000e-03, Time: 1.00e+03
INFO:src.utils.logger:Model state saved to results\box\DV\20260309-054344_seed0_box_DV_bq_circ19_e1500_w300_8q_2l\checkpoints\2026-03-09_05-43-45-452177_box_DV_seed\model.pth
INFO:src.utils.logger:Model weights saved to results\box\DV\20260309-054344_seed0_box_DV_bq_circ19_e1500_w300_8q_2l\checkpoints\2026-03-09_05-43-45-452177_box_DV_seed\model_weights.pth
INFO:src.utils.logger:It: 70, Loss: 6.382e+00, Loss_res: 2.599e+01,  Loss_bcs: 0.000e+00, Loss_ut_ics: 1.204e-03, Loss_norm: 3.289e-03, Loss_gauge: 0.000e+00, w_pde: 2.33e-01, L^2_error: 9.009e-01, lr: 1.000e-03, Time: 1.08e+03
INFO:src.utils.logger:Model state saved to results\box\DV\20260309-054344_seed0_box_DV_bq_circ19_e1500_w300_8q_2l\checkpoints\2026-03-09_05-43-45-452177_box_DV_seed\model.pth
INFO:src.utils.logger:Model weights saved to results\box\DV\20260309-054344_seed0_box_DV_bq_circ19_e1500_w300_8q_2l\checkpoints\2026-03-09_05-43-45-452177_box_DV_seed\model_weights.pth
INFO:src.utils.logger:It: 75, Loss: 6.822e+00, Loss_res: 2.598e+01,  Loss_bcs: 0.000e+00, Loss_ut_ics: 1.238e-03, Loss_norm: 3.761e-03, Loss_gauge: 0.000e+00, w_pde: 2.50e-01, L^2_error: 8.936e-01, lr: 1.000e-03, Time: 1.15e+03
INFO:src.utils.logger:Model state saved to results\box\DV\20260309-054344_seed0_box_DV_bq_circ19_e1500_w300_8q_2l\checkpoints\2026-03-09_05-43-45-452177_box_DV_seed\model.pth
INFO:src.utils.logger:Model weights saved to results\box\DV\20260309-054344_seed0_box_DV_bq_circ19_e1500_w300_8q_2l\checkpoints\2026-03-09_05-43-45-452177_box_DV_seed\model_weights.pth
INFO:src.utils.logger:It: 80, Loss: 7.039e+00, Loss_res: 2.497e+01,  Loss_bcs: 0.000e+00, Loss_ut_ics: 1.393e-03, Loss_norm: 6.329e-03, Loss_gauge: 0.000e+00, w_pde: 2.67e-01, L^2_error: 8.847e-01, lr: 1.000e-03, Time: 1.23e+03
INFO:src.utils.logger:Model state saved to results\box\DV\20260309-054344_seed0_box_DV_bq_circ19_e1500_w300_8q_2l\checkpoints\2026-03-09_05-43-45-452177_box_DV_seed\model.pth
INFO:src.utils.logger:Model weights saved to results\box\DV\20260309-054344_seed0_box_DV_bq_circ19_e1500_w300_8q_2l\checkpoints\2026-03-09_05-43-45-452177_box_DV_seed\model_weights.pth
INFO:src.utils.logger:It: 85, Loss: 7.269e+00, Loss_res: 2.387e+01,  Loss_bcs: 0.000e+00, Loss_ut_ics: 1.824e-03, Loss_norm: 1.011e-02, Loss_gauge: 0.000e+00, w_pde: 2.83e-01, L^2_error: 8.729e-01, lr: 1.000e-03, Time: 1.31e+03
INFO:src.utils.logger:Model state saved to results\box\DV\20260309-054344_seed0_box_DV_bq_circ19_e1500_w300_8q_2l\checkpoints\2026-03-09_05-43-45-452177_box_DV_seed\model.pth
INFO:src.utils.logger:Model weights saved to results\box\DV\20260309-054344_seed0_box_DV_bq_circ19_e1500_w300_8q_2l\checkpoints\2026-03-09_05-43-45-452177_box_DV_seed\model_weights.pth
INFO:src.utils.logger:It: 90, Loss: 7.591e+00, Loss_res: 2.325e+01,  Loss_bcs: 0.000e+00, Loss_ut_ics: 2.197e-03, Loss_norm: 1.319e-02, Loss_gauge: 0.000e+00, w_pde: 3.00e-01, L^2_error: 8.635e-01, lr: 1.000e-03, Time: 1.38e+03
INFO:src.utils.logger:Model state saved to results\box\DV\20260309-054344_seed0_box_DV_bq_circ19_e1500_w300_8q_2l\checkpoints\2026-03-09_05-43-45-452177_box_DV_seed\model.pth
INFO:src.utils.logger:Model weights saved to results\box\DV\20260309-054344_seed0_box_DV_bq_circ19_e1500_w300_8q_2l\checkpoints\2026-03-09_05-43-45-452177_box_DV_seed\model_weights.pth
INFO:src.utils.logger:It: 95, Loss: 7.817e+00, Loss_res: 2.270e+01,  Loss_bcs: 0.000e+00, Loss_ut_ics: 2.230e-03, Loss_norm: 1.449e-02, Loss_gauge: 0.000e+00, w_pde: 3.17e-01, L^2_error: 8.569e-01, lr: 1.000e-03, Time: 1.46e+03
INFO:src.utils.logger:Model state saved to results\box\DV\20260309-054344_seed0_box_DV_bq_circ19_e1500_w300_8q_2l\checkpoints\2026-03-09_05-43-45-452177_box_DV_seed\model.pth
INFO:src.utils.logger:Model weights saved to results\box\DV\20260309-054344_seed0_box_DV_bq_circ19_e1500_w300_8q_2l\checkpoints\2026-03-09_05-43-45-452177_box_DV_seed\model_weights.pth
INFO:src.utils.logger:It: 100, Loss: 8.150e+00, Loss_res: 2.266e+01,  Loss_bcs: 0.000e+00, Loss_ut_ics: 2.093e-03, Loss_norm: 1.461e-02, Loss_gauge: 0.000e+00, w_pde: 3.33e-01, L^2_error: 8.492e-01, lr: 1.000e-03, Time: 1.54e+03
INFO:src.utils.logger:Model state saved to results\box\DV\20260309-054344_seed0_box_DV_bq_circ19_e1500_w300_8q_2l\checkpoints\2026-03-09_05-43-45-452177_box_DV_seed\model.pth
INFO:src.utils.logger:Model weights saved to results\box\DV\20260309-054344_seed0_box_DV_bq_circ19_e1500_w300_8q_2l\checkpoints\2026-03-09_05-43-45-452177_box_DV_seed\model_weights.pth
INFO:src.utils.logger:It: 105, Loss: 8.330e+00, Loss_res: 2.218e+01,  Loss_bcs: 0.000e+00, Loss_ut_ics: 1.964e-03, Loss_norm: 1.487e-02, Loss_gauge: 0.000e+00, w_pde: 3.50e-01, L^2_error: 8.414e-01, lr: 1.000e-03, Time: 1.61e+03
INFO:src.utils.logger:Model state saved to results\box\DV\20260309-054344_seed0_box_DV_bq_circ19_e1500_w300_8q_2l\checkpoints\2026-03-09_05-43-45-452177_box_DV_seed\model.pth
INFO:src.utils.logger:Model weights saved to results\box\DV\20260309-054344_seed0_box_DV_bq_circ19_e1500_w300_8q_2l\checkpoints\2026-03-09_05-43-45-452177_box_DV_seed\model_weights.pth
INFO:src.utils.logger:It: 110, Loss: 8.518e+00, Loss_res: 2.169e+01,  Loss_bcs: 0.000e+00, Loss_ut_ics: 1.936e-03, Loss_norm: 1.608e-02, Loss_gauge: 0.000e+00, w_pde: 3.67e-01, L^2_error: 8.321e-01, lr: 1.000e-03, Time: 1.69e+03
INFO:src.utils.logger:Model state saved to results\box\DV\20260309-054344_seed0_box_DV_bq_circ19_e1500_w300_8q_2l\checkpoints\2026-03-09_05-43-45-452177_box_DV_seed\model.pth
INFO:src.utils.logger:Model weights saved to results\box\DV\20260309-054344_seed0_box_DV_bq_circ19_e1500_w300_8q_2l\checkpoints\2026-03-09_05-43-45-452177_box_DV_seed\model_weights.pth
INFO:src.utils.logger:It: 115, Loss: 8.748e+00, Loss_res: 2.125e+01,  Loss_bcs: 0.000e+00, Loss_ut_ics: 2.039e-03, Loss_norm: 1.821e-02, Loss_gauge: 0.000e+00, w_pde: 3.83e-01, L^2_error: 8.207e-01, lr: 1.000e-03, Time: 1.76e+03
INFO:src.utils.logger:Model state saved to results\box\DV\20260309-054344_seed0_box_DV_bq_circ19_e1500_w300_8q_2l\checkpoints\2026-03-09_05-43-45-452177_box_DV_seed\model.pth
INFO:src.utils.logger:Model weights saved to results\box\DV\20260309-054344_seed0_box_DV_bq_circ19_e1500_w300_8q_2l\checkpoints\2026-03-09_05-43-45-452177_box_DV_seed\model_weights.pth
INFO:src.utils.logger:It: 120, Loss: 8.688e+00, Loss_res: 2.010e+01,  Loss_bcs: 0.000e+00, Loss_ut_ics: 2.168e-03, Loss_norm: 2.076e-02, Loss_gauge: 0.000e+00, w_pde: 4.00e-01, L^2_error: 8.089e-01, lr: 1.000e-03, Time: 1.84e+03
INFO:src.utils.logger:Model state saved to results\box\DV\20260309-054344_seed0_box_DV_bq_circ19_e1500_w300_8q_2l\checkpoints\2026-03-09_05-43-45-452177_box_DV_seed\model.pth
INFO:src.utils.logger:Model weights saved to results\box\DV\20260309-054344_seed0_box_DV_bq_circ19_e1500_w300_8q_2l\checkpoints\2026-03-09_05-43-45-452177_box_DV_seed\model_weights.pth
INFO:src.utils.logger:It: 125, Loss: 8.847e+00, Loss_res: 1.960e+01,  Loss_bcs: 0.000e+00, Loss_ut_ics: 2.260e-03, Loss_norm: 2.307e-02, Loss_gauge: 0.000e+00, w_pde: 4.17e-01, L^2_error: 7.962e-01, lr: 1.000e-03, Time: 1.92e+03
INFO:src.utils.logger:Model state saved to results\box\DV\20260309-054344_seed0_box_DV_bq_circ19_e1500_w300_8q_2l\checkpoints\2026-03-09_05-43-45-452177_box_DV_seed\model.pth
INFO:src.utils.logger:Model weights saved to results\box\DV\20260309-054344_seed0_box_DV_bq_circ19_e1500_w300_8q_2l\checkpoints\2026-03-09_05-43-45-452177_box_DV_seed\model_weights.pth
INFO:src.utils.logger:It: 130, Loss: 8.981e+00, Loss_res: 1.913e+01,  Loss_bcs: 0.000e+00, Loss_ut_ics: 2.263e-03, Loss_norm: 2.478e-02, Loss_gauge: 0.000e+00, w_pde: 4.33e-01, L^2_error: 7.833e-01, lr: 1.000e-03, Time: 1.99e+03
INFO:src.utils.logger:Model state saved to results\box\DV\20260309-054344_seed0_box_DV_bq_circ19_e1500_w300_8q_2l\checkpoints\2026-03-09_05-43-45-452177_box_DV_seed\model.pth
INFO:src.utils.logger:Model weights saved to results\box\DV\20260309-054344_seed0_box_DV_bq_circ19_e1500_w300_8q_2l\checkpoints\2026-03-09_05-43-45-452177_box_DV_seed\model_weights.pth
INFO:src.utils.logger:It: 135, Loss: 8.951e+00, Loss_res: 1.837e+01,  Loss_bcs: 0.000e+00, Loss_ut_ics: 2.219e-03, Loss_norm: 2.614e-02, Loss_gauge: 0.000e+00, w_pde: 4.50e-01, L^2_error: 7.692e-01, lr: 1.000e-03, Time: 2.07e+03
INFO:src.utils.logger:Model state saved to results\box\DV\20260309-054344_seed0_box_DV_bq_circ19_e1500_w300_8q_2l\checkpoints\2026-03-09_05-43-45-452177_box_DV_seed\model.pth
INFO:src.utils.logger:Model weights saved to results\box\DV\20260309-054344_seed0_box_DV_bq_circ19_e1500_w300_8q_2l\checkpoints\2026-03-09_05-43-45-452177_box_DV_seed\model_weights.pth
INFO:src.utils.logger:It: 140, Loss: 9.049e+00, Loss_res: 1.791e+01,  Loss_bcs: 0.000e+00, Loss_ut_ics: 2.210e-03, Loss_norm: 2.772e-02, Loss_gauge: 0.000e+00, w_pde: 4.67e-01, L^2_error: 7.534e-01, lr: 1.000e-03, Time: 2.14e+03
INFO:src.utils.logger:Model state saved to results\box\DV\20260309-054344_seed0_box_DV_bq_circ19_e1500_w300_8q_2l\checkpoints\2026-03-09_05-43-45-452177_box_DV_seed\model.pth
INFO:src.utils.logger:Model weights saved to results\box\DV\20260309-054344_seed0_box_DV_bq_circ19_e1500_w300_8q_2l\checkpoints\2026-03-09_05-43-45-452177_box_DV_seed\model_weights.pth
INFO:src.utils.logger:It: 145, Loss: 8.920e+00, Loss_res: 1.701e+01,  Loss_bcs: 0.000e+00, Loss_ut_ics: 2.209e-03, Loss_norm: 2.952e-02, Loss_gauge: 0.000e+00, w_pde: 4.83e-01, L^2_error: 7.362e-01, lr: 1.000e-03, Time: 2.22e+03
INFO:src.utils.logger:Model state saved to results\box\DV\20260309-054344_seed0_box_DV_bq_circ19_e1500_w300_8q_2l\checkpoints\2026-03-09_05-43-45-452177_box_DV_seed\model.pth
INFO:src.utils.logger:Model weights saved to results\box\DV\20260309-054344_seed0_box_DV_bq_circ19_e1500_w300_8q_2l\checkpoints\2026-03-09_05-43-45-452177_box_DV_seed\model_weights.pth
INFO:src.utils.logger:It: 150, Loss: 8.887e+00, Loss_res: 1.633e+01,  Loss_bcs: 0.000e+00, Loss_ut_ics: 2.250e-03, Loss_norm: 3.159e-02, Loss_gauge: 0.000e+00, w_pde: 5.00e-01, L^2_error: 7.166e-01, lr: 1.000e-03, Time: 2.30e+03
INFO:src.utils.logger:Model state saved to results\box\DV\20260309-054344_seed0_box_DV_bq_circ19_e1500_w300_8q_2l\checkpoints\2026-03-09_05-43-45-452177_box_DV_seed\model.pth
INFO:src.utils.logger:Model weights saved to results\box\DV\20260309-054344_seed0_box_DV_bq_circ19_e1500_w300_8q_2l\checkpoints\2026-03-09_05-43-45-452177_box_DV_seed\model_weights.pth
INFO:src.utils.logger:It: 155, Loss: 8.539e+00, Loss_res: 1.514e+01,  Loss_bcs: 0.000e+00, Loss_ut_ics: 2.211e-03, Loss_norm: 3.306e-02, Loss_gauge: 0.000e+00, w_pde: 5.17e-01, L^2_error: 6.956e-01, lr: 1.000e-03, Time: 2.38e+03
INFO:src.utils.logger:Model state saved to results\box\DV\20260309-054344_seed0_box_DV_bq_circ19_e1500_w300_8q_2l\checkpoints\2026-03-09_05-43-45-452177_box_DV_seed\model.pth
INFO:src.utils.logger:Model weights saved to results\box\DV\20260309-054344_seed0_box_DV_bq_circ19_e1500_w300_8q_2l\checkpoints\2026-03-09_05-43-45-452177_box_DV_seed\model_weights.pth
INFO:src.utils.logger:It: 160, Loss: 8.328e+00, Loss_res: 1.427e+01,  Loss_bcs: 0.000e+00, Loss_ut_ics: 2.180e-03, Loss_norm: 3.463e-02, Loss_gauge: 0.000e+00, w_pde: 5.33e-01, L^2_error: 6.722e-01, lr: 1.000e-03, Time: 2.45e+03
INFO:src.utils.logger:Model state saved to results\box\DV\20260309-054344_seed0_box_DV_bq_circ19_e1500_w300_8q_2l\checkpoints\2026-03-09_05-43-45-452177_box_DV_seed\model.pth
INFO:src.utils.logger:Model weights saved to results\box\DV\20260309-054344_seed0_box_DV_bq_circ19_e1500_w300_8q_2l\checkpoints\2026-03-09_05-43-45-452177_box_DV_seed\model_weights.pth
INFO:src.utils.logger:It: 165, Loss: 7.962e+00, Loss_res: 1.318e+01,  Loss_bcs: 0.000e+00, Loss_ut_ics: 2.124e-03, Loss_norm: 3.629e-02, Loss_gauge: 0.000e+00, w_pde: 5.50e-01, L^2_error: 6.462e-01, lr: 1.000e-03, Time: 2.53e+03
INFO:src.utils.logger:Model state saved to results\box\DV\20260309-054344_seed0_box_DV_bq_circ19_e1500_w300_8q_2l\checkpoints\2026-03-09_05-43-45-452177_box_DV_seed\model.pth
INFO:src.utils.logger:Model weights saved to results\box\DV\20260309-054344_seed0_box_DV_bq_circ19_e1500_w300_8q_2l\checkpoints\2026-03-09_05-43-45-452177_box_DV_seed\model_weights.pth
INFO:src.utils.logger:It: 170, Loss: 7.682e+00, Loss_res: 1.230e+01,  Loss_bcs: 0.000e+00, Loss_ut_ics: 2.083e-03, Loss_norm: 3.804e-02, Loss_gauge: 0.000e+00, w_pde: 5.67e-01, L^2_error: 6.183e-01, lr: 1.000e-03, Time: 2.61e+03
INFO:src.utils.logger:Model state saved to results\box\DV\20260309-054344_seed0_box_DV_bq_circ19_e1500_w300_8q_2l\checkpoints\2026-03-09_05-43-45-452177_box_DV_seed\model.pth
INFO:src.utils.logger:Model weights saved to results\box\DV\20260309-054344_seed0_box_DV_bq_circ19_e1500_w300_8q_2l\checkpoints\2026-03-09_05-43-45-452177_box_DV_seed\model_weights.pth
INFO:src.utils.logger:It: 175, Loss: 7.278e+00, Loss_res: 1.128e+01,  Loss_bcs: 0.000e+00, Loss_ut_ics: 2.003e-03, Loss_norm: 3.920e-02, Loss_gauge: 0.000e+00, w_pde: 5.83e-01, L^2_error: 5.882e-01, lr: 1.000e-03, Time: 2.69e+03
INFO:src.utils.logger:Model state saved to results\box\DV\20260309-054344_seed0_box_DV_bq_circ19_e1500_w300_8q_2l\checkpoints\2026-03-09_05-43-45-452177_box_DV_seed\model.pth
INFO:src.utils.logger:Model weights saved to results\box\DV\20260309-054344_seed0_box_DV_bq_circ19_e1500_w300_8q_2l\checkpoints\2026-03-09_05-43-45-452177_box_DV_seed\model_weights.pth
INFO:src.utils.logger:It: 180, Loss: 6.802e+00, Loss_res: 1.023e+01,  Loss_bcs: 0.000e+00, Loss_ut_ics: 1.865e-03, Loss_norm: 3.959e-02, Loss_gauge: 0.000e+00, w_pde: 6.00e-01, L^2_error: 5.570e-01, lr: 1.000e-03, Time: 2.78e+03
INFO:src.utils.logger:Model state saved to results\box\DV\20260309-054344_seed0_box_DV_bq_circ19_e1500_w300_8q_2l\checkpoints\2026-03-09_05-43-45-452177_box_DV_seed\model.pth
INFO:src.utils.logger:Model weights saved to results\box\DV\20260309-054344_seed0_box_DV_bq_circ19_e1500_w300_8q_2l\checkpoints\2026-03-09_05-43-45-452177_box_DV_seed\model_weights.pth
INFO:src.utils.logger:It: 185, Loss: 6.253e+00, Loss_res: 9.106e+00,  Loss_bcs: 0.000e+00, Loss_ut_ics: 1.753e-03, Loss_norm: 3.990e-02, Loss_gauge: 0.000e+00, w_pde: 6.17e-01, L^2_error: 5.232e-01, lr: 1.000e-03, Time: 2.85e+03
INFO:src.utils.logger:Model state saved to results\box\DV\20260309-054344_seed0_box_DV_bq_circ19_e1500_w300_8q_2l\checkpoints\2026-03-09_05-43-45-452177_box_DV_seed\model.pth
INFO:src.utils.logger:Model weights saved to results\box\DV\20260309-054344_seed0_box_DV_bq_circ19_e1500_w300_8q_2l\checkpoints\2026-03-09_05-43-45-452177_box_DV_seed\model_weights.pth
INFO:src.utils.logger:It: 190, Loss: 5.901e+00, Loss_res: 8.334e+00,  Loss_bcs: 0.000e+00, Loss_ut_ics: 1.678e-03, Loss_norm: 4.061e-02, Loss_gauge: 0.000e+00, w_pde: 6.33e-01, L^2_error: 4.882e-01, lr: 1.000e-03, Time: 2.93e+03
INFO:src.utils.logger:Model state saved to results\box\DV\20260309-054344_seed0_box_DV_bq_circ19_e1500_w300_8q_2l\checkpoints\2026-03-09_05-43-45-452177_box_DV_seed\model.pth
INFO:src.utils.logger:Model weights saved to results\box\DV\20260309-054344_seed0_box_DV_bq_circ19_e1500_w300_8q_2l\checkpoints\2026-03-09_05-43-45-452177_box_DV_seed\model_weights.pth
INFO:src.utils.logger:It: 195, Loss: 5.430e+00, Loss_res: 7.422e+00,  Loss_bcs: 0.000e+00, Loss_ut_ics: 1.609e-03, Loss_norm: 4.074e-02, Loss_gauge: 0.000e+00, w_pde: 6.50e-01, L^2_error: 4.523e-01, lr: 1.000e-03, Time: 3.01e+03
INFO:src.utils.logger:Model state saved to results\box\DV\20260309-054344_seed0_box_DV_bq_circ19_e1500_w300_8q_2l\checkpoints\2026-03-09_05-43-45-452177_box_DV_seed\model.pth
INFO:src.utils.logger:Model weights saved to results\box\DV\20260309-054344_seed0_box_DV_bq_circ19_e1500_w300_8q_2l\checkpoints\2026-03-09_05-43-45-452177_box_DV_seed\model_weights.pth
INFO:src.utils.logger:It: 200, Loss: 4.857e+00, Loss_res: 6.432e+00,  Loss_bcs: 0.000e+00, Loss_ut_ics: 1.485e-03, Loss_norm: 3.963e-02, Loss_gauge: 0.000e+00, w_pde: 6.67e-01, L^2_error: 4.176e-01, lr: 1.000e-03, Time: 3.09e+03
INFO:src.utils.logger:Model state saved to results\box\DV\20260309-054344_seed0_box_DV_bq_circ19_e1500_w300_8q_2l\checkpoints\2026-03-09_05-43-45-452177_box_DV_seed\model.pth
INFO:src.utils.logger:Model weights saved to results\box\DV\20260309-054344_seed0_box_DV_bq_circ19_e1500_w300_8q_2l\checkpoints\2026-03-09_05-43-45-452177_box_DV_seed\model_weights.pth
INFO:src.utils.logger:It: 205, Loss: 4.486e+00, Loss_res: 5.783e+00,  Loss_bcs: 0.000e+00, Loss_ut_ics: 1.381e-03, Loss_norm: 3.791e-02, Loss_gauge: 0.000e+00, w_pde: 6.83e-01, L^2_error: 3.823e-01, lr: 1.000e-03, Time: 3.17e+03
INFO:src.utils.logger:Model state saved to results\box\DV\20260309-054344_seed0_box_DV_bq_circ19_e1500_w300_8q_2l\checkpoints\2026-03-09_05-43-45-452177_box_DV_seed\model.pth
INFO:src.utils.logger:Model weights saved to results\box\DV\20260309-054344_seed0_box_DV_bq_circ19_e1500_w300_8q_2l\checkpoints\2026-03-09_05-43-45-452177_box_DV_seed\model_weights.pth
INFO:src.utils.logger:It: 210, Loss: 3.951e+00, Loss_res: 4.904e+00,  Loss_bcs: 0.000e+00, Loss_ut_ics: 1.343e-03, Loss_norm: 3.647e-02, Loss_gauge: 0.000e+00, w_pde: 7.00e-01, L^2_error: 3.487e-01, lr: 1.000e-03, Time: 3.25e+03
INFO:src.utils.logger:Model state saved to results\box\DV\20260309-054344_seed0_box_DV_bq_circ19_e1500_w300_8q_2l\checkpoints\2026-03-09_05-43-45-452177_box_DV_seed\model.pth
INFO:src.utils.logger:Model weights saved to results\box\DV\20260309-054344_seed0_box_DV_bq_circ19_e1500_w300_8q_2l\checkpoints\2026-03-09_05-43-45-452177_box_DV_seed\model_weights.pth
INFO:src.utils.logger:It: 215, Loss: 3.668e+00, Loss_res: 4.422e+00,  Loss_bcs: 0.000e+00, Loss_ut_ics: 1.292e-03, Loss_norm: 3.511e-02, Loss_gauge: 0.000e+00, w_pde: 7.17e-01, L^2_error: 3.178e-01, lr: 1.000e-03, Time: 3.32e+03
INFO:src.utils.logger:Model state saved to results\box\DV\20260309-054344_seed0_box_DV_bq_circ19_e1500_w300_8q_2l\checkpoints\2026-03-09_05-43-45-452177_box_DV_seed\model.pth
INFO:src.utils.logger:Model weights saved to results\box\DV\20260309-054344_seed0_box_DV_bq_circ19_e1500_w300_8q_2l\checkpoints\2026-03-09_05-43-45-452177_box_DV_seed\model_weights.pth
INFO:src.utils.logger:It: 220, Loss: 3.206e+00, Loss_res: 3.746e+00,  Loss_bcs: 0.000e+00, Loss_ut_ics: 1.195e-03, Loss_norm: 3.199e-02, Loss_gauge: 0.000e+00, w_pde: 7.33e-01, L^2_error: 2.883e-01, lr: 1.000e-03, Time: 3.40e+03
INFO:src.utils.logger:Model state saved to results\box\DV\20260309-054344_seed0_box_DV_bq_circ19_e1500_w300_8q_2l\checkpoints\2026-03-09_05-43-45-452177_box_DV_seed\model.pth
INFO:src.utils.logger:Model weights saved to results\box\DV\20260309-054344_seed0_box_DV_bq_circ19_e1500_w300_8q_2l\checkpoints\2026-03-09_05-43-45-452177_box_DV_seed\model_weights.pth
INFO:src.utils.logger:It: 225, Loss: 2.856e+00, Loss_res: 3.240e+00,  Loss_bcs: 0.000e+00, Loss_ut_ics: 1.129e-03, Loss_norm: 2.871e-02, Loss_gauge: 0.000e+00, w_pde: 7.50e-01, L^2_error: 2.618e-01, lr: 1.000e-03, Time: 3.48e+03
INFO:src.utils.logger:Model state saved to results\box\DV\20260309-054344_seed0_box_DV_bq_circ19_e1500_w300_8q_2l\checkpoints\2026-03-09_05-43-45-452177_box_DV_seed\model.pth
INFO:src.utils.logger:Model weights saved to results\box\DV\20260309-054344_seed0_box_DV_bq_circ19_e1500_w300_8q_2l\checkpoints\2026-03-09_05-43-45-452177_box_DV_seed\model_weights.pth
INFO:src.utils.logger:It: 230, Loss: 2.739e+00, Loss_res: 3.062e+00,  Loss_bcs: 0.000e+00, Loss_ut_ics: 1.055e-03, Loss_norm: 2.557e-02, Loss_gauge: 0.000e+00, w_pde: 7.67e-01, L^2_error: 2.377e-01, lr: 1.000e-03, Time: 3.56e+03
INFO:src.utils.logger:Model state saved to results\box\DV\20260309-054344_seed0_box_DV_bq_circ19_e1500_w300_8q_2l\checkpoints\2026-03-09_05-43-45-452177_box_DV_seed\model.pth
INFO:src.utils.logger:Model weights saved to results\box\DV\20260309-054344_seed0_box_DV_bq_circ19_e1500_w300_8q_2l\checkpoints\2026-03-09_05-43-45-452177_box_DV_seed\model_weights.pth
INFO:src.utils.logger:It: 235, Loss: 2.328e+00, Loss_res: 2.521e+00,  Loss_bcs: 0.000e+00, Loss_ut_ics: 9.523e-04, Loss_norm: 2.296e-02, Loss_gauge: 0.000e+00, w_pde: 7.83e-01, L^2_error: 2.155e-01, lr: 1.000e-03, Time: 3.64e+03
INFO:src.utils.logger:Model state saved to results\box\DV\20260309-054344_seed0_box_DV_bq_circ19_e1500_w300_8q_2l\checkpoints\2026-03-09_05-43-45-452177_box_DV_seed\model.pth
INFO:src.utils.logger:Model weights saved to results\box\DV\20260309-054344_seed0_box_DV_bq_circ19_e1500_w300_8q_2l\checkpoints\2026-03-09_05-43-45-452177_box_DV_seed\model_weights.pth
INFO:src.utils.logger:It: 240, Loss: 2.154e+00, Loss_res: 2.291e+00,  Loss_bcs: 0.000e+00, Loss_ut_ics: 8.924e-04, Loss_norm: 1.965e-02, Loss_gauge: 0.000e+00, w_pde: 8.00e-01, L^2_error: 1.945e-01, lr: 1.000e-03, Time: 3.71e+03
INFO:src.utils.logger:Model state saved to results\box\DV\20260309-054344_seed0_box_DV_bq_circ19_e1500_w300_8q_2l\checkpoints\2026-03-09_05-43-45-452177_box_DV_seed\model.pth
INFO:src.utils.logger:Model weights saved to results\box\DV\20260309-054344_seed0_box_DV_bq_circ19_e1500_w300_8q_2l\checkpoints\2026-03-09_05-43-45-452177_box_DV_seed\model_weights.pth
INFO:src.utils.logger:It: 245, Loss: 1.787e+00, Loss_res: 1.829e+00,  Loss_bcs: 0.000e+00, Loss_ut_ics: 8.232e-04, Loss_norm: 1.748e-02, Loss_gauge: 0.000e+00, w_pde: 8.17e-01, L^2_error: 1.759e-01, lr: 1.000e-03, Time: 3.79e+03
INFO:src.utils.logger:Model state saved to results\box\DV\20260309-054344_seed0_box_DV_bq_circ19_e1500_w300_8q_2l\checkpoints\2026-03-09_05-43-45-452177_box_DV_seed\model.pth
INFO:src.utils.logger:Model weights saved to results\box\DV\20260309-054344_seed0_box_DV_bq_circ19_e1500_w300_8q_2l\checkpoints\2026-03-09_05-43-45-452177_box_DV_seed\model_weights.pth
INFO:src.utils.logger:It: 250, Loss: 1.577e+00, Loss_res: 1.584e+00,  Loss_bcs: 0.000e+00, Loss_ut_ics: 7.341e-04, Loss_norm: 1.476e-02, Loss_gauge: 0.000e+00, w_pde: 8.33e-01, L^2_error: 1.601e-01, lr: 1.000e-03, Time: 3.87e+03
INFO:src.utils.logger:Model state saved to results\box\DV\20260309-054344_seed0_box_DV_bq_circ19_e1500_w300_8q_2l\checkpoints\2026-03-09_05-43-45-452177_box_DV_seed\model.pth
INFO:src.utils.logger:Model weights saved to results\box\DV\20260309-054344_seed0_box_DV_bq_circ19_e1500_w300_8q_2l\checkpoints\2026-03-09_05-43-45-452177_box_DV_seed\model_weights.pth
INFO:src.utils.logger:It: 255, Loss: 1.357e+00, Loss_res: 1.343e+00,  Loss_bcs: 0.000e+00, Loss_ut_ics: 6.232e-04, Loss_norm: 1.202e-02, Loss_gauge: 0.000e+00, w_pde: 8.50e-01, L^2_error: 1.451e-01, lr: 1.000e-03, Time: 3.95e+03
INFO:src.utils.logger:Model state saved to results\box\DV\20260309-054344_seed0_box_DV_bq_circ19_e1500_w300_8q_2l\checkpoints\2026-03-09_05-43-45-452177_box_DV_seed\model.pth
INFO:src.utils.logger:Model weights saved to results\box\DV\20260309-054344_seed0_box_DV_bq_circ19_e1500_w300_8q_2l\checkpoints\2026-03-09_05-43-45-452177_box_DV_seed\model_weights.pth
INFO:src.utils.logger:It: 260, Loss: 1.240e+00, Loss_res: 1.232e+00,  Loss_bcs: 0.000e+00, Loss_ut_ics: 4.863e-04, Loss_norm: 1.017e-02, Loss_gauge: 0.000e+00, w_pde: 8.67e-01, L^2_error: 1.308e-01, lr: 1.000e-03, Time: 4.03e+03
INFO:src.utils.logger:Model state saved to results\box\DV\20260309-054344_seed0_box_DV_bq_circ19_e1500_w300_8q_2l\checkpoints\2026-03-09_05-43-45-452177_box_DV_seed\model.pth
INFO:src.utils.logger:Model weights saved to results\box\DV\20260309-054344_seed0_box_DV_bq_circ19_e1500_w300_8q_2l\checkpoints\2026-03-09_05-43-45-452177_box_DV_seed\model_weights.pth
INFO:src.utils.logger:It: 265, Loss: 1.117e+00, Loss_res: 1.096e+00,  Loss_bcs: 0.000e+00, Loss_ut_ics: 4.201e-04, Loss_norm: 8.615e-03, Loss_gauge: 0.000e+00, w_pde: 8.83e-01, L^2_error: 1.156e-01, lr: 1.000e-03, Time: 4.11e+03
INFO:src.utils.logger:Model state saved to results\box\DV\20260309-054344_seed0_box_DV_bq_circ19_e1500_w300_8q_2l\checkpoints\2026-03-09_05-43-45-452177_box_DV_seed\model.pth
INFO:src.utils.logger:Model weights saved to results\box\DV\20260309-054344_seed0_box_DV_bq_circ19_e1500_w300_8q_2l\checkpoints\2026-03-09_05-43-45-452177_box_DV_seed\model_weights.pth
INFO:src.utils.logger:It: 270, Loss: 9.036e-01, Loss_res: 8.520e-01,  Loss_bcs: 0.000e+00, Loss_ut_ics: 4.071e-04, Loss_norm: 7.008e-03, Loss_gauge: 0.000e+00, w_pde: 9.00e-01, L^2_error: 1.010e-01, lr: 1.000e-03, Time: 4.18e+03
INFO:src.utils.logger:Model state saved to results\box\DV\20260309-054344_seed0_box_DV_bq_circ19_e1500_w300_8q_2l\checkpoints\2026-03-09_05-43-45-452177_box_DV_seed\model.pth
INFO:src.utils.logger:Model weights saved to results\box\DV\20260309-054344_seed0_box_DV_bq_circ19_e1500_w300_8q_2l\checkpoints\2026-03-09_05-43-45-452177_box_DV_seed\model_weights.pth
INFO:src.utils.logger:It: 275, Loss: 9.288e-01, Loss_res: 8.849e-01,  Loss_bcs: 0.000e+00, Loss_ut_ics: 3.522e-04, Loss_norm: 5.911e-03, Loss_gauge: 0.000e+00, w_pde: 9.17e-01, L^2_error: 8.864e-02, lr: 1.000e-03, Time: 4.26e+03
INFO:src.utils.logger:Model state saved to results\box\DV\20260309-054344_seed0_box_DV_bq_circ19_e1500_w300_8q_2l\checkpoints\2026-03-09_05-43-45-452177_box_DV_seed\model.pth
INFO:src.utils.logger:Model weights saved to results\box\DV\20260309-054344_seed0_box_DV_bq_circ19_e1500_w300_8q_2l\checkpoints\2026-03-09_05-43-45-452177_box_DV_seed\model_weights.pth
INFO:src.utils.logger:It: 280, Loss: 8.877e-01, Loss_res: 8.415e-01,  Loss_bcs: 0.000e+00, Loss_ut_ics: 3.194e-04, Loss_norm: 4.485e-03, Loss_gauge: 0.000e+00, w_pde: 9.33e-01, L^2_error: 7.775e-02, lr: 1.000e-03, Time: 4.34e+03
INFO:src.utils.logger:Model state saved to results\box\DV\20260309-054344_seed0_box_DV_bq_circ19_e1500_w300_8q_2l\checkpoints\2026-03-09_05-43-45-452177_box_DV_seed\model.pth
INFO:src.utils.logger:Model weights saved to results\box\DV\20260309-054344_seed0_box_DV_bq_circ19_e1500_w300_8q_2l\checkpoints\2026-03-09_05-43-45-452177_box_DV_seed\model_weights.pth
INFO:src.utils.logger:It: 285, Loss: 7.975e-01, Loss_res: 7.494e-01,  Loss_bcs: 0.000e+00, Loss_ut_ics: 2.719e-04, Loss_norm: 3.518e-03, Loss_gauge: 0.000e+00, w_pde: 9.50e-01, L^2_error: 6.803e-02, lr: 1.000e-03, Time: 4.42e+03
INFO:src.utils.logger:Model state saved to results\box\DV\20260309-054344_seed0_box_DV_bq_circ19_e1500_w300_8q_2l\checkpoints\2026-03-09_05-43-45-452177_box_DV_seed\model.pth
INFO:src.utils.logger:Model weights saved to results\box\DV\20260309-054344_seed0_box_DV_bq_circ19_e1500_w300_8q_2l\checkpoints\2026-03-09_05-43-45-452177_box_DV_seed\model_weights.pth
INFO:src.utils.logger:It: 290, Loss: 7.049e-01, Loss_res: 6.455e-01,  Loss_bcs: 0.000e+00, Loss_ut_ics: 2.600e-04, Loss_norm: 3.192e-03, Loss_gauge: 0.000e+00, w_pde: 9.67e-01, L^2_error: 6.002e-02, lr: 1.000e-03, Time: 4.49e+03
INFO:src.utils.logger:Model state saved to results\box\DV\20260309-054344_seed0_box_DV_bq_circ19_e1500_w300_8q_2l\checkpoints\2026-03-09_05-43-45-452177_box_DV_seed\model.pth
INFO:src.utils.logger:Model weights saved to results\box\DV\20260309-054344_seed0_box_DV_bq_circ19_e1500_w300_8q_2l\checkpoints\2026-03-09_05-43-45-452177_box_DV_seed\model_weights.pth
INFO:src.utils.logger:It: 295, Loss: 6.821e-01, Loss_res: 6.091e-01,  Loss_bcs: 0.000e+00, Loss_ut_ics: 2.832e-04, Loss_norm: 2.466e-03, Loss_gauge: 0.000e+00, w_pde: 9.83e-01, L^2_error: 5.350e-02, lr: 1.000e-03, Time: 4.57e+03
INFO:src.utils.logger:Model state saved to results\box\DV\20260309-054344_seed0_box_DV_bq_circ19_e1500_w300_8q_2l\checkpoints\2026-03-09_05-43-45-452177_box_DV_seed\model.pth
INFO:src.utils.logger:Model weights saved to results\box\DV\20260309-054344_seed0_box_DV_bq_circ19_e1500_w300_8q_2l\checkpoints\2026-03-09_05-43-45-452177_box_DV_seed\model_weights.pth
INFO:src.utils.logger:It: 300, Loss: 6.930e-01, Loss_res: 6.212e-01,  Loss_bcs: 0.000e+00, Loss_ut_ics: 2.466e-04, Loss_norm: 2.027e-03, Loss_gauge: 0.000e+00, w_pde: 1.00e+00, L^2_error: 4.964e-02, lr: 1.000e-03, Time: 4.65e+03
INFO:src.utils.logger:Model state saved to results\box\DV\20260309-054344_seed0_box_DV_bq_circ19_e1500_w300_8q_2l\checkpoints\2026-03-09_05-43-45-452177_box_DV_seed\model.pth
INFO:src.utils.logger:Model weights saved to results\box\DV\20260309-054344_seed0_box_DV_bq_circ19_e1500_w300_8q_2l\checkpoints\2026-03-09_05-43-45-452177_box_DV_seed\model_weights.pth
INFO:src.utils.logger:It: 305, Loss: 7.168e-01, Loss_res: 6.504e-01,  Loss_bcs: 0.000e+00, Loss_ut_ics: 2.326e-04, Loss_norm: 1.649e-03, Loss_gauge: 0.000e+00, w_pde: 1.00e+00, L^2_error: 4.582e-02, lr: 1.000e-03, Time: 4.73e+03
INFO:src.utils.logger:Model state saved to results\box\DV\20260309-054344_seed0_box_DV_bq_circ19_e1500_w300_8q_2l\checkpoints\2026-03-09_05-43-45-452177_box_DV_seed\model.pth
INFO:src.utils.logger:Model weights saved to results\box\DV\20260309-054344_seed0_box_DV_bq_circ19_e1500_w300_8q_2l\checkpoints\2026-03-09_05-43-45-452177_box_DV_seed\model_weights.pth
INFO:src.utils.logger:It: 310, Loss: 6.816e-01, Loss_res: 6.200e-01,  Loss_bcs: 0.000e+00, Loss_ut_ics: 2.142e-04, Loss_norm: 1.598e-03, Loss_gauge: 0.000e+00, w_pde: 1.00e+00, L^2_error: 4.323e-02, lr: 1.000e-03, Time: 4.81e+03
INFO:src.utils.logger:Model state saved to results\box\DV\20260309-054344_seed0_box_DV_bq_circ19_e1500_w300_8q_2l\checkpoints\2026-03-09_05-43-45-452177_box_DV_seed\model.pth
INFO:src.utils.logger:Model weights saved to results\box\DV\20260309-054344_seed0_box_DV_bq_circ19_e1500_w300_8q_2l\checkpoints\2026-03-09_05-43-45-452177_box_DV_seed\model_weights.pth
INFO:src.utils.logger:It: 315, Loss: 6.081e-01, Loss_res: 5.447e-01,  Loss_bcs: 0.000e+00, Loss_ut_ics: 2.263e-04, Loss_norm: 1.359e-03, Loss_gauge: 0.000e+00, w_pde: 1.00e+00, L^2_error: 4.088e-02, lr: 1.000e-03, Time: 4.88e+03
INFO:src.utils.logger:Model state saved to results\box\DV\20260309-054344_seed0_box_DV_bq_circ19_e1500_w300_8q_2l\checkpoints\2026-03-09_05-43-45-452177_box_DV_seed\model.pth
INFO:src.utils.logger:Model weights saved to results\box\DV\20260309-054344_seed0_box_DV_bq_circ19_e1500_w300_8q_2l\checkpoints\2026-03-09_05-43-45-452177_box_DV_seed\model_weights.pth
INFO:src.utils.logger:It: 320, Loss: 5.445e-01, Loss_res: 4.849e-01,  Loss_bcs: 0.000e+00, Loss_ut_ics: 2.124e-04, Loss_norm: 1.296e-03, Loss_gauge: 0.000e+00, w_pde: 1.00e+00, L^2_error: 3.867e-02, lr: 1.000e-03, Time: 4.96e+03
INFO:src.utils.logger:Model state saved to results\box\DV\20260309-054344_seed0_box_DV_bq_circ19_e1500_w300_8q_2l\checkpoints\2026-03-09_05-43-45-452177_box_DV_seed\model.pth
INFO:src.utils.logger:Model weights saved to results\box\DV\20260309-054344_seed0_box_DV_bq_circ19_e1500_w300_8q_2l\checkpoints\2026-03-09_05-43-45-452177_box_DV_seed\model_weights.pth
INFO:src.utils.logger:It: 325, Loss: 5.585e-01, Loss_res: 5.044e-01,  Loss_bcs: 0.000e+00, Loss_ut_ics: 1.946e-04, Loss_norm: 1.091e-03, Loss_gauge: 0.000e+00, w_pde: 1.00e+00, L^2_error: 3.664e-02, lr: 1.000e-03, Time: 5.04e+03
INFO:src.utils.logger:Model state saved to results\box\DV\20260309-054344_seed0_box_DV_bq_circ19_e1500_w300_8q_2l\checkpoints\2026-03-09_05-43-45-452177_box_DV_seed\model.pth
INFO:src.utils.logger:Model weights saved to results\box\DV\20260309-054344_seed0_box_DV_bq_circ19_e1500_w300_8q_2l\checkpoints\2026-03-09_05-43-45-452177_box_DV_seed\model_weights.pth
INFO:src.utils.logger:It: 330, Loss: 5.312e-01, Loss_res: 4.817e-01,  Loss_bcs: 0.000e+00, Loss_ut_ics: 1.800e-04, Loss_norm: 8.882e-04, Loss_gauge: 0.000e+00, w_pde: 1.00e+00, L^2_error: 3.483e-02, lr: 1.000e-03, Time: 5.12e+03
INFO:src.utils.logger:Model state saved to results\box\DV\20260309-054344_seed0_box_DV_bq_circ19_e1500_w300_8q_2l\checkpoints\2026-03-09_05-43-45-452177_box_DV_seed\model.pth
INFO:src.utils.logger:Model weights saved to results\box\DV\20260309-054344_seed0_box_DV_bq_circ19_e1500_w300_8q_2l\checkpoints\2026-03-09_05-43-45-452177_box_DV_seed\model_weights.pth
INFO:src.utils.logger:It: 335, Loss: 4.927e-01, Loss_res: 4.428e-01,  Loss_bcs: 0.000e+00, Loss_ut_ics: 1.830e-04, Loss_norm: 8.440e-04, Loss_gauge: 0.000e+00, w_pde: 1.00e+00, L^2_error: 3.294e-02, lr: 1.000e-03, Time: 5.20e+03
INFO:src.utils.logger:Model state saved to results\box\DV\20260309-054344_seed0_box_DV_bq_circ19_e1500_w300_8q_2l\checkpoints\2026-03-09_05-43-45-452177_box_DV_seed\model.pth
INFO:src.utils.logger:Model weights saved to results\box\DV\20260309-054344_seed0_box_DV_bq_circ19_e1500_w300_8q_2l\checkpoints\2026-03-09_05-43-45-452177_box_DV_seed\model_weights.pth
INFO:src.utils.logger:It: 340, Loss: 4.666e-01, Loss_res: 4.189e-01,  Loss_bcs: 0.000e+00, Loss_ut_ics: 1.747e-04, Loss_norm: 8.040e-04, Loss_gauge: 0.000e+00, w_pde: 1.00e+00, L^2_error: 3.167e-02, lr: 1.000e-03, Time: 5.28e+03
INFO:src.utils.logger:Model state saved to results\box\DV\20260309-054344_seed0_box_DV_bq_circ19_e1500_w300_8q_2l\checkpoints\2026-03-09_05-43-45-452177_box_DV_seed\model.pth
INFO:src.utils.logger:Model weights saved to results\box\DV\20260309-054344_seed0_box_DV_bq_circ19_e1500_w300_8q_2l\checkpoints\2026-03-09_05-43-45-452177_box_DV_seed\model_weights.pth
INFO:src.utils.logger:It: 345, Loss: 4.340e-01, Loss_res: 3.928e-01,  Loss_bcs: 0.000e+00, Loss_ut_ics: 1.510e-04, Loss_norm: 6.909e-04, Loss_gauge: 0.000e+00, w_pde: 1.00e+00, L^2_error: 3.135e-02, lr: 1.000e-03, Time: 5.36e+03
INFO:src.utils.logger:Model state saved to results\box\DV\20260309-054344_seed0_box_DV_bq_circ19_e1500_w300_8q_2l\checkpoints\2026-03-09_05-43-45-452177_box_DV_seed\model.pth
INFO:src.utils.logger:Model weights saved to results\box\DV\20260309-054344_seed0_box_DV_bq_circ19_e1500_w300_8q_2l\checkpoints\2026-03-09_05-43-45-452177_box_DV_seed\model_weights.pth
INFO:src.utils.logger:It: 350, Loss: 4.655e-01, Loss_res: 4.266e-01,  Loss_bcs: 0.000e+00, Loss_ut_ics: 1.437e-04, Loss_norm: 5.950e-04, Loss_gauge: 0.000e+00, w_pde: 1.00e+00, L^2_error: 2.919e-02, lr: 1.000e-03, Time: 5.44e+03
INFO:src.utils.logger:Model state saved to results\box\DV\20260309-054344_seed0_box_DV_bq_circ19_e1500_w300_8q_2l\checkpoints\2026-03-09_05-43-45-452177_box_DV_seed\model.pth
INFO:src.utils.logger:Model weights saved to results\box\DV\20260309-054344_seed0_box_DV_bq_circ19_e1500_w300_8q_2l\checkpoints\2026-03-09_05-43-45-452177_box_DV_seed\model_weights.pth
INFO:src.utils.logger:It: 355, Loss: 4.144e-01, Loss_res: 3.784e-01,  Loss_bcs: 0.000e+00, Loss_ut_ics: 1.329e-04, Loss_norm: 5.612e-04, Loss_gauge: 0.000e+00, w_pde: 1.00e+00, L^2_error: 2.724e-02, lr: 1.000e-03, Time: 5.52e+03
INFO:src.utils.logger:Model state saved to results\box\DV\20260309-054344_seed0_box_DV_bq_circ19_e1500_w300_8q_2l\checkpoints\2026-03-09_05-43-45-452177_box_DV_seed\model.pth
INFO:src.utils.logger:Model weights saved to results\box\DV\20260309-054344_seed0_box_DV_bq_circ19_e1500_w300_8q_2l\checkpoints\2026-03-09_05-43-45-452177_box_DV_seed\model_weights.pth
INFO:src.utils.logger:It: 360, Loss: 3.961e-01, Loss_res: 3.598e-01,  Loss_bcs: 0.000e+00, Loss_ut_ics: 1.349e-04, Loss_norm: 5.008e-04, Loss_gauge: 0.000e+00, w_pde: 1.00e+00, L^2_error: 2.534e-02, lr: 1.000e-03, Time: 5.60e+03
INFO:src.utils.logger:Model state saved to results\box\DV\20260309-054344_seed0_box_DV_bq_circ19_e1500_w300_8q_2l\checkpoints\2026-03-09_05-43-45-452177_box_DV_seed\model.pth
INFO:src.utils.logger:Model weights saved to results\box\DV\20260309-054344_seed0_box_DV_bq_circ19_e1500_w300_8q_2l\checkpoints\2026-03-09_05-43-45-452177_box_DV_seed\model_weights.pth
INFO:src.utils.logger:It: 365, Loss: 3.936e-01, Loss_res: 3.616e-01,  Loss_bcs: 0.000e+00, Loss_ut_ics: 1.189e-04, Loss_norm: 4.489e-04, Loss_gauge: 0.000e+00, w_pde: 1.00e+00, L^2_error: 2.447e-02, lr: 1.000e-03, Time: 5.67e+03
INFO:src.utils.logger:Model state saved to results\box\DV\20260309-054344_seed0_box_DV_bq_circ19_e1500_w300_8q_2l\checkpoints\2026-03-09_05-43-45-452177_box_DV_seed\model.pth
INFO:src.utils.logger:Model weights saved to results\box\DV\20260309-054344_seed0_box_DV_bq_circ19_e1500_w300_8q_2l\checkpoints\2026-03-09_05-43-45-452177_box_DV_seed\model_weights.pth
INFO:src.utils.logger:It: 370, Loss: 3.681e-01, Loss_res: 3.382e-01,  Loss_bcs: 0.000e+00, Loss_ut_ics: 1.127e-04, Loss_norm: 3.449e-04, Loss_gauge: 0.000e+00, w_pde: 1.00e+00, L^2_error: 2.418e-02, lr: 1.000e-03, Time: 5.75e+03
INFO:src.utils.logger:Model state saved to results\box\DV\20260309-054344_seed0_box_DV_bq_circ19_e1500_w300_8q_2l\checkpoints\2026-03-09_05-43-45-452177_box_DV_seed\model.pth
INFO:src.utils.logger:Model weights saved to results\box\DV\20260309-054344_seed0_box_DV_bq_circ19_e1500_w300_8q_2l\checkpoints\2026-03-09_05-43-45-452177_box_DV_seed\model_weights.pth
INFO:src.utils.logger:It: 375, Loss: 3.742e-01, Loss_res: 3.469e-01,  Loss_bcs: 0.000e+00, Loss_ut_ics: 1.029e-04, Loss_norm: 3.298e-04, Loss_gauge: 0.000e+00, w_pde: 1.00e+00, L^2_error: 2.390e-02, lr: 1.000e-03, Time: 5.83e+03
INFO:src.utils.logger:Model state saved to results\box\DV\20260309-054344_seed0_box_DV_bq_circ19_e1500_w300_8q_2l\checkpoints\2026-03-09_05-43-45-452177_box_DV_seed\model.pth
INFO:src.utils.logger:Model weights saved to results\box\DV\20260309-054344_seed0_box_DV_bq_circ19_e1500_w300_8q_2l\checkpoints\2026-03-09_05-43-45-452177_box_DV_seed\model_weights.pth
INFO:src.utils.logger:It: 380, Loss: 3.410e-01, Loss_res: 3.145e-01,  Loss_bcs: 0.000e+00, Loss_ut_ics: 9.916e-05, Loss_norm: 3.346e-04, Loss_gauge: 0.000e+00, w_pde: 1.00e+00, L^2_error: 2.305e-02, lr: 1.000e-03, Time: 5.91e+03
INFO:src.utils.logger:Model state saved to results\box\DV\20260309-054344_seed0_box_DV_bq_circ19_e1500_w300_8q_2l\checkpoints\2026-03-09_05-43-45-452177_box_DV_seed\model.pth
INFO:src.utils.logger:Model weights saved to results\box\DV\20260309-054344_seed0_box_DV_bq_circ19_e1500_w300_8q_2l\checkpoints\2026-03-09_05-43-45-452177_box_DV_seed\model_weights.pth
INFO:src.utils.logger:It: 385, Loss: 3.627e-01, Loss_res: 3.376e-01,  Loss_bcs: 0.000e+00, Loss_ut_ics: 9.380e-05, Loss_norm: 3.407e-04, Loss_gauge: 0.000e+00, w_pde: 1.00e+00, L^2_error: 2.205e-02, lr: 1.000e-03, Time: 5.99e+03
INFO:src.utils.logger:Model state saved to results\box\DV\20260309-054344_seed0_box_DV_bq_circ19_e1500_w300_8q_2l\checkpoints\2026-03-09_05-43-45-452177_box_DV_seed\model.pth
INFO:src.utils.logger:Model weights saved to results\box\DV\20260309-054344_seed0_box_DV_bq_circ19_e1500_w300_8q_2l\checkpoints\2026-03-09_05-43-45-452177_box_DV_seed\model_weights.pth
INFO:src.utils.logger:It: 390, Loss: 3.262e-01, Loss_res: 3.028e-01,  Loss_bcs: 0.000e+00, Loss_ut_ics: 8.800e-05, Loss_norm: 2.844e-04, Loss_gauge: 0.000e+00, w_pde: 1.00e+00, L^2_error: 2.203e-02, lr: 1.000e-03, Time: 6.07e+03
INFO:src.utils.logger:Model state saved to results\box\DV\20260309-054344_seed0_box_DV_bq_circ19_e1500_w300_8q_2l\checkpoints\2026-03-09_05-43-45-452177_box_DV_seed\model.pth
INFO:src.utils.logger:Model weights saved to results\box\DV\20260309-054344_seed0_box_DV_bq_circ19_e1500_w300_8q_2l\checkpoints\2026-03-09_05-43-45-452177_box_DV_seed\model_weights.pth
INFO:src.utils.logger:It: 395, Loss: 3.238e-01, Loss_res: 3.028e-01,  Loss_bcs: 0.000e+00, Loss_ut_ics: 7.886e-05, Loss_norm: 2.589e-04, Loss_gauge: 0.000e+00, w_pde: 1.00e+00, L^2_error: 2.140e-02, lr: 1.000e-03, Time: 6.14e+03
INFO:src.utils.logger:Model state saved to results\box\DV\20260309-054344_seed0_box_DV_bq_circ19_e1500_w300_8q_2l\checkpoints\2026-03-09_05-43-45-452177_box_DV_seed\model.pth
INFO:src.utils.logger:Model weights saved to results\box\DV\20260309-054344_seed0_box_DV_bq_circ19_e1500_w300_8q_2l\checkpoints\2026-03-09_05-43-45-452177_box_DV_seed\model_weights.pth
INFO:src.utils.logger:It: 400, Loss: 3.105e-01, Loss_res: 2.901e-01,  Loss_bcs: 0.000e+00, Loss_ut_ics: 7.631e-05, Loss_norm: 2.742e-04, Loss_gauge: 0.000e+00, w_pde: 1.00e+00, L^2_error: 2.098e-02, lr: 1.000e-03, Time: 6.22e+03
INFO:src.utils.logger:Model state saved to results\box\DV\20260309-054344_seed0_box_DV_bq_circ19_e1500_w300_8q_2l\checkpoints\2026-03-09_05-43-45-452177_box_DV_seed\model.pth
INFO:src.utils.logger:Model weights saved to results\box\DV\20260309-054344_seed0_box_DV_bq_circ19_e1500_w300_8q_2l\checkpoints\2026-03-09_05-43-45-452177_box_DV_seed\model_weights.pth
INFO:src.utils.logger:It: 405, Loss: 3.015e-01, Loss_res: 2.820e-01,  Loss_bcs: 0.000e+00, Loss_ut_ics: 7.342e-05, Loss_norm: 2.412e-04, Loss_gauge: 0.000e+00, w_pde: 1.00e+00, L^2_error: 2.048e-02, lr: 1.000e-03, Time: 6.30e+03
INFO:src.utils.logger:Model state saved to results\box\DV\20260309-054344_seed0_box_DV_bq_circ19_e1500_w300_8q_2l\checkpoints\2026-03-09_05-43-45-452177_box_DV_seed\model.pth
INFO:src.utils.logger:Model weights saved to results\box\DV\20260309-054344_seed0_box_DV_bq_circ19_e1500_w300_8q_2l\checkpoints\2026-03-09_05-43-45-452177_box_DV_seed\model_weights.pth
INFO:src.utils.logger:It: 410, Loss: 2.949e-01, Loss_res: 2.779e-01,  Loss_bcs: 0.000e+00, Loss_ut_ics: 6.314e-05, Loss_norm: 2.346e-04, Loss_gauge: 0.000e+00, w_pde: 1.00e+00, L^2_error: 2.053e-02, lr: 1.000e-03, Time: 6.38e+03
INFO:src.utils.logger:Model state saved to results\box\DV\20260309-054344_seed0_box_DV_bq_circ19_e1500_w300_8q_2l\checkpoints\2026-03-09_05-43-45-452177_box_DV_seed\model.pth
INFO:src.utils.logger:Model weights saved to results\box\DV\20260309-054344_seed0_box_DV_bq_circ19_e1500_w300_8q_2l\checkpoints\2026-03-09_05-43-45-452177_box_DV_seed\model_weights.pth
INFO:src.utils.logger:It: 415, Loss: 2.784e-01, Loss_res: 2.620e-01,  Loss_bcs: 0.000e+00, Loss_ut_ics: 6.164e-05, Loss_norm: 2.136e-04, Loss_gauge: 0.000e+00, w_pde: 1.00e+00, L^2_error: 1.997e-02, lr: 1.000e-03, Time: 6.46e+03
INFO:src.utils.logger:Model state saved to results\box\DV\20260309-054344_seed0_box_DV_bq_circ19_e1500_w300_8q_2l\checkpoints\2026-03-09_05-43-45-452177_box_DV_seed\model.pth
INFO:src.utils.logger:Model weights saved to results\box\DV\20260309-054344_seed0_box_DV_bq_circ19_e1500_w300_8q_2l\checkpoints\2026-03-09_05-43-45-452177_box_DV_seed\model_weights.pth
INFO:src.utils.logger:It: 420, Loss: 2.823e-01, Loss_res: 2.667e-01,  Loss_bcs: 0.000e+00, Loss_ut_ics: 5.859e-05, Loss_norm: 1.883e-04, Loss_gauge: 0.000e+00, w_pde: 1.00e+00, L^2_error: 1.985e-02, lr: 1.000e-03, Time: 6.54e+03
INFO:src.utils.logger:Model state saved to results\box\DV\20260309-054344_seed0_box_DV_bq_circ19_e1500_w300_8q_2l\checkpoints\2026-03-09_05-43-45-452177_box_DV_seed\model.pth
INFO:src.utils.logger:Model weights saved to results\box\DV\20260309-054344_seed0_box_DV_bq_circ19_e1500_w300_8q_2l\checkpoints\2026-03-09_05-43-45-452177_box_DV_seed\model_weights.pth
INFO:src.utils.logger:It: 425, Loss: 2.737e-01, Loss_res: 2.594e-01,  Loss_bcs: 0.000e+00, Loss_ut_ics: 5.319e-05, Loss_norm: 1.925e-04, Loss_gauge: 0.000e+00, w_pde: 1.00e+00, L^2_error: 1.943e-02, lr: 1.000e-03, Time: 6.62e+03
INFO:src.utils.logger:Model state saved to results\box\DV\20260309-054344_seed0_box_DV_bq_circ19_e1500_w300_8q_2l\checkpoints\2026-03-09_05-43-45-452177_box_DV_seed\model.pth
INFO:src.utils.logger:Model weights saved to results\box\DV\20260309-054344_seed0_box_DV_bq_circ19_e1500_w300_8q_2l\checkpoints\2026-03-09_05-43-45-452177_box_DV_seed\model_weights.pth
INFO:src.utils.logger:It: 430, Loss: 2.587e-01, Loss_res: 2.447e-01,  Loss_bcs: 0.000e+00, Loss_ut_ics: 5.229e-05, Loss_norm: 1.975e-04, Loss_gauge: 0.000e+00, w_pde: 1.00e+00, L^2_error: 1.895e-02, lr: 1.000e-03, Time: 6.70e+03
INFO:src.utils.logger:Model state saved to results\box\DV\20260309-054344_seed0_box_DV_bq_circ19_e1500_w300_8q_2l\checkpoints\2026-03-09_05-43-45-452177_box_DV_seed\model.pth
INFO:src.utils.logger:Model weights saved to results\box\DV\20260309-054344_seed0_box_DV_bq_circ19_e1500_w300_8q_2l\checkpoints\2026-03-09_05-43-45-452177_box_DV_seed\model_weights.pth
INFO:src.utils.logger:It: 435, Loss: 2.776e-01, Loss_res: 2.645e-01,  Loss_bcs: 0.000e+00, Loss_ut_ics: 4.894e-05, Loss_norm: 1.706e-04, Loss_gauge: 0.000e+00, w_pde: 1.00e+00, L^2_error: 1.886e-02, lr: 1.000e-03, Time: 6.78e+03
INFO:src.utils.logger:Model state saved to results\box\DV\20260309-054344_seed0_box_DV_bq_circ19_e1500_w300_8q_2l\checkpoints\2026-03-09_05-43-45-452177_box_DV_seed\model.pth
INFO:src.utils.logger:Model weights saved to results\box\DV\20260309-054344_seed0_box_DV_bq_circ19_e1500_w300_8q_2l\checkpoints\2026-03-09_05-43-45-452177_box_DV_seed\model_weights.pth
INFO:src.utils.logger:It: 440, Loss: 2.575e-01, Loss_res: 2.451e-01,  Loss_bcs: 0.000e+00, Loss_ut_ics: 4.679e-05, Loss_norm: 1.470e-04, Loss_gauge: 0.000e+00, w_pde: 1.00e+00, L^2_error: 1.851e-02, lr: 1.000e-03, Time: 6.85e+03
INFO:src.utils.logger:Model state saved to results\box\DV\20260309-054344_seed0_box_DV_bq_circ19_e1500_w300_8q_2l\checkpoints\2026-03-09_05-43-45-452177_box_DV_seed\model.pth
INFO:src.utils.logger:Model weights saved to results\box\DV\20260309-054344_seed0_box_DV_bq_circ19_e1500_w300_8q_2l\checkpoints\2026-03-09_05-43-45-452177_box_DV_seed\model_weights.pth
INFO:src.utils.logger:It: 445, Loss: 2.476e-01, Loss_res: 2.356e-01,  Loss_bcs: 0.000e+00, Loss_ut_ics: 4.483e-05, Loss_norm: 1.556e-04, Loss_gauge: 0.000e+00, w_pde: 1.00e+00, L^2_error: 1.790e-02, lr: 1.000e-03, Time: 6.93e+03
INFO:src.utils.logger:Model state saved to results\box\DV\20260309-054344_seed0_box_DV_bq_circ19_e1500_w300_8q_2l\checkpoints\2026-03-09_05-43-45-452177_box_DV_seed\model.pth
INFO:src.utils.logger:Model weights saved to results\box\DV\20260309-054344_seed0_box_DV_bq_circ19_e1500_w300_8q_2l\checkpoints\2026-03-09_05-43-45-452177_box_DV_seed\model_weights.pth
INFO:src.utils.logger:It: 450, Loss: 2.407e-01, Loss_res: 2.280e-01,  Loss_bcs: 0.000e+00, Loss_ut_ics: 4.819e-05, Loss_norm: 1.284e-04, Loss_gauge: 0.000e+00, w_pde: 1.00e+00, L^2_error: 1.731e-02, lr: 1.000e-03, Time: 7.01e+03
INFO:src.utils.logger:Model state saved to results\box\DV\20260309-054344_seed0_box_DV_bq_circ19_e1500_w300_8q_2l\checkpoints\2026-03-09_05-43-45-452177_box_DV_seed\model.pth
INFO:src.utils.logger:Model weights saved to results\box\DV\20260309-054344_seed0_box_DV_bq_circ19_e1500_w300_8q_2l\checkpoints\2026-03-09_05-43-45-452177_box_DV_seed\model_weights.pth
INFO:src.utils.logger:It: 455, Loss: 2.260e-01, Loss_res: 2.161e-01,  Loss_bcs: 0.000e+00, Loss_ut_ics: 3.711e-05, Loss_norm: 1.303e-04, Loss_gauge: 0.000e+00, w_pde: 1.00e+00, L^2_error: 1.784e-02, lr: 1.000e-03, Time: 7.09e+03
INFO:src.utils.logger:Model state saved to results\box\DV\20260309-054344_seed0_box_DV_bq_circ19_e1500_w300_8q_2l\checkpoints\2026-03-09_05-43-45-452177_box_DV_seed\model.pth
INFO:src.utils.logger:Model weights saved to results\box\DV\20260309-054344_seed0_box_DV_bq_circ19_e1500_w300_8q_2l\checkpoints\2026-03-09_05-43-45-452177_box_DV_seed\model_weights.pth
INFO:src.utils.logger:It: 460, Loss: 2.239e-01, Loss_res: 2.140e-01,  Loss_bcs: 0.000e+00, Loss_ut_ics: 3.723e-05, Loss_norm: 1.127e-04, Loss_gauge: 0.000e+00, w_pde: 1.00e+00, L^2_error: 1.773e-02, lr: 1.000e-03, Time: 7.17e+03
INFO:src.utils.logger:Model state saved to results\box\DV\20260309-054344_seed0_box_DV_bq_circ19_e1500_w300_8q_2l\checkpoints\2026-03-09_05-43-45-452177_box_DV_seed\model.pth
INFO:src.utils.logger:Model weights saved to results\box\DV\20260309-054344_seed0_box_DV_bq_circ19_e1500_w300_8q_2l\checkpoints\2026-03-09_05-43-45-452177_box_DV_seed\model_weights.pth
INFO:src.utils.logger:It: 465, Loss: 2.200e-01, Loss_res: 2.105e-01,  Loss_bcs: 0.000e+00, Loss_ut_ics: 3.548e-05, Loss_norm: 1.109e-04, Loss_gauge: 0.000e+00, w_pde: 1.00e+00, L^2_error: 1.731e-02, lr: 1.000e-03, Time: 7.25e+03
INFO:src.utils.logger:Model state saved to results\box\DV\20260309-054344_seed0_box_DV_bq_circ19_e1500_w300_8q_2l\checkpoints\2026-03-09_05-43-45-452177_box_DV_seed\model.pth
INFO:src.utils.logger:Model weights saved to results\box\DV\20260309-054344_seed0_box_DV_bq_circ19_e1500_w300_8q_2l\checkpoints\2026-03-09_05-43-45-452177_box_DV_seed\model_weights.pth
INFO:src.utils.logger:It: 470, Loss: 2.226e-01, Loss_res: 2.132e-01,  Loss_bcs: 0.000e+00, Loss_ut_ics: 3.504e-05, Loss_norm: 1.190e-04, Loss_gauge: 0.000e+00, w_pde: 1.00e+00, L^2_error: 1.757e-02, lr: 1.000e-03, Time: 7.33e+03
INFO:src.utils.logger:Model state saved to results\box\DV\20260309-054344_seed0_box_DV_bq_circ19_e1500_w300_8q_2l\checkpoints\2026-03-09_05-43-45-452177_box_DV_seed\model.pth
INFO:src.utils.logger:Model weights saved to results\box\DV\20260309-054344_seed0_box_DV_bq_circ19_e1500_w300_8q_2l\checkpoints\2026-03-09_05-43-45-452177_box_DV_seed\model_weights.pth
INFO:src.utils.logger:It: 475, Loss: 2.273e-01, Loss_res: 2.183e-01,  Loss_bcs: 0.000e+00, Loss_ut_ics: 3.391e-05, Loss_norm: 1.139e-04, Loss_gauge: 0.000e+00, w_pde: 1.00e+00, L^2_error: 1.718e-02, lr: 1.000e-03, Time: 7.40e+03
INFO:src.utils.logger:Model state saved to results\box\DV\20260309-054344_seed0_box_DV_bq_circ19_e1500_w300_8q_2l\checkpoints\2026-03-09_05-43-45-452177_box_DV_seed\model.pth
INFO:src.utils.logger:Model weights saved to results\box\DV\20260309-054344_seed0_box_DV_bq_circ19_e1500_w300_8q_2l\checkpoints\2026-03-09_05-43-45-452177_box_DV_seed\model_weights.pth
INFO:src.utils.logger:It: 480, Loss: 2.092e-01, Loss_res: 2.006e-01,  Loss_bcs: 0.000e+00, Loss_ut_ics: 3.215e-05, Loss_norm: 1.029e-04, Loss_gauge: 0.000e+00, w_pde: 1.00e+00, L^2_error: 1.643e-02, lr: 1.000e-03, Time: 7.48e+03
INFO:src.utils.logger:Model state saved to results\box\DV\20260309-054344_seed0_box_DV_bq_circ19_e1500_w300_8q_2l\checkpoints\2026-03-09_05-43-45-452177_box_DV_seed\model.pth
INFO:src.utils.logger:Model weights saved to results\box\DV\20260309-054344_seed0_box_DV_bq_circ19_e1500_w300_8q_2l\checkpoints\2026-03-09_05-43-45-452177_box_DV_seed\model_weights.pth
INFO:src.utils.logger:It: 485, Loss: 2.240e-01, Loss_res: 2.169e-01,  Loss_bcs: 0.000e+00, Loss_ut_ics: 2.650e-05, Loss_norm: 9.977e-05, Loss_gauge: 0.000e+00, w_pde: 1.00e+00, L^2_error: 1.637e-02, lr: 1.000e-03, Time: 7.56e+03
INFO:src.utils.logger:Model state saved to results\box\DV\20260309-054344_seed0_box_DV_bq_circ19_e1500_w300_8q_2l\checkpoints\2026-03-09_05-43-45-452177_box_DV_seed\model.pth
INFO:src.utils.logger:Model weights saved to results\box\DV\20260309-054344_seed0_box_DV_bq_circ19_e1500_w300_8q_2l\checkpoints\2026-03-09_05-43-45-452177_box_DV_seed\model_weights.pth
INFO:src.utils.logger:It: 490, Loss: 1.950e-01, Loss_res: 1.870e-01,  Loss_bcs: 0.000e+00, Loss_ut_ics: 3.080e-05, Loss_norm: 7.434e-05, Loss_gauge: 0.000e+00, w_pde: 1.00e+00, L^2_error: 1.547e-02, lr: 1.000e-03, Time: 7.64e+03
INFO:src.utils.logger:Model state saved to results\box\DV\20260309-054344_seed0_box_DV_bq_circ19_e1500_w300_8q_2l\checkpoints\2026-03-09_05-43-45-452177_box_DV_seed\model.pth
INFO:src.utils.logger:Model weights saved to results\box\DV\20260309-054344_seed0_box_DV_bq_circ19_e1500_w300_8q_2l\checkpoints\2026-03-09_05-43-45-452177_box_DV_seed\model_weights.pth
INFO:src.utils.logger:It: 495, Loss: 2.016e-01, Loss_res: 1.950e-01,  Loss_bcs: 0.000e+00, Loss_ut_ics: 2.486e-05, Loss_norm: 7.890e-05, Loss_gauge: 0.000e+00, w_pde: 1.00e+00, L^2_error: 1.535e-02, lr: 1.000e-03, Time: 7.72e+03
INFO:src.utils.logger:Model state saved to results\box\DV\20260309-054344_seed0_box_DV_bq_circ19_e1500_w300_8q_2l\checkpoints\2026-03-09_05-43-45-452177_box_DV_seed\model.pth
INFO:src.utils.logger:Model weights saved to results\box\DV\20260309-054344_seed0_box_DV_bq_circ19_e1500_w300_8q_2l\checkpoints\2026-03-09_05-43-45-452177_box_DV_seed\model_weights.pth
INFO:src.utils.logger:It: 500, Loss: 1.805e-01, Loss_res: 1.737e-01,  Loss_bcs: 0.000e+00, Loss_ut_ics: 2.566e-05, Loss_norm: 7.279e-05, Loss_gauge: 0.000e+00, w_pde: 1.00e+00, L^2_error: 1.555e-02, lr: 1.000e-03, Time: 7.80e+03
INFO:src.utils.logger:Model state saved to results\box\DV\20260309-054344_seed0_box_DV_bq_circ19_e1500_w300_8q_2l\checkpoints\2026-03-09_05-43-45-452177_box_DV_seed\model.pth
INFO:src.utils.logger:Model weights saved to results\box\DV\20260309-054344_seed0_box_DV_bq_circ19_e1500_w300_8q_2l\checkpoints\2026-03-09_05-43-45-452177_box_DV_seed\model_weights.pth
INFO:src.utils.logger:It: 505, Loss: 1.831e-01, Loss_res: 1.772e-01,  Loss_bcs: 0.000e+00, Loss_ut_ics: 2.255e-05, Loss_norm: 6.868e-05, Loss_gauge: 0.000e+00, w_pde: 1.00e+00, L^2_error: 1.576e-02, lr: 1.000e-03, Time: 7.87e+03
INFO:src.utils.logger:Model state saved to results\box\DV\20260309-054344_seed0_box_DV_bq_circ19_e1500_w300_8q_2l\checkpoints\2026-03-09_05-43-45-452177_box_DV_seed\model.pth
INFO:src.utils.logger:Model weights saved to results\box\DV\20260309-054344_seed0_box_DV_bq_circ19_e1500_w300_8q_2l\checkpoints\2026-03-09_05-43-45-452177_box_DV_seed\model_weights.pth
INFO:src.utils.logger:It: 510, Loss: 1.832e-01, Loss_res: 1.772e-01,  Loss_bcs: 0.000e+00, Loss_ut_ics: 2.210e-05, Loss_norm: 7.974e-05, Loss_gauge: 0.000e+00, w_pde: 1.00e+00, L^2_error: 1.550e-02, lr: 1.000e-03, Time: 7.95e+03
INFO:src.utils.logger:Model state saved to results\box\DV\20260309-054344_seed0_box_DV_bq_circ19_e1500_w300_8q_2l\checkpoints\2026-03-09_05-43-45-452177_box_DV_seed\model.pth
INFO:src.utils.logger:Model weights saved to results\box\DV\20260309-054344_seed0_box_DV_bq_circ19_e1500_w300_8q_2l\checkpoints\2026-03-09_05-43-45-452177_box_DV_seed\model_weights.pth
INFO:src.utils.logger:It: 515, Loss: 1.676e-01, Loss_res: 1.619e-01,  Loss_bcs: 0.000e+00, Loss_ut_ics: 2.111e-05, Loss_norm: 8.904e-05, Loss_gauge: 0.000e+00, w_pde: 1.00e+00, L^2_error: 1.549e-02, lr: 1.000e-03, Time: 8.03e+03
INFO:src.utils.logger:Model state saved to results\box\DV\20260309-054344_seed0_box_DV_bq_circ19_e1500_w300_8q_2l\checkpoints\2026-03-09_05-43-45-452177_box_DV_seed\model.pth
INFO:src.utils.logger:Model weights saved to results\box\DV\20260309-054344_seed0_box_DV_bq_circ19_e1500_w300_8q_2l\checkpoints\2026-03-09_05-43-45-452177_box_DV_seed\model_weights.pth
INFO:src.utils.logger:It: 520, Loss: 1.856e-01, Loss_res: 1.795e-01,  Loss_bcs: 0.000e+00, Loss_ut_ics: 2.289e-05, Loss_norm: 8.018e-05, Loss_gauge: 0.000e+00, w_pde: 1.00e+00, L^2_error: 1.512e-02, lr: 1.000e-03, Time: 8.11e+03
INFO:src.utils.logger:Model state saved to results\box\DV\20260309-054344_seed0_box_DV_bq_circ19_e1500_w300_8q_2l\checkpoints\2026-03-09_05-43-45-452177_box_DV_seed\model.pth
INFO:src.utils.logger:Model weights saved to results\box\DV\20260309-054344_seed0_box_DV_bq_circ19_e1500_w300_8q_2l\checkpoints\2026-03-09_05-43-45-452177_box_DV_seed\model_weights.pth
INFO:src.utils.logger:It: 525, Loss: 1.802e-01, Loss_res: 1.750e-01,  Loss_bcs: 0.000e+00, Loss_ut_ics: 1.942e-05, Loss_norm: 7.330e-05, Loss_gauge: 0.000e+00, w_pde: 1.00e+00, L^2_error: 1.493e-02, lr: 1.000e-03, Time: 8.18e+03
INFO:src.utils.logger:Model state saved to results\box\DV\20260309-054344_seed0_box_DV_bq_circ19_e1500_w300_8q_2l\checkpoints\2026-03-09_05-43-45-452177_box_DV_seed\model.pth
INFO:src.utils.logger:Model weights saved to results\box\DV\20260309-054344_seed0_box_DV_bq_circ19_e1500_w300_8q_2l\checkpoints\2026-03-09_05-43-45-452177_box_DV_seed\model_weights.pth
INFO:src.utils.logger:It: 530, Loss: 1.657e-01, Loss_res: 1.607e-01,  Loss_bcs: 0.000e+00, Loss_ut_ics: 1.886e-05, Loss_norm: 5.985e-05, Loss_gauge: 0.000e+00, w_pde: 1.00e+00, L^2_error: 1.470e-02, lr: 1.000e-03, Time: 8.26e+03
INFO:src.utils.logger:Model state saved to results\box\DV\20260309-054344_seed0_box_DV_bq_circ19_e1500_w300_8q_2l\checkpoints\2026-03-09_05-43-45-452177_box_DV_seed\model.pth
INFO:src.utils.logger:Model weights saved to results\box\DV\20260309-054344_seed0_box_DV_bq_circ19_e1500_w300_8q_2l\checkpoints\2026-03-09_05-43-45-452177_box_DV_seed\model_weights.pth
INFO:src.utils.logger:It: 535, Loss: 1.613e-01, Loss_res: 1.559e-01,  Loss_bcs: 0.000e+00, Loss_ut_ics: 2.015e-05, Loss_norm: 5.977e-05, Loss_gauge: 0.000e+00, w_pde: 1.00e+00, L^2_error: 1.412e-02, lr: 1.000e-03, Time: 8.34e+03
INFO:src.utils.logger:Model state saved to results\box\DV\20260309-054344_seed0_box_DV_bq_circ19_e1500_w300_8q_2l\checkpoints\2026-03-09_05-43-45-452177_box_DV_seed\model.pth
INFO:src.utils.logger:Model weights saved to results\box\DV\20260309-054344_seed0_box_DV_bq_circ19_e1500_w300_8q_2l\checkpoints\2026-03-09_05-43-45-452177_box_DV_seed\model_weights.pth
INFO:src.utils.logger:It: 540, Loss: 1.609e-01, Loss_res: 1.563e-01,  Loss_bcs: 0.000e+00, Loss_ut_ics: 1.731e-05, Loss_norm: 5.616e-05, Loss_gauge: 0.000e+00, w_pde: 1.00e+00, L^2_error: 1.431e-02, lr: 1.000e-03, Time: 8.42e+03
INFO:src.utils.logger:Model state saved to results\box\DV\20260309-054344_seed0_box_DV_bq_circ19_e1500_w300_8q_2l\checkpoints\2026-03-09_05-43-45-452177_box_DV_seed\model.pth
INFO:src.utils.logger:Model weights saved to results\box\DV\20260309-054344_seed0_box_DV_bq_circ19_e1500_w300_8q_2l\checkpoints\2026-03-09_05-43-45-452177_box_DV_seed\model_weights.pth
INFO:src.utils.logger:It: 545, Loss: 1.619e-01, Loss_res: 1.570e-01,  Loss_bcs: 0.000e+00, Loss_ut_ics: 1.873e-05, Loss_norm: 5.336e-05, Loss_gauge: 0.000e+00, w_pde: 1.00e+00, L^2_error: 1.371e-02, lr: 1.000e-03, Time: 8.50e+03
INFO:src.utils.logger:Model state saved to results\box\DV\20260309-054344_seed0_box_DV_bq_circ19_e1500_w300_8q_2l\checkpoints\2026-03-09_05-43-45-452177_box_DV_seed\model.pth
INFO:src.utils.logger:Model weights saved to results\box\DV\20260309-054344_seed0_box_DV_bq_circ19_e1500_w300_8q_2l\checkpoints\2026-03-09_05-43-45-452177_box_DV_seed\model_weights.pth
INFO:src.utils.logger:It: 550, Loss: 1.386e-01, Loss_res: 1.341e-01,  Loss_bcs: 0.000e+00, Loss_ut_ics: 1.707e-05, Loss_norm: 5.198e-05, Loss_gauge: 0.000e+00, w_pde: 1.00e+00, L^2_error: 1.356e-02, lr: 1.000e-03, Time: 8.58e+03
INFO:src.utils.logger:Model state saved to results\box\DV\20260309-054344_seed0_box_DV_bq_circ19_e1500_w300_8q_2l\checkpoints\2026-03-09_05-43-45-452177_box_DV_seed\model.pth
INFO:src.utils.logger:Model weights saved to results\box\DV\20260309-054344_seed0_box_DV_bq_circ19_e1500_w300_8q_2l\checkpoints\2026-03-09_05-43-45-452177_box_DV_seed\model_weights.pth
INFO:src.utils.logger:It: 555, Loss: 1.321e-01, Loss_res: 1.275e-01,  Loss_bcs: 0.000e+00, Loss_ut_ics: 1.763e-05, Loss_norm: 4.265e-05, Loss_gauge: 0.000e+00, w_pde: 1.00e+00, L^2_error: 1.344e-02, lr: 1.000e-03, Time: 8.65e+03
INFO:src.utils.logger:Model state saved to results\box\DV\20260309-054344_seed0_box_DV_bq_circ19_e1500_w300_8q_2l\checkpoints\2026-03-09_05-43-45-452177_box_DV_seed\model.pth
INFO:src.utils.logger:Model weights saved to results\box\DV\20260309-054344_seed0_box_DV_bq_circ19_e1500_w300_8q_2l\checkpoints\2026-03-09_05-43-45-452177_box_DV_seed\model_weights.pth
INFO:src.utils.logger:It: 560, Loss: 1.472e-01, Loss_res: 1.428e-01,  Loss_bcs: 0.000e+00, Loss_ut_ics: 1.664e-05, Loss_norm: 4.409e-05, Loss_gauge: 0.000e+00, w_pde: 1.00e+00, L^2_error: 1.342e-02, lr: 1.000e-03, Time: 8.73e+03
INFO:src.utils.logger:Model state saved to results\box\DV\20260309-054344_seed0_box_DV_bq_circ19_e1500_w300_8q_2l\checkpoints\2026-03-09_05-43-45-452177_box_DV_seed\model.pth
INFO:src.utils.logger:Model weights saved to results\box\DV\20260309-054344_seed0_box_DV_bq_circ19_e1500_w300_8q_2l\checkpoints\2026-03-09_05-43-45-452177_box_DV_seed\model_weights.pth
INFO:src.utils.logger:It: 565, Loss: 1.539e-01, Loss_res: 1.494e-01,  Loss_bcs: 0.000e+00, Loss_ut_ics: 1.694e-05, Loss_norm: 4.854e-05, Loss_gauge: 0.000e+00, w_pde: 1.00e+00, L^2_error: 1.307e-02, lr: 1.000e-03, Time: 8.81e+03
INFO:src.utils.logger:Model state saved to results\box\DV\20260309-054344_seed0_box_DV_bq_circ19_e1500_w300_8q_2l\checkpoints\2026-03-09_05-43-45-452177_box_DV_seed\model.pth
INFO:src.utils.logger:Model weights saved to results\box\DV\20260309-054344_seed0_box_DV_bq_circ19_e1500_w300_8q_2l\checkpoints\2026-03-09_05-43-45-452177_box_DV_seed\model_weights.pth
INFO:src.utils.logger:It: 570, Loss: 1.358e-01, Loss_res: 1.318e-01,  Loss_bcs: 0.000e+00, Loss_ut_ics: 1.541e-05, Loss_norm: 4.484e-05, Loss_gauge: 0.000e+00, w_pde: 1.00e+00, L^2_error: 1.282e-02, lr: 1.000e-03, Time: 8.89e+03
INFO:src.utils.logger:Model state saved to results\box\DV\20260309-054344_seed0_box_DV_bq_circ19_e1500_w300_8q_2l\checkpoints\2026-03-09_05-43-45-452177_box_DV_seed\model.pth
INFO:src.utils.logger:Model weights saved to results\box\DV\20260309-054344_seed0_box_DV_bq_circ19_e1500_w300_8q_2l\checkpoints\2026-03-09_05-43-45-452177_box_DV_seed\model_weights.pth
INFO:src.utils.logger:It: 575, Loss: 1.400e-01, Loss_res: 1.360e-01,  Loss_bcs: 0.000e+00, Loss_ut_ics: 1.531e-05, Loss_norm: 4.142e-05, Loss_gauge: 0.000e+00, w_pde: 1.00e+00, L^2_error: 1.291e-02, lr: 1.000e-03, Time: 8.97e+03
INFO:src.utils.logger:Model state saved to results\box\DV\20260309-054344_seed0_box_DV_bq_circ19_e1500_w300_8q_2l\checkpoints\2026-03-09_05-43-45-452177_box_DV_seed\model.pth
INFO:src.utils.logger:Model weights saved to results\box\DV\20260309-054344_seed0_box_DV_bq_circ19_e1500_w300_8q_2l\checkpoints\2026-03-09_05-43-45-452177_box_DV_seed\model_weights.pth
INFO:src.utils.logger:It: 580, Loss: 1.307e-01, Loss_res: 1.264e-01,  Loss_bcs: 0.000e+00, Loss_ut_ics: 1.678e-05, Loss_norm: 3.424e-05, Loss_gauge: 0.000e+00, w_pde: 1.00e+00, L^2_error: 1.286e-02, lr: 1.000e-03, Time: 9.04e+03
INFO:src.utils.logger:Model state saved to results\box\DV\20260309-054344_seed0_box_DV_bq_circ19_e1500_w300_8q_2l\checkpoints\2026-03-09_05-43-45-452177_box_DV_seed\model.pth
INFO:src.utils.logger:Model weights saved to results\box\DV\20260309-054344_seed0_box_DV_bq_circ19_e1500_w300_8q_2l\checkpoints\2026-03-09_05-43-45-452177_box_DV_seed\model_weights.pth
INFO:src.utils.logger:It: 585, Loss: 1.316e-01, Loss_res: 1.278e-01,  Loss_bcs: 0.000e+00, Loss_ut_ics: 1.414e-05, Loss_norm: 3.551e-05, Loss_gauge: 0.000e+00, w_pde: 1.00e+00, L^2_error: 1.260e-02, lr: 1.000e-03, Time: 9.12e+03
INFO:src.utils.logger:Model state saved to results\box\DV\20260309-054344_seed0_box_DV_bq_circ19_e1500_w300_8q_2l\checkpoints\2026-03-09_05-43-45-452177_box_DV_seed\model.pth
INFO:src.utils.logger:Model weights saved to results\box\DV\20260309-054344_seed0_box_DV_bq_circ19_e1500_w300_8q_2l\checkpoints\2026-03-09_05-43-45-452177_box_DV_seed\model_weights.pth
INFO:src.utils.logger:It: 590, Loss: 1.302e-01, Loss_res: 1.268e-01,  Loss_bcs: 0.000e+00, Loss_ut_ics: 1.298e-05, Loss_norm: 3.726e-05, Loss_gauge: 0.000e+00, w_pde: 1.00e+00, L^2_error: 1.241e-02, lr: 1.000e-03, Time: 9.20e+03
INFO:src.utils.logger:Model state saved to results\box\DV\20260309-054344_seed0_box_DV_bq_circ19_e1500_w300_8q_2l\checkpoints\2026-03-09_05-43-45-452177_box_DV_seed\model.pth
INFO:src.utils.logger:Model weights saved to results\box\DV\20260309-054344_seed0_box_DV_bq_circ19_e1500_w300_8q_2l\checkpoints\2026-03-09_05-43-45-452177_box_DV_seed\model_weights.pth
INFO:src.utils.logger:It: 595, Loss: 1.151e-01, Loss_res: 1.112e-01,  Loss_bcs: 0.000e+00, Loss_ut_ics: 1.515e-05, Loss_norm: 2.468e-05, Loss_gauge: 0.000e+00, w_pde: 1.00e+00, L^2_error: 1.240e-02, lr: 1.000e-03, Time: 9.28e+03
INFO:src.utils.logger:Model state saved to results\box\DV\20260309-054344_seed0_box_DV_bq_circ19_e1500_w300_8q_2l\checkpoints\2026-03-09_05-43-45-452177_box_DV_seed\model.pth
INFO:src.utils.logger:Model weights saved to results\box\DV\20260309-054344_seed0_box_DV_bq_circ19_e1500_w300_8q_2l\checkpoints\2026-03-09_05-43-45-452177_box_DV_seed\model_weights.pth
INFO:src.utils.logger:It: 600, Loss: 1.334e-01, Loss_res: 1.298e-01,  Loss_bcs: 0.000e+00, Loss_ut_ics: 1.402e-05, Loss_norm: 2.769e-05, Loss_gauge: 0.000e+00, w_pde: 1.00e+00, L^2_error: 1.211e-02, lr: 1.000e-03, Time: 9.36e+03
INFO:src.utils.logger:Model state saved to results\box\DV\20260309-054344_seed0_box_DV_bq_circ19_e1500_w300_8q_2l\checkpoints\2026-03-09_05-43-45-452177_box_DV_seed\model.pth
INFO:src.utils.logger:Model weights saved to results\box\DV\20260309-054344_seed0_box_DV_bq_circ19_e1500_w300_8q_2l\checkpoints\2026-03-09_05-43-45-452177_box_DV_seed\model_weights.pth
INFO:src.utils.logger:It: 605, Loss: 1.162e-01, Loss_res: 1.128e-01,  Loss_bcs: 0.000e+00, Loss_ut_ics: 1.298e-05, Loss_norm: 3.410e-05, Loss_gauge: 0.000e+00, w_pde: 1.00e+00, L^2_error: 1.193e-02, lr: 1.000e-03, Time: 9.43e+03
INFO:src.utils.logger:Model state saved to results\box\DV\20260309-054344_seed0_box_DV_bq_circ19_e1500_w300_8q_2l\checkpoints\2026-03-09_05-43-45-452177_box_DV_seed\model.pth
INFO:src.utils.logger:Model weights saved to results\box\DV\20260309-054344_seed0_box_DV_bq_circ19_e1500_w300_8q_2l\checkpoints\2026-03-09_05-43-45-452177_box_DV_seed\model_weights.pth
INFO:src.utils.logger:It: 610, Loss: 1.195e-01, Loss_res: 1.160e-01,  Loss_bcs: 0.000e+00, Loss_ut_ics: 1.327e-05, Loss_norm: 2.400e-05, Loss_gauge: 0.000e+00, w_pde: 1.00e+00, L^2_error: 1.175e-02, lr: 1.000e-03, Time: 9.51e+03
INFO:src.utils.logger:Model state saved to results\box\DV\20260309-054344_seed0_box_DV_bq_circ19_e1500_w300_8q_2l\checkpoints\2026-03-09_05-43-45-452177_box_DV_seed\model.pth
INFO:src.utils.logger:Model weights saved to results\box\DV\20260309-054344_seed0_box_DV_bq_circ19_e1500_w300_8q_2l\checkpoints\2026-03-09_05-43-45-452177_box_DV_seed\model_weights.pth
INFO:src.utils.logger:It: 615, Loss: 1.126e-01, Loss_res: 1.094e-01,  Loss_bcs: 0.000e+00, Loss_ut_ics: 1.234e-05, Loss_norm: 2.216e-05, Loss_gauge: 0.000e+00, w_pde: 1.00e+00, L^2_error: 1.148e-02, lr: 1.000e-03, Time: 9.59e+03
INFO:src.utils.logger:Model state saved to results\box\DV\20260309-054344_seed0_box_DV_bq_circ19_e1500_w300_8q_2l\checkpoints\2026-03-09_05-43-45-452177_box_DV_seed\model.pth
INFO:src.utils.logger:Model weights saved to results\box\DV\20260309-054344_seed0_box_DV_bq_circ19_e1500_w300_8q_2l\checkpoints\2026-03-09_05-43-45-452177_box_DV_seed\model_weights.pth
INFO:src.utils.logger:It: 620, Loss: 1.182e-01, Loss_res: 1.153e-01,  Loss_bcs: 0.000e+00, Loss_ut_ics: 1.138e-05, Loss_norm: 2.025e-05, Loss_gauge: 0.000e+00, w_pde: 1.00e+00, L^2_error: 1.145e-02, lr: 1.000e-03, Time: 9.67e+03
INFO:src.utils.logger:Model state saved to results\box\DV\20260309-054344_seed0_box_DV_bq_circ19_e1500_w300_8q_2l\checkpoints\2026-03-09_05-43-45-452177_box_DV_seed\model.pth
INFO:src.utils.logger:Model weights saved to results\box\DV\20260309-054344_seed0_box_DV_bq_circ19_e1500_w300_8q_2l\checkpoints\2026-03-09_05-43-45-452177_box_DV_seed\model_weights.pth
INFO:src.utils.logger:It: 625, Loss: 1.061e-01, Loss_res: 1.031e-01,  Loss_bcs: 0.000e+00, Loss_ut_ics: 1.145e-05, Loss_norm: 2.586e-05, Loss_gauge: 0.000e+00, w_pde: 1.00e+00, L^2_error: 1.140e-02, lr: 1.000e-03, Time: 9.75e+03
INFO:src.utils.logger:Model state saved to results\box\DV\20260309-054344_seed0_box_DV_bq_circ19_e1500_w300_8q_2l\checkpoints\2026-03-09_05-43-45-452177_box_DV_seed\model.pth
INFO:src.utils.logger:Model weights saved to results\box\DV\20260309-054344_seed0_box_DV_bq_circ19_e1500_w300_8q_2l\checkpoints\2026-03-09_05-43-45-452177_box_DV_seed\model_weights.pth
INFO:src.utils.logger:It: 630, Loss: 1.067e-01, Loss_res: 1.039e-01,  Loss_bcs: 0.000e+00, Loss_ut_ics: 1.081e-05, Loss_norm: 2.373e-05, Loss_gauge: 0.000e+00, w_pde: 1.00e+00, L^2_error: 1.135e-02, lr: 1.000e-03, Time: 9.83e+03
INFO:src.utils.logger:Model state saved to results\box\DV\20260309-054344_seed0_box_DV_bq_circ19_e1500_w300_8q_2l\checkpoints\2026-03-09_05-43-45-452177_box_DV_seed\model.pth
INFO:src.utils.logger:Model weights saved to results\box\DV\20260309-054344_seed0_box_DV_bq_circ19_e1500_w300_8q_2l\checkpoints\2026-03-09_05-43-45-452177_box_DV_seed\model_weights.pth
INFO:src.utils.logger:It: 635, Loss: 1.146e-01, Loss_res: 1.109e-01,  Loss_bcs: 0.000e+00, Loss_ut_ics: 1.425e-05, Loss_norm: 1.950e-05, Loss_gauge: 0.000e+00, w_pde: 1.00e+00, L^2_error: 1.126e-02, lr: 1.000e-03, Time: 9.91e+03
INFO:src.utils.logger:Model state saved to results\box\DV\20260309-054344_seed0_box_DV_bq_circ19_e1500_w300_8q_2l\checkpoints\2026-03-09_05-43-45-452177_box_DV_seed\model.pth
INFO:src.utils.logger:Model weights saved to results\box\DV\20260309-054344_seed0_box_DV_bq_circ19_e1500_w300_8q_2l\checkpoints\2026-03-09_05-43-45-452177_box_DV_seed\model_weights.pth
INFO:src.utils.logger:It: 640, Loss: 1.098e-01, Loss_res: 1.064e-01,  Loss_bcs: 0.000e+00, Loss_ut_ics: 1.335e-05, Loss_norm: 2.687e-05, Loss_gauge: 0.000e+00, w_pde: 1.00e+00, L^2_error: 1.137e-02, lr: 1.000e-03, Time: 9.99e+03
INFO:src.utils.logger:Model state saved to results\box\DV\20260309-054344_seed0_box_DV_bq_circ19_e1500_w300_8q_2l\checkpoints\2026-03-09_05-43-45-452177_box_DV_seed\model.pth
INFO:src.utils.logger:Model weights saved to results\box\DV\20260309-054344_seed0_box_DV_bq_circ19_e1500_w300_8q_2l\checkpoints\2026-03-09_05-43-45-452177_box_DV_seed\model_weights.pth
INFO:src.utils.logger:It: 645, Loss: 1.018e-01, Loss_res: 9.878e-02,  Loss_bcs: 0.000e+00, Loss_ut_ics: 1.167e-05, Loss_norm: 2.321e-05, Loss_gauge: 0.000e+00, w_pde: 1.00e+00, L^2_error: 1.095e-02, lr: 1.000e-03, Time: 1.01e+04
INFO:src.utils.logger:Model state saved to results\box\DV\20260309-054344_seed0_box_DV_bq_circ19_e1500_w300_8q_2l\checkpoints\2026-03-09_05-43-45-452177_box_DV_seed\model.pth
INFO:src.utils.logger:Model weights saved to results\box\DV\20260309-054344_seed0_box_DV_bq_circ19_e1500_w300_8q_2l\checkpoints\2026-03-09_05-43-45-452177_box_DV_seed\model_weights.pth
INFO:src.utils.logger:It: 650, Loss: 1.043e-01, Loss_res: 1.013e-01,  Loss_bcs: 0.000e+00, Loss_ut_ics: 1.165e-05, Loss_norm: 2.011e-05, Loss_gauge: 0.000e+00, w_pde: 1.00e+00, L^2_error: 1.059e-02, lr: 1.000e-03, Time: 1.01e+04
INFO:src.utils.logger:Model state saved to results\box\DV\20260309-054344_seed0_box_DV_bq_circ19_e1500_w300_8q_2l\checkpoints\2026-03-09_05-43-45-452177_box_DV_seed\model.pth
INFO:src.utils.logger:Model weights saved to results\box\DV\20260309-054344_seed0_box_DV_bq_circ19_e1500_w300_8q_2l\checkpoints\2026-03-09_05-43-45-452177_box_DV_seed\model_weights.pth
INFO:src.utils.logger:It: 655, Loss: 1.135e-01, Loss_res: 1.112e-01,  Loss_bcs: 0.000e+00, Loss_ut_ics: 8.720e-06, Loss_norm: 1.854e-05, Loss_gauge: 0.000e+00, w_pde: 1.00e+00, L^2_error: 1.079e-02, lr: 1.000e-03, Time: 1.02e+04
INFO:src.utils.logger:Model state saved to results\box\DV\20260309-054344_seed0_box_DV_bq_circ19_e1500_w300_8q_2l\checkpoints\2026-03-09_05-43-45-452177_box_DV_seed\model.pth
INFO:src.utils.logger:Model weights saved to results\box\DV\20260309-054344_seed0_box_DV_bq_circ19_e1500_w300_8q_2l\checkpoints\2026-03-09_05-43-45-452177_box_DV_seed\model_weights.pth
INFO:src.utils.logger:It: 660, Loss: 1.004e-01, Loss_res: 9.785e-02,  Loss_bcs: 0.000e+00, Loss_ut_ics: 9.767e-06, Loss_norm: 2.117e-05, Loss_gauge: 0.000e+00, w_pde: 1.00e+00, L^2_error: 1.051e-02, lr: 1.000e-03, Time: 1.03e+04
INFO:src.utils.logger:Model state saved to results\box\DV\20260309-054344_seed0_box_DV_bq_circ19_e1500_w300_8q_2l\checkpoints\2026-03-09_05-43-45-452177_box_DV_seed\model.pth
INFO:src.utils.logger:Model weights saved to results\box\DV\20260309-054344_seed0_box_DV_bq_circ19_e1500_w300_8q_2l\checkpoints\2026-03-09_05-43-45-452177_box_DV_seed\model_weights.pth
INFO:src.utils.logger:It: 665, Loss: 9.553e-02, Loss_res: 9.246e-02,  Loss_bcs: 0.000e+00, Loss_ut_ics: 1.192e-05, Loss_norm: 1.709e-05, Loss_gauge: 0.000e+00, w_pde: 1.00e+00, L^2_error: 1.049e-02, lr: 1.000e-03, Time: 1.04e+04
INFO:src.utils.logger:Model state saved to results\box\DV\20260309-054344_seed0_box_DV_bq_circ19_e1500_w300_8q_2l\checkpoints\2026-03-09_05-43-45-452177_box_DV_seed\model.pth
INFO:src.utils.logger:Model weights saved to results\box\DV\20260309-054344_seed0_box_DV_bq_circ19_e1500_w300_8q_2l\checkpoints\2026-03-09_05-43-45-452177_box_DV_seed\model_weights.pth
INFO:src.utils.logger:It: 670, Loss: 9.733e-02, Loss_res: 9.464e-02,  Loss_bcs: 0.000e+00, Loss_ut_ics: 1.043e-05, Loss_norm: 1.712e-05, Loss_gauge: 0.000e+00, w_pde: 1.00e+00, L^2_error: 1.060e-02, lr: 1.000e-03, Time: 1.05e+04
INFO:src.utils.logger:Model state saved to results\box\DV\20260309-054344_seed0_box_DV_bq_circ19_e1500_w300_8q_2l\checkpoints\2026-03-09_05-43-45-452177_box_DV_seed\model.pth
INFO:src.utils.logger:Model weights saved to results\box\DV\20260309-054344_seed0_box_DV_bq_circ19_e1500_w300_8q_2l\checkpoints\2026-03-09_05-43-45-452177_box_DV_seed\model_weights.pth
INFO:src.utils.logger:It: 675, Loss: 9.464e-02, Loss_res: 9.185e-02,  Loss_bcs: 0.000e+00, Loss_ut_ics: 1.084e-05, Loss_norm: 1.789e-05, Loss_gauge: 0.000e+00, w_pde: 1.00e+00, L^2_error: 1.011e-02, lr: 1.000e-03, Time: 1.05e+04
INFO:src.utils.logger:Model state saved to results\box\DV\20260309-054344_seed0_box_DV_bq_circ19_e1500_w300_8q_2l\checkpoints\2026-03-09_05-43-45-452177_box_DV_seed\model.pth
INFO:src.utils.logger:Model weights saved to results\box\DV\20260309-054344_seed0_box_DV_bq_circ19_e1500_w300_8q_2l\checkpoints\2026-03-09_05-43-45-452177_box_DV_seed\model_weights.pth
INFO:src.utils.logger:It: 680, Loss: 9.577e-02, Loss_res: 9.348e-02,  Loss_bcs: 0.000e+00, Loss_ut_ics: 8.808e-06, Loss_norm: 1.936e-05, Loss_gauge: 0.000e+00, w_pde: 1.00e+00, L^2_error: 1.047e-02, lr: 1.000e-03, Time: 1.06e+04
INFO:src.utils.logger:Model state saved to results\box\DV\20260309-054344_seed0_box_DV_bq_circ19_e1500_w300_8q_2l\checkpoints\2026-03-09_05-43-45-452177_box_DV_seed\model.pth
INFO:src.utils.logger:Model weights saved to results\box\DV\20260309-054344_seed0_box_DV_bq_circ19_e1500_w300_8q_2l\checkpoints\2026-03-09_05-43-45-452177_box_DV_seed\model_weights.pth
INFO:src.utils.logger:It: 685, Loss: 9.641e-02, Loss_res: 9.411e-02,  Loss_bcs: 0.000e+00, Loss_ut_ics: 8.809e-06, Loss_norm: 1.915e-05, Loss_gauge: 0.000e+00, w_pde: 1.00e+00, L^2_error: 1.065e-02, lr: 1.000e-03, Time: 1.07e+04
INFO:src.utils.logger:Model state saved to results\box\DV\20260309-054344_seed0_box_DV_bq_circ19_e1500_w300_8q_2l\checkpoints\2026-03-09_05-43-45-452177_box_DV_seed\model.pth
INFO:src.utils.logger:Model weights saved to results\box\DV\20260309-054344_seed0_box_DV_bq_circ19_e1500_w300_8q_2l\checkpoints\2026-03-09_05-43-45-452177_box_DV_seed\model_weights.pth
INFO:src.utils.logger:It: 690, Loss: 8.014e-02, Loss_res: 7.767e-02,  Loss_bcs: 0.000e+00, Loss_ut_ics: 9.457e-06, Loss_norm: 2.081e-05, Loss_gauge: 0.000e+00, w_pde: 1.00e+00, L^2_error: 1.032e-02, lr: 1.000e-03, Time: 1.08e+04
INFO:src.utils.logger:Model state saved to results\box\DV\20260309-054344_seed0_box_DV_bq_circ19_e1500_w300_8q_2l\checkpoints\2026-03-09_05-43-45-452177_box_DV_seed\model.pth
INFO:src.utils.logger:Model weights saved to results\box\DV\20260309-054344_seed0_box_DV_bq_circ19_e1500_w300_8q_2l\checkpoints\2026-03-09_05-43-45-452177_box_DV_seed\model_weights.pth
INFO:src.utils.logger:It: 695, Loss: 8.876e-02, Loss_res: 8.670e-02,  Loss_bcs: 0.000e+00, Loss_ut_ics: 7.787e-06, Loss_norm: 2.145e-05, Loss_gauge: 0.000e+00, w_pde: 1.00e+00, L^2_error: 1.015e-02, lr: 1.000e-03, Time: 1.09e+04
INFO:src.utils.logger:Model state saved to results\box\DV\20260309-054344_seed0_box_DV_bq_circ19_e1500_w300_8q_2l\checkpoints\2026-03-09_05-43-45-452177_box_DV_seed\model.pth
INFO:src.utils.logger:Model weights saved to results\box\DV\20260309-054344_seed0_box_DV_bq_circ19_e1500_w300_8q_2l\checkpoints\2026-03-09_05-43-45-452177_box_DV_seed\model_weights.pth
INFO:src.utils.logger:It: 700, Loss: 8.912e-02, Loss_res: 8.691e-02,  Loss_bcs: 0.000e+00, Loss_ut_ics: 8.499e-06, Loss_norm: 1.585e-05, Loss_gauge: 0.000e+00, w_pde: 1.00e+00, L^2_error: 9.914e-03, lr: 1.000e-03, Time: 1.09e+04
INFO:src.utils.logger:Model state saved to results\box\DV\20260309-054344_seed0_box_DV_bq_circ19_e1500_w300_8q_2l\checkpoints\2026-03-09_05-43-45-452177_box_DV_seed\model.pth
INFO:src.utils.logger:Model weights saved to results\box\DV\20260309-054344_seed0_box_DV_bq_circ19_e1500_w300_8q_2l\checkpoints\2026-03-09_05-43-45-452177_box_DV_seed\model_weights.pth
INFO:src.utils.logger:It: 705, Loss: 8.939e-02, Loss_res: 8.713e-02,  Loss_bcs: 0.000e+00, Loss_ut_ics: 8.791e-06, Loss_norm: 1.235e-05, Loss_gauge: 0.000e+00, w_pde: 1.00e+00, L^2_error: 9.727e-03, lr: 1.000e-03, Time: 1.10e+04
INFO:src.utils.logger:Model state saved to results\box\DV\20260309-054344_seed0_box_DV_bq_circ19_e1500_w300_8q_2l\checkpoints\2026-03-09_05-43-45-452177_box_DV_seed\model.pth
INFO:src.utils.logger:Model weights saved to results\box\DV\20260309-054344_seed0_box_DV_bq_circ19_e1500_w300_8q_2l\checkpoints\2026-03-09_05-43-45-452177_box_DV_seed\model_weights.pth
INFO:src.utils.logger:It: 710, Loss: 9.777e-02, Loss_res: 9.558e-02,  Loss_bcs: 0.000e+00, Loss_ut_ics: 8.528e-06, Loss_norm: 1.279e-05, Loss_gauge: 0.000e+00, w_pde: 1.00e+00, L^2_error: 9.295e-03, lr: 1.000e-03, Time: 1.11e+04
INFO:src.utils.logger:Model state saved to results\box\DV\20260309-054344_seed0_box_DV_bq_circ19_e1500_w300_8q_2l\checkpoints\2026-03-09_05-43-45-452177_box_DV_seed\model.pth
INFO:src.utils.logger:Model weights saved to results\box\DV\20260309-054344_seed0_box_DV_bq_circ19_e1500_w300_8q_2l\checkpoints\2026-03-09_05-43-45-452177_box_DV_seed\model_weights.pth
INFO:src.utils.logger:It: 715, Loss: 8.337e-02, Loss_res: 8.106e-02,  Loss_bcs: 0.000e+00, Loss_ut_ics: 8.976e-06, Loss_norm: 1.257e-05, Loss_gauge: 0.000e+00, w_pde: 1.00e+00, L^2_error: 9.362e-03, lr: 1.000e-03, Time: 1.12e+04
INFO:src.utils.logger:Model state saved to results\box\DV\20260309-054344_seed0_box_DV_bq_circ19_e1500_w300_8q_2l\checkpoints\2026-03-09_05-43-45-452177_box_DV_seed\model.pth
INFO:src.utils.logger:Model weights saved to results\box\DV\20260309-054344_seed0_box_DV_bq_circ19_e1500_w300_8q_2l\checkpoints\2026-03-09_05-43-45-452177_box_DV_seed\model_weights.pth
INFO:src.utils.logger:It: 720, Loss: 8.377e-02, Loss_res: 8.122e-02,  Loss_bcs: 0.000e+00, Loss_ut_ics: 9.989e-06, Loss_norm: 1.004e-05, Loss_gauge: 0.000e+00, w_pde: 1.00e+00, L^2_error: 9.302e-03, lr: 1.000e-03, Time: 1.12e+04
INFO:src.utils.logger:Model state saved to results\box\DV\20260309-054344_seed0_box_DV_bq_circ19_e1500_w300_8q_2l\checkpoints\2026-03-09_05-43-45-452177_box_DV_seed\model.pth
INFO:src.utils.logger:Model weights saved to results\box\DV\20260309-054344_seed0_box_DV_bq_circ19_e1500_w300_8q_2l\checkpoints\2026-03-09_05-43-45-452177_box_DV_seed\model_weights.pth
INFO:src.utils.logger:It: 725, Loss: 7.453e-02, Loss_res: 7.252e-02,  Loss_bcs: 0.000e+00, Loss_ut_ics: 7.833e-06, Loss_norm: 9.887e-06, Loss_gauge: 0.000e+00, w_pde: 1.00e+00, L^2_error: 9.492e-03, lr: 1.000e-03, Time: 1.13e+04
INFO:src.utils.logger:Model state saved to results\box\DV\20260309-054344_seed0_box_DV_bq_circ19_e1500_w300_8q_2l\checkpoints\2026-03-09_05-43-45-452177_box_DV_seed\model.pth
INFO:src.utils.logger:Model weights saved to results\box\DV\20260309-054344_seed0_box_DV_bq_circ19_e1500_w300_8q_2l\checkpoints\2026-03-09_05-43-45-452177_box_DV_seed\model_weights.pth
INFO:src.utils.logger:It: 730, Loss: 7.374e-02, Loss_res: 7.189e-02,  Loss_bcs: 0.000e+00, Loss_ut_ics: 7.053e-06, Loss_norm: 1.703e-05, Loss_gauge: 0.000e+00, w_pde: 1.00e+00, L^2_error: 9.639e-03, lr: 1.000e-03, Time: 1.14e+04
INFO:src.utils.logger:Model state saved to results\box\DV\20260309-054344_seed0_box_DV_bq_circ19_e1500_w300_8q_2l\checkpoints\2026-03-09_05-43-45-452177_box_DV_seed\model.pth
INFO:src.utils.logger:Model weights saved to results\box\DV\20260309-054344_seed0_box_DV_bq_circ19_e1500_w300_8q_2l\checkpoints\2026-03-09_05-43-45-452177_box_DV_seed\model_weights.pth
INFO:src.utils.logger:It: 735, Loss: 7.847e-02, Loss_res: 7.615e-02,  Loss_bcs: 0.000e+00, Loss_ut_ics: 8.891e-06, Loss_norm: 1.905e-05, Loss_gauge: 0.000e+00, w_pde: 1.00e+00, L^2_error: 9.338e-03, lr: 1.000e-03, Time: 1.15e+04
INFO:src.utils.logger:Model state saved to results\box\DV\20260309-054344_seed0_box_DV_bq_circ19_e1500_w300_8q_2l\checkpoints\2026-03-09_05-43-45-452177_box_DV_seed\model.pth
INFO:src.utils.logger:Model weights saved to results\box\DV\20260309-054344_seed0_box_DV_bq_circ19_e1500_w300_8q_2l\checkpoints\2026-03-09_05-43-45-452177_box_DV_seed\model_weights.pth
INFO:src.utils.logger:It: 740, Loss: 8.314e-02, Loss_res: 8.135e-02,  Loss_bcs: 0.000e+00, Loss_ut_ics: 6.897e-06, Loss_norm: 1.409e-05, Loss_gauge: 0.000e+00, w_pde: 1.00e+00, L^2_error: 9.330e-03, lr: 1.000e-03, Time: 1.16e+04
INFO:src.utils.logger:Model state saved to results\box\DV\20260309-054344_seed0_box_DV_bq_circ19_e1500_w300_8q_2l\checkpoints\2026-03-09_05-43-45-452177_box_DV_seed\model.pth
INFO:src.utils.logger:Model weights saved to results\box\DV\20260309-054344_seed0_box_DV_bq_circ19_e1500_w300_8q_2l\checkpoints\2026-03-09_05-43-45-452177_box_DV_seed\model_weights.pth
INFO:src.utils.logger:It: 745, Loss: 7.595e-02, Loss_res: 7.416e-02,  Loss_bcs: 0.000e+00, Loss_ut_ics: 6.853e-06, Loss_norm: 1.387e-05, Loss_gauge: 0.000e+00, w_pde: 1.00e+00, L^2_error: 9.136e-03, lr: 1.000e-03, Time: 1.16e+04
INFO:src.utils.logger:Model state saved to results\box\DV\20260309-054344_seed0_box_DV_bq_circ19_e1500_w300_8q_2l\checkpoints\2026-03-09_05-43-45-452177_box_DV_seed\model.pth
INFO:src.utils.logger:Model weights saved to results\box\DV\20260309-054344_seed0_box_DV_bq_circ19_e1500_w300_8q_2l\checkpoints\2026-03-09_05-43-45-452177_box_DV_seed\model_weights.pth
INFO:src.utils.logger:It: 750, Loss: 7.128e-02, Loss_res: 6.937e-02,  Loss_bcs: 0.000e+00, Loss_ut_ics: 7.418e-06, Loss_norm: 1.033e-05, Loss_gauge: 0.000e+00, w_pde: 1.00e+00, L^2_error: 8.932e-03, lr: 1.000e-03, Time: 1.17e+04
INFO:src.utils.logger:Model state saved to results\box\DV\20260309-054344_seed0_box_DV_bq_circ19_e1500_w300_8q_2l\checkpoints\2026-03-09_05-43-45-452177_box_DV_seed\model.pth
INFO:src.utils.logger:Model weights saved to results\box\DV\20260309-054344_seed0_box_DV_bq_circ19_e1500_w300_8q_2l\checkpoints\2026-03-09_05-43-45-452177_box_DV_seed\model_weights.pth
INFO:src.utils.logger:It: 755, Loss: 6.829e-02, Loss_res: 6.630e-02,  Loss_bcs: 0.000e+00, Loss_ut_ics: 7.766e-06, Loss_norm: 1.035e-05, Loss_gauge: 0.000e+00, w_pde: 1.00e+00, L^2_error: 8.695e-03, lr: 1.000e-03, Time: 1.18e+04
INFO:src.utils.logger:Model state saved to results\box\DV\20260309-054344_seed0_box_DV_bq_circ19_e1500_w300_8q_2l\checkpoints\2026-03-09_05-43-45-452177_box_DV_seed\model.pth
INFO:src.utils.logger:Model weights saved to results\box\DV\20260309-054344_seed0_box_DV_bq_circ19_e1500_w300_8q_2l\checkpoints\2026-03-09_05-43-45-452177_box_DV_seed\model_weights.pth
INFO:src.utils.logger:It: 760, Loss: 6.884e-02, Loss_res: 6.707e-02,  Loss_bcs: 0.000e+00, Loss_ut_ics: 6.921e-06, Loss_norm: 9.229e-06, Loss_gauge: 0.000e+00, w_pde: 1.00e+00, L^2_error: 8.625e-03, lr: 1.000e-03, Time: 1.19e+04
INFO:src.utils.logger:Model state saved to results\box\DV\20260309-054344_seed0_box_DV_bq_circ19_e1500_w300_8q_2l\checkpoints\2026-03-09_05-43-45-452177_box_DV_seed\model.pth
INFO:src.utils.logger:Model weights saved to results\box\DV\20260309-054344_seed0_box_DV_bq_circ19_e1500_w300_8q_2l\checkpoints\2026-03-09_05-43-45-452177_box_DV_seed\model_weights.pth
INFO:src.utils.logger:It: 765, Loss: 7.678e-02, Loss_res: 7.518e-02,  Loss_bcs: 0.000e+00, Loss_ut_ics: 6.218e-06, Loss_norm: 8.627e-06, Loss_gauge: 0.000e+00, w_pde: 1.00e+00, L^2_error: 8.757e-03, lr: 1.000e-03, Time: 1.19e+04
INFO:src.utils.logger:Model state saved to results\box\DV\20260309-054344_seed0_box_DV_bq_circ19_e1500_w300_8q_2l\checkpoints\2026-03-09_05-43-45-452177_box_DV_seed\model.pth
INFO:src.utils.logger:Model weights saved to results\box\DV\20260309-054344_seed0_box_DV_bq_circ19_e1500_w300_8q_2l\checkpoints\2026-03-09_05-43-45-452177_box_DV_seed\model_weights.pth
INFO:src.utils.logger:It: 770, Loss: 7.472e-02, Loss_res: 7.280e-02,  Loss_bcs: 0.000e+00, Loss_ut_ics: 7.464e-06, Loss_norm: 9.935e-06, Loss_gauge: 0.000e+00, w_pde: 1.00e+00, L^2_error: 8.532e-03, lr: 1.000e-03, Time: 1.20e+04
INFO:src.utils.logger:Model state saved to results\box\DV\20260309-054344_seed0_box_DV_bq_circ19_e1500_w300_8q_2l\checkpoints\2026-03-09_05-43-45-452177_box_DV_seed\model.pth
INFO:src.utils.logger:Model weights saved to results\box\DV\20260309-054344_seed0_box_DV_bq_circ19_e1500_w300_8q_2l\checkpoints\2026-03-09_05-43-45-452177_box_DV_seed\model_weights.pth
INFO:src.utils.logger:It: 775, Loss: 6.576e-02, Loss_res: 6.403e-02,  Loss_bcs: 0.000e+00, Loss_ut_ics: 6.707e-06, Loss_norm: 1.127e-05, Loss_gauge: 0.000e+00, w_pde: 1.00e+00, L^2_error: 8.506e-03, lr: 1.000e-03, Time: 1.21e+04
INFO:src.utils.logger:Model state saved to results\box\DV\20260309-054344_seed0_box_DV_bq_circ19_e1500_w300_8q_2l\checkpoints\2026-03-09_05-43-45-452177_box_DV_seed\model.pth
INFO:src.utils.logger:Model weights saved to results\box\DV\20260309-054344_seed0_box_DV_bq_circ19_e1500_w300_8q_2l\checkpoints\2026-03-09_05-43-45-452177_box_DV_seed\model_weights.pth
INFO:src.utils.logger:It: 780, Loss: 7.172e-02, Loss_res: 7.016e-02,  Loss_bcs: 0.000e+00, Loss_ut_ics: 6.057e-06, Loss_norm: 9.711e-06, Loss_gauge: 0.000e+00, w_pde: 1.00e+00, L^2_error: 8.557e-03, lr: 1.000e-03, Time: 1.22e+04
INFO:src.utils.logger:Model state saved to results\box\DV\20260309-054344_seed0_box_DV_bq_circ19_e1500_w300_8q_2l\checkpoints\2026-03-09_05-43-45-452177_box_DV_seed\model.pth
INFO:src.utils.logger:Model weights saved to results\box\DV\20260309-054344_seed0_box_DV_bq_circ19_e1500_w300_8q_2l\checkpoints\2026-03-09_05-43-45-452177_box_DV_seed\model_weights.pth
INFO:src.utils.logger:It: 785, Loss: 7.218e-02, Loss_res: 7.047e-02,  Loss_bcs: 0.000e+00, Loss_ut_ics: 6.633e-06, Loss_norm: 8.919e-06, Loss_gauge: 0.000e+00, w_pde: 1.00e+00, L^2_error: 8.660e-03, lr: 1.000e-03, Time: 1.23e+04
INFO:src.utils.logger:Model state saved to results\box\DV\20260309-054344_seed0_box_DV_bq_circ19_e1500_w300_8q_2l\checkpoints\2026-03-09_05-43-45-452177_box_DV_seed\model.pth
INFO:src.utils.logger:Model weights saved to results\box\DV\20260309-054344_seed0_box_DV_bq_circ19_e1500_w300_8q_2l\checkpoints\2026-03-09_05-43-45-452177_box_DV_seed\model_weights.pth
INFO:src.utils.logger:It: 790, Loss: 7.000e-02, Loss_res: 6.846e-02,  Loss_bcs: 0.000e+00, Loss_ut_ics: 5.896e-06, Loss_norm: 1.200e-05, Loss_gauge: 0.000e+00, w_pde: 1.00e+00, L^2_error: 8.519e-03, lr: 1.000e-03, Time: 1.23e+04
INFO:src.utils.logger:Model state saved to results\box\DV\20260309-054344_seed0_box_DV_bq_circ19_e1500_w300_8q_2l\checkpoints\2026-03-09_05-43-45-452177_box_DV_seed\model.pth
INFO:src.utils.logger:Model weights saved to results\box\DV\20260309-054344_seed0_box_DV_bq_circ19_e1500_w300_8q_2l\checkpoints\2026-03-09_05-43-45-452177_box_DV_seed\model_weights.pth
INFO:src.utils.logger:It: 795, Loss: 6.472e-02, Loss_res: 6.301e-02,  Loss_bcs: 0.000e+00, Loss_ut_ics: 6.596e-06, Loss_norm: 1.329e-05, Loss_gauge: 0.000e+00, w_pde: 1.00e+00, L^2_error: 8.598e-03, lr: 1.000e-03, Time: 1.24e+04
INFO:src.utils.logger:Model state saved to results\box\DV\20260309-054344_seed0_box_DV_bq_circ19_e1500_w300_8q_2l\checkpoints\2026-03-09_05-43-45-452177_box_DV_seed\model.pth
INFO:src.utils.logger:Model weights saved to results\box\DV\20260309-054344_seed0_box_DV_bq_circ19_e1500_w300_8q_2l\checkpoints\2026-03-09_05-43-45-452177_box_DV_seed\model_weights.pth
INFO:src.utils.logger:It: 800, Loss: 6.384e-02, Loss_res: 6.208e-02,  Loss_bcs: 0.000e+00, Loss_ut_ics: 6.857e-06, Loss_norm: 7.594e-06, Loss_gauge: 0.000e+00, w_pde: 1.00e+00, L^2_error: 8.381e-03, lr: 1.000e-03, Time: 1.25e+04
INFO:src.utils.logger:Model state saved to results\box\DV\20260309-054344_seed0_box_DV_bq_circ19_e1500_w300_8q_2l\checkpoints\2026-03-09_05-43-45-452177_box_DV_seed\model.pth
INFO:src.utils.logger:Model weights saved to results\box\DV\20260309-054344_seed0_box_DV_bq_circ19_e1500_w300_8q_2l\checkpoints\2026-03-09_05-43-45-452177_box_DV_seed\model_weights.pth
INFO:src.utils.logger:It: 805, Loss: 6.089e-02, Loss_res: 5.958e-02,  Loss_bcs: 0.000e+00, Loss_ut_ics: 5.014e-06, Loss_norm: 1.271e-05, Loss_gauge: 0.000e+00, w_pde: 1.00e+00, L^2_error: 8.274e-03, lr: 1.000e-03, Time: 1.26e+04
INFO:src.utils.logger:Model state saved to results\box\DV\20260309-054344_seed0_box_DV_bq_circ19_e1500_w300_8q_2l\checkpoints\2026-03-09_05-43-45-452177_box_DV_seed\model.pth
INFO:src.utils.logger:Model weights saved to results\box\DV\20260309-054344_seed0_box_DV_bq_circ19_e1500_w300_8q_2l\checkpoints\2026-03-09_05-43-45-452177_box_DV_seed\model_weights.pth
INFO:src.utils.logger:It: 810, Loss: 6.594e-02, Loss_res: 6.446e-02,  Loss_bcs: 0.000e+00, Loss_ut_ics: 5.704e-06, Loss_norm: 1.092e-05, Loss_gauge: 0.000e+00, w_pde: 1.00e+00, L^2_error: 8.177e-03, lr: 1.000e-03, Time: 1.26e+04
INFO:src.utils.logger:Model state saved to results\box\DV\20260309-054344_seed0_box_DV_bq_circ19_e1500_w300_8q_2l\checkpoints\2026-03-09_05-43-45-452177_box_DV_seed\model.pth
INFO:src.utils.logger:Model weights saved to results\box\DV\20260309-054344_seed0_box_DV_bq_circ19_e1500_w300_8q_2l\checkpoints\2026-03-09_05-43-45-452177_box_DV_seed\model_weights.pth
INFO:src.utils.logger:It: 815, Loss: 6.554e-02, Loss_res: 6.372e-02,  Loss_bcs: 0.000e+00, Loss_ut_ics: 7.078e-06, Loss_norm: 9.657e-06, Loss_gauge: 0.000e+00, w_pde: 1.00e+00, L^2_error: 8.188e-03, lr: 1.000e-03, Time: 1.27e+04
INFO:src.utils.logger:Model state saved to results\box\DV\20260309-054344_seed0_box_DV_bq_circ19_e1500_w300_8q_2l\checkpoints\2026-03-09_05-43-45-452177_box_DV_seed\model.pth
INFO:src.utils.logger:Model weights saved to results\box\DV\20260309-054344_seed0_box_DV_bq_circ19_e1500_w300_8q_2l\checkpoints\2026-03-09_05-43-45-452177_box_DV_seed\model_weights.pth
INFO:src.utils.logger:It: 820, Loss: 5.775e-02, Loss_res: 5.579e-02,  Loss_bcs: 0.000e+00, Loss_ut_ics: 7.628e-06, Loss_norm: 1.049e-05, Loss_gauge: 0.000e+00, w_pde: 1.00e+00, L^2_error: 7.836e-03, lr: 1.000e-03, Time: 1.28e+04
INFO:src.utils.logger:Model state saved to results\box\DV\20260309-054344_seed0_box_DV_bq_circ19_e1500_w300_8q_2l\checkpoints\2026-03-09_05-43-45-452177_box_DV_seed\model.pth
INFO:src.utils.logger:Model weights saved to results\box\DV\20260309-054344_seed0_box_DV_bq_circ19_e1500_w300_8q_2l\checkpoints\2026-03-09_05-43-45-452177_box_DV_seed\model_weights.pth
INFO:src.utils.logger:It: 825, Loss: 5.969e-02, Loss_res: 5.842e-02,  Loss_bcs: 0.000e+00, Loss_ut_ics: 4.860e-06, Loss_norm: 1.127e-05, Loss_gauge: 0.000e+00, w_pde: 1.00e+00, L^2_error: 7.728e-03, lr: 1.000e-03, Time: 1.29e+04
INFO:src.utils.logger:Model state saved to results\box\DV\20260309-054344_seed0_box_DV_bq_circ19_e1500_w300_8q_2l\checkpoints\2026-03-09_05-43-45-452177_box_DV_seed\model.pth
INFO:src.utils.logger:Model weights saved to results\box\DV\20260309-054344_seed0_box_DV_bq_circ19_e1500_w300_8q_2l\checkpoints\2026-03-09_05-43-45-452177_box_DV_seed\model_weights.pth
INFO:src.utils.logger:It: 830, Loss: 6.438e-02, Loss_res: 6.295e-02,  Loss_bcs: 0.000e+00, Loss_ut_ics: 5.550e-06, Loss_norm: 9.695e-06, Loss_gauge: 0.000e+00, w_pde: 1.00e+00, L^2_error: 7.765e-03, lr: 1.000e-03, Time: 1.30e+04
INFO:src.utils.logger:Model state saved to results\box\DV\20260309-054344_seed0_box_DV_bq_circ19_e1500_w300_8q_2l\checkpoints\2026-03-09_05-43-45-452177_box_DV_seed\model.pth
INFO:src.utils.logger:Model weights saved to results\box\DV\20260309-054344_seed0_box_DV_bq_circ19_e1500_w300_8q_2l\checkpoints\2026-03-09_05-43-45-452177_box_DV_seed\model_weights.pth
INFO:src.utils.logger:It: 835, Loss: 5.826e-02, Loss_res: 5.676e-02,  Loss_bcs: 0.000e+00, Loss_ut_ics: 5.883e-06, Loss_norm: 6.981e-06, Loss_gauge: 0.000e+00, w_pde: 1.00e+00, L^2_error: 7.286e-03, lr: 1.000e-03, Time: 1.30e+04
INFO:src.utils.logger:Model state saved to results\box\DV\20260309-054344_seed0_box_DV_bq_circ19_e1500_w300_8q_2l\checkpoints\2026-03-09_05-43-45-452177_box_DV_seed\model.pth
INFO:src.utils.logger:Model weights saved to results\box\DV\20260309-054344_seed0_box_DV_bq_circ19_e1500_w300_8q_2l\checkpoints\2026-03-09_05-43-45-452177_box_DV_seed\model_weights.pth
INFO:src.utils.logger:It: 840, Loss: 5.887e-02, Loss_res: 5.782e-02,  Loss_bcs: 0.000e+00, Loss_ut_ics: 4.138e-06, Loss_norm: 4.384e-06, Loss_gauge: 0.000e+00, w_pde: 1.00e+00, L^2_error: 7.194e-03, lr: 1.000e-03, Time: 1.31e+04
INFO:src.utils.logger:Model state saved to results\box\DV\20260309-054344_seed0_box_DV_bq_circ19_e1500_w300_8q_2l\checkpoints\2026-03-09_05-43-45-452177_box_DV_seed\model.pth
INFO:src.utils.logger:Model weights saved to results\box\DV\20260309-054344_seed0_box_DV_bq_circ19_e1500_w300_8q_2l\checkpoints\2026-03-09_05-43-45-452177_box_DV_seed\model_weights.pth
INFO:src.utils.logger:It: 845, Loss: 5.995e-02, Loss_res: 5.893e-02,  Loss_bcs: 0.000e+00, Loss_ut_ics: 4.006e-06, Loss_norm: 4.298e-06, Loss_gauge: 0.000e+00, w_pde: 1.00e+00, L^2_error: 7.328e-03, lr: 1.000e-03, Time: 1.32e+04
INFO:src.utils.logger:Model state saved to results\box\DV\20260309-054344_seed0_box_DV_bq_circ19_e1500_w300_8q_2l\checkpoints\2026-03-09_05-43-45-452177_box_DV_seed\model.pth
INFO:src.utils.logger:Model weights saved to results\box\DV\20260309-054344_seed0_box_DV_bq_circ19_e1500_w300_8q_2l\checkpoints\2026-03-09_05-43-45-452177_box_DV_seed\model_weights.pth
INFO:src.utils.logger:It: 850, Loss: 5.336e-02, Loss_res: 5.162e-02,  Loss_bcs: 0.000e+00, Loss_ut_ics: 6.872e-06, Loss_norm: 4.022e-06, Loss_gauge: 0.000e+00, w_pde: 1.00e+00, L^2_error: 7.355e-03, lr: 1.000e-03, Time: 1.33e+04
INFO:src.utils.logger:Model state saved to results\box\DV\20260309-054344_seed0_box_DV_bq_circ19_e1500_w300_8q_2l\checkpoints\2026-03-09_05-43-45-452177_box_DV_seed\model.pth
INFO:src.utils.logger:Model weights saved to results\box\DV\20260309-054344_seed0_box_DV_bq_circ19_e1500_w300_8q_2l\checkpoints\2026-03-09_05-43-45-452177_box_DV_seed\model_weights.pth
INFO:src.utils.logger:It: 855, Loss: 5.585e-02, Loss_res: 5.407e-02,  Loss_bcs: 0.000e+00, Loss_ut_ics: 6.955e-06, Loss_norm: 7.759e-06, Loss_gauge: 0.000e+00, w_pde: 1.00e+00, L^2_error: 6.912e-03, lr: 1.000e-03, Time: 1.33e+04
INFO:src.utils.logger:Model state saved to results\box\DV\20260309-054344_seed0_box_DV_bq_circ19_e1500_w300_8q_2l\checkpoints\2026-03-09_05-43-45-452177_box_DV_seed\model.pth
INFO:src.utils.logger:Model weights saved to results\box\DV\20260309-054344_seed0_box_DV_bq_circ19_e1500_w300_8q_2l\checkpoints\2026-03-09_05-43-45-452177_box_DV_seed\model_weights.pth
INFO:src.utils.logger:It: 860, Loss: 5.174e-02, Loss_res: 5.086e-02,  Loss_bcs: 0.000e+00, Loss_ut_ics: 3.383e-06, Loss_norm: 6.543e-06, Loss_gauge: 0.000e+00, w_pde: 1.00e+00, L^2_error: 7.227e-03, lr: 1.000e-03, Time: 1.34e+04
INFO:src.utils.logger:Model state saved to results\box\DV\20260309-054344_seed0_box_DV_bq_circ19_e1500_w300_8q_2l\checkpoints\2026-03-09_05-43-45-452177_box_DV_seed\model.pth
INFO:src.utils.logger:Model weights saved to results\box\DV\20260309-054344_seed0_box_DV_bq_circ19_e1500_w300_8q_2l\checkpoints\2026-03-09_05-43-45-452177_box_DV_seed\model_weights.pth
INFO:src.utils.logger:It: 865, Loss: 5.777e-02, Loss_res: 5.656e-02,  Loss_bcs: 0.000e+00, Loss_ut_ics: 4.767e-06, Loss_norm: 3.577e-06, Loss_gauge: 0.000e+00, w_pde: 1.00e+00, L^2_error: 6.957e-03, lr: 1.000e-03, Time: 1.35e+04
INFO:src.utils.logger:Model state saved to results\box\DV\20260309-054344_seed0_box_DV_bq_circ19_e1500_w300_8q_2l\checkpoints\2026-03-09_05-43-45-452177_box_DV_seed\model.pth
INFO:src.utils.logger:Model weights saved to results\box\DV\20260309-054344_seed0_box_DV_bq_circ19_e1500_w300_8q_2l\checkpoints\2026-03-09_05-43-45-452177_box_DV_seed\model_weights.pth
INFO:src.utils.logger:It: 870, Loss: 5.834e-02, Loss_res: 5.701e-02,  Loss_bcs: 0.000e+00, Loss_ut_ics: 5.158e-06, Loss_norm: 6.650e-06, Loss_gauge: 0.000e+00, w_pde: 1.00e+00, L^2_error: 6.614e-03, lr: 1.000e-03, Time: 1.36e+04
INFO:src.utils.logger:Model state saved to results\box\DV\20260309-054344_seed0_box_DV_bq_circ19_e1500_w300_8q_2l\checkpoints\2026-03-09_05-43-45-452177_box_DV_seed\model.pth
INFO:src.utils.logger:Model weights saved to results\box\DV\20260309-054344_seed0_box_DV_bq_circ19_e1500_w300_8q_2l\checkpoints\2026-03-09_05-43-45-452177_box_DV_seed\model_weights.pth
INFO:src.utils.logger:It: 875, Loss: 5.628e-02, Loss_res: 5.545e-02,  Loss_bcs: 0.000e+00, Loss_ut_ics: 3.286e-06, Loss_norm: 1.423e-06, Loss_gauge: 0.000e+00, w_pde: 1.00e+00, L^2_error: 6.913e-03, lr: 1.000e-03, Time: 1.37e+04
INFO:src.utils.logger:Model state saved to results\box\DV\20260309-054344_seed0_box_DV_bq_circ19_e1500_w300_8q_2l\checkpoints\2026-03-09_05-43-45-452177_box_DV_seed\model.pth
INFO:src.utils.logger:Model weights saved to results\box\DV\20260309-054344_seed0_box_DV_bq_circ19_e1500_w300_8q_2l\checkpoints\2026-03-09_05-43-45-452177_box_DV_seed\model_weights.pth
INFO:src.utils.logger:It: 880, Loss: 5.369e-02, Loss_res: 5.252e-02,  Loss_bcs: 0.000e+00, Loss_ut_ics: 4.548e-06, Loss_norm: 7.070e-06, Loss_gauge: 0.000e+00, w_pde: 1.00e+00, L^2_error: 6.729e-03, lr: 1.000e-03, Time: 1.37e+04
INFO:src.utils.logger:Model state saved to results\box\DV\20260309-054344_seed0_box_DV_bq_circ19_e1500_w300_8q_2l\checkpoints\2026-03-09_05-43-45-452177_box_DV_seed\model.pth
INFO:src.utils.logger:Model weights saved to results\box\DV\20260309-054344_seed0_box_DV_bq_circ19_e1500_w300_8q_2l\checkpoints\2026-03-09_05-43-45-452177_box_DV_seed\model_weights.pth
INFO:src.utils.logger:It: 885, Loss: 5.655e-02, Loss_res: 5.516e-02,  Loss_bcs: 0.000e+00, Loss_ut_ics: 5.497e-06, Loss_norm: 3.590e-06, Loss_gauge: 0.000e+00, w_pde: 1.00e+00, L^2_error: 6.974e-03, lr: 1.000e-03, Time: 1.38e+04
INFO:src.utils.logger:Model state saved to results\box\DV\20260309-054344_seed0_box_DV_bq_circ19_e1500_w300_8q_2l\checkpoints\2026-03-09_05-43-45-452177_box_DV_seed\model.pth
INFO:src.utils.logger:Model weights saved to results\box\DV\20260309-054344_seed0_box_DV_bq_circ19_e1500_w300_8q_2l\checkpoints\2026-03-09_05-43-45-452177_box_DV_seed\model_weights.pth
INFO:src.utils.logger:It: 890, Loss: 4.844e-02, Loss_res: 4.743e-02,  Loss_bcs: 0.000e+00, Loss_ut_ics: 3.821e-06, Loss_norm: 1.052e-05, Loss_gauge: 0.000e+00, w_pde: 1.00e+00, L^2_error: 6.858e-03, lr: 1.000e-03, Time: 1.39e+04
INFO:src.utils.logger:Model state saved to results\box\DV\20260309-054344_seed0_box_DV_bq_circ19_e1500_w300_8q_2l\checkpoints\2026-03-09_05-43-45-452177_box_DV_seed\model.pth
INFO:src.utils.logger:Model weights saved to results\box\DV\20260309-054344_seed0_box_DV_bq_circ19_e1500_w300_8q_2l\checkpoints\2026-03-09_05-43-45-452177_box_DV_seed\model_weights.pth
INFO:src.utils.logger:It: 895, Loss: 5.183e-02, Loss_res: 5.074e-02,  Loss_bcs: 0.000e+00, Loss_ut_ics: 4.314e-06, Loss_norm: 3.029e-06, Loss_gauge: 0.000e+00, w_pde: 1.00e+00, L^2_error: 6.894e-03, lr: 1.000e-03, Time: 1.40e+04
INFO:src.utils.logger:Model state saved to results\box\DV\20260309-054344_seed0_box_DV_bq_circ19_e1500_w300_8q_2l\checkpoints\2026-03-09_05-43-45-452177_box_DV_seed\model.pth
INFO:src.utils.logger:Model weights saved to results\box\DV\20260309-054344_seed0_box_DV_bq_circ19_e1500_w300_8q_2l\checkpoints\2026-03-09_05-43-45-452177_box_DV_seed\model_weights.pth
INFO:src.utils.logger:It: 900, Loss: 4.766e-02, Loss_res: 4.678e-02,  Loss_bcs: 0.000e+00, Loss_ut_ics: 3.455e-06, Loss_norm: 3.729e-06, Loss_gauge: 0.000e+00, w_pde: 1.00e+00, L^2_error: 6.606e-03, lr: 1.000e-03, Time: 1.41e+04
INFO:src.utils.logger:Model state saved to results\box\DV\20260309-054344_seed0_box_DV_bq_circ19_e1500_w300_8q_2l\checkpoints\2026-03-09_05-43-45-452177_box_DV_seed\model.pth
INFO:src.utils.logger:Model weights saved to results\box\DV\20260309-054344_seed0_box_DV_bq_circ19_e1500_w300_8q_2l\checkpoints\2026-03-09_05-43-45-452177_box_DV_seed\model_weights.pth
INFO:src.utils.logger:It: 905, Loss: 4.660e-02, Loss_res: 4.562e-02,  Loss_bcs: 0.000e+00, Loss_ut_ics: 3.824e-06, Loss_norm: 4.790e-06, Loss_gauge: 0.000e+00, w_pde: 1.00e+00, L^2_error: 6.653e-03, lr: 1.000e-03, Time: 1.42e+04
INFO:src.utils.logger:Model state saved to results\box\DV\20260309-054344_seed0_box_DV_bq_circ19_e1500_w300_8q_2l\checkpoints\2026-03-09_05-43-45-452177_box_DV_seed\model.pth
INFO:src.utils.logger:Model weights saved to results\box\DV\20260309-054344_seed0_box_DV_bq_circ19_e1500_w300_8q_2l\checkpoints\2026-03-09_05-43-45-452177_box_DV_seed\model_weights.pth
INFO:src.utils.logger:It: 910, Loss: 4.893e-02, Loss_res: 4.801e-02,  Loss_bcs: 0.000e+00, Loss_ut_ics: 3.608e-06, Loss_norm: 4.347e-06, Loss_gauge: 0.000e+00, w_pde: 1.00e+00, L^2_error: 6.868e-03, lr: 1.000e-03, Time: 1.42e+04
INFO:src.utils.logger:Model state saved to results\box\DV\20260309-054344_seed0_box_DV_bq_circ19_e1500_w300_8q_2l\checkpoints\2026-03-09_05-43-45-452177_box_DV_seed\model.pth
INFO:src.utils.logger:Model weights saved to results\box\DV\20260309-054344_seed0_box_DV_bq_circ19_e1500_w300_8q_2l\checkpoints\2026-03-09_05-43-45-452177_box_DV_seed\model_weights.pth
INFO:src.utils.logger:It: 915, Loss: 5.154e-02, Loss_res: 5.047e-02,  Loss_bcs: 0.000e+00, Loss_ut_ics: 4.109e-06, Loss_norm: 7.055e-06, Loss_gauge: 0.000e+00, w_pde: 1.00e+00, L^2_error: 6.513e-03, lr: 1.000e-03, Time: 1.43e+04
INFO:src.utils.logger:Model state saved to results\box\DV\20260309-054344_seed0_box_DV_bq_circ19_e1500_w300_8q_2l\checkpoints\2026-03-09_05-43-45-452177_box_DV_seed\model.pth
INFO:src.utils.logger:Model weights saved to results\box\DV\20260309-054344_seed0_box_DV_bq_circ19_e1500_w300_8q_2l\checkpoints\2026-03-09_05-43-45-452177_box_DV_seed\model_weights.pth
INFO:src.utils.logger:It: 920, Loss: 4.846e-02, Loss_res: 4.741e-02,  Loss_bcs: 0.000e+00, Loss_ut_ics: 4.062e-06, Loss_norm: 7.442e-06, Loss_gauge: 0.000e+00, w_pde: 1.00e+00, L^2_error: 6.515e-03, lr: 1.000e-03, Time: 1.44e+04
INFO:src.utils.logger:Model state saved to results\box\DV\20260309-054344_seed0_box_DV_bq_circ19_e1500_w300_8q_2l\checkpoints\2026-03-09_05-43-45-452177_box_DV_seed\model.pth
INFO:src.utils.logger:Model weights saved to results\box\DV\20260309-054344_seed0_box_DV_bq_circ19_e1500_w300_8q_2l\checkpoints\2026-03-09_05-43-45-452177_box_DV_seed\model_weights.pth
INFO:src.utils.logger:It: 925, Loss: 4.507e-02, Loss_res: 4.423e-02,  Loss_bcs: 0.000e+00, Loss_ut_ics: 3.283e-06, Loss_norm: 3.845e-06, Loss_gauge: 0.000e+00, w_pde: 1.00e+00, L^2_error: 6.408e-03, lr: 1.000e-03, Time: 1.45e+04
INFO:src.utils.logger:Model state saved to results\box\DV\20260309-054344_seed0_box_DV_bq_circ19_e1500_w300_8q_2l\checkpoints\2026-03-09_05-43-45-452177_box_DV_seed\model.pth
INFO:src.utils.logger:Model weights saved to results\box\DV\20260309-054344_seed0_box_DV_bq_circ19_e1500_w300_8q_2l\checkpoints\2026-03-09_05-43-45-452177_box_DV_seed\model_weights.pth
INFO:src.utils.logger:It: 930, Loss: 4.782e-02, Loss_res: 4.707e-02,  Loss_bcs: 0.000e+00, Loss_ut_ics: 2.920e-06, Loss_norm: 4.693e-06, Loss_gauge: 0.000e+00, w_pde: 1.00e+00, L^2_error: 6.151e-03, lr: 1.000e-03, Time: 1.46e+04
INFO:src.utils.logger:Model state saved to results\box\DV\20260309-054344_seed0_box_DV_bq_circ19_e1500_w300_8q_2l\checkpoints\2026-03-09_05-43-45-452177_box_DV_seed\model.pth
INFO:src.utils.logger:Model weights saved to results\box\DV\20260309-054344_seed0_box_DV_bq_circ19_e1500_w300_8q_2l\checkpoints\2026-03-09_05-43-45-452177_box_DV_seed\model_weights.pth
INFO:src.utils.logger:It: 935, Loss: 4.428e-02, Loss_res: 4.324e-02,  Loss_bcs: 0.000e+00, Loss_ut_ics: 4.057e-06, Loss_norm: 5.157e-06, Loss_gauge: 0.000e+00, w_pde: 1.00e+00, L^2_error: 6.293e-03, lr: 1.000e-03, Time: 1.46e+04
INFO:src.utils.logger:Model state saved to results\box\DV\20260309-054344_seed0_box_DV_bq_circ19_e1500_w300_8q_2l\checkpoints\2026-03-09_05-43-45-452177_box_DV_seed\model.pth
INFO:src.utils.logger:Model weights saved to results\box\DV\20260309-054344_seed0_box_DV_bq_circ19_e1500_w300_8q_2l\checkpoints\2026-03-09_05-43-45-452177_box_DV_seed\model_weights.pth
INFO:src.utils.logger:It: 940, Loss: 4.463e-02, Loss_res: 4.369e-02,  Loss_bcs: 0.000e+00, Loss_ut_ics: 3.633e-06, Loss_norm: 5.744e-06, Loss_gauge: 0.000e+00, w_pde: 1.00e+00, L^2_error: 6.294e-03, lr: 1.000e-03, Time: 1.47e+04
INFO:src.utils.logger:Model state saved to results\box\DV\20260309-054344_seed0_box_DV_bq_circ19_e1500_w300_8q_2l\checkpoints\2026-03-09_05-43-45-452177_box_DV_seed\model.pth
INFO:src.utils.logger:Model weights saved to results\box\DV\20260309-054344_seed0_box_DV_bq_circ19_e1500_w300_8q_2l\checkpoints\2026-03-09_05-43-45-452177_box_DV_seed\model_weights.pth
INFO:src.utils.logger:It: 945, Loss: 4.272e-02, Loss_res: 4.176e-02,  Loss_bcs: 0.000e+00, Loss_ut_ics: 3.779e-06, Loss_norm: 3.083e-06, Loss_gauge: 0.000e+00, w_pde: 1.00e+00, L^2_error: 5.962e-03, lr: 1.000e-03, Time: 1.48e+04
INFO:src.utils.logger:Model state saved to results\box\DV\20260309-054344_seed0_box_DV_bq_circ19_e1500_w300_8q_2l\checkpoints\2026-03-09_05-43-45-452177_box_DV_seed\model.pth
INFO:src.utils.logger:Model weights saved to results\box\DV\20260309-054344_seed0_box_DV_bq_circ19_e1500_w300_8q_2l\checkpoints\2026-03-09_05-43-45-452177_box_DV_seed\model_weights.pth
INFO:src.utils.logger:It: 950, Loss: 4.075e-02, Loss_res: 3.998e-02,  Loss_bcs: 0.000e+00, Loss_ut_ics: 3.022e-06, Loss_norm: 2.188e-06, Loss_gauge: 0.000e+00, w_pde: 1.00e+00, L^2_error: 5.790e-03, lr: 1.000e-03, Time: 1.49e+04
INFO:src.utils.logger:Model state saved to results\box\DV\20260309-054344_seed0_box_DV_bq_circ19_e1500_w300_8q_2l\checkpoints\2026-03-09_05-43-45-452177_box_DV_seed\model.pth
INFO:src.utils.logger:Model weights saved to results\box\DV\20260309-054344_seed0_box_DV_bq_circ19_e1500_w300_8q_2l\checkpoints\2026-03-09_05-43-45-452177_box_DV_seed\model_weights.pth
INFO:src.utils.logger:It: 955, Loss: 4.215e-02, Loss_res: 4.139e-02,  Loss_bcs: 0.000e+00, Loss_ut_ics: 2.977e-06, Loss_norm: 3.033e-06, Loss_gauge: 0.000e+00, w_pde: 1.00e+00, L^2_error: 5.925e-03, lr: 1.000e-03, Time: 1.49e+04
INFO:src.utils.logger:Model state saved to results\box\DV\20260309-054344_seed0_box_DV_bq_circ19_e1500_w300_8q_2l\checkpoints\2026-03-09_05-43-45-452177_box_DV_seed\model.pth
INFO:src.utils.logger:Model weights saved to results\box\DV\20260309-054344_seed0_box_DV_bq_circ19_e1500_w300_8q_2l\checkpoints\2026-03-09_05-43-45-452177_box_DV_seed\model_weights.pth
INFO:src.utils.logger:It: 960, Loss: 4.509e-02, Loss_res: 4.402e-02,  Loss_bcs: 0.000e+00, Loss_ut_ics: 4.212e-06, Loss_norm: 2.906e-06, Loss_gauge: 0.000e+00, w_pde: 1.00e+00, L^2_error: 5.754e-03, lr: 1.000e-03, Time: 1.50e+04
INFO:src.utils.logger:Model state saved to results\box\DV\20260309-054344_seed0_box_DV_bq_circ19_e1500_w300_8q_2l\checkpoints\2026-03-09_05-43-45-452177_box_DV_seed\model.pth
INFO:src.utils.logger:Model weights saved to results\box\DV\20260309-054344_seed0_box_DV_bq_circ19_e1500_w300_8q_2l\checkpoints\2026-03-09_05-43-45-452177_box_DV_seed\model_weights.pth
INFO:src.utils.logger:It: 965, Loss: 4.109e-02, Loss_res: 4.033e-02,  Loss_bcs: 0.000e+00, Loss_ut_ics: 2.951e-06, Loss_norm: 3.347e-06, Loss_gauge: 0.000e+00, w_pde: 1.00e+00, L^2_error: 5.582e-03, lr: 1.000e-03, Time: 1.51e+04
INFO:src.utils.logger:Model state saved to results\box\DV\20260309-054344_seed0_box_DV_bq_circ19_e1500_w300_8q_2l\checkpoints\2026-03-09_05-43-45-452177_box_DV_seed\model.pth
INFO:src.utils.logger:Model weights saved to results\box\DV\20260309-054344_seed0_box_DV_bq_circ19_e1500_w300_8q_2l\checkpoints\2026-03-09_05-43-45-452177_box_DV_seed\model_weights.pth
INFO:src.utils.logger:It: 970, Loss: 4.039e-02, Loss_res: 3.970e-02,  Loss_bcs: 0.000e+00, Loss_ut_ics: 2.675e-06, Loss_norm: 3.865e-06, Loss_gauge: 0.000e+00, w_pde: 1.00e+00, L^2_error: 5.566e-03, lr: 1.000e-03, Time: 1.52e+04
INFO:src.utils.logger:Model state saved to results\box\DV\20260309-054344_seed0_box_DV_bq_circ19_e1500_w300_8q_2l\checkpoints\2026-03-09_05-43-45-452177_box_DV_seed\model.pth
INFO:src.utils.logger:Model weights saved to results\box\DV\20260309-054344_seed0_box_DV_bq_circ19_e1500_w300_8q_2l\checkpoints\2026-03-09_05-43-45-452177_box_DV_seed\model_weights.pth
INFO:src.utils.logger:It: 975, Loss: 4.221e-02, Loss_res: 4.147e-02,  Loss_bcs: 0.000e+00, Loss_ut_ics: 2.909e-06, Loss_norm: 3.148e-06, Loss_gauge: 0.000e+00, w_pde: 1.00e+00, L^2_error: 5.847e-03, lr: 1.000e-03, Time: 1.53e+04
INFO:src.utils.logger:Model state saved to results\box\DV\20260309-054344_seed0_box_DV_bq_circ19_e1500_w300_8q_2l\checkpoints\2026-03-09_05-43-45-452177_box_DV_seed\model.pth
INFO:src.utils.logger:Model weights saved to results\box\DV\20260309-054344_seed0_box_DV_bq_circ19_e1500_w300_8q_2l\checkpoints\2026-03-09_05-43-45-452177_box_DV_seed\model_weights.pth
INFO:src.utils.logger:It: 980, Loss: 4.513e-02, Loss_res: 4.439e-02,  Loss_bcs: 0.000e+00, Loss_ut_ics: 2.893e-06, Loss_norm: 3.375e-06, Loss_gauge: 0.000e+00, w_pde: 1.00e+00, L^2_error: 5.616e-03, lr: 1.000e-03, Time: 1.53e+04
INFO:src.utils.logger:Model state saved to results\box\DV\20260309-054344_seed0_box_DV_bq_circ19_e1500_w300_8q_2l\checkpoints\2026-03-09_05-43-45-452177_box_DV_seed\model.pth
INFO:src.utils.logger:Model weights saved to results\box\DV\20260309-054344_seed0_box_DV_bq_circ19_e1500_w300_8q_2l\checkpoints\2026-03-09_05-43-45-452177_box_DV_seed\model_weights.pth
INFO:src.utils.logger:It: 985, Loss: 3.853e-02, Loss_res: 3.791e-02,  Loss_bcs: 0.000e+00, Loss_ut_ics: 2.452e-06, Loss_norm: 2.611e-06, Loss_gauge: 0.000e+00, w_pde: 1.00e+00, L^2_error: 5.902e-03, lr: 1.000e-03, Time: 1.54e+04
INFO:src.utils.logger:Model state saved to results\box\DV\20260309-054344_seed0_box_DV_bq_circ19_e1500_w300_8q_2l\checkpoints\2026-03-09_05-43-45-452177_box_DV_seed\model.pth
INFO:src.utils.logger:Model weights saved to results\box\DV\20260309-054344_seed0_box_DV_bq_circ19_e1500_w300_8q_2l\checkpoints\2026-03-09_05-43-45-452177_box_DV_seed\model_weights.pth
INFO:src.utils.logger:It: 990, Loss: 3.832e-02, Loss_res: 3.751e-02,  Loss_bcs: 0.000e+00, Loss_ut_ics: 3.125e-06, Loss_norm: 6.164e-06, Loss_gauge: 0.000e+00, w_pde: 1.00e+00, L^2_error: 5.649e-03, lr: 1.000e-03, Time: 1.55e+04
INFO:src.utils.logger:Model state saved to results\box\DV\20260309-054344_seed0_box_DV_bq_circ19_e1500_w300_8q_2l\checkpoints\2026-03-09_05-43-45-452177_box_DV_seed\model.pth
INFO:src.utils.logger:Model weights saved to results\box\DV\20260309-054344_seed0_box_DV_bq_circ19_e1500_w300_8q_2l\checkpoints\2026-03-09_05-43-45-452177_box_DV_seed\model_weights.pth
INFO:src.utils.logger:It: 995, Loss: 3.967e-02, Loss_res: 3.900e-02,  Loss_bcs: 0.000e+00, Loss_ut_ics: 2.622e-06, Loss_norm: 3.662e-06, Loss_gauge: 0.000e+00, w_pde: 1.00e+00, L^2_error: 5.618e-03, lr: 1.000e-03, Time: 1.56e+04
INFO:src.utils.logger:Model state saved to results\box\DV\20260309-054344_seed0_box_DV_bq_circ19_e1500_w300_8q_2l\checkpoints\2026-03-09_05-43-45-452177_box_DV_seed\model.pth
INFO:src.utils.logger:Model weights saved to results\box\DV\20260309-054344_seed0_box_DV_bq_circ19_e1500_w300_8q_2l\checkpoints\2026-03-09_05-43-45-452177_box_DV_seed\model_weights.pth
INFO:src.utils.logger:It: 1000, Loss: 3.888e-02, Loss_res: 3.836e-02,  Loss_bcs: 0.000e+00, Loss_ut_ics: 1.976e-06, Loss_norm: 4.483e-06, Loss_gauge: 0.000e+00, w_pde: 1.00e+00, L^2_error: 5.726e-03, lr: 1.000e-03, Time: 1.57e+04
INFO:src.utils.logger:Model state saved to results\box\DV\20260309-054344_seed0_box_DV_bq_circ19_e1500_w300_8q_2l\checkpoints\2026-03-09_05-43-45-452177_box_DV_seed\model.pth
INFO:src.utils.logger:Model weights saved to results\box\DV\20260309-054344_seed0_box_DV_bq_circ19_e1500_w300_8q_2l\checkpoints\2026-03-09_05-43-45-452177_box_DV_seed\model_weights.pth
INFO:src.utils.logger:It: 1005, Loss: 3.681e-02, Loss_res: 3.602e-02,  Loss_bcs: 0.000e+00, Loss_ut_ics: 3.090e-06, Loss_norm: 4.296e-06, Loss_gauge: 0.000e+00, w_pde: 1.00e+00, L^2_error: 5.756e-03, lr: 1.000e-03, Time: 1.57e+04
INFO:src.utils.logger:Model state saved to results\box\DV\20260309-054344_seed0_box_DV_bq_circ19_e1500_w300_8q_2l\checkpoints\2026-03-09_05-43-45-452177_box_DV_seed\model.pth
INFO:src.utils.logger:Model weights saved to results\box\DV\20260309-054344_seed0_box_DV_bq_circ19_e1500_w300_8q_2l\checkpoints\2026-03-09_05-43-45-452177_box_DV_seed\model_weights.pth
INFO:src.utils.logger:It: 1010, Loss: 3.867e-02, Loss_res: 3.812e-02,  Loss_bcs: 0.000e+00, Loss_ut_ics: 2.080e-06, Loss_norm: 6.273e-06, Loss_gauge: 0.000e+00, w_pde: 1.00e+00, L^2_error: 5.823e-03, lr: 1.000e-03, Time: 1.58e+04
INFO:src.utils.logger:Model state saved to results\box\DV\20260309-054344_seed0_box_DV_bq_circ19_e1500_w300_8q_2l\checkpoints\2026-03-09_05-43-45-452177_box_DV_seed\model.pth
INFO:src.utils.logger:Model weights saved to results\box\DV\20260309-054344_seed0_box_DV_bq_circ19_e1500_w300_8q_2l\checkpoints\2026-03-09_05-43-45-452177_box_DV_seed\model_weights.pth
INFO:src.utils.logger:It: 1015, Loss: 3.850e-02, Loss_res: 3.788e-02,  Loss_bcs: 0.000e+00, Loss_ut_ics: 2.426e-06, Loss_norm: 3.900e-06, Loss_gauge: 0.000e+00, w_pde: 1.00e+00, L^2_error: 5.941e-03, lr: 1.000e-03, Time: 1.59e+04
INFO:src.utils.logger:Model state saved to results\box\DV\20260309-054344_seed0_box_DV_bq_circ19_e1500_w300_8q_2l\checkpoints\2026-03-09_05-43-45-452177_box_DV_seed\model.pth
INFO:src.utils.logger:Model weights saved to results\box\DV\20260309-054344_seed0_box_DV_bq_circ19_e1500_w300_8q_2l\checkpoints\2026-03-09_05-43-45-452177_box_DV_seed\model_weights.pth
INFO:src.utils.logger:It: 1020, Loss: 4.158e-02, Loss_res: 4.082e-02,  Loss_bcs: 0.000e+00, Loss_ut_ics: 2.921e-06, Loss_norm: 4.887e-06, Loss_gauge: 0.000e+00, w_pde: 1.00e+00, L^2_error: 5.335e-03, lr: 1.000e-03, Time: 1.60e+04
INFO:src.utils.logger:Model state saved to results\box\DV\20260309-054344_seed0_box_DV_bq_circ19_e1500_w300_8q_2l\checkpoints\2026-03-09_05-43-45-452177_box_DV_seed\model.pth
INFO:src.utils.logger:Model weights saved to results\box\DV\20260309-054344_seed0_box_DV_bq_circ19_e1500_w300_8q_2l\checkpoints\2026-03-09_05-43-45-452177_box_DV_seed\model_weights.pth
INFO:src.utils.logger:It: 1025, Loss: 3.799e-02, Loss_res: 3.717e-02,  Loss_bcs: 0.000e+00, Loss_ut_ics: 3.226e-06, Loss_norm: 3.849e-06, Loss_gauge: 0.000e+00, w_pde: 1.00e+00, L^2_error: 5.120e-03, lr: 1.000e-03, Time: 1.60e+04
INFO:src.utils.logger:Model state saved to results\box\DV\20260309-054344_seed0_box_DV_bq_circ19_e1500_w300_8q_2l\checkpoints\2026-03-09_05-43-45-452177_box_DV_seed\model.pth
INFO:src.utils.logger:Model weights saved to results\box\DV\20260309-054344_seed0_box_DV_bq_circ19_e1500_w300_8q_2l\checkpoints\2026-03-09_05-43-45-452177_box_DV_seed\model_weights.pth
INFO:src.utils.logger:It: 1030, Loss: 3.837e-02, Loss_res: 3.776e-02,  Loss_bcs: 0.000e+00, Loss_ut_ics: 2.429e-06, Loss_norm: 2.204e-06, Loss_gauge: 0.000e+00, w_pde: 1.00e+00, L^2_error: 5.007e-03, lr: 1.000e-03, Time: 1.61e+04
INFO:src.utils.logger:Model state saved to results\box\DV\20260309-054344_seed0_box_DV_bq_circ19_e1500_w300_8q_2l\checkpoints\2026-03-09_05-43-45-452177_box_DV_seed\model.pth
INFO:src.utils.logger:Model weights saved to results\box\DV\20260309-054344_seed0_box_DV_bq_circ19_e1500_w300_8q_2l\checkpoints\2026-03-09_05-43-45-452177_box_DV_seed\model_weights.pth
INFO:src.utils.logger:It: 1035, Loss: 3.631e-02, Loss_res: 3.578e-02,  Loss_bcs: 0.000e+00, Loss_ut_ics: 2.070e-06, Loss_norm: 2.905e-06, Loss_gauge: 0.000e+00, w_pde: 1.00e+00, L^2_error: 5.101e-03, lr: 1.000e-03, Time: 1.62e+04
INFO:src.utils.logger:Model state saved to results\box\DV\20260309-054344_seed0_box_DV_bq_circ19_e1500_w300_8q_2l\checkpoints\2026-03-09_05-43-45-452177_box_DV_seed\model.pth
INFO:src.utils.logger:Model weights saved to results\box\DV\20260309-054344_seed0_box_DV_bq_circ19_e1500_w300_8q_2l\checkpoints\2026-03-09_05-43-45-452177_box_DV_seed\model_weights.pth
INFO:src.utils.logger:It: 1040, Loss: 3.895e-02, Loss_res: 3.824e-02,  Loss_bcs: 0.000e+00, Loss_ut_ics: 2.794e-06, Loss_norm: 3.489e-06, Loss_gauge: 0.000e+00, w_pde: 1.00e+00, L^2_error: 4.944e-03, lr: 1.000e-03, Time: 1.63e+04
INFO:src.utils.logger:Model state saved to results\box\DV\20260309-054344_seed0_box_DV_bq_circ19_e1500_w300_8q_2l\checkpoints\2026-03-09_05-43-45-452177_box_DV_seed\model.pth
INFO:src.utils.logger:Model weights saved to results\box\DV\20260309-054344_seed0_box_DV_bq_circ19_e1500_w300_8q_2l\checkpoints\2026-03-09_05-43-45-452177_box_DV_seed\model_weights.pth
INFO:src.utils.logger:It: 1045, Loss: 3.682e-02, Loss_res: 3.623e-02,  Loss_bcs: 0.000e+00, Loss_ut_ics: 2.310e-06, Loss_norm: 2.710e-06, Loss_gauge: 0.000e+00, w_pde: 1.00e+00, L^2_error: 5.001e-03, lr: 1.000e-03, Time: 1.64e+04
INFO:src.utils.logger:Model state saved to results\box\DV\20260309-054344_seed0_box_DV_bq_circ19_e1500_w300_8q_2l\checkpoints\2026-03-09_05-43-45-452177_box_DV_seed\model.pth
INFO:src.utils.logger:Model weights saved to results\box\DV\20260309-054344_seed0_box_DV_bq_circ19_e1500_w300_8q_2l\checkpoints\2026-03-09_05-43-45-452177_box_DV_seed\model_weights.pth
INFO:src.utils.logger:It: 1050, Loss: 3.393e-02, Loss_res: 3.319e-02,  Loss_bcs: 0.000e+00, Loss_ut_ics: 2.930e-06, Loss_norm: 2.657e-06, Loss_gauge: 0.000e+00, w_pde: 1.00e+00, L^2_error: 4.984e-03, lr: 1.000e-03, Time: 1.64e+04
INFO:src.utils.logger:Model state saved to results\box\DV\20260309-054344_seed0_box_DV_bq_circ19_e1500_w300_8q_2l\checkpoints\2026-03-09_05-43-45-452177_box_DV_seed\model.pth
INFO:src.utils.logger:Model weights saved to results\box\DV\20260309-054344_seed0_box_DV_bq_circ19_e1500_w300_8q_2l\checkpoints\2026-03-09_05-43-45-452177_box_DV_seed\model_weights.pth
INFO:src.utils.logger:It: 1055, Loss: 3.267e-02, Loss_res: 3.155e-02,  Loss_bcs: 0.000e+00, Loss_ut_ics: 4.472e-06, Loss_norm: 1.500e-06, Loss_gauge: 0.000e+00, w_pde: 1.00e+00, L^2_error: 4.854e-03, lr: 1.000e-03, Time: 1.65e+04
INFO:src.utils.logger:Model state saved to results\box\DV\20260309-054344_seed0_box_DV_bq_circ19_e1500_w300_8q_2l\checkpoints\2026-03-09_05-43-45-452177_box_DV_seed\model.pth
INFO:src.utils.logger:Model weights saved to results\box\DV\20260309-054344_seed0_box_DV_bq_circ19_e1500_w300_8q_2l\checkpoints\2026-03-09_05-43-45-452177_box_DV_seed\model_weights.pth
INFO:src.utils.logger:It: 1060, Loss: 3.425e-02, Loss_res: 3.337e-02,  Loss_bcs: 0.000e+00, Loss_ut_ics: 3.439e-06, Loss_norm: 2.375e-06, Loss_gauge: 0.000e+00, w_pde: 1.00e+00, L^2_error: 4.829e-03, lr: 1.000e-03, Time: 1.66e+04
INFO:src.utils.logger:Model state saved to results\box\DV\20260309-054344_seed0_box_DV_bq_circ19_e1500_w300_8q_2l\checkpoints\2026-03-09_05-43-45-452177_box_DV_seed\model.pth
INFO:src.utils.logger:Model weights saved to results\box\DV\20260309-054344_seed0_box_DV_bq_circ19_e1500_w300_8q_2l\checkpoints\2026-03-09_05-43-45-452177_box_DV_seed\model_weights.pth
INFO:src.utils.logger:It: 1065, Loss: 3.191e-02, Loss_res: 3.129e-02,  Loss_bcs: 0.000e+00, Loss_ut_ics: 2.460e-06, Loss_norm: 5.510e-07, Loss_gauge: 0.000e+00, w_pde: 1.00e+00, L^2_error: 4.890e-03, lr: 1.000e-03, Time: 1.67e+04
INFO:src.utils.logger:Model state saved to results\box\DV\20260309-054344_seed0_box_DV_bq_circ19_e1500_w300_8q_2l\checkpoints\2026-03-09_05-43-45-452177_box_DV_seed\model.pth
INFO:src.utils.logger:Model weights saved to results\box\DV\20260309-054344_seed0_box_DV_bq_circ19_e1500_w300_8q_2l\checkpoints\2026-03-09_05-43-45-452177_box_DV_seed\model_weights.pth
INFO:src.utils.logger:It: 1070, Loss: 3.753e-02, Loss_res: 3.708e-02,  Loss_bcs: 0.000e+00, Loss_ut_ics: 1.742e-06, Loss_norm: 2.043e-06, Loss_gauge: 0.000e+00, w_pde: 1.00e+00, L^2_error: 4.688e-03, lr: 1.000e-03, Time: 1.68e+04
INFO:src.utils.logger:Model state saved to results\box\DV\20260309-054344_seed0_box_DV_bq_circ19_e1500_w300_8q_2l\checkpoints\2026-03-09_05-43-45-452177_box_DV_seed\model.pth
INFO:src.utils.logger:Model weights saved to results\box\DV\20260309-054344_seed0_box_DV_bq_circ19_e1500_w300_8q_2l\checkpoints\2026-03-09_05-43-45-452177_box_DV_seed\model_weights.pth
INFO:src.utils.logger:It: 1075, Loss: 3.556e-02, Loss_res: 3.525e-02,  Loss_bcs: 0.000e+00, Loss_ut_ics: 1.178e-06, Loss_norm: 1.745e-06, Loss_gauge: 0.000e+00, w_pde: 1.00e+00, L^2_error: 5.055e-03, lr: 1.000e-03, Time: 1.69e+04
INFO:src.utils.logger:Model state saved to results\box\DV\20260309-054344_seed0_box_DV_bq_circ19_e1500_w300_8q_2l\checkpoints\2026-03-09_05-43-45-452177_box_DV_seed\model.pth
INFO:src.utils.logger:Model weights saved to results\box\DV\20260309-054344_seed0_box_DV_bq_circ19_e1500_w300_8q_2l\checkpoints\2026-03-09_05-43-45-452177_box_DV_seed\model_weights.pth
INFO:src.utils.logger:It: 1080, Loss: 3.174e-02, Loss_res: 3.097e-02,  Loss_bcs: 0.000e+00, Loss_ut_ics: 3.036e-06, Loss_norm: 2.338e-06, Loss_gauge: 0.000e+00, w_pde: 1.00e+00, L^2_error: 4.812e-03, lr: 1.000e-03, Time: 1.69e+04
INFO:src.utils.logger:Model state saved to results\box\DV\20260309-054344_seed0_box_DV_bq_circ19_e1500_w300_8q_2l\checkpoints\2026-03-09_05-43-45-452177_box_DV_seed\model.pth
INFO:src.utils.logger:Model weights saved to results\box\DV\20260309-054344_seed0_box_DV_bq_circ19_e1500_w300_8q_2l\checkpoints\2026-03-09_05-43-45-452177_box_DV_seed\model_weights.pth
INFO:src.utils.logger:It: 1085, Loss: 3.391e-02, Loss_res: 3.303e-02,  Loss_bcs: 0.000e+00, Loss_ut_ics: 3.424e-06, Loss_norm: 4.725e-06, Loss_gauge: 0.000e+00, w_pde: 1.00e+00, L^2_error: 4.706e-03, lr: 1.000e-03, Time: 1.70e+04
INFO:src.utils.logger:Model state saved to results\box\DV\20260309-054344_seed0_box_DV_bq_circ19_e1500_w300_8q_2l\checkpoints\2026-03-09_05-43-45-452177_box_DV_seed\model.pth
INFO:src.utils.logger:Model weights saved to results\box\DV\20260309-054344_seed0_box_DV_bq_circ19_e1500_w300_8q_2l\checkpoints\2026-03-09_05-43-45-452177_box_DV_seed\model_weights.pth
INFO:src.utils.logger:It: 1090, Loss: 3.031e-02, Loss_res: 2.917e-02,  Loss_bcs: 0.000e+00, Loss_ut_ics: 4.514e-06, Loss_norm: 2.994e-06, Loss_gauge: 0.000e+00, w_pde: 1.00e+00, L^2_error: 4.624e-03, lr: 1.000e-03, Time: 1.71e+04
INFO:src.utils.logger:Model state saved to results\box\DV\20260309-054344_seed0_box_DV_bq_circ19_e1500_w300_8q_2l\checkpoints\2026-03-09_05-43-45-452177_box_DV_seed\model.pth
INFO:src.utils.logger:Model weights saved to results\box\DV\20260309-054344_seed0_box_DV_bq_circ19_e1500_w300_8q_2l\checkpoints\2026-03-09_05-43-45-452177_box_DV_seed\model_weights.pth
INFO:src.utils.logger:It: 1095, Loss: 3.075e-02, Loss_res: 3.021e-02,  Loss_bcs: 0.000e+00, Loss_ut_ics: 2.099e-06, Loss_norm: 3.418e-06, Loss_gauge: 0.000e+00, w_pde: 1.00e+00, L^2_error: 4.443e-03, lr: 1.000e-03, Time: 1.72e+04
INFO:src.utils.logger:Model state saved to results\box\DV\20260309-054344_seed0_box_DV_bq_circ19_e1500_w300_8q_2l\checkpoints\2026-03-09_05-43-45-452177_box_DV_seed\model.pth
INFO:src.utils.logger:Model weights saved to results\box\DV\20260309-054344_seed0_box_DV_bq_circ19_e1500_w300_8q_2l\checkpoints\2026-03-09_05-43-45-452177_box_DV_seed\model_weights.pth
INFO:src.utils.logger:It: 1100, Loss: 3.095e-02, Loss_res: 3.054e-02,  Loss_bcs: 0.000e+00, Loss_ut_ics: 1.593e-06, Loss_norm: 1.573e-06, Loss_gauge: 0.000e+00, w_pde: 1.00e+00, L^2_error: 4.659e-03, lr: 1.000e-03, Time: 1.72e+04
INFO:src.utils.logger:Model state saved to results\box\DV\20260309-054344_seed0_box_DV_bq_circ19_e1500_w300_8q_2l\checkpoints\2026-03-09_05-43-45-452177_box_DV_seed\model.pth
INFO:src.utils.logger:Model weights saved to results\box\DV\20260309-054344_seed0_box_DV_bq_circ19_e1500_w300_8q_2l\checkpoints\2026-03-09_05-43-45-452177_box_DV_seed\model_weights.pth
INFO:src.utils.logger:It: 1105, Loss: 3.375e-02, Loss_res: 3.292e-02,  Loss_bcs: 0.000e+00, Loss_ut_ics: 3.234e-06, Loss_norm: 2.709e-06, Loss_gauge: 0.000e+00, w_pde: 1.00e+00, L^2_error: 4.379e-03, lr: 1.000e-03, Time: 1.73e+04
INFO:src.utils.logger:Model state saved to results\box\DV\20260309-054344_seed0_box_DV_bq_circ19_e1500_w300_8q_2l\checkpoints\2026-03-09_05-43-45-452177_box_DV_seed\model.pth
INFO:src.utils.logger:Model weights saved to results\box\DV\20260309-054344_seed0_box_DV_bq_circ19_e1500_w300_8q_2l\checkpoints\2026-03-09_05-43-45-452177_box_DV_seed\model_weights.pth
INFO:src.utils.logger:It: 1110, Loss: 2.924e-02, Loss_res: 2.888e-02,  Loss_bcs: 0.000e+00, Loss_ut_ics: 1.434e-06, Loss_norm: 1.390e-06, Loss_gauge: 0.000e+00, w_pde: 1.00e+00, L^2_error: 4.375e-03, lr: 1.000e-03, Time: 1.74e+04
INFO:src.utils.logger:Model state saved to results\box\DV\20260309-054344_seed0_box_DV_bq_circ19_e1500_w300_8q_2l\checkpoints\2026-03-09_05-43-45-452177_box_DV_seed\model.pth
INFO:src.utils.logger:Model weights saved to results\box\DV\20260309-054344_seed0_box_DV_bq_circ19_e1500_w300_8q_2l\checkpoints\2026-03-09_05-43-45-452177_box_DV_seed\model_weights.pth
INFO:src.utils.logger:It: 1115, Loss: 3.201e-02, Loss_res: 3.155e-02,  Loss_bcs: 0.000e+00, Loss_ut_ics: 1.776e-06, Loss_norm: 3.420e-06, Loss_gauge: 0.000e+00, w_pde: 1.00e+00, L^2_error: 4.457e-03, lr: 1.000e-03, Time: 1.75e+04
INFO:src.utils.logger:Model state saved to results\box\DV\20260309-054344_seed0_box_DV_bq_circ19_e1500_w300_8q_2l\checkpoints\2026-03-09_05-43-45-452177_box_DV_seed\model.pth
INFO:src.utils.logger:Model weights saved to results\box\DV\20260309-054344_seed0_box_DV_bq_circ19_e1500_w300_8q_2l\checkpoints\2026-03-09_05-43-45-452177_box_DV_seed\model_weights.pth
INFO:src.utils.logger:It: 1120, Loss: 3.115e-02, Loss_res: 3.052e-02,  Loss_bcs: 0.000e+00, Loss_ut_ics: 2.475e-06, Loss_norm: 2.258e-06, Loss_gauge: 0.000e+00, w_pde: 1.00e+00, L^2_error: 4.242e-03, lr: 1.000e-03, Time: 1.76e+04
INFO:src.utils.logger:Model state saved to results\box\DV\20260309-054344_seed0_box_DV_bq_circ19_e1500_w300_8q_2l\checkpoints\2026-03-09_05-43-45-452177_box_DV_seed\model.pth
INFO:src.utils.logger:Model weights saved to results\box\DV\20260309-054344_seed0_box_DV_bq_circ19_e1500_w300_8q_2l\checkpoints\2026-03-09_05-43-45-452177_box_DV_seed\model_weights.pth
INFO:src.utils.logger:It: 1125, Loss: 2.948e-02, Loss_res: 2.911e-02,  Loss_bcs: 0.000e+00, Loss_ut_ics: 1.469e-06, Loss_norm: 1.833e-06, Loss_gauge: 0.000e+00, w_pde: 1.00e+00, L^2_error: 4.261e-03, lr: 1.000e-03, Time: 1.76e+04
INFO:src.utils.logger:Model state saved to results\box\DV\20260309-054344_seed0_box_DV_bq_circ19_e1500_w300_8q_2l\checkpoints\2026-03-09_05-43-45-452177_box_DV_seed\model.pth
INFO:src.utils.logger:Model weights saved to results\box\DV\20260309-054344_seed0_box_DV_bq_circ19_e1500_w300_8q_2l\checkpoints\2026-03-09_05-43-45-452177_box_DV_seed\model_weights.pth
INFO:src.utils.logger:It: 1130, Loss: 3.046e-02, Loss_res: 3.012e-02,  Loss_bcs: 0.000e+00, Loss_ut_ics: 1.322e-06, Loss_norm: 1.349e-06, Loss_gauge: 0.000e+00, w_pde: 1.00e+00, L^2_error: 4.127e-03, lr: 1.000e-03, Time: 1.77e+04
INFO:src.utils.logger:Model state saved to results\box\DV\20260309-054344_seed0_box_DV_bq_circ19_e1500_w300_8q_2l\checkpoints\2026-03-09_05-43-45-452177_box_DV_seed\model.pth
INFO:src.utils.logger:Model weights saved to results\box\DV\20260309-054344_seed0_box_DV_bq_circ19_e1500_w300_8q_2l\checkpoints\2026-03-09_05-43-45-452177_box_DV_seed\model_weights.pth
INFO:src.utils.logger:It: 1135, Loss: 3.063e-02, Loss_res: 2.984e-02,  Loss_bcs: 0.000e+00, Loss_ut_ics: 3.131e-06, Loss_norm: 8.154e-07, Loss_gauge: 0.000e+00, w_pde: 1.00e+00, L^2_error: 4.092e-03, lr: 1.000e-03, Time: 1.78e+04
INFO:src.utils.logger:Model state saved to results\box\DV\20260309-054344_seed0_box_DV_bq_circ19_e1500_w300_8q_2l\checkpoints\2026-03-09_05-43-45-452177_box_DV_seed\model.pth
INFO:src.utils.logger:Model weights saved to results\box\DV\20260309-054344_seed0_box_DV_bq_circ19_e1500_w300_8q_2l\checkpoints\2026-03-09_05-43-45-452177_box_DV_seed\model_weights.pth
INFO:src.utils.logger:It: 1140, Loss: 2.976e-02, Loss_res: 2.935e-02,  Loss_bcs: 0.000e+00, Loss_ut_ics: 1.638e-06, Loss_norm: 1.144e-07, Loss_gauge: 0.000e+00, w_pde: 1.00e+00, L^2_error: 3.790e-03, lr: 1.000e-03, Time: 1.79e+04
INFO:src.utils.logger:Model state saved to results\box\DV\20260309-054344_seed0_box_DV_bq_circ19_e1500_w300_8q_2l\checkpoints\2026-03-09_05-43-45-452177_box_DV_seed\model.pth
INFO:src.utils.logger:Model weights saved to results\box\DV\20260309-054344_seed0_box_DV_bq_circ19_e1500_w300_8q_2l\checkpoints\2026-03-09_05-43-45-452177_box_DV_seed\model_weights.pth
INFO:src.utils.logger:It: 1145, Loss: 2.836e-02, Loss_res: 2.808e-02,  Loss_bcs: 0.000e+00, Loss_ut_ics: 1.098e-06, Loss_norm: 7.755e-07, Loss_gauge: 0.000e+00, w_pde: 1.00e+00, L^2_error: 3.908e-03, lr: 1.000e-03, Time: 1.80e+04
INFO:src.utils.logger:Model state saved to results\box\DV\20260309-054344_seed0_box_DV_bq_circ19_e1500_w300_8q_2l\checkpoints\2026-03-09_05-43-45-452177_box_DV_seed\model.pth
INFO:src.utils.logger:Model weights saved to results\box\DV\20260309-054344_seed0_box_DV_bq_circ19_e1500_w300_8q_2l\checkpoints\2026-03-09_05-43-45-452177_box_DV_seed\model_weights.pth
INFO:src.utils.logger:It: 1150, Loss: 3.172e-02, Loss_res: 3.027e-02,  Loss_bcs: 0.000e+00, Loss_ut_ics: 5.795e-06, Loss_norm: 1.213e-06, Loss_gauge: 0.000e+00, w_pde: 1.00e+00, L^2_error: 4.238e-03, lr: 1.000e-03, Time: 1.81e+04
INFO:src.utils.logger:Model state saved to results\box\DV\20260309-054344_seed0_box_DV_bq_circ19_e1500_w300_8q_2l\checkpoints\2026-03-09_05-43-45-452177_box_DV_seed\model.pth
INFO:src.utils.logger:Model weights saved to results\box\DV\20260309-054344_seed0_box_DV_bq_circ19_e1500_w300_8q_2l\checkpoints\2026-03-09_05-43-45-452177_box_DV_seed\model_weights.pth
INFO:src.utils.logger:It: 1155, Loss: 2.859e-02, Loss_res: 2.760e-02,  Loss_bcs: 0.000e+00, Loss_ut_ics: 3.909e-06, Loss_norm: 2.869e-06, Loss_gauge: 0.000e+00, w_pde: 1.00e+00, L^2_error: 4.015e-03, lr: 1.000e-03, Time: 1.81e+04
INFO:src.utils.logger:Model state saved to results\box\DV\20260309-054344_seed0_box_DV_bq_circ19_e1500_w300_8q_2l\checkpoints\2026-03-09_05-43-45-452177_box_DV_seed\model.pth
INFO:src.utils.logger:Model weights saved to results\box\DV\20260309-054344_seed0_box_DV_bq_circ19_e1500_w300_8q_2l\checkpoints\2026-03-09_05-43-45-452177_box_DV_seed\model_weights.pth
INFO:src.utils.logger:It: 1160, Loss: 2.764e-02, Loss_res: 2.606e-02,  Loss_bcs: 0.000e+00, Loss_ut_ics: 6.258e-06, Loss_norm: 3.569e-06, Loss_gauge: 0.000e+00, w_pde: 1.00e+00, L^2_error: 3.834e-03, lr: 1.000e-03, Time: 1.82e+04
INFO:src.utils.logger:Model state saved to results\box\DV\20260309-054344_seed0_box_DV_bq_circ19_e1500_w300_8q_2l\checkpoints\2026-03-09_05-43-45-452177_box_DV_seed\model.pth
INFO:src.utils.logger:Model weights saved to results\box\DV\20260309-054344_seed0_box_DV_bq_circ19_e1500_w300_8q_2l\checkpoints\2026-03-09_05-43-45-452177_box_DV_seed\model_weights.pth
INFO:src.utils.logger:It: 1165, Loss: 2.919e-02, Loss_res: 2.878e-02,  Loss_bcs: 0.000e+00, Loss_ut_ics: 1.562e-06, Loss_norm: 2.868e-06, Loss_gauge: 0.000e+00, w_pde: 1.00e+00, L^2_error: 3.920e-03, lr: 1.000e-03, Time: 1.83e+04
INFO:src.utils.logger:Model state saved to results\box\DV\20260309-054344_seed0_box_DV_bq_circ19_e1500_w300_8q_2l\checkpoints\2026-03-09_05-43-45-452177_box_DV_seed\model.pth
INFO:src.utils.logger:Model weights saved to results\box\DV\20260309-054344_seed0_box_DV_bq_circ19_e1500_w300_8q_2l\checkpoints\2026-03-09_05-43-45-452177_box_DV_seed\model_weights.pth
INFO:src.utils.logger:It: 1170, Loss: 2.766e-02, Loss_res: 2.736e-02,  Loss_bcs: 0.000e+00, Loss_ut_ics: 1.177e-06, Loss_norm: 2.741e-06, Loss_gauge: 0.000e+00, w_pde: 1.00e+00, L^2_error: 3.956e-03, lr: 1.000e-03, Time: 1.84e+04
INFO:src.utils.logger:Model state saved to results\box\DV\20260309-054344_seed0_box_DV_bq_circ19_e1500_w300_8q_2l\checkpoints\2026-03-09_05-43-45-452177_box_DV_seed\model.pth
INFO:src.utils.logger:Model weights saved to results\box\DV\20260309-054344_seed0_box_DV_bq_circ19_e1500_w300_8q_2l\checkpoints\2026-03-09_05-43-45-452177_box_DV_seed\model_weights.pth
INFO:src.utils.logger:It: 1175, Loss: 2.805e-02, Loss_res: 2.625e-02,  Loss_bcs: 0.000e+00, Loss_ut_ics: 7.153e-06, Loss_norm: 1.876e-06, Loss_gauge: 0.000e+00, w_pde: 1.00e+00, L^2_error: 4.319e-03, lr: 1.000e-03, Time: 1.84e+04
INFO:src.utils.logger:Model state saved to results\box\DV\20260309-054344_seed0_box_DV_bq_circ19_e1500_w300_8q_2l\checkpoints\2026-03-09_05-43-45-452177_box_DV_seed\model.pth
INFO:src.utils.logger:Model weights saved to results\box\DV\20260309-054344_seed0_box_DV_bq_circ19_e1500_w300_8q_2l\checkpoints\2026-03-09_05-43-45-452177_box_DV_seed\model_weights.pth
INFO:src.utils.logger:It: 1180, Loss: 2.677e-02, Loss_res: 2.555e-02,  Loss_bcs: 0.000e+00, Loss_ut_ics: 4.829e-06, Loss_norm: 1.409e-06, Loss_gauge: 0.000e+00, w_pde: 1.00e+00, L^2_error: 4.028e-03, lr: 1.000e-03, Time: 1.85e+04
INFO:src.utils.logger:Model state saved to results\box\DV\20260309-054344_seed0_box_DV_bq_circ19_e1500_w300_8q_2l\checkpoints\2026-03-09_05-43-45-452177_box_DV_seed\model.pth
INFO:src.utils.logger:Model weights saved to results\box\DV\20260309-054344_seed0_box_DV_bq_circ19_e1500_w300_8q_2l\checkpoints\2026-03-09_05-43-45-452177_box_DV_seed\model_weights.pth
INFO:src.utils.logger:It: 1185, Loss: 2.991e-02, Loss_res: 2.912e-02,  Loss_bcs: 0.000e+00, Loss_ut_ics: 3.109e-06, Loss_norm: 1.947e-06, Loss_gauge: 0.000e+00, w_pde: 1.00e+00, L^2_error: 3.804e-03, lr: 1.000e-03, Time: 1.86e+04
INFO:src.utils.logger:Model state saved to results\box\DV\20260309-054344_seed0_box_DV_bq_circ19_e1500_w300_8q_2l\checkpoints\2026-03-09_05-43-45-452177_box_DV_seed\model.pth
INFO:src.utils.logger:Model weights saved to results\box\DV\20260309-054344_seed0_box_DV_bq_circ19_e1500_w300_8q_2l\checkpoints\2026-03-09_05-43-45-452177_box_DV_seed\model_weights.pth
INFO:src.utils.logger:It: 1190, Loss: 2.681e-02, Loss_res: 2.645e-02,  Loss_bcs: 0.000e+00, Loss_ut_ics: 1.360e-06, Loss_norm: 3.058e-06, Loss_gauge: 0.000e+00, w_pde: 1.00e+00, L^2_error: 3.692e-03, lr: 1.000e-03, Time: 1.87e+04
INFO:src.utils.logger:Model state saved to results\box\DV\20260309-054344_seed0_box_DV_bq_circ19_e1500_w300_8q_2l\checkpoints\2026-03-09_05-43-45-452177_box_DV_seed\model.pth
INFO:src.utils.logger:Model weights saved to results\box\DV\20260309-054344_seed0_box_DV_bq_circ19_e1500_w300_8q_2l\checkpoints\2026-03-09_05-43-45-452177_box_DV_seed\model_weights.pth
INFO:src.utils.logger:It: 1195, Loss: 2.651e-02, Loss_res: 2.622e-02,  Loss_bcs: 0.000e+00, Loss_ut_ics: 1.175e-06, Loss_norm: 7.698e-07, Loss_gauge: 0.000e+00, w_pde: 1.00e+00, L^2_error: 3.739e-03, lr: 1.000e-03, Time: 1.88e+04
INFO:src.utils.logger:Model state saved to results\box\DV\20260309-054344_seed0_box_DV_bq_circ19_e1500_w300_8q_2l\checkpoints\2026-03-09_05-43-45-452177_box_DV_seed\model.pth
INFO:src.utils.logger:Model weights saved to results\box\DV\20260309-054344_seed0_box_DV_bq_circ19_e1500_w300_8q_2l\checkpoints\2026-03-09_05-43-45-452177_box_DV_seed\model_weights.pth
INFO:src.utils.logger:It: 1200, Loss: 2.791e-02, Loss_res: 2.710e-02,  Loss_bcs: 0.000e+00, Loss_ut_ics: 3.214e-06, Loss_norm: 1.123e-06, Loss_gauge: 0.000e+00, w_pde: 1.00e+00, L^2_error: 3.979e-03, lr: 1.000e-03, Time: 1.88e+04
INFO:src.utils.logger:Model state saved to results\box\DV\20260309-054344_seed0_box_DV_bq_circ19_e1500_w300_8q_2l\checkpoints\2026-03-09_05-43-45-452177_box_DV_seed\model.pth
INFO:src.utils.logger:Model weights saved to results\box\DV\20260309-054344_seed0_box_DV_bq_circ19_e1500_w300_8q_2l\checkpoints\2026-03-09_05-43-45-452177_box_DV_seed\model_weights.pth
INFO:src.utils.logger:It: 1205, Loss: 2.696e-02, Loss_res: 2.658e-02,  Loss_bcs: 0.000e+00, Loss_ut_ics: 1.472e-06, Loss_norm: 2.914e-06, Loss_gauge: 0.000e+00, w_pde: 1.00e+00, L^2_error: 3.579e-03, lr: 1.000e-03, Time: 1.89e+04
INFO:src.utils.logger:Model state saved to results\box\DV\20260309-054344_seed0_box_DV_bq_circ19_e1500_w300_8q_2l\checkpoints\2026-03-09_05-43-45-452177_box_DV_seed\model.pth
INFO:src.utils.logger:Model weights saved to results\box\DV\20260309-054344_seed0_box_DV_bq_circ19_e1500_w300_8q_2l\checkpoints\2026-03-09_05-43-45-452177_box_DV_seed\model_weights.pth
INFO:src.utils.logger:It: 1210, Loss: 2.442e-02, Loss_res: 2.398e-02,  Loss_bcs: 0.000e+00, Loss_ut_ics: 1.708e-06, Loss_norm: 1.398e-06, Loss_gauge: 0.000e+00, w_pde: 1.00e+00, L^2_error: 3.696e-03, lr: 1.000e-03, Time: 1.90e+04
INFO:src.utils.logger:Model state saved to results\box\DV\20260309-054344_seed0_box_DV_bq_circ19_e1500_w300_8q_2l\checkpoints\2026-03-09_05-43-45-452177_box_DV_seed\model.pth
INFO:src.utils.logger:Model weights saved to results\box\DV\20260309-054344_seed0_box_DV_bq_circ19_e1500_w300_8q_2l\checkpoints\2026-03-09_05-43-45-452177_box_DV_seed\model_weights.pth
INFO:src.utils.logger:It: 1215, Loss: 2.562e-02, Loss_res: 2.484e-02,  Loss_bcs: 0.000e+00, Loss_ut_ics: 3.093e-06, Loss_norm: 1.767e-06, Loss_gauge: 0.000e+00, w_pde: 1.00e+00, L^2_error: 3.603e-03, lr: 1.000e-03, Time: 1.91e+04
INFO:src.utils.logger:Model state saved to results\box\DV\20260309-054344_seed0_box_DV_bq_circ19_e1500_w300_8q_2l\checkpoints\2026-03-09_05-43-45-452177_box_DV_seed\model.pth
INFO:src.utils.logger:Model weights saved to results\box\DV\20260309-054344_seed0_box_DV_bq_circ19_e1500_w300_8q_2l\checkpoints\2026-03-09_05-43-45-452177_box_DV_seed\model_weights.pth
INFO:src.utils.logger:It: 1220, Loss: 2.485e-02, Loss_res: 2.454e-02,  Loss_bcs: 0.000e+00, Loss_ut_ics: 1.213e-06, Loss_norm: 2.114e-06, Loss_gauge: 0.000e+00, w_pde: 1.00e+00, L^2_error: 3.468e-03, lr: 1.000e-03, Time: 1.92e+04
INFO:src.utils.logger:Model state saved to results\box\DV\20260309-054344_seed0_box_DV_bq_circ19_e1500_w300_8q_2l\checkpoints\2026-03-09_05-43-45-452177_box_DV_seed\model.pth
INFO:src.utils.logger:Model weights saved to results\box\DV\20260309-054344_seed0_box_DV_bq_circ19_e1500_w300_8q_2l\checkpoints\2026-03-09_05-43-45-452177_box_DV_seed\model_weights.pth
INFO:src.utils.logger:It: 1225, Loss: 2.183e-02, Loss_res: 2.142e-02,  Loss_bcs: 0.000e+00, Loss_ut_ics: 1.628e-06, Loss_norm: 8.806e-07, Loss_gauge: 0.000e+00, w_pde: 1.00e+00, L^2_error: 3.693e-03, lr: 1.000e-03, Time: 1.92e+04
INFO:src.utils.logger:Model state saved to results\box\DV\20260309-054344_seed0_box_DV_bq_circ19_e1500_w300_8q_2l\checkpoints\2026-03-09_05-43-45-452177_box_DV_seed\model.pth
INFO:src.utils.logger:Model weights saved to results\box\DV\20260309-054344_seed0_box_DV_bq_circ19_e1500_w300_8q_2l\checkpoints\2026-03-09_05-43-45-452177_box_DV_seed\model_weights.pth
INFO:src.utils.logger:It: 1230, Loss: 2.686e-02, Loss_res: 2.434e-02,  Loss_bcs: 0.000e+00, Loss_ut_ics: 1.005e-05, Loss_norm: 2.200e-06, Loss_gauge: 0.000e+00, w_pde: 1.00e+00, L^2_error: 3.448e-03, lr: 1.000e-03, Time: 1.93e+04
INFO:src.utils.logger:Model state saved to results\box\DV\20260309-054344_seed0_box_DV_bq_circ19_e1500_w300_8q_2l\checkpoints\2026-03-09_05-43-45-452177_box_DV_seed\model.pth
INFO:src.utils.logger:Model weights saved to results\box\DV\20260309-054344_seed0_box_DV_bq_circ19_e1500_w300_8q_2l\checkpoints\2026-03-09_05-43-45-452177_box_DV_seed\model_weights.pth
INFO:src.utils.logger:It: 1235, Loss: 2.696e-02, Loss_res: 2.454e-02,  Loss_bcs: 0.000e+00, Loss_ut_ics: 9.639e-06, Loss_norm: 1.330e-06, Loss_gauge: 0.000e+00, w_pde: 1.00e+00, L^2_error: 4.098e-03, lr: 1.000e-03, Time: 1.94e+04
INFO:src.utils.logger:Model state saved to results\box\DV\20260309-054344_seed0_box_DV_bq_circ19_e1500_w300_8q_2l\checkpoints\2026-03-09_05-43-45-452177_box_DV_seed\model.pth
INFO:src.utils.logger:Model weights saved to results\box\DV\20260309-054344_seed0_box_DV_bq_circ19_e1500_w300_8q_2l\checkpoints\2026-03-09_05-43-45-452177_box_DV_seed\model_weights.pth
INFO:src.utils.logger:It: 1240, Loss: 2.540e-02, Loss_res: 2.246e-02,  Loss_bcs: 0.000e+00, Loss_ut_ics: 1.176e-05, Loss_norm: 7.537e-07, Loss_gauge: 0.000e+00, w_pde: 1.00e+00, L^2_error: 4.820e-03, lr: 1.000e-03, Time: 1.95e+04
INFO:src.utils.logger:Model state saved to results\box\DV\20260309-054344_seed0_box_DV_bq_circ19_e1500_w300_8q_2l\checkpoints\2026-03-09_05-43-45-452177_box_DV_seed\model.pth
INFO:src.utils.logger:Model weights saved to results\box\DV\20260309-054344_seed0_box_DV_bq_circ19_e1500_w300_8q_2l\checkpoints\2026-03-09_05-43-45-452177_box_DV_seed\model_weights.pth
INFO:src.utils.logger:It: 1245, Loss: 2.566e-02, Loss_res: 2.359e-02,  Loss_bcs: 0.000e+00, Loss_ut_ics: 8.239e-06, Loss_norm: 3.419e-06, Loss_gauge: 0.000e+00, w_pde: 1.00e+00, L^2_error: 3.407e-03, lr: 1.000e-03, Time: 1.96e+04
INFO:src.utils.logger:Model state saved to results\box\DV\20260309-054344_seed0_box_DV_bq_circ19_e1500_w300_8q_2l\checkpoints\2026-03-09_05-43-45-452177_box_DV_seed\model.pth
INFO:src.utils.logger:Model weights saved to results\box\DV\20260309-054344_seed0_box_DV_bq_circ19_e1500_w300_8q_2l\checkpoints\2026-03-09_05-43-45-452177_box_DV_seed\model_weights.pth
INFO:src.utils.logger:It: 1250, Loss: 2.583e-02, Loss_res: 2.285e-02,  Loss_bcs: 0.000e+00, Loss_ut_ics: 1.188e-05, Loss_norm: 2.019e-06, Loss_gauge: 0.000e+00, w_pde: 1.00e+00, L^2_error: 3.342e-03, lr: 1.000e-03, Time: 1.96e+04
INFO:src.utils.logger:Model state saved to results\box\DV\20260309-054344_seed0_box_DV_bq_circ19_e1500_w300_8q_2l\checkpoints\2026-03-09_05-43-45-452177_box_DV_seed\model.pth
INFO:src.utils.logger:Model weights saved to results\box\DV\20260309-054344_seed0_box_DV_bq_circ19_e1500_w300_8q_2l\checkpoints\2026-03-09_05-43-45-452177_box_DV_seed\model_weights.pth
INFO:src.utils.logger:It: 1255, Loss: 2.474e-02, Loss_res: 2.451e-02,  Loss_bcs: 0.000e+00, Loss_ut_ics: 8.900e-07, Loss_norm: 1.833e-06, Loss_gauge: 0.000e+00, w_pde: 1.00e+00, L^2_error: 3.258e-03, lr: 1.000e-03, Time: 1.97e+04
INFO:src.utils.logger:Model state saved to results\box\DV\20260309-054344_seed0_box_DV_bq_circ19_e1500_w300_8q_2l\checkpoints\2026-03-09_05-43-45-452177_box_DV_seed\model.pth
INFO:src.utils.logger:Model weights saved to results\box\DV\20260309-054344_seed0_box_DV_bq_circ19_e1500_w300_8q_2l\checkpoints\2026-03-09_05-43-45-452177_box_DV_seed\model_weights.pth
INFO:src.utils.logger:It: 1260, Loss: 2.360e-02, Loss_res: 2.286e-02,  Loss_bcs: 0.000e+00, Loss_ut_ics: 2.950e-06, Loss_norm: 1.825e-06, Loss_gauge: 0.000e+00, w_pde: 1.00e+00, L^2_error: 3.541e-03, lr: 1.000e-03, Time: 1.98e+04
INFO:src.utils.logger:Model state saved to results\box\DV\20260309-054344_seed0_box_DV_bq_circ19_e1500_w300_8q_2l\checkpoints\2026-03-09_05-43-45-452177_box_DV_seed\model.pth
INFO:src.utils.logger:Model weights saved to results\box\DV\20260309-054344_seed0_box_DV_bq_circ19_e1500_w300_8q_2l\checkpoints\2026-03-09_05-43-45-452177_box_DV_seed\model_weights.pth
INFO:src.utils.logger:It: 1265, Loss: 2.594e-02, Loss_res: 2.551e-02,  Loss_bcs: 0.000e+00, Loss_ut_ics: 1.707e-06, Loss_norm: 1.297e-06, Loss_gauge: 0.000e+00, w_pde: 1.00e+00, L^2_error: 3.696e-03, lr: 1.000e-03, Time: 1.99e+04
INFO:src.utils.logger:Model state saved to results\box\DV\20260309-054344_seed0_box_DV_bq_circ19_e1500_w300_8q_2l\checkpoints\2026-03-09_05-43-45-452177_box_DV_seed\model.pth
INFO:src.utils.logger:Model weights saved to results\box\DV\20260309-054344_seed0_box_DV_bq_circ19_e1500_w300_8q_2l\checkpoints\2026-03-09_05-43-45-452177_box_DV_seed\model_weights.pth
INFO:src.utils.logger:It: 1270, Loss: 2.408e-02, Loss_res: 2.370e-02,  Loss_bcs: 0.000e+00, Loss_ut_ics: 1.479e-06, Loss_norm: 1.669e-06, Loss_gauge: 0.000e+00, w_pde: 1.00e+00, L^2_error: 3.196e-03, lr: 1.000e-03, Time: 1.99e+04
INFO:src.utils.logger:Model state saved to results\box\DV\20260309-054344_seed0_box_DV_bq_circ19_e1500_w300_8q_2l\checkpoints\2026-03-09_05-43-45-452177_box_DV_seed\model.pth
INFO:src.utils.logger:Model weights saved to results\box\DV\20260309-054344_seed0_box_DV_bq_circ19_e1500_w300_8q_2l\checkpoints\2026-03-09_05-43-45-452177_box_DV_seed\model_weights.pth
INFO:src.utils.logger:It: 1275, Loss: 2.319e-02, Loss_res: 2.180e-02,  Loss_bcs: 0.000e+00, Loss_ut_ics: 5.529e-06, Loss_norm: 8.885e-07, Loss_gauge: 0.000e+00, w_pde: 1.00e+00, L^2_error: 3.088e-03, lr: 1.000e-03, Time: 2.00e+04
INFO:src.utils.logger:Model state saved to results\box\DV\20260309-054344_seed0_box_DV_bq_circ19_e1500_w300_8q_2l\checkpoints\2026-03-09_05-43-45-452177_box_DV_seed\model.pth
INFO:src.utils.logger:Model weights saved to results\box\DV\20260309-054344_seed0_box_DV_bq_circ19_e1500_w300_8q_2l\checkpoints\2026-03-09_05-43-45-452177_box_DV_seed\model_weights.pth
INFO:src.utils.logger:It: 1280, Loss: 2.377e-02, Loss_res: 2.347e-02,  Loss_bcs: 0.000e+00, Loss_ut_ics: 1.202e-06, Loss_norm: 1.055e-07, Loss_gauge: 0.000e+00, w_pde: 1.00e+00, L^2_error: 3.008e-03, lr: 1.000e-03, Time: 2.01e+04
INFO:src.utils.logger:Model state saved to results\box\DV\20260309-054344_seed0_box_DV_bq_circ19_e1500_w300_8q_2l\checkpoints\2026-03-09_05-43-45-452177_box_DV_seed\model.pth
INFO:src.utils.logger:Model weights saved to results\box\DV\20260309-054344_seed0_box_DV_bq_circ19_e1500_w300_8q_2l\checkpoints\2026-03-09_05-43-45-452177_box_DV_seed\model_weights.pth
INFO:src.utils.logger:It: 1285, Loss: 2.274e-02, Loss_res: 2.223e-02,  Loss_bcs: 0.000e+00, Loss_ut_ics: 2.019e-06, Loss_norm: 2.631e-08, Loss_gauge: 0.000e+00, w_pde: 1.00e+00, L^2_error: 3.099e-03, lr: 1.000e-03, Time: 2.02e+04
INFO:src.utils.logger:Model state saved to results\box\DV\20260309-054344_seed0_box_DV_bq_circ19_e1500_w300_8q_2l\checkpoints\2026-03-09_05-43-45-452177_box_DV_seed\model.pth
INFO:src.utils.logger:Model weights saved to results\box\DV\20260309-054344_seed0_box_DV_bq_circ19_e1500_w300_8q_2l\checkpoints\2026-03-09_05-43-45-452177_box_DV_seed\model_weights.pth
INFO:src.utils.logger:It: 1290, Loss: 2.313e-02, Loss_res: 2.207e-02,  Loss_bcs: 0.000e+00, Loss_ut_ics: 4.217e-06, Loss_norm: 7.151e-07, Loss_gauge: 0.000e+00, w_pde: 1.00e+00, L^2_error: 3.077e-03, lr: 1.000e-03, Time: 2.03e+04
INFO:src.utils.logger:Model state saved to results\box\DV\20260309-054344_seed0_box_DV_bq_circ19_e1500_w300_8q_2l\checkpoints\2026-03-09_05-43-45-452177_box_DV_seed\model.pth
INFO:src.utils.logger:Model weights saved to results\box\DV\20260309-054344_seed0_box_DV_bq_circ19_e1500_w300_8q_2l\checkpoints\2026-03-09_05-43-45-452177_box_DV_seed\model_weights.pth
INFO:src.utils.logger:It: 1295, Loss: 2.272e-02, Loss_res: 2.210e-02,  Loss_bcs: 0.000e+00, Loss_ut_ics: 2.420e-06, Loss_norm: 1.544e-06, Loss_gauge: 0.000e+00, w_pde: 1.00e+00, L^2_error: 2.946e-03, lr: 1.000e-03, Time: 2.03e+04
INFO:src.utils.logger:Model state saved to results\box\DV\20260309-054344_seed0_box_DV_bq_circ19_e1500_w300_8q_2l\checkpoints\2026-03-09_05-43-45-452177_box_DV_seed\model.pth
INFO:src.utils.logger:Model weights saved to results\box\DV\20260309-054344_seed0_box_DV_bq_circ19_e1500_w300_8q_2l\checkpoints\2026-03-09_05-43-45-452177_box_DV_seed\model_weights.pth
INFO:src.utils.logger:It: 1300, Loss: 2.368e-02, Loss_res: 2.252e-02,  Loss_bcs: 0.000e+00, Loss_ut_ics: 4.605e-06, Loss_norm: 1.928e-06, Loss_gauge: 0.000e+00, w_pde: 1.00e+00, L^2_error: 3.020e-03, lr: 1.000e-03, Time: 2.04e+04
INFO:src.utils.logger:Model state saved to results\box\DV\20260309-054344_seed0_box_DV_bq_circ19_e1500_w300_8q_2l\checkpoints\2026-03-09_05-43-45-452177_box_DV_seed\model.pth
INFO:src.utils.logger:Model weights saved to results\box\DV\20260309-054344_seed0_box_DV_bq_circ19_e1500_w300_8q_2l\checkpoints\2026-03-09_05-43-45-452177_box_DV_seed\model_weights.pth
INFO:src.utils.logger:It: 1305, Loss: 2.372e-02, Loss_res: 2.112e-02,  Loss_bcs: 0.000e+00, Loss_ut_ics: 1.037e-05, Loss_norm: 1.029e-06, Loss_gauge: 0.000e+00, w_pde: 1.00e+00, L^2_error: 3.624e-03, lr: 1.000e-03, Time: 2.05e+04
INFO:src.utils.logger:Model state saved to results\box\DV\20260309-054344_seed0_box_DV_bq_circ19_e1500_w300_8q_2l\checkpoints\2026-03-09_05-43-45-452177_box_DV_seed\model.pth
INFO:src.utils.logger:Model weights saved to results\box\DV\20260309-054344_seed0_box_DV_bq_circ19_e1500_w300_8q_2l\checkpoints\2026-03-09_05-43-45-452177_box_DV_seed\model_weights.pth
INFO:src.utils.logger:It: 1310, Loss: 1.898e-02, Loss_res: 1.876e-02,  Loss_bcs: 0.000e+00, Loss_ut_ics: 8.615e-07, Loss_norm: 9.592e-07, Loss_gauge: 0.000e+00, w_pde: 1.00e+00, L^2_error: 3.704e-03, lr: 1.000e-03, Time: 2.06e+04
INFO:src.utils.logger:Model state saved to results\box\DV\20260309-054344_seed0_box_DV_bq_circ19_e1500_w300_8q_2l\checkpoints\2026-03-09_05-43-45-452177_box_DV_seed\model.pth
INFO:src.utils.logger:Model weights saved to results\box\DV\20260309-054344_seed0_box_DV_bq_circ19_e1500_w300_8q_2l\checkpoints\2026-03-09_05-43-45-452177_box_DV_seed\model_weights.pth
INFO:src.utils.logger:It: 1315, Loss: 2.355e-02, Loss_res: 2.042e-02,  Loss_bcs: 0.000e+00, Loss_ut_ics: 1.247e-05, Loss_norm: 3.034e-06, Loss_gauge: 0.000e+00, w_pde: 1.00e+00, L^2_error: 3.030e-03, lr: 1.000e-03, Time: 2.07e+04
INFO:src.utils.logger:Model state saved to results\box\DV\20260309-054344_seed0_box_DV_bq_circ19_e1500_w300_8q_2l\checkpoints\2026-03-09_05-43-45-452177_box_DV_seed\model.pth
INFO:src.utils.logger:Model weights saved to results\box\DV\20260309-054344_seed0_box_DV_bq_circ19_e1500_w300_8q_2l\checkpoints\2026-03-09_05-43-45-452177_box_DV_seed\model_weights.pth
INFO:src.utils.logger:It: 1320, Loss: 2.202e-02, Loss_res: 2.155e-02,  Loss_bcs: 0.000e+00, Loss_ut_ics: 1.858e-06, Loss_norm: 7.016e-07, Loss_gauge: 0.000e+00, w_pde: 1.00e+00, L^2_error: 3.130e-03, lr: 1.000e-03, Time: 2.07e+04
INFO:src.utils.logger:Model state saved to results\box\DV\20260309-054344_seed0_box_DV_bq_circ19_e1500_w300_8q_2l\checkpoints\2026-03-09_05-43-45-452177_box_DV_seed\model.pth
INFO:src.utils.logger:Model weights saved to results\box\DV\20260309-054344_seed0_box_DV_bq_circ19_e1500_w300_8q_2l\checkpoints\2026-03-09_05-43-45-452177_box_DV_seed\model_weights.pth
INFO:src.utils.logger:It: 1325, Loss: 2.322e-02, Loss_res: 2.232e-02,  Loss_bcs: 0.000e+00, Loss_ut_ics: 3.567e-06, Loss_norm: 2.051e-06, Loss_gauge: 0.000e+00, w_pde: 1.00e+00, L^2_error: 3.392e-03, lr: 1.000e-03, Time: 2.08e+04
INFO:src.utils.logger:Model state saved to results\box\DV\20260309-054344_seed0_box_DV_bq_circ19_e1500_w300_8q_2l\checkpoints\2026-03-09_05-43-45-452177_box_DV_seed\model.pth
INFO:src.utils.logger:Model weights saved to results\box\DV\20260309-054344_seed0_box_DV_bq_circ19_e1500_w300_8q_2l\checkpoints\2026-03-09_05-43-45-452177_box_DV_seed\model_weights.pth
INFO:src.utils.logger:It: 1330, Loss: 2.181e-02, Loss_res: 2.115e-02,  Loss_bcs: 0.000e+00, Loss_ut_ics: 2.627e-06, Loss_norm: 8.675e-07, Loss_gauge: 0.000e+00, w_pde: 1.00e+00, L^2_error: 2.928e-03, lr: 1.000e-03, Time: 2.09e+04
INFO:src.utils.logger:Model state saved to results\box\DV\20260309-054344_seed0_box_DV_bq_circ19_e1500_w300_8q_2l\checkpoints\2026-03-09_05-43-45-452177_box_DV_seed\model.pth
INFO:src.utils.logger:Model weights saved to results\box\DV\20260309-054344_seed0_box_DV_bq_circ19_e1500_w300_8q_2l\checkpoints\2026-03-09_05-43-45-452177_box_DV_seed\model_weights.pth
INFO:src.utils.logger:It: 1335, Loss: 1.829e-02, Loss_res: 1.809e-02,  Loss_bcs: 0.000e+00, Loss_ut_ics: 7.973e-07, Loss_norm: 1.076e-06, Loss_gauge: 0.000e+00, w_pde: 1.00e+00, L^2_error: 2.924e-03, lr: 1.000e-03, Time: 2.10e+04
INFO:src.utils.logger:Model state saved to results\box\DV\20260309-054344_seed0_box_DV_bq_circ19_e1500_w300_8q_2l\checkpoints\2026-03-09_05-43-45-452177_box_DV_seed\model.pth
INFO:src.utils.logger:Model weights saved to results\box\DV\20260309-054344_seed0_box_DV_bq_circ19_e1500_w300_8q_2l\checkpoints\2026-03-09_05-43-45-452177_box_DV_seed\model_weights.pth
INFO:src.utils.logger:It: 1340, Loss: 1.988e-02, Loss_res: 1.958e-02,  Loss_bcs: 0.000e+00, Loss_ut_ics: 1.170e-06, Loss_norm: 1.614e-06, Loss_gauge: 0.000e+00, w_pde: 1.00e+00, L^2_error: 3.079e-03, lr: 1.000e-03, Time: 2.10e+04
INFO:src.utils.logger:Model state saved to results\box\DV\20260309-054344_seed0_box_DV_bq_circ19_e1500_w300_8q_2l\checkpoints\2026-03-09_05-43-45-452177_box_DV_seed\model.pth
INFO:src.utils.logger:Model weights saved to results\box\DV\20260309-054344_seed0_box_DV_bq_circ19_e1500_w300_8q_2l\checkpoints\2026-03-09_05-43-45-452177_box_DV_seed\model_weights.pth
INFO:src.utils.logger:It: 1345, Loss: 2.096e-02, Loss_res: 2.047e-02,  Loss_bcs: 0.000e+00, Loss_ut_ics: 1.929e-06, Loss_norm: 1.001e-06, Loss_gauge: 0.000e+00, w_pde: 1.00e+00, L^2_error: 3.358e-03, lr: 1.000e-03, Time: 2.11e+04
INFO:src.utils.logger:Model state saved to results\box\DV\20260309-054344_seed0_box_DV_bq_circ19_e1500_w300_8q_2l\checkpoints\2026-03-09_05-43-45-452177_box_DV_seed\model.pth
INFO:src.utils.logger:Model weights saved to results\box\DV\20260309-054344_seed0_box_DV_bq_circ19_e1500_w300_8q_2l\checkpoints\2026-03-09_05-43-45-452177_box_DV_seed\model_weights.pth
INFO:src.utils.logger:It: 1350, Loss: 2.197e-02, Loss_res: 2.086e-02,  Loss_bcs: 0.000e+00, Loss_ut_ics: 4.388e-06, Loss_norm: 1.543e-06, Loss_gauge: 0.000e+00, w_pde: 1.00e+00, L^2_error: 2.910e-03, lr: 1.000e-03, Time: 2.12e+04
INFO:src.utils.logger:Model state saved to results\box\DV\20260309-054344_seed0_box_DV_bq_circ19_e1500_w300_8q_2l\checkpoints\2026-03-09_05-43-45-452177_box_DV_seed\model.pth
INFO:src.utils.logger:Model weights saved to results\box\DV\20260309-054344_seed0_box_DV_bq_circ19_e1500_w300_8q_2l\checkpoints\2026-03-09_05-43-45-452177_box_DV_seed\model_weights.pth
INFO:src.utils.logger:It: 1355, Loss: 1.755e-02, Loss_res: 1.739e-02,  Loss_bcs: 0.000e+00, Loss_ut_ics: 6.525e-07, Loss_norm: 4.707e-07, Loss_gauge: 0.000e+00, w_pde: 1.00e+00, L^2_error: 2.755e-03, lr: 1.000e-03, Time: 2.13e+04
INFO:src.utils.logger:Model state saved to results\box\DV\20260309-054344_seed0_box_DV_bq_circ19_e1500_w300_8q_2l\checkpoints\2026-03-09_05-43-45-452177_box_DV_seed\model.pth
INFO:src.utils.logger:Model weights saved to results\box\DV\20260309-054344_seed0_box_DV_bq_circ19_e1500_w300_8q_2l\checkpoints\2026-03-09_05-43-45-452177_box_DV_seed\model_weights.pth
INFO:src.utils.logger:It: 1360, Loss: 1.855e-02, Loss_res: 1.736e-02,  Loss_bcs: 0.000e+00, Loss_ut_ics: 4.758e-06, Loss_norm: 8.606e-07, Loss_gauge: 0.000e+00, w_pde: 1.00e+00, L^2_error: 2.730e-03, lr: 1.000e-03, Time: 2.14e+04
INFO:src.utils.logger:Model state saved to results\box\DV\20260309-054344_seed0_box_DV_bq_circ19_e1500_w300_8q_2l\checkpoints\2026-03-09_05-43-45-452177_box_DV_seed\model.pth
INFO:src.utils.logger:Model weights saved to results\box\DV\20260309-054344_seed0_box_DV_bq_circ19_e1500_w300_8q_2l\checkpoints\2026-03-09_05-43-45-452177_box_DV_seed\model_weights.pth
INFO:src.utils.logger:It: 1365, Loss: 2.269e-02, Loss_res: 2.154e-02,  Loss_bcs: 0.000e+00, Loss_ut_ics: 4.590e-06, Loss_norm: 2.921e-07, Loss_gauge: 0.000e+00, w_pde: 1.00e+00, L^2_error: 2.763e-03, lr: 1.000e-03, Time: 2.14e+04
INFO:src.utils.logger:Model state saved to results\box\DV\20260309-054344_seed0_box_DV_bq_circ19_e1500_w300_8q_2l\checkpoints\2026-03-09_05-43-45-452177_box_DV_seed\model.pth
INFO:src.utils.logger:Model weights saved to results\box\DV\20260309-054344_seed0_box_DV_bq_circ19_e1500_w300_8q_2l\checkpoints\2026-03-09_05-43-45-452177_box_DV_seed\model_weights.pth
INFO:src.utils.logger:It: 1370, Loss: 1.912e-02, Loss_res: 1.870e-02,  Loss_bcs: 0.000e+00, Loss_ut_ics: 1.656e-06, Loss_norm: 1.714e-07, Loss_gauge: 0.000e+00, w_pde: 1.00e+00, L^2_error: 2.742e-03, lr: 1.000e-03, Time: 2.15e+04
INFO:src.utils.logger:Model state saved to results\box\DV\20260309-054344_seed0_box_DV_bq_circ19_e1500_w300_8q_2l\checkpoints\2026-03-09_05-43-45-452177_box_DV_seed\model.pth
INFO:src.utils.logger:Model weights saved to results\box\DV\20260309-054344_seed0_box_DV_bq_circ19_e1500_w300_8q_2l\checkpoints\2026-03-09_05-43-45-452177_box_DV_seed\model_weights.pth
INFO:src.utils.logger:It: 1375, Loss: 1.810e-02, Loss_res: 1.792e-02,  Loss_bcs: 0.000e+00, Loss_ut_ics: 7.341e-07, Loss_norm: 1.374e-07, Loss_gauge: 0.000e+00, w_pde: 1.00e+00, L^2_error: 2.763e-03, lr: 1.000e-03, Time: 2.16e+04
INFO:src.utils.logger:Model state saved to results\box\DV\20260309-054344_seed0_box_DV_bq_circ19_e1500_w300_8q_2l\checkpoints\2026-03-09_05-43-45-452177_box_DV_seed\model.pth
INFO:src.utils.logger:Model weights saved to results\box\DV\20260309-054344_seed0_box_DV_bq_circ19_e1500_w300_8q_2l\checkpoints\2026-03-09_05-43-45-452177_box_DV_seed\model_weights.pth
INFO:src.utils.logger:It: 1380, Loss: 1.912e-02, Loss_res: 1.881e-02,  Loss_bcs: 0.000e+00, Loss_ut_ics: 1.233e-06, Loss_norm: 1.234e-06, Loss_gauge: 0.000e+00, w_pde: 1.00e+00, L^2_error: 2.688e-03, lr: 1.000e-03, Time: 2.17e+04
INFO:src.utils.logger:Model state saved to results\box\DV\20260309-054344_seed0_box_DV_bq_circ19_e1500_w300_8q_2l\checkpoints\2026-03-09_05-43-45-452177_box_DV_seed\model.pth
INFO:src.utils.logger:Model weights saved to results\box\DV\20260309-054344_seed0_box_DV_bq_circ19_e1500_w300_8q_2l\checkpoints\2026-03-09_05-43-45-452177_box_DV_seed\model_weights.pth
INFO:src.utils.logger:It: 1385, Loss: 2.015e-02, Loss_res: 1.835e-02,  Loss_bcs: 0.000e+00, Loss_ut_ics: 7.174e-06, Loss_norm: 8.145e-07, Loss_gauge: 0.000e+00, w_pde: 1.00e+00, L^2_error: 3.236e-03, lr: 1.000e-03, Time: 2.18e+04
INFO:src.utils.logger:Model state saved to results\box\DV\20260309-054344_seed0_box_DV_bq_circ19_e1500_w300_8q_2l\checkpoints\2026-03-09_05-43-45-452177_box_DV_seed\model.pth
INFO:src.utils.logger:Model weights saved to results\box\DV\20260309-054344_seed0_box_DV_bq_circ19_e1500_w300_8q_2l\checkpoints\2026-03-09_05-43-45-452177_box_DV_seed\model_weights.pth
INFO:src.utils.logger:It: 1390, Loss: 1.904e-02, Loss_res: 1.891e-02,  Loss_bcs: 0.000e+00, Loss_ut_ics: 5.033e-07, Loss_norm: 1.006e-06, Loss_gauge: 0.000e+00, w_pde: 1.00e+00, L^2_error: 2.746e-03, lr: 1.000e-03, Time: 2.18e+04
INFO:src.utils.logger:Model state saved to results\box\DV\20260309-054344_seed0_box_DV_bq_circ19_e1500_w300_8q_2l\checkpoints\2026-03-09_05-43-45-452177_box_DV_seed\model.pth
INFO:src.utils.logger:Model weights saved to results\box\DV\20260309-054344_seed0_box_DV_bq_circ19_e1500_w300_8q_2l\checkpoints\2026-03-09_05-43-45-452177_box_DV_seed\model_weights.pth
INFO:src.utils.logger:It: 1395, Loss: 1.870e-02, Loss_res: 1.857e-02,  Loss_bcs: 0.000e+00, Loss_ut_ics: 5.341e-07, Loss_norm: 4.020e-07, Loss_gauge: 0.000e+00, w_pde: 1.00e+00, L^2_error: 2.809e-03, lr: 1.000e-03, Time: 2.19e+04
INFO:src.utils.logger:Model state saved to results\box\DV\20260309-054344_seed0_box_DV_bq_circ19_e1500_w300_8q_2l\checkpoints\2026-03-09_05-43-45-452177_box_DV_seed\model.pth
INFO:src.utils.logger:Model weights saved to results\box\DV\20260309-054344_seed0_box_DV_bq_circ19_e1500_w300_8q_2l\checkpoints\2026-03-09_05-43-45-452177_box_DV_seed\model_weights.pth
INFO:src.utils.logger:It: 1400, Loss: 1.738e-02, Loss_res: 1.717e-02,  Loss_bcs: 0.000e+00, Loss_ut_ics: 8.353e-07, Loss_norm: 1.306e-07, Loss_gauge: 0.000e+00, w_pde: 1.00e+00, L^2_error: 2.541e-03, lr: 1.000e-03, Time: 2.20e+04
INFO:src.utils.logger:Model state saved to results\box\DV\20260309-054344_seed0_box_DV_bq_circ19_e1500_w300_8q_2l\checkpoints\2026-03-09_05-43-45-452177_box_DV_seed\model.pth
INFO:src.utils.logger:Model weights saved to results\box\DV\20260309-054344_seed0_box_DV_bq_circ19_e1500_w300_8q_2l\checkpoints\2026-03-09_05-43-45-452177_box_DV_seed\model_weights.pth
INFO:src.utils.logger:It: 1405, Loss: 1.774e-02, Loss_res: 1.742e-02,  Loss_bcs: 0.000e+00, Loss_ut_ics: 1.255e-06, Loss_norm: 1.889e-07, Loss_gauge: 0.000e+00, w_pde: 1.00e+00, L^2_error: 2.584e-03, lr: 1.000e-03, Time: 2.21e+04
INFO:src.utils.logger:Model state saved to results\box\DV\20260309-054344_seed0_box_DV_bq_circ19_e1500_w300_8q_2l\checkpoints\2026-03-09_05-43-45-452177_box_DV_seed\model.pth
INFO:src.utils.logger:Model weights saved to results\box\DV\20260309-054344_seed0_box_DV_bq_circ19_e1500_w300_8q_2l\checkpoints\2026-03-09_05-43-45-452177_box_DV_seed\model_weights.pth
INFO:src.utils.logger:It: 1410, Loss: 3.026e-02, Loss_res: 1.921e-02,  Loss_bcs: 0.000e+00, Loss_ut_ics: 4.413e-05, Loss_norm: 2.282e-06, Loss_gauge: 0.000e+00, w_pde: 1.00e+00, L^2_error: 3.694e-03, lr: 1.000e-03, Time: 2.22e+04
INFO:src.utils.logger:Model state saved to results\box\DV\20260309-054344_seed0_box_DV_bq_circ19_e1500_w300_8q_2l\checkpoints\2026-03-09_05-43-45-452177_box_DV_seed\model.pth
INFO:src.utils.logger:Model weights saved to results\box\DV\20260309-054344_seed0_box_DV_bq_circ19_e1500_w300_8q_2l\checkpoints\2026-03-09_05-43-45-452177_box_DV_seed\model_weights.pth
INFO:src.utils.logger:It: 1415, Loss: 2.893e-02, Loss_res: 1.906e-02,  Loss_bcs: 0.000e+00, Loss_ut_ics: 3.949e-05, Loss_norm: 1.076e-07, Loss_gauge: 0.000e+00, w_pde: 1.00e+00, L^2_error: 3.486e-03, lr: 1.000e-03, Time: 2.22e+04
INFO:src.utils.logger:Model state saved to results\box\DV\20260309-054344_seed0_box_DV_bq_circ19_e1500_w300_8q_2l\checkpoints\2026-03-09_05-43-45-452177_box_DV_seed\model.pth
INFO:src.utils.logger:Model weights saved to results\box\DV\20260309-054344_seed0_box_DV_bq_circ19_e1500_w300_8q_2l\checkpoints\2026-03-09_05-43-45-452177_box_DV_seed\model_weights.pth
INFO:src.utils.logger:It: 1420, Loss: 2.821e-02, Loss_res: 1.804e-02,  Loss_bcs: 0.000e+00, Loss_ut_ics: 4.067e-05, Loss_norm: 6.907e-07, Loss_gauge: 0.000e+00, w_pde: 1.00e+00, L^2_error: 4.053e-03, lr: 1.000e-03, Time: 2.23e+04
INFO:src.utils.logger:Model state saved to results\box\DV\20260309-054344_seed0_box_DV_bq_circ19_e1500_w300_8q_2l\checkpoints\2026-03-09_05-43-45-452177_box_DV_seed\model.pth
INFO:src.utils.logger:Model weights saved to results\box\DV\20260309-054344_seed0_box_DV_bq_circ19_e1500_w300_8q_2l\checkpoints\2026-03-09_05-43-45-452177_box_DV_seed\model_weights.pth
INFO:src.utils.logger:It: 1425, Loss: 2.047e-02, Loss_res: 1.823e-02,  Loss_bcs: 0.000e+00, Loss_ut_ics: 8.934e-06, Loss_norm: 1.015e-06, Loss_gauge: 0.000e+00, w_pde: 1.00e+00, L^2_error: 3.583e-03, lr: 1.000e-03, Time: 2.24e+04
INFO:src.utils.logger:Model state saved to results\box\DV\20260309-054344_seed0_box_DV_bq_circ19_e1500_w300_8q_2l\checkpoints\2026-03-09_05-43-45-452177_box_DV_seed\model.pth
INFO:src.utils.logger:Model weights saved to results\box\DV\20260309-054344_seed0_box_DV_bq_circ19_e1500_w300_8q_2l\checkpoints\2026-03-09_05-43-45-452177_box_DV_seed\model_weights.pth
INFO:src.utils.logger:It: 1430, Loss: 1.766e-02, Loss_res: 1.731e-02,  Loss_bcs: 0.000e+00, Loss_ut_ics: 1.385e-06, Loss_norm: 4.217e-07, Loss_gauge: 0.000e+00, w_pde: 1.00e+00, L^2_error: 3.493e-03, lr: 1.000e-03, Time: 2.25e+04
INFO:src.utils.logger:Model state saved to results\box\DV\20260309-054344_seed0_box_DV_bq_circ19_e1500_w300_8q_2l\checkpoints\2026-03-09_05-43-45-452177_box_DV_seed\model.pth
INFO:src.utils.logger:Model weights saved to results\box\DV\20260309-054344_seed0_box_DV_bq_circ19_e1500_w300_8q_2l\checkpoints\2026-03-09_05-43-45-452177_box_DV_seed\model_weights.pth
INFO:src.utils.logger:It: 1435, Loss: 1.730e-02, Loss_res: 1.672e-02,  Loss_bcs: 0.000e+00, Loss_ut_ics: 2.272e-06, Loss_norm: 2.114e-06, Loss_gauge: 0.000e+00, w_pde: 1.00e+00, L^2_error: 2.565e-03, lr: 1.000e-03, Time: 2.25e+04
INFO:src.utils.logger:Model state saved to results\box\DV\20260309-054344_seed0_box_DV_bq_circ19_e1500_w300_8q_2l\checkpoints\2026-03-09_05-43-45-452177_box_DV_seed\model.pth
INFO:src.utils.logger:Model weights saved to results\box\DV\20260309-054344_seed0_box_DV_bq_circ19_e1500_w300_8q_2l\checkpoints\2026-03-09_05-43-45-452177_box_DV_seed\model_weights.pth
INFO:src.utils.logger:It: 1440, Loss: 1.601e-02, Loss_res: 1.504e-02,  Loss_bcs: 0.000e+00, Loss_ut_ics: 3.850e-06, Loss_norm: 5.313e-07, Loss_gauge: 0.000e+00, w_pde: 1.00e+00, L^2_error: 2.518e-03, lr: 1.000e-03, Time: 2.26e+04
INFO:src.utils.logger:Model state saved to results\box\DV\20260309-054344_seed0_box_DV_bq_circ19_e1500_w300_8q_2l\checkpoints\2026-03-09_05-43-45-452177_box_DV_seed\model.pth
INFO:src.utils.logger:Model weights saved to results\box\DV\20260309-054344_seed0_box_DV_bq_circ19_e1500_w300_8q_2l\checkpoints\2026-03-09_05-43-45-452177_box_DV_seed\model_weights.pth
INFO:src.utils.logger:It: 1445, Loss: 1.852e-02, Loss_res: 1.703e-02,  Loss_bcs: 0.000e+00, Loss_ut_ics: 5.932e-06, Loss_norm: 5.822e-07, Loss_gauge: 0.000e+00, w_pde: 1.00e+00, L^2_error: 2.572e-03, lr: 1.000e-03, Time: 2.27e+04
INFO:src.utils.logger:Model state saved to results\box\DV\20260309-054344_seed0_box_DV_bq_circ19_e1500_w300_8q_2l\checkpoints\2026-03-09_05-43-45-452177_box_DV_seed\model.pth
INFO:src.utils.logger:Model weights saved to results\box\DV\20260309-054344_seed0_box_DV_bq_circ19_e1500_w300_8q_2l\checkpoints\2026-03-09_05-43-45-452177_box_DV_seed\model_weights.pth
INFO:src.utils.logger:It: 1450, Loss: 1.878e-02, Loss_res: 1.790e-02,  Loss_bcs: 0.000e+00, Loss_ut_ics: 3.473e-06, Loss_norm: 2.169e-06, Loss_gauge: 0.000e+00, w_pde: 1.00e+00, L^2_error: 2.764e-03, lr: 1.000e-03, Time: 2.28e+04
INFO:src.utils.logger:Model state saved to results\box\DV\20260309-054344_seed0_box_DV_bq_circ19_e1500_w300_8q_2l\checkpoints\2026-03-09_05-43-45-452177_box_DV_seed\model.pth
INFO:src.utils.logger:Model weights saved to results\box\DV\20260309-054344_seed0_box_DV_bq_circ19_e1500_w300_8q_2l\checkpoints\2026-03-09_05-43-45-452177_box_DV_seed\model_weights.pth
INFO:src.utils.logger:It: 1455, Loss: 1.731e-02, Loss_res: 1.711e-02,  Loss_bcs: 0.000e+00, Loss_ut_ics: 7.738e-07, Loss_norm: 4.533e-07, Loss_gauge: 0.000e+00, w_pde: 1.00e+00, L^2_error: 2.647e-03, lr: 1.000e-03, Time: 2.29e+04
INFO:src.utils.logger:Model state saved to results\box\DV\20260309-054344_seed0_box_DV_bq_circ19_e1500_w300_8q_2l\checkpoints\2026-03-09_05-43-45-452177_box_DV_seed\model.pth
INFO:src.utils.logger:Model weights saved to results\box\DV\20260309-054344_seed0_box_DV_bq_circ19_e1500_w300_8q_2l\checkpoints\2026-03-09_05-43-45-452177_box_DV_seed\model_weights.pth
INFO:src.utils.logger:It: 1460, Loss: 1.795e-02, Loss_res: 1.732e-02,  Loss_bcs: 0.000e+00, Loss_ut_ics: 2.475e-06, Loss_norm: 1.056e-06, Loss_gauge: 0.000e+00, w_pde: 1.00e+00, L^2_error: 2.768e-03, lr: 1.000e-03, Time: 2.29e+04
INFO:src.utils.logger:Model state saved to results\box\DV\20260309-054344_seed0_box_DV_bq_circ19_e1500_w300_8q_2l\checkpoints\2026-03-09_05-43-45-452177_box_DV_seed\model.pth
INFO:src.utils.logger:Model weights saved to results\box\DV\20260309-054344_seed0_box_DV_bq_circ19_e1500_w300_8q_2l\checkpoints\2026-03-09_05-43-45-452177_box_DV_seed\model_weights.pth
INFO:src.utils.logger:It: 1465, Loss: 1.689e-02, Loss_res: 1.667e-02,  Loss_bcs: 0.000e+00, Loss_ut_ics: 8.866e-07, Loss_norm: 1.278e-06, Loss_gauge: 0.000e+00, w_pde: 1.00e+00, L^2_error: 2.535e-03, lr: 1.000e-03, Time: 2.30e+04
INFO:src.utils.logger:Model state saved to results\box\DV\20260309-054344_seed0_box_DV_bq_circ19_e1500_w300_8q_2l\checkpoints\2026-03-09_05-43-45-452177_box_DV_seed\model.pth
INFO:src.utils.logger:Model weights saved to results\box\DV\20260309-054344_seed0_box_DV_bq_circ19_e1500_w300_8q_2l\checkpoints\2026-03-09_05-43-45-452177_box_DV_seed\model_weights.pth
INFO:src.utils.logger:It: 1470, Loss: 1.692e-02, Loss_res: 1.673e-02,  Loss_bcs: 0.000e+00, Loss_ut_ics: 7.703e-07, Loss_norm: 5.192e-07, Loss_gauge: 0.000e+00, w_pde: 1.00e+00, L^2_error: 2.546e-03, lr: 1.000e-03, Time: 2.31e+04
INFO:src.utils.logger:Model state saved to results\box\DV\20260309-054344_seed0_box_DV_bq_circ19_e1500_w300_8q_2l\checkpoints\2026-03-09_05-43-45-452177_box_DV_seed\model.pth
INFO:src.utils.logger:Model weights saved to results\box\DV\20260309-054344_seed0_box_DV_bq_circ19_e1500_w300_8q_2l\checkpoints\2026-03-09_05-43-45-452177_box_DV_seed\model_weights.pth
INFO:src.utils.logger:It: 1475, Loss: 1.786e-02, Loss_res: 1.760e-02,  Loss_bcs: 0.000e+00, Loss_ut_ics: 1.006e-06, Loss_norm: 6.789e-07, Loss_gauge: 0.000e+00, w_pde: 1.00e+00, L^2_error: 2.529e-03, lr: 1.000e-03, Time: 2.32e+04
INFO:src.utils.logger:Model state saved to results\box\DV\20260309-054344_seed0_box_DV_bq_circ19_e1500_w300_8q_2l\checkpoints\2026-03-09_05-43-45-452177_box_DV_seed\model.pth
INFO:src.utils.logger:Model weights saved to results\box\DV\20260309-054344_seed0_box_DV_bq_circ19_e1500_w300_8q_2l\checkpoints\2026-03-09_05-43-45-452177_box_DV_seed\model_weights.pth
INFO:src.utils.logger:It: 1480, Loss: 1.556e-02, Loss_res: 1.538e-02,  Loss_bcs: 0.000e+00, Loss_ut_ics: 7.223e-07, Loss_norm: 1.069e-06, Loss_gauge: 0.000e+00, w_pde: 1.00e+00, L^2_error: 2.665e-03, lr: 1.000e-03, Time: 2.33e+04
INFO:src.utils.logger:Model state saved to results\box\DV\20260309-054344_seed0_box_DV_bq_circ19_e1500_w300_8q_2l\checkpoints\2026-03-09_05-43-45-452177_box_DV_seed\model.pth
INFO:src.utils.logger:Model weights saved to results\box\DV\20260309-054344_seed0_box_DV_bq_circ19_e1500_w300_8q_2l\checkpoints\2026-03-09_05-43-45-452177_box_DV_seed\model_weights.pth
INFO:src.utils.logger:It: 1485, Loss: 1.547e-02, Loss_res: 1.518e-02,  Loss_bcs: 0.000e+00, Loss_ut_ics: 1.126e-06, Loss_norm: 1.750e-06, Loss_gauge: 0.000e+00, w_pde: 1.00e+00, L^2_error: 2.678e-03, lr: 1.000e-03, Time: 2.33e+04
INFO:src.utils.logger:Model state saved to results\box\DV\20260309-054344_seed0_box_DV_bq_circ19_e1500_w300_8q_2l\checkpoints\2026-03-09_05-43-45-452177_box_DV_seed\model.pth
INFO:src.utils.logger:Model weights saved to results\box\DV\20260309-054344_seed0_box_DV_bq_circ19_e1500_w300_8q_2l\checkpoints\2026-03-09_05-43-45-452177_box_DV_seed\model_weights.pth
INFO:src.utils.logger:It: 1490, Loss: 1.680e-02, Loss_res: 1.665e-02,  Loss_bcs: 0.000e+00, Loss_ut_ics: 5.901e-07, Loss_norm: 1.110e-06, Loss_gauge: 0.000e+00, w_pde: 1.00e+00, L^2_error: 2.587e-03, lr: 1.000e-03, Time: 2.34e+04
INFO:src.utils.logger:Model state saved to results\box\DV\20260309-054344_seed0_box_DV_bq_circ19_e1500_w300_8q_2l\checkpoints\2026-03-09_05-43-45-452177_box_DV_seed\model.pth
INFO:src.utils.logger:Model weights saved to results\box\DV\20260309-054344_seed0_box_DV_bq_circ19_e1500_w300_8q_2l\checkpoints\2026-03-09_05-43-45-452177_box_DV_seed\model_weights.pth
INFO:src.utils.logger:It: 1495, Loss: 1.695e-02, Loss_res: 1.669e-02,  Loss_bcs: 0.000e+00, Loss_ut_ics: 1.038e-06, Loss_norm: 7.524e-07, Loss_gauge: 0.000e+00, w_pde: 1.00e+00, L^2_error: 2.581e-03, lr: 1.000e-03, Time: 2.35e+04
INFO:src.utils.logger:Model state saved to results\box\DV\20260309-054344_seed0_box_DV_bq_circ19_e1500_w300_8q_2l\checkpoints\2026-03-09_05-43-45-452177_box_DV_seed\model.pth
INFO:src.utils.logger:Model weights saved to results\box\DV\20260309-054344_seed0_box_DV_bq_circ19_e1500_w300_8q_2l\checkpoints\2026-03-09_05-43-45-452177_box_DV_seed\model_weights.pth
INFO:src.utils.logger:It: 1500, Loss: 1.633e-02, Loss_res: 1.615e-02,  Loss_bcs: 0.000e+00, Loss_ut_ics: 6.728e-07, Loss_norm: 1.155e-06, Loss_gauge: 0.000e+00, w_pde: 1.00e+00, L^2_error: 2.341e-03, lr: 1.000e-03, Time: 2.36e+04
INFO:src.utils.logger:Model state saved to results\box\DV\20260309-054344_seed0_box_DV_bq_circ19_e1500_w300_8q_2l\checkpoints\2026-03-09_05-43-45-452177_box_DV_seed\model.pth
INFO:src.utils.logger:Model weights saved to results\box\DV\20260309-054344_seed0_box_DV_bq_circ19_e1500_w300_8q_2l\checkpoints\2026-03-09_05-43-45-452177_box_DV_seed\model_weights.pth
