2026-05-03 11:30:37,150 INFO:src.utils.logger:TEST: ahora deberías ver esto en el notebook y guardado en python.log
INFO:src.utils.logger:TEST: ahora deberías ver esto en el notebook y guardado en python.log
INFO:src.utils.logger:It: 1, Loss: 2.040e+02, Loss_res: 2.680e+01,  Loss_bcs: 0.000e+00, Loss_ut_ics: 8.027e-01, Loss_norm: 6.479e-01, Loss_gauge: 0.000e+00, w_pde: 3.33e-03, L^2_error: 6.330e-01, lr: 1.000e-03, Time: 1.32e+01
INFO:src.utils.logger:Model state saved to results\box\DV\20260503-113031_seed0_bf_box_DV_circ19_e1500_8q_2l_seed2026\checkpoints\2026-05-03_11-30-32-332938_box_DV_seed\model.pth
INFO:src.utils.logger:Model weights saved to results\box\DV\20260503-113031_seed0_bf_box_DV_circ19_e1500_8q_2l_seed2026\checkpoints\2026-05-03_11-30-32-332938_box_DV_seed\model_weights.pth
INFO:src.utils.logger:It: 2, Loss: 1.568e+02, Loss_res: 1.905e+01,  Loss_bcs: 0.000e+00, Loss_ut_ics: 6.134e-01, Loss_norm: 6.587e-01, Loss_gauge: 0.000e+00, w_pde: 6.67e-03, L^2_error: 6.330e-01, lr: 1.000e-03, Time: 2.60e+01
INFO:src.utils.logger:Model state saved to results\box\DV\20260503-113031_seed0_bf_box_DV_circ19_e1500_8q_2l_seed2026\checkpoints\2026-05-03_11-30-32-332938_box_DV_seed\model.pth
INFO:src.utils.logger:Model weights saved to results\box\DV\20260503-113031_seed0_bf_box_DV_circ19_e1500_8q_2l_seed2026\checkpoints\2026-05-03_11-30-32-332938_box_DV_seed\model_weights.pth
INFO:src.utils.logger:It: 4, Loss: 9.123e+01, Loss_res: 1.038e+01,  Loss_bcs: 0.000e+00, Loss_ut_ics: 3.519e-01, Loss_norm: 6.219e-01, Loss_gauge: 0.000e+00, w_pde: 1.33e-02, L^2_error: 6.330e-01, lr: 1.000e-03, Time: 4.87e+01
INFO:src.utils.logger:Model state saved to results\box\DV\20260503-113031_seed0_bf_box_DV_circ19_e1500_8q_2l_seed2026\checkpoints\2026-05-03_11-30-32-332938_box_DV_seed\model.pth
INFO:src.utils.logger:Model weights saved to results\box\DV\20260503-113031_seed0_bf_box_DV_circ19_e1500_8q_2l_seed2026\checkpoints\2026-05-03_11-30-32-332938_box_DV_seed\model_weights.pth
INFO:src.utils.logger:It: 6, Loss: 5.750e+01, Loss_res: 1.085e+01,  Loss_bcs: 0.000e+00, Loss_ut_ics: 2.189e-01, Loss_norm: 5.133e-01, Loss_gauge: 0.000e+00, w_pde: 2.00e-02, L^2_error: 8.136e-01, lr: 1.000e-03, Time: 7.12e+01
INFO:src.utils.logger:Model state saved to results\box\DV\20260503-113031_seed0_bf_box_DV_circ19_e1500_8q_2l_seed2026\checkpoints\2026-05-03_11-30-32-332938_box_DV_seed\model.pth
INFO:src.utils.logger:Model weights saved to results\box\DV\20260503-113031_seed0_bf_box_DV_circ19_e1500_8q_2l_seed2026\checkpoints\2026-05-03_11-30-32-332938_box_DV_seed\model_weights.pth
INFO:src.utils.logger:It: 8, Loss: 4.283e+01, Loss_res: 1.548e+01,  Loss_bcs: 0.000e+00, Loss_ut_ics: 1.623e-01, Loss_norm: 3.692e-01, Loss_gauge: 0.000e+00, w_pde: 2.67e-02, L^2_error: 8.136e-01, lr: 1.000e-03, Time: 9.55e+01
INFO:src.utils.logger:Model state saved to results\box\DV\20260503-113031_seed0_bf_box_DV_circ19_e1500_8q_2l_seed2026\checkpoints\2026-05-03_11-30-32-332938_box_DV_seed\model.pth
INFO:src.utils.logger:Model weights saved to results\box\DV\20260503-113031_seed0_bf_box_DV_circ19_e1500_8q_2l_seed2026\checkpoints\2026-05-03_11-30-32-332938_box_DV_seed\model_weights.pth
INFO:src.utils.logger:It: 10, Loss: 3.389e+01, Loss_res: 2.122e+01,  Loss_bcs: 0.000e+00, Loss_ut_ics: 1.281e-01, Loss_norm: 2.291e-01, Loss_gauge: 0.000e+00, w_pde: 3.33e-02, L^2_error: 9.406e-01, lr: 1.000e-03, Time: 1.18e+02
INFO:src.utils.logger:Model state saved to results\box\DV\20260503-113031_seed0_bf_box_DV_circ19_e1500_8q_2l_seed2026\checkpoints\2026-05-03_11-30-32-332938_box_DV_seed\model.pth
INFO:src.utils.logger:Model weights saved to results\box\DV\20260503-113031_seed0_bf_box_DV_circ19_e1500_8q_2l_seed2026\checkpoints\2026-05-03_11-30-32-332938_box_DV_seed\model_weights.pth
INFO:src.utils.logger:It: 12, Loss: 2.375e+01, Loss_res: 2.517e+01,  Loss_bcs: 0.000e+00, Loss_ut_ics: 8.863e-02, Loss_norm: 1.173e-01, Loss_gauge: 0.000e+00, w_pde: 4.00e-02, L^2_error: 9.406e-01, lr: 1.000e-03, Time: 1.40e+02
INFO:src.utils.logger:Model state saved to results\box\DV\20260503-113031_seed0_bf_box_DV_circ19_e1500_8q_2l_seed2026\checkpoints\2026-05-03_11-30-32-332938_box_DV_seed\model.pth
INFO:src.utils.logger:Model weights saved to results\box\DV\20260503-113031_seed0_bf_box_DV_circ19_e1500_8q_2l_seed2026\checkpoints\2026-05-03_11-30-32-332938_box_DV_seed\model_weights.pth
INFO:src.utils.logger:It: 14, Loss: 1.299e+01, Loss_res: 2.751e+01,  Loss_bcs: 0.000e+00, Loss_ut_ics: 4.598e-02, Loss_norm: 4.238e-02, Loss_gauge: 0.000e+00, w_pde: 4.67e-02, L^2_error: 9.406e-01, lr: 1.000e-03, Time: 1.63e+02
INFO:src.utils.logger:Model state saved to results\box\DV\20260503-113031_seed0_bf_box_DV_circ19_e1500_8q_2l_seed2026\checkpoints\2026-05-03_11-30-32-332938_box_DV_seed\model.pth
INFO:src.utils.logger:Model weights saved to results\box\DV\20260503-113031_seed0_bf_box_DV_circ19_e1500_8q_2l_seed2026\checkpoints\2026-05-03_11-30-32-332938_box_DV_seed\model_weights.pth
INFO:src.utils.logger:It: 16, Loss: 5.280e+00, Loss_res: 3.001e+01,  Loss_bcs: 0.000e+00, Loss_ut_ics: 1.461e-02, Loss_norm: 5.332e-03, Loss_gauge: 0.000e+00, w_pde: 5.33e-02, L^2_error: 9.534e-01, lr: 1.000e-03, Time: 1.85e+02
INFO:src.utils.logger:Model state saved to results\box\DV\20260503-113031_seed0_bf_box_DV_circ19_e1500_8q_2l_seed2026\checkpoints\2026-05-03_11-30-32-332938_box_DV_seed\model.pth
INFO:src.utils.logger:Model weights saved to results\box\DV\20260503-113031_seed0_bf_box_DV_circ19_e1500_8q_2l_seed2026\checkpoints\2026-05-03_11-30-32-332938_box_DV_seed\model_weights.pth
INFO:src.utils.logger:It: 18, Loss: 3.126e+00, Loss_res: 3.302e+01,  Loss_bcs: 0.000e+00, Loss_ut_ics: 4.528e-03, Loss_norm: 2.564e-03, Loss_gauge: 0.000e+00, w_pde: 6.00e-02, L^2_error: 9.534e-01, lr: 1.000e-03, Time: 2.08e+02
INFO:src.utils.logger:Model state saved to results\box\DV\20260503-113031_seed0_bf_box_DV_circ19_e1500_8q_2l_seed2026\checkpoints\2026-05-03_11-30-32-332938_box_DV_seed\model.pth
INFO:src.utils.logger:Model weights saved to results\box\DV\20260503-113031_seed0_bf_box_DV_circ19_e1500_8q_2l_seed2026\checkpoints\2026-05-03_11-30-32-332938_box_DV_seed\model_weights.pth
INFO:src.utils.logger:It: 20, Loss: 5.790e+00, Loss_res: 3.607e+01,  Loss_bcs: 0.000e+00, Loss_ut_ics: 1.305e-02, Loss_norm: 2.438e-02, Loss_gauge: 0.000e+00, w_pde: 6.67e-02, L^2_error: 9.471e-01, lr: 1.000e-03, Time: 2.32e+02
INFO:src.utils.logger:Model state saved to results\box\DV\20260503-113031_seed0_bf_box_DV_circ19_e1500_8q_2l_seed2026\checkpoints\2026-05-03_11-30-32-332938_box_DV_seed\model.pth
INFO:src.utils.logger:Model weights saved to results\box\DV\20260503-113031_seed0_bf_box_DV_circ19_e1500_8q_2l_seed2026\checkpoints\2026-05-03_11-30-32-332938_box_DV_seed\model_weights.pth
INFO:src.utils.logger:It: 22, Loss: 9.859e+00, Loss_res: 3.865e+01,  Loss_bcs: 0.000e+00, Loss_ut_ics: 2.701e-02, Loss_norm: 5.463e-02, Loss_gauge: 0.000e+00, w_pde: 7.33e-02, L^2_error: 9.471e-01, lr: 1.000e-03, Time: 2.55e+02
INFO:src.utils.logger:Model state saved to results\box\DV\20260503-113031_seed0_bf_box_DV_circ19_e1500_8q_2l_seed2026\checkpoints\2026-05-03_11-30-32-332938_box_DV_seed\model.pth
INFO:src.utils.logger:Model weights saved to results\box\DV\20260503-113031_seed0_bf_box_DV_circ19_e1500_8q_2l_seed2026\checkpoints\2026-05-03_11-30-32-332938_box_DV_seed\model_weights.pth
INFO:src.utils.logger:It: 24, Loss: 1.204e+01, Loss_res: 3.992e+01,  Loss_bcs: 0.000e+00, Loss_ut_ics: 3.386e-02, Loss_norm: 7.696e-02, Loss_gauge: 0.000e+00, w_pde: 8.00e-02, L^2_error: 9.471e-01, lr: 1.000e-03, Time: 2.78e+02
INFO:src.utils.logger:Model state saved to results\box\DV\20260503-113031_seed0_bf_box_DV_circ19_e1500_8q_2l_seed2026\checkpoints\2026-05-03_11-30-32-332938_box_DV_seed\model.pth
INFO:src.utils.logger:Model weights saved to results\box\DV\20260503-113031_seed0_bf_box_DV_circ19_e1500_8q_2l_seed2026\checkpoints\2026-05-03_11-30-32-332938_box_DV_seed\model_weights.pth
INFO:src.utils.logger:It: 26, Loss: 1.155e+01, Loss_res: 3.988e+01,  Loss_bcs: 0.000e+00, Loss_ut_ics: 3.072e-02, Loss_norm: 8.285e-02, Loss_gauge: 0.000e+00, w_pde: 8.67e-02, L^2_error: 9.660e-01, lr: 1.000e-03, Time: 3.02e+02
INFO:src.utils.logger:Model state saved to results\box\DV\20260503-113031_seed0_bf_box_DV_circ19_e1500_8q_2l_seed2026\checkpoints\2026-05-03_11-30-32-332938_box_DV_seed\model.pth
INFO:src.utils.logger:Model weights saved to results\box\DV\20260503-113031_seed0_bf_box_DV_circ19_e1500_8q_2l_seed2026\checkpoints\2026-05-03_11-30-32-332938_box_DV_seed\model_weights.pth
INFO:src.utils.logger:It: 28, Loss: 9.705e+00, Loss_res: 3.899e+01,  Loss_bcs: 0.000e+00, Loss_ut_ics: 2.280e-02, Loss_norm: 7.318e-02, Loss_gauge: 0.000e+00, w_pde: 9.33e-02, L^2_error: 9.660e-01, lr: 1.000e-03, Time: 3.27e+02
INFO:src.utils.logger:Model state saved to results\box\DV\20260503-113031_seed0_bf_box_DV_circ19_e1500_8q_2l_seed2026\checkpoints\2026-05-03_11-30-32-332938_box_DV_seed\model.pth
INFO:src.utils.logger:Model weights saved to results\box\DV\20260503-113031_seed0_bf_box_DV_circ19_e1500_8q_2l_seed2026\checkpoints\2026-05-03_11-30-32-332938_box_DV_seed\model_weights.pth
INFO:src.utils.logger:It: 30, Loss: 8.067e+00, Loss_res: 3.754e+01,  Loss_bcs: 0.000e+00, Loss_ut_ics: 1.617e-02, Loss_norm: 5.422e-02, Loss_gauge: 0.000e+00, w_pde: 1.00e-01, L^2_error: 9.842e-01, lr: 1.000e-03, Time: 3.51e+02
INFO:src.utils.logger:Model state saved to results\box\DV\20260503-113031_seed0_bf_box_DV_circ19_e1500_8q_2l_seed2026\checkpoints\2026-05-03_11-30-32-332938_box_DV_seed\model.pth
INFO:src.utils.logger:Model weights saved to results\box\DV\20260503-113031_seed0_bf_box_DV_circ19_e1500_8q_2l_seed2026\checkpoints\2026-05-03_11-30-32-332938_box_DV_seed\model_weights.pth
INFO:src.utils.logger:It: 32, Loss: 7.233e+00, Loss_res: 3.622e+01,  Loss_bcs: 0.000e+00, Loss_ut_ics: 1.282e-02, Loss_norm: 3.310e-02, Loss_gauge: 0.000e+00, w_pde: 1.07e-01, L^2_error: 9.842e-01, lr: 1.000e-03, Time: 3.75e+02
INFO:src.utils.logger:Model state saved to results\box\DV\20260503-113031_seed0_bf_box_DV_circ19_e1500_8q_2l_seed2026\checkpoints\2026-05-03_11-30-32-332938_box_DV_seed\model.pth
INFO:src.utils.logger:Model weights saved to results\box\DV\20260503-113031_seed0_bf_box_DV_circ19_e1500_8q_2l_seed2026\checkpoints\2026-05-03_11-30-32-332938_box_DV_seed\model_weights.pth
INFO:src.utils.logger:It: 34, Loss: 6.711e+00, Loss_res: 3.443e+01,  Loss_bcs: 0.000e+00, Loss_ut_ics: 1.093e-02, Loss_norm: 1.542e-02, Loss_gauge: 0.000e+00, w_pde: 1.13e-01, L^2_error: 9.842e-01, lr: 1.000e-03, Time: 4.00e+02
INFO:src.utils.logger:Model state saved to results\box\DV\20260503-113031_seed0_bf_box_DV_circ19_e1500_8q_2l_seed2026\checkpoints\2026-05-03_11-30-32-332938_box_DV_seed\model.pth
INFO:src.utils.logger:Model weights saved to results\box\DV\20260503-113031_seed0_bf_box_DV_circ19_e1500_8q_2l_seed2026\checkpoints\2026-05-03_11-30-32-332938_box_DV_seed\model_weights.pth
INFO:src.utils.logger:It: 36, Loss: 6.037e+00, Loss_res: 3.259e+01,  Loss_bcs: 0.000e+00, Loss_ut_ics: 8.420e-03, Loss_norm: 4.257e-03, Loss_gauge: 0.000e+00, w_pde: 1.20e-01, L^2_error: 9.622e-01, lr: 1.000e-03, Time: 4.23e+02
INFO:src.utils.logger:Model state saved to results\box\DV\20260503-113031_seed0_bf_box_DV_circ19_e1500_8q_2l_seed2026\checkpoints\2026-05-03_11-30-32-332938_box_DV_seed\model.pth
INFO:src.utils.logger:Model weights saved to results\box\DV\20260503-113031_seed0_bf_box_DV_circ19_e1500_8q_2l_seed2026\checkpoints\2026-05-03_11-30-32-332938_box_DV_seed\model_weights.pth
INFO:src.utils.logger:It: 38, Loss: 5.239e+00, Loss_res: 3.060e+01,  Loss_bcs: 0.000e+00, Loss_ut_ics: 5.449e-03, Loss_norm: 1.790e-04, Loss_gauge: 0.000e+00, w_pde: 1.27e-01, L^2_error: 9.622e-01, lr: 1.000e-03, Time: 4.45e+02
INFO:src.utils.logger:Model state saved to results\box\DV\20260503-113031_seed0_bf_box_DV_circ19_e1500_8q_2l_seed2026\checkpoints\2026-05-03_11-30-32-332938_box_DV_seed\model.pth
INFO:src.utils.logger:Model weights saved to results\box\DV\20260503-113031_seed0_bf_box_DV_circ19_e1500_8q_2l_seed2026\checkpoints\2026-05-03_11-30-32-332938_box_DV_seed\model_weights.pth
INFO:src.utils.logger:It: 40, Loss: 4.810e+00, Loss_res: 2.907e+01,  Loss_bcs: 0.000e+00, Loss_ut_ics: 3.704e-03, Loss_norm: 1.720e-03, Loss_gauge: 0.000e+00, w_pde: 1.33e-01, L^2_error: 9.068e-01, lr: 1.000e-03, Time: 4.67e+02
INFO:src.utils.logger:Model state saved to results\box\DV\20260503-113031_seed0_bf_box_DV_circ19_e1500_8q_2l_seed2026\checkpoints\2026-05-03_11-30-32-332938_box_DV_seed\model.pth
INFO:src.utils.logger:Model weights saved to results\box\DV\20260503-113031_seed0_bf_box_DV_circ19_e1500_8q_2l_seed2026\checkpoints\2026-05-03_11-30-32-332938_box_DV_seed\model_weights.pth
INFO:src.utils.logger:It: 42, Loss: 4.960e+00, Loss_res: 2.774e+01,  Loss_bcs: 0.000e+00, Loss_ut_ics: 4.175e-03, Loss_norm: 6.389e-03, Loss_gauge: 0.000e+00, w_pde: 1.40e-01, L^2_error: 9.068e-01, lr: 1.000e-03, Time: 4.89e+02
INFO:src.utils.logger:Model state saved to results\box\DV\20260503-113031_seed0_bf_box_DV_circ19_e1500_8q_2l_seed2026\checkpoints\2026-05-03_11-30-32-332938_box_DV_seed\model.pth
INFO:src.utils.logger:Model weights saved to results\box\DV\20260503-113031_seed0_bf_box_DV_circ19_e1500_8q_2l_seed2026\checkpoints\2026-05-03_11-30-32-332938_box_DV_seed\model_weights.pth
INFO:src.utils.logger:It: 44, Loss: 5.492e+00, Loss_res: 2.675e+01,  Loss_bcs: 0.000e+00, Loss_ut_ics: 6.038e-03, Loss_norm: 1.174e-02, Loss_gauge: 0.000e+00, w_pde: 1.47e-01, L^2_error: 9.068e-01, lr: 1.000e-03, Time: 5.12e+02
INFO:src.utils.logger:Model state saved to results\box\DV\20260503-113031_seed0_bf_box_DV_circ19_e1500_8q_2l_seed2026\checkpoints\2026-05-03_11-30-32-332938_box_DV_seed\model.pth
INFO:src.utils.logger:Model weights saved to results\box\DV\20260503-113031_seed0_bf_box_DV_circ19_e1500_8q_2l_seed2026\checkpoints\2026-05-03_11-30-32-332938_box_DV_seed\model_weights.pth
INFO:src.utils.logger:It: 46, Loss: 5.968e+00, Loss_res: 2.607e+01,  Loss_bcs: 0.000e+00, Loss_ut_ics: 7.565e-03, Loss_norm: 1.600e-02, Loss_gauge: 0.000e+00, w_pde: 1.53e-01, L^2_error: 8.702e-01, lr: 1.000e-03, Time: 5.34e+02
INFO:src.utils.logger:Model state saved to results\box\DV\20260503-113031_seed0_bf_box_DV_circ19_e1500_8q_2l_seed2026\checkpoints\2026-05-03_11-30-32-332938_box_DV_seed\model.pth
INFO:src.utils.logger:Model weights saved to results\box\DV\20260503-113031_seed0_bf_box_DV_circ19_e1500_8q_2l_seed2026\checkpoints\2026-05-03_11-30-32-332938_box_DV_seed\model_weights.pth
INFO:src.utils.logger:It: 48, Loss: 6.161e+00, Loss_res: 2.582e+01,  Loss_bcs: 0.000e+00, Loss_ut_ics: 7.751e-03, Loss_norm: 1.827e-02, Loss_gauge: 0.000e+00, w_pde: 1.60e-01, L^2_error: 8.702e-01, lr: 1.000e-03, Time: 5.56e+02
INFO:src.utils.logger:Model state saved to results\box\DV\20260503-113031_seed0_bf_box_DV_circ19_e1500_8q_2l_seed2026\checkpoints\2026-05-03_11-30-32-332938_box_DV_seed\model.pth
INFO:src.utils.logger:Model weights saved to results\box\DV\20260503-113031_seed0_bf_box_DV_circ19_e1500_8q_2l_seed2026\checkpoints\2026-05-03_11-30-32-332938_box_DV_seed\model_weights.pth
INFO:src.utils.logger:It: 50, Loss: 6.078e+00, Loss_res: 2.555e+01,  Loss_bcs: 0.000e+00, Loss_ut_ics: 6.908e-03, Loss_norm: 1.833e-02, Loss_gauge: 0.000e+00, w_pde: 1.67e-01, L^2_error: 8.756e-01, lr: 1.000e-03, Time: 5.78e+02
INFO:src.utils.logger:Model state saved to results\box\DV\20260503-113031_seed0_bf_box_DV_circ19_e1500_8q_2l_seed2026\checkpoints\2026-05-03_11-30-32-332938_box_DV_seed\model.pth
INFO:src.utils.logger:Model weights saved to results\box\DV\20260503-113031_seed0_bf_box_DV_circ19_e1500_8q_2l_seed2026\checkpoints\2026-05-03_11-30-32-332938_box_DV_seed\model_weights.pth
INFO:src.utils.logger:It: 52, Loss: 5.999e+00, Loss_res: 2.560e+01,  Loss_bcs: 0.000e+00, Loss_ut_ics: 5.914e-03, Loss_norm: 1.654e-02, Loss_gauge: 0.000e+00, w_pde: 1.73e-01, L^2_error: 8.756e-01, lr: 1.000e-03, Time: 6.01e+02
INFO:src.utils.logger:Model state saved to results\box\DV\20260503-113031_seed0_bf_box_DV_circ19_e1500_8q_2l_seed2026\checkpoints\2026-05-03_11-30-32-332938_box_DV_seed\model.pth
INFO:src.utils.logger:Model weights saved to results\box\DV\20260503-113031_seed0_bf_box_DV_circ19_e1500_8q_2l_seed2026\checkpoints\2026-05-03_11-30-32-332938_box_DV_seed\model_weights.pth
INFO:src.utils.logger:It: 54, Loss: 6.025e+00, Loss_res: 2.585e+01,  Loss_bcs: 0.000e+00, Loss_ut_ics: 5.215e-03, Loss_norm: 1.360e-02, Loss_gauge: 0.000e+00, w_pde: 1.80e-01, L^2_error: 8.756e-01, lr: 1.000e-03, Time: 6.23e+02
INFO:src.utils.logger:Model state saved to results\box\DV\20260503-113031_seed0_bf_box_DV_circ19_e1500_8q_2l_seed2026\checkpoints\2026-05-03_11-30-32-332938_box_DV_seed\model.pth
INFO:src.utils.logger:Model weights saved to results\box\DV\20260503-113031_seed0_bf_box_DV_circ19_e1500_8q_2l_seed2026\checkpoints\2026-05-03_11-30-32-332938_box_DV_seed\model_weights.pth
INFO:src.utils.logger:It: 56, Loss: 6.087e+00, Loss_res: 2.614e+01,  Loss_bcs: 0.000e+00, Loss_ut_ics: 4.625e-03, Loss_norm: 1.031e-02, Loss_gauge: 0.000e+00, w_pde: 1.87e-01, L^2_error: 8.925e-01, lr: 1.000e-03, Time: 6.45e+02
INFO:src.utils.logger:Model state saved to results\box\DV\20260503-113031_seed0_bf_box_DV_circ19_e1500_8q_2l_seed2026\checkpoints\2026-05-03_11-30-32-332938_box_DV_seed\model.pth
INFO:src.utils.logger:Model weights saved to results\box\DV\20260503-113031_seed0_bf_box_DV_circ19_e1500_8q_2l_seed2026\checkpoints\2026-05-03_11-30-32-332938_box_DV_seed\model_weights.pth
INFO:src.utils.logger:It: 58, Loss: 6.142e+00, Loss_res: 2.655e+01,  Loss_bcs: 0.000e+00, Loss_ut_ics: 3.887e-03, Loss_norm: 7.324e-03, Loss_gauge: 0.000e+00, w_pde: 1.93e-01, L^2_error: 8.925e-01, lr: 1.000e-03, Time: 6.67e+02
INFO:src.utils.logger:Model state saved to results\box\DV\20260503-113031_seed0_bf_box_DV_circ19_e1500_8q_2l_seed2026\checkpoints\2026-05-03_11-30-32-332938_box_DV_seed\model.pth
INFO:src.utils.logger:Model weights saved to results\box\DV\20260503-113031_seed0_bf_box_DV_circ19_e1500_8q_2l_seed2026\checkpoints\2026-05-03_11-30-32-332938_box_DV_seed\model_weights.pth
INFO:src.utils.logger:It: 60, Loss: 6.167e+00, Loss_res: 2.683e+01,  Loss_bcs: 0.000e+00, Loss_ut_ics: 3.104e-03, Loss_norm: 5.002e-03, Loss_gauge: 0.000e+00, w_pde: 2.00e-01, L^2_error: 8.930e-01, lr: 1.000e-03, Time: 6.89e+02
INFO:src.utils.logger:Model state saved to results\box\DV\20260503-113031_seed0_bf_box_DV_circ19_e1500_8q_2l_seed2026\checkpoints\2026-05-03_11-30-32-332938_box_DV_seed\model.pth
INFO:src.utils.logger:Model weights saved to results\box\DV\20260503-113031_seed0_bf_box_DV_circ19_e1500_8q_2l_seed2026\checkpoints\2026-05-03_11-30-32-332938_box_DV_seed\model_weights.pth
INFO:src.utils.logger:It: 62, Loss: 6.247e+00, Loss_res: 2.702e+01,  Loss_bcs: 0.000e+00, Loss_ut_ics: 2.584e-03, Loss_norm: 3.437e-03, Loss_gauge: 0.000e+00, w_pde: 2.07e-01, L^2_error: 8.930e-01, lr: 1.000e-03, Time: 7.16e+02
INFO:src.utils.logger:Model state saved to results\box\DV\20260503-113031_seed0_bf_box_DV_circ19_e1500_8q_2l_seed2026\checkpoints\2026-05-03_11-30-32-332938_box_DV_seed\model.pth
INFO:src.utils.logger:Model weights saved to results\box\DV\20260503-113031_seed0_bf_box_DV_circ19_e1500_8q_2l_seed2026\checkpoints\2026-05-03_11-30-32-332938_box_DV_seed\model_weights.pth
INFO:src.utils.logger:It: 64, Loss: 6.425e+00, Loss_res: 2.722e+01,  Loss_bcs: 0.000e+00, Loss_ut_ics: 2.425e-03, Loss_norm: 2.544e-03, Loss_gauge: 0.000e+00, w_pde: 2.13e-01, L^2_error: 8.930e-01, lr: 1.000e-03, Time: 7.40e+02
INFO:src.utils.logger:Model state saved to results\box\DV\20260503-113031_seed0_bf_box_DV_circ19_e1500_8q_2l_seed2026\checkpoints\2026-05-03_11-30-32-332938_box_DV_seed\model.pth
INFO:src.utils.logger:Model weights saved to results\box\DV\20260503-113031_seed0_bf_box_DV_circ19_e1500_8q_2l_seed2026\checkpoints\2026-05-03_11-30-32-332938_box_DV_seed\model_weights.pth
INFO:src.utils.logger:It: 66, Loss: 6.587e+00, Loss_res: 2.714e+01,  Loss_bcs: 0.000e+00, Loss_ut_ics: 2.426e-03, Loss_norm: 2.171e-03, Loss_gauge: 0.000e+00, w_pde: 2.20e-01, L^2_error: 8.854e-01, lr: 1.000e-03, Time: 7.67e+02
INFO:src.utils.logger:Model state saved to results\box\DV\20260503-113031_seed0_bf_box_DV_circ19_e1500_8q_2l_seed2026\checkpoints\2026-05-03_11-30-32-332938_box_DV_seed\model.pth
INFO:src.utils.logger:Model weights saved to results\box\DV\20260503-113031_seed0_bf_box_DV_circ19_e1500_8q_2l_seed2026\checkpoints\2026-05-03_11-30-32-332938_box_DV_seed\model_weights.pth
INFO:src.utils.logger:It: 68, Loss: 6.742e+00, Loss_res: 2.709e+01,  Loss_bcs: 0.000e+00, Loss_ut_ics: 2.358e-03, Loss_norm: 2.197e-03, Loss_gauge: 0.000e+00, w_pde: 2.27e-01, L^2_error: 8.854e-01, lr: 1.000e-03, Time: 7.94e+02
INFO:src.utils.logger:Model state saved to results\box\DV\20260503-113031_seed0_bf_box_DV_circ19_e1500_8q_2l_seed2026\checkpoints\2026-05-03_11-30-32-332938_box_DV_seed\model.pth
INFO:src.utils.logger:Model weights saved to results\box\DV\20260503-113031_seed0_bf_box_DV_circ19_e1500_8q_2l_seed2026\checkpoints\2026-05-03_11-30-32-332938_box_DV_seed\model_weights.pth
INFO:src.utils.logger:It: 70, Loss: 6.834e+00, Loss_res: 2.686e+01,  Loss_bcs: 0.000e+00, Loss_ut_ics: 2.214e-03, Loss_norm: 2.574e-03, Loss_gauge: 0.000e+00, w_pde: 2.33e-01, L^2_error: 8.821e-01, lr: 1.000e-03, Time: 8.20e+02
INFO:src.utils.logger:Model state saved to results\box\DV\20260503-113031_seed0_bf_box_DV_circ19_e1500_8q_2l_seed2026\checkpoints\2026-05-03_11-30-32-332938_box_DV_seed\model.pth
INFO:src.utils.logger:Model weights saved to results\box\DV\20260503-113031_seed0_bf_box_DV_circ19_e1500_8q_2l_seed2026\checkpoints\2026-05-03_11-30-32-332938_box_DV_seed\model_weights.pth
INFO:src.utils.logger:It: 72, Loss: 6.893e+00, Loss_res: 2.644e+01,  Loss_bcs: 0.000e+00, Loss_ut_ics: 2.123e-03, Loss_norm: 3.310e-03, Loss_gauge: 0.000e+00, w_pde: 2.40e-01, L^2_error: 8.821e-01, lr: 1.000e-03, Time: 8.48e+02
INFO:src.utils.logger:Model state saved to results\box\DV\20260503-113031_seed0_bf_box_DV_circ19_e1500_8q_2l_seed2026\checkpoints\2026-05-03_11-30-32-332938_box_DV_seed\model.pth
INFO:src.utils.logger:Model weights saved to results\box\DV\20260503-113031_seed0_bf_box_DV_circ19_e1500_8q_2l_seed2026\checkpoints\2026-05-03_11-30-32-332938_box_DV_seed\model_weights.pth
INFO:src.utils.logger:It: 74, Loss: 6.991e+00, Loss_res: 2.607e+01,  Loss_bcs: 0.000e+00, Loss_ut_ics: 2.155e-03, Loss_norm: 4.429e-03, Loss_gauge: 0.000e+00, w_pde: 2.47e-01, L^2_error: 8.821e-01, lr: 1.000e-03, Time: 8.73e+02
INFO:src.utils.logger:Model state saved to results\box\DV\20260503-113031_seed0_bf_box_DV_circ19_e1500_8q_2l_seed2026\checkpoints\2026-05-03_11-30-32-332938_box_DV_seed\model.pth
INFO:src.utils.logger:Model weights saved to results\box\DV\20260503-113031_seed0_bf_box_DV_circ19_e1500_8q_2l_seed2026\checkpoints\2026-05-03_11-30-32-332938_box_DV_seed\model_weights.pth
INFO:src.utils.logger:It: 76, Loss: 7.091e+00, Loss_res: 2.564e+01,  Loss_bcs: 0.000e+00, Loss_ut_ics: 2.263e-03, Loss_norm: 5.913e-03, Loss_gauge: 0.000e+00, w_pde: 2.53e-01, L^2_error: 8.760e-01, lr: 1.000e-03, Time: 9.00e+02
INFO:src.utils.logger:Model state saved to results\box\DV\20260503-113031_seed0_bf_box_DV_circ19_e1500_8q_2l_seed2026\checkpoints\2026-05-03_11-30-32-332938_box_DV_seed\model.pth
INFO:src.utils.logger:Model weights saved to results\box\DV\20260503-113031_seed0_bf_box_DV_circ19_e1500_8q_2l_seed2026\checkpoints\2026-05-03_11-30-32-332938_box_DV_seed\model_weights.pth
INFO:src.utils.logger:It: 78, Loss: 7.188e+00, Loss_res: 2.520e+01,  Loss_bcs: 0.000e+00, Loss_ut_ics: 2.386e-03, Loss_norm: 7.675e-03, Loss_gauge: 0.000e+00, w_pde: 2.60e-01, L^2_error: 8.760e-01, lr: 1.000e-03, Time: 9.26e+02
INFO:src.utils.logger:Model state saved to results\box\DV\20260503-113031_seed0_bf_box_DV_circ19_e1500_8q_2l_seed2026\checkpoints\2026-05-03_11-30-32-332938_box_DV_seed\model.pth
INFO:src.utils.logger:Model weights saved to results\box\DV\20260503-113031_seed0_bf_box_DV_circ19_e1500_8q_2l_seed2026\checkpoints\2026-05-03_11-30-32-332938_box_DV_seed\model_weights.pth
INFO:src.utils.logger:It: 80, Loss: 7.279e+00, Loss_res: 2.475e+01,  Loss_bcs: 0.000e+00, Loss_ut_ics: 2.521e-03, Loss_norm: 9.562e-03, Loss_gauge: 0.000e+00, w_pde: 2.67e-01, L^2_error: 8.618e-01, lr: 1.000e-03, Time: 9.53e+02
INFO:src.utils.logger:Model state saved to results\box\DV\20260503-113031_seed0_bf_box_DV_circ19_e1500_8q_2l_seed2026\checkpoints\2026-05-03_11-30-32-332938_box_DV_seed\model.pth
INFO:src.utils.logger:Model weights saved to results\box\DV\20260503-113031_seed0_bf_box_DV_circ19_e1500_8q_2l_seed2026\checkpoints\2026-05-03_11-30-32-332938_box_DV_seed\model_weights.pth
INFO:src.utils.logger:It: 82, Loss: 7.367e+00, Loss_res: 2.430e+01,  Loss_bcs: 0.000e+00, Loss_ut_ics: 2.678e-03, Loss_norm: 1.139e-02, Loss_gauge: 0.000e+00, w_pde: 2.73e-01, L^2_error: 8.618e-01, lr: 1.000e-03, Time: 9.79e+02
INFO:src.utils.logger:Model state saved to results\box\DV\20260503-113031_seed0_bf_box_DV_circ19_e1500_8q_2l_seed2026\checkpoints\2026-05-03_11-30-32-332938_box_DV_seed\model.pth
INFO:src.utils.logger:Model weights saved to results\box\DV\20260503-113031_seed0_bf_box_DV_circ19_e1500_8q_2l_seed2026\checkpoints\2026-05-03_11-30-32-332938_box_DV_seed\model_weights.pth
INFO:src.utils.logger:It: 84, Loss: 7.479e+00, Loss_res: 2.396e+01,  Loss_bcs: 0.000e+00, Loss_ut_ics: 2.824e-03, Loss_norm: 1.300e-02, Loss_gauge: 0.000e+00, w_pde: 2.80e-01, L^2_error: 8.618e-01, lr: 1.000e-03, Time: 1.00e+03
INFO:src.utils.logger:Model state saved to results\box\DV\20260503-113031_seed0_bf_box_DV_circ19_e1500_8q_2l_seed2026\checkpoints\2026-05-03_11-30-32-332938_box_DV_seed\model.pth
INFO:src.utils.logger:Model weights saved to results\box\DV\20260503-113031_seed0_bf_box_DV_circ19_e1500_8q_2l_seed2026\checkpoints\2026-05-03_11-30-32-332938_box_DV_seed\model_weights.pth
INFO:src.utils.logger:It: 86, Loss: 7.593e+00, Loss_res: 2.371e+01,  Loss_bcs: 0.000e+00, Loss_ut_ics: 2.901e-03, Loss_norm: 1.428e-02, Loss_gauge: 0.000e+00, w_pde: 2.87e-01, L^2_error: 8.495e-01, lr: 1.000e-03, Time: 1.03e+03
INFO:src.utils.logger:Model state saved to results\box\DV\20260503-113031_seed0_bf_box_DV_circ19_e1500_8q_2l_seed2026\checkpoints\2026-05-03_11-30-32-332938_box_DV_seed\model.pth
INFO:src.utils.logger:Model weights saved to results\box\DV\20260503-113031_seed0_bf_box_DV_circ19_e1500_8q_2l_seed2026\checkpoints\2026-05-03_11-30-32-332938_box_DV_seed\model_weights.pth
INFO:src.utils.logger:It: 88, Loss: 7.681e+00, Loss_res: 2.346e+01,  Loss_bcs: 0.000e+00, Loss_ut_ics: 2.890e-03, Loss_norm: 1.519e-02, Loss_gauge: 0.000e+00, w_pde: 2.93e-01, L^2_error: 8.495e-01, lr: 1.000e-03, Time: 1.06e+03
INFO:src.utils.logger:Model state saved to results\box\DV\20260503-113031_seed0_bf_box_DV_circ19_e1500_8q_2l_seed2026\checkpoints\2026-05-03_11-30-32-332938_box_DV_seed\model.pth
INFO:src.utils.logger:Model weights saved to results\box\DV\20260503-113031_seed0_bf_box_DV_circ19_e1500_8q_2l_seed2026\checkpoints\2026-05-03_11-30-32-332938_box_DV_seed\model_weights.pth
INFO:src.utils.logger:It: 90, Loss: 7.749e+00, Loss_res: 2.322e+01,  Loss_bcs: 0.000e+00, Loss_ut_ics: 2.815e-03, Loss_norm: 1.578e-02, Loss_gauge: 0.000e+00, w_pde: 3.00e-01, L^2_error: 8.439e-01, lr: 1.000e-03, Time: 1.08e+03
INFO:src.utils.logger:Model state saved to results\box\DV\20260503-113031_seed0_bf_box_DV_circ19_e1500_8q_2l_seed2026\checkpoints\2026-05-03_11-30-32-332938_box_DV_seed\model.pth
INFO:src.utils.logger:Model weights saved to results\box\DV\20260503-113031_seed0_bf_box_DV_circ19_e1500_8q_2l_seed2026\checkpoints\2026-05-03_11-30-32-332938_box_DV_seed\model_weights.pth
INFO:src.utils.logger:It: 92, Loss: 7.918e+00, Loss_res: 2.335e+01,  Loss_bcs: 0.000e+00, Loss_ut_ics: 2.713e-03, Loss_norm: 1.614e-02, Loss_gauge: 0.000e+00, w_pde: 3.07e-01, L^2_error: 8.439e-01, lr: 1.000e-03, Time: 1.11e+03
INFO:src.utils.logger:Model state saved to results\box\DV\20260503-113031_seed0_bf_box_DV_circ19_e1500_8q_2l_seed2026\checkpoints\2026-05-03_11-30-32-332938_box_DV_seed\model.pth
INFO:src.utils.logger:Model weights saved to results\box\DV\20260503-113031_seed0_bf_box_DV_circ19_e1500_8q_2l_seed2026\checkpoints\2026-05-03_11-30-32-332938_box_DV_seed\model_weights.pth
INFO:src.utils.logger:It: 94, Loss: 7.943e+00, Loss_res: 2.301e+01,  Loss_bcs: 0.000e+00, Loss_ut_ics: 2.601e-03, Loss_norm: 1.637e-02, Loss_gauge: 0.000e+00, w_pde: 3.13e-01, L^2_error: 8.439e-01, lr: 1.000e-03, Time: 1.13e+03
INFO:src.utils.logger:Model state saved to results\box\DV\20260503-113031_seed0_bf_box_DV_circ19_e1500_8q_2l_seed2026\checkpoints\2026-05-03_11-30-32-332938_box_DV_seed\model.pth
INFO:src.utils.logger:Model weights saved to results\box\DV\20260503-113031_seed0_bf_box_DV_circ19_e1500_8q_2l_seed2026\checkpoints\2026-05-03_11-30-32-332938_box_DV_seed\model_weights.pth
INFO:src.utils.logger:It: 96, Loss: 8.073e+00, Loss_res: 2.302e+01,  Loss_bcs: 0.000e+00, Loss_ut_ics: 2.493e-03, Loss_norm: 1.661e-02, Loss_gauge: 0.000e+00, w_pde: 3.20e-01, L^2_error: 8.381e-01, lr: 1.000e-03, Time: 1.16e+03
INFO:src.utils.logger:Model state saved to results\box\DV\20260503-113031_seed0_bf_box_DV_circ19_e1500_8q_2l_seed2026\checkpoints\2026-05-03_11-30-32-332938_box_DV_seed\model.pth
INFO:src.utils.logger:Model weights saved to results\box\DV\20260503-113031_seed0_bf_box_DV_circ19_e1500_8q_2l_seed2026\checkpoints\2026-05-03_11-30-32-332938_box_DV_seed\model_weights.pth
INFO:src.utils.logger:It: 98, Loss: 8.153e+00, Loss_res: 2.286e+01,  Loss_bcs: 0.000e+00, Loss_ut_ics: 2.404e-03, Loss_norm: 1.694e-02, Loss_gauge: 0.000e+00, w_pde: 3.27e-01, L^2_error: 8.381e-01, lr: 1.000e-03, Time: 1.18e+03
INFO:src.utils.logger:Model state saved to results\box\DV\20260503-113031_seed0_bf_box_DV_circ19_e1500_8q_2l_seed2026\checkpoints\2026-05-03_11-30-32-332938_box_DV_seed\model.pth
INFO:src.utils.logger:Model weights saved to results\box\DV\20260503-113031_seed0_bf_box_DV_circ19_e1500_8q_2l_seed2026\checkpoints\2026-05-03_11-30-32-332938_box_DV_seed\model_weights.pth
INFO:src.utils.logger:It: 100, Loss: 8.203e+00, Loss_res: 2.259e+01,  Loss_bcs: 0.000e+00, Loss_ut_ics: 2.346e-03, Loss_norm: 1.744e-02, Loss_gauge: 0.000e+00, w_pde: 3.33e-01, L^2_error: 8.290e-01, lr: 1.000e-03, Time: 1.20e+03
INFO:src.utils.logger:Model state saved to results\box\DV\20260503-113031_seed0_bf_box_DV_circ19_e1500_8q_2l_seed2026\checkpoints\2026-05-03_11-30-32-332938_box_DV_seed\model.pth
INFO:src.utils.logger:Model weights saved to results\box\DV\20260503-113031_seed0_bf_box_DV_circ19_e1500_8q_2l_seed2026\checkpoints\2026-05-03_11-30-32-332938_box_DV_seed\model_weights.pth
INFO:src.utils.logger:It: 102, Loss: 8.283e+00, Loss_res: 2.239e+01,  Loss_bcs: 0.000e+00, Loss_ut_ics: 2.319e-03, Loss_norm: 1.816e-02, Loss_gauge: 0.000e+00, w_pde: 3.40e-01, L^2_error: 8.290e-01, lr: 1.000e-03, Time: 1.23e+03
INFO:src.utils.logger:Model state saved to results\box\DV\20260503-113031_seed0_bf_box_DV_circ19_e1500_8q_2l_seed2026\checkpoints\2026-05-03_11-30-32-332938_box_DV_seed\model.pth
INFO:src.utils.logger:Model weights saved to results\box\DV\20260503-113031_seed0_bf_box_DV_circ19_e1500_8q_2l_seed2026\checkpoints\2026-05-03_11-30-32-332938_box_DV_seed\model_weights.pth
INFO:src.utils.logger:It: 104, Loss: 8.420e+00, Loss_res: 2.234e+01,  Loss_bcs: 0.000e+00, Loss_ut_ics: 2.314e-03, Loss_norm: 1.910e-02, Loss_gauge: 0.000e+00, w_pde: 3.47e-01, L^2_error: 8.290e-01, lr: 1.000e-03, Time: 1.25e+03
INFO:src.utils.logger:Model state saved to results\box\DV\20260503-113031_seed0_bf_box_DV_circ19_e1500_8q_2l_seed2026\checkpoints\2026-05-03_11-30-32-332938_box_DV_seed\model.pth
INFO:src.utils.logger:Model weights saved to results\box\DV\20260503-113031_seed0_bf_box_DV_circ19_e1500_8q_2l_seed2026\checkpoints\2026-05-03_11-30-32-332938_box_DV_seed\model_weights.pth
INFO:src.utils.logger:It: 106, Loss: 8.499e+00, Loss_res: 2.212e+01,  Loss_bcs: 0.000e+00, Loss_ut_ics: 2.327e-03, Loss_norm: 2.025e-02, Loss_gauge: 0.000e+00, w_pde: 3.53e-01, L^2_error: 8.195e-01, lr: 1.000e-03, Time: 1.28e+03
INFO:src.utils.logger:Model state saved to results\box\DV\20260503-113031_seed0_bf_box_DV_circ19_e1500_8q_2l_seed2026\checkpoints\2026-05-03_11-30-32-332938_box_DV_seed\model.pth
INFO:src.utils.logger:Model weights saved to results\box\DV\20260503-113031_seed0_bf_box_DV_circ19_e1500_8q_2l_seed2026\checkpoints\2026-05-03_11-30-32-332938_box_DV_seed\model_weights.pth
INFO:src.utils.logger:It: 108, Loss: 8.559e+00, Loss_res: 2.184e+01,  Loss_bcs: 0.000e+00, Loss_ut_ics: 2.357e-03, Loss_norm: 2.158e-02, Loss_gauge: 0.000e+00, w_pde: 3.60e-01, L^2_error: 8.195e-01, lr: 1.000e-03, Time: 1.31e+03
INFO:src.utils.logger:Model state saved to results\box\DV\20260503-113031_seed0_bf_box_DV_circ19_e1500_8q_2l_seed2026\checkpoints\2026-05-03_11-30-32-332938_box_DV_seed\model.pth
INFO:src.utils.logger:Model weights saved to results\box\DV\20260503-113031_seed0_bf_box_DV_circ19_e1500_8q_2l_seed2026\checkpoints\2026-05-03_11-30-32-332938_box_DV_seed\model_weights.pth
INFO:src.utils.logger:It: 110, Loss: 8.664e+00, Loss_res: 2.167e+01,  Loss_bcs: 0.000e+00, Loss_ut_ics: 2.406e-03, Loss_norm: 2.304e-02, Loss_gauge: 0.000e+00, w_pde: 3.67e-01, L^2_error: 8.100e-01, lr: 1.000e-03, Time: 1.34e+03
INFO:src.utils.logger:Model state saved to results\box\DV\20260503-113031_seed0_bf_box_DV_circ19_e1500_8q_2l_seed2026\checkpoints\2026-05-03_11-30-32-332938_box_DV_seed\model.pth
INFO:src.utils.logger:Model weights saved to results\box\DV\20260503-113031_seed0_bf_box_DV_circ19_e1500_8q_2l_seed2026\checkpoints\2026-05-03_11-30-32-332938_box_DV_seed\model_weights.pth
INFO:src.utils.logger:It: 112, Loss: 8.713e+00, Loss_res: 2.136e+01,  Loss_bcs: 0.000e+00, Loss_ut_ics: 2.466e-03, Loss_norm: 2.457e-02, Loss_gauge: 0.000e+00, w_pde: 3.73e-01, L^2_error: 8.100e-01, lr: 1.000e-03, Time: 1.37e+03
INFO:src.utils.logger:Model state saved to results\box\DV\20260503-113031_seed0_bf_box_DV_circ19_e1500_8q_2l_seed2026\checkpoints\2026-05-03_11-30-32-332938_box_DV_seed\model.pth
INFO:src.utils.logger:Model weights saved to results\box\DV\20260503-113031_seed0_bf_box_DV_circ19_e1500_8q_2l_seed2026\checkpoints\2026-05-03_11-30-32-332938_box_DV_seed\model_weights.pth
INFO:src.utils.logger:It: 114, Loss: 8.844e+00, Loss_res: 2.126e+01,  Loss_bcs: 0.000e+00, Loss_ut_ics: 2.535e-03, Loss_norm: 2.611e-02, Loss_gauge: 0.000e+00, w_pde: 3.80e-01, L^2_error: 8.100e-01, lr: 1.000e-03, Time: 1.40e+03
INFO:src.utils.logger:Model state saved to results\box\DV\20260503-113031_seed0_bf_box_DV_circ19_e1500_8q_2l_seed2026\checkpoints\2026-05-03_11-30-32-332938_box_DV_seed\model.pth
INFO:src.utils.logger:Model weights saved to results\box\DV\20260503-113031_seed0_bf_box_DV_circ19_e1500_8q_2l_seed2026\checkpoints\2026-05-03_11-30-32-332938_box_DV_seed\model_weights.pth
INFO:src.utils.logger:It: 116, Loss: 8.881e+00, Loss_res: 2.093e+01,  Loss_bcs: 0.000e+00, Loss_ut_ics: 2.600e-03, Loss_norm: 2.758e-02, Loss_gauge: 0.000e+00, w_pde: 3.87e-01, L^2_error: 7.991e-01, lr: 1.000e-03, Time: 1.43e+03
INFO:src.utils.logger:Model state saved to results\box\DV\20260503-113031_seed0_bf_box_DV_circ19_e1500_8q_2l_seed2026\checkpoints\2026-05-03_11-30-32-332938_box_DV_seed\model.pth
INFO:src.utils.logger:Model weights saved to results\box\DV\20260503-113031_seed0_bf_box_DV_circ19_e1500_8q_2l_seed2026\checkpoints\2026-05-03_11-30-32-332938_box_DV_seed\model_weights.pth
INFO:src.utils.logger:It: 118, Loss: 8.999e+00, Loss_res: 2.083e+01,  Loss_bcs: 0.000e+00, Loss_ut_ics: 2.651e-03, Loss_norm: 2.894e-02, Loss_gauge: 0.000e+00, w_pde: 3.93e-01, L^2_error: 7.991e-01, lr: 1.000e-03, Time: 1.48e+03
INFO:src.utils.logger:Model state saved to results\box\DV\20260503-113031_seed0_bf_box_DV_circ19_e1500_8q_2l_seed2026\checkpoints\2026-05-03_11-30-32-332938_box_DV_seed\model.pth
INFO:src.utils.logger:Model weights saved to results\box\DV\20260503-113031_seed0_bf_box_DV_circ19_e1500_8q_2l_seed2026\checkpoints\2026-05-03_11-30-32-332938_box_DV_seed\model_weights.pth
INFO:src.utils.logger:It: 120, Loss: 9.099e+00, Loss_res: 2.070e+01,  Loss_bcs: 0.000e+00, Loss_ut_ics: 2.678e-03, Loss_norm: 3.015e-02, Loss_gauge: 0.000e+00, w_pde: 4.00e-01, L^2_error: 7.887e-01, lr: 1.000e-03, Time: 1.52e+03
INFO:src.utils.logger:Model state saved to results\box\DV\20260503-113031_seed0_bf_box_DV_circ19_e1500_8q_2l_seed2026\checkpoints\2026-05-03_11-30-32-332938_box_DV_seed\model.pth
INFO:src.utils.logger:Model weights saved to results\box\DV\20260503-113031_seed0_bf_box_DV_circ19_e1500_8q_2l_seed2026\checkpoints\2026-05-03_11-30-32-332938_box_DV_seed\model_weights.pth
INFO:src.utils.logger:It: 122, Loss: 9.175e+00, Loss_res: 2.053e+01,  Loss_bcs: 0.000e+00, Loss_ut_ics: 2.684e-03, Loss_norm: 3.122e-02, Loss_gauge: 0.000e+00, w_pde: 4.07e-01, L^2_error: 7.887e-01, lr: 1.000e-03, Time: 1.55e+03
INFO:src.utils.logger:Model state saved to results\box\DV\20260503-113031_seed0_bf_box_DV_circ19_e1500_8q_2l_seed2026\checkpoints\2026-05-03_11-30-32-332938_box_DV_seed\model.pth
INFO:src.utils.logger:Model weights saved to results\box\DV\20260503-113031_seed0_bf_box_DV_circ19_e1500_8q_2l_seed2026\checkpoints\2026-05-03_11-30-32-332938_box_DV_seed\model_weights.pth
INFO:src.utils.logger:It: 124, Loss: 9.303e+00, Loss_res: 2.050e+01,  Loss_bcs: 0.000e+00, Loss_ut_ics: 2.676e-03, Loss_norm: 3.216e-02, Loss_gauge: 0.000e+00, w_pde: 4.13e-01, L^2_error: 7.887e-01, lr: 1.000e-03, Time: 1.58e+03
INFO:src.utils.logger:Model state saved to results\box\DV\20260503-113031_seed0_bf_box_DV_circ19_e1500_8q_2l_seed2026\checkpoints\2026-05-03_11-30-32-332938_box_DV_seed\model.pth
INFO:src.utils.logger:Model weights saved to results\box\DV\20260503-113031_seed0_bf_box_DV_circ19_e1500_8q_2l_seed2026\checkpoints\2026-05-03_11-30-32-332938_box_DV_seed\model_weights.pth
INFO:src.utils.logger:It: 126, Loss: 9.477e+00, Loss_res: 2.059e+01,  Loss_bcs: 0.000e+00, Loss_ut_ics: 2.663e-03, Loss_norm: 3.302e-02, Loss_gauge: 0.000e+00, w_pde: 4.20e-01, L^2_error: 7.794e-01, lr: 1.000e-03, Time: 1.61e+03
INFO:src.utils.logger:Model state saved to results\box\DV\20260503-113031_seed0_bf_box_DV_circ19_e1500_8q_2l_seed2026\checkpoints\2026-05-03_11-30-32-332938_box_DV_seed\model.pth
INFO:src.utils.logger:Model weights saved to results\box\DV\20260503-113031_seed0_bf_box_DV_circ19_e1500_8q_2l_seed2026\checkpoints\2026-05-03_11-30-32-332938_box_DV_seed\model_weights.pth
INFO:src.utils.logger:It: 128, Loss: 9.468e+00, Loss_res: 2.025e+01,  Loss_bcs: 0.000e+00, Loss_ut_ics: 2.646e-03, Loss_norm: 3.379e-02, Loss_gauge: 0.000e+00, w_pde: 4.27e-01, L^2_error: 7.794e-01, lr: 1.000e-03, Time: 1.64e+03
INFO:src.utils.logger:Model state saved to results\box\DV\20260503-113031_seed0_bf_box_DV_circ19_e1500_8q_2l_seed2026\checkpoints\2026-05-03_11-30-32-332938_box_DV_seed\model.pth
INFO:src.utils.logger:Model weights saved to results\box\DV\20260503-113031_seed0_bf_box_DV_circ19_e1500_8q_2l_seed2026\checkpoints\2026-05-03_11-30-32-332938_box_DV_seed\model_weights.pth
INFO:src.utils.logger:It: 130, Loss: 9.624e+00, Loss_res: 2.029e+01,  Loss_bcs: 0.000e+00, Loss_ut_ics: 2.641e-03, Loss_norm: 3.458e-02, Loss_gauge: 0.000e+00, w_pde: 4.33e-01, L^2_error: 7.696e-01, lr: 1.000e-03, Time: 1.67e+03
INFO:src.utils.logger:Model state saved to results\box\DV\20260503-113031_seed0_bf_box_DV_circ19_e1500_8q_2l_seed2026\checkpoints\2026-05-03_11-30-32-332938_box_DV_seed\model.pth
INFO:src.utils.logger:Model weights saved to results\box\DV\20260503-113031_seed0_bf_box_DV_circ19_e1500_8q_2l_seed2026\checkpoints\2026-05-03_11-30-32-332938_box_DV_seed\model_weights.pth
INFO:src.utils.logger:It: 132, Loss: 9.746e+00, Loss_res: 2.024e+01,  Loss_bcs: 0.000e+00, Loss_ut_ics: 2.650e-03, Loss_norm: 3.541e-02, Loss_gauge: 0.000e+00, w_pde: 4.40e-01, L^2_error: 7.696e-01, lr: 1.000e-03, Time: 1.71e+03
INFO:src.utils.logger:Model state saved to results\box\DV\20260503-113031_seed0_bf_box_DV_circ19_e1500_8q_2l_seed2026\checkpoints\2026-05-03_11-30-32-332938_box_DV_seed\model.pth
INFO:src.utils.logger:Model weights saved to results\box\DV\20260503-113031_seed0_bf_box_DV_circ19_e1500_8q_2l_seed2026\checkpoints\2026-05-03_11-30-32-332938_box_DV_seed\model_weights.pth
INFO:src.utils.logger:It: 134, Loss: 9.639e+00, Loss_res: 1.969e+01,  Loss_bcs: 0.000e+00, Loss_ut_ics: 2.658e-03, Loss_norm: 3.629e-02, Loss_gauge: 0.000e+00, w_pde: 4.47e-01, L^2_error: 7.696e-01, lr: 1.000e-03, Time: 1.74e+03
INFO:src.utils.logger:Model state saved to results\box\DV\20260503-113031_seed0_bf_box_DV_circ19_e1500_8q_2l_seed2026\checkpoints\2026-05-03_11-30-32-332938_box_DV_seed\model.pth
INFO:src.utils.logger:Model weights saved to results\box\DV\20260503-113031_seed0_bf_box_DV_circ19_e1500_8q_2l_seed2026\checkpoints\2026-05-03_11-30-32-332938_box_DV_seed\model_weights.pth
INFO:src.utils.logger:It: 136, Loss: 9.716e+00, Loss_res: 1.955e+01,  Loss_bcs: 0.000e+00, Loss_ut_ics: 2.673e-03, Loss_norm: 3.726e-02, Loss_gauge: 0.000e+00, w_pde: 4.53e-01, L^2_error: 7.598e-01, lr: 1.000e-03, Time: 1.77e+03
INFO:src.utils.logger:Model state saved to results\box\DV\20260503-113031_seed0_bf_box_DV_circ19_e1500_8q_2l_seed2026\checkpoints\2026-05-03_11-30-32-332938_box_DV_seed\model.pth
INFO:src.utils.logger:Model weights saved to results\box\DV\20260503-113031_seed0_bf_box_DV_circ19_e1500_8q_2l_seed2026\checkpoints\2026-05-03_11-30-32-332938_box_DV_seed\model_weights.pth
INFO:src.utils.logger:It: 138, Loss: 9.812e+00, Loss_res: 1.945e+01,  Loss_bcs: 0.000e+00, Loss_ut_ics: 2.701e-03, Loss_norm: 3.831e-02, Loss_gauge: 0.000e+00, w_pde: 4.60e-01, L^2_error: 7.598e-01, lr: 1.000e-03, Time: 1.79e+03
INFO:src.utils.logger:Model state saved to results\box\DV\20260503-113031_seed0_bf_box_DV_circ19_e1500_8q_2l_seed2026\checkpoints\2026-05-03_11-30-32-332938_box_DV_seed\model.pth
INFO:src.utils.logger:Model weights saved to results\box\DV\20260503-113031_seed0_bf_box_DV_circ19_e1500_8q_2l_seed2026\checkpoints\2026-05-03_11-30-32-332938_box_DV_seed\model_weights.pth
INFO:src.utils.logger:It: 140, Loss: 9.855e+00, Loss_res: 1.923e+01,  Loss_bcs: 0.000e+00, Loss_ut_ics: 2.739e-03, Loss_norm: 3.941e-02, Loss_gauge: 0.000e+00, w_pde: 4.67e-01, L^2_error: 7.496e-01, lr: 1.000e-03, Time: 1.82e+03
INFO:src.utils.logger:Model state saved to results\box\DV\20260503-113031_seed0_bf_box_DV_circ19_e1500_8q_2l_seed2026\checkpoints\2026-05-03_11-30-32-332938_box_DV_seed\model.pth
INFO:src.utils.logger:Model weights saved to results\box\DV\20260503-113031_seed0_bf_box_DV_circ19_e1500_8q_2l_seed2026\checkpoints\2026-05-03_11-30-32-332938_box_DV_seed\model_weights.pth
INFO:src.utils.logger:It: 142, Loss: 9.974e+00, Loss_res: 1.917e+01,  Loss_bcs: 0.000e+00, Loss_ut_ics: 2.781e-03, Loss_norm: 4.051e-02, Loss_gauge: 0.000e+00, w_pde: 4.73e-01, L^2_error: 7.496e-01, lr: 1.000e-03, Time: 1.85e+03
INFO:src.utils.logger:Model state saved to results\box\DV\20260503-113031_seed0_bf_box_DV_circ19_e1500_8q_2l_seed2026\checkpoints\2026-05-03_11-30-32-332938_box_DV_seed\model.pth
INFO:src.utils.logger:Model weights saved to results\box\DV\20260503-113031_seed0_bf_box_DV_circ19_e1500_8q_2l_seed2026\checkpoints\2026-05-03_11-30-32-332938_box_DV_seed\model_weights.pth
INFO:src.utils.logger:It: 144, Loss: 9.921e+00, Loss_res: 1.876e+01,  Loss_bcs: 0.000e+00, Loss_ut_ics: 2.827e-03, Loss_norm: 4.158e-02, Loss_gauge: 0.000e+00, w_pde: 4.80e-01, L^2_error: 7.496e-01, lr: 1.000e-03, Time: 1.87e+03
INFO:src.utils.logger:Model state saved to results\box\DV\20260503-113031_seed0_bf_box_DV_circ19_e1500_8q_2l_seed2026\checkpoints\2026-05-03_11-30-32-332938_box_DV_seed\model.pth
INFO:src.utils.logger:Model weights saved to results\box\DV\20260503-113031_seed0_bf_box_DV_circ19_e1500_8q_2l_seed2026\checkpoints\2026-05-03_11-30-32-332938_box_DV_seed\model_weights.pth
INFO:src.utils.logger:It: 146, Loss: 1.004e+01, Loss_res: 1.871e+01,  Loss_bcs: 0.000e+00, Loss_ut_ics: 2.872e-03, Loss_norm: 4.263e-02, Loss_gauge: 0.000e+00, w_pde: 4.87e-01, L^2_error: 7.385e-01, lr: 1.000e-03, Time: 1.90e+03
INFO:src.utils.logger:Model state saved to results\box\DV\20260503-113031_seed0_bf_box_DV_circ19_e1500_8q_2l_seed2026\checkpoints\2026-05-03_11-30-32-332938_box_DV_seed\model.pth
INFO:src.utils.logger:Model weights saved to results\box\DV\20260503-113031_seed0_bf_box_DV_circ19_e1500_8q_2l_seed2026\checkpoints\2026-05-03_11-30-32-332938_box_DV_seed\model_weights.pth
INFO:src.utils.logger:It: 148, Loss: 1.016e+01, Loss_res: 1.867e+01,  Loss_bcs: 0.000e+00, Loss_ut_ics: 2.911e-03, Loss_norm: 4.364e-02, Loss_gauge: 0.000e+00, w_pde: 4.93e-01, L^2_error: 7.385e-01, lr: 1.000e-03, Time: 1.93e+03
INFO:src.utils.logger:Model state saved to results\box\DV\20260503-113031_seed0_bf_box_DV_circ19_e1500_8q_2l_seed2026\checkpoints\2026-05-03_11-30-32-332938_box_DV_seed\model.pth
INFO:src.utils.logger:Model weights saved to results\box\DV\20260503-113031_seed0_bf_box_DV_circ19_e1500_8q_2l_seed2026\checkpoints\2026-05-03_11-30-32-332938_box_DV_seed\model_weights.pth
INFO:src.utils.logger:It: 150, Loss: 1.011e+01, Loss_res: 1.830e+01,  Loss_bcs: 0.000e+00, Loss_ut_ics: 2.940e-03, Loss_norm: 4.457e-02, Loss_gauge: 0.000e+00, w_pde: 5.00e-01, L^2_error: 7.273e-01, lr: 1.000e-03, Time: 1.95e+03
INFO:src.utils.logger:Model state saved to results\box\DV\20260503-113031_seed0_bf_box_DV_circ19_e1500_8q_2l_seed2026\checkpoints\2026-05-03_11-30-32-332938_box_DV_seed\model.pth
INFO:src.utils.logger:Model weights saved to results\box\DV\20260503-113031_seed0_bf_box_DV_circ19_e1500_8q_2l_seed2026\checkpoints\2026-05-03_11-30-32-332938_box_DV_seed\model_weights.pth
INFO:src.utils.logger:It: 152, Loss: 1.003e+01, Loss_res: 1.788e+01,  Loss_bcs: 0.000e+00, Loss_ut_ics: 2.967e-03, Loss_norm: 4.547e-02, Loss_gauge: 0.000e+00, w_pde: 5.07e-01, L^2_error: 7.273e-01, lr: 1.000e-03, Time: 1.98e+03
INFO:src.utils.logger:Model state saved to results\box\DV\20260503-113031_seed0_bf_box_DV_circ19_e1500_8q_2l_seed2026\checkpoints\2026-05-03_11-30-32-332938_box_DV_seed\model.pth
INFO:src.utils.logger:Model weights saved to results\box\DV\20260503-113031_seed0_bf_box_DV_circ19_e1500_8q_2l_seed2026\checkpoints\2026-05-03_11-30-32-332938_box_DV_seed\model_weights.pth
INFO:src.utils.logger:It: 154, Loss: 1.023e+01, Loss_res: 1.801e+01,  Loss_bcs: 0.000e+00, Loss_ut_ics: 2.990e-03, Loss_norm: 4.627e-02, Loss_gauge: 0.000e+00, w_pde: 5.13e-01, L^2_error: 7.273e-01, lr: 1.000e-03, Time: 2.00e+03
INFO:src.utils.logger:Model state saved to results\box\DV\20260503-113031_seed0_bf_box_DV_circ19_e1500_8q_2l_seed2026\checkpoints\2026-05-03_11-30-32-332938_box_DV_seed\model.pth
INFO:src.utils.logger:Model weights saved to results\box\DV\20260503-113031_seed0_bf_box_DV_circ19_e1500_8q_2l_seed2026\checkpoints\2026-05-03_11-30-32-332938_box_DV_seed\model_weights.pth
INFO:src.utils.logger:It: 156, Loss: 1.027e+01, Loss_res: 1.784e+01,  Loss_bcs: 0.000e+00, Loss_ut_ics: 3.012e-03, Loss_norm: 4.697e-02, Loss_gauge: 0.000e+00, w_pde: 5.20e-01, L^2_error: 7.156e-01, lr: 1.000e-03, Time: 2.03e+03
INFO:src.utils.logger:Model state saved to results\box\DV\20260503-113031_seed0_bf_box_DV_circ19_e1500_8q_2l_seed2026\checkpoints\2026-05-03_11-30-32-332938_box_DV_seed\model.pth
INFO:src.utils.logger:Model weights saved to results\box\DV\20260503-113031_seed0_bf_box_DV_circ19_e1500_8q_2l_seed2026\checkpoints\2026-05-03_11-30-32-332938_box_DV_seed\model_weights.pth
INFO:src.utils.logger:It: 158, Loss: 1.043e+01, Loss_res: 1.791e+01,  Loss_bcs: 0.000e+00, Loss_ut_ics: 3.030e-03, Loss_norm: 4.759e-02, Loss_gauge: 0.000e+00, w_pde: 5.27e-01, L^2_error: 7.156e-01, lr: 1.000e-03, Time: 2.06e+03
INFO:src.utils.logger:Model state saved to results\box\DV\20260503-113031_seed0_bf_box_DV_circ19_e1500_8q_2l_seed2026\checkpoints\2026-05-03_11-30-32-332938_box_DV_seed\model.pth
INFO:src.utils.logger:Model weights saved to results\box\DV\20260503-113031_seed0_bf_box_DV_circ19_e1500_8q_2l_seed2026\checkpoints\2026-05-03_11-30-32-332938_box_DV_seed\model_weights.pth
INFO:src.utils.logger:It: 160, Loss: 1.025e+01, Loss_res: 1.734e+01,  Loss_bcs: 0.000e+00, Loss_ut_ics: 3.050e-03, Loss_norm: 4.821e-02, Loss_gauge: 0.000e+00, w_pde: 5.33e-01, L^2_error: 7.037e-01, lr: 1.000e-03, Time: 2.10e+03
INFO:src.utils.logger:Model state saved to results\box\DV\20260503-113031_seed0_bf_box_DV_circ19_e1500_8q_2l_seed2026\checkpoints\2026-05-03_11-30-32-332938_box_DV_seed\model.pth
INFO:src.utils.logger:Model weights saved to results\box\DV\20260503-113031_seed0_bf_box_DV_circ19_e1500_8q_2l_seed2026\checkpoints\2026-05-03_11-30-32-332938_box_DV_seed\model_weights.pth
INFO:src.utils.logger:It: 162, Loss: 1.031e+01, Loss_res: 1.722e+01,  Loss_bcs: 0.000e+00, Loss_ut_ics: 3.064e-03, Loss_norm: 4.883e-02, Loss_gauge: 0.000e+00, w_pde: 5.40e-01, L^2_error: 7.037e-01, lr: 1.000e-03, Time: 2.13e+03
INFO:src.utils.logger:Model state saved to results\box\DV\20260503-113031_seed0_bf_box_DV_circ19_e1500_8q_2l_seed2026\checkpoints\2026-05-03_11-30-32-332938_box_DV_seed\model.pth
INFO:src.utils.logger:Model weights saved to results\box\DV\20260503-113031_seed0_bf_box_DV_circ19_e1500_8q_2l_seed2026\checkpoints\2026-05-03_11-30-32-332938_box_DV_seed\model_weights.pth
INFO:src.utils.logger:It: 164, Loss: 1.052e+01, Loss_res: 1.739e+01,  Loss_bcs: 0.000e+00, Loss_ut_ics: 3.072e-03, Loss_norm: 4.943e-02, Loss_gauge: 0.000e+00, w_pde: 5.47e-01, L^2_error: 7.037e-01, lr: 1.000e-03, Time: 2.16e+03
INFO:src.utils.logger:Model state saved to results\box\DV\20260503-113031_seed0_bf_box_DV_circ19_e1500_8q_2l_seed2026\checkpoints\2026-05-03_11-30-32-332938_box_DV_seed\model.pth
INFO:src.utils.logger:Model weights saved to results\box\DV\20260503-113031_seed0_bf_box_DV_circ19_e1500_8q_2l_seed2026\checkpoints\2026-05-03_11-30-32-332938_box_DV_seed\model_weights.pth
INFO:src.utils.logger:It: 166, Loss: 1.043e+01, Loss_res: 1.701e+01,  Loss_bcs: 0.000e+00, Loss_ut_ics: 3.091e-03, Loss_norm: 5.000e-02, Loss_gauge: 0.000e+00, w_pde: 5.53e-01, L^2_error: 6.916e-01, lr: 1.000e-03, Time: 2.20e+03
INFO:src.utils.logger:Model state saved to results\box\DV\20260503-113031_seed0_bf_box_DV_circ19_e1500_8q_2l_seed2026\checkpoints\2026-05-03_11-30-32-332938_box_DV_seed\model.pth
INFO:src.utils.logger:Model weights saved to results\box\DV\20260503-113031_seed0_bf_box_DV_circ19_e1500_8q_2l_seed2026\checkpoints\2026-05-03_11-30-32-332938_box_DV_seed\model_weights.pth
INFO:src.utils.logger:It: 168, Loss: 1.030e+01, Loss_res: 1.655e+01,  Loss_bcs: 0.000e+00, Loss_ut_ics: 3.127e-03, Loss_norm: 5.058e-02, Loss_gauge: 0.000e+00, w_pde: 5.60e-01, L^2_error: 6.916e-01, lr: 1.000e-03, Time: 2.23e+03
INFO:src.utils.logger:Model state saved to results\box\DV\20260503-113031_seed0_bf_box_DV_circ19_e1500_8q_2l_seed2026\checkpoints\2026-05-03_11-30-32-332938_box_DV_seed\model.pth
INFO:src.utils.logger:Model weights saved to results\box\DV\20260503-113031_seed0_bf_box_DV_circ19_e1500_8q_2l_seed2026\checkpoints\2026-05-03_11-30-32-332938_box_DV_seed\model_weights.pth
INFO:src.utils.logger:It: 170, Loss: 1.038e+01, Loss_res: 1.647e+01,  Loss_bcs: 0.000e+00, Loss_ut_ics: 3.165e-03, Loss_norm: 5.117e-02, Loss_gauge: 0.000e+00, w_pde: 5.67e-01, L^2_error: 6.779e-01, lr: 1.000e-03, Time: 2.26e+03
INFO:src.utils.logger:Model state saved to results\box\DV\20260503-113031_seed0_bf_box_DV_circ19_e1500_8q_2l_seed2026\checkpoints\2026-05-03_11-30-32-332938_box_DV_seed\model.pth
INFO:src.utils.logger:Model weights saved to results\box\DV\20260503-113031_seed0_bf_box_DV_circ19_e1500_8q_2l_seed2026\checkpoints\2026-05-03_11-30-32-332938_box_DV_seed\model_weights.pth
INFO:src.utils.logger:It: 172, Loss: 1.025e+01, Loss_res: 1.604e+01,  Loss_bcs: 0.000e+00, Loss_ut_ics: 3.198e-03, Loss_norm: 5.170e-02, Loss_gauge: 0.000e+00, w_pde: 5.73e-01, L^2_error: 6.779e-01, lr: 1.000e-03, Time: 2.30e+03
INFO:src.utils.logger:Model state saved to results\box\DV\20260503-113031_seed0_bf_box_DV_circ19_e1500_8q_2l_seed2026\checkpoints\2026-05-03_11-30-32-332938_box_DV_seed\model.pth
INFO:src.utils.logger:Model weights saved to results\box\DV\20260503-113031_seed0_bf_box_DV_circ19_e1500_8q_2l_seed2026\checkpoints\2026-05-03_11-30-32-332938_box_DV_seed\model_weights.pth
INFO:src.utils.logger:It: 174, Loss: 1.041e+01, Loss_res: 1.611e+01,  Loss_bcs: 0.000e+00, Loss_ut_ics: 3.229e-03, Loss_norm: 5.216e-02, Loss_gauge: 0.000e+00, w_pde: 5.80e-01, L^2_error: 6.779e-01, lr: 1.000e-03, Time: 2.33e+03
INFO:src.utils.logger:Model state saved to results\box\DV\20260503-113031_seed0_bf_box_DV_circ19_e1500_8q_2l_seed2026\checkpoints\2026-05-03_11-30-32-332938_box_DV_seed\model.pth
INFO:src.utils.logger:Model weights saved to results\box\DV\20260503-113031_seed0_bf_box_DV_circ19_e1500_8q_2l_seed2026\checkpoints\2026-05-03_11-30-32-332938_box_DV_seed\model_weights.pth
INFO:src.utils.logger:It: 176, Loss: 1.032e+01, Loss_res: 1.576e+01,  Loss_bcs: 0.000e+00, Loss_ut_ics: 3.259e-03, Loss_norm: 5.256e-02, Loss_gauge: 0.000e+00, w_pde: 5.87e-01, L^2_error: 6.637e-01, lr: 1.000e-03, Time: 2.36e+03
INFO:src.utils.logger:Model state saved to results\box\DV\20260503-113031_seed0_bf_box_DV_circ19_e1500_8q_2l_seed2026\checkpoints\2026-05-03_11-30-32-332938_box_DV_seed\model.pth
INFO:src.utils.logger:Model weights saved to results\box\DV\20260503-113031_seed0_bf_box_DV_circ19_e1500_8q_2l_seed2026\checkpoints\2026-05-03_11-30-32-332938_box_DV_seed\model_weights.pth
INFO:src.utils.logger:It: 178, Loss: 1.033e+01, Loss_res: 1.558e+01,  Loss_bcs: 0.000e+00, Loss_ut_ics: 3.275e-03, Loss_norm: 5.290e-02, Loss_gauge: 0.000e+00, w_pde: 5.93e-01, L^2_error: 6.637e-01, lr: 1.000e-03, Time: 2.40e+03
INFO:src.utils.logger:Model state saved to results\box\DV\20260503-113031_seed0_bf_box_DV_circ19_e1500_8q_2l_seed2026\checkpoints\2026-05-03_11-30-32-332938_box_DV_seed\model.pth
INFO:src.utils.logger:Model weights saved to results\box\DV\20260503-113031_seed0_bf_box_DV_circ19_e1500_8q_2l_seed2026\checkpoints\2026-05-03_11-30-32-332938_box_DV_seed\model_weights.pth
INFO:src.utils.logger:It: 180, Loss: 1.031e+01, Loss_res: 1.538e+01,  Loss_bcs: 0.000e+00, Loss_ut_ics: 3.271e-03, Loss_norm: 5.321e-02, Loss_gauge: 0.000e+00, w_pde: 6.00e-01, L^2_error: 6.496e-01, lr: 1.000e-03, Time: 2.43e+03
INFO:src.utils.logger:Model state saved to results\box\DV\20260503-113031_seed0_bf_box_DV_circ19_e1500_8q_2l_seed2026\checkpoints\2026-05-03_11-30-32-332938_box_DV_seed\model.pth
INFO:src.utils.logger:Model weights saved to results\box\DV\20260503-113031_seed0_bf_box_DV_circ19_e1500_8q_2l_seed2026\checkpoints\2026-05-03_11-30-32-332938_box_DV_seed\model_weights.pth
INFO:src.utils.logger:It: 182, Loss: 1.018e+01, Loss_res: 1.499e+01,  Loss_bcs: 0.000e+00, Loss_ut_ics: 3.265e-03, Loss_norm: 5.341e-02, Loss_gauge: 0.000e+00, w_pde: 6.07e-01, L^2_error: 6.496e-01, lr: 1.000e-03, Time: 2.46e+03
INFO:src.utils.logger:Model state saved to results\box\DV\20260503-113031_seed0_bf_box_DV_circ19_e1500_8q_2l_seed2026\checkpoints\2026-05-03_11-30-32-332938_box_DV_seed\model.pth
INFO:src.utils.logger:Model weights saved to results\box\DV\20260503-113031_seed0_bf_box_DV_circ19_e1500_8q_2l_seed2026\checkpoints\2026-05-03_11-30-32-332938_box_DV_seed\model_weights.pth
INFO:src.utils.logger:It: 184, Loss: 1.028e+01, Loss_res: 1.499e+01,  Loss_bcs: 0.000e+00, Loss_ut_ics: 3.267e-03, Loss_norm: 5.358e-02, Loss_gauge: 0.000e+00, w_pde: 6.13e-01, L^2_error: 6.496e-01, lr: 1.000e-03, Time: 2.49e+03
INFO:src.utils.logger:Model state saved to results\box\DV\20260503-113031_seed0_bf_box_DV_circ19_e1500_8q_2l_seed2026\checkpoints\2026-05-03_11-30-32-332938_box_DV_seed\model.pth
INFO:src.utils.logger:Model weights saved to results\box\DV\20260503-113031_seed0_bf_box_DV_circ19_e1500_8q_2l_seed2026\checkpoints\2026-05-03_11-30-32-332938_box_DV_seed\model_weights.pth
INFO:src.utils.logger:It: 186, Loss: 1.032e+01, Loss_res: 1.489e+01,  Loss_bcs: 0.000e+00, Loss_ut_ics: 3.279e-03, Loss_norm: 5.368e-02, Loss_gauge: 0.000e+00, w_pde: 6.20e-01, L^2_error: 6.339e-01, lr: 1.000e-03, Time: 2.52e+03
INFO:src.utils.logger:Model state saved to results\box\DV\20260503-113031_seed0_bf_box_DV_circ19_e1500_8q_2l_seed2026\checkpoints\2026-05-03_11-30-32-332938_box_DV_seed\model.pth
INFO:src.utils.logger:Model weights saved to results\box\DV\20260503-113031_seed0_bf_box_DV_circ19_e1500_8q_2l_seed2026\checkpoints\2026-05-03_11-30-32-332938_box_DV_seed\model_weights.pth
INFO:src.utils.logger:It: 188, Loss: 1.024e+01, Loss_res: 1.460e+01,  Loss_bcs: 0.000e+00, Loss_ut_ics: 3.278e-03, Loss_norm: 5.371e-02, Loss_gauge: 0.000e+00, w_pde: 6.27e-01, L^2_error: 6.339e-01, lr: 1.000e-03, Time: 2.56e+03
INFO:src.utils.logger:Model state saved to results\box\DV\20260503-113031_seed0_bf_box_DV_circ19_e1500_8q_2l_seed2026\checkpoints\2026-05-03_11-30-32-332938_box_DV_seed\model.pth
INFO:src.utils.logger:Model weights saved to results\box\DV\20260503-113031_seed0_bf_box_DV_circ19_e1500_8q_2l_seed2026\checkpoints\2026-05-03_11-30-32-332938_box_DV_seed\model_weights.pth
INFO:src.utils.logger:It: 190, Loss: 1.009e+01, Loss_res: 1.422e+01,  Loss_bcs: 0.000e+00, Loss_ut_ics: 3.261e-03, Loss_norm: 5.372e-02, Loss_gauge: 0.000e+00, w_pde: 6.33e-01, L^2_error: 6.180e-01, lr: 1.000e-03, Time: 2.59e+03
INFO:src.utils.logger:Model state saved to results\box\DV\20260503-113031_seed0_bf_box_DV_circ19_e1500_8q_2l_seed2026\checkpoints\2026-05-03_11-30-32-332938_box_DV_seed\model.pth
INFO:src.utils.logger:Model weights saved to results\box\DV\20260503-113031_seed0_bf_box_DV_circ19_e1500_8q_2l_seed2026\checkpoints\2026-05-03_11-30-32-332938_box_DV_seed\model_weights.pth
INFO:src.utils.logger:It: 192, Loss: 1.011e+01, Loss_res: 1.410e+01,  Loss_bcs: 0.000e+00, Loss_ut_ics: 3.249e-03, Loss_norm: 5.366e-02, Loss_gauge: 0.000e+00, w_pde: 6.40e-01, L^2_error: 6.180e-01, lr: 1.000e-03, Time: 2.61e+03
INFO:src.utils.logger:Model state saved to results\box\DV\20260503-113031_seed0_bf_box_DV_circ19_e1500_8q_2l_seed2026\checkpoints\2026-05-03_11-30-32-332938_box_DV_seed\model.pth
INFO:src.utils.logger:Model weights saved to results\box\DV\20260503-113031_seed0_bf_box_DV_circ19_e1500_8q_2l_seed2026\checkpoints\2026-05-03_11-30-32-332938_box_DV_seed\model_weights.pth
INFO:src.utils.logger:It: 194, Loss: 1.002e+01, Loss_res: 1.383e+01,  Loss_bcs: 0.000e+00, Loss_ut_ics: 3.243e-03, Loss_norm: 5.360e-02, Loss_gauge: 0.000e+00, w_pde: 6.47e-01, L^2_error: 6.180e-01, lr: 1.000e-03, Time: 2.65e+03
INFO:src.utils.logger:Model state saved to results\box\DV\20260503-113031_seed0_bf_box_DV_circ19_e1500_8q_2l_seed2026\checkpoints\2026-05-03_11-30-32-332938_box_DV_seed\model.pth
INFO:src.utils.logger:Model weights saved to results\box\DV\20260503-113031_seed0_bf_box_DV_circ19_e1500_8q_2l_seed2026\checkpoints\2026-05-03_11-30-32-332938_box_DV_seed\model_weights.pth
INFO:src.utils.logger:It: 196, Loss: 9.966e+00, Loss_res: 1.361e+01,  Loss_bcs: 0.000e+00, Loss_ut_ics: 3.239e-03, Loss_norm: 5.345e-02, Loss_gauge: 0.000e+00, w_pde: 6.53e-01, L^2_error: 6.011e-01, lr: 1.000e-03, Time: 2.67e+03
INFO:src.utils.logger:Model state saved to results\box\DV\20260503-113031_seed0_bf_box_DV_circ19_e1500_8q_2l_seed2026\checkpoints\2026-05-03_11-30-32-332938_box_DV_seed\model.pth
INFO:src.utils.logger:Model weights saved to results\box\DV\20260503-113031_seed0_bf_box_DV_circ19_e1500_8q_2l_seed2026\checkpoints\2026-05-03_11-30-32-332938_box_DV_seed\model_weights.pth
INFO:src.utils.logger:It: 198, Loss: 9.935e+00, Loss_res: 1.342e+01,  Loss_bcs: 0.000e+00, Loss_ut_ics: 3.241e-03, Loss_norm: 5.331e-02, Loss_gauge: 0.000e+00, w_pde: 6.60e-01, L^2_error: 6.011e-01, lr: 1.000e-03, Time: 2.70e+03
INFO:src.utils.logger:Model state saved to results\box\DV\20260503-113031_seed0_bf_box_DV_circ19_e1500_8q_2l_seed2026\checkpoints\2026-05-03_11-30-32-332938_box_DV_seed\model.pth
INFO:src.utils.logger:Model weights saved to results\box\DV\20260503-113031_seed0_bf_box_DV_circ19_e1500_8q_2l_seed2026\checkpoints\2026-05-03_11-30-32-332938_box_DV_seed\model_weights.pth
INFO:src.utils.logger:It: 200, Loss: 9.936e+00, Loss_res: 1.330e+01,  Loss_bcs: 0.000e+00, Loss_ut_ics: 3.227e-03, Loss_norm: 5.306e-02, Loss_gauge: 0.000e+00, w_pde: 6.67e-01, L^2_error: 5.832e-01, lr: 1.000e-03, Time: 2.73e+03
INFO:src.utils.logger:Model state saved to results\box\DV\20260503-113031_seed0_bf_box_DV_circ19_e1500_8q_2l_seed2026\checkpoints\2026-05-03_11-30-32-332938_box_DV_seed\model.pth
INFO:src.utils.logger:Model weights saved to results\box\DV\20260503-113031_seed0_bf_box_DV_circ19_e1500_8q_2l_seed2026\checkpoints\2026-05-03_11-30-32-332938_box_DV_seed\model_weights.pth
INFO:src.utils.logger:It: 202, Loss: 9.783e+00, Loss_res: 1.295e+01,  Loss_bcs: 0.000e+00, Loss_ut_ics: 3.194e-03, Loss_norm: 5.273e-02, Loss_gauge: 0.000e+00, w_pde: 6.73e-01, L^2_error: 5.832e-01, lr: 1.000e-03, Time: 2.76e+03
INFO:src.utils.logger:Model state saved to results\box\DV\20260503-113031_seed0_bf_box_DV_circ19_e1500_8q_2l_seed2026\checkpoints\2026-05-03_11-30-32-332938_box_DV_seed\model.pth
INFO:src.utils.logger:Model weights saved to results\box\DV\20260503-113031_seed0_bf_box_DV_circ19_e1500_8q_2l_seed2026\checkpoints\2026-05-03_11-30-32-332938_box_DV_seed\model_weights.pth
INFO:src.utils.logger:It: 204, Loss: 9.674e+00, Loss_res: 1.268e+01,  Loss_bcs: 0.000e+00, Loss_ut_ics: 3.165e-03, Loss_norm: 5.241e-02, Loss_gauge: 0.000e+00, w_pde: 6.80e-01, L^2_error: 5.832e-01, lr: 1.000e-03, Time: 2.79e+03
INFO:src.utils.logger:Model state saved to results\box\DV\20260503-113031_seed0_bf_box_DV_circ19_e1500_8q_2l_seed2026\checkpoints\2026-05-03_11-30-32-332938_box_DV_seed\model.pth
INFO:src.utils.logger:Model weights saved to results\box\DV\20260503-113031_seed0_bf_box_DV_circ19_e1500_8q_2l_seed2026\checkpoints\2026-05-03_11-30-32-332938_box_DV_seed\model_weights.pth
INFO:src.utils.logger:It: 206, Loss: 9.524e+00, Loss_res: 1.235e+01,  Loss_bcs: 0.000e+00, Loss_ut_ics: 3.144e-03, Loss_norm: 5.203e-02, Loss_gauge: 0.000e+00, w_pde: 6.87e-01, L^2_error: 5.656e-01, lr: 1.000e-03, Time: 2.82e+03
INFO:src.utils.logger:Model state saved to results\box\DV\20260503-113031_seed0_bf_box_DV_circ19_e1500_8q_2l_seed2026\checkpoints\2026-05-03_11-30-32-332938_box_DV_seed\model.pth
INFO:src.utils.logger:Model weights saved to results\box\DV\20260503-113031_seed0_bf_box_DV_circ19_e1500_8q_2l_seed2026\checkpoints\2026-05-03_11-30-32-332938_box_DV_seed\model_weights.pth
INFO:src.utils.logger:It: 208, Loss: 9.706e+00, Loss_res: 1.250e+01,  Loss_bcs: 0.000e+00, Loss_ut_ics: 3.136e-03, Loss_norm: 5.157e-02, Loss_gauge: 0.000e+00, w_pde: 6.93e-01, L^2_error: 5.656e-01, lr: 1.000e-03, Time: 2.85e+03
INFO:src.utils.logger:Model state saved to results\box\DV\20260503-113031_seed0_bf_box_DV_circ19_e1500_8q_2l_seed2026\checkpoints\2026-05-03_11-30-32-332938_box_DV_seed\model.pth
INFO:src.utils.logger:Model weights saved to results\box\DV\20260503-113031_seed0_bf_box_DV_circ19_e1500_8q_2l_seed2026\checkpoints\2026-05-03_11-30-32-332938_box_DV_seed\model_weights.pth
INFO:src.utils.logger:It: 210, Loss: 9.549e+00, Loss_res: 1.216e+01,  Loss_bcs: 0.000e+00, Loss_ut_ics: 3.120e-03, Loss_norm: 5.116e-02, Loss_gauge: 0.000e+00, w_pde: 7.00e-01, L^2_error: 5.462e-01, lr: 1.000e-03, Time: 2.87e+03
INFO:src.utils.logger:Model state saved to results\box\DV\20260503-113031_seed0_bf_box_DV_circ19_e1500_8q_2l_seed2026\checkpoints\2026-05-03_11-30-32-332938_box_DV_seed\model.pth
INFO:src.utils.logger:Model weights saved to results\box\DV\20260503-113031_seed0_bf_box_DV_circ19_e1500_8q_2l_seed2026\checkpoints\2026-05-03_11-30-32-332938_box_DV_seed\model_weights.pth
INFO:src.utils.logger:It: 212, Loss: 9.346e+00, Loss_res: 1.177e+01,  Loss_bcs: 0.000e+00, Loss_ut_ics: 3.101e-03, Loss_norm: 5.080e-02, Loss_gauge: 0.000e+00, w_pde: 7.07e-01, L^2_error: 5.462e-01, lr: 1.000e-03, Time: 2.90e+03
INFO:src.utils.logger:Model state saved to results\box\DV\20260503-113031_seed0_bf_box_DV_circ19_e1500_8q_2l_seed2026\checkpoints\2026-05-03_11-30-32-332938_box_DV_seed\model.pth
INFO:src.utils.logger:Model weights saved to results\box\DV\20260503-113031_seed0_bf_box_DV_circ19_e1500_8q_2l_seed2026\checkpoints\2026-05-03_11-30-32-332938_box_DV_seed\model_weights.pth
INFO:src.utils.logger:It: 214, Loss: 9.160e+00, Loss_res: 1.141e+01,  Loss_bcs: 0.000e+00, Loss_ut_ics: 3.085e-03, Loss_norm: 5.044e-02, Loss_gauge: 0.000e+00, w_pde: 7.13e-01, L^2_error: 5.462e-01, lr: 1.000e-03, Time: 2.92e+03
INFO:src.utils.logger:Model state saved to results\box\DV\20260503-113031_seed0_bf_box_DV_circ19_e1500_8q_2l_seed2026\checkpoints\2026-05-03_11-30-32-332938_box_DV_seed\model.pth
INFO:src.utils.logger:Model weights saved to results\box\DV\20260503-113031_seed0_bf_box_DV_circ19_e1500_8q_2l_seed2026\checkpoints\2026-05-03_11-30-32-332938_box_DV_seed\model_weights.pth
INFO:src.utils.logger:It: 216, Loss: 9.239e+00, Loss_res: 1.142e+01,  Loss_bcs: 0.000e+00, Loss_ut_ics: 3.068e-03, Loss_norm: 5.000e-02, Loss_gauge: 0.000e+00, w_pde: 7.20e-01, L^2_error: 5.272e-01, lr: 1.000e-03, Time: 2.94e+03
INFO:src.utils.logger:Model state saved to results\box\DV\20260503-113031_seed0_bf_box_DV_circ19_e1500_8q_2l_seed2026\checkpoints\2026-05-03_11-30-32-332938_box_DV_seed\model.pth
INFO:src.utils.logger:Model weights saved to results\box\DV\20260503-113031_seed0_bf_box_DV_circ19_e1500_8q_2l_seed2026\checkpoints\2026-05-03_11-30-32-332938_box_DV_seed\model_weights.pth
INFO:src.utils.logger:It: 218, Loss: 9.165e+00, Loss_res: 1.123e+01,  Loss_bcs: 0.000e+00, Loss_ut_ics: 3.033e-03, Loss_norm: 4.950e-02, Loss_gauge: 0.000e+00, w_pde: 7.27e-01, L^2_error: 5.272e-01, lr: 1.000e-03, Time: 2.96e+03
INFO:src.utils.logger:Model state saved to results\box\DV\20260503-113031_seed0_bf_box_DV_circ19_e1500_8q_2l_seed2026\checkpoints\2026-05-03_11-30-32-332938_box_DV_seed\model.pth
INFO:src.utils.logger:Model weights saved to results\box\DV\20260503-113031_seed0_bf_box_DV_circ19_e1500_8q_2l_seed2026\checkpoints\2026-05-03_11-30-32-332938_box_DV_seed\model_weights.pth
INFO:src.utils.logger:It: 220, Loss: 9.197e+00, Loss_res: 1.119e+01,  Loss_bcs: 0.000e+00, Loss_ut_ics: 2.998e-03, Loss_norm: 4.889e-02, Loss_gauge: 0.000e+00, w_pde: 7.33e-01, L^2_error: 5.085e-01, lr: 1.000e-03, Time: 2.99e+03
INFO:src.utils.logger:Model state saved to results\box\DV\20260503-113031_seed0_bf_box_DV_circ19_e1500_8q_2l_seed2026\checkpoints\2026-05-03_11-30-32-332938_box_DV_seed\model.pth
INFO:src.utils.logger:Model weights saved to results\box\DV\20260503-113031_seed0_bf_box_DV_circ19_e1500_8q_2l_seed2026\checkpoints\2026-05-03_11-30-32-332938_box_DV_seed\model_weights.pth
INFO:src.utils.logger:It: 222, Loss: 8.955e+00, Loss_res: 1.078e+01,  Loss_bcs: 0.000e+00, Loss_ut_ics: 2.960e-03, Loss_norm: 4.822e-02, Loss_gauge: 0.000e+00, w_pde: 7.40e-01, L^2_error: 5.085e-01, lr: 1.000e-03, Time: 3.01e+03
INFO:src.utils.logger:Model state saved to results\box\DV\20260503-113031_seed0_bf_box_DV_circ19_e1500_8q_2l_seed2026\checkpoints\2026-05-03_11-30-32-332938_box_DV_seed\model.pth
INFO:src.utils.logger:Model weights saved to results\box\DV\20260503-113031_seed0_bf_box_DV_circ19_e1500_8q_2l_seed2026\checkpoints\2026-05-03_11-30-32-332938_box_DV_seed\model_weights.pth
INFO:src.utils.logger:It: 224, Loss: 9.009e+00, Loss_res: 1.077e+01,  Loss_bcs: 0.000e+00, Loss_ut_ics: 2.920e-03, Loss_norm: 4.758e-02, Loss_gauge: 0.000e+00, w_pde: 7.47e-01, L^2_error: 5.085e-01, lr: 1.000e-03, Time: 3.03e+03
INFO:src.utils.logger:Model state saved to results\box\DV\20260503-113031_seed0_bf_box_DV_circ19_e1500_8q_2l_seed2026\checkpoints\2026-05-03_11-30-32-332938_box_DV_seed\model.pth
INFO:src.utils.logger:Model weights saved to results\box\DV\20260503-113031_seed0_bf_box_DV_circ19_e1500_8q_2l_seed2026\checkpoints\2026-05-03_11-30-32-332938_box_DV_seed\model_weights.pth
INFO:src.utils.logger:It: 226, Loss: 8.908e+00, Loss_res: 1.056e+01,  Loss_bcs: 0.000e+00, Loss_ut_ics: 2.866e-03, Loss_norm: 4.697e-02, Loss_gauge: 0.000e+00, w_pde: 7.53e-01, L^2_error: 4.898e-01, lr: 1.000e-03, Time: 3.05e+03
INFO:src.utils.logger:Model state saved to results\box\DV\20260503-113031_seed0_bf_box_DV_circ19_e1500_8q_2l_seed2026\checkpoints\2026-05-03_11-30-32-332938_box_DV_seed\model.pth
INFO:src.utils.logger:Model weights saved to results\box\DV\20260503-113031_seed0_bf_box_DV_circ19_e1500_8q_2l_seed2026\checkpoints\2026-05-03_11-30-32-332938_box_DV_seed\model_weights.pth
INFO:src.utils.logger:It: 228, Loss: 8.806e+00, Loss_res: 1.036e+01,  Loss_bcs: 0.000e+00, Loss_ut_ics: 2.808e-03, Loss_norm: 4.632e-02, Loss_gauge: 0.000e+00, w_pde: 7.60e-01, L^2_error: 4.898e-01, lr: 1.000e-03, Time: 3.08e+03
INFO:src.utils.logger:Model state saved to results\box\DV\20260503-113031_seed0_bf_box_DV_circ19_e1500_8q_2l_seed2026\checkpoints\2026-05-03_11-30-32-332938_box_DV_seed\model.pth
INFO:src.utils.logger:Model weights saved to results\box\DV\20260503-113031_seed0_bf_box_DV_circ19_e1500_8q_2l_seed2026\checkpoints\2026-05-03_11-30-32-332938_box_DV_seed\model_weights.pth
INFO:src.utils.logger:It: 230, Loss: 8.455e+00, Loss_res: 9.836e+00,  Loss_bcs: 0.000e+00, Loss_ut_ics: 2.741e-03, Loss_norm: 4.563e-02, Loss_gauge: 0.000e+00, w_pde: 7.67e-01, L^2_error: 4.724e-01, lr: 1.000e-03, Time: 3.10e+03
INFO:src.utils.logger:Model state saved to results\box\DV\20260503-113031_seed0_bf_box_DV_circ19_e1500_8q_2l_seed2026\checkpoints\2026-05-03_11-30-32-332938_box_DV_seed\model.pth
INFO:src.utils.logger:Model weights saved to results\box\DV\20260503-113031_seed0_bf_box_DV_circ19_e1500_8q_2l_seed2026\checkpoints\2026-05-03_11-30-32-332938_box_DV_seed\model_weights.pth
INFO:src.utils.logger:It: 232, Loss: 8.134e+00, Loss_res: 9.363e+00,  Loss_bcs: 0.000e+00, Loss_ut_ics: 2.677e-03, Loss_norm: 4.485e-02, Loss_gauge: 0.000e+00, w_pde: 7.73e-01, L^2_error: 4.724e-01, lr: 1.000e-03, Time: 3.12e+03
INFO:src.utils.logger:Model state saved to results\box\DV\20260503-113031_seed0_bf_box_DV_circ19_e1500_8q_2l_seed2026\checkpoints\2026-05-03_11-30-32-332938_box_DV_seed\model.pth
INFO:src.utils.logger:Model weights saved to results\box\DV\20260503-113031_seed0_bf_box_DV_circ19_e1500_8q_2l_seed2026\checkpoints\2026-05-03_11-30-32-332938_box_DV_seed\model_weights.pth
INFO:src.utils.logger:It: 234, Loss: 8.246e+00, Loss_res: 9.449e+00,  Loss_bcs: 0.000e+00, Loss_ut_ics: 2.620e-03, Loss_norm: 4.408e-02, Loss_gauge: 0.000e+00, w_pde: 7.80e-01, L^2_error: 4.724e-01, lr: 1.000e-03, Time: 3.15e+03
INFO:src.utils.logger:Model state saved to results\box\DV\20260503-113031_seed0_bf_box_DV_circ19_e1500_8q_2l_seed2026\checkpoints\2026-05-03_11-30-32-332938_box_DV_seed\model.pth
INFO:src.utils.logger:Model weights saved to results\box\DV\20260503-113031_seed0_bf_box_DV_circ19_e1500_8q_2l_seed2026\checkpoints\2026-05-03_11-30-32-332938_box_DV_seed\model_weights.pth
INFO:src.utils.logger:It: 236, Loss: 8.041e+00, Loss_res: 9.126e+00,  Loss_bcs: 0.000e+00, Loss_ut_ics: 2.579e-03, Loss_norm: 4.342e-02, Loss_gauge: 0.000e+00, w_pde: 7.87e-01, L^2_error: 4.541e-01, lr: 1.000e-03, Time: 3.17e+03
INFO:src.utils.logger:Model state saved to results\box\DV\20260503-113031_seed0_bf_box_DV_circ19_e1500_8q_2l_seed2026\checkpoints\2026-05-03_11-30-32-332938_box_DV_seed\model.pth
INFO:src.utils.logger:Model weights saved to results\box\DV\20260503-113031_seed0_bf_box_DV_circ19_e1500_8q_2l_seed2026\checkpoints\2026-05-03_11-30-32-332938_box_DV_seed\model_weights.pth
INFO:src.utils.logger:It: 238, Loss: 7.851e+00, Loss_res: 8.824e+00,  Loss_bcs: 0.000e+00, Loss_ut_ics: 2.543e-03, Loss_norm: 4.285e-02, Loss_gauge: 0.000e+00, w_pde: 7.93e-01, L^2_error: 4.541e-01, lr: 1.000e-03, Time: 3.20e+03
INFO:src.utils.logger:Model state saved to results\box\DV\20260503-113031_seed0_bf_box_DV_circ19_e1500_8q_2l_seed2026\checkpoints\2026-05-03_11-30-32-332938_box_DV_seed\model.pth
INFO:src.utils.logger:Model weights saved to results\box\DV\20260503-113031_seed0_bf_box_DV_circ19_e1500_8q_2l_seed2026\checkpoints\2026-05-03_11-30-32-332938_box_DV_seed\model_weights.pth
INFO:src.utils.logger:It: 240, Loss: 7.864e+00, Loss_res: 8.780e+00,  Loss_bcs: 0.000e+00, Loss_ut_ics: 2.515e-03, Loss_norm: 4.237e-02, Loss_gauge: 0.000e+00, w_pde: 8.00e-01, L^2_error: 4.370e-01, lr: 1.000e-03, Time: 3.23e+03
INFO:src.utils.logger:Model state saved to results\box\DV\20260503-113031_seed0_bf_box_DV_circ19_e1500_8q_2l_seed2026\checkpoints\2026-05-03_11-30-32-332938_box_DV_seed\model.pth
INFO:src.utils.logger:Model weights saved to results\box\DV\20260503-113031_seed0_bf_box_DV_circ19_e1500_8q_2l_seed2026\checkpoints\2026-05-03_11-30-32-332938_box_DV_seed\model_weights.pth
INFO:src.utils.logger:It: 242, Loss: 7.715e+00, Loss_res: 8.536e+00,  Loss_bcs: 0.000e+00, Loss_ut_ics: 2.482e-03, Loss_norm: 4.188e-02, Loss_gauge: 0.000e+00, w_pde: 8.07e-01, L^2_error: 4.370e-01, lr: 1.000e-03, Time: 3.25e+03
INFO:src.utils.logger:Model state saved to results\box\DV\20260503-113031_seed0_bf_box_DV_circ19_e1500_8q_2l_seed2026\checkpoints\2026-05-03_11-30-32-332938_box_DV_seed\model.pth
INFO:src.utils.logger:Model weights saved to results\box\DV\20260503-113031_seed0_bf_box_DV_circ19_e1500_8q_2l_seed2026\checkpoints\2026-05-03_11-30-32-332938_box_DV_seed\model_weights.pth
INFO:src.utils.logger:It: 244, Loss: 7.408e+00, Loss_res: 8.105e+00,  Loss_bcs: 0.000e+00, Loss_ut_ics: 2.435e-03, Loss_norm: 4.145e-02, Loss_gauge: 0.000e+00, w_pde: 8.13e-01, L^2_error: 4.370e-01, lr: 1.000e-03, Time: 3.28e+03
INFO:src.utils.logger:Model state saved to results\box\DV\20260503-113031_seed0_bf_box_DV_circ19_e1500_8q_2l_seed2026\checkpoints\2026-05-03_11-30-32-332938_box_DV_seed\model.pth
INFO:src.utils.logger:Model weights saved to results\box\DV\20260503-113031_seed0_bf_box_DV_circ19_e1500_8q_2l_seed2026\checkpoints\2026-05-03_11-30-32-332938_box_DV_seed\model_weights.pth
INFO:src.utils.logger:It: 246, Loss: 7.255e+00, Loss_res: 7.872e+00,  Loss_bcs: 0.000e+00, Loss_ut_ics: 2.379e-03, Loss_norm: 4.099e-02, Loss_gauge: 0.000e+00, w_pde: 8.20e-01, L^2_error: 4.218e-01, lr: 1.000e-03, Time: 3.30e+03
INFO:src.utils.logger:Model state saved to results\box\DV\20260503-113031_seed0_bf_box_DV_circ19_e1500_8q_2l_seed2026\checkpoints\2026-05-03_11-30-32-332938_box_DV_seed\model.pth
INFO:src.utils.logger:Model weights saved to results\box\DV\20260503-113031_seed0_bf_box_DV_circ19_e1500_8q_2l_seed2026\checkpoints\2026-05-03_11-30-32-332938_box_DV_seed\model_weights.pth
INFO:src.utils.logger:It: 248, Loss: 7.156e+00, Loss_res: 7.713e+00,  Loss_bcs: 0.000e+00, Loss_ut_ics: 2.310e-03, Loss_norm: 4.050e-02, Loss_gauge: 0.000e+00, w_pde: 8.27e-01, L^2_error: 4.218e-01, lr: 1.000e-03, Time: 3.32e+03
INFO:src.utils.logger:Model state saved to results\box\DV\20260503-113031_seed0_bf_box_DV_circ19_e1500_8q_2l_seed2026\checkpoints\2026-05-03_11-30-32-332938_box_DV_seed\model.pth
INFO:src.utils.logger:Model weights saved to results\box\DV\20260503-113031_seed0_bf_box_DV_circ19_e1500_8q_2l_seed2026\checkpoints\2026-05-03_11-30-32-332938_box_DV_seed\model_weights.pth
INFO:src.utils.logger:It: 250, Loss: 6.858e+00, Loss_res: 7.319e+00,  Loss_bcs: 0.000e+00, Loss_ut_ics: 2.237e-03, Loss_norm: 4.003e-02, Loss_gauge: 0.000e+00, w_pde: 8.33e-01, L^2_error: 4.049e-01, lr: 1.000e-03, Time: 3.35e+03
INFO:src.utils.logger:Model state saved to results\box\DV\20260503-113031_seed0_bf_box_DV_circ19_e1500_8q_2l_seed2026\checkpoints\2026-05-03_11-30-32-332938_box_DV_seed\model.pth
INFO:src.utils.logger:Model weights saved to results\box\DV\20260503-113031_seed0_bf_box_DV_circ19_e1500_8q_2l_seed2026\checkpoints\2026-05-03_11-30-32-332938_box_DV_seed\model_weights.pth
INFO:src.utils.logger:It: 252, Loss: 6.821e+00, Loss_res: 7.241e+00,  Loss_bcs: 0.000e+00, Loss_ut_ics: 2.160e-03, Loss_norm: 3.965e-02, Loss_gauge: 0.000e+00, w_pde: 8.40e-01, L^2_error: 4.049e-01, lr: 1.000e-03, Time: 3.38e+03
INFO:src.utils.logger:Model state saved to results\box\DV\20260503-113031_seed0_bf_box_DV_circ19_e1500_8q_2l_seed2026\checkpoints\2026-05-03_11-30-32-332938_box_DV_seed\model.pth
INFO:src.utils.logger:Model weights saved to results\box\DV\20260503-113031_seed0_bf_box_DV_circ19_e1500_8q_2l_seed2026\checkpoints\2026-05-03_11-30-32-332938_box_DV_seed\model_weights.pth
INFO:src.utils.logger:It: 254, Loss: 6.868e+00, Loss_res: 7.263e+00,  Loss_bcs: 0.000e+00, Loss_ut_ics: 2.090e-03, Loss_norm: 3.928e-02, Loss_gauge: 0.000e+00, w_pde: 8.47e-01, L^2_error: 4.049e-01, lr: 1.000e-03, Time: 3.40e+03
INFO:src.utils.logger:Model state saved to results\box\DV\20260503-113031_seed0_bf_box_DV_circ19_e1500_8q_2l_seed2026\checkpoints\2026-05-03_11-30-32-332938_box_DV_seed\model.pth
INFO:src.utils.logger:Model weights saved to results\box\DV\20260503-113031_seed0_bf_box_DV_circ19_e1500_8q_2l_seed2026\checkpoints\2026-05-03_11-30-32-332938_box_DV_seed\model_weights.pth
INFO:src.utils.logger:It: 256, Loss: 6.287e+00, Loss_res: 6.541e+00,  Loss_bcs: 0.000e+00, Loss_ut_ics: 2.044e-03, Loss_norm: 3.882e-02, Loss_gauge: 0.000e+00, w_pde: 8.53e-01, L^2_error: 3.898e-01, lr: 1.000e-03, Time: 3.43e+03
INFO:src.utils.logger:Model state saved to results\box\DV\20260503-113031_seed0_bf_box_DV_circ19_e1500_8q_2l_seed2026\checkpoints\2026-05-03_11-30-32-332938_box_DV_seed\model.pth
INFO:src.utils.logger:Model weights saved to results\box\DV\20260503-113031_seed0_bf_box_DV_circ19_e1500_8q_2l_seed2026\checkpoints\2026-05-03_11-30-32-332938_box_DV_seed\model_weights.pth
INFO:src.utils.logger:It: 258, Loss: 6.369e+00, Loss_res: 6.601e+00,  Loss_bcs: 0.000e+00, Loss_ut_ics: 2.004e-03, Loss_norm: 3.829e-02, Loss_gauge: 0.000e+00, w_pde: 8.60e-01, L^2_error: 3.898e-01, lr: 1.000e-03, Time: 3.45e+03
INFO:src.utils.logger:Model state saved to results\box\DV\20260503-113031_seed0_bf_box_DV_circ19_e1500_8q_2l_seed2026\checkpoints\2026-05-03_11-30-32-332938_box_DV_seed\model.pth
INFO:src.utils.logger:Model weights saved to results\box\DV\20260503-113031_seed0_bf_box_DV_circ19_e1500_8q_2l_seed2026\checkpoints\2026-05-03_11-30-32-332938_box_DV_seed\model_weights.pth
INFO:src.utils.logger:It: 260, Loss: 6.107e+00, Loss_res: 6.262e+00,  Loss_bcs: 0.000e+00, Loss_ut_ics: 1.965e-03, Loss_norm: 3.776e-02, Loss_gauge: 0.000e+00, w_pde: 8.67e-01, L^2_error: 3.753e-01, lr: 1.000e-03, Time: 3.48e+03
INFO:src.utils.logger:Model state saved to results\box\DV\20260503-113031_seed0_bf_box_DV_circ19_e1500_8q_2l_seed2026\checkpoints\2026-05-03_11-30-32-332938_box_DV_seed\model.pth
INFO:src.utils.logger:Model weights saved to results\box\DV\20260503-113031_seed0_bf_box_DV_circ19_e1500_8q_2l_seed2026\checkpoints\2026-05-03_11-30-32-332938_box_DV_seed\model_weights.pth
INFO:src.utils.logger:It: 262, Loss: 5.973e+00, Loss_res: 6.081e+00,  Loss_bcs: 0.000e+00, Loss_ut_ics: 1.906e-03, Loss_norm: 3.724e-02, Loss_gauge: 0.000e+00, w_pde: 8.73e-01, L^2_error: 3.753e-01, lr: 1.000e-03, Time: 3.51e+03
INFO:src.utils.logger:Model state saved to results\box\DV\20260503-113031_seed0_bf_box_DV_circ19_e1500_8q_2l_seed2026\checkpoints\2026-05-03_11-30-32-332938_box_DV_seed\model.pth
INFO:src.utils.logger:Model weights saved to results\box\DV\20260503-113031_seed0_bf_box_DV_circ19_e1500_8q_2l_seed2026\checkpoints\2026-05-03_11-30-32-332938_box_DV_seed\model_weights.pth
INFO:src.utils.logger:It: 264, Loss: 5.930e+00, Loss_res: 6.007e+00,  Loss_bcs: 0.000e+00, Loss_ut_ics: 1.844e-03, Loss_norm: 3.669e-02, Loss_gauge: 0.000e+00, w_pde: 8.80e-01, L^2_error: 3.753e-01, lr: 1.000e-03, Time: 3.54e+03
INFO:src.utils.logger:Model state saved to results\box\DV\20260503-113031_seed0_bf_box_DV_circ19_e1500_8q_2l_seed2026\checkpoints\2026-05-03_11-30-32-332938_box_DV_seed\model.pth
INFO:src.utils.logger:Model weights saved to results\box\DV\20260503-113031_seed0_bf_box_DV_circ19_e1500_8q_2l_seed2026\checkpoints\2026-05-03_11-30-32-332938_box_DV_seed\model_weights.pth
INFO:src.utils.logger:It: 266, Loss: 5.536e+00, Loss_res: 5.535e+00,  Loss_bcs: 0.000e+00, Loss_ut_ics: 1.788e-03, Loss_norm: 3.607e-02, Loss_gauge: 0.000e+00, w_pde: 8.87e-01, L^2_error: 3.583e-01, lr: 1.000e-03, Time: 3.56e+03
INFO:src.utils.logger:Model state saved to results\box\DV\20260503-113031_seed0_bf_box_DV_circ19_e1500_8q_2l_seed2026\checkpoints\2026-05-03_11-30-32-332938_box_DV_seed\model.pth
INFO:src.utils.logger:Model weights saved to results\box\DV\20260503-113031_seed0_bf_box_DV_circ19_e1500_8q_2l_seed2026\checkpoints\2026-05-03_11-30-32-332938_box_DV_seed\model_weights.pth
INFO:src.utils.logger:It: 268, Loss: 5.440e+00, Loss_res: 5.413e+00,  Loss_bcs: 0.000e+00, Loss_ut_ics: 1.704e-03, Loss_norm: 3.562e-02, Loss_gauge: 0.000e+00, w_pde: 8.93e-01, L^2_error: 3.583e-01, lr: 1.000e-03, Time: 3.59e+03
INFO:src.utils.logger:Model state saved to results\box\DV\20260503-113031_seed0_bf_box_DV_circ19_e1500_8q_2l_seed2026\checkpoints\2026-05-03_11-30-32-332938_box_DV_seed\model.pth
INFO:src.utils.logger:Model weights saved to results\box\DV\20260503-113031_seed0_bf_box_DV_circ19_e1500_8q_2l_seed2026\checkpoints\2026-05-03_11-30-32-332938_box_DV_seed\model_weights.pth
INFO:src.utils.logger:It: 270, Loss: 5.433e+00, Loss_res: 5.385e+00,  Loss_bcs: 0.000e+00, Loss_ut_ics: 1.643e-03, Loss_norm: 3.514e-02, Loss_gauge: 0.000e+00, w_pde: 9.00e-01, L^2_error: 3.457e-01, lr: 1.000e-03, Time: 3.62e+03
INFO:src.utils.logger:Model state saved to results\box\DV\20260503-113031_seed0_bf_box_DV_circ19_e1500_8q_2l_seed2026\checkpoints\2026-05-03_11-30-32-332938_box_DV_seed\model.pth
INFO:src.utils.logger:Model weights saved to results\box\DV\20260503-113031_seed0_bf_box_DV_circ19_e1500_8q_2l_seed2026\checkpoints\2026-05-03_11-30-32-332938_box_DV_seed\model_weights.pth
INFO:src.utils.logger:It: 272, Loss: 5.030e+00, Loss_res: 4.919e+00,  Loss_bcs: 0.000e+00, Loss_ut_ics: 1.594e-03, Loss_norm: 3.444e-02, Loss_gauge: 0.000e+00, w_pde: 9.07e-01, L^2_error: 3.457e-01, lr: 1.000e-03, Time: 3.64e+03
INFO:src.utils.logger:Model state saved to results\box\DV\20260503-113031_seed0_bf_box_DV_circ19_e1500_8q_2l_seed2026\checkpoints\2026-05-03_11-30-32-332938_box_DV_seed\model.pth
INFO:src.utils.logger:Model weights saved to results\box\DV\20260503-113031_seed0_bf_box_DV_circ19_e1500_8q_2l_seed2026\checkpoints\2026-05-03_11-30-32-332938_box_DV_seed\model_weights.pth
INFO:src.utils.logger:It: 274, Loss: 5.222e+00, Loss_res: 5.110e+00,  Loss_bcs: 0.000e+00, Loss_ut_ics: 1.546e-03, Loss_norm: 3.372e-02, Loss_gauge: 0.000e+00, w_pde: 9.13e-01, L^2_error: 3.457e-01, lr: 1.000e-03, Time: 3.66e+03
INFO:src.utils.logger:Model state saved to results\box\DV\20260503-113031_seed0_bf_box_DV_circ19_e1500_8q_2l_seed2026\checkpoints\2026-05-03_11-30-32-332938_box_DV_seed\model.pth
INFO:src.utils.logger:Model weights saved to results\box\DV\20260503-113031_seed0_bf_box_DV_circ19_e1500_8q_2l_seed2026\checkpoints\2026-05-03_11-30-32-332938_box_DV_seed\model_weights.pth
INFO:src.utils.logger:It: 276, Loss: 4.938e+00, Loss_res: 4.779e+00,  Loss_bcs: 0.000e+00, Loss_ut_ics: 1.504e-03, Loss_norm: 3.314e-02, Loss_gauge: 0.000e+00, w_pde: 9.20e-01, L^2_error: 3.290e-01, lr: 1.000e-03, Time: 3.69e+03
INFO:src.utils.logger:Model state saved to results\box\DV\20260503-113031_seed0_bf_box_DV_circ19_e1500_8q_2l_seed2026\checkpoints\2026-05-03_11-30-32-332938_box_DV_seed\model.pth
INFO:src.utils.logger:Model weights saved to results\box\DV\20260503-113031_seed0_bf_box_DV_circ19_e1500_8q_2l_seed2026\checkpoints\2026-05-03_11-30-32-332938_box_DV_seed\model_weights.pth
INFO:src.utils.logger:It: 278, Loss: 4.795e+00, Loss_res: 4.605e+00,  Loss_bcs: 0.000e+00, Loss_ut_ics: 1.458e-03, Loss_norm: 3.271e-02, Loss_gauge: 0.000e+00, w_pde: 9.27e-01, L^2_error: 3.290e-01, lr: 1.000e-03, Time: 3.71e+03
INFO:src.utils.logger:Model state saved to results\box\DV\20260503-113031_seed0_bf_box_DV_circ19_e1500_8q_2l_seed2026\checkpoints\2026-05-03_11-30-32-332938_box_DV_seed\model.pth
INFO:src.utils.logger:Model weights saved to results\box\DV\20260503-113031_seed0_bf_box_DV_circ19_e1500_8q_2l_seed2026\checkpoints\2026-05-03_11-30-32-332938_box_DV_seed\model_weights.pth
INFO:src.utils.logger:It: 280, Loss: 4.703e+00, Loss_res: 4.487e+00,  Loss_bcs: 0.000e+00, Loss_ut_ics: 1.418e-03, Loss_norm: 3.217e-02, Loss_gauge: 0.000e+00, w_pde: 9.33e-01, L^2_error: 3.128e-01, lr: 1.000e-03, Time: 3.73e+03
INFO:src.utils.logger:Model state saved to results\box\DV\20260503-113031_seed0_bf_box_DV_circ19_e1500_8q_2l_seed2026\checkpoints\2026-05-03_11-30-32-332938_box_DV_seed\model.pth
INFO:src.utils.logger:Model weights saved to results\box\DV\20260503-113031_seed0_bf_box_DV_circ19_e1500_8q_2l_seed2026\checkpoints\2026-05-03_11-30-32-332938_box_DV_seed\model_weights.pth
INFO:src.utils.logger:It: 282, Loss: 4.636e+00, Loss_res: 4.397e+00,  Loss_bcs: 0.000e+00, Loss_ut_ics: 1.378e-03, Loss_norm: 3.162e-02, Loss_gauge: 0.000e+00, w_pde: 9.40e-01, L^2_error: 3.128e-01, lr: 1.000e-03, Time: 3.76e+03
INFO:src.utils.logger:Model state saved to results\box\DV\20260503-113031_seed0_bf_box_DV_circ19_e1500_8q_2l_seed2026\checkpoints\2026-05-03_11-30-32-332938_box_DV_seed\model.pth
INFO:src.utils.logger:Model weights saved to results\box\DV\20260503-113031_seed0_bf_box_DV_circ19_e1500_8q_2l_seed2026\checkpoints\2026-05-03_11-30-32-332938_box_DV_seed\model_weights.pth
INFO:src.utils.logger:It: 284, Loss: 4.390e+00, Loss_res: 4.123e+00,  Loss_bcs: 0.000e+00, Loss_ut_ics: 1.326e-03, Loss_norm: 3.098e-02, Loss_gauge: 0.000e+00, w_pde: 9.47e-01, L^2_error: 3.128e-01, lr: 1.000e-03, Time: 3.78e+03
INFO:src.utils.logger:Model state saved to results\box\DV\20260503-113031_seed0_bf_box_DV_circ19_e1500_8q_2l_seed2026\checkpoints\2026-05-03_11-30-32-332938_box_DV_seed\model.pth
INFO:src.utils.logger:Model weights saved to results\box\DV\20260503-113031_seed0_bf_box_DV_circ19_e1500_8q_2l_seed2026\checkpoints\2026-05-03_11-30-32-332938_box_DV_seed\model_weights.pth
INFO:src.utils.logger:It: 286, Loss: 4.180e+00, Loss_res: 3.896e+00,  Loss_bcs: 0.000e+00, Loss_ut_ics: 1.258e-03, Loss_norm: 3.040e-02, Loss_gauge: 0.000e+00, w_pde: 9.53e-01, L^2_error: 2.950e-01, lr: 1.000e-03, Time: 3.81e+03
INFO:src.utils.logger:Model state saved to results\box\DV\20260503-113031_seed0_bf_box_DV_circ19_e1500_8q_2l_seed2026\checkpoints\2026-05-03_11-30-32-332938_box_DV_seed\model.pth
INFO:src.utils.logger:Model weights saved to results\box\DV\20260503-113031_seed0_bf_box_DV_circ19_e1500_8q_2l_seed2026\checkpoints\2026-05-03_11-30-32-332938_box_DV_seed\model_weights.pth
INFO:src.utils.logger:It: 288, Loss: 4.181e+00, Loss_res: 3.893e+00,  Loss_bcs: 0.000e+00, Loss_ut_ics: 1.179e-03, Loss_norm: 2.980e-02, Loss_gauge: 0.000e+00, w_pde: 9.60e-01, L^2_error: 2.950e-01, lr: 1.000e-03, Time: 3.84e+03
INFO:src.utils.logger:Model state saved to results\box\DV\20260503-113031_seed0_bf_box_DV_circ19_e1500_8q_2l_seed2026\checkpoints\2026-05-03_11-30-32-332938_box_DV_seed\model.pth
INFO:src.utils.logger:Model weights saved to results\box\DV\20260503-113031_seed0_bf_box_DV_circ19_e1500_8q_2l_seed2026\checkpoints\2026-05-03_11-30-32-332938_box_DV_seed\model_weights.pth
INFO:src.utils.logger:It: 290, Loss: 3.979e+00, Loss_res: 3.681e+00,  Loss_bcs: 0.000e+00, Loss_ut_ics: 1.102e-03, Loss_norm: 2.903e-02, Loss_gauge: 0.000e+00, w_pde: 9.67e-01, L^2_error: 2.794e-01, lr: 1.000e-03, Time: 3.88e+03
INFO:src.utils.logger:Model state saved to results\box\DV\20260503-113031_seed0_bf_box_DV_circ19_e1500_8q_2l_seed2026\checkpoints\2026-05-03_11-30-32-332938_box_DV_seed\model.pth
INFO:src.utils.logger:Model weights saved to results\box\DV\20260503-113031_seed0_bf_box_DV_circ19_e1500_8q_2l_seed2026\checkpoints\2026-05-03_11-30-32-332938_box_DV_seed\model_weights.pth
INFO:src.utils.logger:It: 292, Loss: 3.963e+00, Loss_res: 3.664e+00,  Loss_bcs: 0.000e+00, Loss_ut_ics: 1.025e-03, Loss_norm: 2.818e-02, Loss_gauge: 0.000e+00, w_pde: 9.73e-01, L^2_error: 2.794e-01, lr: 1.000e-03, Time: 3.91e+03
INFO:src.utils.logger:Model state saved to results\box\DV\20260503-113031_seed0_bf_box_DV_circ19_e1500_8q_2l_seed2026\checkpoints\2026-05-03_11-30-32-332938_box_DV_seed\model.pth
INFO:src.utils.logger:Model weights saved to results\box\DV\20260503-113031_seed0_bf_box_DV_circ19_e1500_8q_2l_seed2026\checkpoints\2026-05-03_11-30-32-332938_box_DV_seed\model_weights.pth
INFO:src.utils.logger:It: 294, Loss: 3.675e+00, Loss_res: 3.366e+00,  Loss_bcs: 0.000e+00, Loss_ut_ics: 9.580e-04, Loss_norm: 2.734e-02, Loss_gauge: 0.000e+00, w_pde: 9.80e-01, L^2_error: 2.794e-01, lr: 1.000e-03, Time: 3.94e+03
INFO:src.utils.logger:Model state saved to results\box\DV\20260503-113031_seed0_bf_box_DV_circ19_e1500_8q_2l_seed2026\checkpoints\2026-05-03_11-30-32-332938_box_DV_seed\model.pth
INFO:src.utils.logger:Model weights saved to results\box\DV\20260503-113031_seed0_bf_box_DV_circ19_e1500_8q_2l_seed2026\checkpoints\2026-05-03_11-30-32-332938_box_DV_seed\model_weights.pth
INFO:src.utils.logger:It: 296, Loss: 3.808e+00, Loss_res: 3.497e+00,  Loss_bcs: 0.000e+00, Loss_ut_ics: 9.009e-04, Loss_norm: 2.647e-02, Loss_gauge: 0.000e+00, w_pde: 9.87e-01, L^2_error: 2.639e-01, lr: 1.000e-03, Time: 3.96e+03
INFO:src.utils.logger:Model state saved to results\box\DV\20260503-113031_seed0_bf_box_DV_circ19_e1500_8q_2l_seed2026\checkpoints\2026-05-03_11-30-32-332938_box_DV_seed\model.pth
INFO:src.utils.logger:Model weights saved to results\box\DV\20260503-113031_seed0_bf_box_DV_circ19_e1500_8q_2l_seed2026\checkpoints\2026-05-03_11-30-32-332938_box_DV_seed\model_weights.pth
INFO:src.utils.logger:It: 298, Loss: 3.659e+00, Loss_res: 3.338e+00,  Loss_bcs: 0.000e+00, Loss_ut_ics: 8.573e-04, Loss_norm: 2.564e-02, Loss_gauge: 0.000e+00, w_pde: 9.93e-01, L^2_error: 2.639e-01, lr: 1.000e-03, Time: 3.99e+03
INFO:src.utils.logger:Model state saved to results\box\DV\20260503-113031_seed0_bf_box_DV_circ19_e1500_8q_2l_seed2026\checkpoints\2026-05-03_11-30-32-332938_box_DV_seed\model.pth
INFO:src.utils.logger:Model weights saved to results\box\DV\20260503-113031_seed0_bf_box_DV_circ19_e1500_8q_2l_seed2026\checkpoints\2026-05-03_11-30-32-332938_box_DV_seed\model_weights.pth
INFO:src.utils.logger:It: 300, Loss: 3.621e+00, Loss_res: 3.289e+00,  Loss_bcs: 0.000e+00, Loss_ut_ics: 8.318e-04, Loss_norm: 2.484e-02, Loss_gauge: 0.000e+00, w_pde: 1.00e+00, L^2_error: 2.485e-01, lr: 1.000e-03, Time: 4.02e+03
INFO:src.utils.logger:Model state saved to results\box\DV\20260503-113031_seed0_bf_box_DV_circ19_e1500_8q_2l_seed2026\checkpoints\2026-05-03_11-30-32-332938_box_DV_seed\model.pth
INFO:src.utils.logger:Model weights saved to results\box\DV\20260503-113031_seed0_bf_box_DV_circ19_e1500_8q_2l_seed2026\checkpoints\2026-05-03_11-30-32-332938_box_DV_seed\model_weights.pth
INFO:src.utils.logger:It: 302, Loss: 3.486e+00, Loss_res: 3.164e+00,  Loss_bcs: 0.000e+00, Loss_ut_ics: 8.031e-04, Loss_norm: 2.415e-02, Loss_gauge: 0.000e+00, w_pde: 1.00e+00, L^2_error: 2.485e-01, lr: 1.000e-03, Time: 4.05e+03
INFO:src.utils.logger:Model state saved to results\box\DV\20260503-113031_seed0_bf_box_DV_circ19_e1500_8q_2l_seed2026\checkpoints\2026-05-03_11-30-32-332938_box_DV_seed\model.pth
INFO:src.utils.logger:Model weights saved to results\box\DV\20260503-113031_seed0_bf_box_DV_circ19_e1500_8q_2l_seed2026\checkpoints\2026-05-03_11-30-32-332938_box_DV_seed\model_weights.pth
INFO:src.utils.logger:It: 304, Loss: 3.126e+00, Loss_res: 2.816e+00,  Loss_bcs: 0.000e+00, Loss_ut_ics: 7.668e-04, Loss_norm: 2.357e-02, Loss_gauge: 0.000e+00, w_pde: 1.00e+00, L^2_error: 2.485e-01, lr: 1.000e-03, Time: 4.07e+03
INFO:src.utils.logger:Model state saved to results\box\DV\20260503-113031_seed0_bf_box_DV_circ19_e1500_8q_2l_seed2026\checkpoints\2026-05-03_11-30-32-332938_box_DV_seed\model.pth
INFO:src.utils.logger:Model weights saved to results\box\DV\20260503-113031_seed0_bf_box_DV_circ19_e1500_8q_2l_seed2026\checkpoints\2026-05-03_11-30-32-332938_box_DV_seed\model_weights.pth
INFO:src.utils.logger:It: 306, Loss: 3.049e+00, Loss_res: 2.750e+00,  Loss_bcs: 0.000e+00, Loss_ut_ics: 7.381e-04, Loss_norm: 2.301e-02, Loss_gauge: 0.000e+00, w_pde: 1.00e+00, L^2_error: 2.337e-01, lr: 1.000e-03, Time: 4.10e+03
INFO:src.utils.logger:Model state saved to results\box\DV\20260503-113031_seed0_bf_box_DV_circ19_e1500_8q_2l_seed2026\checkpoints\2026-05-03_11-30-32-332938_box_DV_seed\model.pth
INFO:src.utils.logger:Model weights saved to results\box\DV\20260503-113031_seed0_bf_box_DV_circ19_e1500_8q_2l_seed2026\checkpoints\2026-05-03_11-30-32-332938_box_DV_seed\model_weights.pth
INFO:src.utils.logger:It: 308, Loss: 2.994e+00, Loss_res: 2.702e+00,  Loss_bcs: 0.000e+00, Loss_ut_ics: 7.182e-04, Loss_norm: 2.248e-02, Loss_gauge: 0.000e+00, w_pde: 1.00e+00, L^2_error: 2.337e-01, lr: 1.000e-03, Time: 4.13e+03
INFO:src.utils.logger:Model state saved to results\box\DV\20260503-113031_seed0_bf_box_DV_circ19_e1500_8q_2l_seed2026\checkpoints\2026-05-03_11-30-32-332938_box_DV_seed\model.pth
INFO:src.utils.logger:Model weights saved to results\box\DV\20260503-113031_seed0_bf_box_DV_circ19_e1500_8q_2l_seed2026\checkpoints\2026-05-03_11-30-32-332938_box_DV_seed\model_weights.pth
INFO:src.utils.logger:It: 310, Loss: 2.925e+00, Loss_res: 2.643e+00,  Loss_bcs: 0.000e+00, Loss_ut_ics: 6.921e-04, Loss_norm: 2.184e-02, Loss_gauge: 0.000e+00, w_pde: 1.00e+00, L^2_error: 2.203e-01, lr: 1.000e-03, Time: 4.15e+03
INFO:src.utils.logger:Model state saved to results\box\DV\20260503-113031_seed0_bf_box_DV_circ19_e1500_8q_2l_seed2026\checkpoints\2026-05-03_11-30-32-332938_box_DV_seed\model.pth
INFO:src.utils.logger:Model weights saved to results\box\DV\20260503-113031_seed0_bf_box_DV_circ19_e1500_8q_2l_seed2026\checkpoints\2026-05-03_11-30-32-332938_box_DV_seed\model_weights.pth
INFO:src.utils.logger:It: 312, Loss: 2.749e+00, Loss_res: 2.483e+00,  Loss_bcs: 0.000e+00, Loss_ut_ics: 6.419e-04, Loss_norm: 2.100e-02, Loss_gauge: 0.000e+00, w_pde: 1.00e+00, L^2_error: 2.203e-01, lr: 1.000e-03, Time: 4.18e+03
INFO:src.utils.logger:Model state saved to results\box\DV\20260503-113031_seed0_bf_box_DV_circ19_e1500_8q_2l_seed2026\checkpoints\2026-05-03_11-30-32-332938_box_DV_seed\model.pth
INFO:src.utils.logger:Model weights saved to results\box\DV\20260503-113031_seed0_bf_box_DV_circ19_e1500_8q_2l_seed2026\checkpoints\2026-05-03_11-30-32-332938_box_DV_seed\model_weights.pth
INFO:src.utils.logger:It: 314, Loss: 2.662e+00, Loss_res: 2.408e+00,  Loss_bcs: 0.000e+00, Loss_ut_ics: 6.136e-04, Loss_norm: 2.011e-02, Loss_gauge: 0.000e+00, w_pde: 1.00e+00, L^2_error: 2.203e-01, lr: 1.000e-03, Time: 4.21e+03
INFO:src.utils.logger:Model state saved to results\box\DV\20260503-113031_seed0_bf_box_DV_circ19_e1500_8q_2l_seed2026\checkpoints\2026-05-03_11-30-32-332938_box_DV_seed\model.pth
INFO:src.utils.logger:Model weights saved to results\box\DV\20260503-113031_seed0_bf_box_DV_circ19_e1500_8q_2l_seed2026\checkpoints\2026-05-03_11-30-32-332938_box_DV_seed\model_weights.pth
INFO:src.utils.logger:It: 316, Loss: 2.594e+00, Loss_res: 2.349e+00,  Loss_bcs: 0.000e+00, Loss_ut_ics: 5.949e-04, Loss_norm: 1.927e-02, Loss_gauge: 0.000e+00, w_pde: 1.00e+00, L^2_error: 2.056e-01, lr: 1.000e-03, Time: 4.24e+03
INFO:src.utils.logger:Model state saved to results\box\DV\20260503-113031_seed0_bf_box_DV_circ19_e1500_8q_2l_seed2026\checkpoints\2026-05-03_11-30-32-332938_box_DV_seed\model.pth
INFO:src.utils.logger:Model weights saved to results\box\DV\20260503-113031_seed0_bf_box_DV_circ19_e1500_8q_2l_seed2026\checkpoints\2026-05-03_11-30-32-332938_box_DV_seed\model_weights.pth
INFO:src.utils.logger:It: 318, Loss: 2.587e+00, Loss_res: 2.353e+00,  Loss_bcs: 0.000e+00, Loss_ut_ics: 5.662e-04, Loss_norm: 1.846e-02, Loss_gauge: 0.000e+00, w_pde: 1.00e+00, L^2_error: 2.056e-01, lr: 1.000e-03, Time: 4.27e+03
INFO:src.utils.logger:Model state saved to results\box\DV\20260503-113031_seed0_bf_box_DV_circ19_e1500_8q_2l_seed2026\checkpoints\2026-05-03_11-30-32-332938_box_DV_seed\model.pth
INFO:src.utils.logger:Model weights saved to results\box\DV\20260503-113031_seed0_bf_box_DV_circ19_e1500_8q_2l_seed2026\checkpoints\2026-05-03_11-30-32-332938_box_DV_seed\model_weights.pth
INFO:src.utils.logger:It: 320, Loss: 2.417e+00, Loss_res: 2.199e+00,  Loss_bcs: 0.000e+00, Loss_ut_ics: 5.182e-04, Loss_norm: 1.777e-02, Loss_gauge: 0.000e+00, w_pde: 1.00e+00, L^2_error: 1.918e-01, lr: 1.000e-03, Time: 4.29e+03
INFO:src.utils.logger:Model state saved to results\box\DV\20260503-113031_seed0_bf_box_DV_circ19_e1500_8q_2l_seed2026\checkpoints\2026-05-03_11-30-32-332938_box_DV_seed\model.pth
INFO:src.utils.logger:Model weights saved to results\box\DV\20260503-113031_seed0_bf_box_DV_circ19_e1500_8q_2l_seed2026\checkpoints\2026-05-03_11-30-32-332938_box_DV_seed\model_weights.pth
INFO:src.utils.logger:It: 322, Loss: 2.332e+00, Loss_res: 2.127e+00,  Loss_bcs: 0.000e+00, Loss_ut_ics: 4.769e-04, Loss_norm: 1.710e-02, Loss_gauge: 0.000e+00, w_pde: 1.00e+00, L^2_error: 1.918e-01, lr: 1.000e-03, Time: 4.32e+03
INFO:src.utils.logger:Model state saved to results\box\DV\20260503-113031_seed0_bf_box_DV_circ19_e1500_8q_2l_seed2026\checkpoints\2026-05-03_11-30-32-332938_box_DV_seed\model.pth
INFO:src.utils.logger:Model weights saved to results\box\DV\20260503-113031_seed0_bf_box_DV_circ19_e1500_8q_2l_seed2026\checkpoints\2026-05-03_11-30-32-332938_box_DV_seed\model_weights.pth
INFO:src.utils.logger:It: 324, Loss: 2.224e+00, Loss_res: 2.025e+00,  Loss_bcs: 0.000e+00, Loss_ut_ics: 4.660e-04, Loss_norm: 1.647e-02, Loss_gauge: 0.000e+00, w_pde: 1.00e+00, L^2_error: 1.918e-01, lr: 1.000e-03, Time: 4.35e+03
INFO:src.utils.logger:Model state saved to results\box\DV\20260503-113031_seed0_bf_box_DV_circ19_e1500_8q_2l_seed2026\checkpoints\2026-05-03_11-30-32-332938_box_DV_seed\model.pth
INFO:src.utils.logger:Model weights saved to results\box\DV\20260503-113031_seed0_bf_box_DV_circ19_e1500_8q_2l_seed2026\checkpoints\2026-05-03_11-30-32-332938_box_DV_seed\model_weights.pth
INFO:src.utils.logger:It: 326, Loss: 2.169e+00, Loss_res: 1.976e+00,  Loss_bcs: 0.000e+00, Loss_ut_ics: 4.596e-04, Loss_norm: 1.580e-02, Loss_gauge: 0.000e+00, w_pde: 1.00e+00, L^2_error: 1.815e-01, lr: 1.000e-03, Time: 4.37e+03
INFO:src.utils.logger:Model state saved to results\box\DV\20260503-113031_seed0_bf_box_DV_circ19_e1500_8q_2l_seed2026\checkpoints\2026-05-03_11-30-32-332938_box_DV_seed\model.pth
INFO:src.utils.logger:Model weights saved to results\box\DV\20260503-113031_seed0_bf_box_DV_circ19_e1500_8q_2l_seed2026\checkpoints\2026-05-03_11-30-32-332938_box_DV_seed\model_weights.pth
INFO:src.utils.logger:It: 328, Loss: 2.084e+00, Loss_res: 1.894e+00,  Loss_bcs: 0.000e+00, Loss_ut_ics: 4.555e-04, Loss_norm: 1.509e-02, Loss_gauge: 0.000e+00, w_pde: 1.00e+00, L^2_error: 1.815e-01, lr: 1.000e-03, Time: 4.40e+03
INFO:src.utils.logger:Model state saved to results\box\DV\20260503-113031_seed0_bf_box_DV_circ19_e1500_8q_2l_seed2026\checkpoints\2026-05-03_11-30-32-332938_box_DV_seed\model.pth
INFO:src.utils.logger:Model weights saved to results\box\DV\20260503-113031_seed0_bf_box_DV_circ19_e1500_8q_2l_seed2026\checkpoints\2026-05-03_11-30-32-332938_box_DV_seed\model_weights.pth
INFO:src.utils.logger:It: 330, Loss: 2.082e+00, Loss_res: 1.897e+00,  Loss_bcs: 0.000e+00, Loss_ut_ics: 4.488e-04, Loss_norm: 1.459e-02, Loss_gauge: 0.000e+00, w_pde: 1.00e+00, L^2_error: 1.699e-01, lr: 1.000e-03, Time: 4.43e+03
INFO:src.utils.logger:Model state saved to results\box\DV\20260503-113031_seed0_bf_box_DV_circ19_e1500_8q_2l_seed2026\checkpoints\2026-05-03_11-30-32-332938_box_DV_seed\model.pth
INFO:src.utils.logger:Model weights saved to results\box\DV\20260503-113031_seed0_bf_box_DV_circ19_e1500_8q_2l_seed2026\checkpoints\2026-05-03_11-30-32-332938_box_DV_seed\model_weights.pth
INFO:src.utils.logger:It: 332, Loss: 1.999e+00, Loss_res: 1.818e+00,  Loss_bcs: 0.000e+00, Loss_ut_ics: 4.421e-04, Loss_norm: 1.425e-02, Loss_gauge: 0.000e+00, w_pde: 1.00e+00, L^2_error: 1.699e-01, lr: 1.000e-03, Time: 4.45e+03
INFO:src.utils.logger:Model state saved to results\box\DV\20260503-113031_seed0_bf_box_DV_circ19_e1500_8q_2l_seed2026\checkpoints\2026-05-03_11-30-32-332938_box_DV_seed\model.pth
INFO:src.utils.logger:Model weights saved to results\box\DV\20260503-113031_seed0_bf_box_DV_circ19_e1500_8q_2l_seed2026\checkpoints\2026-05-03_11-30-32-332938_box_DV_seed\model_weights.pth
INFO:src.utils.logger:It: 334, Loss: 1.959e+00, Loss_res: 1.782e+00,  Loss_bcs: 0.000e+00, Loss_ut_ics: 4.293e-04, Loss_norm: 1.391e-02, Loss_gauge: 0.000e+00, w_pde: 1.00e+00, L^2_error: 1.699e-01, lr: 1.000e-03, Time: 4.48e+03
INFO:src.utils.logger:Model state saved to results\box\DV\20260503-113031_seed0_bf_box_DV_circ19_e1500_8q_2l_seed2026\checkpoints\2026-05-03_11-30-32-332938_box_DV_seed\model.pth
INFO:src.utils.logger:Model weights saved to results\box\DV\20260503-113031_seed0_bf_box_DV_circ19_e1500_8q_2l_seed2026\checkpoints\2026-05-03_11-30-32-332938_box_DV_seed\model_weights.pth
INFO:src.utils.logger:It: 336, Loss: 1.915e+00, Loss_res: 1.750e+00,  Loss_bcs: 0.000e+00, Loss_ut_ics: 3.914e-04, Loss_norm: 1.339e-02, Loss_gauge: 0.000e+00, w_pde: 1.00e+00, L^2_error: 1.606e-01, lr: 1.000e-03, Time: 4.50e+03
INFO:src.utils.logger:Model state saved to results\box\DV\20260503-113031_seed0_bf_box_DV_circ19_e1500_8q_2l_seed2026\checkpoints\2026-05-03_11-30-32-332938_box_DV_seed\model.pth
INFO:src.utils.logger:Model weights saved to results\box\DV\20260503-113031_seed0_bf_box_DV_circ19_e1500_8q_2l_seed2026\checkpoints\2026-05-03_11-30-32-332938_box_DV_seed\model_weights.pth
INFO:src.utils.logger:It: 338, Loss: 1.749e+00, Loss_res: 1.592e+00,  Loss_bcs: 0.000e+00, Loss_ut_ics: 3.725e-04, Loss_norm: 1.279e-02, Loss_gauge: 0.000e+00, w_pde: 1.00e+00, L^2_error: 1.606e-01, lr: 1.000e-03, Time: 4.53e+03
INFO:src.utils.logger:Model state saved to results\box\DV\20260503-113031_seed0_bf_box_DV_circ19_e1500_8q_2l_seed2026\checkpoints\2026-05-03_11-30-32-332938_box_DV_seed\model.pth
INFO:src.utils.logger:Model weights saved to results\box\DV\20260503-113031_seed0_bf_box_DV_circ19_e1500_8q_2l_seed2026\checkpoints\2026-05-03_11-30-32-332938_box_DV_seed\model_weights.pth
INFO:src.utils.logger:It: 340, Loss: 1.865e+00, Loss_res: 1.711e+00,  Loss_bcs: 0.000e+00, Loss_ut_ics: 3.733e-04, Loss_norm: 1.225e-02, Loss_gauge: 0.000e+00, w_pde: 1.00e+00, L^2_error: 1.535e-01, lr: 1.000e-03, Time: 4.55e+03
INFO:src.utils.logger:Model state saved to results\box\DV\20260503-113031_seed0_bf_box_DV_circ19_e1500_8q_2l_seed2026\checkpoints\2026-05-03_11-30-32-332938_box_DV_seed\model.pth
INFO:src.utils.logger:Model weights saved to results\box\DV\20260503-113031_seed0_bf_box_DV_circ19_e1500_8q_2l_seed2026\checkpoints\2026-05-03_11-30-32-332938_box_DV_seed\model_weights.pth
INFO:src.utils.logger:It: 342, Loss: 1.611e+00, Loss_res: 1.459e+00,  Loss_bcs: 0.000e+00, Loss_ut_ics: 3.738e-04, Loss_norm: 1.178e-02, Loss_gauge: 0.000e+00, w_pde: 1.00e+00, L^2_error: 1.535e-01, lr: 1.000e-03, Time: 4.58e+03
INFO:src.utils.logger:Model state saved to results\box\DV\20260503-113031_seed0_bf_box_DV_circ19_e1500_8q_2l_seed2026\checkpoints\2026-05-03_11-30-32-332938_box_DV_seed\model.pth
INFO:src.utils.logger:Model weights saved to results\box\DV\20260503-113031_seed0_bf_box_DV_circ19_e1500_8q_2l_seed2026\checkpoints\2026-05-03_11-30-32-332938_box_DV_seed\model_weights.pth
INFO:src.utils.logger:It: 344, Loss: 1.592e+00, Loss_res: 1.446e+00,  Loss_bcs: 0.000e+00, Loss_ut_ics: 3.578e-04, Loss_norm: 1.122e-02, Loss_gauge: 0.000e+00, w_pde: 1.00e+00, L^2_error: 1.535e-01, lr: 1.000e-03, Time: 4.60e+03
INFO:src.utils.logger:Model state saved to results\box\DV\20260503-113031_seed0_bf_box_DV_circ19_e1500_8q_2l_seed2026\checkpoints\2026-05-03_11-30-32-332938_box_DV_seed\model.pth
INFO:src.utils.logger:Model weights saved to results\box\DV\20260503-113031_seed0_bf_box_DV_circ19_e1500_8q_2l_seed2026\checkpoints\2026-05-03_11-30-32-332938_box_DV_seed\model_weights.pth
INFO:src.utils.logger:It: 346, Loss: 1.567e+00, Loss_res: 1.425e+00,  Loss_bcs: 0.000e+00, Loss_ut_ics: 3.529e-04, Loss_norm: 1.072e-02, Loss_gauge: 0.000e+00, w_pde: 1.00e+00, L^2_error: 1.442e-01, lr: 1.000e-03, Time: 4.63e+03
INFO:src.utils.logger:Model state saved to results\box\DV\20260503-113031_seed0_bf_box_DV_circ19_e1500_8q_2l_seed2026\checkpoints\2026-05-03_11-30-32-332938_box_DV_seed\model.pth
INFO:src.utils.logger:Model weights saved to results\box\DV\20260503-113031_seed0_bf_box_DV_circ19_e1500_8q_2l_seed2026\checkpoints\2026-05-03_11-30-32-332938_box_DV_seed\model_weights.pth
INFO:src.utils.logger:It: 348, Loss: 1.543e+00, Loss_res: 1.402e+00,  Loss_bcs: 0.000e+00, Loss_ut_ics: 3.568e-04, Loss_norm: 1.036e-02, Loss_gauge: 0.000e+00, w_pde: 1.00e+00, L^2_error: 1.442e-01, lr: 1.000e-03, Time: 4.65e+03
INFO:src.utils.logger:Model state saved to results\box\DV\20260503-113031_seed0_bf_box_DV_circ19_e1500_8q_2l_seed2026\checkpoints\2026-05-03_11-30-32-332938_box_DV_seed\model.pth
INFO:src.utils.logger:Model weights saved to results\box\DV\20260503-113031_seed0_bf_box_DV_circ19_e1500_8q_2l_seed2026\checkpoints\2026-05-03_11-30-32-332938_box_DV_seed\model_weights.pth
INFO:src.utils.logger:It: 350, Loss: 1.467e+00, Loss_res: 1.329e+00,  Loss_bcs: 0.000e+00, Loss_ut_ics: 3.484e-04, Loss_norm: 1.011e-02, Loss_gauge: 0.000e+00, w_pde: 1.00e+00, L^2_error: 1.368e-01, lr: 1.000e-03, Time: 4.67e+03
INFO:src.utils.logger:Model state saved to results\box\DV\20260503-113031_seed0_bf_box_DV_circ19_e1500_8q_2l_seed2026\checkpoints\2026-05-03_11-30-32-332938_box_DV_seed\model.pth
INFO:src.utils.logger:Model weights saved to results\box\DV\20260503-113031_seed0_bf_box_DV_circ19_e1500_8q_2l_seed2026\checkpoints\2026-05-03_11-30-32-332938_box_DV_seed\model_weights.pth
INFO:src.utils.logger:It: 352, Loss: 1.362e+00, Loss_res: 1.229e+00,  Loss_bcs: 0.000e+00, Loss_ut_ics: 3.391e-04, Loss_norm: 9.718e-03, Loss_gauge: 0.000e+00, w_pde: 1.00e+00, L^2_error: 1.368e-01, lr: 1.000e-03, Time: 4.70e+03
INFO:src.utils.logger:Model state saved to results\box\DV\20260503-113031_seed0_bf_box_DV_circ19_e1500_8q_2l_seed2026\checkpoints\2026-05-03_11-30-32-332938_box_DV_seed\model.pth
INFO:src.utils.logger:Model weights saved to results\box\DV\20260503-113031_seed0_bf_box_DV_circ19_e1500_8q_2l_seed2026\checkpoints\2026-05-03_11-30-32-332938_box_DV_seed\model_weights.pth
INFO:src.utils.logger:It: 354, Loss: 1.322e+00, Loss_res: 1.186e+00,  Loss_bcs: 0.000e+00, Loss_ut_ics: 3.581e-04, Loss_norm: 9.365e-03, Loss_gauge: 0.000e+00, w_pde: 1.00e+00, L^2_error: 1.368e-01, lr: 1.000e-03, Time: 4.72e+03
INFO:src.utils.logger:Model state saved to results\box\DV\20260503-113031_seed0_bf_box_DV_circ19_e1500_8q_2l_seed2026\checkpoints\2026-05-03_11-30-32-332938_box_DV_seed\model.pth
INFO:src.utils.logger:Model weights saved to results\box\DV\20260503-113031_seed0_bf_box_DV_circ19_e1500_8q_2l_seed2026\checkpoints\2026-05-03_11-30-32-332938_box_DV_seed\model_weights.pth
INFO:src.utils.logger:It: 356, Loss: 1.303e+00, Loss_res: 1.162e+00,  Loss_bcs: 0.000e+00, Loss_ut_ics: 3.839e-04, Loss_norm: 9.034e-03, Loss_gauge: 0.000e+00, w_pde: 1.00e+00, L^2_error: 1.296e-01, lr: 1.000e-03, Time: 4.74e+03
INFO:src.utils.logger:Model state saved to results\box\DV\20260503-113031_seed0_bf_box_DV_circ19_e1500_8q_2l_seed2026\checkpoints\2026-05-03_11-30-32-332938_box_DV_seed\model.pth
INFO:src.utils.logger:Model weights saved to results\box\DV\20260503-113031_seed0_bf_box_DV_circ19_e1500_8q_2l_seed2026\checkpoints\2026-05-03_11-30-32-332938_box_DV_seed\model_weights.pth
INFO:src.utils.logger:It: 358, Loss: 1.395e+00, Loss_res: 1.257e+00,  Loss_bcs: 0.000e+00, Loss_ut_ics: 3.822e-04, Loss_norm: 8.558e-03, Loss_gauge: 0.000e+00, w_pde: 1.00e+00, L^2_error: 1.296e-01, lr: 1.000e-03, Time: 4.76e+03
INFO:src.utils.logger:Model state saved to results\box\DV\20260503-113031_seed0_bf_box_DV_circ19_e1500_8q_2l_seed2026\checkpoints\2026-05-03_11-30-32-332938_box_DV_seed\model.pth
INFO:src.utils.logger:Model weights saved to results\box\DV\20260503-113031_seed0_bf_box_DV_circ19_e1500_8q_2l_seed2026\checkpoints\2026-05-03_11-30-32-332938_box_DV_seed\model_weights.pth
INFO:src.utils.logger:It: 360, Loss: 1.252e+00, Loss_res: 1.120e+00,  Loss_bcs: 0.000e+00, Loss_ut_ics: 3.653e-04, Loss_norm: 8.193e-03, Loss_gauge: 0.000e+00, w_pde: 1.00e+00, L^2_error: 1.198e-01, lr: 1.000e-03, Time: 4.79e+03
INFO:src.utils.logger:Model state saved to results\box\DV\20260503-113031_seed0_bf_box_DV_circ19_e1500_8q_2l_seed2026\checkpoints\2026-05-03_11-30-32-332938_box_DV_seed\model.pth
INFO:src.utils.logger:Model weights saved to results\box\DV\20260503-113031_seed0_bf_box_DV_circ19_e1500_8q_2l_seed2026\checkpoints\2026-05-03_11-30-32-332938_box_DV_seed\model_weights.pth
INFO:src.utils.logger:It: 362, Loss: 1.227e+00, Loss_res: 1.104e+00,  Loss_bcs: 0.000e+00, Loss_ut_ics: 3.355e-04, Loss_norm: 7.948e-03, Loss_gauge: 0.000e+00, w_pde: 1.00e+00, L^2_error: 1.198e-01, lr: 1.000e-03, Time: 4.81e+03
INFO:src.utils.logger:Model state saved to results\box\DV\20260503-113031_seed0_bf_box_DV_circ19_e1500_8q_2l_seed2026\checkpoints\2026-05-03_11-30-32-332938_box_DV_seed\model.pth
INFO:src.utils.logger:Model weights saved to results\box\DV\20260503-113031_seed0_bf_box_DV_circ19_e1500_8q_2l_seed2026\checkpoints\2026-05-03_11-30-32-332938_box_DV_seed\model_weights.pth
INFO:src.utils.logger:It: 364, Loss: 1.220e+00, Loss_res: 1.103e+00,  Loss_bcs: 0.000e+00, Loss_ut_ics: 3.137e-04, Loss_norm: 7.759e-03, Loss_gauge: 0.000e+00, w_pde: 1.00e+00, L^2_error: 1.198e-01, lr: 1.000e-03, Time: 4.83e+03
INFO:src.utils.logger:Model state saved to results\box\DV\20260503-113031_seed0_bf_box_DV_circ19_e1500_8q_2l_seed2026\checkpoints\2026-05-03_11-30-32-332938_box_DV_seed\model.pth
INFO:src.utils.logger:Model weights saved to results\box\DV\20260503-113031_seed0_bf_box_DV_circ19_e1500_8q_2l_seed2026\checkpoints\2026-05-03_11-30-32-332938_box_DV_seed\model_weights.pth
INFO:src.utils.logger:It: 366, Loss: 1.143e+00, Loss_res: 1.031e+00,  Loss_bcs: 0.000e+00, Loss_ut_ics: 2.946e-04, Loss_norm: 7.556e-03, Loss_gauge: 0.000e+00, w_pde: 1.00e+00, L^2_error: 1.131e-01, lr: 1.000e-03, Time: 4.85e+03
INFO:src.utils.logger:Model state saved to results\box\DV\20260503-113031_seed0_bf_box_DV_circ19_e1500_8q_2l_seed2026\checkpoints\2026-05-03_11-30-32-332938_box_DV_seed\model.pth
INFO:src.utils.logger:Model weights saved to results\box\DV\20260503-113031_seed0_bf_box_DV_circ19_e1500_8q_2l_seed2026\checkpoints\2026-05-03_11-30-32-332938_box_DV_seed\model_weights.pth
INFO:src.utils.logger:It: 368, Loss: 1.205e+00, Loss_res: 1.100e+00,  Loss_bcs: 0.000e+00, Loss_ut_ics: 2.782e-04, Loss_norm: 7.217e-03, Loss_gauge: 0.000e+00, w_pde: 1.00e+00, L^2_error: 1.131e-01, lr: 1.000e-03, Time: 4.88e+03
INFO:src.utils.logger:Model state saved to results\box\DV\20260503-113031_seed0_bf_box_DV_circ19_e1500_8q_2l_seed2026\checkpoints\2026-05-03_11-30-32-332938_box_DV_seed\model.pth
INFO:src.utils.logger:Model weights saved to results\box\DV\20260503-113031_seed0_bf_box_DV_circ19_e1500_8q_2l_seed2026\checkpoints\2026-05-03_11-30-32-332938_box_DV_seed\model_weights.pth
INFO:src.utils.logger:It: 370, Loss: 1.155e+00, Loss_res: 1.051e+00,  Loss_bcs: 0.000e+00, Loss_ut_ics: 2.755e-04, Loss_norm: 6.882e-03, Loss_gauge: 0.000e+00, w_pde: 1.00e+00, L^2_error: 1.084e-01, lr: 1.000e-03, Time: 4.90e+03
INFO:src.utils.logger:Model state saved to results\box\DV\20260503-113031_seed0_bf_box_DV_circ19_e1500_8q_2l_seed2026\checkpoints\2026-05-03_11-30-32-332938_box_DV_seed\model.pth
INFO:src.utils.logger:Model weights saved to results\box\DV\20260503-113031_seed0_bf_box_DV_circ19_e1500_8q_2l_seed2026\checkpoints\2026-05-03_11-30-32-332938_box_DV_seed\model_weights.pth
INFO:src.utils.logger:It: 372, Loss: 1.183e+00, Loss_res: 1.080e+00,  Loss_bcs: 0.000e+00, Loss_ut_ics: 2.789e-04, Loss_norm: 6.544e-03, Loss_gauge: 0.000e+00, w_pde: 1.00e+00, L^2_error: 1.084e-01, lr: 1.000e-03, Time: 4.93e+03
INFO:src.utils.logger:Model state saved to results\box\DV\20260503-113031_seed0_bf_box_DV_circ19_e1500_8q_2l_seed2026\checkpoints\2026-05-03_11-30-32-332938_box_DV_seed\model.pth
INFO:src.utils.logger:Model weights saved to results\box\DV\20260503-113031_seed0_bf_box_DV_circ19_e1500_8q_2l_seed2026\checkpoints\2026-05-03_11-30-32-332938_box_DV_seed\model_weights.pth
INFO:src.utils.logger:It: 374, Loss: 1.026e+00, Loss_res: 9.264e-01,  Loss_bcs: 0.000e+00, Loss_ut_ics: 2.739e-04, Loss_norm: 6.251e-03, Loss_gauge: 0.000e+00, w_pde: 1.00e+00, L^2_error: 1.084e-01, lr: 1.000e-03, Time: 4.95e+03
INFO:src.utils.logger:Model state saved to results\box\DV\20260503-113031_seed0_bf_box_DV_circ19_e1500_8q_2l_seed2026\checkpoints\2026-05-03_11-30-32-332938_box_DV_seed\model.pth
INFO:src.utils.logger:Model weights saved to results\box\DV\20260503-113031_seed0_bf_box_DV_circ19_e1500_8q_2l_seed2026\checkpoints\2026-05-03_11-30-32-332938_box_DV_seed\model_weights.pth
INFO:src.utils.logger:It: 376, Loss: 1.034e+00, Loss_res: 9.368e-01,  Loss_bcs: 0.000e+00, Loss_ut_ics: 2.680e-04, Loss_norm: 5.953e-03, Loss_gauge: 0.000e+00, w_pde: 1.00e+00, L^2_error: 1.033e-01, lr: 1.000e-03, Time: 4.98e+03
INFO:src.utils.logger:Model state saved to results\box\DV\20260503-113031_seed0_bf_box_DV_circ19_e1500_8q_2l_seed2026\checkpoints\2026-05-03_11-30-32-332938_box_DV_seed\model.pth
INFO:src.utils.logger:Model weights saved to results\box\DV\20260503-113031_seed0_bf_box_DV_circ19_e1500_8q_2l_seed2026\checkpoints\2026-05-03_11-30-32-332938_box_DV_seed\model_weights.pth
INFO:src.utils.logger:It: 378, Loss: 1.076e+00, Loss_res: 9.815e-01,  Loss_bcs: 0.000e+00, Loss_ut_ics: 2.606e-04, Loss_norm: 5.856e-03, Loss_gauge: 0.000e+00, w_pde: 1.00e+00, L^2_error: 1.033e-01, lr: 1.000e-03, Time: 5.00e+03
INFO:src.utils.logger:Model state saved to results\box\DV\20260503-113031_seed0_bf_box_DV_circ19_e1500_8q_2l_seed2026\checkpoints\2026-05-03_11-30-32-332938_box_DV_seed\model.pth
INFO:src.utils.logger:Model weights saved to results\box\DV\20260503-113031_seed0_bf_box_DV_circ19_e1500_8q_2l_seed2026\checkpoints\2026-05-03_11-30-32-332938_box_DV_seed\model_weights.pth
INFO:src.utils.logger:It: 380, Loss: 1.063e+00, Loss_res: 9.682e-01,  Loss_bcs: 0.000e+00, Loss_ut_ics: 2.588e-04, Loss_norm: 5.969e-03, Loss_gauge: 0.000e+00, w_pde: 1.00e+00, L^2_error: 9.937e-02, lr: 1.000e-03, Time: 5.02e+03
INFO:src.utils.logger:Model state saved to results\box\DV\20260503-113031_seed0_bf_box_DV_circ19_e1500_8q_2l_seed2026\checkpoints\2026-05-03_11-30-32-332938_box_DV_seed\model.pth
INFO:src.utils.logger:Model weights saved to results\box\DV\20260503-113031_seed0_bf_box_DV_circ19_e1500_8q_2l_seed2026\checkpoints\2026-05-03_11-30-32-332938_box_DV_seed\model_weights.pth
INFO:src.utils.logger:It: 382, Loss: 9.972e-01, Loss_res: 9.032e-01,  Loss_bcs: 0.000e+00, Loss_ut_ics: 2.546e-04, Loss_norm: 6.053e-03, Loss_gauge: 0.000e+00, w_pde: 1.00e+00, L^2_error: 9.937e-02, lr: 1.000e-03, Time: 5.05e+03
INFO:src.utils.logger:Model state saved to results\box\DV\20260503-113031_seed0_bf_box_DV_circ19_e1500_8q_2l_seed2026\checkpoints\2026-05-03_11-30-32-332938_box_DV_seed\model.pth
INFO:src.utils.logger:Model weights saved to results\box\DV\20260503-113031_seed0_bf_box_DV_circ19_e1500_8q_2l_seed2026\checkpoints\2026-05-03_11-30-32-332938_box_DV_seed\model_weights.pth
INFO:src.utils.logger:It: 384, Loss: 1.019e+00, Loss_res: 9.266e-01,  Loss_bcs: 0.000e+00, Loss_ut_ics: 2.503e-04, Loss_norm: 5.864e-03, Loss_gauge: 0.000e+00, w_pde: 1.00e+00, L^2_error: 9.937e-02, lr: 1.000e-03, Time: 5.07e+03
INFO:src.utils.logger:Model state saved to results\box\DV\20260503-113031_seed0_bf_box_DV_circ19_e1500_8q_2l_seed2026\checkpoints\2026-05-03_11-30-32-332938_box_DV_seed\model.pth
INFO:src.utils.logger:Model weights saved to results\box\DV\20260503-113031_seed0_bf_box_DV_circ19_e1500_8q_2l_seed2026\checkpoints\2026-05-03_11-30-32-332938_box_DV_seed\model_weights.pth
INFO:src.utils.logger:It: 386, Loss: 9.956e-01, Loss_res: 9.002e-01,  Loss_bcs: 0.000e+00, Loss_ut_ics: 2.688e-04, Loss_norm: 5.636e-03, Loss_gauge: 0.000e+00, w_pde: 1.00e+00, L^2_error: 9.458e-02, lr: 1.000e-03, Time: 5.10e+03
INFO:src.utils.logger:Model state saved to results\box\DV\20260503-113031_seed0_bf_box_DV_circ19_e1500_8q_2l_seed2026\checkpoints\2026-05-03_11-30-32-332938_box_DV_seed\model.pth
INFO:src.utils.logger:Model weights saved to results\box\DV\20260503-113031_seed0_bf_box_DV_circ19_e1500_8q_2l_seed2026\checkpoints\2026-05-03_11-30-32-332938_box_DV_seed\model_weights.pth
INFO:src.utils.logger:It: 388, Loss: 9.630e-01, Loss_res: 8.648e-01,  Loss_bcs: 0.000e+00, Loss_ut_ics: 2.847e-04, Loss_norm: 5.398e-03, Loss_gauge: 0.000e+00, w_pde: 1.00e+00, L^2_error: 9.458e-02, lr: 1.000e-03, Time: 5.12e+03
INFO:src.utils.logger:Model state saved to results\box\DV\20260503-113031_seed0_bf_box_DV_circ19_e1500_8q_2l_seed2026\checkpoints\2026-05-03_11-30-32-332938_box_DV_seed\model.pth
INFO:src.utils.logger:Model weights saved to results\box\DV\20260503-113031_seed0_bf_box_DV_circ19_e1500_8q_2l_seed2026\checkpoints\2026-05-03_11-30-32-332938_box_DV_seed\model_weights.pth
INFO:src.utils.logger:It: 390, Loss: 9.319e-01, Loss_res: 8.384e-01,  Loss_bcs: 0.000e+00, Loss_ut_ics: 2.733e-04, Loss_norm: 5.025e-03, Loss_gauge: 0.000e+00, w_pde: 1.00e+00, L^2_error: 8.937e-02, lr: 1.000e-03, Time: 5.14e+03
INFO:src.utils.logger:Model state saved to results\box\DV\20260503-113031_seed0_bf_box_DV_circ19_e1500_8q_2l_seed2026\checkpoints\2026-05-03_11-30-32-332938_box_DV_seed\model.pth
INFO:src.utils.logger:Model weights saved to results\box\DV\20260503-113031_seed0_bf_box_DV_circ19_e1500_8q_2l_seed2026\checkpoints\2026-05-03_11-30-32-332938_box_DV_seed\model_weights.pth
INFO:src.utils.logger:It: 392, Loss: 9.109e-01, Loss_res: 8.247e-01,  Loss_bcs: 0.000e+00, Loss_ut_ics: 2.510e-04, Loss_norm: 4.700e-03, Loss_gauge: 0.000e+00, w_pde: 1.00e+00, L^2_error: 8.937e-02, lr: 1.000e-03, Time: 5.16e+03
INFO:src.utils.logger:Model state saved to results\box\DV\20260503-113031_seed0_bf_box_DV_circ19_e1500_8q_2l_seed2026\checkpoints\2026-05-03_11-30-32-332938_box_DV_seed\model.pth
INFO:src.utils.logger:Model weights saved to results\box\DV\20260503-113031_seed0_bf_box_DV_circ19_e1500_8q_2l_seed2026\checkpoints\2026-05-03_11-30-32-332938_box_DV_seed\model_weights.pth
INFO:src.utils.logger:It: 394, Loss: 9.426e-01, Loss_res: 8.584e-01,  Loss_bcs: 0.000e+00, Loss_ut_ics: 2.431e-04, Loss_norm: 4.694e-03, Loss_gauge: 0.000e+00, w_pde: 1.00e+00, L^2_error: 8.937e-02, lr: 1.000e-03, Time: 5.20e+03
INFO:src.utils.logger:Model state saved to results\box\DV\20260503-113031_seed0_bf_box_DV_circ19_e1500_8q_2l_seed2026\checkpoints\2026-05-03_11-30-32-332938_box_DV_seed\model.pth
INFO:src.utils.logger:Model weights saved to results\box\DV\20260503-113031_seed0_bf_box_DV_circ19_e1500_8q_2l_seed2026\checkpoints\2026-05-03_11-30-32-332938_box_DV_seed\model_weights.pth
INFO:src.utils.logger:It: 396, Loss: 8.332e-01, Loss_res: 7.525e-01,  Loss_bcs: 0.000e+00, Loss_ut_ics: 2.296e-04, Loss_norm: 4.669e-03, Loss_gauge: 0.000e+00, w_pde: 1.00e+00, L^2_error: 8.693e-02, lr: 1.000e-03, Time: 5.22e+03
INFO:src.utils.logger:Model state saved to results\box\DV\20260503-113031_seed0_bf_box_DV_circ19_e1500_8q_2l_seed2026\checkpoints\2026-05-03_11-30-32-332938_box_DV_seed\model.pth
INFO:src.utils.logger:Model weights saved to results\box\DV\20260503-113031_seed0_bf_box_DV_circ19_e1500_8q_2l_seed2026\checkpoints\2026-05-03_11-30-32-332938_box_DV_seed\model_weights.pth
INFO:src.utils.logger:It: 398, Loss: 8.736e-01, Loss_res: 7.993e-01,  Loss_bcs: 0.000e+00, Loss_ut_ics: 2.066e-04, Loss_norm: 4.535e-03, Loss_gauge: 0.000e+00, w_pde: 1.00e+00, L^2_error: 8.693e-02, lr: 1.000e-03, Time: 5.25e+03
INFO:src.utils.logger:Model state saved to results\box\DV\20260503-113031_seed0_bf_box_DV_circ19_e1500_8q_2l_seed2026\checkpoints\2026-05-03_11-30-32-332938_box_DV_seed\model.pth
INFO:src.utils.logger:Model weights saved to results\box\DV\20260503-113031_seed0_bf_box_DV_circ19_e1500_8q_2l_seed2026\checkpoints\2026-05-03_11-30-32-332938_box_DV_seed\model_weights.pth
INFO:src.utils.logger:It: 400, Loss: 8.203e-01, Loss_res: 7.478e-01,  Loss_bcs: 0.000e+00, Loss_ut_ics: 2.015e-04, Loss_norm: 4.412e-03, Loss_gauge: 0.000e+00, w_pde: 1.00e+00, L^2_error: 8.354e-02, lr: 1.000e-03, Time: 5.27e+03
INFO:src.utils.logger:Model state saved to results\box\DV\20260503-113031_seed0_bf_box_DV_circ19_e1500_8q_2l_seed2026\checkpoints\2026-05-03_11-30-32-332938_box_DV_seed\model.pth
INFO:src.utils.logger:Model weights saved to results\box\DV\20260503-113031_seed0_bf_box_DV_circ19_e1500_8q_2l_seed2026\checkpoints\2026-05-03_11-30-32-332938_box_DV_seed\model_weights.pth
INFO:src.utils.logger:It: 402, Loss: 7.885e-01, Loss_res: 7.145e-01,  Loss_bcs: 0.000e+00, Loss_ut_ics: 2.113e-04, Loss_norm: 4.244e-03, Loss_gauge: 0.000e+00, w_pde: 1.00e+00, L^2_error: 8.354e-02, lr: 1.000e-03, Time: 5.29e+03
INFO:src.utils.logger:Model state saved to results\box\DV\20260503-113031_seed0_bf_box_DV_circ19_e1500_8q_2l_seed2026\checkpoints\2026-05-03_11-30-32-332938_box_DV_seed\model.pth
INFO:src.utils.logger:Model weights saved to results\box\DV\20260503-113031_seed0_bf_box_DV_circ19_e1500_8q_2l_seed2026\checkpoints\2026-05-03_11-30-32-332938_box_DV_seed\model_weights.pth
INFO:src.utils.logger:It: 404, Loss: 8.158e-01, Loss_res: 7.433e-01,  Loss_bcs: 0.000e+00, Loss_ut_ics: 2.115e-04, Loss_norm: 3.934e-03, Loss_gauge: 0.000e+00, w_pde: 1.00e+00, L^2_error: 8.354e-02, lr: 1.000e-03, Time: 5.32e+03
INFO:src.utils.logger:Model state saved to results\box\DV\20260503-113031_seed0_bf_box_DV_circ19_e1500_8q_2l_seed2026\checkpoints\2026-05-03_11-30-32-332938_box_DV_seed\model.pth
INFO:src.utils.logger:Model weights saved to results\box\DV\20260503-113031_seed0_bf_box_DV_circ19_e1500_8q_2l_seed2026\checkpoints\2026-05-03_11-30-32-332938_box_DV_seed\model_weights.pth
INFO:src.utils.logger:It: 406, Loss: 8.068e-01, Loss_res: 7.380e-01,  Loss_bcs: 0.000e+00, Loss_ut_ics: 1.996e-04, Loss_norm: 3.775e-03, Loss_gauge: 0.000e+00, w_pde: 1.00e+00, L^2_error: 7.895e-02, lr: 1.000e-03, Time: 5.34e+03
INFO:src.utils.logger:Model state saved to results\box\DV\20260503-113031_seed0_bf_box_DV_circ19_e1500_8q_2l_seed2026\checkpoints\2026-05-03_11-30-32-332938_box_DV_seed\model.pth
INFO:src.utils.logger:Model weights saved to results\box\DV\20260503-113031_seed0_bf_box_DV_circ19_e1500_8q_2l_seed2026\checkpoints\2026-05-03_11-30-32-332938_box_DV_seed\model_weights.pth
INFO:src.utils.logger:It: 408, Loss: 7.791e-01, Loss_res: 7.104e-01,  Loss_bcs: 0.000e+00, Loss_ut_ics: 1.996e-04, Loss_norm: 3.762e-03, Loss_gauge: 0.000e+00, w_pde: 1.00e+00, L^2_error: 7.895e-02, lr: 1.000e-03, Time: 5.36e+03
INFO:src.utils.logger:Model state saved to results\box\DV\20260503-113031_seed0_bf_box_DV_circ19_e1500_8q_2l_seed2026\checkpoints\2026-05-03_11-30-32-332938_box_DV_seed\model.pth
INFO:src.utils.logger:Model weights saved to results\box\DV\20260503-113031_seed0_bf_box_DV_circ19_e1500_8q_2l_seed2026\checkpoints\2026-05-03_11-30-32-332938_box_DV_seed\model_weights.pth
INFO:src.utils.logger:It: 410, Loss: 8.148e-01, Loss_res: 7.488e-01,  Loss_bcs: 0.000e+00, Loss_ut_ics: 1.875e-04, Loss_norm: 3.818e-03, Loss_gauge: 0.000e+00, w_pde: 1.00e+00, L^2_error: 7.667e-02, lr: 1.000e-03, Time: 5.39e+03
INFO:src.utils.logger:Model state saved to results\box\DV\20260503-113031_seed0_bf_box_DV_circ19_e1500_8q_2l_seed2026\checkpoints\2026-05-03_11-30-32-332938_box_DV_seed\model.pth
INFO:src.utils.logger:Model weights saved to results\box\DV\20260503-113031_seed0_bf_box_DV_circ19_e1500_8q_2l_seed2026\checkpoints\2026-05-03_11-30-32-332938_box_DV_seed\model_weights.pth
INFO:src.utils.logger:It: 412, Loss: 7.081e-01, Loss_res: 6.463e-01,  Loss_bcs: 0.000e+00, Loss_ut_ics: 1.694e-04, Loss_norm: 3.887e-03, Loss_gauge: 0.000e+00, w_pde: 1.00e+00, L^2_error: 7.667e-02, lr: 1.000e-03, Time: 5.41e+03
INFO:src.utils.logger:Model state saved to results\box\DV\20260503-113031_seed0_bf_box_DV_circ19_e1500_8q_2l_seed2026\checkpoints\2026-05-03_11-30-32-332938_box_DV_seed\model.pth
INFO:src.utils.logger:Model weights saved to results\box\DV\20260503-113031_seed0_bf_box_DV_circ19_e1500_8q_2l_seed2026\checkpoints\2026-05-03_11-30-32-332938_box_DV_seed\model_weights.pth
INFO:src.utils.logger:It: 414, Loss: 7.677e-01, Loss_res: 7.057e-01,  Loss_bcs: 0.000e+00, Loss_ut_ics: 1.708e-04, Loss_norm: 3.848e-03, Loss_gauge: 0.000e+00, w_pde: 1.00e+00, L^2_error: 7.667e-02, lr: 1.000e-03, Time: 5.43e+03
INFO:src.utils.logger:Model state saved to results\box\DV\20260503-113031_seed0_bf_box_DV_circ19_e1500_8q_2l_seed2026\checkpoints\2026-05-03_11-30-32-332938_box_DV_seed\model.pth
INFO:src.utils.logger:Model weights saved to results\box\DV\20260503-113031_seed0_bf_box_DV_circ19_e1500_8q_2l_seed2026\checkpoints\2026-05-03_11-30-32-332938_box_DV_seed\model_weights.pth
INFO:src.utils.logger:It: 416, Loss: 6.935e-01, Loss_res: 6.273e-01,  Loss_bcs: 0.000e+00, Loss_ut_ics: 1.898e-04, Loss_norm: 3.737e-03, Loss_gauge: 0.000e+00, w_pde: 1.00e+00, L^2_error: 7.474e-02, lr: 1.000e-03, Time: 5.46e+03
INFO:src.utils.logger:Model state saved to results\box\DV\20260503-113031_seed0_bf_box_DV_circ19_e1500_8q_2l_seed2026\checkpoints\2026-05-03_11-30-32-332938_box_DV_seed\model.pth
INFO:src.utils.logger:Model weights saved to results\box\DV\20260503-113031_seed0_bf_box_DV_circ19_e1500_8q_2l_seed2026\checkpoints\2026-05-03_11-30-32-332938_box_DV_seed\model_weights.pth
INFO:src.utils.logger:It: 418, Loss: 6.929e-01, Loss_res: 6.235e-01,  Loss_bcs: 0.000e+00, Loss_ut_ics: 2.077e-04, Loss_norm: 3.495e-03, Loss_gauge: 0.000e+00, w_pde: 1.00e+00, L^2_error: 7.474e-02, lr: 1.000e-03, Time: 5.48e+03
INFO:src.utils.logger:Model state saved to results\box\DV\20260503-113031_seed0_bf_box_DV_circ19_e1500_8q_2l_seed2026\checkpoints\2026-05-03_11-30-32-332938_box_DV_seed\model.pth
INFO:src.utils.logger:Model weights saved to results\box\DV\20260503-113031_seed0_bf_box_DV_circ19_e1500_8q_2l_seed2026\checkpoints\2026-05-03_11-30-32-332938_box_DV_seed\model_weights.pth
INFO:src.utils.logger:It: 420, Loss: 7.199e-01, Loss_res: 6.502e-01,  Loss_bcs: 0.000e+00, Loss_ut_ics: 2.120e-04, Loss_norm: 3.352e-03, Loss_gauge: 0.000e+00, w_pde: 1.00e+00, L^2_error: 7.188e-02, lr: 1.000e-03, Time: 5.50e+03
INFO:src.utils.logger:Model state saved to results\box\DV\20260503-113031_seed0_bf_box_DV_circ19_e1500_8q_2l_seed2026\checkpoints\2026-05-03_11-30-32-332938_box_DV_seed\model.pth
INFO:src.utils.logger:Model weights saved to results\box\DV\20260503-113031_seed0_bf_box_DV_circ19_e1500_8q_2l_seed2026\checkpoints\2026-05-03_11-30-32-332938_box_DV_seed\model_weights.pth
INFO:src.utils.logger:It: 422, Loss: 7.145e-01, Loss_res: 6.468e-01,  Loss_bcs: 0.000e+00, Loss_ut_ics: 2.044e-04, Loss_norm: 3.322e-03, Loss_gauge: 0.000e+00, w_pde: 1.00e+00, L^2_error: 7.188e-02, lr: 1.000e-03, Time: 5.53e+03
INFO:src.utils.logger:Model state saved to results\box\DV\20260503-113031_seed0_bf_box_DV_circ19_e1500_8q_2l_seed2026\checkpoints\2026-05-03_11-30-32-332938_box_DV_seed\model.pth
INFO:src.utils.logger:Model weights saved to results\box\DV\20260503-113031_seed0_bf_box_DV_circ19_e1500_8q_2l_seed2026\checkpoints\2026-05-03_11-30-32-332938_box_DV_seed\model_weights.pth
INFO:src.utils.logger:It: 424, Loss: 6.551e-01, Loss_res: 5.927e-01,  Loss_bcs: 0.000e+00, Loss_ut_ics: 1.821e-04, Loss_norm: 3.360e-03, Loss_gauge: 0.000e+00, w_pde: 1.00e+00, L^2_error: 7.188e-02, lr: 1.000e-03, Time: 5.55e+03
INFO:src.utils.logger:Model state saved to results\box\DV\20260503-113031_seed0_bf_box_DV_circ19_e1500_8q_2l_seed2026\checkpoints\2026-05-03_11-30-32-332938_box_DV_seed\model.pth
INFO:src.utils.logger:Model weights saved to results\box\DV\20260503-113031_seed0_bf_box_DV_circ19_e1500_8q_2l_seed2026\checkpoints\2026-05-03_11-30-32-332938_box_DV_seed\model_weights.pth
INFO:src.utils.logger:It: 426, Loss: 6.595e-01, Loss_res: 6.011e-01,  Loss_bcs: 0.000e+00, Loss_ut_ics: 1.665e-04, Loss_norm: 3.353e-03, Loss_gauge: 0.000e+00, w_pde: 1.00e+00, L^2_error: 6.926e-02, lr: 1.000e-03, Time: 5.57e+03
INFO:src.utils.logger:Model state saved to results\box\DV\20260503-113031_seed0_bf_box_DV_circ19_e1500_8q_2l_seed2026\checkpoints\2026-05-03_11-30-32-332938_box_DV_seed\model.pth
INFO:src.utils.logger:Model weights saved to results\box\DV\20260503-113031_seed0_bf_box_DV_circ19_e1500_8q_2l_seed2026\checkpoints\2026-05-03_11-30-32-332938_box_DV_seed\model_weights.pth
INFO:src.utils.logger:It: 428, Loss: 6.721e-01, Loss_res: 6.174e-01,  Loss_bcs: 0.000e+00, Loss_ut_ics: 1.535e-04, Loss_norm: 3.269e-03, Loss_gauge: 0.000e+00, w_pde: 1.00e+00, L^2_error: 6.926e-02, lr: 1.000e-03, Time: 5.60e+03
INFO:src.utils.logger:Model state saved to results\box\DV\20260503-113031_seed0_bf_box_DV_circ19_e1500_8q_2l_seed2026\checkpoints\2026-05-03_11-30-32-332938_box_DV_seed\model.pth
INFO:src.utils.logger:Model weights saved to results\box\DV\20260503-113031_seed0_bf_box_DV_circ19_e1500_8q_2l_seed2026\checkpoints\2026-05-03_11-30-32-332938_box_DV_seed\model_weights.pth
INFO:src.utils.logger:It: 430, Loss: 6.373e-01, Loss_res: 5.847e-01,  Loss_bcs: 0.000e+00, Loss_ut_ics: 1.461e-04, Loss_norm: 3.207e-03, Loss_gauge: 0.000e+00, w_pde: 1.00e+00, L^2_error: 6.681e-02, lr: 1.000e-03, Time: 5.62e+03
INFO:src.utils.logger:Model state saved to results\box\DV\20260503-113031_seed0_bf_box_DV_circ19_e1500_8q_2l_seed2026\checkpoints\2026-05-03_11-30-32-332938_box_DV_seed\model.pth
INFO:src.utils.logger:Model weights saved to results\box\DV\20260503-113031_seed0_bf_box_DV_circ19_e1500_8q_2l_seed2026\checkpoints\2026-05-03_11-30-32-332938_box_DV_seed\model_weights.pth
INFO:src.utils.logger:It: 432, Loss: 6.294e-01, Loss_res: 5.777e-01,  Loss_bcs: 0.000e+00, Loss_ut_ics: 1.443e-04, Loss_norm: 3.122e-03, Loss_gauge: 0.000e+00, w_pde: 1.00e+00, L^2_error: 6.681e-02, lr: 1.000e-03, Time: 5.65e+03
INFO:src.utils.logger:Model state saved to results\box\DV\20260503-113031_seed0_bf_box_DV_circ19_e1500_8q_2l_seed2026\checkpoints\2026-05-03_11-30-32-332938_box_DV_seed\model.pth
INFO:src.utils.logger:Model weights saved to results\box\DV\20260503-113031_seed0_bf_box_DV_circ19_e1500_8q_2l_seed2026\checkpoints\2026-05-03_11-30-32-332938_box_DV_seed\model_weights.pth
INFO:src.utils.logger:It: 434, Loss: 6.405e-01, Loss_res: 5.896e-01,  Loss_bcs: 0.000e+00, Loss_ut_ics: 1.441e-04, Loss_norm: 2.969e-03, Loss_gauge: 0.000e+00, w_pde: 1.00e+00, L^2_error: 6.681e-02, lr: 1.000e-03, Time: 5.67e+03
INFO:src.utils.logger:Model state saved to results\box\DV\20260503-113031_seed0_bf_box_DV_circ19_e1500_8q_2l_seed2026\checkpoints\2026-05-03_11-30-32-332938_box_DV_seed\model.pth
INFO:src.utils.logger:Model weights saved to results\box\DV\20260503-113031_seed0_bf_box_DV_circ19_e1500_8q_2l_seed2026\checkpoints\2026-05-03_11-30-32-332938_box_DV_seed\model_weights.pth
INFO:src.utils.logger:It: 436, Loss: 6.448e-01, Loss_res: 5.945e-01,  Loss_bcs: 0.000e+00, Loss_ut_ics: 1.447e-04, Loss_norm: 2.830e-03, Loss_gauge: 0.000e+00, w_pde: 1.00e+00, L^2_error: 6.436e-02, lr: 1.000e-03, Time: 5.70e+03
INFO:src.utils.logger:Model state saved to results\box\DV\20260503-113031_seed0_bf_box_DV_circ19_e1500_8q_2l_seed2026\checkpoints\2026-05-03_11-30-32-332938_box_DV_seed\model.pth
INFO:src.utils.logger:Model weights saved to results\box\DV\20260503-113031_seed0_bf_box_DV_circ19_e1500_8q_2l_seed2026\checkpoints\2026-05-03_11-30-32-332938_box_DV_seed\model_weights.pth
INFO:src.utils.logger:It: 438, Loss: 5.876e-01, Loss_res: 5.398e-01,  Loss_bcs: 0.000e+00, Loss_ut_ics: 1.372e-04, Loss_norm: 2.713e-03, Loss_gauge: 0.000e+00, w_pde: 1.00e+00, L^2_error: 6.436e-02, lr: 1.000e-03, Time: 5.72e+03
INFO:src.utils.logger:Model state saved to results\box\DV\20260503-113031_seed0_bf_box_DV_circ19_e1500_8q_2l_seed2026\checkpoints\2026-05-03_11-30-32-332938_box_DV_seed\model.pth
INFO:src.utils.logger:Model weights saved to results\box\DV\20260503-113031_seed0_bf_box_DV_circ19_e1500_8q_2l_seed2026\checkpoints\2026-05-03_11-30-32-332938_box_DV_seed\model_weights.pth
INFO:src.utils.logger:It: 440, Loss: 5.487e-01, Loss_res: 5.018e-01,  Loss_bcs: 0.000e+00, Loss_ut_ics: 1.357e-04, Loss_norm: 2.588e-03, Loss_gauge: 0.000e+00, w_pde: 1.00e+00, L^2_error: 6.170e-02, lr: 1.000e-03, Time: 5.75e+03
INFO:src.utils.logger:Model state saved to results\box\DV\20260503-113031_seed0_bf_box_DV_circ19_e1500_8q_2l_seed2026\checkpoints\2026-05-03_11-30-32-332938_box_DV_seed\model.pth
INFO:src.utils.logger:Model weights saved to results\box\DV\20260503-113031_seed0_bf_box_DV_circ19_e1500_8q_2l_seed2026\checkpoints\2026-05-03_11-30-32-332938_box_DV_seed\model_weights.pth
INFO:src.utils.logger:It: 442, Loss: 6.175e-01, Loss_res: 5.696e-01,  Loss_bcs: 0.000e+00, Loss_ut_ics: 1.410e-04, Loss_norm: 2.523e-03, Loss_gauge: 0.000e+00, w_pde: 1.00e+00, L^2_error: 6.170e-02, lr: 1.000e-03, Time: 5.78e+03
INFO:src.utils.logger:Model state saved to results\box\DV\20260503-113031_seed0_bf_box_DV_circ19_e1500_8q_2l_seed2026\checkpoints\2026-05-03_11-30-32-332938_box_DV_seed\model.pth
INFO:src.utils.logger:Model weights saved to results\box\DV\20260503-113031_seed0_bf_box_DV_circ19_e1500_8q_2l_seed2026\checkpoints\2026-05-03_11-30-32-332938_box_DV_seed\model_weights.pth
INFO:src.utils.logger:It: 444, Loss: 6.012e-01, Loss_res: 5.521e-01,  Loss_bcs: 0.000e+00, Loss_ut_ics: 1.458e-04, Loss_norm: 2.511e-03, Loss_gauge: 0.000e+00, w_pde: 1.00e+00, L^2_error: 6.170e-02, lr: 1.000e-03, Time: 5.80e+03
INFO:src.utils.logger:Model state saved to results\box\DV\20260503-113031_seed0_bf_box_DV_circ19_e1500_8q_2l_seed2026\checkpoints\2026-05-03_11-30-32-332938_box_DV_seed\model.pth
INFO:src.utils.logger:Model weights saved to results\box\DV\20260503-113031_seed0_bf_box_DV_circ19_e1500_8q_2l_seed2026\checkpoints\2026-05-03_11-30-32-332938_box_DV_seed\model_weights.pth
INFO:src.utils.logger:It: 446, Loss: 5.588e-01, Loss_res: 5.126e-01,  Loss_bcs: 0.000e+00, Loss_ut_ics: 1.344e-04, Loss_norm: 2.506e-03, Loss_gauge: 0.000e+00, w_pde: 1.00e+00, L^2_error: 5.965e-02, lr: 1.000e-03, Time: 5.82e+03
INFO:src.utils.logger:Model state saved to results\box\DV\20260503-113031_seed0_bf_box_DV_circ19_e1500_8q_2l_seed2026\checkpoints\2026-05-03_11-30-32-332938_box_DV_seed\model.pth
INFO:src.utils.logger:Model weights saved to results\box\DV\20260503-113031_seed0_bf_box_DV_circ19_e1500_8q_2l_seed2026\checkpoints\2026-05-03_11-30-32-332938_box_DV_seed\model_weights.pth
INFO:src.utils.logger:It: 448, Loss: 5.955e-01, Loss_res: 5.503e-01,  Loss_bcs: 0.000e+00, Loss_ut_ics: 1.306e-04, Loss_norm: 2.498e-03, Loss_gauge: 0.000e+00, w_pde: 1.00e+00, L^2_error: 5.965e-02, lr: 1.000e-03, Time: 5.85e+03
INFO:src.utils.logger:Model state saved to results\box\DV\20260503-113031_seed0_bf_box_DV_circ19_e1500_8q_2l_seed2026\checkpoints\2026-05-03_11-30-32-332938_box_DV_seed\model.pth
INFO:src.utils.logger:Model weights saved to results\box\DV\20260503-113031_seed0_bf_box_DV_circ19_e1500_8q_2l_seed2026\checkpoints\2026-05-03_11-30-32-332938_box_DV_seed\model_weights.pth
INFO:src.utils.logger:It: 450, Loss: 5.206e-01, Loss_res: 4.744e-01,  Loss_bcs: 0.000e+00, Loss_ut_ics: 1.347e-04, Loss_norm: 2.498e-03, Loss_gauge: 0.000e+00, w_pde: 1.00e+00, L^2_error: 5.796e-02, lr: 1.000e-03, Time: 5.87e+03
INFO:src.utils.logger:Model state saved to results\box\DV\20260503-113031_seed0_bf_box_DV_circ19_e1500_8q_2l_seed2026\checkpoints\2026-05-03_11-30-32-332938_box_DV_seed\model.pth
INFO:src.utils.logger:Model weights saved to results\box\DV\20260503-113031_seed0_bf_box_DV_circ19_e1500_8q_2l_seed2026\checkpoints\2026-05-03_11-30-32-332938_box_DV_seed\model_weights.pth
INFO:src.utils.logger:It: 452, Loss: 5.118e-01, Loss_res: 4.688e-01,  Loss_bcs: 0.000e+00, Loss_ut_ics: 1.253e-04, Loss_norm: 2.352e-03, Loss_gauge: 0.000e+00, w_pde: 1.00e+00, L^2_error: 5.796e-02, lr: 1.000e-03, Time: 5.89e+03
INFO:src.utils.logger:Model state saved to results\box\DV\20260503-113031_seed0_bf_box_DV_circ19_e1500_8q_2l_seed2026\checkpoints\2026-05-03_11-30-32-332938_box_DV_seed\model.pth
INFO:src.utils.logger:Model weights saved to results\box\DV\20260503-113031_seed0_bf_box_DV_circ19_e1500_8q_2l_seed2026\checkpoints\2026-05-03_11-30-32-332938_box_DV_seed\model_weights.pth
INFO:src.utils.logger:It: 454, Loss: 5.507e-01, Loss_res: 5.093e-01,  Loss_bcs: 0.000e+00, Loss_ut_ics: 1.210e-04, Loss_norm: 2.226e-03, Loss_gauge: 0.000e+00, w_pde: 1.00e+00, L^2_error: 5.796e-02, lr: 1.000e-03, Time: 5.92e+03
INFO:src.utils.logger:Model state saved to results\box\DV\20260503-113031_seed0_bf_box_DV_circ19_e1500_8q_2l_seed2026\checkpoints\2026-05-03_11-30-32-332938_box_DV_seed\model.pth
INFO:src.utils.logger:Model weights saved to results\box\DV\20260503-113031_seed0_bf_box_DV_circ19_e1500_8q_2l_seed2026\checkpoints\2026-05-03_11-30-32-332938_box_DV_seed\model_weights.pth
INFO:src.utils.logger:It: 456, Loss: 5.204e-01, Loss_res: 4.767e-01,  Loss_bcs: 0.000e+00, Loss_ut_ics: 1.303e-04, Loss_norm: 2.212e-03, Loss_gauge: 0.000e+00, w_pde: 1.00e+00, L^2_error: 5.596e-02, lr: 1.000e-03, Time: 5.94e+03
INFO:src.utils.logger:Model state saved to results\box\DV\20260503-113031_seed0_bf_box_DV_circ19_e1500_8q_2l_seed2026\checkpoints\2026-05-03_11-30-32-332938_box_DV_seed\model.pth
INFO:src.utils.logger:Model weights saved to results\box\DV\20260503-113031_seed0_bf_box_DV_circ19_e1500_8q_2l_seed2026\checkpoints\2026-05-03_11-30-32-332938_box_DV_seed\model_weights.pth
INFO:src.utils.logger:It: 458, Loss: 5.052e-01, Loss_res: 4.636e-01,  Loss_bcs: 0.000e+00, Loss_ut_ics: 1.227e-04, Loss_norm: 2.186e-03, Loss_gauge: 0.000e+00, w_pde: 1.00e+00, L^2_error: 5.596e-02, lr: 1.000e-03, Time: 5.96e+03
INFO:src.utils.logger:Model state saved to results\box\DV\20260503-113031_seed0_bf_box_DV_circ19_e1500_8q_2l_seed2026\checkpoints\2026-05-03_11-30-32-332938_box_DV_seed\model.pth
INFO:src.utils.logger:Model weights saved to results\box\DV\20260503-113031_seed0_bf_box_DV_circ19_e1500_8q_2l_seed2026\checkpoints\2026-05-03_11-30-32-332938_box_DV_seed\model_weights.pth
INFO:src.utils.logger:It: 460, Loss: 4.748e-01, Loss_res: 4.366e-01,  Loss_bcs: 0.000e+00, Loss_ut_ics: 1.109e-04, Loss_norm: 2.088e-03, Loss_gauge: 0.000e+00, w_pde: 1.00e+00, L^2_error: 5.323e-02, lr: 1.000e-03, Time: 5.99e+03
INFO:src.utils.logger:Model state saved to results\box\DV\20260503-113031_seed0_bf_box_DV_circ19_e1500_8q_2l_seed2026\checkpoints\2026-05-03_11-30-32-332938_box_DV_seed\model.pth
INFO:src.utils.logger:Model weights saved to results\box\DV\20260503-113031_seed0_bf_box_DV_circ19_e1500_8q_2l_seed2026\checkpoints\2026-05-03_11-30-32-332938_box_DV_seed\model_weights.pth
INFO:src.utils.logger:It: 462, Loss: 4.460e-01, Loss_res: 4.078e-01,  Loss_bcs: 0.000e+00, Loss_ut_ics: 1.130e-04, Loss_norm: 2.001e-03, Loss_gauge: 0.000e+00, w_pde: 1.00e+00, L^2_error: 5.323e-02, lr: 1.000e-03, Time: 6.01e+03
INFO:src.utils.logger:Model state saved to results\box\DV\20260503-113031_seed0_bf_box_DV_circ19_e1500_8q_2l_seed2026\checkpoints\2026-05-03_11-30-32-332938_box_DV_seed\model.pth
INFO:src.utils.logger:Model weights saved to results\box\DV\20260503-113031_seed0_bf_box_DV_circ19_e1500_8q_2l_seed2026\checkpoints\2026-05-03_11-30-32-332938_box_DV_seed\model_weights.pth
INFO:src.utils.logger:It: 464, Loss: 4.925e-01, Loss_res: 4.537e-01,  Loss_bcs: 0.000e+00, Loss_ut_ics: 1.169e-04, Loss_norm: 1.918e-03, Loss_gauge: 0.000e+00, w_pde: 1.00e+00, L^2_error: 5.323e-02, lr: 1.000e-03, Time: 6.03e+03
INFO:src.utils.logger:Model state saved to results\box\DV\20260503-113031_seed0_bf_box_DV_circ19_e1500_8q_2l_seed2026\checkpoints\2026-05-03_11-30-32-332938_box_DV_seed\model.pth
INFO:src.utils.logger:Model weights saved to results\box\DV\20260503-113031_seed0_bf_box_DV_circ19_e1500_8q_2l_seed2026\checkpoints\2026-05-03_11-30-32-332938_box_DV_seed\model_weights.pth
INFO:src.utils.logger:It: 466, Loss: 4.862e-01, Loss_res: 4.511e-01,  Loss_bcs: 0.000e+00, Loss_ut_ics: 1.027e-04, Loss_norm: 1.870e-03, Loss_gauge: 0.000e+00, w_pde: 1.00e+00, L^2_error: 5.144e-02, lr: 1.000e-03, Time: 6.05e+03
INFO:src.utils.logger:Model state saved to results\box\DV\20260503-113031_seed0_bf_box_DV_circ19_e1500_8q_2l_seed2026\checkpoints\2026-05-03_11-30-32-332938_box_DV_seed\model.pth
INFO:src.utils.logger:Model weights saved to results\box\DV\20260503-113031_seed0_bf_box_DV_circ19_e1500_8q_2l_seed2026\checkpoints\2026-05-03_11-30-32-332938_box_DV_seed\model_weights.pth
INFO:src.utils.logger:It: 468, Loss: 5.145e-01, Loss_res: 4.803e-01,  Loss_bcs: 0.000e+00, Loss_ut_ics: 9.982e-05, Loss_norm: 1.845e-03, Loss_gauge: 0.000e+00, w_pde: 1.00e+00, L^2_error: 5.144e-02, lr: 1.000e-03, Time: 6.08e+03
INFO:src.utils.logger:Model state saved to results\box\DV\20260503-113031_seed0_bf_box_DV_circ19_e1500_8q_2l_seed2026\checkpoints\2026-05-03_11-30-32-332938_box_DV_seed\model.pth
INFO:src.utils.logger:Model weights saved to results\box\DV\20260503-113031_seed0_bf_box_DV_circ19_e1500_8q_2l_seed2026\checkpoints\2026-05-03_11-30-32-332938_box_DV_seed\model_weights.pth
INFO:src.utils.logger:It: 470, Loss: 4.816e-01, Loss_res: 4.468e-01,  Loss_bcs: 0.000e+00, Loss_ut_ics: 1.028e-04, Loss_norm: 1.825e-03, Loss_gauge: 0.000e+00, w_pde: 1.00e+00, L^2_error: 4.991e-02, lr: 1.000e-03, Time: 6.10e+03
INFO:src.utils.logger:Model state saved to results\box\DV\20260503-113031_seed0_bf_box_DV_circ19_e1500_8q_2l_seed2026\checkpoints\2026-05-03_11-30-32-332938_box_DV_seed\model.pth
INFO:src.utils.logger:Model weights saved to results\box\DV\20260503-113031_seed0_bf_box_DV_circ19_e1500_8q_2l_seed2026\checkpoints\2026-05-03_11-30-32-332938_box_DV_seed\model_weights.pth
INFO:src.utils.logger:It: 472, Loss: 4.897e-01, Loss_res: 4.564e-01,  Loss_bcs: 0.000e+00, Loss_ut_ics: 9.861e-05, Loss_norm: 1.733e-03, Loss_gauge: 0.000e+00, w_pde: 1.00e+00, L^2_error: 4.991e-02, lr: 1.000e-03, Time: 6.12e+03
INFO:src.utils.logger:Model state saved to results\box\DV\20260503-113031_seed0_bf_box_DV_circ19_e1500_8q_2l_seed2026\checkpoints\2026-05-03_11-30-32-332938_box_DV_seed\model.pth
INFO:src.utils.logger:Model weights saved to results\box\DV\20260503-113031_seed0_bf_box_DV_circ19_e1500_8q_2l_seed2026\checkpoints\2026-05-03_11-30-32-332938_box_DV_seed\model_weights.pth
INFO:src.utils.logger:It: 474, Loss: 4.878e-01, Loss_res: 4.535e-01,  Loss_bcs: 0.000e+00, Loss_ut_ics: 1.042e-04, Loss_norm: 1.661e-03, Loss_gauge: 0.000e+00, w_pde: 1.00e+00, L^2_error: 4.991e-02, lr: 1.000e-03, Time: 6.14e+03
INFO:src.utils.logger:Model state saved to results\box\DV\20260503-113031_seed0_bf_box_DV_circ19_e1500_8q_2l_seed2026\checkpoints\2026-05-03_11-30-32-332938_box_DV_seed\model.pth
INFO:src.utils.logger:Model weights saved to results\box\DV\20260503-113031_seed0_bf_box_DV_circ19_e1500_8q_2l_seed2026\checkpoints\2026-05-03_11-30-32-332938_box_DV_seed\model_weights.pth
INFO:src.utils.logger:It: 476, Loss: 4.751e-01, Loss_res: 4.394e-01,  Loss_bcs: 0.000e+00, Loss_ut_ics: 1.097e-04, Loss_norm: 1.639e-03, Loss_gauge: 0.000e+00, w_pde: 1.00e+00, L^2_error: 4.840e-02, lr: 1.000e-03, Time: 6.17e+03
INFO:src.utils.logger:Model state saved to results\box\DV\20260503-113031_seed0_bf_box_DV_circ19_e1500_8q_2l_seed2026\checkpoints\2026-05-03_11-30-32-332938_box_DV_seed\model.pth
INFO:src.utils.logger:Model weights saved to results\box\DV\20260503-113031_seed0_bf_box_DV_circ19_e1500_8q_2l_seed2026\checkpoints\2026-05-03_11-30-32-332938_box_DV_seed\model_weights.pth
INFO:src.utils.logger:It: 478, Loss: 4.106e-01, Loss_res: 3.775e-01,  Loss_bcs: 0.000e+00, Loss_ut_ics: 1.003e-04, Loss_norm: 1.593e-03, Loss_gauge: 0.000e+00, w_pde: 1.00e+00, L^2_error: 4.840e-02, lr: 1.000e-03, Time: 6.19e+03
INFO:src.utils.logger:Model state saved to results\box\DV\20260503-113031_seed0_bf_box_DV_circ19_e1500_8q_2l_seed2026\checkpoints\2026-05-03_11-30-32-332938_box_DV_seed\model.pth
INFO:src.utils.logger:Model weights saved to results\box\DV\20260503-113031_seed0_bf_box_DV_circ19_e1500_8q_2l_seed2026\checkpoints\2026-05-03_11-30-32-332938_box_DV_seed\model_weights.pth
INFO:src.utils.logger:It: 480, Loss: 4.295e-01, Loss_res: 3.965e-01,  Loss_bcs: 0.000e+00, Loss_ut_ics: 1.000e-04, Loss_norm: 1.592e-03, Loss_gauge: 0.000e+00, w_pde: 1.00e+00, L^2_error: 4.661e-02, lr: 1.000e-03, Time: 6.21e+03
INFO:src.utils.logger:Model state saved to results\box\DV\20260503-113031_seed0_bf_box_DV_circ19_e1500_8q_2l_seed2026\checkpoints\2026-05-03_11-30-32-332938_box_DV_seed\model.pth
INFO:src.utils.logger:Model weights saved to results\box\DV\20260503-113031_seed0_bf_box_DV_circ19_e1500_8q_2l_seed2026\checkpoints\2026-05-03_11-30-32-332938_box_DV_seed\model_weights.pth
INFO:src.utils.logger:It: 482, Loss: 4.457e-01, Loss_res: 4.115e-01,  Loss_bcs: 0.000e+00, Loss_ut_ics: 1.052e-04, Loss_norm: 1.576e-03, Loss_gauge: 0.000e+00, w_pde: 1.00e+00, L^2_error: 4.661e-02, lr: 1.000e-03, Time: 6.23e+03
INFO:src.utils.logger:Model state saved to results\box\DV\20260503-113031_seed0_bf_box_DV_circ19_e1500_8q_2l_seed2026\checkpoints\2026-05-03_11-30-32-332938_box_DV_seed\model.pth
INFO:src.utils.logger:Model weights saved to results\box\DV\20260503-113031_seed0_bf_box_DV_circ19_e1500_8q_2l_seed2026\checkpoints\2026-05-03_11-30-32-332938_box_DV_seed\model_weights.pth
INFO:src.utils.logger:It: 484, Loss: 3.774e-01, Loss_res: 3.461e-01,  Loss_bcs: 0.000e+00, Loss_ut_ics: 9.456e-05, Loss_norm: 1.515e-03, Loss_gauge: 0.000e+00, w_pde: 1.00e+00, L^2_error: 4.661e-02, lr: 1.000e-03, Time: 6.26e+03
INFO:src.utils.logger:Model state saved to results\box\DV\20260503-113031_seed0_bf_box_DV_circ19_e1500_8q_2l_seed2026\checkpoints\2026-05-03_11-30-32-332938_box_DV_seed\model.pth
INFO:src.utils.logger:Model weights saved to results\box\DV\20260503-113031_seed0_bf_box_DV_circ19_e1500_8q_2l_seed2026\checkpoints\2026-05-03_11-30-32-332938_box_DV_seed\model_weights.pth
INFO:src.utils.logger:It: 486, Loss: 4.286e-01, Loss_res: 3.975e-01,  Loss_bcs: 0.000e+00, Loss_ut_ics: 9.474e-05, Loss_norm: 1.489e-03, Loss_gauge: 0.000e+00, w_pde: 1.00e+00, L^2_error: 4.458e-02, lr: 1.000e-03, Time: 6.28e+03
INFO:src.utils.logger:Model state saved to results\box\DV\20260503-113031_seed0_bf_box_DV_circ19_e1500_8q_2l_seed2026\checkpoints\2026-05-03_11-30-32-332938_box_DV_seed\model.pth
INFO:src.utils.logger:Model weights saved to results\box\DV\20260503-113031_seed0_bf_box_DV_circ19_e1500_8q_2l_seed2026\checkpoints\2026-05-03_11-30-32-332938_box_DV_seed\model_weights.pth
INFO:src.utils.logger:It: 488, Loss: 4.201e-01, Loss_res: 3.891e-01,  Loss_bcs: 0.000e+00, Loss_ut_ics: 9.394e-05, Loss_norm: 1.500e-03, Loss_gauge: 0.000e+00, w_pde: 1.00e+00, L^2_error: 4.458e-02, lr: 1.000e-03, Time: 6.30e+03
INFO:src.utils.logger:Model state saved to results\box\DV\20260503-113031_seed0_bf_box_DV_circ19_e1500_8q_2l_seed2026\checkpoints\2026-05-03_11-30-32-332938_box_DV_seed\model.pth
INFO:src.utils.logger:Model weights saved to results\box\DV\20260503-113031_seed0_bf_box_DV_circ19_e1500_8q_2l_seed2026\checkpoints\2026-05-03_11-30-32-332938_box_DV_seed\model_weights.pth
INFO:src.utils.logger:It: 490, Loss: 4.355e-01, Loss_res: 4.083e-01,  Loss_bcs: 0.000e+00, Loss_ut_ics: 7.936e-05, Loss_norm: 1.477e-03, Loss_gauge: 0.000e+00, w_pde: 1.00e+00, L^2_error: 4.304e-02, lr: 1.000e-03, Time: 6.33e+03
INFO:src.utils.logger:Model state saved to results\box\DV\20260503-113031_seed0_bf_box_DV_circ19_e1500_8q_2l_seed2026\checkpoints\2026-05-03_11-30-32-332938_box_DV_seed\model.pth
INFO:src.utils.logger:Model weights saved to results\box\DV\20260503-113031_seed0_bf_box_DV_circ19_e1500_8q_2l_seed2026\checkpoints\2026-05-03_11-30-32-332938_box_DV_seed\model_weights.pth
INFO:src.utils.logger:It: 492, Loss: 3.918e-01, Loss_res: 3.651e-01,  Loss_bcs: 0.000e+00, Loss_ut_ics: 7.830e-05, Loss_norm: 1.414e-03, Loss_gauge: 0.000e+00, w_pde: 1.00e+00, L^2_error: 4.304e-02, lr: 1.000e-03, Time: 6.35e+03
INFO:src.utils.logger:Model state saved to results\box\DV\20260503-113031_seed0_bf_box_DV_circ19_e1500_8q_2l_seed2026\checkpoints\2026-05-03_11-30-32-332938_box_DV_seed\model.pth
INFO:src.utils.logger:Model weights saved to results\box\DV\20260503-113031_seed0_bf_box_DV_circ19_e1500_8q_2l_seed2026\checkpoints\2026-05-03_11-30-32-332938_box_DV_seed\model_weights.pth
INFO:src.utils.logger:It: 494, Loss: 4.144e-01, Loss_res: 3.864e-01,  Loss_bcs: 0.000e+00, Loss_ut_ics: 8.645e-05, Loss_norm: 1.287e-03, Loss_gauge: 0.000e+00, w_pde: 1.00e+00, L^2_error: 4.304e-02, lr: 1.000e-03, Time: 6.37e+03
INFO:src.utils.logger:Model state saved to results\box\DV\20260503-113031_seed0_bf_box_DV_circ19_e1500_8q_2l_seed2026\checkpoints\2026-05-03_11-30-32-332938_box_DV_seed\model.pth
INFO:src.utils.logger:Model weights saved to results\box\DV\20260503-113031_seed0_bf_box_DV_circ19_e1500_8q_2l_seed2026\checkpoints\2026-05-03_11-30-32-332938_box_DV_seed\model_weights.pth
INFO:src.utils.logger:It: 496, Loss: 3.918e-01, Loss_res: 3.636e-01,  Loss_bcs: 0.000e+00, Loss_ut_ics: 8.946e-05, Loss_norm: 1.169e-03, Loss_gauge: 0.000e+00, w_pde: 1.00e+00, L^2_error: 4.206e-02, lr: 1.000e-03, Time: 6.40e+03
INFO:src.utils.logger:Model state saved to results\box\DV\20260503-113031_seed0_bf_box_DV_circ19_e1500_8q_2l_seed2026\checkpoints\2026-05-03_11-30-32-332938_box_DV_seed\model.pth
INFO:src.utils.logger:Model weights saved to results\box\DV\20260503-113031_seed0_bf_box_DV_circ19_e1500_8q_2l_seed2026\checkpoints\2026-05-03_11-30-32-332938_box_DV_seed\model_weights.pth
INFO:src.utils.logger:It: 498, Loss: 3.841e-01, Loss_res: 3.560e-01,  Loss_bcs: 0.000e+00, Loss_ut_ics: 8.904e-05, Loss_norm: 1.154e-03, Loss_gauge: 0.000e+00, w_pde: 1.00e+00, L^2_error: 4.206e-02, lr: 1.000e-03, Time: 6.43e+03
INFO:src.utils.logger:Model state saved to results\box\DV\20260503-113031_seed0_bf_box_DV_circ19_e1500_8q_2l_seed2026\checkpoints\2026-05-03_11-30-32-332938_box_DV_seed\model.pth
INFO:src.utils.logger:Model weights saved to results\box\DV\20260503-113031_seed0_bf_box_DV_circ19_e1500_8q_2l_seed2026\checkpoints\2026-05-03_11-30-32-332938_box_DV_seed\model_weights.pth
INFO:src.utils.logger:It: 500, Loss: 3.545e-01, Loss_res: 3.276e-01,  Loss_bcs: 0.000e+00, Loss_ut_ics: 8.379e-05, Loss_norm: 1.190e-03, Loss_gauge: 0.000e+00, w_pde: 1.00e+00, L^2_error: 4.123e-02, lr: 1.000e-03, Time: 6.45e+03
INFO:src.utils.logger:Model state saved to results\box\DV\20260503-113031_seed0_bf_box_DV_circ19_e1500_8q_2l_seed2026\checkpoints\2026-05-03_11-30-32-332938_box_DV_seed\model.pth
INFO:src.utils.logger:Model weights saved to results\box\DV\20260503-113031_seed0_bf_box_DV_circ19_e1500_8q_2l_seed2026\checkpoints\2026-05-03_11-30-32-332938_box_DV_seed\model_weights.pth
INFO:src.utils.logger:It: 502, Loss: 3.501e-01, Loss_res: 3.256e-01,  Loss_bcs: 0.000e+00, Loss_ut_ics: 7.488e-05, Loss_norm: 1.163e-03, Loss_gauge: 0.000e+00, w_pde: 1.00e+00, L^2_error: 4.123e-02, lr: 1.000e-03, Time: 6.47e+03
INFO:src.utils.logger:Model state saved to results\box\DV\20260503-113031_seed0_bf_box_DV_circ19_e1500_8q_2l_seed2026\checkpoints\2026-05-03_11-30-32-332938_box_DV_seed\model.pth
INFO:src.utils.logger:Model weights saved to results\box\DV\20260503-113031_seed0_bf_box_DV_circ19_e1500_8q_2l_seed2026\checkpoints\2026-05-03_11-30-32-332938_box_DV_seed\model_weights.pth
INFO:src.utils.logger:It: 504, Loss: 3.484e-01, Loss_res: 3.241e-01,  Loss_bcs: 0.000e+00, Loss_ut_ics: 7.423e-05, Loss_norm: 1.149e-03, Loss_gauge: 0.000e+00, w_pde: 1.00e+00, L^2_error: 4.123e-02, lr: 1.000e-03, Time: 6.50e+03
INFO:src.utils.logger:Model state saved to results\box\DV\20260503-113031_seed0_bf_box_DV_circ19_e1500_8q_2l_seed2026\checkpoints\2026-05-03_11-30-32-332938_box_DV_seed\model.pth
INFO:src.utils.logger:Model weights saved to results\box\DV\20260503-113031_seed0_bf_box_DV_circ19_e1500_8q_2l_seed2026\checkpoints\2026-05-03_11-30-32-332938_box_DV_seed\model_weights.pth
INFO:src.utils.logger:It: 506, Loss: 3.581e-01, Loss_res: 3.318e-01,  Loss_bcs: 0.000e+00, Loss_ut_ics: 8.250e-05, Loss_norm: 1.145e-03, Loss_gauge: 0.000e+00, w_pde: 1.00e+00, L^2_error: 3.956e-02, lr: 1.000e-03, Time: 6.52e+03
INFO:src.utils.logger:Model state saved to results\box\DV\20260503-113031_seed0_bf_box_DV_circ19_e1500_8q_2l_seed2026\checkpoints\2026-05-03_11-30-32-332938_box_DV_seed\model.pth
INFO:src.utils.logger:Model weights saved to results\box\DV\20260503-113031_seed0_bf_box_DV_circ19_e1500_8q_2l_seed2026\checkpoints\2026-05-03_11-30-32-332938_box_DV_seed\model_weights.pth
INFO:src.utils.logger:It: 508, Loss: 3.480e-01, Loss_res: 3.240e-01,  Loss_bcs: 0.000e+00, Loss_ut_ics: 7.390e-05, Loss_norm: 1.110e-03, Loss_gauge: 0.000e+00, w_pde: 1.00e+00, L^2_error: 3.956e-02, lr: 1.000e-03, Time: 6.54e+03
INFO:src.utils.logger:Model state saved to results\box\DV\20260503-113031_seed0_bf_box_DV_circ19_e1500_8q_2l_seed2026\checkpoints\2026-05-03_11-30-32-332938_box_DV_seed\model.pth
INFO:src.utils.logger:Model weights saved to results\box\DV\20260503-113031_seed0_bf_box_DV_circ19_e1500_8q_2l_seed2026\checkpoints\2026-05-03_11-30-32-332938_box_DV_seed\model_weights.pth
INFO:src.utils.logger:It: 510, Loss: 3.514e-01, Loss_res: 3.276e-01,  Loss_bcs: 0.000e+00, Loss_ut_ics: 7.286e-05, Loss_norm: 1.103e-03, Loss_gauge: 0.000e+00, w_pde: 1.00e+00, L^2_error: 3.726e-02, lr: 1.000e-03, Time: 6.57e+03
INFO:src.utils.logger:Model state saved to results\box\DV\20260503-113031_seed0_bf_box_DV_circ19_e1500_8q_2l_seed2026\checkpoints\2026-05-03_11-30-32-332938_box_DV_seed\model.pth
INFO:src.utils.logger:Model weights saved to results\box\DV\20260503-113031_seed0_bf_box_DV_circ19_e1500_8q_2l_seed2026\checkpoints\2026-05-03_11-30-32-332938_box_DV_seed\model_weights.pth
INFO:src.utils.logger:It: 512, Loss: 3.515e-01, Loss_res: 3.270e-01,  Loss_bcs: 0.000e+00, Loss_ut_ics: 7.560e-05, Loss_norm: 1.121e-03, Loss_gauge: 0.000e+00, w_pde: 1.00e+00, L^2_error: 3.726e-02, lr: 1.000e-03, Time: 6.59e+03
INFO:src.utils.logger:Model state saved to results\box\DV\20260503-113031_seed0_bf_box_DV_circ19_e1500_8q_2l_seed2026\checkpoints\2026-05-03_11-30-32-332938_box_DV_seed\model.pth
INFO:src.utils.logger:Model weights saved to results\box\DV\20260503-113031_seed0_bf_box_DV_circ19_e1500_8q_2l_seed2026\checkpoints\2026-05-03_11-30-32-332938_box_DV_seed\model_weights.pth
INFO:src.utils.logger:It: 514, Loss: 3.217e-01, Loss_res: 2.997e-01,  Loss_bcs: 0.000e+00, Loss_ut_ics: 6.656e-05, Loss_norm: 1.066e-03, Loss_gauge: 0.000e+00, w_pde: 1.00e+00, L^2_error: 3.726e-02, lr: 1.000e-03, Time: 6.62e+03
INFO:src.utils.logger:Model state saved to results\box\DV\20260503-113031_seed0_bf_box_DV_circ19_e1500_8q_2l_seed2026\checkpoints\2026-05-03_11-30-32-332938_box_DV_seed\model.pth
INFO:src.utils.logger:Model weights saved to results\box\DV\20260503-113031_seed0_bf_box_DV_circ19_e1500_8q_2l_seed2026\checkpoints\2026-05-03_11-30-32-332938_box_DV_seed\model_weights.pth
INFO:src.utils.logger:It: 516, Loss: 3.332e-01, Loss_res: 3.125e-01,  Loss_bcs: 0.000e+00, Loss_ut_ics: 6.235e-05, Loss_norm: 1.020e-03, Loss_gauge: 0.000e+00, w_pde: 1.00e+00, L^2_error: 3.594e-02, lr: 1.000e-03, Time: 6.65e+03
INFO:src.utils.logger:Model state saved to results\box\DV\20260503-113031_seed0_bf_box_DV_circ19_e1500_8q_2l_seed2026\checkpoints\2026-05-03_11-30-32-332938_box_DV_seed\model.pth
INFO:src.utils.logger:Model weights saved to results\box\DV\20260503-113031_seed0_bf_box_DV_circ19_e1500_8q_2l_seed2026\checkpoints\2026-05-03_11-30-32-332938_box_DV_seed\model_weights.pth
INFO:src.utils.logger:It: 518, Loss: 3.496e-01, Loss_res: 3.284e-01,  Loss_bcs: 0.000e+00, Loss_ut_ics: 6.579e-05, Loss_norm: 9.462e-04, Loss_gauge: 0.000e+00, w_pde: 1.00e+00, L^2_error: 3.594e-02, lr: 1.000e-03, Time: 6.67e+03
INFO:src.utils.logger:Model state saved to results\box\DV\20260503-113031_seed0_bf_box_DV_circ19_e1500_8q_2l_seed2026\checkpoints\2026-05-03_11-30-32-332938_box_DV_seed\model.pth
INFO:src.utils.logger:Model weights saved to results\box\DV\20260503-113031_seed0_bf_box_DV_circ19_e1500_8q_2l_seed2026\checkpoints\2026-05-03_11-30-32-332938_box_DV_seed\model_weights.pth
INFO:src.utils.logger:It: 520, Loss: 3.293e-01, Loss_res: 3.061e-01,  Loss_bcs: 0.000e+00, Loss_ut_ics: 7.453e-05, Loss_norm: 9.004e-04, Loss_gauge: 0.000e+00, w_pde: 1.00e+00, L^2_error: 3.518e-02, lr: 1.000e-03, Time: 6.69e+03
INFO:src.utils.logger:Model state saved to results\box\DV\20260503-113031_seed0_bf_box_DV_circ19_e1500_8q_2l_seed2026\checkpoints\2026-05-03_11-30-32-332938_box_DV_seed\model.pth
INFO:src.utils.logger:Model weights saved to results\box\DV\20260503-113031_seed0_bf_box_DV_circ19_e1500_8q_2l_seed2026\checkpoints\2026-05-03_11-30-32-332938_box_DV_seed\model_weights.pth
INFO:src.utils.logger:It: 522, Loss: 3.186e-01, Loss_res: 2.960e-01,  Loss_bcs: 0.000e+00, Loss_ut_ics: 7.273e-05, Loss_norm: 8.774e-04, Loss_gauge: 0.000e+00, w_pde: 1.00e+00, L^2_error: 3.518e-02, lr: 1.000e-03, Time: 6.71e+03
INFO:src.utils.logger:Model state saved to results\box\DV\20260503-113031_seed0_bf_box_DV_circ19_e1500_8q_2l_seed2026\checkpoints\2026-05-03_11-30-32-332938_box_DV_seed\model.pth
INFO:src.utils.logger:Model weights saved to results\box\DV\20260503-113031_seed0_bf_box_DV_circ19_e1500_8q_2l_seed2026\checkpoints\2026-05-03_11-30-32-332938_box_DV_seed\model_weights.pth
INFO:src.utils.logger:It: 524, Loss: 3.114e-01, Loss_res: 2.902e-01,  Loss_bcs: 0.000e+00, Loss_ut_ics: 6.682e-05, Loss_norm: 8.928e-04, Loss_gauge: 0.000e+00, w_pde: 1.00e+00, L^2_error: 3.518e-02, lr: 1.000e-03, Time: 6.74e+03
INFO:src.utils.logger:Model state saved to results\box\DV\20260503-113031_seed0_bf_box_DV_circ19_e1500_8q_2l_seed2026\checkpoints\2026-05-03_11-30-32-332938_box_DV_seed\model.pth
INFO:src.utils.logger:Model weights saved to results\box\DV\20260503-113031_seed0_bf_box_DV_circ19_e1500_8q_2l_seed2026\checkpoints\2026-05-03_11-30-32-332938_box_DV_seed\model_weights.pth
INFO:src.utils.logger:It: 526, Loss: 3.160e-01, Loss_res: 2.952e-01,  Loss_bcs: 0.000e+00, Loss_ut_ics: 6.440e-05, Loss_norm: 9.298e-04, Loss_gauge: 0.000e+00, w_pde: 1.00e+00, L^2_error: 3.400e-02, lr: 1.000e-03, Time: 6.76e+03
INFO:src.utils.logger:Model state saved to results\box\DV\20260503-113031_seed0_bf_box_DV_circ19_e1500_8q_2l_seed2026\checkpoints\2026-05-03_11-30-32-332938_box_DV_seed\model.pth
INFO:src.utils.logger:Model weights saved to results\box\DV\20260503-113031_seed0_bf_box_DV_circ19_e1500_8q_2l_seed2026\checkpoints\2026-05-03_11-30-32-332938_box_DV_seed\model_weights.pth
INFO:src.utils.logger:It: 528, Loss: 2.913e-01, Loss_res: 2.720e-01,  Loss_bcs: 0.000e+00, Loss_ut_ics: 5.884e-05, Loss_norm: 9.350e-04, Loss_gauge: 0.000e+00, w_pde: 1.00e+00, L^2_error: 3.400e-02, lr: 1.000e-03, Time: 6.78e+03
INFO:src.utils.logger:Model state saved to results\box\DV\20260503-113031_seed0_bf_box_DV_circ19_e1500_8q_2l_seed2026\checkpoints\2026-05-03_11-30-32-332938_box_DV_seed\model.pth
INFO:src.utils.logger:Model weights saved to results\box\DV\20260503-113031_seed0_bf_box_DV_circ19_e1500_8q_2l_seed2026\checkpoints\2026-05-03_11-30-32-332938_box_DV_seed\model_weights.pth
INFO:src.utils.logger:It: 530, Loss: 3.018e-01, Loss_res: 2.829e-01,  Loss_bcs: 0.000e+00, Loss_ut_ics: 5.740e-05, Loss_norm: 9.123e-04, Loss_gauge: 0.000e+00, w_pde: 1.00e+00, L^2_error: 3.278e-02, lr: 1.000e-03, Time: 6.81e+03
INFO:src.utils.logger:Model state saved to results\box\DV\20260503-113031_seed0_bf_box_DV_circ19_e1500_8q_2l_seed2026\checkpoints\2026-05-03_11-30-32-332938_box_DV_seed\model.pth
INFO:src.utils.logger:Model weights saved to results\box\DV\20260503-113031_seed0_bf_box_DV_circ19_e1500_8q_2l_seed2026\checkpoints\2026-05-03_11-30-32-332938_box_DV_seed\model_weights.pth
INFO:src.utils.logger:It: 532, Loss: 2.766e-01, Loss_res: 2.562e-01,  Loss_bcs: 0.000e+00, Loss_ut_ics: 6.394e-05, Loss_norm: 8.817e-04, Loss_gauge: 0.000e+00, w_pde: 1.00e+00, L^2_error: 3.278e-02, lr: 1.000e-03, Time: 6.83e+03
INFO:src.utils.logger:Model state saved to results\box\DV\20260503-113031_seed0_bf_box_DV_circ19_e1500_8q_2l_seed2026\checkpoints\2026-05-03_11-30-32-332938_box_DV_seed\model.pth
INFO:src.utils.logger:Model weights saved to results\box\DV\20260503-113031_seed0_bf_box_DV_circ19_e1500_8q_2l_seed2026\checkpoints\2026-05-03_11-30-32-332938_box_DV_seed\model_weights.pth
INFO:src.utils.logger:It: 534, Loss: 3.152e-01, Loss_res: 2.956e-01,  Loss_bcs: 0.000e+00, Loss_ut_ics: 6.160e-05, Loss_norm: 8.248e-04, Loss_gauge: 0.000e+00, w_pde: 1.00e+00, L^2_error: 3.278e-02, lr: 1.000e-03, Time: 6.85e+03
INFO:src.utils.logger:Model state saved to results\box\DV\20260503-113031_seed0_bf_box_DV_circ19_e1500_8q_2l_seed2026\checkpoints\2026-05-03_11-30-32-332938_box_DV_seed\model.pth
INFO:src.utils.logger:Model weights saved to results\box\DV\20260503-113031_seed0_bf_box_DV_circ19_e1500_8q_2l_seed2026\checkpoints\2026-05-03_11-30-32-332938_box_DV_seed\model_weights.pth
INFO:src.utils.logger:It: 536, Loss: 3.032e-01, Loss_res: 2.845e-01,  Loss_bcs: 0.000e+00, Loss_ut_ics: 5.902e-05, Loss_norm: 7.896e-04, Loss_gauge: 0.000e+00, w_pde: 1.00e+00, L^2_error: 3.148e-02, lr: 1.000e-03, Time: 6.88e+03
INFO:src.utils.logger:Model state saved to results\box\DV\20260503-113031_seed0_bf_box_DV_circ19_e1500_8q_2l_seed2026\checkpoints\2026-05-03_11-30-32-332938_box_DV_seed\model.pth
INFO:src.utils.logger:Model weights saved to results\box\DV\20260503-113031_seed0_bf_box_DV_circ19_e1500_8q_2l_seed2026\checkpoints\2026-05-03_11-30-32-332938_box_DV_seed\model_weights.pth
INFO:src.utils.logger:It: 538, Loss: 2.800e-01, Loss_res: 2.614e-01,  Loss_bcs: 0.000e+00, Loss_ut_ics: 5.876e-05, Loss_norm: 7.840e-04, Loss_gauge: 0.000e+00, w_pde: 1.00e+00, L^2_error: 3.148e-02, lr: 1.000e-03, Time: 6.90e+03
INFO:src.utils.logger:Model state saved to results\box\DV\20260503-113031_seed0_bf_box_DV_circ19_e1500_8q_2l_seed2026\checkpoints\2026-05-03_11-30-32-332938_box_DV_seed\model.pth
INFO:src.utils.logger:Model weights saved to results\box\DV\20260503-113031_seed0_bf_box_DV_circ19_e1500_8q_2l_seed2026\checkpoints\2026-05-03_11-30-32-332938_box_DV_seed\model_weights.pth
INFO:src.utils.logger:It: 540, Loss: 2.676e-01, Loss_res: 2.502e-01,  Loss_bcs: 0.000e+00, Loss_ut_ics: 5.497e-05, Loss_norm: 7.307e-04, Loss_gauge: 0.000e+00, w_pde: 1.00e+00, L^2_error: 2.966e-02, lr: 1.000e-03, Time: 6.92e+03
INFO:src.utils.logger:Model state saved to results\box\DV\20260503-113031_seed0_bf_box_DV_circ19_e1500_8q_2l_seed2026\checkpoints\2026-05-03_11-30-32-332938_box_DV_seed\model.pth
INFO:src.utils.logger:Model weights saved to results\box\DV\20260503-113031_seed0_bf_box_DV_circ19_e1500_8q_2l_seed2026\checkpoints\2026-05-03_11-30-32-332938_box_DV_seed\model_weights.pth
INFO:src.utils.logger:It: 542, Loss: 2.628e-01, Loss_res: 2.451e-01,  Loss_bcs: 0.000e+00, Loss_ut_ics: 5.710e-05, Loss_norm: 6.847e-04, Loss_gauge: 0.000e+00, w_pde: 1.00e+00, L^2_error: 2.966e-02, lr: 1.000e-03, Time: 6.94e+03
INFO:src.utils.logger:Model state saved to results\box\DV\20260503-113031_seed0_bf_box_DV_circ19_e1500_8q_2l_seed2026\checkpoints\2026-05-03_11-30-32-332938_box_DV_seed\model.pth
INFO:src.utils.logger:Model weights saved to results\box\DV\20260503-113031_seed0_bf_box_DV_circ19_e1500_8q_2l_seed2026\checkpoints\2026-05-03_11-30-32-332938_box_DV_seed\model_weights.pth
INFO:src.utils.logger:It: 544, Loss: 2.738e-01, Loss_res: 2.553e-01,  Loss_bcs: 0.000e+00, Loss_ut_ics: 6.094e-05, Loss_norm: 6.476e-04, Loss_gauge: 0.000e+00, w_pde: 1.00e+00, L^2_error: 2.966e-02, lr: 1.000e-03, Time: 6.97e+03
INFO:src.utils.logger:Model state saved to results\box\DV\20260503-113031_seed0_bf_box_DV_circ19_e1500_8q_2l_seed2026\checkpoints\2026-05-03_11-30-32-332938_box_DV_seed\model.pth
INFO:src.utils.logger:Model weights saved to results\box\DV\20260503-113031_seed0_bf_box_DV_circ19_e1500_8q_2l_seed2026\checkpoints\2026-05-03_11-30-32-332938_box_DV_seed\model_weights.pth
INFO:src.utils.logger:It: 546, Loss: 2.770e-01, Loss_res: 2.591e-01,  Loss_bcs: 0.000e+00, Loss_ut_ics: 5.891e-05, Loss_norm: 6.391e-04, Loss_gauge: 0.000e+00, w_pde: 1.00e+00, L^2_error: 2.811e-02, lr: 1.000e-03, Time: 6.99e+03
INFO:src.utils.logger:Model state saved to results\box\DV\20260503-113031_seed0_bf_box_DV_circ19_e1500_8q_2l_seed2026\checkpoints\2026-05-03_11-30-32-332938_box_DV_seed\model.pth
INFO:src.utils.logger:Model weights saved to results\box\DV\20260503-113031_seed0_bf_box_DV_circ19_e1500_8q_2l_seed2026\checkpoints\2026-05-03_11-30-32-332938_box_DV_seed\model_weights.pth
INFO:src.utils.logger:It: 548, Loss: 2.678e-01, Loss_res: 2.516e-01,  Loss_bcs: 0.000e+00, Loss_ut_ics: 5.200e-05, Loss_norm: 6.338e-04, Loss_gauge: 0.000e+00, w_pde: 1.00e+00, L^2_error: 2.811e-02, lr: 1.000e-03, Time: 7.01e+03
INFO:src.utils.logger:Model state saved to results\box\DV\20260503-113031_seed0_bf_box_DV_circ19_e1500_8q_2l_seed2026\checkpoints\2026-05-03_11-30-32-332938_box_DV_seed\model.pth
INFO:src.utils.logger:Model weights saved to results\box\DV\20260503-113031_seed0_bf_box_DV_circ19_e1500_8q_2l_seed2026\checkpoints\2026-05-03_11-30-32-332938_box_DV_seed\model_weights.pth
INFO:src.utils.logger:It: 550, Loss: 2.672e-01, Loss_res: 2.517e-01,  Loss_bcs: 0.000e+00, Loss_ut_ics: 4.955e-05, Loss_norm: 6.261e-04, Loss_gauge: 0.000e+00, w_pde: 1.00e+00, L^2_error: 2.726e-02, lr: 1.000e-03, Time: 7.04e+03
INFO:src.utils.logger:Model state saved to results\box\DV\20260503-113031_seed0_bf_box_DV_circ19_e1500_8q_2l_seed2026\checkpoints\2026-05-03_11-30-32-332938_box_DV_seed\model.pth
INFO:src.utils.logger:Model weights saved to results\box\DV\20260503-113031_seed0_bf_box_DV_circ19_e1500_8q_2l_seed2026\checkpoints\2026-05-03_11-30-32-332938_box_DV_seed\model_weights.pth
INFO:src.utils.logger:It: 552, Loss: 2.479e-01, Loss_res: 2.325e-01,  Loss_bcs: 0.000e+00, Loss_ut_ics: 4.991e-05, Loss_norm: 5.681e-04, Loss_gauge: 0.000e+00, w_pde: 1.00e+00, L^2_error: 2.726e-02, lr: 1.000e-03, Time: 7.06e+03
INFO:src.utils.logger:Model state saved to results\box\DV\20260503-113031_seed0_bf_box_DV_circ19_e1500_8q_2l_seed2026\checkpoints\2026-05-03_11-30-32-332938_box_DV_seed\model.pth
INFO:src.utils.logger:Model weights saved to results\box\DV\20260503-113031_seed0_bf_box_DV_circ19_e1500_8q_2l_seed2026\checkpoints\2026-05-03_11-30-32-332938_box_DV_seed\model_weights.pth
INFO:src.utils.logger:It: 554, Loss: 2.667e-01, Loss_res: 2.519e-01,  Loss_bcs: 0.000e+00, Loss_ut_ics: 4.935e-05, Loss_norm: 4.919e-04, Loss_gauge: 0.000e+00, w_pde: 1.00e+00, L^2_error: 2.726e-02, lr: 1.000e-03, Time: 7.08e+03
INFO:src.utils.logger:Model state saved to results\box\DV\20260503-113031_seed0_bf_box_DV_circ19_e1500_8q_2l_seed2026\checkpoints\2026-05-03_11-30-32-332938_box_DV_seed\model.pth
INFO:src.utils.logger:Model weights saved to results\box\DV\20260503-113031_seed0_bf_box_DV_circ19_e1500_8q_2l_seed2026\checkpoints\2026-05-03_11-30-32-332938_box_DV_seed\model_weights.pth
INFO:src.utils.logger:It: 556, Loss: 2.395e-01, Loss_res: 2.253e-01,  Loss_bcs: 0.000e+00, Loss_ut_ics: 4.739e-05, Loss_norm: 4.698e-04, Loss_gauge: 0.000e+00, w_pde: 1.00e+00, L^2_error: 2.657e-02, lr: 1.000e-03, Time: 7.11e+03
INFO:src.utils.logger:Model state saved to results\box\DV\20260503-113031_seed0_bf_box_DV_circ19_e1500_8q_2l_seed2026\checkpoints\2026-05-03_11-30-32-332938_box_DV_seed\model.pth
INFO:src.utils.logger:Model weights saved to results\box\DV\20260503-113031_seed0_bf_box_DV_circ19_e1500_8q_2l_seed2026\checkpoints\2026-05-03_11-30-32-332938_box_DV_seed\model_weights.pth
INFO:src.utils.logger:It: 558, Loss: 2.473e-01, Loss_res: 2.330e-01,  Loss_bcs: 0.000e+00, Loss_ut_ics: 4.766e-05, Loss_norm: 4.702e-04, Loss_gauge: 0.000e+00, w_pde: 1.00e+00, L^2_error: 2.657e-02, lr: 1.000e-03, Time: 7.13e+03
INFO:src.utils.logger:Model state saved to results\box\DV\20260503-113031_seed0_bf_box_DV_circ19_e1500_8q_2l_seed2026\checkpoints\2026-05-03_11-30-32-332938_box_DV_seed\model.pth
INFO:src.utils.logger:Model weights saved to results\box\DV\20260503-113031_seed0_bf_box_DV_circ19_e1500_8q_2l_seed2026\checkpoints\2026-05-03_11-30-32-332938_box_DV_seed\model_weights.pth
INFO:src.utils.logger:It: 560, Loss: 2.443e-01, Loss_res: 2.295e-01,  Loss_bcs: 0.000e+00, Loss_ut_ics: 4.901e-05, Loss_norm: 5.058e-04, Loss_gauge: 0.000e+00, w_pde: 1.00e+00, L^2_error: 2.611e-02, lr: 1.000e-03, Time: 7.15e+03
INFO:src.utils.logger:Model state saved to results\box\DV\20260503-113031_seed0_bf_box_DV_circ19_e1500_8q_2l_seed2026\checkpoints\2026-05-03_11-30-32-332938_box_DV_seed\model.pth
INFO:src.utils.logger:Model weights saved to results\box\DV\20260503-113031_seed0_bf_box_DV_circ19_e1500_8q_2l_seed2026\checkpoints\2026-05-03_11-30-32-332938_box_DV_seed\model_weights.pth
INFO:src.utils.logger:It: 562, Loss: 2.453e-01, Loss_res: 2.308e-01,  Loss_bcs: 0.000e+00, Loss_ut_ics: 4.739e-05, Loss_norm: 5.407e-04, Loss_gauge: 0.000e+00, w_pde: 1.00e+00, L^2_error: 2.611e-02, lr: 1.000e-03, Time: 7.17e+03
INFO:src.utils.logger:Model state saved to results\box\DV\20260503-113031_seed0_bf_box_DV_circ19_e1500_8q_2l_seed2026\checkpoints\2026-05-03_11-30-32-332938_box_DV_seed\model.pth
INFO:src.utils.logger:Model weights saved to results\box\DV\20260503-113031_seed0_bf_box_DV_circ19_e1500_8q_2l_seed2026\checkpoints\2026-05-03_11-30-32-332938_box_DV_seed\model_weights.pth
INFO:src.utils.logger:It: 564, Loss: 2.235e-01, Loss_res: 2.102e-01,  Loss_bcs: 0.000e+00, Loss_ut_ics: 4.156e-05, Loss_norm: 5.819e-04, Loss_gauge: 0.000e+00, w_pde: 1.00e+00, L^2_error: 2.611e-02, lr: 1.000e-03, Time: 7.20e+03
INFO:src.utils.logger:Model state saved to results\box\DV\20260503-113031_seed0_bf_box_DV_circ19_e1500_8q_2l_seed2026\checkpoints\2026-05-03_11-30-32-332938_box_DV_seed\model.pth
INFO:src.utils.logger:Model weights saved to results\box\DV\20260503-113031_seed0_bf_box_DV_circ19_e1500_8q_2l_seed2026\checkpoints\2026-05-03_11-30-32-332938_box_DV_seed\model_weights.pth
INFO:src.utils.logger:It: 566, Loss: 2.272e-01, Loss_res: 2.145e-01,  Loss_bcs: 0.000e+00, Loss_ut_ics: 3.953e-05, Loss_norm: 5.726e-04, Loss_gauge: 0.000e+00, w_pde: 1.00e+00, L^2_error: 2.518e-02, lr: 1.000e-03, Time: 7.22e+03
INFO:src.utils.logger:Model state saved to results\box\DV\20260503-113031_seed0_bf_box_DV_circ19_e1500_8q_2l_seed2026\checkpoints\2026-05-03_11-30-32-332938_box_DV_seed\model.pth
INFO:src.utils.logger:Model weights saved to results\box\DV\20260503-113031_seed0_bf_box_DV_circ19_e1500_8q_2l_seed2026\checkpoints\2026-05-03_11-30-32-332938_box_DV_seed\model_weights.pth
INFO:src.utils.logger:It: 568, Loss: 2.291e-01, Loss_res: 2.161e-01,  Loss_bcs: 0.000e+00, Loss_ut_ics: 4.189e-05, Loss_norm: 5.020e-04, Loss_gauge: 0.000e+00, w_pde: 1.00e+00, L^2_error: 2.518e-02, lr: 1.000e-03, Time: 7.24e+03
INFO:src.utils.logger:Model state saved to results\box\DV\20260503-113031_seed0_bf_box_DV_circ19_e1500_8q_2l_seed2026\checkpoints\2026-05-03_11-30-32-332938_box_DV_seed\model.pth
INFO:src.utils.logger:Model weights saved to results\box\DV\20260503-113031_seed0_bf_box_DV_circ19_e1500_8q_2l_seed2026\checkpoints\2026-05-03_11-30-32-332938_box_DV_seed\model_weights.pth
INFO:src.utils.logger:It: 570, Loss: 2.107e-01, Loss_res: 1.971e-01,  Loss_bcs: 0.000e+00, Loss_ut_ics: 4.604e-05, Loss_norm: 4.277e-04, Loss_gauge: 0.000e+00, w_pde: 1.00e+00, L^2_error: 2.402e-02, lr: 1.000e-03, Time: 7.27e+03
INFO:src.utils.logger:Model state saved to results\box\DV\20260503-113031_seed0_bf_box_DV_circ19_e1500_8q_2l_seed2026\checkpoints\2026-05-03_11-30-32-332938_box_DV_seed\model.pth
INFO:src.utils.logger:Model weights saved to results\box\DV\20260503-113031_seed0_bf_box_DV_circ19_e1500_8q_2l_seed2026\checkpoints\2026-05-03_11-30-32-332938_box_DV_seed\model_weights.pth
INFO:src.utils.logger:It: 572, Loss: 2.230e-01, Loss_res: 2.088e-01,  Loss_bcs: 0.000e+00, Loss_ut_ics: 4.897e-05, Loss_norm: 3.956e-04, Loss_gauge: 0.000e+00, w_pde: 1.00e+00, L^2_error: 2.402e-02, lr: 1.000e-03, Time: 7.29e+03
INFO:src.utils.logger:Model state saved to results\box\DV\20260503-113031_seed0_bf_box_DV_circ19_e1500_8q_2l_seed2026\checkpoints\2026-05-03_11-30-32-332938_box_DV_seed\model.pth
INFO:src.utils.logger:Model weights saved to results\box\DV\20260503-113031_seed0_bf_box_DV_circ19_e1500_8q_2l_seed2026\checkpoints\2026-05-03_11-30-32-332938_box_DV_seed\model_weights.pth
INFO:src.utils.logger:It: 574, Loss: 1.990e-01, Loss_res: 1.844e-01,  Loss_bcs: 0.000e+00, Loss_ut_ics: 4.963e-05, Loss_norm: 4.363e-04, Loss_gauge: 0.000e+00, w_pde: 1.00e+00, L^2_error: 2.402e-02, lr: 1.000e-03, Time: 7.31e+03
INFO:src.utils.logger:Model state saved to results\box\DV\20260503-113031_seed0_bf_box_DV_circ19_e1500_8q_2l_seed2026\checkpoints\2026-05-03_11-30-32-332938_box_DV_seed\model.pth
INFO:src.utils.logger:Model weights saved to results\box\DV\20260503-113031_seed0_bf_box_DV_circ19_e1500_8q_2l_seed2026\checkpoints\2026-05-03_11-30-32-332938_box_DV_seed\model_weights.pth
INFO:src.utils.logger:It: 576, Loss: 2.140e-01, Loss_res: 2.014e-01,  Loss_bcs: 0.000e+00, Loss_ut_ics: 4.151e-05, Loss_norm: 4.547e-04, Loss_gauge: 0.000e+00, w_pde: 1.00e+00, L^2_error: 2.268e-02, lr: 1.000e-03, Time: 7.34e+03
INFO:src.utils.logger:Model state saved to results\box\DV\20260503-113031_seed0_bf_box_DV_circ19_e1500_8q_2l_seed2026\checkpoints\2026-05-03_11-30-32-332938_box_DV_seed\model.pth
INFO:src.utils.logger:Model weights saved to results\box\DV\20260503-113031_seed0_bf_box_DV_circ19_e1500_8q_2l_seed2026\checkpoints\2026-05-03_11-30-32-332938_box_DV_seed\model_weights.pth
INFO:src.utils.logger:It: 578, Loss: 2.028e-01, Loss_res: 1.907e-01,  Loss_bcs: 0.000e+00, Loss_ut_ics: 3.927e-05, Loss_norm: 4.543e-04, Loss_gauge: 0.000e+00, w_pde: 1.00e+00, L^2_error: 2.268e-02, lr: 1.000e-03, Time: 7.36e+03
INFO:src.utils.logger:Model state saved to results\box\DV\20260503-113031_seed0_bf_box_DV_circ19_e1500_8q_2l_seed2026\checkpoints\2026-05-03_11-30-32-332938_box_DV_seed\model.pth
INFO:src.utils.logger:Model weights saved to results\box\DV\20260503-113031_seed0_bf_box_DV_circ19_e1500_8q_2l_seed2026\checkpoints\2026-05-03_11-30-32-332938_box_DV_seed\model_weights.pth
INFO:src.utils.logger:It: 580, Loss: 1.920e-01, Loss_res: 1.799e-01,  Loss_bcs: 0.000e+00, Loss_ut_ics: 4.032e-05, Loss_norm: 3.985e-04, Loss_gauge: 0.000e+00, w_pde: 1.00e+00, L^2_error: 2.125e-02, lr: 1.000e-03, Time: 7.38e+03
INFO:src.utils.logger:Model state saved to results\box\DV\20260503-113031_seed0_bf_box_DV_circ19_e1500_8q_2l_seed2026\checkpoints\2026-05-03_11-30-32-332938_box_DV_seed\model.pth
INFO:src.utils.logger:Model weights saved to results\box\DV\20260503-113031_seed0_bf_box_DV_circ19_e1500_8q_2l_seed2026\checkpoints\2026-05-03_11-30-32-332938_box_DV_seed\model_weights.pth
INFO:src.utils.logger:It: 582, Loss: 1.913e-01, Loss_res: 1.800e-01,  Loss_bcs: 0.000e+00, Loss_ut_ics: 3.875e-05, Loss_norm: 3.285e-04, Loss_gauge: 0.000e+00, w_pde: 1.00e+00, L^2_error: 2.125e-02, lr: 1.000e-03, Time: 7.40e+03
INFO:src.utils.logger:Model state saved to results\box\DV\20260503-113031_seed0_bf_box_DV_circ19_e1500_8q_2l_seed2026\checkpoints\2026-05-03_11-30-32-332938_box_DV_seed\model.pth
INFO:src.utils.logger:Model weights saved to results\box\DV\20260503-113031_seed0_bf_box_DV_circ19_e1500_8q_2l_seed2026\checkpoints\2026-05-03_11-30-32-332938_box_DV_seed\model_weights.pth
INFO:src.utils.logger:It: 584, Loss: 1.785e-01, Loss_res: 1.669e-01,  Loss_bcs: 0.000e+00, Loss_ut_ics: 4.035e-05, Loss_norm: 3.126e-04, Loss_gauge: 0.000e+00, w_pde: 1.00e+00, L^2_error: 2.125e-02, lr: 1.000e-03, Time: 7.43e+03
INFO:src.utils.logger:Model state saved to results\box\DV\20260503-113031_seed0_bf_box_DV_circ19_e1500_8q_2l_seed2026\checkpoints\2026-05-03_11-30-32-332938_box_DV_seed\model.pth
INFO:src.utils.logger:Model weights saved to results\box\DV\20260503-113031_seed0_bf_box_DV_circ19_e1500_8q_2l_seed2026\checkpoints\2026-05-03_11-30-32-332938_box_DV_seed\model_weights.pth
INFO:src.utils.logger:It: 586, Loss: 2.012e-01, Loss_res: 1.900e-01,  Loss_bcs: 0.000e+00, Loss_ut_ics: 3.872e-05, Loss_norm: 3.103e-04, Loss_gauge: 0.000e+00, w_pde: 1.00e+00, L^2_error: 2.043e-02, lr: 1.000e-03, Time: 7.45e+03
INFO:src.utils.logger:Model state saved to results\box\DV\20260503-113031_seed0_bf_box_DV_circ19_e1500_8q_2l_seed2026\checkpoints\2026-05-03_11-30-32-332938_box_DV_seed\model.pth
INFO:src.utils.logger:Model weights saved to results\box\DV\20260503-113031_seed0_bf_box_DV_circ19_e1500_8q_2l_seed2026\checkpoints\2026-05-03_11-30-32-332938_box_DV_seed\model_weights.pth
INFO:src.utils.logger:It: 588, Loss: 1.788e-01, Loss_res: 1.677e-01,  Loss_bcs: 0.000e+00, Loss_ut_ics: 3.795e-05, Loss_norm: 3.176e-04, Loss_gauge: 0.000e+00, w_pde: 1.00e+00, L^2_error: 2.043e-02, lr: 1.000e-03, Time: 7.47e+03
INFO:src.utils.logger:Model state saved to results\box\DV\20260503-113031_seed0_bf_box_DV_circ19_e1500_8q_2l_seed2026\checkpoints\2026-05-03_11-30-32-332938_box_DV_seed\model.pth
INFO:src.utils.logger:Model weights saved to results\box\DV\20260503-113031_seed0_bf_box_DV_circ19_e1500_8q_2l_seed2026\checkpoints\2026-05-03_11-30-32-332938_box_DV_seed\model_weights.pth
INFO:src.utils.logger:It: 590, Loss: 1.879e-01, Loss_res: 1.772e-01,  Loss_bcs: 0.000e+00, Loss_ut_ics: 3.653e-05, Loss_norm: 3.173e-04, Loss_gauge: 0.000e+00, w_pde: 1.00e+00, L^2_error: 1.976e-02, lr: 1.000e-03, Time: 7.50e+03
INFO:src.utils.logger:Model state saved to results\box\DV\20260503-113031_seed0_bf_box_DV_circ19_e1500_8q_2l_seed2026\checkpoints\2026-05-03_11-30-32-332938_box_DV_seed\model.pth
INFO:src.utils.logger:Model weights saved to results\box\DV\20260503-113031_seed0_bf_box_DV_circ19_e1500_8q_2l_seed2026\checkpoints\2026-05-03_11-30-32-332938_box_DV_seed\model_weights.pth
INFO:src.utils.logger:It: 592, Loss: 1.741e-01, Loss_res: 1.634e-01,  Loss_bcs: 0.000e+00, Loss_ut_ics: 3.631e-05, Loss_norm: 3.234e-04, Loss_gauge: 0.000e+00, w_pde: 1.00e+00, L^2_error: 1.976e-02, lr: 1.000e-03, Time: 7.52e+03
INFO:src.utils.logger:Model state saved to results\box\DV\20260503-113031_seed0_bf_box_DV_circ19_e1500_8q_2l_seed2026\checkpoints\2026-05-03_11-30-32-332938_box_DV_seed\model.pth
INFO:src.utils.logger:Model weights saved to results\box\DV\20260503-113031_seed0_bf_box_DV_circ19_e1500_8q_2l_seed2026\checkpoints\2026-05-03_11-30-32-332938_box_DV_seed\model_weights.pth
INFO:src.utils.logger:It: 594, Loss: 1.982e-01, Loss_res: 1.884e-01,  Loss_bcs: 0.000e+00, Loss_ut_ics: 3.299e-05, Loss_norm: 3.104e-04, Loss_gauge: 0.000e+00, w_pde: 1.00e+00, L^2_error: 1.976e-02, lr: 1.000e-03, Time: 7.54e+03
INFO:src.utils.logger:Model state saved to results\box\DV\20260503-113031_seed0_bf_box_DV_circ19_e1500_8q_2l_seed2026\checkpoints\2026-05-03_11-30-32-332938_box_DV_seed\model.pth
INFO:src.utils.logger:Model weights saved to results\box\DV\20260503-113031_seed0_bf_box_DV_circ19_e1500_8q_2l_seed2026\checkpoints\2026-05-03_11-30-32-332938_box_DV_seed\model_weights.pth
INFO:src.utils.logger:It: 596, Loss: 1.694e-01, Loss_res: 1.597e-01,  Loss_bcs: 0.000e+00, Loss_ut_ics: 3.265e-05, Loss_norm: 3.067e-04, Loss_gauge: 0.000e+00, w_pde: 1.00e+00, L^2_error: 1.884e-02, lr: 1.000e-03, Time: 7.56e+03
INFO:src.utils.logger:Model state saved to results\box\DV\20260503-113031_seed0_bf_box_DV_circ19_e1500_8q_2l_seed2026\checkpoints\2026-05-03_11-30-32-332938_box_DV_seed\model.pth
INFO:src.utils.logger:Model weights saved to results\box\DV\20260503-113031_seed0_bf_box_DV_circ19_e1500_8q_2l_seed2026\checkpoints\2026-05-03_11-30-32-332938_box_DV_seed\model_weights.pth
INFO:src.utils.logger:It: 598, Loss: 1.805e-01, Loss_res: 1.704e-01,  Loss_bcs: 0.000e+00, Loss_ut_ics: 3.391e-05, Loss_norm: 3.156e-04, Loss_gauge: 0.000e+00, w_pde: 1.00e+00, L^2_error: 1.884e-02, lr: 1.000e-03, Time: 7.59e+03
INFO:src.utils.logger:Model state saved to results\box\DV\20260503-113031_seed0_bf_box_DV_circ19_e1500_8q_2l_seed2026\checkpoints\2026-05-03_11-30-32-332938_box_DV_seed\model.pth
INFO:src.utils.logger:Model weights saved to results\box\DV\20260503-113031_seed0_bf_box_DV_circ19_e1500_8q_2l_seed2026\checkpoints\2026-05-03_11-30-32-332938_box_DV_seed\model_weights.pth
INFO:src.utils.logger:It: 600, Loss: 1.697e-01, Loss_res: 1.600e-01,  Loss_bcs: 0.000e+00, Loss_ut_ics: 3.283e-05, Loss_norm: 2.950e-04, Loss_gauge: 0.000e+00, w_pde: 1.00e+00, L^2_error: 1.806e-02, lr: 1.000e-03, Time: 7.61e+03
INFO:src.utils.logger:Model state saved to results\box\DV\20260503-113031_seed0_bf_box_DV_circ19_e1500_8q_2l_seed2026\checkpoints\2026-05-03_11-30-32-332938_box_DV_seed\model.pth
INFO:src.utils.logger:Model weights saved to results\box\DV\20260503-113031_seed0_bf_box_DV_circ19_e1500_8q_2l_seed2026\checkpoints\2026-05-03_11-30-32-332938_box_DV_seed\model_weights.pth
INFO:src.utils.logger:It: 602, Loss: 1.713e-01, Loss_res: 1.614e-01,  Loss_bcs: 0.000e+00, Loss_ut_ics: 3.398e-05, Loss_norm: 2.934e-04, Loss_gauge: 0.000e+00, w_pde: 1.00e+00, L^2_error: 1.806e-02, lr: 1.000e-03, Time: 7.63e+03
INFO:src.utils.logger:Model state saved to results\box\DV\20260503-113031_seed0_bf_box_DV_circ19_e1500_8q_2l_seed2026\checkpoints\2026-05-03_11-30-32-332938_box_DV_seed\model.pth
INFO:src.utils.logger:Model weights saved to results\box\DV\20260503-113031_seed0_bf_box_DV_circ19_e1500_8q_2l_seed2026\checkpoints\2026-05-03_11-30-32-332938_box_DV_seed\model_weights.pth
INFO:src.utils.logger:It: 604, Loss: 1.686e-01, Loss_res: 1.587e-01,  Loss_bcs: 0.000e+00, Loss_ut_ics: 3.404e-05, Loss_norm: 2.687e-04, Loss_gauge: 0.000e+00, w_pde: 1.00e+00, L^2_error: 1.806e-02, lr: 1.000e-03, Time: 7.66e+03
INFO:src.utils.logger:Model state saved to results\box\DV\20260503-113031_seed0_bf_box_DV_circ19_e1500_8q_2l_seed2026\checkpoints\2026-05-03_11-30-32-332938_box_DV_seed\model.pth
INFO:src.utils.logger:Model weights saved to results\box\DV\20260503-113031_seed0_bf_box_DV_circ19_e1500_8q_2l_seed2026\checkpoints\2026-05-03_11-30-32-332938_box_DV_seed\model_weights.pth
INFO:src.utils.logger:It: 606, Loss: 1.714e-01, Loss_res: 1.615e-01,  Loss_bcs: 0.000e+00, Loss_ut_ics: 3.533e-05, Loss_norm: 2.181e-04, Loss_gauge: 0.000e+00, w_pde: 1.00e+00, L^2_error: 1.726e-02, lr: 1.000e-03, Time: 7.68e+03
INFO:src.utils.logger:Model state saved to results\box\DV\20260503-113031_seed0_bf_box_DV_circ19_e1500_8q_2l_seed2026\checkpoints\2026-05-03_11-30-32-332938_box_DV_seed\model.pth
INFO:src.utils.logger:Model weights saved to results\box\DV\20260503-113031_seed0_bf_box_DV_circ19_e1500_8q_2l_seed2026\checkpoints\2026-05-03_11-30-32-332938_box_DV_seed\model_weights.pth
INFO:src.utils.logger:It: 608, Loss: 1.473e-01, Loss_res: 1.359e-01,  Loss_bcs: 0.000e+00, Loss_ut_ics: 4.126e-05, Loss_norm: 2.250e-04, Loss_gauge: 0.000e+00, w_pde: 1.00e+00, L^2_error: 1.726e-02, lr: 1.000e-03, Time: 7.70e+03
INFO:src.utils.logger:Model state saved to results\box\DV\20260503-113031_seed0_bf_box_DV_circ19_e1500_8q_2l_seed2026\checkpoints\2026-05-03_11-30-32-332938_box_DV_seed\model.pth
INFO:src.utils.logger:Model weights saved to results\box\DV\20260503-113031_seed0_bf_box_DV_circ19_e1500_8q_2l_seed2026\checkpoints\2026-05-03_11-30-32-332938_box_DV_seed\model_weights.pth
INFO:src.utils.logger:It: 610, Loss: 1.597e-01, Loss_res: 1.503e-01,  Loss_bcs: 0.000e+00, Loss_ut_ics: 3.294e-05, Loss_norm: 2.315e-04, Loss_gauge: 0.000e+00, w_pde: 1.00e+00, L^2_error: 1.646e-02, lr: 1.000e-03, Time: 7.73e+03
INFO:src.utils.logger:Model state saved to results\box\DV\20260503-113031_seed0_bf_box_DV_circ19_e1500_8q_2l_seed2026\checkpoints\2026-05-03_11-30-32-332938_box_DV_seed\model.pth
INFO:src.utils.logger:Model weights saved to results\box\DV\20260503-113031_seed0_bf_box_DV_circ19_e1500_8q_2l_seed2026\checkpoints\2026-05-03_11-30-32-332938_box_DV_seed\model_weights.pth
INFO:src.utils.logger:It: 612, Loss: 1.592e-01, Loss_res: 1.504e-01,  Loss_bcs: 0.000e+00, Loss_ut_ics: 3.031e-05, Loss_norm: 2.445e-04, Loss_gauge: 0.000e+00, w_pde: 1.00e+00, L^2_error: 1.646e-02, lr: 1.000e-03, Time: 7.75e+03
INFO:src.utils.logger:Model state saved to results\box\DV\20260503-113031_seed0_bf_box_DV_circ19_e1500_8q_2l_seed2026\checkpoints\2026-05-03_11-30-32-332938_box_DV_seed\model.pth
INFO:src.utils.logger:Model weights saved to results\box\DV\20260503-113031_seed0_bf_box_DV_circ19_e1500_8q_2l_seed2026\checkpoints\2026-05-03_11-30-32-332938_box_DV_seed\model_weights.pth
INFO:src.utils.logger:It: 614, Loss: 1.482e-01, Loss_res: 1.392e-01,  Loss_bcs: 0.000e+00, Loss_ut_ics: 3.110e-05, Loss_norm: 2.418e-04, Loss_gauge: 0.000e+00, w_pde: 1.00e+00, L^2_error: 1.646e-02, lr: 1.000e-03, Time: 7.77e+03
INFO:src.utils.logger:Model state saved to results\box\DV\20260503-113031_seed0_bf_box_DV_circ19_e1500_8q_2l_seed2026\checkpoints\2026-05-03_11-30-32-332938_box_DV_seed\model.pth
INFO:src.utils.logger:Model weights saved to results\box\DV\20260503-113031_seed0_bf_box_DV_circ19_e1500_8q_2l_seed2026\checkpoints\2026-05-03_11-30-32-332938_box_DV_seed\model_weights.pth
INFO:src.utils.logger:It: 616, Loss: 1.533e-01, Loss_res: 1.451e-01,  Loss_bcs: 0.000e+00, Loss_ut_ics: 2.911e-05, Loss_norm: 2.016e-04, Loss_gauge: 0.000e+00, w_pde: 1.00e+00, L^2_error: 1.560e-02, lr: 1.000e-03, Time: 7.79e+03
INFO:src.utils.logger:Model state saved to results\box\DV\20260503-113031_seed0_bf_box_DV_circ19_e1500_8q_2l_seed2026\checkpoints\2026-05-03_11-30-32-332938_box_DV_seed\model.pth
INFO:src.utils.logger:Model weights saved to results\box\DV\20260503-113031_seed0_bf_box_DV_circ19_e1500_8q_2l_seed2026\checkpoints\2026-05-03_11-30-32-332938_box_DV_seed\model_weights.pth
INFO:src.utils.logger:It: 618, Loss: 1.582e-01, Loss_res: 1.495e-01,  Loss_bcs: 0.000e+00, Loss_ut_ics: 3.117e-05, Loss_norm: 1.820e-04, Loss_gauge: 0.000e+00, w_pde: 1.00e+00, L^2_error: 1.560e-02, lr: 1.000e-03, Time: 7.82e+03
INFO:src.utils.logger:Model state saved to results\box\DV\20260503-113031_seed0_bf_box_DV_circ19_e1500_8q_2l_seed2026\checkpoints\2026-05-03_11-30-32-332938_box_DV_seed\model.pth
INFO:src.utils.logger:Model weights saved to results\box\DV\20260503-113031_seed0_bf_box_DV_circ19_e1500_8q_2l_seed2026\checkpoints\2026-05-03_11-30-32-332938_box_DV_seed\model_weights.pth
INFO:src.utils.logger:It: 620, Loss: 1.361e-01, Loss_res: 1.272e-01,  Loss_bcs: 0.000e+00, Loss_ut_ics: 3.184e-05, Loss_norm: 1.875e-04, Loss_gauge: 0.000e+00, w_pde: 1.00e+00, L^2_error: 1.543e-02, lr: 1.000e-03, Time: 7.84e+03
INFO:src.utils.logger:Model state saved to results\box\DV\20260503-113031_seed0_bf_box_DV_circ19_e1500_8q_2l_seed2026\checkpoints\2026-05-03_11-30-32-332938_box_DV_seed\model.pth
INFO:src.utils.logger:Model weights saved to results\box\DV\20260503-113031_seed0_bf_box_DV_circ19_e1500_8q_2l_seed2026\checkpoints\2026-05-03_11-30-32-332938_box_DV_seed\model_weights.pth
INFO:src.utils.logger:It: 622, Loss: 1.299e-01, Loss_res: 1.222e-01,  Loss_bcs: 0.000e+00, Loss_ut_ics: 2.699e-05, Loss_norm: 1.932e-04, Loss_gauge: 0.000e+00, w_pde: 1.00e+00, L^2_error: 1.543e-02, lr: 1.000e-03, Time: 7.86e+03
INFO:src.utils.logger:Model state saved to results\box\DV\20260503-113031_seed0_bf_box_DV_circ19_e1500_8q_2l_seed2026\checkpoints\2026-05-03_11-30-32-332938_box_DV_seed\model.pth
INFO:src.utils.logger:Model weights saved to results\box\DV\20260503-113031_seed0_bf_box_DV_circ19_e1500_8q_2l_seed2026\checkpoints\2026-05-03_11-30-32-332938_box_DV_seed\model_weights.pth
INFO:src.utils.logger:It: 624, Loss: 1.356e-01, Loss_res: 1.278e-01,  Loss_bcs: 0.000e+00, Loss_ut_ics: 2.716e-05, Loss_norm: 2.098e-04, Loss_gauge: 0.000e+00, w_pde: 1.00e+00, L^2_error: 1.543e-02, lr: 1.000e-03, Time: 7.88e+03
INFO:src.utils.logger:Model state saved to results\box\DV\20260503-113031_seed0_bf_box_DV_circ19_e1500_8q_2l_seed2026\checkpoints\2026-05-03_11-30-32-332938_box_DV_seed\model.pth
INFO:src.utils.logger:Model weights saved to results\box\DV\20260503-113031_seed0_bf_box_DV_circ19_e1500_8q_2l_seed2026\checkpoints\2026-05-03_11-30-32-332938_box_DV_seed\model_weights.pth
INFO:src.utils.logger:It: 626, Loss: 1.393e-01, Loss_res: 1.316e-01,  Loss_bcs: 0.000e+00, Loss_ut_ics: 2.713e-05, Loss_norm: 1.904e-04, Loss_gauge: 0.000e+00, w_pde: 1.00e+00, L^2_error: 1.484e-02, lr: 1.000e-03, Time: 7.91e+03
INFO:src.utils.logger:Model state saved to results\box\DV\20260503-113031_seed0_bf_box_DV_circ19_e1500_8q_2l_seed2026\checkpoints\2026-05-03_11-30-32-332938_box_DV_seed\model.pth
INFO:src.utils.logger:Model weights saved to results\box\DV\20260503-113031_seed0_bf_box_DV_circ19_e1500_8q_2l_seed2026\checkpoints\2026-05-03_11-30-32-332938_box_DV_seed\model_weights.pth
INFO:src.utils.logger:It: 628, Loss: 1.386e-01, Loss_res: 1.303e-01,  Loss_bcs: 0.000e+00, Loss_ut_ics: 2.973e-05, Loss_norm: 1.552e-04, Loss_gauge: 0.000e+00, w_pde: 1.00e+00, L^2_error: 1.484e-02, lr: 1.000e-03, Time: 7.93e+03
INFO:src.utils.logger:Model state saved to results\box\DV\20260503-113031_seed0_bf_box_DV_circ19_e1500_8q_2l_seed2026\checkpoints\2026-05-03_11-30-32-332938_box_DV_seed\model.pth
INFO:src.utils.logger:Model weights saved to results\box\DV\20260503-113031_seed0_bf_box_DV_circ19_e1500_8q_2l_seed2026\checkpoints\2026-05-03_11-30-32-332938_box_DV_seed\model_weights.pth
INFO:src.utils.logger:It: 630, Loss: 1.410e-01, Loss_res: 1.321e-01,  Loss_bcs: 0.000e+00, Loss_ut_ics: 3.300e-05, Loss_norm: 1.439e-04, Loss_gauge: 0.000e+00, w_pde: 1.00e+00, L^2_error: 1.402e-02, lr: 1.000e-03, Time: 7.95e+03
INFO:src.utils.logger:Model state saved to results\box\DV\20260503-113031_seed0_bf_box_DV_circ19_e1500_8q_2l_seed2026\checkpoints\2026-05-03_11-30-32-332938_box_DV_seed\model.pth
INFO:src.utils.logger:Model weights saved to results\box\DV\20260503-113031_seed0_bf_box_DV_circ19_e1500_8q_2l_seed2026\checkpoints\2026-05-03_11-30-32-332938_box_DV_seed\model_weights.pth
INFO:src.utils.logger:It: 632, Loss: 1.275e-01, Loss_res: 1.194e-01,  Loss_bcs: 0.000e+00, Loss_ut_ics: 2.955e-05, Loss_norm: 1.510e-04, Loss_gauge: 0.000e+00, w_pde: 1.00e+00, L^2_error: 1.402e-02, lr: 1.000e-03, Time: 7.98e+03
INFO:src.utils.logger:Model state saved to results\box\DV\20260503-113031_seed0_bf_box_DV_circ19_e1500_8q_2l_seed2026\checkpoints\2026-05-03_11-30-32-332938_box_DV_seed\model.pth
INFO:src.utils.logger:Model weights saved to results\box\DV\20260503-113031_seed0_bf_box_DV_circ19_e1500_8q_2l_seed2026\checkpoints\2026-05-03_11-30-32-332938_box_DV_seed\model_weights.pth
INFO:src.utils.logger:It: 634, Loss: 1.285e-01, Loss_res: 1.215e-01,  Loss_bcs: 0.000e+00, Loss_ut_ics: 2.502e-05, Loss_norm: 1.571e-04, Loss_gauge: 0.000e+00, w_pde: 1.00e+00, L^2_error: 1.402e-02, lr: 1.000e-03, Time: 8.00e+03
INFO:src.utils.logger:Model state saved to results\box\DV\20260503-113031_seed0_bf_box_DV_circ19_e1500_8q_2l_seed2026\checkpoints\2026-05-03_11-30-32-332938_box_DV_seed\model.pth
INFO:src.utils.logger:Model weights saved to results\box\DV\20260503-113031_seed0_bf_box_DV_circ19_e1500_8q_2l_seed2026\checkpoints\2026-05-03_11-30-32-332938_box_DV_seed\model_weights.pth
INFO:src.utils.logger:It: 636, Loss: 1.267e-01, Loss_res: 1.196e-01,  Loss_bcs: 0.000e+00, Loss_ut_ics: 2.488e-05, Loss_norm: 1.794e-04, Loss_gauge: 0.000e+00, w_pde: 1.00e+00, L^2_error: 1.340e-02, lr: 1.000e-03, Time: 8.02e+03
INFO:src.utils.logger:Model state saved to results\box\DV\20260503-113031_seed0_bf_box_DV_circ19_e1500_8q_2l_seed2026\checkpoints\2026-05-03_11-30-32-332938_box_DV_seed\model.pth
INFO:src.utils.logger:Model weights saved to results\box\DV\20260503-113031_seed0_bf_box_DV_circ19_e1500_8q_2l_seed2026\checkpoints\2026-05-03_11-30-32-332938_box_DV_seed\model_weights.pth
INFO:src.utils.logger:It: 638, Loss: 1.192e-01, Loss_res: 1.126e-01,  Loss_bcs: 0.000e+00, Loss_ut_ics: 2.297e-05, Loss_norm: 1.670e-04, Loss_gauge: 0.000e+00, w_pde: 1.00e+00, L^2_error: 1.340e-02, lr: 1.000e-03, Time: 8.05e+03
INFO:src.utils.logger:Model state saved to results\box\DV\20260503-113031_seed0_bf_box_DV_circ19_e1500_8q_2l_seed2026\checkpoints\2026-05-03_11-30-32-332938_box_DV_seed\model.pth
INFO:src.utils.logger:Model weights saved to results\box\DV\20260503-113031_seed0_bf_box_DV_circ19_e1500_8q_2l_seed2026\checkpoints\2026-05-03_11-30-32-332938_box_DV_seed\model_weights.pth
INFO:src.utils.logger:It: 640, Loss: 1.228e-01, Loss_res: 1.160e-01,  Loss_bcs: 0.000e+00, Loss_ut_ics: 2.463e-05, Loss_norm: 1.374e-04, Loss_gauge: 0.000e+00, w_pde: 1.00e+00, L^2_error: 1.261e-02, lr: 1.000e-03, Time: 8.07e+03
INFO:src.utils.logger:Model state saved to results\box\DV\20260503-113031_seed0_bf_box_DV_circ19_e1500_8q_2l_seed2026\checkpoints\2026-05-03_11-30-32-332938_box_DV_seed\model.pth
INFO:src.utils.logger:Model weights saved to results\box\DV\20260503-113031_seed0_bf_box_DV_circ19_e1500_8q_2l_seed2026\checkpoints\2026-05-03_11-30-32-332938_box_DV_seed\model_weights.pth
INFO:src.utils.logger:It: 642, Loss: 1.209e-01, Loss_res: 1.126e-01,  Loss_bcs: 0.000e+00, Loss_ut_ics: 3.092e-05, Loss_norm: 1.126e-04, Loss_gauge: 0.000e+00, w_pde: 1.00e+00, L^2_error: 1.261e-02, lr: 1.000e-03, Time: 8.09e+03
INFO:src.utils.logger:Model state saved to results\box\DV\20260503-113031_seed0_bf_box_DV_circ19_e1500_8q_2l_seed2026\checkpoints\2026-05-03_11-30-32-332938_box_DV_seed\model.pth
INFO:src.utils.logger:Model weights saved to results\box\DV\20260503-113031_seed0_bf_box_DV_circ19_e1500_8q_2l_seed2026\checkpoints\2026-05-03_11-30-32-332938_box_DV_seed\model_weights.pth
INFO:src.utils.logger:It: 644, Loss: 1.178e-01, Loss_res: 1.101e-01,  Loss_bcs: 0.000e+00, Loss_ut_ics: 2.890e-05, Loss_norm: 9.972e-05, Loss_gauge: 0.000e+00, w_pde: 1.00e+00, L^2_error: 1.261e-02, lr: 1.000e-03, Time: 8.12e+03
INFO:src.utils.logger:Model state saved to results\box\DV\20260503-113031_seed0_bf_box_DV_circ19_e1500_8q_2l_seed2026\checkpoints\2026-05-03_11-30-32-332938_box_DV_seed\model.pth
INFO:src.utils.logger:Model weights saved to results\box\DV\20260503-113031_seed0_bf_box_DV_circ19_e1500_8q_2l_seed2026\checkpoints\2026-05-03_11-30-32-332938_box_DV_seed\model_weights.pth
INFO:src.utils.logger:It: 646, Loss: 1.211e-01, Loss_res: 1.140e-01,  Loss_bcs: 0.000e+00, Loss_ut_ics: 2.627e-05, Loss_norm: 1.110e-04, Loss_gauge: 0.000e+00, w_pde: 1.00e+00, L^2_error: 1.193e-02, lr: 1.000e-03, Time: 8.14e+03
INFO:src.utils.logger:Model state saved to results\box\DV\20260503-113031_seed0_bf_box_DV_circ19_e1500_8q_2l_seed2026\checkpoints\2026-05-03_11-30-32-332938_box_DV_seed\model.pth
INFO:src.utils.logger:Model weights saved to results\box\DV\20260503-113031_seed0_bf_box_DV_circ19_e1500_8q_2l_seed2026\checkpoints\2026-05-03_11-30-32-332938_box_DV_seed\model_weights.pth
INFO:src.utils.logger:It: 648, Loss: 1.206e-01, Loss_res: 1.138e-01,  Loss_bcs: 0.000e+00, Loss_ut_ics: 2.403e-05, Loss_norm: 1.487e-04, Loss_gauge: 0.000e+00, w_pde: 1.00e+00, L^2_error: 1.193e-02, lr: 1.000e-03, Time: 8.16e+03
INFO:src.utils.logger:Model state saved to results\box\DV\20260503-113031_seed0_bf_box_DV_circ19_e1500_8q_2l_seed2026\checkpoints\2026-05-03_11-30-32-332938_box_DV_seed\model.pth
INFO:src.utils.logger:Model weights saved to results\box\DV\20260503-113031_seed0_bf_box_DV_circ19_e1500_8q_2l_seed2026\checkpoints\2026-05-03_11-30-32-332938_box_DV_seed\model_weights.pth
INFO:src.utils.logger:It: 650, Loss: 1.206e-01, Loss_res: 1.148e-01,  Loss_bcs: 0.000e+00, Loss_ut_ics: 2.012e-05, Loss_norm: 1.539e-04, Loss_gauge: 0.000e+00, w_pde: 1.00e+00, L^2_error: 1.171e-02, lr: 1.000e-03, Time: 8.18e+03
INFO:src.utils.logger:Model state saved to results\box\DV\20260503-113031_seed0_bf_box_DV_circ19_e1500_8q_2l_seed2026\checkpoints\2026-05-03_11-30-32-332938_box_DV_seed\model.pth
INFO:src.utils.logger:Model weights saved to results\box\DV\20260503-113031_seed0_bf_box_DV_circ19_e1500_8q_2l_seed2026\checkpoints\2026-05-03_11-30-32-332938_box_DV_seed\model_weights.pth
INFO:src.utils.logger:It: 652, Loss: 1.161e-01, Loss_res: 1.101e-01,  Loss_bcs: 0.000e+00, Loss_ut_ics: 2.155e-05, Loss_norm: 1.297e-04, Loss_gauge: 0.000e+00, w_pde: 1.00e+00, L^2_error: 1.171e-02, lr: 1.000e-03, Time: 8.21e+03
INFO:src.utils.logger:Model state saved to results\box\DV\20260503-113031_seed0_bf_box_DV_circ19_e1500_8q_2l_seed2026\checkpoints\2026-05-03_11-30-32-332938_box_DV_seed\model.pth
INFO:src.utils.logger:Model weights saved to results\box\DV\20260503-113031_seed0_bf_box_DV_circ19_e1500_8q_2l_seed2026\checkpoints\2026-05-03_11-30-32-332938_box_DV_seed\model_weights.pth
INFO:src.utils.logger:It: 654, Loss: 1.166e-01, Loss_res: 1.091e-01,  Loss_bcs: 0.000e+00, Loss_ut_ics: 2.798e-05, Loss_norm: 1.029e-04, Loss_gauge: 0.000e+00, w_pde: 1.00e+00, L^2_error: 1.171e-02, lr: 1.000e-03, Time: 8.23e+03
INFO:src.utils.logger:Model state saved to results\box\DV\20260503-113031_seed0_bf_box_DV_circ19_e1500_8q_2l_seed2026\checkpoints\2026-05-03_11-30-32-332938_box_DV_seed\model.pth
INFO:src.utils.logger:Model weights saved to results\box\DV\20260503-113031_seed0_bf_box_DV_circ19_e1500_8q_2l_seed2026\checkpoints\2026-05-03_11-30-32-332938_box_DV_seed\model_weights.pth
INFO:src.utils.logger:It: 656, Loss: 1.158e-01, Loss_res: 1.084e-01,  Loss_bcs: 0.000e+00, Loss_ut_ics: 2.785e-05, Loss_norm: 8.418e-05, Loss_gauge: 0.000e+00, w_pde: 1.00e+00, L^2_error: 1.134e-02, lr: 1.000e-03, Time: 8.25e+03
INFO:src.utils.logger:Model state saved to results\box\DV\20260503-113031_seed0_bf_box_DV_circ19_e1500_8q_2l_seed2026\checkpoints\2026-05-03_11-30-32-332938_box_DV_seed\model.pth
INFO:src.utils.logger:Model weights saved to results\box\DV\20260503-113031_seed0_bf_box_DV_circ19_e1500_8q_2l_seed2026\checkpoints\2026-05-03_11-30-32-332938_box_DV_seed\model_weights.pth
INFO:src.utils.logger:It: 658, Loss: 1.047e-01, Loss_res: 9.783e-02,  Loss_bcs: 0.000e+00, Loss_ut_ics: 2.540e-05, Loss_norm: 9.599e-05, Loss_gauge: 0.000e+00, w_pde: 1.00e+00, L^2_error: 1.134e-02, lr: 1.000e-03, Time: 8.28e+03
INFO:src.utils.logger:Model state saved to results\box\DV\20260503-113031_seed0_bf_box_DV_circ19_e1500_8q_2l_seed2026\checkpoints\2026-05-03_11-30-32-332938_box_DV_seed\model.pth
INFO:src.utils.logger:Model weights saved to results\box\DV\20260503-113031_seed0_bf_box_DV_circ19_e1500_8q_2l_seed2026\checkpoints\2026-05-03_11-30-32-332938_box_DV_seed\model_weights.pth
INFO:src.utils.logger:It: 660, Loss: 1.109e-01, Loss_res: 1.052e-01,  Loss_bcs: 0.000e+00, Loss_ut_ics: 2.043e-05, Loss_norm: 1.106e-04, Loss_gauge: 0.000e+00, w_pde: 1.00e+00, L^2_error: 1.119e-02, lr: 1.000e-03, Time: 8.30e+03
INFO:src.utils.logger:Model state saved to results\box\DV\20260503-113031_seed0_bf_box_DV_circ19_e1500_8q_2l_seed2026\checkpoints\2026-05-03_11-30-32-332938_box_DV_seed\model.pth
INFO:src.utils.logger:Model weights saved to results\box\DV\20260503-113031_seed0_bf_box_DV_circ19_e1500_8q_2l_seed2026\checkpoints\2026-05-03_11-30-32-332938_box_DV_seed\model_weights.pth
INFO:src.utils.logger:It: 662, Loss: 1.013e-01, Loss_res: 9.613e-02,  Loss_bcs: 0.000e+00, Loss_ut_ics: 1.857e-05, Loss_norm: 1.157e-04, Loss_gauge: 0.000e+00, w_pde: 1.00e+00, L^2_error: 1.119e-02, lr: 1.000e-03, Time: 8.32e+03
INFO:src.utils.logger:Model state saved to results\box\DV\20260503-113031_seed0_bf_box_DV_circ19_e1500_8q_2l_seed2026\checkpoints\2026-05-03_11-30-32-332938_box_DV_seed\model.pth
INFO:src.utils.logger:Model weights saved to results\box\DV\20260503-113031_seed0_bf_box_DV_circ19_e1500_8q_2l_seed2026\checkpoints\2026-05-03_11-30-32-332938_box_DV_seed\model_weights.pth
INFO:src.utils.logger:It: 664, Loss: 1.034e-01, Loss_res: 9.788e-02,  Loss_bcs: 0.000e+00, Loss_ut_ics: 2.003e-05, Loss_norm: 1.007e-04, Loss_gauge: 0.000e+00, w_pde: 1.00e+00, L^2_error: 1.119e-02, lr: 1.000e-03, Time: 8.34e+03
INFO:src.utils.logger:Model state saved to results\box\DV\20260503-113031_seed0_bf_box_DV_circ19_e1500_8q_2l_seed2026\checkpoints\2026-05-03_11-30-32-332938_box_DV_seed\model.pth
INFO:src.utils.logger:Model weights saved to results\box\DV\20260503-113031_seed0_bf_box_DV_circ19_e1500_8q_2l_seed2026\checkpoints\2026-05-03_11-30-32-332938_box_DV_seed\model_weights.pth
INFO:src.utils.logger:It: 666, Loss: 9.993e-02, Loss_res: 9.358e-02,  Loss_bcs: 0.000e+00, Loss_ut_ics: 2.351e-05, Loss_norm: 9.471e-05, Loss_gauge: 0.000e+00, w_pde: 1.00e+00, L^2_error: 1.039e-02, lr: 1.000e-03, Time: 8.37e+03
INFO:src.utils.logger:Model state saved to results\box\DV\20260503-113031_seed0_bf_box_DV_circ19_e1500_8q_2l_seed2026\checkpoints\2026-05-03_11-30-32-332938_box_DV_seed\model.pth
INFO:src.utils.logger:Model weights saved to results\box\DV\20260503-113031_seed0_bf_box_DV_circ19_e1500_8q_2l_seed2026\checkpoints\2026-05-03_11-30-32-332938_box_DV_seed\model_weights.pth
INFO:src.utils.logger:It: 668, Loss: 9.062e-02, Loss_res: 8.441e-02,  Loss_bcs: 0.000e+00, Loss_ut_ics: 2.314e-05, Loss_norm: 8.638e-05, Loss_gauge: 0.000e+00, w_pde: 1.00e+00, L^2_error: 1.039e-02, lr: 1.000e-03, Time: 8.39e+03
INFO:src.utils.logger:Model state saved to results\box\DV\20260503-113031_seed0_bf_box_DV_circ19_e1500_8q_2l_seed2026\checkpoints\2026-05-03_11-30-32-332938_box_DV_seed\model.pth
INFO:src.utils.logger:Model weights saved to results\box\DV\20260503-113031_seed0_bf_box_DV_circ19_e1500_8q_2l_seed2026\checkpoints\2026-05-03_11-30-32-332938_box_DV_seed\model_weights.pth
INFO:src.utils.logger:It: 670, Loss: 9.849e-02, Loss_res: 9.234e-02,  Loss_bcs: 0.000e+00, Loss_ut_ics: 2.307e-05, Loss_norm: 7.671e-05, Loss_gauge: 0.000e+00, w_pde: 1.00e+00, L^2_error: 9.624e-03, lr: 1.000e-03, Time: 8.41e+03
INFO:src.utils.logger:Model state saved to results\box\DV\20260503-113031_seed0_bf_box_DV_circ19_e1500_8q_2l_seed2026\checkpoints\2026-05-03_11-30-32-332938_box_DV_seed\model.pth
INFO:src.utils.logger:Model weights saved to results\box\DV\20260503-113031_seed0_bf_box_DV_circ19_e1500_8q_2l_seed2026\checkpoints\2026-05-03_11-30-32-332938_box_DV_seed\model_weights.pth
INFO:src.utils.logger:It: 672, Loss: 8.805e-02, Loss_res: 8.204e-02,  Loss_bcs: 0.000e+00, Loss_ut_ics: 2.233e-05, Loss_norm: 8.491e-05, Loss_gauge: 0.000e+00, w_pde: 1.00e+00, L^2_error: 9.624e-03, lr: 1.000e-03, Time: 8.43e+03
INFO:src.utils.logger:Model state saved to results\box\DV\20260503-113031_seed0_bf_box_DV_circ19_e1500_8q_2l_seed2026\checkpoints\2026-05-03_11-30-32-332938_box_DV_seed\model.pth
INFO:src.utils.logger:Model weights saved to results\box\DV\20260503-113031_seed0_bf_box_DV_circ19_e1500_8q_2l_seed2026\checkpoints\2026-05-03_11-30-32-332938_box_DV_seed\model_weights.pth
INFO:src.utils.logger:It: 674, Loss: 9.108e-02, Loss_res: 8.612e-02,  Loss_bcs: 0.000e+00, Loss_ut_ics: 1.831e-05, Loss_norm: 7.730e-05, Loss_gauge: 0.000e+00, w_pde: 1.00e+00, L^2_error: 9.624e-03, lr: 1.000e-03, Time: 8.46e+03
INFO:src.utils.logger:Model state saved to results\box\DV\20260503-113031_seed0_bf_box_DV_circ19_e1500_8q_2l_seed2026\checkpoints\2026-05-03_11-30-32-332938_box_DV_seed\model.pth
INFO:src.utils.logger:Model weights saved to results\box\DV\20260503-113031_seed0_bf_box_DV_circ19_e1500_8q_2l_seed2026\checkpoints\2026-05-03_11-30-32-332938_box_DV_seed\model_weights.pth
INFO:src.utils.logger:It: 676, Loss: 1.017e-01, Loss_res: 9.669e-02,  Loss_bcs: 0.000e+00, Loss_ut_ics: 1.854e-05, Loss_norm: 7.616e-05, Loss_gauge: 0.000e+00, w_pde: 1.00e+00, L^2_error: 9.288e-03, lr: 1.000e-03, Time: 8.48e+03
INFO:src.utils.logger:Model state saved to results\box\DV\20260503-113031_seed0_bf_box_DV_circ19_e1500_8q_2l_seed2026\checkpoints\2026-05-03_11-30-32-332938_box_DV_seed\model.pth
INFO:src.utils.logger:Model weights saved to results\box\DV\20260503-113031_seed0_bf_box_DV_circ19_e1500_8q_2l_seed2026\checkpoints\2026-05-03_11-30-32-332938_box_DV_seed\model_weights.pth
INFO:src.utils.logger:It: 678, Loss: 8.834e-02, Loss_res: 8.274e-02,  Loss_bcs: 0.000e+00, Loss_ut_ics: 2.101e-05, Loss_norm: 6.897e-05, Loss_gauge: 0.000e+00, w_pde: 1.00e+00, L^2_error: 9.288e-03, lr: 1.000e-03, Time: 8.50e+03
INFO:src.utils.logger:Model state saved to results\box\DV\20260503-113031_seed0_bf_box_DV_circ19_e1500_8q_2l_seed2026\checkpoints\2026-05-03_11-30-32-332938_box_DV_seed\model.pth
INFO:src.utils.logger:Model weights saved to results\box\DV\20260503-113031_seed0_bf_box_DV_circ19_e1500_8q_2l_seed2026\checkpoints\2026-05-03_11-30-32-332938_box_DV_seed\model_weights.pth
INFO:src.utils.logger:It: 680, Loss: 9.981e-02, Loss_res: 9.425e-02,  Loss_bcs: 0.000e+00, Loss_ut_ics: 2.112e-05, Loss_norm: 5.534e-05, Loss_gauge: 0.000e+00, w_pde: 1.00e+00, L^2_error: 8.996e-03, lr: 1.000e-03, Time: 8.53e+03
INFO:src.utils.logger:Model state saved to results\box\DV\20260503-113031_seed0_bf_box_DV_circ19_e1500_8q_2l_seed2026\checkpoints\2026-05-03_11-30-32-332938_box_DV_seed\model.pth
INFO:src.utils.logger:Model weights saved to results\box\DV\20260503-113031_seed0_bf_box_DV_circ19_e1500_8q_2l_seed2026\checkpoints\2026-05-03_11-30-32-332938_box_DV_seed\model_weights.pth
INFO:src.utils.logger:It: 682, Loss: 9.463e-02, Loss_res: 8.879e-02,  Loss_bcs: 0.000e+00, Loss_ut_ics: 2.226e-05, Loss_norm: 5.494e-05, Loss_gauge: 0.000e+00, w_pde: 1.00e+00, L^2_error: 8.996e-03, lr: 1.000e-03, Time: 8.55e+03
INFO:src.utils.logger:Model state saved to results\box\DV\20260503-113031_seed0_bf_box_DV_circ19_e1500_8q_2l_seed2026\checkpoints\2026-05-03_11-30-32-332938_box_DV_seed\model.pth
INFO:src.utils.logger:Model weights saved to results\box\DV\20260503-113031_seed0_bf_box_DV_circ19_e1500_8q_2l_seed2026\checkpoints\2026-05-03_11-30-32-332938_box_DV_seed\model_weights.pth
INFO:src.utils.logger:It: 684, Loss: 8.640e-02, Loss_res: 8.079e-02,  Loss_bcs: 0.000e+00, Loss_ut_ics: 2.119e-05, Loss_norm: 6.303e-05, Loss_gauge: 0.000e+00, w_pde: 1.00e+00, L^2_error: 8.996e-03, lr: 1.000e-03, Time: 8.57e+03
INFO:src.utils.logger:Model state saved to results\box\DV\20260503-113031_seed0_bf_box_DV_circ19_e1500_8q_2l_seed2026\checkpoints\2026-05-03_11-30-32-332938_box_DV_seed\model.pth
INFO:src.utils.logger:Model weights saved to results\box\DV\20260503-113031_seed0_bf_box_DV_circ19_e1500_8q_2l_seed2026\checkpoints\2026-05-03_11-30-32-332938_box_DV_seed\model_weights.pth
INFO:src.utils.logger:It: 686, Loss: 8.573e-02, Loss_res: 8.080e-02,  Loss_bcs: 0.000e+00, Loss_ut_ics: 1.846e-05, Loss_norm: 6.366e-05, Loss_gauge: 0.000e+00, w_pde: 1.00e+00, L^2_error: 8.452e-03, lr: 1.000e-03, Time: 8.60e+03
INFO:src.utils.logger:Model state saved to results\box\DV\20260503-113031_seed0_bf_box_DV_circ19_e1500_8q_2l_seed2026\checkpoints\2026-05-03_11-30-32-332938_box_DV_seed\model.pth
INFO:src.utils.logger:Model weights saved to results\box\DV\20260503-113031_seed0_bf_box_DV_circ19_e1500_8q_2l_seed2026\checkpoints\2026-05-03_11-30-32-332938_box_DV_seed\model_weights.pth
INFO:src.utils.logger:It: 688, Loss: 9.264e-02, Loss_res: 8.718e-02,  Loss_bcs: 0.000e+00, Loss_ut_ics: 2.053e-05, Loss_norm: 6.698e-05, Loss_gauge: 0.000e+00, w_pde: 1.00e+00, L^2_error: 8.452e-03, lr: 1.000e-03, Time: 8.62e+03
INFO:src.utils.logger:Model state saved to results\box\DV\20260503-113031_seed0_bf_box_DV_circ19_e1500_8q_2l_seed2026\checkpoints\2026-05-03_11-30-32-332938_box_DV_seed\model.pth
INFO:src.utils.logger:Model weights saved to results\box\DV\20260503-113031_seed0_bf_box_DV_circ19_e1500_8q_2l_seed2026\checkpoints\2026-05-03_11-30-32-332938_box_DV_seed\model_weights.pth
INFO:src.utils.logger:It: 690, Loss: 8.430e-02, Loss_res: 7.871e-02,  Loss_bcs: 0.000e+00, Loss_ut_ics: 2.108e-05, Loss_norm: 6.397e-05, Loss_gauge: 0.000e+00, w_pde: 1.00e+00, L^2_error: 8.166e-03, lr: 1.000e-03, Time: 8.64e+03
INFO:src.utils.logger:Model state saved to results\box\DV\20260503-113031_seed0_bf_box_DV_circ19_e1500_8q_2l_seed2026\checkpoints\2026-05-03_11-30-32-332938_box_DV_seed\model.pth
INFO:src.utils.logger:Model weights saved to results\box\DV\20260503-113031_seed0_bf_box_DV_circ19_e1500_8q_2l_seed2026\checkpoints\2026-05-03_11-30-32-332938_box_DV_seed\model_weights.pth
INFO:src.utils.logger:It: 692, Loss: 8.771e-02, Loss_res: 8.225e-02,  Loss_bcs: 0.000e+00, Loss_ut_ics: 2.075e-05, Loss_norm: 5.472e-05, Loss_gauge: 0.000e+00, w_pde: 1.00e+00, L^2_error: 8.166e-03, lr: 1.000e-03, Time: 8.66e+03
INFO:src.utils.logger:Model state saved to results\box\DV\20260503-113031_seed0_bf_box_DV_circ19_e1500_8q_2l_seed2026\checkpoints\2026-05-03_11-30-32-332938_box_DV_seed\model.pth
INFO:src.utils.logger:Model weights saved to results\box\DV\20260503-113031_seed0_bf_box_DV_circ19_e1500_8q_2l_seed2026\checkpoints\2026-05-03_11-30-32-332938_box_DV_seed\model_weights.pth
INFO:src.utils.logger:It: 694, Loss: 7.498e-02, Loss_res: 6.922e-02,  Loss_bcs: 0.000e+00, Loss_ut_ics: 2.201e-05, Loss_norm: 5.193e-05, Loss_gauge: 0.000e+00, w_pde: 1.00e+00, L^2_error: 8.166e-03, lr: 1.000e-03, Time: 8.69e+03
INFO:src.utils.logger:Model state saved to results\box\DV\20260503-113031_seed0_bf_box_DV_circ19_e1500_8q_2l_seed2026\checkpoints\2026-05-03_11-30-32-332938_box_DV_seed\model.pth
INFO:src.utils.logger:Model weights saved to results\box\DV\20260503-113031_seed0_bf_box_DV_circ19_e1500_8q_2l_seed2026\checkpoints\2026-05-03_11-30-32-332938_box_DV_seed\model_weights.pth
INFO:src.utils.logger:It: 696, Loss: 8.258e-02, Loss_res: 7.749e-02,  Loss_bcs: 0.000e+00, Loss_ut_ics: 1.950e-05, Loss_norm: 4.168e-05, Loss_gauge: 0.000e+00, w_pde: 1.00e+00, L^2_error: 7.994e-03, lr: 1.000e-03, Time: 8.71e+03
INFO:src.utils.logger:Model state saved to results\box\DV\20260503-113031_seed0_bf_box_DV_circ19_e1500_8q_2l_seed2026\checkpoints\2026-05-03_11-30-32-332938_box_DV_seed\model.pth
INFO:src.utils.logger:Model weights saved to results\box\DV\20260503-113031_seed0_bf_box_DV_circ19_e1500_8q_2l_seed2026\checkpoints\2026-05-03_11-30-32-332938_box_DV_seed\model_weights.pth
INFO:src.utils.logger:It: 698, Loss: 7.727e-02, Loss_res: 7.254e-02,  Loss_bcs: 0.000e+00, Loss_ut_ics: 1.798e-05, Loss_norm: 4.577e-05, Loss_gauge: 0.000e+00, w_pde: 1.00e+00, L^2_error: 7.994e-03, lr: 1.000e-03, Time: 8.73e+03
INFO:src.utils.logger:Model state saved to results\box\DV\20260503-113031_seed0_bf_box_DV_circ19_e1500_8q_2l_seed2026\checkpoints\2026-05-03_11-30-32-332938_box_DV_seed\model.pth
INFO:src.utils.logger:Model weights saved to results\box\DV\20260503-113031_seed0_bf_box_DV_circ19_e1500_8q_2l_seed2026\checkpoints\2026-05-03_11-30-32-332938_box_DV_seed\model_weights.pth
INFO:src.utils.logger:It: 700, Loss: 8.206e-02, Loss_res: 7.764e-02,  Loss_bcs: 0.000e+00, Loss_ut_ics: 1.660e-05, Loss_norm: 5.275e-05, Loss_gauge: 0.000e+00, w_pde: 1.00e+00, L^2_error: 7.859e-03, lr: 1.000e-03, Time: 8.76e+03
INFO:src.utils.logger:Model state saved to results\box\DV\20260503-113031_seed0_bf_box_DV_circ19_e1500_8q_2l_seed2026\checkpoints\2026-05-03_11-30-32-332938_box_DV_seed\model.pth
INFO:src.utils.logger:Model weights saved to results\box\DV\20260503-113031_seed0_bf_box_DV_circ19_e1500_8q_2l_seed2026\checkpoints\2026-05-03_11-30-32-332938_box_DV_seed\model_weights.pth
INFO:src.utils.logger:It: 702, Loss: 7.334e-02, Loss_res: 6.898e-02,  Loss_bcs: 0.000e+00, Loss_ut_ics: 1.630e-05, Loss_norm: 5.548e-05, Loss_gauge: 0.000e+00, w_pde: 1.00e+00, L^2_error: 7.859e-03, lr: 1.000e-03, Time: 8.78e+03
INFO:src.utils.logger:Model state saved to results\box\DV\20260503-113031_seed0_bf_box_DV_circ19_e1500_8q_2l_seed2026\checkpoints\2026-05-03_11-30-32-332938_box_DV_seed\model.pth
INFO:src.utils.logger:Model weights saved to results\box\DV\20260503-113031_seed0_bf_box_DV_circ19_e1500_8q_2l_seed2026\checkpoints\2026-05-03_11-30-32-332938_box_DV_seed\model_weights.pth
INFO:src.utils.logger:It: 704, Loss: 7.306e-02, Loss_res: 6.871e-02,  Loss_bcs: 0.000e+00, Loss_ut_ics: 1.633e-05, Loss_norm: 5.358e-05, Loss_gauge: 0.000e+00, w_pde: 1.00e+00, L^2_error: 7.859e-03, lr: 1.000e-03, Time: 8.80e+03
INFO:src.utils.logger:Model state saved to results\box\DV\20260503-113031_seed0_bf_box_DV_circ19_e1500_8q_2l_seed2026\checkpoints\2026-05-03_11-30-32-332938_box_DV_seed\model.pth
INFO:src.utils.logger:Model weights saved to results\box\DV\20260503-113031_seed0_bf_box_DV_circ19_e1500_8q_2l_seed2026\checkpoints\2026-05-03_11-30-32-332938_box_DV_seed\model_weights.pth
INFO:src.utils.logger:It: 706, Loss: 7.372e-02, Loss_res: 6.926e-02,  Loss_bcs: 0.000e+00, Loss_ut_ics: 1.696e-05, Loss_norm: 4.308e-05, Loss_gauge: 0.000e+00, w_pde: 1.00e+00, L^2_error: 7.346e-03, lr: 1.000e-03, Time: 8.82e+03
INFO:src.utils.logger:Model state saved to results\box\DV\20260503-113031_seed0_bf_box_DV_circ19_e1500_8q_2l_seed2026\checkpoints\2026-05-03_11-30-32-332938_box_DV_seed\model.pth
INFO:src.utils.logger:Model weights saved to results\box\DV\20260503-113031_seed0_bf_box_DV_circ19_e1500_8q_2l_seed2026\checkpoints\2026-05-03_11-30-32-332938_box_DV_seed\model_weights.pth
INFO:src.utils.logger:It: 708, Loss: 7.297e-02, Loss_res: 6.836e-02,  Loss_bcs: 0.000e+00, Loss_ut_ics: 1.770e-05, Loss_norm: 3.569e-05, Loss_gauge: 0.000e+00, w_pde: 1.00e+00, L^2_error: 7.346e-03, lr: 1.000e-03, Time: 8.85e+03
INFO:src.utils.logger:Model state saved to results\box\DV\20260503-113031_seed0_bf_box_DV_circ19_e1500_8q_2l_seed2026\checkpoints\2026-05-03_11-30-32-332938_box_DV_seed\model.pth
INFO:src.utils.logger:Model weights saved to results\box\DV\20260503-113031_seed0_bf_box_DV_circ19_e1500_8q_2l_seed2026\checkpoints\2026-05-03_11-30-32-332938_box_DV_seed\model_weights.pth
INFO:src.utils.logger:It: 710, Loss: 7.260e-02, Loss_res: 6.806e-02,  Loss_bcs: 0.000e+00, Loss_ut_ics: 1.746e-05, Loss_norm: 3.329e-05, Loss_gauge: 0.000e+00, w_pde: 1.00e+00, L^2_error: 7.059e-03, lr: 1.000e-03, Time: 8.87e+03
INFO:src.utils.logger:Model state saved to results\box\DV\20260503-113031_seed0_bf_box_DV_circ19_e1500_8q_2l_seed2026\checkpoints\2026-05-03_11-30-32-332938_box_DV_seed\model.pth
INFO:src.utils.logger:Model weights saved to results\box\DV\20260503-113031_seed0_bf_box_DV_circ19_e1500_8q_2l_seed2026\checkpoints\2026-05-03_11-30-32-332938_box_DV_seed\model_weights.pth
INFO:src.utils.logger:It: 712, Loss: 7.280e-02, Loss_res: 6.836e-02,  Loss_bcs: 0.000e+00, Loss_ut_ics: 1.691e-05, Loss_norm: 4.231e-05, Loss_gauge: 0.000e+00, w_pde: 1.00e+00, L^2_error: 7.059e-03, lr: 1.000e-03, Time: 8.89e+03
INFO:src.utils.logger:Model state saved to results\box\DV\20260503-113031_seed0_bf_box_DV_circ19_e1500_8q_2l_seed2026\checkpoints\2026-05-03_11-30-32-332938_box_DV_seed\model.pth
INFO:src.utils.logger:Model weights saved to results\box\DV\20260503-113031_seed0_bf_box_DV_circ19_e1500_8q_2l_seed2026\checkpoints\2026-05-03_11-30-32-332938_box_DV_seed\model_weights.pth
INFO:src.utils.logger:It: 714, Loss: 7.148e-02, Loss_res: 6.755e-02,  Loss_bcs: 0.000e+00, Loss_ut_ics: 1.474e-05, Loss_norm: 4.943e-05, Loss_gauge: 0.000e+00, w_pde: 1.00e+00, L^2_error: 7.059e-03, lr: 1.000e-03, Time: 8.92e+03
INFO:src.utils.logger:Model state saved to results\box\DV\20260503-113031_seed0_bf_box_DV_circ19_e1500_8q_2l_seed2026\checkpoints\2026-05-03_11-30-32-332938_box_DV_seed\model.pth
INFO:src.utils.logger:Model weights saved to results\box\DV\20260503-113031_seed0_bf_box_DV_circ19_e1500_8q_2l_seed2026\checkpoints\2026-05-03_11-30-32-332938_box_DV_seed\model_weights.pth
INFO:src.utils.logger:It: 716, Loss: 7.396e-02, Loss_res: 6.989e-02,  Loss_bcs: 0.000e+00, Loss_ut_ics: 1.537e-05, Loss_norm: 4.706e-05, Loss_gauge: 0.000e+00, w_pde: 1.00e+00, L^2_error: 6.803e-03, lr: 1.000e-03, Time: 8.94e+03
INFO:src.utils.logger:Model state saved to results\box\DV\20260503-113031_seed0_bf_box_DV_circ19_e1500_8q_2l_seed2026\checkpoints\2026-05-03_11-30-32-332938_box_DV_seed\model.pth
INFO:src.utils.logger:Model weights saved to results\box\DV\20260503-113031_seed0_bf_box_DV_circ19_e1500_8q_2l_seed2026\checkpoints\2026-05-03_11-30-32-332938_box_DV_seed\model_weights.pth
INFO:src.utils.logger:It: 718, Loss: 7.994e-02, Loss_res: 7.559e-02,  Loss_bcs: 0.000e+00, Loss_ut_ics: 1.674e-05, Loss_norm: 3.351e-05, Loss_gauge: 0.000e+00, w_pde: 1.00e+00, L^2_error: 6.803e-03, lr: 1.000e-03, Time: 8.96e+03
INFO:src.utils.logger:Model state saved to results\box\DV\20260503-113031_seed0_bf_box_DV_circ19_e1500_8q_2l_seed2026\checkpoints\2026-05-03_11-30-32-332938_box_DV_seed\model.pth
INFO:src.utils.logger:Model weights saved to results\box\DV\20260503-113031_seed0_bf_box_DV_circ19_e1500_8q_2l_seed2026\checkpoints\2026-05-03_11-30-32-332938_box_DV_seed\model_weights.pth
INFO:src.utils.logger:It: 720, Loss: 6.669e-02, Loss_res: 6.197e-02,  Loss_bcs: 0.000e+00, Loss_ut_ics: 1.837e-05, Loss_norm: 2.567e-05, Loss_gauge: 0.000e+00, w_pde: 1.00e+00, L^2_error: 6.612e-03, lr: 1.000e-03, Time: 8.98e+03
INFO:src.utils.logger:Model state saved to results\box\DV\20260503-113031_seed0_bf_box_DV_circ19_e1500_8q_2l_seed2026\checkpoints\2026-05-03_11-30-32-332938_box_DV_seed\model.pth
INFO:src.utils.logger:Model weights saved to results\box\DV\20260503-113031_seed0_bf_box_DV_circ19_e1500_8q_2l_seed2026\checkpoints\2026-05-03_11-30-32-332938_box_DV_seed\model_weights.pth
INFO:src.utils.logger:It: 722, Loss: 6.444e-02, Loss_res: 5.981e-02,  Loss_bcs: 0.000e+00, Loss_ut_ics: 1.800e-05, Loss_norm: 2.631e-05, Loss_gauge: 0.000e+00, w_pde: 1.00e+00, L^2_error: 6.612e-03, lr: 1.000e-03, Time: 9.01e+03
INFO:src.utils.logger:Model state saved to results\box\DV\20260503-113031_seed0_bf_box_DV_circ19_e1500_8q_2l_seed2026\checkpoints\2026-05-03_11-30-32-332938_box_DV_seed\model.pth
INFO:src.utils.logger:Model weights saved to results\box\DV\20260503-113031_seed0_bf_box_DV_circ19_e1500_8q_2l_seed2026\checkpoints\2026-05-03_11-30-32-332938_box_DV_seed\model_weights.pth
INFO:src.utils.logger:It: 724, Loss: 6.957e-02, Loss_res: 6.542e-02,  Loss_bcs: 0.000e+00, Loss_ut_ics: 1.599e-05, Loss_norm: 3.149e-05, Loss_gauge: 0.000e+00, w_pde: 1.00e+00, L^2_error: 6.612e-03, lr: 1.000e-03, Time: 9.03e+03
INFO:src.utils.logger:Model state saved to results\box\DV\20260503-113031_seed0_bf_box_DV_circ19_e1500_8q_2l_seed2026\checkpoints\2026-05-03_11-30-32-332938_box_DV_seed\model.pth
INFO:src.utils.logger:Model weights saved to results\box\DV\20260503-113031_seed0_bf_box_DV_circ19_e1500_8q_2l_seed2026\checkpoints\2026-05-03_11-30-32-332938_box_DV_seed\model_weights.pth
INFO:src.utils.logger:It: 726, Loss: 6.974e-02, Loss_res: 6.596e-02,  Loss_bcs: 0.000e+00, Loss_ut_ics: 1.440e-05, Loss_norm: 3.497e-05, Loss_gauge: 0.000e+00, w_pde: 1.00e+00, L^2_error: 6.269e-03, lr: 1.000e-03, Time: 9.05e+03
INFO:src.utils.logger:Model state saved to results\box\DV\20260503-113031_seed0_bf_box_DV_circ19_e1500_8q_2l_seed2026\checkpoints\2026-05-03_11-30-32-332938_box_DV_seed\model.pth
INFO:src.utils.logger:Model weights saved to results\box\DV\20260503-113031_seed0_bf_box_DV_circ19_e1500_8q_2l_seed2026\checkpoints\2026-05-03_11-30-32-332938_box_DV_seed\model_weights.pth
INFO:src.utils.logger:It: 728, Loss: 6.353e-02, Loss_res: 5.994e-02,  Loss_bcs: 0.000e+00, Loss_ut_ics: 1.364e-05, Loss_norm: 3.556e-05, Loss_gauge: 0.000e+00, w_pde: 1.00e+00, L^2_error: 6.269e-03, lr: 1.000e-03, Time: 9.08e+03
INFO:src.utils.logger:Model state saved to results\box\DV\20260503-113031_seed0_bf_box_DV_circ19_e1500_8q_2l_seed2026\checkpoints\2026-05-03_11-30-32-332938_box_DV_seed\model.pth
INFO:src.utils.logger:Model weights saved to results\box\DV\20260503-113031_seed0_bf_box_DV_circ19_e1500_8q_2l_seed2026\checkpoints\2026-05-03_11-30-32-332938_box_DV_seed\model_weights.pth
INFO:src.utils.logger:It: 730, Loss: 6.587e-02, Loss_res: 6.201e-02,  Loss_bcs: 0.000e+00, Loss_ut_ics: 1.486e-05, Loss_norm: 2.846e-05, Loss_gauge: 0.000e+00, w_pde: 1.00e+00, L^2_error: 5.784e-03, lr: 1.000e-03, Time: 9.10e+03
INFO:src.utils.logger:Model state saved to results\box\DV\20260503-113031_seed0_bf_box_DV_circ19_e1500_8q_2l_seed2026\checkpoints\2026-05-03_11-30-32-332938_box_DV_seed\model.pth
INFO:src.utils.logger:Model weights saved to results\box\DV\20260503-113031_seed0_bf_box_DV_circ19_e1500_8q_2l_seed2026\checkpoints\2026-05-03_11-30-32-332938_box_DV_seed\model_weights.pth
INFO:src.utils.logger:It: 732, Loss: 6.126e-02, Loss_res: 5.681e-02,  Loss_bcs: 0.000e+00, Loss_ut_ics: 1.734e-05, Loss_norm: 2.269e-05, Loss_gauge: 0.000e+00, w_pde: 1.00e+00, L^2_error: 5.784e-03, lr: 1.000e-03, Time: 9.12e+03
INFO:src.utils.logger:Model state saved to results\box\DV\20260503-113031_seed0_bf_box_DV_circ19_e1500_8q_2l_seed2026\checkpoints\2026-05-03_11-30-32-332938_box_DV_seed\model.pth
INFO:src.utils.logger:Model weights saved to results\box\DV\20260503-113031_seed0_bf_box_DV_circ19_e1500_8q_2l_seed2026\checkpoints\2026-05-03_11-30-32-332938_box_DV_seed\model_weights.pth
INFO:src.utils.logger:It: 734, Loss: 6.258e-02, Loss_res: 5.814e-02,  Loss_bcs: 0.000e+00, Loss_ut_ics: 1.735e-05, Loss_norm: 2.147e-05, Loss_gauge: 0.000e+00, w_pde: 1.00e+00, L^2_error: 5.784e-03, lr: 1.000e-03, Time: 9.15e+03
INFO:src.utils.logger:Model state saved to results\box\DV\20260503-113031_seed0_bf_box_DV_circ19_e1500_8q_2l_seed2026\checkpoints\2026-05-03_11-30-32-332938_box_DV_seed\model.pth
INFO:src.utils.logger:Model weights saved to results\box\DV\20260503-113031_seed0_bf_box_DV_circ19_e1500_8q_2l_seed2026\checkpoints\2026-05-03_11-30-32-332938_box_DV_seed\model_weights.pth
INFO:src.utils.logger:It: 736, Loss: 6.108e-02, Loss_res: 5.689e-02,  Loss_bcs: 0.000e+00, Loss_ut_ics: 1.627e-05, Loss_norm: 2.273e-05, Loss_gauge: 0.000e+00, w_pde: 1.00e+00, L^2_error: 5.539e-03, lr: 1.000e-03, Time: 9.17e+03
INFO:src.utils.logger:Model state saved to results\box\DV\20260503-113031_seed0_bf_box_DV_circ19_e1500_8q_2l_seed2026\checkpoints\2026-05-03_11-30-32-332938_box_DV_seed\model.pth
INFO:src.utils.logger:Model weights saved to results\box\DV\20260503-113031_seed0_bf_box_DV_circ19_e1500_8q_2l_seed2026\checkpoints\2026-05-03_11-30-32-332938_box_DV_seed\model_weights.pth
INFO:src.utils.logger:It: 738, Loss: 6.711e-02, Loss_res: 6.296e-02,  Loss_bcs: 0.000e+00, Loss_ut_ics: 1.607e-05, Loss_norm: 2.594e-05, Loss_gauge: 0.000e+00, w_pde: 1.00e+00, L^2_error: 5.539e-03, lr: 1.000e-03, Time: 9.19e+03
INFO:src.utils.logger:Model state saved to results\box\DV\20260503-113031_seed0_bf_box_DV_circ19_e1500_8q_2l_seed2026\checkpoints\2026-05-03_11-30-32-332938_box_DV_seed\model.pth
INFO:src.utils.logger:Model weights saved to results\box\DV\20260503-113031_seed0_bf_box_DV_circ19_e1500_8q_2l_seed2026\checkpoints\2026-05-03_11-30-32-332938_box_DV_seed\model_weights.pth
INFO:src.utils.logger:It: 740, Loss: 6.021e-02, Loss_res: 5.610e-02,  Loss_bcs: 0.000e+00, Loss_ut_ics: 1.599e-05, Loss_norm: 2.186e-05, Loss_gauge: 0.000e+00, w_pde: 1.00e+00, L^2_error: 5.536e-03, lr: 1.000e-03, Time: 9.21e+03
INFO:src.utils.logger:Model state saved to results\box\DV\20260503-113031_seed0_bf_box_DV_circ19_e1500_8q_2l_seed2026\checkpoints\2026-05-03_11-30-32-332938_box_DV_seed\model.pth
INFO:src.utils.logger:Model weights saved to results\box\DV\20260503-113031_seed0_bf_box_DV_circ19_e1500_8q_2l_seed2026\checkpoints\2026-05-03_11-30-32-332938_box_DV_seed\model_weights.pth
INFO:src.utils.logger:It: 742, Loss: 6.535e-02, Loss_res: 6.117e-02,  Loss_bcs: 0.000e+00, Loss_ut_ics: 1.628e-05, Loss_norm: 2.178e-05, Loss_gauge: 0.000e+00, w_pde: 1.00e+00, L^2_error: 5.536e-03, lr: 1.000e-03, Time: 9.24e+03
INFO:src.utils.logger:Model state saved to results\box\DV\20260503-113031_seed0_bf_box_DV_circ19_e1500_8q_2l_seed2026\checkpoints\2026-05-03_11-30-32-332938_box_DV_seed\model.pth
INFO:src.utils.logger:Model weights saved to results\box\DV\20260503-113031_seed0_bf_box_DV_circ19_e1500_8q_2l_seed2026\checkpoints\2026-05-03_11-30-32-332938_box_DV_seed\model_weights.pth
INFO:src.utils.logger:It: 744, Loss: 5.653e-02, Loss_res: 5.259e-02,  Loss_bcs: 0.000e+00, Loss_ut_ics: 1.524e-05, Loss_norm: 2.571e-05, Loss_gauge: 0.000e+00, w_pde: 1.00e+00, L^2_error: 5.536e-03, lr: 1.000e-03, Time: 9.26e+03
INFO:src.utils.logger:Model state saved to results\box\DV\20260503-113031_seed0_bf_box_DV_circ19_e1500_8q_2l_seed2026\checkpoints\2026-05-03_11-30-32-332938_box_DV_seed\model.pth
INFO:src.utils.logger:Model weights saved to results\box\DV\20260503-113031_seed0_bf_box_DV_circ19_e1500_8q_2l_seed2026\checkpoints\2026-05-03_11-30-32-332938_box_DV_seed\model_weights.pth
INFO:src.utils.logger:It: 746, Loss: 6.226e-02, Loss_res: 5.859e-02,  Loss_bcs: 0.000e+00, Loss_ut_ics: 1.412e-05, Loss_norm: 2.807e-05, Loss_gauge: 0.000e+00, w_pde: 1.00e+00, L^2_error: 5.556e-03, lr: 1.000e-03, Time: 9.28e+03
INFO:src.utils.logger:Model state saved to results\box\DV\20260503-113031_seed0_bf_box_DV_circ19_e1500_8q_2l_seed2026\checkpoints\2026-05-03_11-30-32-332938_box_DV_seed\model.pth
INFO:src.utils.logger:Model weights saved to results\box\DV\20260503-113031_seed0_bf_box_DV_circ19_e1500_8q_2l_seed2026\checkpoints\2026-05-03_11-30-32-332938_box_DV_seed\model_weights.pth
INFO:src.utils.logger:It: 748, Loss: 6.075e-02, Loss_res: 5.692e-02,  Loss_bcs: 0.000e+00, Loss_ut_ics: 1.476e-05, Loss_norm: 2.740e-05, Loss_gauge: 0.000e+00, w_pde: 1.00e+00, L^2_error: 5.556e-03, lr: 1.000e-03, Time: 9.31e+03
INFO:src.utils.logger:Model state saved to results\box\DV\20260503-113031_seed0_bf_box_DV_circ19_e1500_8q_2l_seed2026\checkpoints\2026-05-03_11-30-32-332938_box_DV_seed\model.pth
INFO:src.utils.logger:Model weights saved to results\box\DV\20260503-113031_seed0_bf_box_DV_circ19_e1500_8q_2l_seed2026\checkpoints\2026-05-03_11-30-32-332938_box_DV_seed\model_weights.pth
INFO:src.utils.logger:It: 750, Loss: 5.553e-02, Loss_res: 5.172e-02,  Loss_bcs: 0.000e+00, Loss_ut_ics: 1.478e-05, Loss_norm: 2.229e-05, Loss_gauge: 0.000e+00, w_pde: 1.00e+00, L^2_error: 5.385e-03, lr: 1.000e-03, Time: 9.33e+03
INFO:src.utils.logger:Model state saved to results\box\DV\20260503-113031_seed0_bf_box_DV_circ19_e1500_8q_2l_seed2026\checkpoints\2026-05-03_11-30-32-332938_box_DV_seed\model.pth
INFO:src.utils.logger:Model weights saved to results\box\DV\20260503-113031_seed0_bf_box_DV_circ19_e1500_8q_2l_seed2026\checkpoints\2026-05-03_11-30-32-332938_box_DV_seed\model_weights.pth
INFO:src.utils.logger:It: 752, Loss: 6.246e-02, Loss_res: 5.867e-02,  Loss_bcs: 0.000e+00, Loss_ut_ics: 1.482e-05, Loss_norm: 1.764e-05, Loss_gauge: 0.000e+00, w_pde: 1.00e+00, L^2_error: 5.385e-03, lr: 1.000e-03, Time: 9.35e+03
INFO:src.utils.logger:Model state saved to results\box\DV\20260503-113031_seed0_bf_box_DV_circ19_e1500_8q_2l_seed2026\checkpoints\2026-05-03_11-30-32-332938_box_DV_seed\model.pth
INFO:src.utils.logger:Model weights saved to results\box\DV\20260503-113031_seed0_bf_box_DV_circ19_e1500_8q_2l_seed2026\checkpoints\2026-05-03_11-30-32-332938_box_DV_seed\model_weights.pth
INFO:src.utils.logger:It: 754, Loss: 5.554e-02, Loss_res: 5.182e-02,  Loss_bcs: 0.000e+00, Loss_ut_ics: 1.445e-05, Loss_norm: 2.225e-05, Loss_gauge: 0.000e+00, w_pde: 1.00e+00, L^2_error: 5.385e-03, lr: 1.000e-03, Time: 9.37e+03
INFO:src.utils.logger:Model state saved to results\box\DV\20260503-113031_seed0_bf_box_DV_circ19_e1500_8q_2l_seed2026\checkpoints\2026-05-03_11-30-32-332938_box_DV_seed\model.pth
INFO:src.utils.logger:Model weights saved to results\box\DV\20260503-113031_seed0_bf_box_DV_circ19_e1500_8q_2l_seed2026\checkpoints\2026-05-03_11-30-32-332938_box_DV_seed\model_weights.pth
INFO:src.utils.logger:It: 756, Loss: 5.078e-02, Loss_res: 4.760e-02,  Loss_bcs: 0.000e+00, Loss_ut_ics: 1.224e-05, Loss_norm: 2.528e-05, Loss_gauge: 0.000e+00, w_pde: 1.00e+00, L^2_error: 5.264e-03, lr: 1.000e-03, Time: 9.40e+03
INFO:src.utils.logger:Model state saved to results\box\DV\20260503-113031_seed0_bf_box_DV_circ19_e1500_8q_2l_seed2026\checkpoints\2026-05-03_11-30-32-332938_box_DV_seed\model.pth
INFO:src.utils.logger:Model weights saved to results\box\DV\20260503-113031_seed0_bf_box_DV_circ19_e1500_8q_2l_seed2026\checkpoints\2026-05-03_11-30-32-332938_box_DV_seed\model_weights.pth
INFO:src.utils.logger:It: 758, Loss: 5.646e-02, Loss_res: 5.330e-02,  Loss_bcs: 0.000e+00, Loss_ut_ics: 1.214e-05, Loss_norm: 2.463e-05, Loss_gauge: 0.000e+00, w_pde: 1.00e+00, L^2_error: 5.264e-03, lr: 1.000e-03, Time: 9.42e+03
INFO:src.utils.logger:Model state saved to results\box\DV\20260503-113031_seed0_bf_box_DV_circ19_e1500_8q_2l_seed2026\checkpoints\2026-05-03_11-30-32-332938_box_DV_seed\model.pth
INFO:src.utils.logger:Model weights saved to results\box\DV\20260503-113031_seed0_bf_box_DV_circ19_e1500_8q_2l_seed2026\checkpoints\2026-05-03_11-30-32-332938_box_DV_seed\model_weights.pth
INFO:src.utils.logger:It: 760, Loss: 5.658e-02, Loss_res: 5.332e-02,  Loss_bcs: 0.000e+00, Loss_ut_ics: 1.262e-05, Loss_norm: 1.967e-05, Loss_gauge: 0.000e+00, w_pde: 1.00e+00, L^2_error: 5.196e-03, lr: 1.000e-03, Time: 9.44e+03
INFO:src.utils.logger:Model state saved to results\box\DV\20260503-113031_seed0_bf_box_DV_circ19_e1500_8q_2l_seed2026\checkpoints\2026-05-03_11-30-32-332938_box_DV_seed\model.pth
INFO:src.utils.logger:Model weights saved to results\box\DV\20260503-113031_seed0_bf_box_DV_circ19_e1500_8q_2l_seed2026\checkpoints\2026-05-03_11-30-32-332938_box_DV_seed\model_weights.pth
INFO:src.utils.logger:It: 762, Loss: 5.641e-02, Loss_res: 5.309e-02,  Loss_bcs: 0.000e+00, Loss_ut_ics: 1.298e-05, Loss_norm: 1.504e-05, Loss_gauge: 0.000e+00, w_pde: 1.00e+00, L^2_error: 5.196e-03, lr: 1.000e-03, Time: 9.47e+03
INFO:src.utils.logger:Model state saved to results\box\DV\20260503-113031_seed0_bf_box_DV_circ19_e1500_8q_2l_seed2026\checkpoints\2026-05-03_11-30-32-332938_box_DV_seed\model.pth
INFO:src.utils.logger:Model weights saved to results\box\DV\20260503-113031_seed0_bf_box_DV_circ19_e1500_8q_2l_seed2026\checkpoints\2026-05-03_11-30-32-332938_box_DV_seed\model_weights.pth
INFO:src.utils.logger:It: 764, Loss: 5.175e-02, Loss_res: 4.804e-02,  Loss_bcs: 0.000e+00, Loss_ut_ics: 1.452e-05, Loss_norm: 1.545e-05, Loss_gauge: 0.000e+00, w_pde: 1.00e+00, L^2_error: 5.196e-03, lr: 1.000e-03, Time: 9.49e+03
INFO:src.utils.logger:Model state saved to results\box\DV\20260503-113031_seed0_bf_box_DV_circ19_e1500_8q_2l_seed2026\checkpoints\2026-05-03_11-30-32-332938_box_DV_seed\model.pth
INFO:src.utils.logger:Model weights saved to results\box\DV\20260503-113031_seed0_bf_box_DV_circ19_e1500_8q_2l_seed2026\checkpoints\2026-05-03_11-30-32-332938_box_DV_seed\model_weights.pth
INFO:src.utils.logger:It: 766, Loss: 5.498e-02, Loss_res: 5.119e-02,  Loss_bcs: 0.000e+00, Loss_ut_ics: 1.480e-05, Loss_norm: 1.733e-05, Loss_gauge: 0.000e+00, w_pde: 1.00e+00, L^2_error: 4.626e-03, lr: 1.000e-03, Time: 9.51e+03
INFO:src.utils.logger:Model state saved to results\box\DV\20260503-113031_seed0_bf_box_DV_circ19_e1500_8q_2l_seed2026\checkpoints\2026-05-03_11-30-32-332938_box_DV_seed\model.pth
INFO:src.utils.logger:Model weights saved to results\box\DV\20260503-113031_seed0_bf_box_DV_circ19_e1500_8q_2l_seed2026\checkpoints\2026-05-03_11-30-32-332938_box_DV_seed\model_weights.pth
INFO:src.utils.logger:It: 768, Loss: 5.639e-02, Loss_res: 5.258e-02,  Loss_bcs: 0.000e+00, Loss_ut_ics: 1.487e-05, Loss_norm: 1.805e-05, Loss_gauge: 0.000e+00, w_pde: 1.00e+00, L^2_error: 4.626e-03, lr: 1.000e-03, Time: 9.54e+03
INFO:src.utils.logger:Model state saved to results\box\DV\20260503-113031_seed0_bf_box_DV_circ19_e1500_8q_2l_seed2026\checkpoints\2026-05-03_11-30-32-332938_box_DV_seed\model.pth
INFO:src.utils.logger:Model weights saved to results\box\DV\20260503-113031_seed0_bf_box_DV_circ19_e1500_8q_2l_seed2026\checkpoints\2026-05-03_11-30-32-332938_box_DV_seed\model_weights.pth
INFO:src.utils.logger:It: 770, Loss: 5.606e-02, Loss_res: 5.215e-02,  Loss_bcs: 0.000e+00, Loss_ut_ics: 1.527e-05, Loss_norm: 1.961e-05, Loss_gauge: 0.000e+00, w_pde: 1.00e+00, L^2_error: 4.424e-03, lr: 1.000e-03, Time: 9.56e+03
INFO:src.utils.logger:Model state saved to results\box\DV\20260503-113031_seed0_bf_box_DV_circ19_e1500_8q_2l_seed2026\checkpoints\2026-05-03_11-30-32-332938_box_DV_seed\model.pth
INFO:src.utils.logger:Model weights saved to results\box\DV\20260503-113031_seed0_bf_box_DV_circ19_e1500_8q_2l_seed2026\checkpoints\2026-05-03_11-30-32-332938_box_DV_seed\model_weights.pth
INFO:src.utils.logger:It: 772, Loss: 5.221e-02, Loss_res: 4.852e-02,  Loss_bcs: 0.000e+00, Loss_ut_ics: 1.436e-05, Loss_norm: 1.921e-05, Loss_gauge: 0.000e+00, w_pde: 1.00e+00, L^2_error: 4.424e-03, lr: 1.000e-03, Time: 9.58e+03
INFO:src.utils.logger:Model state saved to results\box\DV\20260503-113031_seed0_bf_box_DV_circ19_e1500_8q_2l_seed2026\checkpoints\2026-05-03_11-30-32-332938_box_DV_seed\model.pth
INFO:src.utils.logger:Model weights saved to results\box\DV\20260503-113031_seed0_bf_box_DV_circ19_e1500_8q_2l_seed2026\checkpoints\2026-05-03_11-30-32-332938_box_DV_seed\model_weights.pth
INFO:src.utils.logger:It: 774, Loss: 4.843e-02, Loss_res: 4.501e-02,  Loss_bcs: 0.000e+00, Loss_ut_ics: 1.336e-05, Loss_norm: 1.616e-05, Loss_gauge: 0.000e+00, w_pde: 1.00e+00, L^2_error: 4.424e-03, lr: 1.000e-03, Time: 9.60e+03
INFO:src.utils.logger:Model state saved to results\box\DV\20260503-113031_seed0_bf_box_DV_circ19_e1500_8q_2l_seed2026\checkpoints\2026-05-03_11-30-32-332938_box_DV_seed\model.pth
INFO:src.utils.logger:Model weights saved to results\box\DV\20260503-113031_seed0_bf_box_DV_circ19_e1500_8q_2l_seed2026\checkpoints\2026-05-03_11-30-32-332938_box_DV_seed\model_weights.pth
INFO:src.utils.logger:It: 776, Loss: 4.785e-02, Loss_res: 4.462e-02,  Loss_bcs: 0.000e+00, Loss_ut_ics: 1.268e-05, Loss_norm: 1.294e-05, Loss_gauge: 0.000e+00, w_pde: 1.00e+00, L^2_error: 4.447e-03, lr: 1.000e-03, Time: 9.63e+03
INFO:src.utils.logger:Model state saved to results\box\DV\20260503-113031_seed0_bf_box_DV_circ19_e1500_8q_2l_seed2026\checkpoints\2026-05-03_11-30-32-332938_box_DV_seed\model.pth
INFO:src.utils.logger:Model weights saved to results\box\DV\20260503-113031_seed0_bf_box_DV_circ19_e1500_8q_2l_seed2026\checkpoints\2026-05-03_11-30-32-332938_box_DV_seed\model_weights.pth
INFO:src.utils.logger:It: 778, Loss: 4.928e-02, Loss_res: 4.614e-02,  Loss_bcs: 0.000e+00, Loss_ut_ics: 1.230e-05, Loss_norm: 1.279e-05, Loss_gauge: 0.000e+00, w_pde: 1.00e+00, L^2_error: 4.447e-03, lr: 1.000e-03, Time: 9.65e+03
INFO:src.utils.logger:Model state saved to results\box\DV\20260503-113031_seed0_bf_box_DV_circ19_e1500_8q_2l_seed2026\checkpoints\2026-05-03_11-30-32-332938_box_DV_seed\model.pth
INFO:src.utils.logger:Model weights saved to results\box\DV\20260503-113031_seed0_bf_box_DV_circ19_e1500_8q_2l_seed2026\checkpoints\2026-05-03_11-30-32-332938_box_DV_seed\model_weights.pth
INFO:src.utils.logger:It: 780, Loss: 4.971e-02, Loss_res: 4.643e-02,  Loss_bcs: 0.000e+00, Loss_ut_ics: 1.287e-05, Loss_norm: 1.162e-05, Loss_gauge: 0.000e+00, w_pde: 1.00e+00, L^2_error: 4.189e-03, lr: 1.000e-03, Time: 9.67e+03
INFO:src.utils.logger:Model state saved to results\box\DV\20260503-113031_seed0_bf_box_DV_circ19_e1500_8q_2l_seed2026\checkpoints\2026-05-03_11-30-32-332938_box_DV_seed\model.pth
INFO:src.utils.logger:Model weights saved to results\box\DV\20260503-113031_seed0_bf_box_DV_circ19_e1500_8q_2l_seed2026\checkpoints\2026-05-03_11-30-32-332938_box_DV_seed\model_weights.pth
INFO:src.utils.logger:It: 782, Loss: 4.959e-02, Loss_res: 4.615e-02,  Loss_bcs: 0.000e+00, Loss_ut_ics: 1.349e-05, Loss_norm: 1.348e-05, Loss_gauge: 0.000e+00, w_pde: 1.00e+00, L^2_error: 4.189e-03, lr: 1.000e-03, Time: 9.70e+03
INFO:src.utils.logger:Model state saved to results\box\DV\20260503-113031_seed0_bf_box_DV_circ19_e1500_8q_2l_seed2026\checkpoints\2026-05-03_11-30-32-332938_box_DV_seed\model.pth
INFO:src.utils.logger:Model weights saved to results\box\DV\20260503-113031_seed0_bf_box_DV_circ19_e1500_8q_2l_seed2026\checkpoints\2026-05-03_11-30-32-332938_box_DV_seed\model_weights.pth
INFO:src.utils.logger:It: 784, Loss: 4.608e-02, Loss_res: 4.289e-02,  Loss_bcs: 0.000e+00, Loss_ut_ics: 1.244e-05, Loss_norm: 1.578e-05, Loss_gauge: 0.000e+00, w_pde: 1.00e+00, L^2_error: 4.189e-03, lr: 1.000e-03, Time: 9.72e+03
INFO:src.utils.logger:Model state saved to results\box\DV\20260503-113031_seed0_bf_box_DV_circ19_e1500_8q_2l_seed2026\checkpoints\2026-05-03_11-30-32-332938_box_DV_seed\model.pth
INFO:src.utils.logger:Model weights saved to results\box\DV\20260503-113031_seed0_bf_box_DV_circ19_e1500_8q_2l_seed2026\checkpoints\2026-05-03_11-30-32-332938_box_DV_seed\model_weights.pth
INFO:src.utils.logger:It: 786, Loss: 4.994e-02, Loss_res: 4.692e-02,  Loss_bcs: 0.000e+00, Loss_ut_ics: 1.185e-05, Loss_norm: 1.197e-05, Loss_gauge: 0.000e+00, w_pde: 1.00e+00, L^2_error: 3.723e-03, lr: 1.000e-03, Time: 9.74e+03
INFO:src.utils.logger:Model state saved to results\box\DV\20260503-113031_seed0_bf_box_DV_circ19_e1500_8q_2l_seed2026\checkpoints\2026-05-03_11-30-32-332938_box_DV_seed\model.pth
INFO:src.utils.logger:Model weights saved to results\box\DV\20260503-113031_seed0_bf_box_DV_circ19_e1500_8q_2l_seed2026\checkpoints\2026-05-03_11-30-32-332938_box_DV_seed\model_weights.pth
INFO:src.utils.logger:It: 788, Loss: 4.382e-02, Loss_res: 4.074e-02,  Loss_bcs: 0.000e+00, Loss_ut_ics: 1.211e-05, Loss_norm: 1.043e-05, Loss_gauge: 0.000e+00, w_pde: 1.00e+00, L^2_error: 3.723e-03, lr: 1.000e-03, Time: 9.77e+03
INFO:src.utils.logger:Model state saved to results\box\DV\20260503-113031_seed0_bf_box_DV_circ19_e1500_8q_2l_seed2026\checkpoints\2026-05-03_11-30-32-332938_box_DV_seed\model.pth
INFO:src.utils.logger:Model weights saved to results\box\DV\20260503-113031_seed0_bf_box_DV_circ19_e1500_8q_2l_seed2026\checkpoints\2026-05-03_11-30-32-332938_box_DV_seed\model_weights.pth
INFO:src.utils.logger:It: 790, Loss: 4.938e-02, Loss_res: 4.623e-02,  Loss_bcs: 0.000e+00, Loss_ut_ics: 1.245e-05, Loss_norm: 8.397e-06, Loss_gauge: 0.000e+00, w_pde: 1.00e+00, L^2_error: 3.752e-03, lr: 1.000e-03, Time: 9.79e+03
INFO:src.utils.logger:Model state saved to results\box\DV\20260503-113031_seed0_bf_box_DV_circ19_e1500_8q_2l_seed2026\checkpoints\2026-05-03_11-30-32-332938_box_DV_seed\model.pth
INFO:src.utils.logger:Model weights saved to results\box\DV\20260503-113031_seed0_bf_box_DV_circ19_e1500_8q_2l_seed2026\checkpoints\2026-05-03_11-30-32-332938_box_DV_seed\model_weights.pth
INFO:src.utils.logger:It: 792, Loss: 4.603e-02, Loss_res: 4.261e-02,  Loss_bcs: 0.000e+00, Loss_ut_ics: 1.350e-05, Loss_norm: 8.225e-06, Loss_gauge: 0.000e+00, w_pde: 1.00e+00, L^2_error: 3.752e-03, lr: 1.000e-03, Time: 9.81e+03
INFO:src.utils.logger:Model state saved to results\box\DV\20260503-113031_seed0_bf_box_DV_circ19_e1500_8q_2l_seed2026\checkpoints\2026-05-03_11-30-32-332938_box_DV_seed\model.pth
INFO:src.utils.logger:Model weights saved to results\box\DV\20260503-113031_seed0_bf_box_DV_circ19_e1500_8q_2l_seed2026\checkpoints\2026-05-03_11-30-32-332938_box_DV_seed\model_weights.pth
INFO:src.utils.logger:It: 794, Loss: 4.410e-02, Loss_res: 4.062e-02,  Loss_bcs: 0.000e+00, Loss_ut_ics: 1.370e-05, Loss_norm: 1.146e-05, Loss_gauge: 0.000e+00, w_pde: 1.00e+00, L^2_error: 3.752e-03, lr: 1.000e-03, Time: 9.83e+03
INFO:src.utils.logger:Model state saved to results\box\DV\20260503-113031_seed0_bf_box_DV_circ19_e1500_8q_2l_seed2026\checkpoints\2026-05-03_11-30-32-332938_box_DV_seed\model.pth
INFO:src.utils.logger:Model weights saved to results\box\DV\20260503-113031_seed0_bf_box_DV_circ19_e1500_8q_2l_seed2026\checkpoints\2026-05-03_11-30-32-332938_box_DV_seed\model_weights.pth
INFO:src.utils.logger:It: 796, Loss: 4.873e-02, Loss_res: 4.568e-02,  Loss_bcs: 0.000e+00, Loss_ut_ics: 1.202e-05, Loss_norm: 8.488e-06, Loss_gauge: 0.000e+00, w_pde: 1.00e+00, L^2_error: 3.586e-03, lr: 1.000e-03, Time: 9.86e+03
INFO:src.utils.logger:Model state saved to results\box\DV\20260503-113031_seed0_bf_box_DV_circ19_e1500_8q_2l_seed2026\checkpoints\2026-05-03_11-30-32-332938_box_DV_seed\model.pth
INFO:src.utils.logger:Model weights saved to results\box\DV\20260503-113031_seed0_bf_box_DV_circ19_e1500_8q_2l_seed2026\checkpoints\2026-05-03_11-30-32-332938_box_DV_seed\model_weights.pth
INFO:src.utils.logger:It: 798, Loss: 4.409e-02, Loss_res: 4.084e-02,  Loss_bcs: 0.000e+00, Loss_ut_ics: 1.284e-05, Loss_norm: 7.276e-06, Loss_gauge: 0.000e+00, w_pde: 1.00e+00, L^2_error: 3.586e-03, lr: 1.000e-03, Time: 9.88e+03
INFO:src.utils.logger:Model state saved to results\box\DV\20260503-113031_seed0_bf_box_DV_circ19_e1500_8q_2l_seed2026\checkpoints\2026-05-03_11-30-32-332938_box_DV_seed\model.pth
INFO:src.utils.logger:Model weights saved to results\box\DV\20260503-113031_seed0_bf_box_DV_circ19_e1500_8q_2l_seed2026\checkpoints\2026-05-03_11-30-32-332938_box_DV_seed\model_weights.pth
INFO:src.utils.logger:It: 800, Loss: 3.926e-02, Loss_res: 3.611e-02,  Loss_bcs: 0.000e+00, Loss_ut_ics: 1.246e-05, Loss_norm: 7.151e-06, Loss_gauge: 0.000e+00, w_pde: 1.00e+00, L^2_error: 3.357e-03, lr: 1.000e-03, Time: 9.90e+03
INFO:src.utils.logger:Model state saved to results\box\DV\20260503-113031_seed0_bf_box_DV_circ19_e1500_8q_2l_seed2026\checkpoints\2026-05-03_11-30-32-332938_box_DV_seed\model.pth
INFO:src.utils.logger:Model weights saved to results\box\DV\20260503-113031_seed0_bf_box_DV_circ19_e1500_8q_2l_seed2026\checkpoints\2026-05-03_11-30-32-332938_box_DV_seed\model_weights.pth
INFO:src.utils.logger:It: 802, Loss: 4.599e-02, Loss_res: 4.292e-02,  Loss_bcs: 0.000e+00, Loss_ut_ics: 1.209e-05, Loss_norm: 8.748e-06, Loss_gauge: 0.000e+00, w_pde: 1.00e+00, L^2_error: 3.357e-03, lr: 1.000e-03, Time: 9.93e+03
INFO:src.utils.logger:Model state saved to results\box\DV\20260503-113031_seed0_bf_box_DV_circ19_e1500_8q_2l_seed2026\checkpoints\2026-05-03_11-30-32-332938_box_DV_seed\model.pth
INFO:src.utils.logger:Model weights saved to results\box\DV\20260503-113031_seed0_bf_box_DV_circ19_e1500_8q_2l_seed2026\checkpoints\2026-05-03_11-30-32-332938_box_DV_seed\model_weights.pth
INFO:src.utils.logger:It: 804, Loss: 3.703e-02, Loss_res: 3.404e-02,  Loss_bcs: 0.000e+00, Loss_ut_ics: 1.177e-05, Loss_norm: 9.798e-06, Loss_gauge: 0.000e+00, w_pde: 1.00e+00, L^2_error: 3.357e-03, lr: 1.000e-03, Time: 9.95e+03
INFO:src.utils.logger:Model state saved to results\box\DV\20260503-113031_seed0_bf_box_DV_circ19_e1500_8q_2l_seed2026\checkpoints\2026-05-03_11-30-32-332938_box_DV_seed\model.pth
INFO:src.utils.logger:Model weights saved to results\box\DV\20260503-113031_seed0_bf_box_DV_circ19_e1500_8q_2l_seed2026\checkpoints\2026-05-03_11-30-32-332938_box_DV_seed\model_weights.pth
INFO:src.utils.logger:It: 806, Loss: 4.600e-02, Loss_res: 4.348e-02,  Loss_bcs: 0.000e+00, Loss_ut_ics: 9.937e-06, Loss_norm: 7.096e-06, Loss_gauge: 0.000e+00, w_pde: 1.00e+00, L^2_error: 3.481e-03, lr: 1.000e-03, Time: 9.97e+03
INFO:src.utils.logger:Model state saved to results\box\DV\20260503-113031_seed0_bf_box_DV_circ19_e1500_8q_2l_seed2026\checkpoints\2026-05-03_11-30-32-332938_box_DV_seed\model.pth
INFO:src.utils.logger:Model weights saved to results\box\DV\20260503-113031_seed0_bf_box_DV_circ19_e1500_8q_2l_seed2026\checkpoints\2026-05-03_11-30-32-332938_box_DV_seed\model_weights.pth
INFO:src.utils.logger:It: 808, Loss: 4.075e-02, Loss_res: 3.805e-02,  Loss_bcs: 0.000e+00, Loss_ut_ics: 1.066e-05, Loss_norm: 6.896e-06, Loss_gauge: 0.000e+00, w_pde: 1.00e+00, L^2_error: 3.481e-03, lr: 1.000e-03, Time: 9.99e+03
INFO:src.utils.logger:Model state saved to results\box\DV\20260503-113031_seed0_bf_box_DV_circ19_e1500_8q_2l_seed2026\checkpoints\2026-05-03_11-30-32-332938_box_DV_seed\model.pth
INFO:src.utils.logger:Model weights saved to results\box\DV\20260503-113031_seed0_bf_box_DV_circ19_e1500_8q_2l_seed2026\checkpoints\2026-05-03_11-30-32-332938_box_DV_seed\model_weights.pth
INFO:src.utils.logger:It: 810, Loss: 4.187e-02, Loss_res: 3.893e-02,  Loss_bcs: 0.000e+00, Loss_ut_ics: 1.161e-05, Loss_norm: 6.034e-06, Loss_gauge: 0.000e+00, w_pde: 1.00e+00, L^2_error: 3.481e-03, lr: 1.000e-03, Time: 1.00e+04
INFO:src.utils.logger:Model state saved to results\box\DV\20260503-113031_seed0_bf_box_DV_circ19_e1500_8q_2l_seed2026\checkpoints\2026-05-03_11-30-32-332938_box_DV_seed\model.pth
INFO:src.utils.logger:Model weights saved to results\box\DV\20260503-113031_seed0_bf_box_DV_circ19_e1500_8q_2l_seed2026\checkpoints\2026-05-03_11-30-32-332938_box_DV_seed\model_weights.pth
INFO:src.utils.logger:It: 812, Loss: 4.014e-02, Loss_res: 3.710e-02,  Loss_bcs: 0.000e+00, Loss_ut_ics: 1.203e-05, Loss_norm: 6.311e-06, Loss_gauge: 0.000e+00, w_pde: 1.00e+00, L^2_error: 3.481e-03, lr: 1.000e-03, Time: 1.00e+04
INFO:src.utils.logger:Model state saved to results\box\DV\20260503-113031_seed0_bf_box_DV_circ19_e1500_8q_2l_seed2026\checkpoints\2026-05-03_11-30-32-332938_box_DV_seed\model.pth
INFO:src.utils.logger:Model weights saved to results\box\DV\20260503-113031_seed0_bf_box_DV_circ19_e1500_8q_2l_seed2026\checkpoints\2026-05-03_11-30-32-332938_box_DV_seed\model_weights.pth
INFO:src.utils.logger:It: 814, Loss: 3.613e-02, Loss_res: 3.319e-02,  Loss_bcs: 0.000e+00, Loss_ut_ics: 1.161e-05, Loss_norm: 6.895e-06, Loss_gauge: 0.000e+00, w_pde: 1.00e+00, L^2_error: 3.481e-03, lr: 1.000e-03, Time: 1.01e+04
INFO:src.utils.logger:Model state saved to results\box\DV\20260503-113031_seed0_bf_box_DV_circ19_e1500_8q_2l_seed2026\checkpoints\2026-05-03_11-30-32-332938_box_DV_seed\model.pth
INFO:src.utils.logger:Model weights saved to results\box\DV\20260503-113031_seed0_bf_box_DV_circ19_e1500_8q_2l_seed2026\checkpoints\2026-05-03_11-30-32-332938_box_DV_seed\model_weights.pth
INFO:src.utils.logger:It: 816, Loss: 4.136e-02, Loss_res: 3.871e-02,  Loss_bcs: 0.000e+00, Loss_ut_ics: 1.048e-05, Loss_norm: 6.403e-06, Loss_gauge: 0.000e+00, w_pde: 1.00e+00, L^2_error: 3.385e-03, lr: 1.000e-03, Time: 1.01e+04
INFO:src.utils.logger:Model state saved to results\box\DV\20260503-113031_seed0_bf_box_DV_circ19_e1500_8q_2l_seed2026\checkpoints\2026-05-03_11-30-32-332938_box_DV_seed\model.pth
INFO:src.utils.logger:Model weights saved to results\box\DV\20260503-113031_seed0_bf_box_DV_circ19_e1500_8q_2l_seed2026\checkpoints\2026-05-03_11-30-32-332938_box_DV_seed\model_weights.pth
INFO:src.utils.logger:It: 818, Loss: 4.259e-02, Loss_res: 3.984e-02,  Loss_bcs: 0.000e+00, Loss_ut_ics: 1.081e-05, Loss_norm: 8.859e-06, Loss_gauge: 0.000e+00, w_pde: 1.00e+00, L^2_error: 3.385e-03, lr: 1.000e-03, Time: 1.01e+04
INFO:src.utils.logger:Model state saved to results\box\DV\20260503-113031_seed0_bf_box_DV_circ19_e1500_8q_2l_seed2026\checkpoints\2026-05-03_11-30-32-332938_box_DV_seed\model.pth
INFO:src.utils.logger:Model weights saved to results\box\DV\20260503-113031_seed0_bf_box_DV_circ19_e1500_8q_2l_seed2026\checkpoints\2026-05-03_11-30-32-332938_box_DV_seed\model_weights.pth
INFO:src.utils.logger:It: 820, Loss: 4.474e-02, Loss_res: 4.199e-02,  Loss_bcs: 0.000e+00, Loss_ut_ics: 1.078e-05, Loss_norm: 9.593e-06, Loss_gauge: 0.000e+00, w_pde: 1.00e+00, L^2_error: 3.140e-03, lr: 1.000e-03, Time: 1.01e+04
INFO:src.utils.logger:Model state saved to results\box\DV\20260503-113031_seed0_bf_box_DV_circ19_e1500_8q_2l_seed2026\checkpoints\2026-05-03_11-30-32-332938_box_DV_seed\model.pth
INFO:src.utils.logger:Model weights saved to results\box\DV\20260503-113031_seed0_bf_box_DV_circ19_e1500_8q_2l_seed2026\checkpoints\2026-05-03_11-30-32-332938_box_DV_seed\model_weights.pth
INFO:src.utils.logger:It: 822, Loss: 4.137e-02, Loss_res: 3.841e-02,  Loss_bcs: 0.000e+00, Loss_ut_ics: 1.170e-05, Loss_norm: 6.728e-06, Loss_gauge: 0.000e+00, w_pde: 1.00e+00, L^2_error: 3.140e-03, lr: 1.000e-03, Time: 1.02e+04
INFO:src.utils.logger:Model state saved to results\box\DV\20260503-113031_seed0_bf_box_DV_circ19_e1500_8q_2l_seed2026\checkpoints\2026-05-03_11-30-32-332938_box_DV_seed\model.pth
INFO:src.utils.logger:Model weights saved to results\box\DV\20260503-113031_seed0_bf_box_DV_circ19_e1500_8q_2l_seed2026\checkpoints\2026-05-03_11-30-32-332938_box_DV_seed\model_weights.pth
INFO:src.utils.logger:It: 824, Loss: 4.383e-02, Loss_res: 4.067e-02,  Loss_bcs: 0.000e+00, Loss_ut_ics: 1.254e-05, Loss_norm: 5.632e-06, Loss_gauge: 0.000e+00, w_pde: 1.00e+00, L^2_error: 3.140e-03, lr: 1.000e-03, Time: 1.02e+04
INFO:src.utils.logger:Model state saved to results\box\DV\20260503-113031_seed0_bf_box_DV_circ19_e1500_8q_2l_seed2026\checkpoints\2026-05-03_11-30-32-332938_box_DV_seed\model.pth
INFO:src.utils.logger:Model weights saved to results\box\DV\20260503-113031_seed0_bf_box_DV_circ19_e1500_8q_2l_seed2026\checkpoints\2026-05-03_11-30-32-332938_box_DV_seed\model_weights.pth
INFO:src.utils.logger:It: 826, Loss: 3.922e-02, Loss_res: 3.643e-02,  Loss_bcs: 0.000e+00, Loss_ut_ics: 1.105e-05, Loss_norm: 5.086e-06, Loss_gauge: 0.000e+00, w_pde: 1.00e+00, L^2_error: 3.089e-03, lr: 1.000e-03, Time: 1.02e+04
INFO:src.utils.logger:Model state saved to results\box\DV\20260503-113031_seed0_bf_box_DV_circ19_e1500_8q_2l_seed2026\checkpoints\2026-05-03_11-30-32-332938_box_DV_seed\model.pth
INFO:src.utils.logger:Model weights saved to results\box\DV\20260503-113031_seed0_bf_box_DV_circ19_e1500_8q_2l_seed2026\checkpoints\2026-05-03_11-30-32-332938_box_DV_seed\model_weights.pth
INFO:src.utils.logger:It: 828, Loss: 4.338e-02, Loss_res: 4.057e-02,  Loss_bcs: 0.000e+00, Loss_ut_ics: 1.113e-05, Loss_norm: 5.461e-06, Loss_gauge: 0.000e+00, w_pde: 1.00e+00, L^2_error: 3.089e-03, lr: 1.000e-03, Time: 1.02e+04
INFO:src.utils.logger:Model state saved to results\box\DV\20260503-113031_seed0_bf_box_DV_circ19_e1500_8q_2l_seed2026\checkpoints\2026-05-03_11-30-32-332938_box_DV_seed\model.pth
INFO:src.utils.logger:Model weights saved to results\box\DV\20260503-113031_seed0_bf_box_DV_circ19_e1500_8q_2l_seed2026\checkpoints\2026-05-03_11-30-32-332938_box_DV_seed\model_weights.pth
INFO:src.utils.logger:It: 830, Loss: 4.305e-02, Loss_res: 4.013e-02,  Loss_bcs: 0.000e+00, Loss_ut_ics: 1.151e-05, Loss_norm: 8.288e-06, Loss_gauge: 0.000e+00, w_pde: 1.00e+00, L^2_error: 3.223e-03, lr: 1.000e-03, Time: 1.02e+04
INFO:src.utils.logger:Model state saved to results\box\DV\20260503-113031_seed0_bf_box_DV_circ19_e1500_8q_2l_seed2026\checkpoints\2026-05-03_11-30-32-332938_box_DV_seed\model.pth
INFO:src.utils.logger:Model weights saved to results\box\DV\20260503-113031_seed0_bf_box_DV_circ19_e1500_8q_2l_seed2026\checkpoints\2026-05-03_11-30-32-332938_box_DV_seed\model_weights.pth
INFO:src.utils.logger:It: 832, Loss: 3.578e-02, Loss_res: 3.301e-02,  Loss_bcs: 0.000e+00, Loss_ut_ics: 1.086e-05, Loss_norm: 1.018e-05, Loss_gauge: 0.000e+00, w_pde: 1.00e+00, L^2_error: 3.223e-03, lr: 1.000e-03, Time: 1.03e+04
INFO:src.utils.logger:Model state saved to results\box\DV\20260503-113031_seed0_bf_box_DV_circ19_e1500_8q_2l_seed2026\checkpoints\2026-05-03_11-30-32-332938_box_DV_seed\model.pth
INFO:src.utils.logger:Model weights saved to results\box\DV\20260503-113031_seed0_bf_box_DV_circ19_e1500_8q_2l_seed2026\checkpoints\2026-05-03_11-30-32-332938_box_DV_seed\model_weights.pth
INFO:src.utils.logger:It: 834, Loss: 3.824e-02, Loss_res: 3.571e-02,  Loss_bcs: 0.000e+00, Loss_ut_ics: 9.928e-06, Loss_norm: 7.971e-06, Loss_gauge: 0.000e+00, w_pde: 1.00e+00, L^2_error: 3.223e-03, lr: 1.000e-03, Time: 1.03e+04
INFO:src.utils.logger:Model state saved to results\box\DV\20260503-113031_seed0_bf_box_DV_circ19_e1500_8q_2l_seed2026\checkpoints\2026-05-03_11-30-32-332938_box_DV_seed\model.pth
INFO:src.utils.logger:Model weights saved to results\box\DV\20260503-113031_seed0_bf_box_DV_circ19_e1500_8q_2l_seed2026\checkpoints\2026-05-03_11-30-32-332938_box_DV_seed\model_weights.pth
INFO:src.utils.logger:It: 836, Loss: 3.805e-02, Loss_res: 3.552e-02,  Loss_bcs: 0.000e+00, Loss_ut_ics: 9.962e-06, Loss_norm: 7.572e-06, Loss_gauge: 0.000e+00, w_pde: 1.00e+00, L^2_error: 3.354e-03, lr: 1.000e-03, Time: 1.03e+04
INFO:src.utils.logger:Model state saved to results\box\DV\20260503-113031_seed0_bf_box_DV_circ19_e1500_8q_2l_seed2026\checkpoints\2026-05-03_11-30-32-332938_box_DV_seed\model.pth
INFO:src.utils.logger:Model weights saved to results\box\DV\20260503-113031_seed0_bf_box_DV_circ19_e1500_8q_2l_seed2026\checkpoints\2026-05-03_11-30-32-332938_box_DV_seed\model_weights.pth
INFO:src.utils.logger:It: 838, Loss: 3.831e-02, Loss_res: 3.582e-02,  Loss_bcs: 0.000e+00, Loss_ut_ics: 9.845e-06, Loss_norm: 6.562e-06, Loss_gauge: 0.000e+00, w_pde: 1.00e+00, L^2_error: 3.354e-03, lr: 1.000e-03, Time: 1.03e+04
INFO:src.utils.logger:Model state saved to results\box\DV\20260503-113031_seed0_bf_box_DV_circ19_e1500_8q_2l_seed2026\checkpoints\2026-05-03_11-30-32-332938_box_DV_seed\model.pth
INFO:src.utils.logger:Model weights saved to results\box\DV\20260503-113031_seed0_bf_box_DV_circ19_e1500_8q_2l_seed2026\checkpoints\2026-05-03_11-30-32-332938_box_DV_seed\model_weights.pth
INFO:src.utils.logger:It: 840, Loss: 3.489e-02, Loss_res: 3.186e-02,  Loss_bcs: 0.000e+00, Loss_ut_ics: 1.199e-05, Loss_norm: 7.399e-06, Loss_gauge: 0.000e+00, w_pde: 1.00e+00, L^2_error: 2.924e-03, lr: 1.000e-03, Time: 1.04e+04
INFO:src.utils.logger:Model state saved to results\box\DV\20260503-113031_seed0_bf_box_DV_circ19_e1500_8q_2l_seed2026\checkpoints\2026-05-03_11-30-32-332938_box_DV_seed\model.pth
INFO:src.utils.logger:Model weights saved to results\box\DV\20260503-113031_seed0_bf_box_DV_circ19_e1500_8q_2l_seed2026\checkpoints\2026-05-03_11-30-32-332938_box_DV_seed\model_weights.pth
INFO:src.utils.logger:It: 842, Loss: 4.165e-02, Loss_res: 3.876e-02,  Loss_bcs: 0.000e+00, Loss_ut_ics: 1.147e-05, Loss_norm: 5.145e-06, Loss_gauge: 0.000e+00, w_pde: 1.00e+00, L^2_error: 2.924e-03, lr: 1.000e-03, Time: 1.04e+04
INFO:src.utils.logger:Model state saved to results\box\DV\20260503-113031_seed0_bf_box_DV_circ19_e1500_8q_2l_seed2026\checkpoints\2026-05-03_11-30-32-332938_box_DV_seed\model.pth
INFO:src.utils.logger:Model weights saved to results\box\DV\20260503-113031_seed0_bf_box_DV_circ19_e1500_8q_2l_seed2026\checkpoints\2026-05-03_11-30-32-332938_box_DV_seed\model_weights.pth
INFO:src.utils.logger:It: 844, Loss: 3.033e-02, Loss_res: 2.770e-02,  Loss_bcs: 0.000e+00, Loss_ut_ics: 1.045e-05, Loss_norm: 4.259e-06, Loss_gauge: 0.000e+00, w_pde: 1.00e+00, L^2_error: 2.924e-03, lr: 1.000e-03, Time: 1.04e+04
INFO:src.utils.logger:Model state saved to results\box\DV\20260503-113031_seed0_bf_box_DV_circ19_e1500_8q_2l_seed2026\checkpoints\2026-05-03_11-30-32-332938_box_DV_seed\model.pth
INFO:src.utils.logger:Model weights saved to results\box\DV\20260503-113031_seed0_bf_box_DV_circ19_e1500_8q_2l_seed2026\checkpoints\2026-05-03_11-30-32-332938_box_DV_seed\model_weights.pth
INFO:src.utils.logger:It: 846, Loss: 3.630e-02, Loss_res: 3.375e-02,  Loss_bcs: 0.000e+00, Loss_ut_ics: 1.013e-05, Loss_norm: 4.179e-06, Loss_gauge: 0.000e+00, w_pde: 1.00e+00, L^2_error: 2.898e-03, lr: 1.000e-03, Time: 1.04e+04
INFO:src.utils.logger:Model state saved to results\box\DV\20260503-113031_seed0_bf_box_DV_circ19_e1500_8q_2l_seed2026\checkpoints\2026-05-03_11-30-32-332938_box_DV_seed\model.pth
INFO:src.utils.logger:Model weights saved to results\box\DV\20260503-113031_seed0_bf_box_DV_circ19_e1500_8q_2l_seed2026\checkpoints\2026-05-03_11-30-32-332938_box_DV_seed\model_weights.pth
INFO:src.utils.logger:It: 848, Loss: 3.363e-02, Loss_res: 3.128e-02,  Loss_bcs: 0.000e+00, Loss_ut_ics: 9.324e-06, Loss_norm: 4.359e-06, Loss_gauge: 0.000e+00, w_pde: 1.00e+00, L^2_error: 2.898e-03, lr: 1.000e-03, Time: 1.05e+04
INFO:src.utils.logger:Model state saved to results\box\DV\20260503-113031_seed0_bf_box_DV_circ19_e1500_8q_2l_seed2026\checkpoints\2026-05-03_11-30-32-332938_box_DV_seed\model.pth
INFO:src.utils.logger:Model weights saved to results\box\DV\20260503-113031_seed0_bf_box_DV_circ19_e1500_8q_2l_seed2026\checkpoints\2026-05-03_11-30-32-332938_box_DV_seed\model_weights.pth
INFO:src.utils.logger:It: 850, Loss: 3.931e-02, Loss_res: 3.678e-02,  Loss_bcs: 0.000e+00, Loss_ut_ics: 1.003e-05, Loss_norm: 5.807e-06, Loss_gauge: 0.000e+00, w_pde: 1.00e+00, L^2_error: 2.854e-03, lr: 1.000e-03, Time: 1.05e+04
INFO:src.utils.logger:Model state saved to results\box\DV\20260503-113031_seed0_bf_box_DV_circ19_e1500_8q_2l_seed2026\checkpoints\2026-05-03_11-30-32-332938_box_DV_seed\model.pth
INFO:src.utils.logger:Model weights saved to results\box\DV\20260503-113031_seed0_bf_box_DV_circ19_e1500_8q_2l_seed2026\checkpoints\2026-05-03_11-30-32-332938_box_DV_seed\model_weights.pth
INFO:src.utils.logger:It: 852, Loss: 3.777e-02, Loss_res: 3.524e-02,  Loss_bcs: 0.000e+00, Loss_ut_ics: 1.001e-05, Loss_norm: 4.749e-06, Loss_gauge: 0.000e+00, w_pde: 1.00e+00, L^2_error: 2.854e-03, lr: 1.000e-03, Time: 1.05e+04
INFO:src.utils.logger:Model state saved to results\box\DV\20260503-113031_seed0_bf_box_DV_circ19_e1500_8q_2l_seed2026\checkpoints\2026-05-03_11-30-32-332938_box_DV_seed\model.pth
INFO:src.utils.logger:Model weights saved to results\box\DV\20260503-113031_seed0_bf_box_DV_circ19_e1500_8q_2l_seed2026\checkpoints\2026-05-03_11-30-32-332938_box_DV_seed\model_weights.pth
INFO:src.utils.logger:It: 854, Loss: 3.330e-02, Loss_res: 3.094e-02,  Loss_bcs: 0.000e+00, Loss_ut_ics: 9.404e-06, Loss_norm: 2.521e-06, Loss_gauge: 0.000e+00, w_pde: 1.00e+00, L^2_error: 2.854e-03, lr: 1.000e-03, Time: 1.05e+04
INFO:src.utils.logger:Model state saved to results\box\DV\20260503-113031_seed0_bf_box_DV_circ19_e1500_8q_2l_seed2026\checkpoints\2026-05-03_11-30-32-332938_box_DV_seed\model.pth
INFO:src.utils.logger:Model weights saved to results\box\DV\20260503-113031_seed0_bf_box_DV_circ19_e1500_8q_2l_seed2026\checkpoints\2026-05-03_11-30-32-332938_box_DV_seed\model_weights.pth
INFO:src.utils.logger:It: 856, Loss: 3.913e-02, Loss_res: 3.667e-02,  Loss_bcs: 0.000e+00, Loss_ut_ics: 9.790e-06, Loss_norm: 1.994e-06, Loss_gauge: 0.000e+00, w_pde: 1.00e+00, L^2_error: 3.161e-03, lr: 1.000e-03, Time: 1.05e+04
INFO:src.utils.logger:Model state saved to results\box\DV\20260503-113031_seed0_bf_box_DV_circ19_e1500_8q_2l_seed2026\checkpoints\2026-05-03_11-30-32-332938_box_DV_seed\model.pth
INFO:src.utils.logger:Model weights saved to results\box\DV\20260503-113031_seed0_bf_box_DV_circ19_e1500_8q_2l_seed2026\checkpoints\2026-05-03_11-30-32-332938_box_DV_seed\model_weights.pth
INFO:src.utils.logger:It: 858, Loss: 4.013e-02, Loss_res: 3.746e-02,  Loss_bcs: 0.000e+00, Loss_ut_ics: 1.061e-05, Loss_norm: 3.024e-06, Loss_gauge: 0.000e+00, w_pde: 1.00e+00, L^2_error: 3.161e-03, lr: 1.000e-03, Time: 1.06e+04
INFO:src.utils.logger:Model state saved to results\box\DV\20260503-113031_seed0_bf_box_DV_circ19_e1500_8q_2l_seed2026\checkpoints\2026-05-03_11-30-32-332938_box_DV_seed\model.pth
INFO:src.utils.logger:Model weights saved to results\box\DV\20260503-113031_seed0_bf_box_DV_circ19_e1500_8q_2l_seed2026\checkpoints\2026-05-03_11-30-32-332938_box_DV_seed\model_weights.pth
INFO:src.utils.logger:It: 860, Loss: 3.356e-02, Loss_res: 3.069e-02,  Loss_bcs: 0.000e+00, Loss_ut_ics: 1.138e-05, Loss_norm: 4.638e-06, Loss_gauge: 0.000e+00, w_pde: 1.00e+00, L^2_error: 2.691e-03, lr: 1.000e-03, Time: 1.06e+04
INFO:src.utils.logger:Model state saved to results\box\DV\20260503-113031_seed0_bf_box_DV_circ19_e1500_8q_2l_seed2026\checkpoints\2026-05-03_11-30-32-332938_box_DV_seed\model.pth
INFO:src.utils.logger:Model weights saved to results\box\DV\20260503-113031_seed0_bf_box_DV_circ19_e1500_8q_2l_seed2026\checkpoints\2026-05-03_11-30-32-332938_box_DV_seed\model_weights.pth
INFO:src.utils.logger:It: 862, Loss: 3.308e-02, Loss_res: 3.032e-02,  Loss_bcs: 0.000e+00, Loss_ut_ics: 1.091e-05, Loss_norm: 5.296e-06, Loss_gauge: 0.000e+00, w_pde: 1.00e+00, L^2_error: 2.691e-03, lr: 1.000e-03, Time: 1.06e+04
INFO:src.utils.logger:Model state saved to results\box\DV\20260503-113031_seed0_bf_box_DV_circ19_e1500_8q_2l_seed2026\checkpoints\2026-05-03_11-30-32-332938_box_DV_seed\model.pth
INFO:src.utils.logger:Model weights saved to results\box\DV\20260503-113031_seed0_bf_box_DV_circ19_e1500_8q_2l_seed2026\checkpoints\2026-05-03_11-30-32-332938_box_DV_seed\model_weights.pth
INFO:src.utils.logger:It: 864, Loss: 3.297e-02, Loss_res: 3.046e-02,  Loss_bcs: 0.000e+00, Loss_ut_ics: 9.956e-06, Loss_norm: 3.627e-06, Loss_gauge: 0.000e+00, w_pde: 1.00e+00, L^2_error: 2.691e-03, lr: 1.000e-03, Time: 1.06e+04
INFO:src.utils.logger:Model state saved to results\box\DV\20260503-113031_seed0_bf_box_DV_circ19_e1500_8q_2l_seed2026\checkpoints\2026-05-03_11-30-32-332938_box_DV_seed\model.pth
INFO:src.utils.logger:Model weights saved to results\box\DV\20260503-113031_seed0_bf_box_DV_circ19_e1500_8q_2l_seed2026\checkpoints\2026-05-03_11-30-32-332938_box_DV_seed\model_weights.pth
INFO:src.utils.logger:It: 866, Loss: 3.401e-02, Loss_res: 3.151e-02,  Loss_bcs: 0.000e+00, Loss_ut_ics: 9.914e-06, Loss_norm: 2.759e-06, Loss_gauge: 0.000e+00, w_pde: 1.00e+00, L^2_error: 2.892e-03, lr: 1.000e-03, Time: 1.07e+04
INFO:src.utils.logger:Model state saved to results\box\DV\20260503-113031_seed0_bf_box_DV_circ19_e1500_8q_2l_seed2026\checkpoints\2026-05-03_11-30-32-332938_box_DV_seed\model.pth
INFO:src.utils.logger:Model weights saved to results\box\DV\20260503-113031_seed0_bf_box_DV_circ19_e1500_8q_2l_seed2026\checkpoints\2026-05-03_11-30-32-332938_box_DV_seed\model_weights.pth
INFO:src.utils.logger:It: 868, Loss: 3.997e-02, Loss_res: 3.741e-02,  Loss_bcs: 0.000e+00, Loss_ut_ics: 1.016e-05, Loss_norm: 3.311e-06, Loss_gauge: 0.000e+00, w_pde: 1.00e+00, L^2_error: 2.892e-03, lr: 1.000e-03, Time: 1.07e+04
INFO:src.utils.logger:Model state saved to results\box\DV\20260503-113031_seed0_bf_box_DV_circ19_e1500_8q_2l_seed2026\checkpoints\2026-05-03_11-30-32-332938_box_DV_seed\model.pth
INFO:src.utils.logger:Model weights saved to results\box\DV\20260503-113031_seed0_bf_box_DV_circ19_e1500_8q_2l_seed2026\checkpoints\2026-05-03_11-30-32-332938_box_DV_seed\model_weights.pth
INFO:src.utils.logger:It: 870, Loss: 3.514e-02, Loss_res: 3.253e-02,  Loss_bcs: 0.000e+00, Loss_ut_ics: 1.032e-05, Loss_norm: 5.870e-06, Loss_gauge: 0.000e+00, w_pde: 1.00e+00, L^2_error: 2.916e-03, lr: 1.000e-03, Time: 1.07e+04
INFO:src.utils.logger:Model state saved to results\box\DV\20260503-113031_seed0_bf_box_DV_circ19_e1500_8q_2l_seed2026\checkpoints\2026-05-03_11-30-32-332938_box_DV_seed\model.pth
INFO:src.utils.logger:Model weights saved to results\box\DV\20260503-113031_seed0_bf_box_DV_circ19_e1500_8q_2l_seed2026\checkpoints\2026-05-03_11-30-32-332938_box_DV_seed\model_weights.pth
INFO:src.utils.logger:It: 872, Loss: 3.466e-02, Loss_res: 3.229e-02,  Loss_bcs: 0.000e+00, Loss_ut_ics: 9.414e-06, Loss_norm: 3.354e-06, Loss_gauge: 0.000e+00, w_pde: 1.00e+00, L^2_error: 2.916e-03, lr: 1.000e-03, Time: 1.07e+04
INFO:src.utils.logger:Model state saved to results\box\DV\20260503-113031_seed0_bf_box_DV_circ19_e1500_8q_2l_seed2026\checkpoints\2026-05-03_11-30-32-332938_box_DV_seed\model.pth
INFO:src.utils.logger:Model weights saved to results\box\DV\20260503-113031_seed0_bf_box_DV_circ19_e1500_8q_2l_seed2026\checkpoints\2026-05-03_11-30-32-332938_box_DV_seed\model_weights.pth
INFO:src.utils.logger:It: 874, Loss: 3.499e-02, Loss_res: 3.257e-02,  Loss_bcs: 0.000e+00, Loss_ut_ics: 9.604e-06, Loss_norm: 2.774e-06, Loss_gauge: 0.000e+00, w_pde: 1.00e+00, L^2_error: 2.916e-03, lr: 1.000e-03, Time: 1.07e+04
INFO:src.utils.logger:Model state saved to results\box\DV\20260503-113031_seed0_bf_box_DV_circ19_e1500_8q_2l_seed2026\checkpoints\2026-05-03_11-30-32-332938_box_DV_seed\model.pth
INFO:src.utils.logger:Model weights saved to results\box\DV\20260503-113031_seed0_bf_box_DV_circ19_e1500_8q_2l_seed2026\checkpoints\2026-05-03_11-30-32-332938_box_DV_seed\model_weights.pth
INFO:src.utils.logger:It: 876, Loss: 3.006e-02, Loss_res: 2.776e-02,  Loss_bcs: 0.000e+00, Loss_ut_ics: 9.156e-06, Loss_norm: 2.999e-06, Loss_gauge: 0.000e+00, w_pde: 1.00e+00, L^2_error: 2.808e-03, lr: 1.000e-03, Time: 1.08e+04
INFO:src.utils.logger:Model state saved to results\box\DV\20260503-113031_seed0_bf_box_DV_circ19_e1500_8q_2l_seed2026\checkpoints\2026-05-03_11-30-32-332938_box_DV_seed\model.pth
INFO:src.utils.logger:Model weights saved to results\box\DV\20260503-113031_seed0_bf_box_DV_circ19_e1500_8q_2l_seed2026\checkpoints\2026-05-03_11-30-32-332938_box_DV_seed\model_weights.pth
INFO:src.utils.logger:It: 878, Loss: 2.764e-02, Loss_res: 2.515e-02,  Loss_bcs: 0.000e+00, Loss_ut_ics: 9.916e-06, Loss_norm: 3.486e-06, Loss_gauge: 0.000e+00, w_pde: 1.00e+00, L^2_error: 2.808e-03, lr: 1.000e-03, Time: 1.08e+04
INFO:src.utils.logger:Model state saved to results\box\DV\20260503-113031_seed0_bf_box_DV_circ19_e1500_8q_2l_seed2026\checkpoints\2026-05-03_11-30-32-332938_box_DV_seed\model.pth
INFO:src.utils.logger:Model weights saved to results\box\DV\20260503-113031_seed0_bf_box_DV_circ19_e1500_8q_2l_seed2026\checkpoints\2026-05-03_11-30-32-332938_box_DV_seed\model_weights.pth
INFO:src.utils.logger:It: 880, Loss: 3.903e-02, Loss_res: 3.657e-02,  Loss_bcs: 0.000e+00, Loss_ut_ics: 9.826e-06, Loss_norm: 1.878e-06, Loss_gauge: 0.000e+00, w_pde: 1.00e+00, L^2_error: 2.782e-03, lr: 1.000e-03, Time: 1.08e+04
INFO:src.utils.logger:Model state saved to results\box\DV\20260503-113031_seed0_bf_box_DV_circ19_e1500_8q_2l_seed2026\checkpoints\2026-05-03_11-30-32-332938_box_DV_seed\model.pth
INFO:src.utils.logger:Model weights saved to results\box\DV\20260503-113031_seed0_bf_box_DV_circ19_e1500_8q_2l_seed2026\checkpoints\2026-05-03_11-30-32-332938_box_DV_seed\model_weights.pth
INFO:src.utils.logger:It: 882, Loss: 3.147e-02, Loss_res: 2.901e-02,  Loss_bcs: 0.000e+00, Loss_ut_ics: 9.810e-06, Loss_norm: 2.192e-06, Loss_gauge: 0.000e+00, w_pde: 1.00e+00, L^2_error: 2.782e-03, lr: 1.000e-03, Time: 1.08e+04
INFO:src.utils.logger:Model state saved to results\box\DV\20260503-113031_seed0_bf_box_DV_circ19_e1500_8q_2l_seed2026\checkpoints\2026-05-03_11-30-32-332938_box_DV_seed\model.pth
INFO:src.utils.logger:Model weights saved to results\box\DV\20260503-113031_seed0_bf_box_DV_circ19_e1500_8q_2l_seed2026\checkpoints\2026-05-03_11-30-32-332938_box_DV_seed\model_weights.pth
INFO:src.utils.logger:It: 884, Loss: 3.176e-02, Loss_res: 2.948e-02,  Loss_bcs: 0.000e+00, Loss_ut_ics: 9.084e-06, Loss_norm: 1.214e-06, Loss_gauge: 0.000e+00, w_pde: 1.00e+00, L^2_error: 2.782e-03, lr: 1.000e-03, Time: 1.09e+04
INFO:src.utils.logger:Model state saved to results\box\DV\20260503-113031_seed0_bf_box_DV_circ19_e1500_8q_2l_seed2026\checkpoints\2026-05-03_11-30-32-332938_box_DV_seed\model.pth
INFO:src.utils.logger:Model weights saved to results\box\DV\20260503-113031_seed0_bf_box_DV_circ19_e1500_8q_2l_seed2026\checkpoints\2026-05-03_11-30-32-332938_box_DV_seed\model_weights.pth
INFO:src.utils.logger:It: 886, Loss: 3.713e-02, Loss_res: 3.483e-02,  Loss_bcs: 0.000e+00, Loss_ut_ics: 9.163e-06, Loss_norm: 1.518e-06, Loss_gauge: 0.000e+00, w_pde: 1.00e+00, L^2_error: 3.051e-03, lr: 1.000e-03, Time: 1.09e+04
INFO:src.utils.logger:Model state saved to results\box\DV\20260503-113031_seed0_bf_box_DV_circ19_e1500_8q_2l_seed2026\checkpoints\2026-05-03_11-30-32-332938_box_DV_seed\model.pth
INFO:src.utils.logger:Model weights saved to results\box\DV\20260503-113031_seed0_bf_box_DV_circ19_e1500_8q_2l_seed2026\checkpoints\2026-05-03_11-30-32-332938_box_DV_seed\model_weights.pth
INFO:src.utils.logger:It: 888, Loss: 3.263e-02, Loss_res: 3.044e-02,  Loss_bcs: 0.000e+00, Loss_ut_ics: 8.746e-06, Loss_norm: 1.586e-06, Loss_gauge: 0.000e+00, w_pde: 1.00e+00, L^2_error: 3.051e-03, lr: 1.000e-03, Time: 1.09e+04
INFO:src.utils.logger:Model state saved to results\box\DV\20260503-113031_seed0_bf_box_DV_circ19_e1500_8q_2l_seed2026\checkpoints\2026-05-03_11-30-32-332938_box_DV_seed\model.pth
INFO:src.utils.logger:Model weights saved to results\box\DV\20260503-113031_seed0_bf_box_DV_circ19_e1500_8q_2l_seed2026\checkpoints\2026-05-03_11-30-32-332938_box_DV_seed\model_weights.pth
INFO:src.utils.logger:It: 890, Loss: 2.815e-02, Loss_res: 2.583e-02,  Loss_bcs: 0.000e+00, Loss_ut_ics: 9.250e-06, Loss_norm: 7.962e-07, Loss_gauge: 0.000e+00, w_pde: 1.00e+00, L^2_error: 2.909e-03, lr: 1.000e-03, Time: 1.09e+04
INFO:src.utils.logger:Model state saved to results\box\DV\20260503-113031_seed0_bf_box_DV_circ19_e1500_8q_2l_seed2026\checkpoints\2026-05-03_11-30-32-332938_box_DV_seed\model.pth
INFO:src.utils.logger:Model weights saved to results\box\DV\20260503-113031_seed0_bf_box_DV_circ19_e1500_8q_2l_seed2026\checkpoints\2026-05-03_11-30-32-332938_box_DV_seed\model_weights.pth
INFO:src.utils.logger:It: 892, Loss: 3.427e-02, Loss_res: 3.167e-02,  Loss_bcs: 0.000e+00, Loss_ut_ics: 1.035e-05, Loss_norm: 2.280e-06, Loss_gauge: 0.000e+00, w_pde: 1.00e+00, L^2_error: 2.909e-03, lr: 1.000e-03, Time: 1.10e+04
INFO:src.utils.logger:Model state saved to results\box\DV\20260503-113031_seed0_bf_box_DV_circ19_e1500_8q_2l_seed2026\checkpoints\2026-05-03_11-30-32-332938_box_DV_seed\model.pth
INFO:src.utils.logger:Model weights saved to results\box\DV\20260503-113031_seed0_bf_box_DV_circ19_e1500_8q_2l_seed2026\checkpoints\2026-05-03_11-30-32-332938_box_DV_seed\model_weights.pth
INFO:src.utils.logger:It: 894, Loss: 3.206e-02, Loss_res: 2.989e-02,  Loss_bcs: 0.000e+00, Loss_ut_ics: 8.596e-06, Loss_norm: 3.537e-06, Loss_gauge: 0.000e+00, w_pde: 1.00e+00, L^2_error: 2.909e-03, lr: 1.000e-03, Time: 1.10e+04
INFO:src.utils.logger:Model state saved to results\box\DV\20260503-113031_seed0_bf_box_DV_circ19_e1500_8q_2l_seed2026\checkpoints\2026-05-03_11-30-32-332938_box_DV_seed\model.pth
INFO:src.utils.logger:Model weights saved to results\box\DV\20260503-113031_seed0_bf_box_DV_circ19_e1500_8q_2l_seed2026\checkpoints\2026-05-03_11-30-32-332938_box_DV_seed\model_weights.pth
INFO:src.utils.logger:It: 896, Loss: 3.208e-02, Loss_res: 3.004e-02,  Loss_bcs: 0.000e+00, Loss_ut_ics: 8.067e-06, Loss_norm: 5.897e-06, Loss_gauge: 0.000e+00, w_pde: 1.00e+00, L^2_error: 2.790e-03, lr: 1.000e-03, Time: 1.10e+04
INFO:src.utils.logger:Model state saved to results\box\DV\20260503-113031_seed0_bf_box_DV_circ19_e1500_8q_2l_seed2026\checkpoints\2026-05-03_11-30-32-332938_box_DV_seed\model.pth
INFO:src.utils.logger:Model weights saved to results\box\DV\20260503-113031_seed0_bf_box_DV_circ19_e1500_8q_2l_seed2026\checkpoints\2026-05-03_11-30-32-332938_box_DV_seed\model_weights.pth
INFO:src.utils.logger:It: 898, Loss: 3.139e-02, Loss_res: 2.944e-02,  Loss_bcs: 0.000e+00, Loss_ut_ics: 7.722e-06, Loss_norm: 3.595e-06, Loss_gauge: 0.000e+00, w_pde: 1.00e+00, L^2_error: 2.790e-03, lr: 1.000e-03, Time: 1.10e+04
INFO:src.utils.logger:Model state saved to results\box\DV\20260503-113031_seed0_bf_box_DV_circ19_e1500_8q_2l_seed2026\checkpoints\2026-05-03_11-30-32-332938_box_DV_seed\model.pth
INFO:src.utils.logger:Model weights saved to results\box\DV\20260503-113031_seed0_bf_box_DV_circ19_e1500_8q_2l_seed2026\checkpoints\2026-05-03_11-30-32-332938_box_DV_seed\model_weights.pth
INFO:src.utils.logger:It: 900, Loss: 2.861e-02, Loss_res: 2.648e-02,  Loss_bcs: 0.000e+00, Loss_ut_ics: 8.471e-06, Loss_norm: 1.112e-06, Loss_gauge: 0.000e+00, w_pde: 1.00e+00, L^2_error: 3.063e-03, lr: 1.000e-03, Time: 1.11e+04
INFO:src.utils.logger:Model state saved to results\box\DV\20260503-113031_seed0_bf_box_DV_circ19_e1500_8q_2l_seed2026\checkpoints\2026-05-03_11-30-32-332938_box_DV_seed\model.pth
INFO:src.utils.logger:Model weights saved to results\box\DV\20260503-113031_seed0_bf_box_DV_circ19_e1500_8q_2l_seed2026\checkpoints\2026-05-03_11-30-32-332938_box_DV_seed\model_weights.pth
INFO:src.utils.logger:It: 902, Loss: 2.732e-02, Loss_res: 2.506e-02,  Loss_bcs: 0.000e+00, Loss_ut_ics: 9.042e-06, Loss_norm: 4.449e-07, Loss_gauge: 0.000e+00, w_pde: 1.00e+00, L^2_error: 3.063e-03, lr: 1.000e-03, Time: 1.11e+04
INFO:src.utils.logger:Model state saved to results\box\DV\20260503-113031_seed0_bf_box_DV_circ19_e1500_8q_2l_seed2026\checkpoints\2026-05-03_11-30-32-332938_box_DV_seed\model.pth
INFO:src.utils.logger:Model weights saved to results\box\DV\20260503-113031_seed0_bf_box_DV_circ19_e1500_8q_2l_seed2026\checkpoints\2026-05-03_11-30-32-332938_box_DV_seed\model_weights.pth
INFO:src.utils.logger:It: 904, Loss: 3.122e-02, Loss_res: 2.896e-02,  Loss_bcs: 0.000e+00, Loss_ut_ics: 9.042e-06, Loss_norm: 5.821e-07, Loss_gauge: 0.000e+00, w_pde: 1.00e+00, L^2_error: 3.063e-03, lr: 1.000e-03, Time: 1.11e+04
INFO:src.utils.logger:Model state saved to results\box\DV\20260503-113031_seed0_bf_box_DV_circ19_e1500_8q_2l_seed2026\checkpoints\2026-05-03_11-30-32-332938_box_DV_seed\model.pth
INFO:src.utils.logger:Model weights saved to results\box\DV\20260503-113031_seed0_bf_box_DV_circ19_e1500_8q_2l_seed2026\checkpoints\2026-05-03_11-30-32-332938_box_DV_seed\model_weights.pth
INFO:src.utils.logger:It: 906, Loss: 3.095e-02, Loss_res: 2.845e-02,  Loss_bcs: 0.000e+00, Loss_ut_ics: 9.932e-06, Loss_norm: 2.689e-06, Loss_gauge: 0.000e+00, w_pde: 1.00e+00, L^2_error: 2.626e-03, lr: 1.000e-03, Time: 1.11e+04
INFO:src.utils.logger:Model state saved to results\box\DV\20260503-113031_seed0_bf_box_DV_circ19_e1500_8q_2l_seed2026\checkpoints\2026-05-03_11-30-32-332938_box_DV_seed\model.pth
INFO:src.utils.logger:Model weights saved to results\box\DV\20260503-113031_seed0_bf_box_DV_circ19_e1500_8q_2l_seed2026\checkpoints\2026-05-03_11-30-32-332938_box_DV_seed\model_weights.pth
INFO:src.utils.logger:It: 908, Loss: 3.320e-02, Loss_res: 3.080e-02,  Loss_bcs: 0.000e+00, Loss_ut_ics: 9.549e-06, Loss_norm: 3.475e-06, Loss_gauge: 0.000e+00, w_pde: 1.00e+00, L^2_error: 2.626e-03, lr: 1.000e-03, Time: 1.12e+04
INFO:src.utils.logger:Model state saved to results\box\DV\20260503-113031_seed0_bf_box_DV_circ19_e1500_8q_2l_seed2026\checkpoints\2026-05-03_11-30-32-332938_box_DV_seed\model.pth
INFO:src.utils.logger:Model weights saved to results\box\DV\20260503-113031_seed0_bf_box_DV_circ19_e1500_8q_2l_seed2026\checkpoints\2026-05-03_11-30-32-332938_box_DV_seed\model_weights.pth
INFO:src.utils.logger:It: 910, Loss: 3.243e-02, Loss_res: 3.025e-02,  Loss_bcs: 0.000e+00, Loss_ut_ics: 8.663e-06, Loss_norm: 3.055e-06, Loss_gauge: 0.000e+00, w_pde: 1.00e+00, L^2_error: 2.575e-03, lr: 1.000e-03, Time: 1.12e+04
INFO:src.utils.logger:Model state saved to results\box\DV\20260503-113031_seed0_bf_box_DV_circ19_e1500_8q_2l_seed2026\checkpoints\2026-05-03_11-30-32-332938_box_DV_seed\model.pth
INFO:src.utils.logger:Model weights saved to results\box\DV\20260503-113031_seed0_bf_box_DV_circ19_e1500_8q_2l_seed2026\checkpoints\2026-05-03_11-30-32-332938_box_DV_seed\model_weights.pth
INFO:src.utils.logger:It: 912, Loss: 2.849e-02, Loss_res: 2.656e-02,  Loss_bcs: 0.000e+00, Loss_ut_ics: 7.659e-06, Loss_norm: 2.182e-06, Loss_gauge: 0.000e+00, w_pde: 1.00e+00, L^2_error: 2.575e-03, lr: 1.000e-03, Time: 1.12e+04
INFO:src.utils.logger:Model state saved to results\box\DV\20260503-113031_seed0_bf_box_DV_circ19_e1500_8q_2l_seed2026\checkpoints\2026-05-03_11-30-32-332938_box_DV_seed\model.pth
INFO:src.utils.logger:Model weights saved to results\box\DV\20260503-113031_seed0_bf_box_DV_circ19_e1500_8q_2l_seed2026\checkpoints\2026-05-03_11-30-32-332938_box_DV_seed\model_weights.pth
INFO:src.utils.logger:It: 914, Loss: 3.385e-02, Loss_res: 3.199e-02,  Loss_bcs: 0.000e+00, Loss_ut_ics: 7.418e-06, Loss_norm: 2.206e-06, Loss_gauge: 0.000e+00, w_pde: 1.00e+00, L^2_error: 2.575e-03, lr: 1.000e-03, Time: 1.13e+04
INFO:src.utils.logger:Model state saved to results\box\DV\20260503-113031_seed0_bf_box_DV_circ19_e1500_8q_2l_seed2026\checkpoints\2026-05-03_11-30-32-332938_box_DV_seed\model.pth
INFO:src.utils.logger:Model weights saved to results\box\DV\20260503-113031_seed0_bf_box_DV_circ19_e1500_8q_2l_seed2026\checkpoints\2026-05-03_11-30-32-332938_box_DV_seed\model_weights.pth
INFO:src.utils.logger:It: 916, Loss: 3.331e-02, Loss_res: 3.130e-02,  Loss_bcs: 0.000e+00, Loss_ut_ics: 7.995e-06, Loss_norm: 3.278e-06, Loss_gauge: 0.000e+00, w_pde: 1.00e+00, L^2_error: 2.666e-03, lr: 1.000e-03, Time: 1.13e+04
INFO:src.utils.logger:Model state saved to results\box\DV\20260503-113031_seed0_bf_box_DV_circ19_e1500_8q_2l_seed2026\checkpoints\2026-05-03_11-30-32-332938_box_DV_seed\model.pth
INFO:src.utils.logger:Model weights saved to results\box\DV\20260503-113031_seed0_bf_box_DV_circ19_e1500_8q_2l_seed2026\checkpoints\2026-05-03_11-30-32-332938_box_DV_seed\model_weights.pth
INFO:src.utils.logger:It: 918, Loss: 2.818e-02, Loss_res: 2.592e-02,  Loss_bcs: 0.000e+00, Loss_ut_ics: 9.016e-06, Loss_norm: 2.166e-06, Loss_gauge: 0.000e+00, w_pde: 1.00e+00, L^2_error: 2.666e-03, lr: 1.000e-03, Time: 1.13e+04
INFO:src.utils.logger:Model state saved to results\box\DV\20260503-113031_seed0_bf_box_DV_circ19_e1500_8q_2l_seed2026\checkpoints\2026-05-03_11-30-32-332938_box_DV_seed\model.pth
INFO:src.utils.logger:Model weights saved to results\box\DV\20260503-113031_seed0_bf_box_DV_circ19_e1500_8q_2l_seed2026\checkpoints\2026-05-03_11-30-32-332938_box_DV_seed\model_weights.pth
INFO:src.utils.logger:It: 920, Loss: 2.936e-02, Loss_res: 2.706e-02,  Loss_bcs: 0.000e+00, Loss_ut_ics: 9.166e-06, Loss_norm: 8.891e-07, Loss_gauge: 0.000e+00, w_pde: 1.00e+00, L^2_error: 2.958e-03, lr: 1.000e-03, Time: 1.13e+04
INFO:src.utils.logger:Model state saved to results\box\DV\20260503-113031_seed0_bf_box_DV_circ19_e1500_8q_2l_seed2026\checkpoints\2026-05-03_11-30-32-332938_box_DV_seed\model.pth
INFO:src.utils.logger:Model weights saved to results\box\DV\20260503-113031_seed0_bf_box_DV_circ19_e1500_8q_2l_seed2026\checkpoints\2026-05-03_11-30-32-332938_box_DV_seed\model_weights.pth
INFO:src.utils.logger:It: 922, Loss: 3.422e-02, Loss_res: 3.190e-02,  Loss_bcs: 0.000e+00, Loss_ut_ics: 9.207e-06, Loss_norm: 1.990e-06, Loss_gauge: 0.000e+00, w_pde: 1.00e+00, L^2_error: 2.958e-03, lr: 1.000e-03, Time: 1.14e+04
INFO:src.utils.logger:Model state saved to results\box\DV\20260503-113031_seed0_bf_box_DV_circ19_e1500_8q_2l_seed2026\checkpoints\2026-05-03_11-30-32-332938_box_DV_seed\model.pth
INFO:src.utils.logger:Model weights saved to results\box\DV\20260503-113031_seed0_bf_box_DV_circ19_e1500_8q_2l_seed2026\checkpoints\2026-05-03_11-30-32-332938_box_DV_seed\model_weights.pth
INFO:src.utils.logger:It: 924, Loss: 2.666e-02, Loss_res: 2.456e-02,  Loss_bcs: 0.000e+00, Loss_ut_ics: 8.297e-06, Loss_norm: 3.687e-06, Loss_gauge: 0.000e+00, w_pde: 1.00e+00, L^2_error: 2.958e-03, lr: 1.000e-03, Time: 1.14e+04
INFO:src.utils.logger:Model state saved to results\box\DV\20260503-113031_seed0_bf_box_DV_circ19_e1500_8q_2l_seed2026\checkpoints\2026-05-03_11-30-32-332938_box_DV_seed\model.pth
INFO:src.utils.logger:Model weights saved to results\box\DV\20260503-113031_seed0_bf_box_DV_circ19_e1500_8q_2l_seed2026\checkpoints\2026-05-03_11-30-32-332938_box_DV_seed\model_weights.pth
INFO:src.utils.logger:It: 926, Loss: 3.184e-02, Loss_res: 2.988e-02,  Loss_bcs: 0.000e+00, Loss_ut_ics: 7.754e-06, Loss_norm: 4.918e-06, Loss_gauge: 0.000e+00, w_pde: 1.00e+00, L^2_error: 2.615e-03, lr: 1.000e-03, Time: 1.14e+04
INFO:src.utils.logger:Model state saved to results\box\DV\20260503-113031_seed0_bf_box_DV_circ19_e1500_8q_2l_seed2026\checkpoints\2026-05-03_11-30-32-332938_box_DV_seed\model.pth
INFO:src.utils.logger:Model weights saved to results\box\DV\20260503-113031_seed0_bf_box_DV_circ19_e1500_8q_2l_seed2026\checkpoints\2026-05-03_11-30-32-332938_box_DV_seed\model_weights.pth
INFO:src.utils.logger:It: 928, Loss: 2.950e-02, Loss_res: 2.763e-02,  Loss_bcs: 0.000e+00, Loss_ut_ics: 7.442e-06, Loss_norm: 2.912e-06, Loss_gauge: 0.000e+00, w_pde: 1.00e+00, L^2_error: 2.615e-03, lr: 1.000e-03, Time: 1.14e+04
INFO:src.utils.logger:Model state saved to results\box\DV\20260503-113031_seed0_bf_box_DV_circ19_e1500_8q_2l_seed2026\checkpoints\2026-05-03_11-30-32-332938_box_DV_seed\model.pth
INFO:src.utils.logger:Model weights saved to results\box\DV\20260503-113031_seed0_bf_box_DV_circ19_e1500_8q_2l_seed2026\checkpoints\2026-05-03_11-30-32-332938_box_DV_seed\model_weights.pth
INFO:src.utils.logger:It: 930, Loss: 2.826e-02, Loss_res: 2.625e-02,  Loss_bcs: 0.000e+00, Loss_ut_ics: 7.978e-06, Loss_norm: 1.960e-06, Loss_gauge: 0.000e+00, w_pde: 1.00e+00, L^2_error: 2.479e-03, lr: 1.000e-03, Time: 1.15e+04
INFO:src.utils.logger:Model state saved to results\box\DV\20260503-113031_seed0_bf_box_DV_circ19_e1500_8q_2l_seed2026\checkpoints\2026-05-03_11-30-32-332938_box_DV_seed\model.pth
INFO:src.utils.logger:Model weights saved to results\box\DV\20260503-113031_seed0_bf_box_DV_circ19_e1500_8q_2l_seed2026\checkpoints\2026-05-03_11-30-32-332938_box_DV_seed\model_weights.pth
INFO:src.utils.logger:It: 932, Loss: 3.065e-02, Loss_res: 2.858e-02,  Loss_bcs: 0.000e+00, Loss_ut_ics: 8.258e-06, Loss_norm: 1.094e-06, Loss_gauge: 0.000e+00, w_pde: 1.00e+00, L^2_error: 2.479e-03, lr: 1.000e-03, Time: 1.15e+04
INFO:src.utils.logger:Model state saved to results\box\DV\20260503-113031_seed0_bf_box_DV_circ19_e1500_8q_2l_seed2026\checkpoints\2026-05-03_11-30-32-332938_box_DV_seed\model.pth
INFO:src.utils.logger:Model weights saved to results\box\DV\20260503-113031_seed0_bf_box_DV_circ19_e1500_8q_2l_seed2026\checkpoints\2026-05-03_11-30-32-332938_box_DV_seed\model_weights.pth
INFO:src.utils.logger:It: 934, Loss: 2.785e-02, Loss_res: 2.574e-02,  Loss_bcs: 0.000e+00, Loss_ut_ics: 8.434e-06, Loss_norm: 1.291e-06, Loss_gauge: 0.000e+00, w_pde: 1.00e+00, L^2_error: 2.479e-03, lr: 1.000e-03, Time: 1.15e+04
INFO:src.utils.logger:Model state saved to results\box\DV\20260503-113031_seed0_bf_box_DV_circ19_e1500_8q_2l_seed2026\checkpoints\2026-05-03_11-30-32-332938_box_DV_seed\model.pth
INFO:src.utils.logger:Model weights saved to results\box\DV\20260503-113031_seed0_bf_box_DV_circ19_e1500_8q_2l_seed2026\checkpoints\2026-05-03_11-30-32-332938_box_DV_seed\model_weights.pth
INFO:src.utils.logger:It: 936, Loss: 2.594e-02, Loss_res: 2.406e-02,  Loss_bcs: 0.000e+00, Loss_ut_ics: 7.489e-06, Loss_norm: 1.411e-06, Loss_gauge: 0.000e+00, w_pde: 1.00e+00, L^2_error: 2.197e-03, lr: 1.000e-03, Time: 1.16e+04
INFO:src.utils.logger:Model state saved to results\box\DV\20260503-113031_seed0_bf_box_DV_circ19_e1500_8q_2l_seed2026\checkpoints\2026-05-03_11-30-32-332938_box_DV_seed\model.pth
INFO:src.utils.logger:Model weights saved to results\box\DV\20260503-113031_seed0_bf_box_DV_circ19_e1500_8q_2l_seed2026\checkpoints\2026-05-03_11-30-32-332938_box_DV_seed\model_weights.pth
INFO:src.utils.logger:It: 938, Loss: 3.051e-02, Loss_res: 2.865e-02,  Loss_bcs: 0.000e+00, Loss_ut_ics: 7.414e-06, Loss_norm: 1.352e-06, Loss_gauge: 0.000e+00, w_pde: 1.00e+00, L^2_error: 2.197e-03, lr: 1.000e-03, Time: 1.16e+04
INFO:src.utils.logger:Model state saved to results\box\DV\20260503-113031_seed0_bf_box_DV_circ19_e1500_8q_2l_seed2026\checkpoints\2026-05-03_11-30-32-332938_box_DV_seed\model.pth
INFO:src.utils.logger:Model weights saved to results\box\DV\20260503-113031_seed0_bf_box_DV_circ19_e1500_8q_2l_seed2026\checkpoints\2026-05-03_11-30-32-332938_box_DV_seed\model_weights.pth
INFO:src.utils.logger:It: 940, Loss: 2.778e-02, Loss_res: 2.594e-02,  Loss_bcs: 0.000e+00, Loss_ut_ics: 7.322e-06, Loss_norm: 2.173e-06, Loss_gauge: 0.000e+00, w_pde: 1.00e+00, L^2_error: 2.058e-03, lr: 1.000e-03, Time: 1.16e+04
INFO:src.utils.logger:Model state saved to results\box\DV\20260503-113031_seed0_bf_box_DV_circ19_e1500_8q_2l_seed2026\checkpoints\2026-05-03_11-30-32-332938_box_DV_seed\model.pth
INFO:src.utils.logger:Model weights saved to results\box\DV\20260503-113031_seed0_bf_box_DV_circ19_e1500_8q_2l_seed2026\checkpoints\2026-05-03_11-30-32-332938_box_DV_seed\model_weights.pth
INFO:src.utils.logger:It: 942, Loss: 2.646e-02, Loss_res: 2.463e-02,  Loss_bcs: 0.000e+00, Loss_ut_ics: 7.290e-06, Loss_norm: 1.793e-06, Loss_gauge: 0.000e+00, w_pde: 1.00e+00, L^2_error: 2.058e-03, lr: 1.000e-03, Time: 1.16e+04
INFO:src.utils.logger:Model state saved to results\box\DV\20260503-113031_seed0_bf_box_DV_circ19_e1500_8q_2l_seed2026\checkpoints\2026-05-03_11-30-32-332938_box_DV_seed\model.pth
INFO:src.utils.logger:Model weights saved to results\box\DV\20260503-113031_seed0_bf_box_DV_circ19_e1500_8q_2l_seed2026\checkpoints\2026-05-03_11-30-32-332938_box_DV_seed\model_weights.pth
INFO:src.utils.logger:It: 944, Loss: 3.020e-02, Loss_res: 2.821e-02,  Loss_bcs: 0.000e+00, Loss_ut_ics: 7.968e-06, Loss_norm: 8.771e-07, Loss_gauge: 0.000e+00, w_pde: 1.00e+00, L^2_error: 2.058e-03, lr: 1.000e-03, Time: 1.17e+04
INFO:src.utils.logger:Model state saved to results\box\DV\20260503-113031_seed0_bf_box_DV_circ19_e1500_8q_2l_seed2026\checkpoints\2026-05-03_11-30-32-332938_box_DV_seed\model.pth
INFO:src.utils.logger:Model weights saved to results\box\DV\20260503-113031_seed0_bf_box_DV_circ19_e1500_8q_2l_seed2026\checkpoints\2026-05-03_11-30-32-332938_box_DV_seed\model_weights.pth
INFO:src.utils.logger:It: 946, Loss: 2.565e-02, Loss_res: 2.363e-02,  Loss_bcs: 0.000e+00, Loss_ut_ics: 8.074e-06, Loss_norm: 2.745e-07, Loss_gauge: 0.000e+00, w_pde: 1.00e+00, L^2_error: 2.382e-03, lr: 1.000e-03, Time: 1.17e+04
INFO:src.utils.logger:Model state saved to results\box\DV\20260503-113031_seed0_bf_box_DV_circ19_e1500_8q_2l_seed2026\checkpoints\2026-05-03_11-30-32-332938_box_DV_seed\model.pth
INFO:src.utils.logger:Model weights saved to results\box\DV\20260503-113031_seed0_bf_box_DV_circ19_e1500_8q_2l_seed2026\checkpoints\2026-05-03_11-30-32-332938_box_DV_seed\model_weights.pth
INFO:src.utils.logger:It: 948, Loss: 2.737e-02, Loss_res: 2.519e-02,  Loss_bcs: 0.000e+00, Loss_ut_ics: 8.706e-06, Loss_norm: 5.047e-07, Loss_gauge: 0.000e+00, w_pde: 1.00e+00, L^2_error: 2.382e-03, lr: 1.000e-03, Time: 1.17e+04
INFO:src.utils.logger:Model state saved to results\box\DV\20260503-113031_seed0_bf_box_DV_circ19_e1500_8q_2l_seed2026\checkpoints\2026-05-03_11-30-32-332938_box_DV_seed\model.pth
INFO:src.utils.logger:Model weights saved to results\box\DV\20260503-113031_seed0_bf_box_DV_circ19_e1500_8q_2l_seed2026\checkpoints\2026-05-03_11-30-32-332938_box_DV_seed\model_weights.pth
INFO:src.utils.logger:It: 950, Loss: 2.441e-02, Loss_res: 2.238e-02,  Loss_bcs: 0.000e+00, Loss_ut_ics: 8.090e-06, Loss_norm: 1.935e-06, Loss_gauge: 0.000e+00, w_pde: 1.00e+00, L^2_error: 2.124e-03, lr: 1.000e-03, Time: 1.17e+04
INFO:src.utils.logger:Model state saved to results\box\DV\20260503-113031_seed0_bf_box_DV_circ19_e1500_8q_2l_seed2026\checkpoints\2026-05-03_11-30-32-332938_box_DV_seed\model.pth
INFO:src.utils.logger:Model weights saved to results\box\DV\20260503-113031_seed0_bf_box_DV_circ19_e1500_8q_2l_seed2026\checkpoints\2026-05-03_11-30-32-332938_box_DV_seed\model_weights.pth
INFO:src.utils.logger:It: 952, Loss: 2.653e-02, Loss_res: 2.474e-02,  Loss_bcs: 0.000e+00, Loss_ut_ics: 7.141e-06, Loss_norm: 1.939e-06, Loss_gauge: 0.000e+00, w_pde: 1.00e+00, L^2_error: 2.124e-03, lr: 1.000e-03, Time: 1.18e+04
INFO:src.utils.logger:Model state saved to results\box\DV\20260503-113031_seed0_bf_box_DV_circ19_e1500_8q_2l_seed2026\checkpoints\2026-05-03_11-30-32-332938_box_DV_seed\model.pth
INFO:src.utils.logger:Model weights saved to results\box\DV\20260503-113031_seed0_bf_box_DV_circ19_e1500_8q_2l_seed2026\checkpoints\2026-05-03_11-30-32-332938_box_DV_seed\model_weights.pth
INFO:src.utils.logger:It: 954, Loss: 2.878e-02, Loss_res: 2.667e-02,  Loss_bcs: 0.000e+00, Loss_ut_ics: 8.376e-06, Loss_norm: 2.999e-06, Loss_gauge: 0.000e+00, w_pde: 1.00e+00, L^2_error: 2.124e-03, lr: 1.000e-03, Time: 1.18e+04
INFO:src.utils.logger:Model state saved to results\box\DV\20260503-113031_seed0_bf_box_DV_circ19_e1500_8q_2l_seed2026\checkpoints\2026-05-03_11-30-32-332938_box_DV_seed\model.pth
INFO:src.utils.logger:Model weights saved to results\box\DV\20260503-113031_seed0_bf_box_DV_circ19_e1500_8q_2l_seed2026\checkpoints\2026-05-03_11-30-32-332938_box_DV_seed\model_weights.pth
INFO:src.utils.logger:It: 956, Loss: 2.527e-02, Loss_res: 2.318e-02,  Loss_bcs: 0.000e+00, Loss_ut_ics: 8.331e-06, Loss_norm: 8.941e-07, Loss_gauge: 0.000e+00, w_pde: 1.00e+00, L^2_error: 2.125e-03, lr: 1.000e-03, Time: 1.18e+04
INFO:src.utils.logger:Model state saved to results\box\DV\20260503-113031_seed0_bf_box_DV_circ19_e1500_8q_2l_seed2026\checkpoints\2026-05-03_11-30-32-332938_box_DV_seed\model.pth
INFO:src.utils.logger:Model weights saved to results\box\DV\20260503-113031_seed0_bf_box_DV_circ19_e1500_8q_2l_seed2026\checkpoints\2026-05-03_11-30-32-332938_box_DV_seed\model_weights.pth
INFO:src.utils.logger:It: 958, Loss: 2.606e-02, Loss_res: 2.376e-02,  Loss_bcs: 0.000e+00, Loss_ut_ics: 9.195e-06, Loss_norm: 2.698e-07, Loss_gauge: 0.000e+00, w_pde: 1.00e+00, L^2_error: 2.125e-03, lr: 1.000e-03, Time: 1.18e+04
INFO:src.utils.logger:Model state saved to results\box\DV\20260503-113031_seed0_bf_box_DV_circ19_e1500_8q_2l_seed2026\checkpoints\2026-05-03_11-30-32-332938_box_DV_seed\model.pth
INFO:src.utils.logger:Model weights saved to results\box\DV\20260503-113031_seed0_bf_box_DV_circ19_e1500_8q_2l_seed2026\checkpoints\2026-05-03_11-30-32-332938_box_DV_seed\model_weights.pth
INFO:src.utils.logger:It: 960, Loss: 2.789e-02, Loss_res: 2.588e-02,  Loss_bcs: 0.000e+00, Loss_ut_ics: 8.020e-06, Loss_norm: 2.773e-07, Loss_gauge: 0.000e+00, w_pde: 1.00e+00, L^2_error: 2.192e-03, lr: 1.000e-03, Time: 1.19e+04
INFO:src.utils.logger:Model state saved to results\box\DV\20260503-113031_seed0_bf_box_DV_circ19_e1500_8q_2l_seed2026\checkpoints\2026-05-03_11-30-32-332938_box_DV_seed\model.pth
INFO:src.utils.logger:Model weights saved to results\box\DV\20260503-113031_seed0_bf_box_DV_circ19_e1500_8q_2l_seed2026\checkpoints\2026-05-03_11-30-32-332938_box_DV_seed\model_weights.pth
INFO:src.utils.logger:It: 962, Loss: 2.688e-02, Loss_res: 2.503e-02,  Loss_bcs: 0.000e+00, Loss_ut_ics: 7.384e-06, Loss_norm: 1.256e-06, Loss_gauge: 0.000e+00, w_pde: 1.00e+00, L^2_error: 2.192e-03, lr: 1.000e-03, Time: 1.19e+04
INFO:src.utils.logger:Model state saved to results\box\DV\20260503-113031_seed0_bf_box_DV_circ19_e1500_8q_2l_seed2026\checkpoints\2026-05-03_11-30-32-332938_box_DV_seed\model.pth
INFO:src.utils.logger:Model weights saved to results\box\DV\20260503-113031_seed0_bf_box_DV_circ19_e1500_8q_2l_seed2026\checkpoints\2026-05-03_11-30-32-332938_box_DV_seed\model_weights.pth
INFO:src.utils.logger:It: 964, Loss: 2.349e-02, Loss_res: 2.162e-02,  Loss_bcs: 0.000e+00, Loss_ut_ics: 7.427e-06, Loss_norm: 2.802e-06, Loss_gauge: 0.000e+00, w_pde: 1.00e+00, L^2_error: 2.192e-03, lr: 1.000e-03, Time: 1.19e+04
INFO:src.utils.logger:Model state saved to results\box\DV\20260503-113031_seed0_bf_box_DV_circ19_e1500_8q_2l_seed2026\checkpoints\2026-05-03_11-30-32-332938_box_DV_seed\model.pth
INFO:src.utils.logger:Model weights saved to results\box\DV\20260503-113031_seed0_bf_box_DV_circ19_e1500_8q_2l_seed2026\checkpoints\2026-05-03_11-30-32-332938_box_DV_seed\model_weights.pth
INFO:src.utils.logger:It: 966, Loss: 2.734e-02, Loss_res: 2.566e-02,  Loss_bcs: 0.000e+00, Loss_ut_ics: 6.675e-06, Loss_norm: 1.416e-06, Loss_gauge: 0.000e+00, w_pde: 1.00e+00, L^2_error: 2.140e-03, lr: 1.000e-03, Time: 1.20e+04
INFO:src.utils.logger:Model state saved to results\box\DV\20260503-113031_seed0_bf_box_DV_circ19_e1500_8q_2l_seed2026\checkpoints\2026-05-03_11-30-32-332938_box_DV_seed\model.pth
INFO:src.utils.logger:Model weights saved to results\box\DV\20260503-113031_seed0_bf_box_DV_circ19_e1500_8q_2l_seed2026\checkpoints\2026-05-03_11-30-32-332938_box_DV_seed\model_weights.pth
INFO:src.utils.logger:It: 968, Loss: 2.517e-02, Loss_res: 2.324e-02,  Loss_bcs: 0.000e+00, Loss_ut_ics: 7.703e-06, Loss_norm: 8.235e-07, Loss_gauge: 0.000e+00, w_pde: 1.00e+00, L^2_error: 2.140e-03, lr: 1.000e-03, Time: 1.20e+04
INFO:src.utils.logger:Model state saved to results\box\DV\20260503-113031_seed0_bf_box_DV_circ19_e1500_8q_2l_seed2026\checkpoints\2026-05-03_11-30-32-332938_box_DV_seed\model.pth
INFO:src.utils.logger:Model weights saved to results\box\DV\20260503-113031_seed0_bf_box_DV_circ19_e1500_8q_2l_seed2026\checkpoints\2026-05-03_11-30-32-332938_box_DV_seed\model_weights.pth
INFO:src.utils.logger:It: 970, Loss: 2.709e-02, Loss_res: 2.525e-02,  Loss_bcs: 0.000e+00, Loss_ut_ics: 7.332e-06, Loss_norm: 8.505e-07, Loss_gauge: 0.000e+00, w_pde: 1.00e+00, L^2_error: 2.217e-03, lr: 1.000e-03, Time: 1.20e+04
INFO:src.utils.logger:Model state saved to results\box\DV\20260503-113031_seed0_bf_box_DV_circ19_e1500_8q_2l_seed2026\checkpoints\2026-05-03_11-30-32-332938_box_DV_seed\model.pth
INFO:src.utils.logger:Model weights saved to results\box\DV\20260503-113031_seed0_bf_box_DV_circ19_e1500_8q_2l_seed2026\checkpoints\2026-05-03_11-30-32-332938_box_DV_seed\model_weights.pth
INFO:src.utils.logger:It: 972, Loss: 2.559e-02, Loss_res: 2.367e-02,  Loss_bcs: 0.000e+00, Loss_ut_ics: 7.606e-06, Loss_norm: 1.904e-06, Loss_gauge: 0.000e+00, w_pde: 1.00e+00, L^2_error: 2.217e-03, lr: 1.000e-03, Time: 1.20e+04
INFO:src.utils.logger:Model state saved to results\box\DV\20260503-113031_seed0_bf_box_DV_circ19_e1500_8q_2l_seed2026\checkpoints\2026-05-03_11-30-32-332938_box_DV_seed\model.pth
INFO:src.utils.logger:Model weights saved to results\box\DV\20260503-113031_seed0_bf_box_DV_circ19_e1500_8q_2l_seed2026\checkpoints\2026-05-03_11-30-32-332938_box_DV_seed\model_weights.pth
INFO:src.utils.logger:It: 974, Loss: 2.824e-02, Loss_res: 2.645e-02,  Loss_bcs: 0.000e+00, Loss_ut_ics: 7.137e-06, Loss_norm: 1.623e-06, Loss_gauge: 0.000e+00, w_pde: 1.00e+00, L^2_error: 2.217e-03, lr: 1.000e-03, Time: 1.21e+04
INFO:src.utils.logger:Model state saved to results\box\DV\20260503-113031_seed0_bf_box_DV_circ19_e1500_8q_2l_seed2026\checkpoints\2026-05-03_11-30-32-332938_box_DV_seed\model.pth
INFO:src.utils.logger:Model weights saved to results\box\DV\20260503-113031_seed0_bf_box_DV_circ19_e1500_8q_2l_seed2026\checkpoints\2026-05-03_11-30-32-332938_box_DV_seed\model_weights.pth
INFO:src.utils.logger:It: 976, Loss: 2.387e-02, Loss_res: 2.224e-02,  Loss_bcs: 0.000e+00, Loss_ut_ics: 6.518e-06, Loss_norm: 8.062e-07, Loss_gauge: 0.000e+00, w_pde: 1.00e+00, L^2_error: 2.457e-03, lr: 1.000e-03, Time: 1.21e+04
INFO:src.utils.logger:Model state saved to results\box\DV\20260503-113031_seed0_bf_box_DV_circ19_e1500_8q_2l_seed2026\checkpoints\2026-05-03_11-30-32-332938_box_DV_seed\model.pth
INFO:src.utils.logger:Model weights saved to results\box\DV\20260503-113031_seed0_bf_box_DV_circ19_e1500_8q_2l_seed2026\checkpoints\2026-05-03_11-30-32-332938_box_DV_seed\model_weights.pth
INFO:src.utils.logger:It: 978, Loss: 2.670e-02, Loss_res: 2.500e-02,  Loss_bcs: 0.000e+00, Loss_ut_ics: 6.798e-06, Loss_norm: 8.844e-07, Loss_gauge: 0.000e+00, w_pde: 1.00e+00, L^2_error: 2.457e-03, lr: 1.000e-03, Time: 1.21e+04
INFO:src.utils.logger:Model state saved to results\box\DV\20260503-113031_seed0_bf_box_DV_circ19_e1500_8q_2l_seed2026\checkpoints\2026-05-03_11-30-32-332938_box_DV_seed\model.pth
INFO:src.utils.logger:Model weights saved to results\box\DV\20260503-113031_seed0_bf_box_DV_circ19_e1500_8q_2l_seed2026\checkpoints\2026-05-03_11-30-32-332938_box_DV_seed\model_weights.pth
INFO:src.utils.logger:It: 980, Loss: 2.624e-02, Loss_res: 2.451e-02,  Loss_bcs: 0.000e+00, Loss_ut_ics: 6.905e-06, Loss_norm: 1.030e-06, Loss_gauge: 0.000e+00, w_pde: 1.00e+00, L^2_error: 2.183e-03, lr: 1.000e-03, Time: 1.21e+04
INFO:src.utils.logger:Model state saved to results\box\DV\20260503-113031_seed0_bf_box_DV_circ19_e1500_8q_2l_seed2026\checkpoints\2026-05-03_11-30-32-332938_box_DV_seed\model.pth
INFO:src.utils.logger:Model weights saved to results\box\DV\20260503-113031_seed0_bf_box_DV_circ19_e1500_8q_2l_seed2026\checkpoints\2026-05-03_11-30-32-332938_box_DV_seed\model_weights.pth
INFO:src.utils.logger:It: 982, Loss: 2.503e-02, Loss_res: 2.318e-02,  Loss_bcs: 0.000e+00, Loss_ut_ics: 7.392e-06, Loss_norm: 1.361e-06, Loss_gauge: 0.000e+00, w_pde: 1.00e+00, L^2_error: 2.183e-03, lr: 1.000e-03, Time: 1.22e+04
INFO:src.utils.logger:Model state saved to results\box\DV\20260503-113031_seed0_bf_box_DV_circ19_e1500_8q_2l_seed2026\checkpoints\2026-05-03_11-30-32-332938_box_DV_seed\model.pth
INFO:src.utils.logger:Model weights saved to results\box\DV\20260503-113031_seed0_bf_box_DV_circ19_e1500_8q_2l_seed2026\checkpoints\2026-05-03_11-30-32-332938_box_DV_seed\model_weights.pth
INFO:src.utils.logger:It: 984, Loss: 2.640e-02, Loss_res: 2.465e-02,  Loss_bcs: 0.000e+00, Loss_ut_ics: 6.955e-06, Loss_norm: 1.129e-06, Loss_gauge: 0.000e+00, w_pde: 1.00e+00, L^2_error: 2.183e-03, lr: 1.000e-03, Time: 1.22e+04
INFO:src.utils.logger:Model state saved to results\box\DV\20260503-113031_seed0_bf_box_DV_circ19_e1500_8q_2l_seed2026\checkpoints\2026-05-03_11-30-32-332938_box_DV_seed\model.pth
INFO:src.utils.logger:Model weights saved to results\box\DV\20260503-113031_seed0_bf_box_DV_circ19_e1500_8q_2l_seed2026\checkpoints\2026-05-03_11-30-32-332938_box_DV_seed\model_weights.pth
INFO:src.utils.logger:It: 986, Loss: 2.586e-02, Loss_res: 2.418e-02,  Loss_bcs: 0.000e+00, Loss_ut_ics: 6.684e-06, Loss_norm: 1.309e-06, Loss_gauge: 0.000e+00, w_pde: 1.00e+00, L^2_error: 2.216e-03, lr: 1.000e-03, Time: 1.22e+04
INFO:src.utils.logger:Model state saved to results\box\DV\20260503-113031_seed0_bf_box_DV_circ19_e1500_8q_2l_seed2026\checkpoints\2026-05-03_11-30-32-332938_box_DV_seed\model.pth
INFO:src.utils.logger:Model weights saved to results\box\DV\20260503-113031_seed0_bf_box_DV_circ19_e1500_8q_2l_seed2026\checkpoints\2026-05-03_11-30-32-332938_box_DV_seed\model_weights.pth
INFO:src.utils.logger:It: 988, Loss: 2.700e-02, Loss_res: 2.533e-02,  Loss_bcs: 0.000e+00, Loss_ut_ics: 6.647e-06, Loss_norm: 1.234e-06, Loss_gauge: 0.000e+00, w_pde: 1.00e+00, L^2_error: 2.216e-03, lr: 1.000e-03, Time: 1.22e+04
INFO:src.utils.logger:Model state saved to results\box\DV\20260503-113031_seed0_bf_box_DV_circ19_e1500_8q_2l_seed2026\checkpoints\2026-05-03_11-30-32-332938_box_DV_seed\model.pth
INFO:src.utils.logger:Model weights saved to results\box\DV\20260503-113031_seed0_bf_box_DV_circ19_e1500_8q_2l_seed2026\checkpoints\2026-05-03_11-30-32-332938_box_DV_seed\model_weights.pth
INFO:src.utils.logger:It: 990, Loss: 2.527e-02, Loss_res: 2.366e-02,  Loss_bcs: 0.000e+00, Loss_ut_ics: 6.424e-06, Loss_norm: 8.009e-07, Loss_gauge: 0.000e+00, w_pde: 1.00e+00, L^2_error: 2.347e-03, lr: 1.000e-03, Time: 1.23e+04
INFO:src.utils.logger:Model state saved to results\box\DV\20260503-113031_seed0_bf_box_DV_circ19_e1500_8q_2l_seed2026\checkpoints\2026-05-03_11-30-32-332938_box_DV_seed\model.pth
INFO:src.utils.logger:Model weights saved to results\box\DV\20260503-113031_seed0_bf_box_DV_circ19_e1500_8q_2l_seed2026\checkpoints\2026-05-03_11-30-32-332938_box_DV_seed\model_weights.pth
INFO:src.utils.logger:It: 992, Loss: 2.703e-02, Loss_res: 2.537e-02,  Loss_bcs: 0.000e+00, Loss_ut_ics: 6.648e-06, Loss_norm: 1.667e-07, Loss_gauge: 0.000e+00, w_pde: 1.00e+00, L^2_error: 2.347e-03, lr: 1.000e-03, Time: 1.23e+04
INFO:src.utils.logger:Model state saved to results\box\DV\20260503-113031_seed0_bf_box_DV_circ19_e1500_8q_2l_seed2026\checkpoints\2026-05-03_11-30-32-332938_box_DV_seed\model.pth
INFO:src.utils.logger:Model weights saved to results\box\DV\20260503-113031_seed0_bf_box_DV_circ19_e1500_8q_2l_seed2026\checkpoints\2026-05-03_11-30-32-332938_box_DV_seed\model_weights.pth
INFO:src.utils.logger:It: 994, Loss: 2.479e-02, Loss_res: 2.291e-02,  Loss_bcs: 0.000e+00, Loss_ut_ics: 7.505e-06, Loss_norm: 5.213e-07, Loss_gauge: 0.000e+00, w_pde: 1.00e+00, L^2_error: 2.347e-03, lr: 1.000e-03, Time: 1.23e+04
INFO:src.utils.logger:Model state saved to results\box\DV\20260503-113031_seed0_bf_box_DV_circ19_e1500_8q_2l_seed2026\checkpoints\2026-05-03_11-30-32-332938_box_DV_seed\model.pth
INFO:src.utils.logger:Model weights saved to results\box\DV\20260503-113031_seed0_bf_box_DV_circ19_e1500_8q_2l_seed2026\checkpoints\2026-05-03_11-30-32-332938_box_DV_seed\model_weights.pth
INFO:src.utils.logger:It: 996, Loss: 2.455e-02, Loss_res: 2.262e-02,  Loss_bcs: 0.000e+00, Loss_ut_ics: 7.704e-06, Loss_norm: 7.754e-07, Loss_gauge: 0.000e+00, w_pde: 1.00e+00, L^2_error: 2.101e-03, lr: 1.000e-03, Time: 1.23e+04
INFO:src.utils.logger:Model state saved to results\box\DV\20260503-113031_seed0_bf_box_DV_circ19_e1500_8q_2l_seed2026\checkpoints\2026-05-03_11-30-32-332938_box_DV_seed\model.pth
INFO:src.utils.logger:Model weights saved to results\box\DV\20260503-113031_seed0_bf_box_DV_circ19_e1500_8q_2l_seed2026\checkpoints\2026-05-03_11-30-32-332938_box_DV_seed\model_weights.pth
INFO:src.utils.logger:It: 998, Loss: 2.271e-02, Loss_res: 2.097e-02,  Loss_bcs: 0.000e+00, Loss_ut_ics: 6.912e-06, Loss_norm: 1.141e-06, Loss_gauge: 0.000e+00, w_pde: 1.00e+00, L^2_error: 2.101e-03, lr: 1.000e-03, Time: 1.24e+04
INFO:src.utils.logger:Model state saved to results\box\DV\20260503-113031_seed0_bf_box_DV_circ19_e1500_8q_2l_seed2026\checkpoints\2026-05-03_11-30-32-332938_box_DV_seed\model.pth
INFO:src.utils.logger:Model weights saved to results\box\DV\20260503-113031_seed0_bf_box_DV_circ19_e1500_8q_2l_seed2026\checkpoints\2026-05-03_11-30-32-332938_box_DV_seed\model_weights.pth
INFO:src.utils.logger:It: 1000, Loss: 2.862e-02, Loss_res: 2.705e-02,  Loss_bcs: 0.000e+00, Loss_ut_ics: 6.273e-06, Loss_norm: 7.046e-07, Loss_gauge: 0.000e+00, w_pde: 1.00e+00, L^2_error: 2.293e-03, lr: 1.000e-03, Time: 1.24e+04
INFO:src.utils.logger:Model state saved to results\box\DV\20260503-113031_seed0_bf_box_DV_circ19_e1500_8q_2l_seed2026\checkpoints\2026-05-03_11-30-32-332938_box_DV_seed\model.pth
INFO:src.utils.logger:Model weights saved to results\box\DV\20260503-113031_seed0_bf_box_DV_circ19_e1500_8q_2l_seed2026\checkpoints\2026-05-03_11-30-32-332938_box_DV_seed\model_weights.pth
INFO:src.utils.logger:It: 1002, Loss: 2.247e-02, Loss_res: 2.059e-02,  Loss_bcs: 0.000e+00, Loss_ut_ics: 7.505e-06, Loss_norm: 1.011e-06, Loss_gauge: 0.000e+00, w_pde: 1.00e+00, L^2_error: 2.293e-03, lr: 1.000e-03, Time: 1.24e+04
INFO:src.utils.logger:Model state saved to results\box\DV\20260503-113031_seed0_bf_box_DV_circ19_e1500_8q_2l_seed2026\checkpoints\2026-05-03_11-30-32-332938_box_DV_seed\model.pth
INFO:src.utils.logger:Model weights saved to results\box\DV\20260503-113031_seed0_bf_box_DV_circ19_e1500_8q_2l_seed2026\checkpoints\2026-05-03_11-30-32-332938_box_DV_seed\model_weights.pth
INFO:src.utils.logger:It: 1004, Loss: 2.421e-02, Loss_res: 2.217e-02,  Loss_bcs: 0.000e+00, Loss_ut_ics: 8.135e-06, Loss_norm: 1.421e-06, Loss_gauge: 0.000e+00, w_pde: 1.00e+00, L^2_error: 2.293e-03, lr: 1.000e-03, Time: 1.24e+04
INFO:src.utils.logger:Model state saved to results\box\DV\20260503-113031_seed0_bf_box_DV_circ19_e1500_8q_2l_seed2026\checkpoints\2026-05-03_11-30-32-332938_box_DV_seed\model.pth
INFO:src.utils.logger:Model weights saved to results\box\DV\20260503-113031_seed0_bf_box_DV_circ19_e1500_8q_2l_seed2026\checkpoints\2026-05-03_11-30-32-332938_box_DV_seed\model_weights.pth
INFO:src.utils.logger:It: 1006, Loss: 2.188e-02, Loss_res: 2.020e-02,  Loss_bcs: 0.000e+00, Loss_ut_ics: 6.683e-06, Loss_norm: 9.447e-07, Loss_gauge: 0.000e+00, w_pde: 1.00e+00, L^2_error: 2.077e-03, lr: 1.000e-03, Time: 1.25e+04
INFO:src.utils.logger:Model state saved to results\box\DV\20260503-113031_seed0_bf_box_DV_circ19_e1500_8q_2l_seed2026\checkpoints\2026-05-03_11-30-32-332938_box_DV_seed\model.pth
INFO:src.utils.logger:Model weights saved to results\box\DV\20260503-113031_seed0_bf_box_DV_circ19_e1500_8q_2l_seed2026\checkpoints\2026-05-03_11-30-32-332938_box_DV_seed\model_weights.pth
INFO:src.utils.logger:It: 1008, Loss: 2.276e-02, Loss_res: 2.129e-02,  Loss_bcs: 0.000e+00, Loss_ut_ics: 5.872e-06, Loss_norm: 4.404e-07, Loss_gauge: 0.000e+00, w_pde: 1.00e+00, L^2_error: 2.077e-03, lr: 1.000e-03, Time: 1.25e+04
INFO:src.utils.logger:Model state saved to results\box\DV\20260503-113031_seed0_bf_box_DV_circ19_e1500_8q_2l_seed2026\checkpoints\2026-05-03_11-30-32-332938_box_DV_seed\model.pth
INFO:src.utils.logger:Model weights saved to results\box\DV\20260503-113031_seed0_bf_box_DV_circ19_e1500_8q_2l_seed2026\checkpoints\2026-05-03_11-30-32-332938_box_DV_seed\model_weights.pth
INFO:src.utils.logger:It: 1010, Loss: 2.343e-02, Loss_res: 2.212e-02,  Loss_bcs: 0.000e+00, Loss_ut_ics: 5.257e-06, Loss_norm: 3.449e-07, Loss_gauge: 0.000e+00, w_pde: 1.00e+00, L^2_error: 2.141e-03, lr: 1.000e-03, Time: 1.25e+04
INFO:src.utils.logger:Model state saved to results\box\DV\20260503-113031_seed0_bf_box_DV_circ19_e1500_8q_2l_seed2026\checkpoints\2026-05-03_11-30-32-332938_box_DV_seed\model.pth
INFO:src.utils.logger:Model weights saved to results\box\DV\20260503-113031_seed0_bf_box_DV_circ19_e1500_8q_2l_seed2026\checkpoints\2026-05-03_11-30-32-332938_box_DV_seed\model_weights.pth
INFO:src.utils.logger:It: 1012, Loss: 2.305e-02, Loss_res: 2.139e-02,  Loss_bcs: 0.000e+00, Loss_ut_ics: 6.626e-06, Loss_norm: 5.499e-07, Loss_gauge: 0.000e+00, w_pde: 1.00e+00, L^2_error: 2.141e-03, lr: 1.000e-03, Time: 1.25e+04
INFO:src.utils.logger:Model state saved to results\box\DV\20260503-113031_seed0_bf_box_DV_circ19_e1500_8q_2l_seed2026\checkpoints\2026-05-03_11-30-32-332938_box_DV_seed\model.pth
INFO:src.utils.logger:Model weights saved to results\box\DV\20260503-113031_seed0_bf_box_DV_circ19_e1500_8q_2l_seed2026\checkpoints\2026-05-03_11-30-32-332938_box_DV_seed\model_weights.pth
INFO:src.utils.logger:It: 1014, Loss: 2.702e-02, Loss_res: 2.496e-02,  Loss_bcs: 0.000e+00, Loss_ut_ics: 8.218e-06, Loss_norm: 2.565e-07, Loss_gauge: 0.000e+00, w_pde: 1.00e+00, L^2_error: 2.141e-03, lr: 1.000e-03, Time: 1.26e+04
INFO:src.utils.logger:Model state saved to results\box\DV\20260503-113031_seed0_bf_box_DV_circ19_e1500_8q_2l_seed2026\checkpoints\2026-05-03_11-30-32-332938_box_DV_seed\model.pth
INFO:src.utils.logger:Model weights saved to results\box\DV\20260503-113031_seed0_bf_box_DV_circ19_e1500_8q_2l_seed2026\checkpoints\2026-05-03_11-30-32-332938_box_DV_seed\model_weights.pth
INFO:src.utils.logger:It: 1016, Loss: 2.342e-02, Loss_res: 2.150e-02,  Loss_bcs: 0.000e+00, Loss_ut_ics: 7.693e-06, Loss_norm: 8.562e-08, Loss_gauge: 0.000e+00, w_pde: 1.00e+00, L^2_error: 2.145e-03, lr: 1.000e-03, Time: 1.26e+04
INFO:src.utils.logger:Model state saved to results\box\DV\20260503-113031_seed0_bf_box_DV_circ19_e1500_8q_2l_seed2026\checkpoints\2026-05-03_11-30-32-332938_box_DV_seed\model.pth
INFO:src.utils.logger:Model weights saved to results\box\DV\20260503-113031_seed0_bf_box_DV_circ19_e1500_8q_2l_seed2026\checkpoints\2026-05-03_11-30-32-332938_box_DV_seed\model_weights.pth
INFO:src.utils.logger:It: 1018, Loss: 2.428e-02, Loss_res: 2.260e-02,  Loss_bcs: 0.000e+00, Loss_ut_ics: 6.703e-06, Loss_norm: 2.332e-07, Loss_gauge: 0.000e+00, w_pde: 1.00e+00, L^2_error: 2.145e-03, lr: 1.000e-03, Time: 1.26e+04
INFO:src.utils.logger:Model state saved to results\box\DV\20260503-113031_seed0_bf_box_DV_circ19_e1500_8q_2l_seed2026\checkpoints\2026-05-03_11-30-32-332938_box_DV_seed\model.pth
INFO:src.utils.logger:Model weights saved to results\box\DV\20260503-113031_seed0_bf_box_DV_circ19_e1500_8q_2l_seed2026\checkpoints\2026-05-03_11-30-32-332938_box_DV_seed\model_weights.pth
INFO:src.utils.logger:It: 1020, Loss: 2.283e-02, Loss_res: 2.132e-02,  Loss_bcs: 0.000e+00, Loss_ut_ics: 6.013e-06, Loss_norm: 1.816e-06, Loss_gauge: 0.000e+00, w_pde: 1.00e+00, L^2_error: 2.017e-03, lr: 1.000e-03, Time: 1.27e+04
INFO:src.utils.logger:Model state saved to results\box\DV\20260503-113031_seed0_bf_box_DV_circ19_e1500_8q_2l_seed2026\checkpoints\2026-05-03_11-30-32-332938_box_DV_seed\model.pth
INFO:src.utils.logger:Model weights saved to results\box\DV\20260503-113031_seed0_bf_box_DV_circ19_e1500_8q_2l_seed2026\checkpoints\2026-05-03_11-30-32-332938_box_DV_seed\model_weights.pth
INFO:src.utils.logger:It: 1022, Loss: 2.410e-02, Loss_res: 2.247e-02,  Loss_bcs: 0.000e+00, Loss_ut_ics: 6.463e-06, Loss_norm: 2.999e-06, Loss_gauge: 0.000e+00, w_pde: 1.00e+00, L^2_error: 2.017e-03, lr: 1.000e-03, Time: 1.27e+04
INFO:src.utils.logger:Model state saved to results\box\DV\20260503-113031_seed0_bf_box_DV_circ19_e1500_8q_2l_seed2026\checkpoints\2026-05-03_11-30-32-332938_box_DV_seed\model.pth
INFO:src.utils.logger:Model weights saved to results\box\DV\20260503-113031_seed0_bf_box_DV_circ19_e1500_8q_2l_seed2026\checkpoints\2026-05-03_11-30-32-332938_box_DV_seed\model_weights.pth
INFO:src.utils.logger:It: 1024, Loss: 2.358e-02, Loss_res: 2.192e-02,  Loss_bcs: 0.000e+00, Loss_ut_ics: 6.615e-06, Loss_norm: 5.302e-07, Loss_gauge: 0.000e+00, w_pde: 1.00e+00, L^2_error: 2.017e-03, lr: 1.000e-03, Time: 1.27e+04
INFO:src.utils.logger:Model state saved to results\box\DV\20260503-113031_seed0_bf_box_DV_circ19_e1500_8q_2l_seed2026\checkpoints\2026-05-03_11-30-32-332938_box_DV_seed\model.pth
INFO:src.utils.logger:Model weights saved to results\box\DV\20260503-113031_seed0_bf_box_DV_circ19_e1500_8q_2l_seed2026\checkpoints\2026-05-03_11-30-32-332938_box_DV_seed\model_weights.pth
INFO:src.utils.logger:It: 1026, Loss: 2.271e-02, Loss_res: 2.109e-02,  Loss_bcs: 0.000e+00, Loss_ut_ics: 6.471e-06, Loss_norm: 3.147e-07, Loss_gauge: 0.000e+00, w_pde: 1.00e+00, L^2_error: 2.373e-03, lr: 1.000e-03, Time: 1.27e+04
INFO:src.utils.logger:Model state saved to results\box\DV\20260503-113031_seed0_bf_box_DV_circ19_e1500_8q_2l_seed2026\checkpoints\2026-05-03_11-30-32-332938_box_DV_seed\model.pth
INFO:src.utils.logger:Model weights saved to results\box\DV\20260503-113031_seed0_bf_box_DV_circ19_e1500_8q_2l_seed2026\checkpoints\2026-05-03_11-30-32-332938_box_DV_seed\model_weights.pth
INFO:src.utils.logger:It: 1028, Loss: 2.241e-02, Loss_res: 2.094e-02,  Loss_bcs: 0.000e+00, Loss_ut_ics: 5.861e-06, Loss_norm: 1.414e-07, Loss_gauge: 0.000e+00, w_pde: 1.00e+00, L^2_error: 2.373e-03, lr: 1.000e-03, Time: 1.28e+04
INFO:src.utils.logger:Model state saved to results\box\DV\20260503-113031_seed0_bf_box_DV_circ19_e1500_8q_2l_seed2026\checkpoints\2026-05-03_11-30-32-332938_box_DV_seed\model.pth
INFO:src.utils.logger:Model weights saved to results\box\DV\20260503-113031_seed0_bf_box_DV_circ19_e1500_8q_2l_seed2026\checkpoints\2026-05-03_11-30-32-332938_box_DV_seed\model_weights.pth
INFO:src.utils.logger:It: 1030, Loss: 2.433e-02, Loss_res: 2.282e-02,  Loss_bcs: 0.000e+00, Loss_ut_ics: 6.005e-06, Loss_norm: 1.068e-06, Loss_gauge: 0.000e+00, w_pde: 1.00e+00, L^2_error: 2.006e-03, lr: 1.000e-03, Time: 1.28e+04
INFO:src.utils.logger:Model state saved to results\box\DV\20260503-113031_seed0_bf_box_DV_circ19_e1500_8q_2l_seed2026\checkpoints\2026-05-03_11-30-32-332938_box_DV_seed\model.pth
INFO:src.utils.logger:Model weights saved to results\box\DV\20260503-113031_seed0_bf_box_DV_circ19_e1500_8q_2l_seed2026\checkpoints\2026-05-03_11-30-32-332938_box_DV_seed\model_weights.pth
INFO:src.utils.logger:It: 1032, Loss: 2.333e-02, Loss_res: 2.182e-02,  Loss_bcs: 0.000e+00, Loss_ut_ics: 6.030e-06, Loss_norm: 8.621e-07, Loss_gauge: 0.000e+00, w_pde: 1.00e+00, L^2_error: 2.006e-03, lr: 1.000e-03, Time: 1.28e+04
INFO:src.utils.logger:Model state saved to results\box\DV\20260503-113031_seed0_bf_box_DV_circ19_e1500_8q_2l_seed2026\checkpoints\2026-05-03_11-30-32-332938_box_DV_seed\model.pth
INFO:src.utils.logger:Model weights saved to results\box\DV\20260503-113031_seed0_bf_box_DV_circ19_e1500_8q_2l_seed2026\checkpoints\2026-05-03_11-30-32-332938_box_DV_seed\model_weights.pth
INFO:src.utils.logger:It: 1034, Loss: 2.471e-02, Loss_res: 2.305e-02,  Loss_bcs: 0.000e+00, Loss_ut_ics: 6.644e-06, Loss_norm: 7.149e-08, Loss_gauge: 0.000e+00, w_pde: 1.00e+00, L^2_error: 2.006e-03, lr: 1.000e-03, Time: 1.28e+04
INFO:src.utils.logger:Model state saved to results\box\DV\20260503-113031_seed0_bf_box_DV_circ19_e1500_8q_2l_seed2026\checkpoints\2026-05-03_11-30-32-332938_box_DV_seed\model.pth
INFO:src.utils.logger:Model weights saved to results\box\DV\20260503-113031_seed0_bf_box_DV_circ19_e1500_8q_2l_seed2026\checkpoints\2026-05-03_11-30-32-332938_box_DV_seed\model_weights.pth
INFO:src.utils.logger:It: 1036, Loss: 2.059e-02, Loss_res: 1.871e-02,  Loss_bcs: 0.000e+00, Loss_ut_ics: 7.492e-06, Loss_norm: 4.061e-07, Loss_gauge: 0.000e+00, w_pde: 1.00e+00, L^2_error: 2.229e-03, lr: 1.000e-03, Time: 1.29e+04
INFO:src.utils.logger:Model state saved to results\box\DV\20260503-113031_seed0_bf_box_DV_circ19_e1500_8q_2l_seed2026\checkpoints\2026-05-03_11-30-32-332938_box_DV_seed\model.pth
INFO:src.utils.logger:Model weights saved to results\box\DV\20260503-113031_seed0_bf_box_DV_circ19_e1500_8q_2l_seed2026\checkpoints\2026-05-03_11-30-32-332938_box_DV_seed\model_weights.pth
INFO:src.utils.logger:It: 1038, Loss: 2.247e-02, Loss_res: 2.085e-02,  Loss_bcs: 0.000e+00, Loss_ut_ics: 6.479e-06, Loss_norm: 1.133e-07, Loss_gauge: 0.000e+00, w_pde: 1.00e+00, L^2_error: 2.229e-03, lr: 1.000e-03, Time: 1.29e+04
INFO:src.utils.logger:Model state saved to results\box\DV\20260503-113031_seed0_bf_box_DV_circ19_e1500_8q_2l_seed2026\checkpoints\2026-05-03_11-30-32-332938_box_DV_seed\model.pth
INFO:src.utils.logger:Model weights saved to results\box\DV\20260503-113031_seed0_bf_box_DV_circ19_e1500_8q_2l_seed2026\checkpoints\2026-05-03_11-30-32-332938_box_DV_seed\model_weights.pth
INFO:src.utils.logger:It: 1040, Loss: 2.535e-02, Loss_res: 2.390e-02,  Loss_bcs: 0.000e+00, Loss_ut_ics: 5.758e-06, Loss_norm: 2.029e-06, Loss_gauge: 0.000e+00, w_pde: 1.00e+00, L^2_error: 1.945e-03, lr: 1.000e-03, Time: 1.29e+04
INFO:src.utils.logger:Model state saved to results\box\DV\20260503-113031_seed0_bf_box_DV_circ19_e1500_8q_2l_seed2026\checkpoints\2026-05-03_11-30-32-332938_box_DV_seed\model.pth
INFO:src.utils.logger:Model weights saved to results\box\DV\20260503-113031_seed0_bf_box_DV_circ19_e1500_8q_2l_seed2026\checkpoints\2026-05-03_11-30-32-332938_box_DV_seed\model_weights.pth
INFO:src.utils.logger:It: 1042, Loss: 2.428e-02, Loss_res: 2.280e-02,  Loss_bcs: 0.000e+00, Loss_ut_ics: 5.916e-06, Loss_norm: 9.180e-07, Loss_gauge: 0.000e+00, w_pde: 1.00e+00, L^2_error: 1.945e-03, lr: 1.000e-03, Time: 1.30e+04
INFO:src.utils.logger:Model state saved to results\box\DV\20260503-113031_seed0_bf_box_DV_circ19_e1500_8q_2l_seed2026\checkpoints\2026-05-03_11-30-32-332938_box_DV_seed\model.pth
INFO:src.utils.logger:Model weights saved to results\box\DV\20260503-113031_seed0_bf_box_DV_circ19_e1500_8q_2l_seed2026\checkpoints\2026-05-03_11-30-32-332938_box_DV_seed\model_weights.pth
INFO:src.utils.logger:It: 1044, Loss: 2.023e-02, Loss_res: 1.857e-02,  Loss_bcs: 0.000e+00, Loss_ut_ics: 6.638e-06, Loss_norm: 1.212e-07, Loss_gauge: 0.000e+00, w_pde: 1.00e+00, L^2_error: 1.945e-03, lr: 1.000e-03, Time: 1.30e+04
INFO:src.utils.logger:Model state saved to results\box\DV\20260503-113031_seed0_bf_box_DV_circ19_e1500_8q_2l_seed2026\checkpoints\2026-05-03_11-30-32-332938_box_DV_seed\model.pth
INFO:src.utils.logger:Model weights saved to results\box\DV\20260503-113031_seed0_bf_box_DV_circ19_e1500_8q_2l_seed2026\checkpoints\2026-05-03_11-30-32-332938_box_DV_seed\model_weights.pth
INFO:src.utils.logger:It: 1046, Loss: 2.271e-02, Loss_res: 2.096e-02,  Loss_bcs: 0.000e+00, Loss_ut_ics: 7.012e-06, Loss_norm: 9.275e-08, Loss_gauge: 0.000e+00, w_pde: 1.00e+00, L^2_error: 2.200e-03, lr: 1.000e-03, Time: 1.30e+04
INFO:src.utils.logger:Model state saved to results\box\DV\20260503-113031_seed0_bf_box_DV_circ19_e1500_8q_2l_seed2026\checkpoints\2026-05-03_11-30-32-332938_box_DV_seed\model.pth
INFO:src.utils.logger:Model weights saved to results\box\DV\20260503-113031_seed0_bf_box_DV_circ19_e1500_8q_2l_seed2026\checkpoints\2026-05-03_11-30-32-332938_box_DV_seed\model_weights.pth
INFO:src.utils.logger:It: 1048, Loss: 2.118e-02, Loss_res: 1.964e-02,  Loss_bcs: 0.000e+00, Loss_ut_ics: 6.144e-06, Loss_norm: 3.587e-07, Loss_gauge: 0.000e+00, w_pde: 1.00e+00, L^2_error: 2.200e-03, lr: 1.000e-03, Time: 1.30e+04
INFO:src.utils.logger:Model state saved to results\box\DV\20260503-113031_seed0_bf_box_DV_circ19_e1500_8q_2l_seed2026\checkpoints\2026-05-03_11-30-32-332938_box_DV_seed\model.pth
INFO:src.utils.logger:Model weights saved to results\box\DV\20260503-113031_seed0_bf_box_DV_circ19_e1500_8q_2l_seed2026\checkpoints\2026-05-03_11-30-32-332938_box_DV_seed\model_weights.pth
INFO:src.utils.logger:It: 1050, Loss: 2.492e-02, Loss_res: 2.343e-02,  Loss_bcs: 0.000e+00, Loss_ut_ics: 5.920e-06, Loss_norm: 1.547e-06, Loss_gauge: 0.000e+00, w_pde: 1.00e+00, L^2_error: 2.090e-03, lr: 1.000e-03, Time: 1.31e+04
INFO:src.utils.logger:Model state saved to results\box\DV\20260503-113031_seed0_bf_box_DV_circ19_e1500_8q_2l_seed2026\checkpoints\2026-05-03_11-30-32-332938_box_DV_seed\model.pth
INFO:src.utils.logger:Model weights saved to results\box\DV\20260503-113031_seed0_bf_box_DV_circ19_e1500_8q_2l_seed2026\checkpoints\2026-05-03_11-30-32-332938_box_DV_seed\model_weights.pth
INFO:src.utils.logger:It: 1052, Loss: 2.185e-02, Loss_res: 2.043e-02,  Loss_bcs: 0.000e+00, Loss_ut_ics: 5.652e-06, Loss_norm: 1.810e-06, Loss_gauge: 0.000e+00, w_pde: 1.00e+00, L^2_error: 2.090e-03, lr: 1.000e-03, Time: 1.31e+04
INFO:src.utils.logger:Model state saved to results\box\DV\20260503-113031_seed0_bf_box_DV_circ19_e1500_8q_2l_seed2026\checkpoints\2026-05-03_11-30-32-332938_box_DV_seed\model.pth
INFO:src.utils.logger:Model weights saved to results\box\DV\20260503-113031_seed0_bf_box_DV_circ19_e1500_8q_2l_seed2026\checkpoints\2026-05-03_11-30-32-332938_box_DV_seed\model_weights.pth
INFO:src.utils.logger:It: 1054, Loss: 2.291e-02, Loss_res: 2.140e-02,  Loss_bcs: 0.000e+00, Loss_ut_ics: 6.019e-06, Loss_norm: 2.132e-07, Loss_gauge: 0.000e+00, w_pde: 1.00e+00, L^2_error: 2.090e-03, lr: 1.000e-03, Time: 1.31e+04
INFO:src.utils.logger:Model state saved to results\box\DV\20260503-113031_seed0_bf_box_DV_circ19_e1500_8q_2l_seed2026\checkpoints\2026-05-03_11-30-32-332938_box_DV_seed\model.pth
INFO:src.utils.logger:Model weights saved to results\box\DV\20260503-113031_seed0_bf_box_DV_circ19_e1500_8q_2l_seed2026\checkpoints\2026-05-03_11-30-32-332938_box_DV_seed\model_weights.pth
INFO:src.utils.logger:It: 1056, Loss: 2.415e-02, Loss_res: 2.240e-02,  Loss_bcs: 0.000e+00, Loss_ut_ics: 6.994e-06, Loss_norm: 4.786e-07, Loss_gauge: 0.000e+00, w_pde: 1.00e+00, L^2_error: 2.529e-03, lr: 1.000e-03, Time: 1.31e+04
INFO:src.utils.logger:Model state saved to results\box\DV\20260503-113031_seed0_bf_box_DV_circ19_e1500_8q_2l_seed2026\checkpoints\2026-05-03_11-30-32-332938_box_DV_seed\model.pth
INFO:src.utils.logger:Model weights saved to results\box\DV\20260503-113031_seed0_bf_box_DV_circ19_e1500_8q_2l_seed2026\checkpoints\2026-05-03_11-30-32-332938_box_DV_seed\model_weights.pth
INFO:src.utils.logger:It: 1058, Loss: 2.251e-02, Loss_res: 2.101e-02,  Loss_bcs: 0.000e+00, Loss_ut_ics: 5.992e-06, Loss_norm: 5.531e-07, Loss_gauge: 0.000e+00, w_pde: 1.00e+00, L^2_error: 2.529e-03, lr: 1.000e-03, Time: 1.32e+04
INFO:src.utils.logger:Model state saved to results\box\DV\20260503-113031_seed0_bf_box_DV_circ19_e1500_8q_2l_seed2026\checkpoints\2026-05-03_11-30-32-332938_box_DV_seed\model.pth
INFO:src.utils.logger:Model weights saved to results\box\DV\20260503-113031_seed0_bf_box_DV_circ19_e1500_8q_2l_seed2026\checkpoints\2026-05-03_11-30-32-332938_box_DV_seed\model_weights.pth
INFO:src.utils.logger:It: 1060, Loss: 2.482e-02, Loss_res: 2.346e-02,  Loss_bcs: 0.000e+00, Loss_ut_ics: 5.384e-06, Loss_norm: 3.179e-06, Loss_gauge: 0.000e+00, w_pde: 1.00e+00, L^2_error: 2.097e-03, lr: 1.000e-03, Time: 1.32e+04
INFO:src.utils.logger:Model state saved to results\box\DV\20260503-113031_seed0_bf_box_DV_circ19_e1500_8q_2l_seed2026\checkpoints\2026-05-03_11-30-32-332938_box_DV_seed\model.pth
INFO:src.utils.logger:Model weights saved to results\box\DV\20260503-113031_seed0_bf_box_DV_circ19_e1500_8q_2l_seed2026\checkpoints\2026-05-03_11-30-32-332938_box_DV_seed\model_weights.pth
INFO:src.utils.logger:It: 1062, Loss: 2.296e-02, Loss_res: 2.164e-02,  Loss_bcs: 0.000e+00, Loss_ut_ics: 5.245e-06, Loss_norm: 1.917e-06, Loss_gauge: 0.000e+00, w_pde: 1.00e+00, L^2_error: 2.097e-03, lr: 1.000e-03, Time: 1.32e+04
INFO:src.utils.logger:Model state saved to results\box\DV\20260503-113031_seed0_bf_box_DV_circ19_e1500_8q_2l_seed2026\checkpoints\2026-05-03_11-30-32-332938_box_DV_seed\model.pth
INFO:src.utils.logger:Model weights saved to results\box\DV\20260503-113031_seed0_bf_box_DV_circ19_e1500_8q_2l_seed2026\checkpoints\2026-05-03_11-30-32-332938_box_DV_seed\model_weights.pth
INFO:src.utils.logger:It: 1064, Loss: 2.174e-02, Loss_res: 2.031e-02,  Loss_bcs: 0.000e+00, Loss_ut_ics: 5.713e-06, Loss_norm: 3.647e-07, Loss_gauge: 0.000e+00, w_pde: 1.00e+00, L^2_error: 2.097e-03, lr: 1.000e-03, Time: 1.33e+04
INFO:src.utils.logger:Model state saved to results\box\DV\20260503-113031_seed0_bf_box_DV_circ19_e1500_8q_2l_seed2026\checkpoints\2026-05-03_11-30-32-332938_box_DV_seed\model.pth
INFO:src.utils.logger:Model weights saved to results\box\DV\20260503-113031_seed0_bf_box_DV_circ19_e1500_8q_2l_seed2026\checkpoints\2026-05-03_11-30-32-332938_box_DV_seed\model_weights.pth
INFO:src.utils.logger:It: 1066, Loss: 2.482e-02, Loss_res: 2.311e-02,  Loss_bcs: 0.000e+00, Loss_ut_ics: 6.836e-06, Loss_norm: 1.179e-07, Loss_gauge: 0.000e+00, w_pde: 1.00e+00, L^2_error: 1.881e-03, lr: 1.000e-03, Time: 1.33e+04
INFO:src.utils.logger:Model state saved to results\box\DV\20260503-113031_seed0_bf_box_DV_circ19_e1500_8q_2l_seed2026\checkpoints\2026-05-03_11-30-32-332938_box_DV_seed\model.pth
INFO:src.utils.logger:Model weights saved to results\box\DV\20260503-113031_seed0_bf_box_DV_circ19_e1500_8q_2l_seed2026\checkpoints\2026-05-03_11-30-32-332938_box_DV_seed\model_weights.pth
INFO:src.utils.logger:It: 1068, Loss: 2.337e-02, Loss_res: 2.165e-02,  Loss_bcs: 0.000e+00, Loss_ut_ics: 6.878e-06, Loss_norm: 2.811e-07, Loss_gauge: 0.000e+00, w_pde: 1.00e+00, L^2_error: 1.881e-03, lr: 1.000e-03, Time: 1.33e+04
INFO:src.utils.logger:Model state saved to results\box\DV\20260503-113031_seed0_bf_box_DV_circ19_e1500_8q_2l_seed2026\checkpoints\2026-05-03_11-30-32-332938_box_DV_seed\model.pth
INFO:src.utils.logger:Model weights saved to results\box\DV\20260503-113031_seed0_bf_box_DV_circ19_e1500_8q_2l_seed2026\checkpoints\2026-05-03_11-30-32-332938_box_DV_seed\model_weights.pth
INFO:src.utils.logger:It: 1070, Loss: 2.397e-02, Loss_res: 2.257e-02,  Loss_bcs: 0.000e+00, Loss_ut_ics: 5.616e-06, Loss_norm: 3.342e-07, Loss_gauge: 0.000e+00, w_pde: 1.00e+00, L^2_error: 1.936e-03, lr: 1.000e-03, Time: 1.33e+04
INFO:src.utils.logger:Model state saved to results\box\DV\20260503-113031_seed0_bf_box_DV_circ19_e1500_8q_2l_seed2026\checkpoints\2026-05-03_11-30-32-332938_box_DV_seed\model.pth
INFO:src.utils.logger:Model weights saved to results\box\DV\20260503-113031_seed0_bf_box_DV_circ19_e1500_8q_2l_seed2026\checkpoints\2026-05-03_11-30-32-332938_box_DV_seed\model_weights.pth
INFO:src.utils.logger:It: 1072, Loss: 2.253e-02, Loss_res: 2.114e-02,  Loss_bcs: 0.000e+00, Loss_ut_ics: 5.564e-06, Loss_norm: 5.165e-07, Loss_gauge: 0.000e+00, w_pde: 1.00e+00, L^2_error: 1.936e-03, lr: 1.000e-03, Time: 1.34e+04
INFO:src.utils.logger:Model state saved to results\box\DV\20260503-113031_seed0_bf_box_DV_circ19_e1500_8q_2l_seed2026\checkpoints\2026-05-03_11-30-32-332938_box_DV_seed\model.pth
INFO:src.utils.logger:Model weights saved to results\box\DV\20260503-113031_seed0_bf_box_DV_circ19_e1500_8q_2l_seed2026\checkpoints\2026-05-03_11-30-32-332938_box_DV_seed\model_weights.pth
INFO:src.utils.logger:It: 1074, Loss: 2.205e-02, Loss_res: 2.070e-02,  Loss_bcs: 0.000e+00, Loss_ut_ics: 5.394e-06, Loss_norm: 1.122e-07, Loss_gauge: 0.000e+00, w_pde: 1.00e+00, L^2_error: 1.936e-03, lr: 1.000e-03, Time: 1.34e+04
INFO:src.utils.logger:Model state saved to results\box\DV\20260503-113031_seed0_bf_box_DV_circ19_e1500_8q_2l_seed2026\checkpoints\2026-05-03_11-30-32-332938_box_DV_seed\model.pth
INFO:src.utils.logger:Model weights saved to results\box\DV\20260503-113031_seed0_bf_box_DV_circ19_e1500_8q_2l_seed2026\checkpoints\2026-05-03_11-30-32-332938_box_DV_seed\model_weights.pth
INFO:src.utils.logger:It: 1076, Loss: 2.144e-02, Loss_res: 1.985e-02,  Loss_bcs: 0.000e+00, Loss_ut_ics: 6.374e-06, Loss_norm: 6.225e-07, Loss_gauge: 0.000e+00, w_pde: 1.00e+00, L^2_error: 1.759e-03, lr: 1.000e-03, Time: 1.34e+04
INFO:src.utils.logger:Model state saved to results\box\DV\20260503-113031_seed0_bf_box_DV_circ19_e1500_8q_2l_seed2026\checkpoints\2026-05-03_11-30-32-332938_box_DV_seed\model.pth
INFO:src.utils.logger:Model weights saved to results\box\DV\20260503-113031_seed0_bf_box_DV_circ19_e1500_8q_2l_seed2026\checkpoints\2026-05-03_11-30-32-332938_box_DV_seed\model_weights.pth
INFO:src.utils.logger:It: 1078, Loss: 2.133e-02, Loss_res: 1.986e-02,  Loss_bcs: 0.000e+00, Loss_ut_ics: 5.862e-06, Loss_norm: 8.725e-07, Loss_gauge: 0.000e+00, w_pde: 1.00e+00, L^2_error: 1.759e-03, lr: 1.000e-03, Time: 1.34e+04
INFO:src.utils.logger:Model state saved to results\box\DV\20260503-113031_seed0_bf_box_DV_circ19_e1500_8q_2l_seed2026\checkpoints\2026-05-03_11-30-32-332938_box_DV_seed\model.pth
INFO:src.utils.logger:Model weights saved to results\box\DV\20260503-113031_seed0_bf_box_DV_circ19_e1500_8q_2l_seed2026\checkpoints\2026-05-03_11-30-32-332938_box_DV_seed\model_weights.pth
INFO:src.utils.logger:It: 1080, Loss: 2.194e-02, Loss_res: 2.057e-02,  Loss_bcs: 0.000e+00, Loss_ut_ics: 5.465e-06, Loss_norm: 6.795e-07, Loss_gauge: 0.000e+00, w_pde: 1.00e+00, L^2_error: 1.932e-03, lr: 1.000e-03, Time: 1.35e+04
INFO:src.utils.logger:Model state saved to results\box\DV\20260503-113031_seed0_bf_box_DV_circ19_e1500_8q_2l_seed2026\checkpoints\2026-05-03_11-30-32-332938_box_DV_seed\model.pth
INFO:src.utils.logger:Model weights saved to results\box\DV\20260503-113031_seed0_bf_box_DV_circ19_e1500_8q_2l_seed2026\checkpoints\2026-05-03_11-30-32-332938_box_DV_seed\model_weights.pth
INFO:src.utils.logger:It: 1082, Loss: 2.267e-02, Loss_res: 2.150e-02,  Loss_bcs: 0.000e+00, Loss_ut_ics: 4.688e-06, Loss_norm: 4.084e-07, Loss_gauge: 0.000e+00, w_pde: 1.00e+00, L^2_error: 1.932e-03, lr: 1.000e-03, Time: 1.35e+04
INFO:src.utils.logger:Model state saved to results\box\DV\20260503-113031_seed0_bf_box_DV_circ19_e1500_8q_2l_seed2026\checkpoints\2026-05-03_11-30-32-332938_box_DV_seed\model.pth
INFO:src.utils.logger:Model weights saved to results\box\DV\20260503-113031_seed0_bf_box_DV_circ19_e1500_8q_2l_seed2026\checkpoints\2026-05-03_11-30-32-332938_box_DV_seed\model_weights.pth
INFO:src.utils.logger:It: 1084, Loss: 1.870e-02, Loss_res: 1.742e-02,  Loss_bcs: 0.000e+00, Loss_ut_ics: 5.105e-06, Loss_norm: 5.624e-07, Loss_gauge: 0.000e+00, w_pde: 1.00e+00, L^2_error: 1.932e-03, lr: 1.000e-03, Time: 1.35e+04
INFO:src.utils.logger:Model state saved to results\box\DV\20260503-113031_seed0_bf_box_DV_circ19_e1500_8q_2l_seed2026\checkpoints\2026-05-03_11-30-32-332938_box_DV_seed\model.pth
INFO:src.utils.logger:Model weights saved to results\box\DV\20260503-113031_seed0_bf_box_DV_circ19_e1500_8q_2l_seed2026\checkpoints\2026-05-03_11-30-32-332938_box_DV_seed\model_weights.pth
INFO:src.utils.logger:It: 1086, Loss: 2.014e-02, Loss_res: 1.883e-02,  Loss_bcs: 0.000e+00, Loss_ut_ics: 5.234e-06, Loss_norm: 6.992e-07, Loss_gauge: 0.000e+00, w_pde: 1.00e+00, L^2_error: 1.904e-03, lr: 1.000e-03, Time: 1.36e+04
INFO:src.utils.logger:Model state saved to results\box\DV\20260503-113031_seed0_bf_box_DV_circ19_e1500_8q_2l_seed2026\checkpoints\2026-05-03_11-30-32-332938_box_DV_seed\model.pth
INFO:src.utils.logger:Model weights saved to results\box\DV\20260503-113031_seed0_bf_box_DV_circ19_e1500_8q_2l_seed2026\checkpoints\2026-05-03_11-30-32-332938_box_DV_seed\model_weights.pth
INFO:src.utils.logger:It: 1088, Loss: 1.867e-02, Loss_res: 1.726e-02,  Loss_bcs: 0.000e+00, Loss_ut_ics: 5.663e-06, Loss_norm: 2.445e-07, Loss_gauge: 0.000e+00, w_pde: 1.00e+00, L^2_error: 1.904e-03, lr: 1.000e-03, Time: 1.36e+04
INFO:src.utils.logger:Model state saved to results\box\DV\20260503-113031_seed0_bf_box_DV_circ19_e1500_8q_2l_seed2026\checkpoints\2026-05-03_11-30-32-332938_box_DV_seed\model.pth
INFO:src.utils.logger:Model weights saved to results\box\DV\20260503-113031_seed0_bf_box_DV_circ19_e1500_8q_2l_seed2026\checkpoints\2026-05-03_11-30-32-332938_box_DV_seed\model_weights.pth
INFO:src.utils.logger:It: 1090, Loss: 2.074e-02, Loss_res: 1.921e-02,  Loss_bcs: 0.000e+00, Loss_ut_ics: 6.093e-06, Loss_norm: 5.136e-07, Loss_gauge: 0.000e+00, w_pde: 1.00e+00, L^2_error: 1.768e-03, lr: 1.000e-03, Time: 1.36e+04
INFO:src.utils.logger:Model state saved to results\box\DV\20260503-113031_seed0_bf_box_DV_circ19_e1500_8q_2l_seed2026\checkpoints\2026-05-03_11-30-32-332938_box_DV_seed\model.pth
INFO:src.utils.logger:Model weights saved to results\box\DV\20260503-113031_seed0_bf_box_DV_circ19_e1500_8q_2l_seed2026\checkpoints\2026-05-03_11-30-32-332938_box_DV_seed\model_weights.pth
INFO:src.utils.logger:It: 1092, Loss: 2.296e-02, Loss_res: 2.152e-02,  Loss_bcs: 0.000e+00, Loss_ut_ics: 5.727e-06, Loss_norm: 1.053e-06, Loss_gauge: 0.000e+00, w_pde: 1.00e+00, L^2_error: 1.768e-03, lr: 1.000e-03, Time: 1.36e+04
INFO:src.utils.logger:Model state saved to results\box\DV\20260503-113031_seed0_bf_box_DV_circ19_e1500_8q_2l_seed2026\checkpoints\2026-05-03_11-30-32-332938_box_DV_seed\model.pth
INFO:src.utils.logger:Model weights saved to results\box\DV\20260503-113031_seed0_bf_box_DV_circ19_e1500_8q_2l_seed2026\checkpoints\2026-05-03_11-30-32-332938_box_DV_seed\model_weights.pth
INFO:src.utils.logger:It: 1094, Loss: 2.062e-02, Loss_res: 1.935e-02,  Loss_bcs: 0.000e+00, Loss_ut_ics: 5.074e-06, Loss_norm: 9.804e-07, Loss_gauge: 0.000e+00, w_pde: 1.00e+00, L^2_error: 1.768e-03, lr: 1.000e-03, Time: 1.37e+04
INFO:src.utils.logger:Model state saved to results\box\DV\20260503-113031_seed0_bf_box_DV_circ19_e1500_8q_2l_seed2026\checkpoints\2026-05-03_11-30-32-332938_box_DV_seed\model.pth
INFO:src.utils.logger:Model weights saved to results\box\DV\20260503-113031_seed0_bf_box_DV_circ19_e1500_8q_2l_seed2026\checkpoints\2026-05-03_11-30-32-332938_box_DV_seed\model_weights.pth
INFO:src.utils.logger:It: 1096, Loss: 2.278e-02, Loss_res: 2.165e-02,  Loss_bcs: 0.000e+00, Loss_ut_ics: 4.486e-06, Loss_norm: 7.410e-07, Loss_gauge: 0.000e+00, w_pde: 1.00e+00, L^2_error: 2.084e-03, lr: 1.000e-03, Time: 1.37e+04
INFO:src.utils.logger:Model state saved to results\box\DV\20260503-113031_seed0_bf_box_DV_circ19_e1500_8q_2l_seed2026\checkpoints\2026-05-03_11-30-32-332938_box_DV_seed\model.pth
INFO:src.utils.logger:Model weights saved to results\box\DV\20260503-113031_seed0_bf_box_DV_circ19_e1500_8q_2l_seed2026\checkpoints\2026-05-03_11-30-32-332938_box_DV_seed\model_weights.pth
INFO:src.utils.logger:It: 1098, Loss: 2.103e-02, Loss_res: 1.973e-02,  Loss_bcs: 0.000e+00, Loss_ut_ics: 5.181e-06, Loss_norm: 1.389e-06, Loss_gauge: 0.000e+00, w_pde: 1.00e+00, L^2_error: 2.084e-03, lr: 1.000e-03, Time: 1.37e+04
INFO:src.utils.logger:Model state saved to results\box\DV\20260503-113031_seed0_bf_box_DV_circ19_e1500_8q_2l_seed2026\checkpoints\2026-05-03_11-30-32-332938_box_DV_seed\model.pth
INFO:src.utils.logger:Model weights saved to results\box\DV\20260503-113031_seed0_bf_box_DV_circ19_e1500_8q_2l_seed2026\checkpoints\2026-05-03_11-30-32-332938_box_DV_seed\model_weights.pth
INFO:src.utils.logger:It: 1100, Loss: 2.147e-02, Loss_res: 2.010e-02,  Loss_bcs: 0.000e+00, Loss_ut_ics: 5.468e-06, Loss_norm: 8.211e-07, Loss_gauge: 0.000e+00, w_pde: 1.00e+00, L^2_error: 1.795e-03, lr: 1.000e-03, Time: 1.38e+04
INFO:src.utils.logger:Model state saved to results\box\DV\20260503-113031_seed0_bf_box_DV_circ19_e1500_8q_2l_seed2026\checkpoints\2026-05-03_11-30-32-332938_box_DV_seed\model.pth
INFO:src.utils.logger:Model weights saved to results\box\DV\20260503-113031_seed0_bf_box_DV_circ19_e1500_8q_2l_seed2026\checkpoints\2026-05-03_11-30-32-332938_box_DV_seed\model_weights.pth
INFO:src.utils.logger:It: 1102, Loss: 2.118e-02, Loss_res: 1.983e-02,  Loss_bcs: 0.000e+00, Loss_ut_ics: 5.388e-06, Loss_norm: 2.832e-07, Loss_gauge: 0.000e+00, w_pde: 1.00e+00, L^2_error: 1.795e-03, lr: 1.000e-03, Time: 1.38e+04
INFO:src.utils.logger:Model state saved to results\box\DV\20260503-113031_seed0_bf_box_DV_circ19_e1500_8q_2l_seed2026\checkpoints\2026-05-03_11-30-32-332938_box_DV_seed\model.pth
INFO:src.utils.logger:Model weights saved to results\box\DV\20260503-113031_seed0_bf_box_DV_circ19_e1500_8q_2l_seed2026\checkpoints\2026-05-03_11-30-32-332938_box_DV_seed\model_weights.pth
INFO:src.utils.logger:It: 1104, Loss: 2.129e-02, Loss_res: 2.002e-02,  Loss_bcs: 0.000e+00, Loss_ut_ics: 5.072e-06, Loss_norm: 2.253e-07, Loss_gauge: 0.000e+00, w_pde: 1.00e+00, L^2_error: 1.795e-03, lr: 1.000e-03, Time: 1.38e+04
INFO:src.utils.logger:Model state saved to results\box\DV\20260503-113031_seed0_bf_box_DV_circ19_e1500_8q_2l_seed2026\checkpoints\2026-05-03_11-30-32-332938_box_DV_seed\model.pth
INFO:src.utils.logger:Model weights saved to results\box\DV\20260503-113031_seed0_bf_box_DV_circ19_e1500_8q_2l_seed2026\checkpoints\2026-05-03_11-30-32-332938_box_DV_seed\model_weights.pth
INFO:src.utils.logger:It: 1106, Loss: 2.040e-02, Loss_res: 1.910e-02,  Loss_bcs: 0.000e+00, Loss_ut_ics: 5.220e-06, Loss_norm: 1.143e-07, Loss_gauge: 0.000e+00, w_pde: 1.00e+00, L^2_error: 1.837e-03, lr: 1.000e-03, Time: 1.38e+04
INFO:src.utils.logger:Model state saved to results\box\DV\20260503-113031_seed0_bf_box_DV_circ19_e1500_8q_2l_seed2026\checkpoints\2026-05-03_11-30-32-332938_box_DV_seed\model.pth
INFO:src.utils.logger:Model weights saved to results\box\DV\20260503-113031_seed0_bf_box_DV_circ19_e1500_8q_2l_seed2026\checkpoints\2026-05-03_11-30-32-332938_box_DV_seed\model_weights.pth
INFO:src.utils.logger:It: 1108, Loss: 2.030e-02, Loss_res: 1.878e-02,  Loss_bcs: 0.000e+00, Loss_ut_ics: 6.047e-06, Loss_norm: 1.227e-06, Loss_gauge: 0.000e+00, w_pde: 1.00e+00, L^2_error: 1.837e-03, lr: 1.000e-03, Time: 1.39e+04
INFO:src.utils.logger:Model state saved to results\box\DV\20260503-113031_seed0_bf_box_DV_circ19_e1500_8q_2l_seed2026\checkpoints\2026-05-03_11-30-32-332938_box_DV_seed\model.pth
INFO:src.utils.logger:Model weights saved to results\box\DV\20260503-113031_seed0_bf_box_DV_circ19_e1500_8q_2l_seed2026\checkpoints\2026-05-03_11-30-32-332938_box_DV_seed\model_weights.pth
INFO:src.utils.logger:It: 1110, Loss: 2.042e-02, Loss_res: 1.891e-02,  Loss_bcs: 0.000e+00, Loss_ut_ics: 5.993e-06, Loss_norm: 8.812e-07, Loss_gauge: 0.000e+00, w_pde: 1.00e+00, L^2_error: 1.677e-03, lr: 1.000e-03, Time: 1.39e+04
INFO:src.utils.logger:Model state saved to results\box\DV\20260503-113031_seed0_bf_box_DV_circ19_e1500_8q_2l_seed2026\checkpoints\2026-05-03_11-30-32-332938_box_DV_seed\model.pth
INFO:src.utils.logger:Model weights saved to results\box\DV\20260503-113031_seed0_bf_box_DV_circ19_e1500_8q_2l_seed2026\checkpoints\2026-05-03_11-30-32-332938_box_DV_seed\model_weights.pth
INFO:src.utils.logger:It: 1112, Loss: 2.167e-02, Loss_res: 2.032e-02,  Loss_bcs: 0.000e+00, Loss_ut_ics: 5.408e-06, Loss_norm: 4.047e-07, Loss_gauge: 0.000e+00, w_pde: 1.00e+00, L^2_error: 1.677e-03, lr: 1.000e-03, Time: 1.39e+04
INFO:src.utils.logger:Model state saved to results\box\DV\20260503-113031_seed0_bf_box_DV_circ19_e1500_8q_2l_seed2026\checkpoints\2026-05-03_11-30-32-332938_box_DV_seed\model.pth
INFO:src.utils.logger:Model weights saved to results\box\DV\20260503-113031_seed0_bf_box_DV_circ19_e1500_8q_2l_seed2026\checkpoints\2026-05-03_11-30-32-332938_box_DV_seed\model_weights.pth
INFO:src.utils.logger:It: 1114, Loss: 1.993e-02, Loss_res: 1.874e-02,  Loss_bcs: 0.000e+00, Loss_ut_ics: 4.750e-06, Loss_norm: 8.183e-07, Loss_gauge: 0.000e+00, w_pde: 1.00e+00, L^2_error: 1.677e-03, lr: 1.000e-03, Time: 1.39e+04
INFO:src.utils.logger:Model state saved to results\box\DV\20260503-113031_seed0_bf_box_DV_circ19_e1500_8q_2l_seed2026\checkpoints\2026-05-03_11-30-32-332938_box_DV_seed\model.pth
INFO:src.utils.logger:Model weights saved to results\box\DV\20260503-113031_seed0_bf_box_DV_circ19_e1500_8q_2l_seed2026\checkpoints\2026-05-03_11-30-32-332938_box_DV_seed\model_weights.pth
INFO:src.utils.logger:It: 1116, Loss: 2.000e-02, Loss_res: 1.862e-02,  Loss_bcs: 0.000e+00, Loss_ut_ics: 5.504e-06, Loss_norm: 1.190e-07, Loss_gauge: 0.000e+00, w_pde: 1.00e+00, L^2_error: 1.940e-03, lr: 1.000e-03, Time: 1.40e+04
INFO:src.utils.logger:Model state saved to results\box\DV\20260503-113031_seed0_bf_box_DV_circ19_e1500_8q_2l_seed2026\checkpoints\2026-05-03_11-30-32-332938_box_DV_seed\model.pth
INFO:src.utils.logger:Model weights saved to results\box\DV\20260503-113031_seed0_bf_box_DV_circ19_e1500_8q_2l_seed2026\checkpoints\2026-05-03_11-30-32-332938_box_DV_seed\model_weights.pth
INFO:src.utils.logger:It: 1118, Loss: 2.086e-02, Loss_res: 1.940e-02,  Loss_bcs: 0.000e+00, Loss_ut_ics: 5.816e-06, Loss_norm: 1.164e-06, Loss_gauge: 0.000e+00, w_pde: 1.00e+00, L^2_error: 1.940e-03, lr: 1.000e-03, Time: 1.40e+04
INFO:src.utils.logger:Model state saved to results\box\DV\20260503-113031_seed0_bf_box_DV_circ19_e1500_8q_2l_seed2026\checkpoints\2026-05-03_11-30-32-332938_box_DV_seed\model.pth
INFO:src.utils.logger:Model weights saved to results\box\DV\20260503-113031_seed0_bf_box_DV_circ19_e1500_8q_2l_seed2026\checkpoints\2026-05-03_11-30-32-332938_box_DV_seed\model_weights.pth
INFO:src.utils.logger:It: 1120, Loss: 2.087e-02, Loss_res: 1.942e-02,  Loss_bcs: 0.000e+00, Loss_ut_ics: 5.775e-06, Loss_norm: 1.062e-06, Loss_gauge: 0.000e+00, w_pde: 1.00e+00, L^2_error: 1.856e-03, lr: 1.000e-03, Time: 1.40e+04
INFO:src.utils.logger:Model state saved to results\box\DV\20260503-113031_seed0_bf_box_DV_circ19_e1500_8q_2l_seed2026\checkpoints\2026-05-03_11-30-32-332938_box_DV_seed\model.pth
INFO:src.utils.logger:Model weights saved to results\box\DV\20260503-113031_seed0_bf_box_DV_circ19_e1500_8q_2l_seed2026\checkpoints\2026-05-03_11-30-32-332938_box_DV_seed\model_weights.pth
INFO:src.utils.logger:It: 1122, Loss: 1.989e-02, Loss_res: 1.842e-02,  Loss_bcs: 0.000e+00, Loss_ut_ics: 5.877e-06, Loss_norm: 2.010e-07, Loss_gauge: 0.000e+00, w_pde: 1.00e+00, L^2_error: 1.856e-03, lr: 1.000e-03, Time: 1.41e+04
INFO:src.utils.logger:Model state saved to results\box\DV\20260503-113031_seed0_bf_box_DV_circ19_e1500_8q_2l_seed2026\checkpoints\2026-05-03_11-30-32-332938_box_DV_seed\model.pth
INFO:src.utils.logger:Model weights saved to results\box\DV\20260503-113031_seed0_bf_box_DV_circ19_e1500_8q_2l_seed2026\checkpoints\2026-05-03_11-30-32-332938_box_DV_seed\model_weights.pth
INFO:src.utils.logger:It: 1124, Loss: 2.041e-02, Loss_res: 1.920e-02,  Loss_bcs: 0.000e+00, Loss_ut_ics: 4.835e-06, Loss_norm: 2.952e-07, Loss_gauge: 0.000e+00, w_pde: 1.00e+00, L^2_error: 1.856e-03, lr: 1.000e-03, Time: 1.41e+04
INFO:src.utils.logger:Model state saved to results\box\DV\20260503-113031_seed0_bf_box_DV_circ19_e1500_8q_2l_seed2026\checkpoints\2026-05-03_11-30-32-332938_box_DV_seed\model.pth
INFO:src.utils.logger:Model weights saved to results\box\DV\20260503-113031_seed0_bf_box_DV_circ19_e1500_8q_2l_seed2026\checkpoints\2026-05-03_11-30-32-332938_box_DV_seed\model_weights.pth
INFO:src.utils.logger:It: 1126, Loss: 2.007e-02, Loss_res: 1.864e-02,  Loss_bcs: 0.000e+00, Loss_ut_ics: 5.711e-06, Loss_norm: 6.500e-07, Loss_gauge: 0.000e+00, w_pde: 1.00e+00, L^2_error: 1.825e-03, lr: 1.000e-03, Time: 1.41e+04
INFO:src.utils.logger:Model state saved to results\box\DV\20260503-113031_seed0_bf_box_DV_circ19_e1500_8q_2l_seed2026\checkpoints\2026-05-03_11-30-32-332938_box_DV_seed\model.pth
INFO:src.utils.logger:Model weights saved to results\box\DV\20260503-113031_seed0_bf_box_DV_circ19_e1500_8q_2l_seed2026\checkpoints\2026-05-03_11-30-32-332938_box_DV_seed\model_weights.pth
INFO:src.utils.logger:It: 1128, Loss: 2.029e-02, Loss_res: 1.879e-02,  Loss_bcs: 0.000e+00, Loss_ut_ics: 6.000e-06, Loss_norm: 4.606e-07, Loss_gauge: 0.000e+00, w_pde: 1.00e+00, L^2_error: 1.825e-03, lr: 1.000e-03, Time: 1.41e+04
INFO:src.utils.logger:Model state saved to results\box\DV\20260503-113031_seed0_bf_box_DV_circ19_e1500_8q_2l_seed2026\checkpoints\2026-05-03_11-30-32-332938_box_DV_seed\model.pth
INFO:src.utils.logger:Model weights saved to results\box\DV\20260503-113031_seed0_bf_box_DV_circ19_e1500_8q_2l_seed2026\checkpoints\2026-05-03_11-30-32-332938_box_DV_seed\model_weights.pth
INFO:src.utils.logger:It: 1130, Loss: 1.729e-02, Loss_res: 1.595e-02,  Loss_bcs: 0.000e+00, Loss_ut_ics: 5.362e-06, Loss_norm: 5.764e-07, Loss_gauge: 0.000e+00, w_pde: 1.00e+00, L^2_error: 1.913e-03, lr: 1.000e-03, Time: 1.42e+04
INFO:src.utils.logger:Model state saved to results\box\DV\20260503-113031_seed0_bf_box_DV_circ19_e1500_8q_2l_seed2026\checkpoints\2026-05-03_11-30-32-332938_box_DV_seed\model.pth
INFO:src.utils.logger:Model weights saved to results\box\DV\20260503-113031_seed0_bf_box_DV_circ19_e1500_8q_2l_seed2026\checkpoints\2026-05-03_11-30-32-332938_box_DV_seed\model_weights.pth
INFO:src.utils.logger:It: 1132, Loss: 2.043e-02, Loss_res: 1.937e-02,  Loss_bcs: 0.000e+00, Loss_ut_ics: 4.260e-06, Loss_norm: 4.916e-07, Loss_gauge: 0.000e+00, w_pde: 1.00e+00, L^2_error: 1.913e-03, lr: 1.000e-03, Time: 1.42e+04
INFO:src.utils.logger:Model state saved to results\box\DV\20260503-113031_seed0_bf_box_DV_circ19_e1500_8q_2l_seed2026\checkpoints\2026-05-03_11-30-32-332938_box_DV_seed\model.pth
INFO:src.utils.logger:Model weights saved to results\box\DV\20260503-113031_seed0_bf_box_DV_circ19_e1500_8q_2l_seed2026\checkpoints\2026-05-03_11-30-32-332938_box_DV_seed\model_weights.pth
INFO:src.utils.logger:It: 1134, Loss: 1.910e-02, Loss_res: 1.800e-02,  Loss_bcs: 0.000e+00, Loss_ut_ics: 4.394e-06, Loss_norm: 2.750e-07, Loss_gauge: 0.000e+00, w_pde: 1.00e+00, L^2_error: 1.913e-03, lr: 1.000e-03, Time: 1.42e+04
INFO:src.utils.logger:Model state saved to results\box\DV\20260503-113031_seed0_bf_box_DV_circ19_e1500_8q_2l_seed2026\checkpoints\2026-05-03_11-30-32-332938_box_DV_seed\model.pth
INFO:src.utils.logger:Model weights saved to results\box\DV\20260503-113031_seed0_bf_box_DV_circ19_e1500_8q_2l_seed2026\checkpoints\2026-05-03_11-30-32-332938_box_DV_seed\model_weights.pth
INFO:src.utils.logger:It: 1136, Loss: 1.855e-02, Loss_res: 1.717e-02,  Loss_bcs: 0.000e+00, Loss_ut_ics: 5.532e-06, Loss_norm: 1.919e-07, Loss_gauge: 0.000e+00, w_pde: 1.00e+00, L^2_error: 1.731e-03, lr: 1.000e-03, Time: 1.42e+04
INFO:src.utils.logger:Model state saved to results\box\DV\20260503-113031_seed0_bf_box_DV_circ19_e1500_8q_2l_seed2026\checkpoints\2026-05-03_11-30-32-332938_box_DV_seed\model.pth
INFO:src.utils.logger:Model weights saved to results\box\DV\20260503-113031_seed0_bf_box_DV_circ19_e1500_8q_2l_seed2026\checkpoints\2026-05-03_11-30-32-332938_box_DV_seed\model_weights.pth
INFO:src.utils.logger:It: 1138, Loss: 1.903e-02, Loss_res: 1.755e-02,  Loss_bcs: 0.000e+00, Loss_ut_ics: 5.914e-06, Loss_norm: 3.125e-08, Loss_gauge: 0.000e+00, w_pde: 1.00e+00, L^2_error: 1.731e-03, lr: 1.000e-03, Time: 1.43e+04
INFO:src.utils.logger:Model state saved to results\box\DV\20260503-113031_seed0_bf_box_DV_circ19_e1500_8q_2l_seed2026\checkpoints\2026-05-03_11-30-32-332938_box_DV_seed\model.pth
INFO:src.utils.logger:Model weights saved to results\box\DV\20260503-113031_seed0_bf_box_DV_circ19_e1500_8q_2l_seed2026\checkpoints\2026-05-03_11-30-32-332938_box_DV_seed\model_weights.pth
INFO:src.utils.logger:It: 1140, Loss: 1.912e-02, Loss_res: 1.776e-02,  Loss_bcs: 0.000e+00, Loss_ut_ics: 5.433e-06, Loss_norm: 4.851e-08, Loss_gauge: 0.000e+00, w_pde: 1.00e+00, L^2_error: 1.856e-03, lr: 1.000e-03, Time: 1.43e+04
INFO:src.utils.logger:Model state saved to results\box\DV\20260503-113031_seed0_bf_box_DV_circ19_e1500_8q_2l_seed2026\checkpoints\2026-05-03_11-30-32-332938_box_DV_seed\model.pth
INFO:src.utils.logger:Model weights saved to results\box\DV\20260503-113031_seed0_bf_box_DV_circ19_e1500_8q_2l_seed2026\checkpoints\2026-05-03_11-30-32-332938_box_DV_seed\model_weights.pth
INFO:src.utils.logger:It: 1142, Loss: 1.794e-02, Loss_res: 1.686e-02,  Loss_bcs: 0.000e+00, Loss_ut_ics: 4.300e-06, Loss_norm: 2.483e-07, Loss_gauge: 0.000e+00, w_pde: 1.00e+00, L^2_error: 1.856e-03, lr: 1.000e-03, Time: 1.43e+04
INFO:src.utils.logger:Model state saved to results\box\DV\20260503-113031_seed0_bf_box_DV_circ19_e1500_8q_2l_seed2026\checkpoints\2026-05-03_11-30-32-332938_box_DV_seed\model.pth
INFO:src.utils.logger:Model weights saved to results\box\DV\20260503-113031_seed0_bf_box_DV_circ19_e1500_8q_2l_seed2026\checkpoints\2026-05-03_11-30-32-332938_box_DV_seed\model_weights.pth
INFO:src.utils.logger:It: 1144, Loss: 1.800e-02, Loss_res: 1.685e-02,  Loss_bcs: 0.000e+00, Loss_ut_ics: 4.584e-06, Loss_norm: 3.467e-07, Loss_gauge: 0.000e+00, w_pde: 1.00e+00, L^2_error: 1.856e-03, lr: 1.000e-03, Time: 1.44e+04
INFO:src.utils.logger:Model state saved to results\box\DV\20260503-113031_seed0_bf_box_DV_circ19_e1500_8q_2l_seed2026\checkpoints\2026-05-03_11-30-32-332938_box_DV_seed\model.pth
INFO:src.utils.logger:Model weights saved to results\box\DV\20260503-113031_seed0_bf_box_DV_circ19_e1500_8q_2l_seed2026\checkpoints\2026-05-03_11-30-32-332938_box_DV_seed\model_weights.pth
INFO:src.utils.logger:It: 1146, Loss: 1.924e-02, Loss_res: 1.790e-02,  Loss_bcs: 0.000e+00, Loss_ut_ics: 5.370e-06, Loss_norm: 2.054e-08, Loss_gauge: 0.000e+00, w_pde: 1.00e+00, L^2_error: 1.812e-03, lr: 1.000e-03, Time: 1.44e+04
INFO:src.utils.logger:Model state saved to results\box\DV\20260503-113031_seed0_bf_box_DV_circ19_e1500_8q_2l_seed2026\checkpoints\2026-05-03_11-30-32-332938_box_DV_seed\model.pth
INFO:src.utils.logger:Model weights saved to results\box\DV\20260503-113031_seed0_bf_box_DV_circ19_e1500_8q_2l_seed2026\checkpoints\2026-05-03_11-30-32-332938_box_DV_seed\model_weights.pth
INFO:src.utils.logger:It: 1148, Loss: 2.099e-02, Loss_res: 1.965e-02,  Loss_bcs: 0.000e+00, Loss_ut_ics: 5.360e-06, Loss_norm: 1.045e-07, Loss_gauge: 0.000e+00, w_pde: 1.00e+00, L^2_error: 1.812e-03, lr: 1.000e-03, Time: 1.44e+04
INFO:src.utils.logger:Model state saved to results\box\DV\20260503-113031_seed0_bf_box_DV_circ19_e1500_8q_2l_seed2026\checkpoints\2026-05-03_11-30-32-332938_box_DV_seed\model.pth
INFO:src.utils.logger:Model weights saved to results\box\DV\20260503-113031_seed0_bf_box_DV_circ19_e1500_8q_2l_seed2026\checkpoints\2026-05-03_11-30-32-332938_box_DV_seed\model_weights.pth
INFO:src.utils.logger:It: 1150, Loss: 1.840e-02, Loss_res: 1.724e-02,  Loss_bcs: 0.000e+00, Loss_ut_ics: 4.663e-06, Loss_norm: 5.239e-07, Loss_gauge: 0.000e+00, w_pde: 1.00e+00, L^2_error: 2.007e-03, lr: 1.000e-03, Time: 1.44e+04
INFO:src.utils.logger:Model state saved to results\box\DV\20260503-113031_seed0_bf_box_DV_circ19_e1500_8q_2l_seed2026\checkpoints\2026-05-03_11-30-32-332938_box_DV_seed\model.pth
INFO:src.utils.logger:Model weights saved to results\box\DV\20260503-113031_seed0_bf_box_DV_circ19_e1500_8q_2l_seed2026\checkpoints\2026-05-03_11-30-32-332938_box_DV_seed\model_weights.pth
INFO:src.utils.logger:It: 1152, Loss: 2.062e-02, Loss_res: 1.955e-02,  Loss_bcs: 0.000e+00, Loss_ut_ics: 4.285e-06, Loss_norm: 6.732e-07, Loss_gauge: 0.000e+00, w_pde: 1.00e+00, L^2_error: 2.007e-03, lr: 1.000e-03, Time: 1.45e+04
INFO:src.utils.logger:Model state saved to results\box\DV\20260503-113031_seed0_bf_box_DV_circ19_e1500_8q_2l_seed2026\checkpoints\2026-05-03_11-30-32-332938_box_DV_seed\model.pth
INFO:src.utils.logger:Model weights saved to results\box\DV\20260503-113031_seed0_bf_box_DV_circ19_e1500_8q_2l_seed2026\checkpoints\2026-05-03_11-30-32-332938_box_DV_seed\model_weights.pth
INFO:src.utils.logger:It: 1154, Loss: 1.886e-02, Loss_res: 1.755e-02,  Loss_bcs: 0.000e+00, Loss_ut_ics: 5.250e-06, Loss_norm: 9.339e-07, Loss_gauge: 0.000e+00, w_pde: 1.00e+00, L^2_error: 2.007e-03, lr: 1.000e-03, Time: 1.45e+04
INFO:src.utils.logger:Model state saved to results\box\DV\20260503-113031_seed0_bf_box_DV_circ19_e1500_8q_2l_seed2026\checkpoints\2026-05-03_11-30-32-332938_box_DV_seed\model.pth
INFO:src.utils.logger:Model weights saved to results\box\DV\20260503-113031_seed0_bf_box_DV_circ19_e1500_8q_2l_seed2026\checkpoints\2026-05-03_11-30-32-332938_box_DV_seed\model_weights.pth
INFO:src.utils.logger:It: 1156, Loss: 1.948e-02, Loss_res: 1.811e-02,  Loss_bcs: 0.000e+00, Loss_ut_ics: 5.456e-06, Loss_norm: 4.747e-07, Loss_gauge: 0.000e+00, w_pde: 1.00e+00, L^2_error: 1.814e-03, lr: 1.000e-03, Time: 1.45e+04
INFO:src.utils.logger:Model state saved to results\box\DV\20260503-113031_seed0_bf_box_DV_circ19_e1500_8q_2l_seed2026\checkpoints\2026-05-03_11-30-32-332938_box_DV_seed\model.pth
INFO:src.utils.logger:Model weights saved to results\box\DV\20260503-113031_seed0_bf_box_DV_circ19_e1500_8q_2l_seed2026\checkpoints\2026-05-03_11-30-32-332938_box_DV_seed\model_weights.pth
INFO:src.utils.logger:It: 1158, Loss: 1.744e-02, Loss_res: 1.612e-02,  Loss_bcs: 0.000e+00, Loss_ut_ics: 5.237e-06, Loss_norm: 7.793e-07, Loss_gauge: 0.000e+00, w_pde: 1.00e+00, L^2_error: 1.814e-03, lr: 1.000e-03, Time: 1.45e+04
INFO:src.utils.logger:Model state saved to results\box\DV\20260503-113031_seed0_bf_box_DV_circ19_e1500_8q_2l_seed2026\checkpoints\2026-05-03_11-30-32-332938_box_DV_seed\model.pth
INFO:src.utils.logger:Model weights saved to results\box\DV\20260503-113031_seed0_bf_box_DV_circ19_e1500_8q_2l_seed2026\checkpoints\2026-05-03_11-30-32-332938_box_DV_seed\model_weights.pth
INFO:src.utils.logger:It: 1160, Loss: 1.913e-02, Loss_res: 1.802e-02,  Loss_bcs: 0.000e+00, Loss_ut_ics: 4.411e-06, Loss_norm: 3.620e-07, Loss_gauge: 0.000e+00, w_pde: 1.00e+00, L^2_error: 1.802e-03, lr: 1.000e-03, Time: 1.46e+04
INFO:src.utils.logger:Model state saved to results\box\DV\20260503-113031_seed0_bf_box_DV_circ19_e1500_8q_2l_seed2026\checkpoints\2026-05-03_11-30-32-332938_box_DV_seed\model.pth
INFO:src.utils.logger:Model weights saved to results\box\DV\20260503-113031_seed0_bf_box_DV_circ19_e1500_8q_2l_seed2026\checkpoints\2026-05-03_11-30-32-332938_box_DV_seed\model_weights.pth
INFO:src.utils.logger:It: 1162, Loss: 1.930e-02, Loss_res: 1.816e-02,  Loss_bcs: 0.000e+00, Loss_ut_ics: 4.556e-06, Loss_norm: 1.865e-07, Loss_gauge: 0.000e+00, w_pde: 1.00e+00, L^2_error: 1.802e-03, lr: 1.000e-03, Time: 1.46e+04
INFO:src.utils.logger:Model state saved to results\box\DV\20260503-113031_seed0_bf_box_DV_circ19_e1500_8q_2l_seed2026\checkpoints\2026-05-03_11-30-32-332938_box_DV_seed\model.pth
INFO:src.utils.logger:Model weights saved to results\box\DV\20260503-113031_seed0_bf_box_DV_circ19_e1500_8q_2l_seed2026\checkpoints\2026-05-03_11-30-32-332938_box_DV_seed\model_weights.pth
INFO:src.utils.logger:It: 1164, Loss: 1.807e-02, Loss_res: 1.688e-02,  Loss_bcs: 0.000e+00, Loss_ut_ics: 4.781e-06, Loss_norm: 7.441e-08, Loss_gauge: 0.000e+00, w_pde: 1.00e+00, L^2_error: 1.802e-03, lr: 1.000e-03, Time: 1.46e+04
INFO:src.utils.logger:Model state saved to results\box\DV\20260503-113031_seed0_bf_box_DV_circ19_e1500_8q_2l_seed2026\checkpoints\2026-05-03_11-30-32-332938_box_DV_seed\model.pth
INFO:src.utils.logger:Model weights saved to results\box\DV\20260503-113031_seed0_bf_box_DV_circ19_e1500_8q_2l_seed2026\checkpoints\2026-05-03_11-30-32-332938_box_DV_seed\model_weights.pth
INFO:src.utils.logger:It: 1166, Loss: 1.722e-02, Loss_res: 1.599e-02,  Loss_bcs: 0.000e+00, Loss_ut_ics: 4.913e-06, Loss_norm: 5.908e-08, Loss_gauge: 0.000e+00, w_pde: 1.00e+00, L^2_error: 1.710e-03, lr: 1.000e-03, Time: 1.46e+04
INFO:src.utils.logger:Model state saved to results\box\DV\20260503-113031_seed0_bf_box_DV_circ19_e1500_8q_2l_seed2026\checkpoints\2026-05-03_11-30-32-332938_box_DV_seed\model.pth
INFO:src.utils.logger:Model weights saved to results\box\DV\20260503-113031_seed0_bf_box_DV_circ19_e1500_8q_2l_seed2026\checkpoints\2026-05-03_11-30-32-332938_box_DV_seed\model_weights.pth
INFO:src.utils.logger:It: 1168, Loss: 1.826e-02, Loss_res: 1.710e-02,  Loss_bcs: 0.000e+00, Loss_ut_ics: 4.651e-06, Loss_norm: 6.001e-09, Loss_gauge: 0.000e+00, w_pde: 1.00e+00, L^2_error: 1.710e-03, lr: 1.000e-03, Time: 1.47e+04
INFO:src.utils.logger:Model state saved to results\box\DV\20260503-113031_seed0_bf_box_DV_circ19_e1500_8q_2l_seed2026\checkpoints\2026-05-03_11-30-32-332938_box_DV_seed\model.pth
INFO:src.utils.logger:Model weights saved to results\box\DV\20260503-113031_seed0_bf_box_DV_circ19_e1500_8q_2l_seed2026\checkpoints\2026-05-03_11-30-32-332938_box_DV_seed\model_weights.pth
INFO:src.utils.logger:It: 1170, Loss: 1.823e-02, Loss_res: 1.721e-02,  Loss_bcs: 0.000e+00, Loss_ut_ics: 4.091e-06, Loss_norm: 1.531e-07, Loss_gauge: 0.000e+00, w_pde: 1.00e+00, L^2_error: 1.722e-03, lr: 1.000e-03, Time: 1.47e+04
INFO:src.utils.logger:Model state saved to results\box\DV\20260503-113031_seed0_bf_box_DV_circ19_e1500_8q_2l_seed2026\checkpoints\2026-05-03_11-30-32-332938_box_DV_seed\model.pth
INFO:src.utils.logger:Model weights saved to results\box\DV\20260503-113031_seed0_bf_box_DV_circ19_e1500_8q_2l_seed2026\checkpoints\2026-05-03_11-30-32-332938_box_DV_seed\model_weights.pth
INFO:src.utils.logger:It: 1172, Loss: 1.857e-02, Loss_res: 1.747e-02,  Loss_bcs: 0.000e+00, Loss_ut_ics: 4.390e-06, Loss_norm: 5.352e-07, Loss_gauge: 0.000e+00, w_pde: 1.00e+00, L^2_error: 1.722e-03, lr: 1.000e-03, Time: 1.47e+04
INFO:src.utils.logger:Model state saved to results\box\DV\20260503-113031_seed0_bf_box_DV_circ19_e1500_8q_2l_seed2026\checkpoints\2026-05-03_11-30-32-332938_box_DV_seed\model.pth
INFO:src.utils.logger:Model weights saved to results\box\DV\20260503-113031_seed0_bf_box_DV_circ19_e1500_8q_2l_seed2026\checkpoints\2026-05-03_11-30-32-332938_box_DV_seed\model_weights.pth
INFO:src.utils.logger:It: 1174, Loss: 1.737e-02, Loss_res: 1.623e-02,  Loss_bcs: 0.000e+00, Loss_ut_ics: 4.549e-06, Loss_norm: 6.149e-07, Loss_gauge: 0.000e+00, w_pde: 1.00e+00, L^2_error: 1.722e-03, lr: 1.000e-03, Time: 1.47e+04
INFO:src.utils.logger:Model state saved to results\box\DV\20260503-113031_seed0_bf_box_DV_circ19_e1500_8q_2l_seed2026\checkpoints\2026-05-03_11-30-32-332938_box_DV_seed\model.pth
INFO:src.utils.logger:Model weights saved to results\box\DV\20260503-113031_seed0_bf_box_DV_circ19_e1500_8q_2l_seed2026\checkpoints\2026-05-03_11-30-32-332938_box_DV_seed\model_weights.pth
INFO:src.utils.logger:It: 1176, Loss: 1.786e-02, Loss_res: 1.668e-02,  Loss_bcs: 0.000e+00, Loss_ut_ics: 4.740e-06, Loss_norm: 2.888e-07, Loss_gauge: 0.000e+00, w_pde: 1.00e+00, L^2_error: 1.661e-03, lr: 1.000e-03, Time: 1.48e+04
INFO:src.utils.logger:Model state saved to results\box\DV\20260503-113031_seed0_bf_box_DV_circ19_e1500_8q_2l_seed2026\checkpoints\2026-05-03_11-30-32-332938_box_DV_seed\model.pth
INFO:src.utils.logger:Model weights saved to results\box\DV\20260503-113031_seed0_bf_box_DV_circ19_e1500_8q_2l_seed2026\checkpoints\2026-05-03_11-30-32-332938_box_DV_seed\model_weights.pth
INFO:src.utils.logger:It: 1178, Loss: 1.774e-02, Loss_res: 1.654e-02,  Loss_bcs: 0.000e+00, Loss_ut_ics: 4.798e-06, Loss_norm: 5.444e-08, Loss_gauge: 0.000e+00, w_pde: 1.00e+00, L^2_error: 1.661e-03, lr: 1.000e-03, Time: 1.48e+04
INFO:src.utils.logger:Model state saved to results\box\DV\20260503-113031_seed0_bf_box_DV_circ19_e1500_8q_2l_seed2026\checkpoints\2026-05-03_11-30-32-332938_box_DV_seed\model.pth
INFO:src.utils.logger:Model weights saved to results\box\DV\20260503-113031_seed0_bf_box_DV_circ19_e1500_8q_2l_seed2026\checkpoints\2026-05-03_11-30-32-332938_box_DV_seed\model_weights.pth
INFO:src.utils.logger:It: 1180, Loss: 1.968e-02, Loss_res: 1.851e-02,  Loss_bcs: 0.000e+00, Loss_ut_ics: 4.708e-06, Loss_norm: 9.465e-08, Loss_gauge: 0.000e+00, w_pde: 1.00e+00, L^2_error: 1.761e-03, lr: 1.000e-03, Time: 1.48e+04
INFO:src.utils.logger:Model state saved to results\box\DV\20260503-113031_seed0_bf_box_DV_circ19_e1500_8q_2l_seed2026\checkpoints\2026-05-03_11-30-32-332938_box_DV_seed\model.pth
INFO:src.utils.logger:Model weights saved to results\box\DV\20260503-113031_seed0_bf_box_DV_circ19_e1500_8q_2l_seed2026\checkpoints\2026-05-03_11-30-32-332938_box_DV_seed\model_weights.pth
INFO:src.utils.logger:It: 1182, Loss: 2.039e-02, Loss_res: 1.917e-02,  Loss_bcs: 0.000e+00, Loss_ut_ics: 4.894e-06, Loss_norm: 2.598e-08, Loss_gauge: 0.000e+00, w_pde: 1.00e+00, L^2_error: 1.761e-03, lr: 1.000e-03, Time: 1.49e+04
INFO:src.utils.logger:Model state saved to results\box\DV\20260503-113031_seed0_bf_box_DV_circ19_e1500_8q_2l_seed2026\checkpoints\2026-05-03_11-30-32-332938_box_DV_seed\model.pth
INFO:src.utils.logger:Model weights saved to results\box\DV\20260503-113031_seed0_bf_box_DV_circ19_e1500_8q_2l_seed2026\checkpoints\2026-05-03_11-30-32-332938_box_DV_seed\model_weights.pth
INFO:src.utils.logger:It: 1184, Loss: 1.818e-02, Loss_res: 1.695e-02,  Loss_bcs: 0.000e+00, Loss_ut_ics: 4.921e-06, Loss_norm: 1.889e-08, Loss_gauge: 0.000e+00, w_pde: 1.00e+00, L^2_error: 1.761e-03, lr: 1.000e-03, Time: 1.49e+04
INFO:src.utils.logger:Model state saved to results\box\DV\20260503-113031_seed0_bf_box_DV_circ19_e1500_8q_2l_seed2026\checkpoints\2026-05-03_11-30-32-332938_box_DV_seed\model.pth
INFO:src.utils.logger:Model weights saved to results\box\DV\20260503-113031_seed0_bf_box_DV_circ19_e1500_8q_2l_seed2026\checkpoints\2026-05-03_11-30-32-332938_box_DV_seed\model_weights.pth
INFO:src.utils.logger:It: 1186, Loss: 1.900e-02, Loss_res: 1.788e-02,  Loss_bcs: 0.000e+00, Loss_ut_ics: 4.493e-06, Loss_norm: 5.722e-08, Loss_gauge: 0.000e+00, w_pde: 1.00e+00, L^2_error: 1.936e-03, lr: 1.000e-03, Time: 1.49e+04
INFO:src.utils.logger:Model state saved to results\box\DV\20260503-113031_seed0_bf_box_DV_circ19_e1500_8q_2l_seed2026\checkpoints\2026-05-03_11-30-32-332938_box_DV_seed\model.pth
INFO:src.utils.logger:Model weights saved to results\box\DV\20260503-113031_seed0_bf_box_DV_circ19_e1500_8q_2l_seed2026\checkpoints\2026-05-03_11-30-32-332938_box_DV_seed\model_weights.pth
INFO:src.utils.logger:It: 1188, Loss: 1.914e-02, Loss_res: 1.795e-02,  Loss_bcs: 0.000e+00, Loss_ut_ics: 4.748e-06, Loss_norm: 4.029e-07, Loss_gauge: 0.000e+00, w_pde: 1.00e+00, L^2_error: 1.936e-03, lr: 1.000e-03, Time: 1.49e+04
INFO:src.utils.logger:Model state saved to results\box\DV\20260503-113031_seed0_bf_box_DV_circ19_e1500_8q_2l_seed2026\checkpoints\2026-05-03_11-30-32-332938_box_DV_seed\model.pth
INFO:src.utils.logger:Model weights saved to results\box\DV\20260503-113031_seed0_bf_box_DV_circ19_e1500_8q_2l_seed2026\checkpoints\2026-05-03_11-30-32-332938_box_DV_seed\model_weights.pth
INFO:src.utils.logger:It: 1190, Loss: 1.988e-02, Loss_res: 1.861e-02,  Loss_bcs: 0.000e+00, Loss_ut_ics: 5.080e-06, Loss_norm: 4.756e-07, Loss_gauge: 0.000e+00, w_pde: 1.00e+00, L^2_error: 1.743e-03, lr: 1.000e-03, Time: 1.50e+04
INFO:src.utils.logger:Model state saved to results\box\DV\20260503-113031_seed0_bf_box_DV_circ19_e1500_8q_2l_seed2026\checkpoints\2026-05-03_11-30-32-332938_box_DV_seed\model.pth
INFO:src.utils.logger:Model weights saved to results\box\DV\20260503-113031_seed0_bf_box_DV_circ19_e1500_8q_2l_seed2026\checkpoints\2026-05-03_11-30-32-332938_box_DV_seed\model_weights.pth
INFO:src.utils.logger:It: 1192, Loss: 1.662e-02, Loss_res: 1.531e-02,  Loss_bcs: 0.000e+00, Loss_ut_ics: 5.226e-06, Loss_norm: 5.522e-07, Loss_gauge: 0.000e+00, w_pde: 1.00e+00, L^2_error: 1.743e-03, lr: 1.000e-03, Time: 1.50e+04
INFO:src.utils.logger:Model state saved to results\box\DV\20260503-113031_seed0_bf_box_DV_circ19_e1500_8q_2l_seed2026\checkpoints\2026-05-03_11-30-32-332938_box_DV_seed\model.pth
INFO:src.utils.logger:Model weights saved to results\box\DV\20260503-113031_seed0_bf_box_DV_circ19_e1500_8q_2l_seed2026\checkpoints\2026-05-03_11-30-32-332938_box_DV_seed\model_weights.pth
INFO:src.utils.logger:It: 1194, Loss: 1.978e-02, Loss_res: 1.864e-02,  Loss_bcs: 0.000e+00, Loss_ut_ics: 4.585e-06, Loss_norm: 1.639e-07, Loss_gauge: 0.000e+00, w_pde: 1.00e+00, L^2_error: 1.743e-03, lr: 1.000e-03, Time: 1.50e+04
INFO:src.utils.logger:Model state saved to results\box\DV\20260503-113031_seed0_bf_box_DV_circ19_e1500_8q_2l_seed2026\checkpoints\2026-05-03_11-30-32-332938_box_DV_seed\model.pth
INFO:src.utils.logger:Model weights saved to results\box\DV\20260503-113031_seed0_bf_box_DV_circ19_e1500_8q_2l_seed2026\checkpoints\2026-05-03_11-30-32-332938_box_DV_seed\model_weights.pth
INFO:src.utils.logger:It: 1196, Loss: 1.902e-02, Loss_res: 1.790e-02,  Loss_bcs: 0.000e+00, Loss_ut_ics: 4.472e-06, Loss_norm: 2.630e-07, Loss_gauge: 0.000e+00, w_pde: 1.00e+00, L^2_error: 1.961e-03, lr: 1.000e-03, Time: 1.51e+04
INFO:src.utils.logger:Model state saved to results\box\DV\20260503-113031_seed0_bf_box_DV_circ19_e1500_8q_2l_seed2026\checkpoints\2026-05-03_11-30-32-332938_box_DV_seed\model.pth
INFO:src.utils.logger:Model weights saved to results\box\DV\20260503-113031_seed0_bf_box_DV_circ19_e1500_8q_2l_seed2026\checkpoints\2026-05-03_11-30-32-332938_box_DV_seed\model_weights.pth
INFO:src.utils.logger:It: 1198, Loss: 1.916e-02, Loss_res: 1.804e-02,  Loss_bcs: 0.000e+00, Loss_ut_ics: 4.479e-06, Loss_norm: 3.005e-07, Loss_gauge: 0.000e+00, w_pde: 1.00e+00, L^2_error: 1.961e-03, lr: 1.000e-03, Time: 1.51e+04
INFO:src.utils.logger:Model state saved to results\box\DV\20260503-113031_seed0_bf_box_DV_circ19_e1500_8q_2l_seed2026\checkpoints\2026-05-03_11-30-32-332938_box_DV_seed\model.pth
INFO:src.utils.logger:Model weights saved to results\box\DV\20260503-113031_seed0_bf_box_DV_circ19_e1500_8q_2l_seed2026\checkpoints\2026-05-03_11-30-32-332938_box_DV_seed\model_weights.pth
INFO:src.utils.logger:It: 1200, Loss: 1.688e-02, Loss_res: 1.575e-02,  Loss_bcs: 0.000e+00, Loss_ut_ics: 4.522e-06, Loss_norm: 2.174e-07, Loss_gauge: 0.000e+00, w_pde: 1.00e+00, L^2_error: 1.909e-03, lr: 1.000e-03, Time: 1.51e+04
INFO:src.utils.logger:Model state saved to results\box\DV\20260503-113031_seed0_bf_box_DV_circ19_e1500_8q_2l_seed2026\checkpoints\2026-05-03_11-30-32-332938_box_DV_seed\model.pth
INFO:src.utils.logger:Model weights saved to results\box\DV\20260503-113031_seed0_bf_box_DV_circ19_e1500_8q_2l_seed2026\checkpoints\2026-05-03_11-30-32-332938_box_DV_seed\model_weights.pth
INFO:src.utils.logger:It: 1202, Loss: 1.965e-02, Loss_res: 1.857e-02,  Loss_bcs: 0.000e+00, Loss_ut_ics: 4.287e-06, Loss_norm: 1.206e-07, Loss_gauge: 0.000e+00, w_pde: 1.00e+00, L^2_error: 1.909e-03, lr: 1.000e-03, Time: 1.51e+04
INFO:src.utils.logger:Model state saved to results\box\DV\20260503-113031_seed0_bf_box_DV_circ19_e1500_8q_2l_seed2026\checkpoints\2026-05-03_11-30-32-332938_box_DV_seed\model.pth
INFO:src.utils.logger:Model weights saved to results\box\DV\20260503-113031_seed0_bf_box_DV_circ19_e1500_8q_2l_seed2026\checkpoints\2026-05-03_11-30-32-332938_box_DV_seed\model_weights.pth
INFO:src.utils.logger:It: 1204, Loss: 1.664e-02, Loss_res: 1.545e-02,  Loss_bcs: 0.000e+00, Loss_ut_ics: 4.746e-06, Loss_norm: 5.279e-07, Loss_gauge: 0.000e+00, w_pde: 1.00e+00, L^2_error: 1.909e-03, lr: 1.000e-03, Time: 1.52e+04
INFO:src.utils.logger:Model state saved to results\box\DV\20260503-113031_seed0_bf_box_DV_circ19_e1500_8q_2l_seed2026\checkpoints\2026-05-03_11-30-32-332938_box_DV_seed\model.pth
INFO:src.utils.logger:Model weights saved to results\box\DV\20260503-113031_seed0_bf_box_DV_circ19_e1500_8q_2l_seed2026\checkpoints\2026-05-03_11-30-32-332938_box_DV_seed\model_weights.pth
INFO:src.utils.logger:It: 1206, Loss: 1.816e-02, Loss_res: 1.700e-02,  Loss_bcs: 0.000e+00, Loss_ut_ics: 4.638e-06, Loss_norm: 8.929e-07, Loss_gauge: 0.000e+00, w_pde: 1.00e+00, L^2_error: 1.632e-03, lr: 1.000e-03, Time: 1.52e+04
INFO:src.utils.logger:Model state saved to results\box\DV\20260503-113031_seed0_bf_box_DV_circ19_e1500_8q_2l_seed2026\checkpoints\2026-05-03_11-30-32-332938_box_DV_seed\model.pth
INFO:src.utils.logger:Model weights saved to results\box\DV\20260503-113031_seed0_bf_box_DV_circ19_e1500_8q_2l_seed2026\checkpoints\2026-05-03_11-30-32-332938_box_DV_seed\model_weights.pth
INFO:src.utils.logger:It: 1208, Loss: 1.782e-02, Loss_res: 1.674e-02,  Loss_bcs: 0.000e+00, Loss_ut_ics: 4.282e-06, Loss_norm: 1.115e-06, Loss_gauge: 0.000e+00, w_pde: 1.00e+00, L^2_error: 1.632e-03, lr: 1.000e-03, Time: 1.52e+04
INFO:src.utils.logger:Model state saved to results\box\DV\20260503-113031_seed0_bf_box_DV_circ19_e1500_8q_2l_seed2026\checkpoints\2026-05-03_11-30-32-332938_box_DV_seed\model.pth
INFO:src.utils.logger:Model weights saved to results\box\DV\20260503-113031_seed0_bf_box_DV_circ19_e1500_8q_2l_seed2026\checkpoints\2026-05-03_11-30-32-332938_box_DV_seed\model_weights.pth
INFO:src.utils.logger:It: 1210, Loss: 1.769e-02, Loss_res: 1.662e-02,  Loss_bcs: 0.000e+00, Loss_ut_ics: 4.269e-06, Loss_norm: 7.695e-08, Loss_gauge: 0.000e+00, w_pde: 1.00e+00, L^2_error: 1.902e-03, lr: 1.000e-03, Time: 1.53e+04
INFO:src.utils.logger:Model state saved to results\box\DV\20260503-113031_seed0_bf_box_DV_circ19_e1500_8q_2l_seed2026\checkpoints\2026-05-03_11-30-32-332938_box_DV_seed\model.pth
INFO:src.utils.logger:Model weights saved to results\box\DV\20260503-113031_seed0_bf_box_DV_circ19_e1500_8q_2l_seed2026\checkpoints\2026-05-03_11-30-32-332938_box_DV_seed\model_weights.pth
INFO:src.utils.logger:It: 1212, Loss: 1.705e-02, Loss_res: 1.587e-02,  Loss_bcs: 0.000e+00, Loss_ut_ics: 4.737e-06, Loss_norm: 1.988e-07, Loss_gauge: 0.000e+00, w_pde: 1.00e+00, L^2_error: 1.902e-03, lr: 1.000e-03, Time: 1.53e+04
INFO:src.utils.logger:Model state saved to results\box\DV\20260503-113031_seed0_bf_box_DV_circ19_e1500_8q_2l_seed2026\checkpoints\2026-05-03_11-30-32-332938_box_DV_seed\model.pth
INFO:src.utils.logger:Model weights saved to results\box\DV\20260503-113031_seed0_bf_box_DV_circ19_e1500_8q_2l_seed2026\checkpoints\2026-05-03_11-30-32-332938_box_DV_seed\model_weights.pth
INFO:src.utils.logger:It: 1214, Loss: 1.758e-02, Loss_res: 1.647e-02,  Loss_bcs: 0.000e+00, Loss_ut_ics: 4.470e-06, Loss_norm: 3.774e-08, Loss_gauge: 0.000e+00, w_pde: 1.00e+00, L^2_error: 1.902e-03, lr: 1.000e-03, Time: 1.53e+04
INFO:src.utils.logger:Model state saved to results\box\DV\20260503-113031_seed0_bf_box_DV_circ19_e1500_8q_2l_seed2026\checkpoints\2026-05-03_11-30-32-332938_box_DV_seed\model.pth
INFO:src.utils.logger:Model weights saved to results\box\DV\20260503-113031_seed0_bf_box_DV_circ19_e1500_8q_2l_seed2026\checkpoints\2026-05-03_11-30-32-332938_box_DV_seed\model_weights.pth
INFO:src.utils.logger:It: 1216, Loss: 1.686e-02, Loss_res: 1.579e-02,  Loss_bcs: 0.000e+00, Loss_ut_ics: 4.285e-06, Loss_norm: 2.122e-07, Loss_gauge: 0.000e+00, w_pde: 1.00e+00, L^2_error: 1.783e-03, lr: 1.000e-03, Time: 1.53e+04
INFO:src.utils.logger:Model state saved to results\box\DV\20260503-113031_seed0_bf_box_DV_circ19_e1500_8q_2l_seed2026\checkpoints\2026-05-03_11-30-32-332938_box_DV_seed\model.pth
INFO:src.utils.logger:Model weights saved to results\box\DV\20260503-113031_seed0_bf_box_DV_circ19_e1500_8q_2l_seed2026\checkpoints\2026-05-03_11-30-32-332938_box_DV_seed\model_weights.pth
INFO:src.utils.logger:It: 1218, Loss: 1.790e-02, Loss_res: 1.687e-02,  Loss_bcs: 0.000e+00, Loss_ut_ics: 4.088e-06, Loss_norm: 8.993e-08, Loss_gauge: 0.000e+00, w_pde: 1.00e+00, L^2_error: 1.783e-03, lr: 1.000e-03, Time: 1.54e+04
INFO:src.utils.logger:Model state saved to results\box\DV\20260503-113031_seed0_bf_box_DV_circ19_e1500_8q_2l_seed2026\checkpoints\2026-05-03_11-30-32-332938_box_DV_seed\model.pth
INFO:src.utils.logger:Model weights saved to results\box\DV\20260503-113031_seed0_bf_box_DV_circ19_e1500_8q_2l_seed2026\checkpoints\2026-05-03_11-30-32-332938_box_DV_seed\model_weights.pth
INFO:src.utils.logger:It: 1220, Loss: 1.911e-02, Loss_res: 1.804e-02,  Loss_bcs: 0.000e+00, Loss_ut_ics: 4.303e-06, Loss_norm: 2.397e-07, Loss_gauge: 0.000e+00, w_pde: 1.00e+00, L^2_error: 1.846e-03, lr: 1.000e-03, Time: 1.54e+04
INFO:src.utils.logger:Model state saved to results\box\DV\20260503-113031_seed0_bf_box_DV_circ19_e1500_8q_2l_seed2026\checkpoints\2026-05-03_11-30-32-332938_box_DV_seed\model.pth
INFO:src.utils.logger:Model weights saved to results\box\DV\20260503-113031_seed0_bf_box_DV_circ19_e1500_8q_2l_seed2026\checkpoints\2026-05-03_11-30-32-332938_box_DV_seed\model_weights.pth
INFO:src.utils.logger:It: 1222, Loss: 1.785e-02, Loss_res: 1.663e-02,  Loss_bcs: 0.000e+00, Loss_ut_ics: 4.841e-06, Loss_norm: 2.330e-07, Loss_gauge: 0.000e+00, w_pde: 1.00e+00, L^2_error: 1.846e-03, lr: 1.000e-03, Time: 1.54e+04
INFO:src.utils.logger:Model state saved to results\box\DV\20260503-113031_seed0_bf_box_DV_circ19_e1500_8q_2l_seed2026\checkpoints\2026-05-03_11-30-32-332938_box_DV_seed\model.pth
INFO:src.utils.logger:Model weights saved to results\box\DV\20260503-113031_seed0_bf_box_DV_circ19_e1500_8q_2l_seed2026\checkpoints\2026-05-03_11-30-32-332938_box_DV_seed\model_weights.pth
INFO:src.utils.logger:It: 1224, Loss: 1.608e-02, Loss_res: 1.482e-02,  Loss_bcs: 0.000e+00, Loss_ut_ics: 5.019e-06, Loss_norm: 2.625e-07, Loss_gauge: 0.000e+00, w_pde: 1.00e+00, L^2_error: 1.846e-03, lr: 1.000e-03, Time: 1.54e+04
INFO:src.utils.logger:Model state saved to results\box\DV\20260503-113031_seed0_bf_box_DV_circ19_e1500_8q_2l_seed2026\checkpoints\2026-05-03_11-30-32-332938_box_DV_seed\model.pth
INFO:src.utils.logger:Model weights saved to results\box\DV\20260503-113031_seed0_bf_box_DV_circ19_e1500_8q_2l_seed2026\checkpoints\2026-05-03_11-30-32-332938_box_DV_seed\model_weights.pth
INFO:src.utils.logger:It: 1226, Loss: 1.739e-02, Loss_res: 1.630e-02,  Loss_bcs: 0.000e+00, Loss_ut_ics: 4.376e-06, Loss_norm: 2.754e-07, Loss_gauge: 0.000e+00, w_pde: 1.00e+00, L^2_error: 1.843e-03, lr: 1.000e-03, Time: 1.55e+04
INFO:src.utils.logger:Model state saved to results\box\DV\20260503-113031_seed0_bf_box_DV_circ19_e1500_8q_2l_seed2026\checkpoints\2026-05-03_11-30-32-332938_box_DV_seed\model.pth
INFO:src.utils.logger:Model weights saved to results\box\DV\20260503-113031_seed0_bf_box_DV_circ19_e1500_8q_2l_seed2026\checkpoints\2026-05-03_11-30-32-332938_box_DV_seed\model_weights.pth
INFO:src.utils.logger:It: 1228, Loss: 1.774e-02, Loss_res: 1.671e-02,  Loss_bcs: 0.000e+00, Loss_ut_ics: 4.110e-06, Loss_norm: 1.931e-07, Loss_gauge: 0.000e+00, w_pde: 1.00e+00, L^2_error: 1.843e-03, lr: 1.000e-03, Time: 1.55e+04
INFO:src.utils.logger:Model state saved to results\box\DV\20260503-113031_seed0_bf_box_DV_circ19_e1500_8q_2l_seed2026\checkpoints\2026-05-03_11-30-32-332938_box_DV_seed\model.pth
INFO:src.utils.logger:Model weights saved to results\box\DV\20260503-113031_seed0_bf_box_DV_circ19_e1500_8q_2l_seed2026\checkpoints\2026-05-03_11-30-32-332938_box_DV_seed\model_weights.pth
INFO:src.utils.logger:It: 1230, Loss: 1.658e-02, Loss_res: 1.543e-02,  Loss_bcs: 0.000e+00, Loss_ut_ics: 4.595e-06, Loss_norm: 7.814e-08, Loss_gauge: 0.000e+00, w_pde: 1.00e+00, L^2_error: 1.598e-03, lr: 1.000e-03, Time: 1.55e+04
INFO:src.utils.logger:Model state saved to results\box\DV\20260503-113031_seed0_bf_box_DV_circ19_e1500_8q_2l_seed2026\checkpoints\2026-05-03_11-30-32-332938_box_DV_seed\model.pth
INFO:src.utils.logger:Model weights saved to results\box\DV\20260503-113031_seed0_bf_box_DV_circ19_e1500_8q_2l_seed2026\checkpoints\2026-05-03_11-30-32-332938_box_DV_seed\model_weights.pth
INFO:src.utils.logger:It: 1232, Loss: 1.767e-02, Loss_res: 1.653e-02,  Loss_bcs: 0.000e+00, Loss_ut_ics: 4.571e-06, Loss_norm: 3.949e-08, Loss_gauge: 0.000e+00, w_pde: 1.00e+00, L^2_error: 1.598e-03, lr: 1.000e-03, Time: 1.56e+04
INFO:src.utils.logger:Model state saved to results\box\DV\20260503-113031_seed0_bf_box_DV_circ19_e1500_8q_2l_seed2026\checkpoints\2026-05-03_11-30-32-332938_box_DV_seed\model.pth
INFO:src.utils.logger:Model weights saved to results\box\DV\20260503-113031_seed0_bf_box_DV_circ19_e1500_8q_2l_seed2026\checkpoints\2026-05-03_11-30-32-332938_box_DV_seed\model_weights.pth
INFO:src.utils.logger:It: 1234, Loss: 1.722e-02, Loss_res: 1.621e-02,  Loss_bcs: 0.000e+00, Loss_ut_ics: 4.038e-06, Loss_norm: 5.831e-08, Loss_gauge: 0.000e+00, w_pde: 1.00e+00, L^2_error: 1.598e-03, lr: 1.000e-03, Time: 1.56e+04
INFO:src.utils.logger:Model state saved to results\box\DV\20260503-113031_seed0_bf_box_DV_circ19_e1500_8q_2l_seed2026\checkpoints\2026-05-03_11-30-32-332938_box_DV_seed\model.pth
INFO:src.utils.logger:Model weights saved to results\box\DV\20260503-113031_seed0_bf_box_DV_circ19_e1500_8q_2l_seed2026\checkpoints\2026-05-03_11-30-32-332938_box_DV_seed\model_weights.pth
INFO:src.utils.logger:It: 1236, Loss: 1.654e-02, Loss_res: 1.557e-02,  Loss_bcs: 0.000e+00, Loss_ut_ics: 3.865e-06, Loss_norm: 1.194e-07, Loss_gauge: 0.000e+00, w_pde: 1.00e+00, L^2_error: 1.644e-03, lr: 1.000e-03, Time: 1.56e+04
INFO:src.utils.logger:Model state saved to results\box\DV\20260503-113031_seed0_bf_box_DV_circ19_e1500_8q_2l_seed2026\checkpoints\2026-05-03_11-30-32-332938_box_DV_seed\model.pth
INFO:src.utils.logger:Model weights saved to results\box\DV\20260503-113031_seed0_bf_box_DV_circ19_e1500_8q_2l_seed2026\checkpoints\2026-05-03_11-30-32-332938_box_DV_seed\model_weights.pth
INFO:src.utils.logger:It: 1238, Loss: 1.663e-02, Loss_res: 1.568e-02,  Loss_bcs: 0.000e+00, Loss_ut_ics: 3.791e-06, Loss_norm: 2.265e-07, Loss_gauge: 0.000e+00, w_pde: 1.00e+00, L^2_error: 1.644e-03, lr: 1.000e-03, Time: 1.56e+04
INFO:src.utils.logger:Model state saved to results\box\DV\20260503-113031_seed0_bf_box_DV_circ19_e1500_8q_2l_seed2026\checkpoints\2026-05-03_11-30-32-332938_box_DV_seed\model.pth
INFO:src.utils.logger:Model weights saved to results\box\DV\20260503-113031_seed0_bf_box_DV_circ19_e1500_8q_2l_seed2026\checkpoints\2026-05-03_11-30-32-332938_box_DV_seed\model_weights.pth
INFO:src.utils.logger:It: 1240, Loss: 1.882e-02, Loss_res: 1.791e-02,  Loss_bcs: 0.000e+00, Loss_ut_ics: 3.676e-06, Loss_norm: 4.189e-08, Loss_gauge: 0.000e+00, w_pde: 1.00e+00, L^2_error: 1.747e-03, lr: 1.000e-03, Time: 1.57e+04
INFO:src.utils.logger:Model state saved to results\box\DV\20260503-113031_seed0_bf_box_DV_circ19_e1500_8q_2l_seed2026\checkpoints\2026-05-03_11-30-32-332938_box_DV_seed\model.pth
INFO:src.utils.logger:Model weights saved to results\box\DV\20260503-113031_seed0_bf_box_DV_circ19_e1500_8q_2l_seed2026\checkpoints\2026-05-03_11-30-32-332938_box_DV_seed\model_weights.pth
INFO:src.utils.logger:It: 1242, Loss: 1.581e-02, Loss_res: 1.468e-02,  Loss_bcs: 0.000e+00, Loss_ut_ics: 4.505e-06, Loss_norm: 1.333e-08, Loss_gauge: 0.000e+00, w_pde: 1.00e+00, L^2_error: 1.747e-03, lr: 1.000e-03, Time: 1.57e+04
INFO:src.utils.logger:Model state saved to results\box\DV\20260503-113031_seed0_bf_box_DV_circ19_e1500_8q_2l_seed2026\checkpoints\2026-05-03_11-30-32-332938_box_DV_seed\model.pth
INFO:src.utils.logger:Model weights saved to results\box\DV\20260503-113031_seed0_bf_box_DV_circ19_e1500_8q_2l_seed2026\checkpoints\2026-05-03_11-30-32-332938_box_DV_seed\model_weights.pth
INFO:src.utils.logger:It: 1244, Loss: 1.639e-02, Loss_res: 1.519e-02,  Loss_bcs: 0.000e+00, Loss_ut_ics: 4.801e-06, Loss_norm: 3.828e-08, Loss_gauge: 0.000e+00, w_pde: 1.00e+00, L^2_error: 1.747e-03, lr: 1.000e-03, Time: 1.57e+04
INFO:src.utils.logger:Model state saved to results\box\DV\20260503-113031_seed0_bf_box_DV_circ19_e1500_8q_2l_seed2026\checkpoints\2026-05-03_11-30-32-332938_box_DV_seed\model.pth
INFO:src.utils.logger:Model weights saved to results\box\DV\20260503-113031_seed0_bf_box_DV_circ19_e1500_8q_2l_seed2026\checkpoints\2026-05-03_11-30-32-332938_box_DV_seed\model_weights.pth
INFO:src.utils.logger:It: 1246, Loss: 1.738e-02, Loss_res: 1.617e-02,  Loss_bcs: 0.000e+00, Loss_ut_ics: 4.822e-06, Loss_norm: 7.261e-08, Loss_gauge: 0.000e+00, w_pde: 1.00e+00, L^2_error: 1.654e-03, lr: 1.000e-03, Time: 1.57e+04
INFO:src.utils.logger:Model state saved to results\box\DV\20260503-113031_seed0_bf_box_DV_circ19_e1500_8q_2l_seed2026\checkpoints\2026-05-03_11-30-32-332938_box_DV_seed\model.pth
INFO:src.utils.logger:Model weights saved to results\box\DV\20260503-113031_seed0_bf_box_DV_circ19_e1500_8q_2l_seed2026\checkpoints\2026-05-03_11-30-32-332938_box_DV_seed\model_weights.pth
INFO:src.utils.logger:It: 1248, Loss: 1.714e-02, Loss_res: 1.609e-02,  Loss_bcs: 0.000e+00, Loss_ut_ics: 4.206e-06, Loss_norm: 6.548e-08, Loss_gauge: 0.000e+00, w_pde: 1.00e+00, L^2_error: 1.654e-03, lr: 1.000e-03, Time: 1.58e+04
INFO:src.utils.logger:Model state saved to results\box\DV\20260503-113031_seed0_bf_box_DV_circ19_e1500_8q_2l_seed2026\checkpoints\2026-05-03_11-30-32-332938_box_DV_seed\model.pth
INFO:src.utils.logger:Model weights saved to results\box\DV\20260503-113031_seed0_bf_box_DV_circ19_e1500_8q_2l_seed2026\checkpoints\2026-05-03_11-30-32-332938_box_DV_seed\model_weights.pth
INFO:src.utils.logger:It: 1250, Loss: 1.786e-02, Loss_res: 1.671e-02,  Loss_bcs: 0.000e+00, Loss_ut_ics: 4.576e-06, Loss_norm: 1.250e-07, Loss_gauge: 0.000e+00, w_pde: 1.00e+00, L^2_error: 1.574e-03, lr: 1.000e-03, Time: 1.58e+04
INFO:src.utils.logger:Model state saved to results\box\DV\20260503-113031_seed0_bf_box_DV_circ19_e1500_8q_2l_seed2026\checkpoints\2026-05-03_11-30-32-332938_box_DV_seed\model.pth
INFO:src.utils.logger:Model weights saved to results\box\DV\20260503-113031_seed0_bf_box_DV_circ19_e1500_8q_2l_seed2026\checkpoints\2026-05-03_11-30-32-332938_box_DV_seed\model_weights.pth
INFO:src.utils.logger:It: 1252, Loss: 1.655e-02, Loss_res: 1.542e-02,  Loss_bcs: 0.000e+00, Loss_ut_ics: 4.514e-06, Loss_norm: 5.157e-07, Loss_gauge: 0.000e+00, w_pde: 1.00e+00, L^2_error: 1.574e-03, lr: 1.000e-03, Time: 1.58e+04
INFO:src.utils.logger:Model state saved to results\box\DV\20260503-113031_seed0_bf_box_DV_circ19_e1500_8q_2l_seed2026\checkpoints\2026-05-03_11-30-32-332938_box_DV_seed\model.pth
INFO:src.utils.logger:Model weights saved to results\box\DV\20260503-113031_seed0_bf_box_DV_circ19_e1500_8q_2l_seed2026\checkpoints\2026-05-03_11-30-32-332938_box_DV_seed\model_weights.pth
INFO:src.utils.logger:It: 1254, Loss: 1.658e-02, Loss_res: 1.548e-02,  Loss_bcs: 0.000e+00, Loss_ut_ics: 4.371e-06, Loss_norm: 5.502e-07, Loss_gauge: 0.000e+00, w_pde: 1.00e+00, L^2_error: 1.574e-03, lr: 1.000e-03, Time: 1.58e+04
INFO:src.utils.logger:Model state saved to results\box\DV\20260503-113031_seed0_bf_box_DV_circ19_e1500_8q_2l_seed2026\checkpoints\2026-05-03_11-30-32-332938_box_DV_seed\model.pth
INFO:src.utils.logger:Model weights saved to results\box\DV\20260503-113031_seed0_bf_box_DV_circ19_e1500_8q_2l_seed2026\checkpoints\2026-05-03_11-30-32-332938_box_DV_seed\model_weights.pth
INFO:src.utils.logger:It: 1256, Loss: 1.775e-02, Loss_res: 1.684e-02,  Loss_bcs: 0.000e+00, Loss_ut_ics: 3.644e-06, Loss_norm: 1.140e-07, Loss_gauge: 0.000e+00, w_pde: 1.00e+00, L^2_error: 1.736e-03, lr: 1.000e-03, Time: 1.59e+04
INFO:src.utils.logger:Model state saved to results\box\DV\20260503-113031_seed0_bf_box_DV_circ19_e1500_8q_2l_seed2026\checkpoints\2026-05-03_11-30-32-332938_box_DV_seed\model.pth
INFO:src.utils.logger:Model weights saved to results\box\DV\20260503-113031_seed0_bf_box_DV_circ19_e1500_8q_2l_seed2026\checkpoints\2026-05-03_11-30-32-332938_box_DV_seed\model_weights.pth
INFO:src.utils.logger:It: 1258, Loss: 1.719e-02, Loss_res: 1.620e-02,  Loss_bcs: 0.000e+00, Loss_ut_ics: 3.958e-06, Loss_norm: 2.477e-07, Loss_gauge: 0.000e+00, w_pde: 1.00e+00, L^2_error: 1.736e-03, lr: 1.000e-03, Time: 1.59e+04
INFO:src.utils.logger:Model state saved to results\box\DV\20260503-113031_seed0_bf_box_DV_circ19_e1500_8q_2l_seed2026\checkpoints\2026-05-03_11-30-32-332938_box_DV_seed\model.pth
INFO:src.utils.logger:Model weights saved to results\box\DV\20260503-113031_seed0_bf_box_DV_circ19_e1500_8q_2l_seed2026\checkpoints\2026-05-03_11-30-32-332938_box_DV_seed\model_weights.pth
INFO:src.utils.logger:It: 1260, Loss: 1.810e-02, Loss_res: 1.704e-02,  Loss_bcs: 0.000e+00, Loss_ut_ics: 4.232e-06, Loss_norm: 2.262e-07, Loss_gauge: 0.000e+00, w_pde: 1.00e+00, L^2_error: 1.562e-03, lr: 1.000e-03, Time: 1.59e+04
INFO:src.utils.logger:Model state saved to results\box\DV\20260503-113031_seed0_bf_box_DV_circ19_e1500_8q_2l_seed2026\checkpoints\2026-05-03_11-30-32-332938_box_DV_seed\model.pth
INFO:src.utils.logger:Model weights saved to results\box\DV\20260503-113031_seed0_bf_box_DV_circ19_e1500_8q_2l_seed2026\checkpoints\2026-05-03_11-30-32-332938_box_DV_seed\model_weights.pth
INFO:src.utils.logger:It: 1262, Loss: 1.732e-02, Loss_res: 1.622e-02,  Loss_bcs: 0.000e+00, Loss_ut_ics: 4.393e-06, Loss_norm: 4.739e-07, Loss_gauge: 0.000e+00, w_pde: 1.00e+00, L^2_error: 1.562e-03, lr: 1.000e-03, Time: 1.59e+04
INFO:src.utils.logger:Model state saved to results\box\DV\20260503-113031_seed0_bf_box_DV_circ19_e1500_8q_2l_seed2026\checkpoints\2026-05-03_11-30-32-332938_box_DV_seed\model.pth
INFO:src.utils.logger:Model weights saved to results\box\DV\20260503-113031_seed0_bf_box_DV_circ19_e1500_8q_2l_seed2026\checkpoints\2026-05-03_11-30-32-332938_box_DV_seed\model_weights.pth
INFO:src.utils.logger:It: 1264, Loss: 1.796e-02, Loss_res: 1.692e-02,  Loss_bcs: 0.000e+00, Loss_ut_ics: 4.180e-06, Loss_norm: 2.720e-07, Loss_gauge: 0.000e+00, w_pde: 1.00e+00, L^2_error: 1.562e-03, lr: 1.000e-03, Time: 1.60e+04
INFO:src.utils.logger:Model state saved to results\box\DV\20260503-113031_seed0_bf_box_DV_circ19_e1500_8q_2l_seed2026\checkpoints\2026-05-03_11-30-32-332938_box_DV_seed\model.pth
INFO:src.utils.logger:Model weights saved to results\box\DV\20260503-113031_seed0_bf_box_DV_circ19_e1500_8q_2l_seed2026\checkpoints\2026-05-03_11-30-32-332938_box_DV_seed\model_weights.pth
INFO:src.utils.logger:It: 1266, Loss: 1.714e-02, Loss_res: 1.601e-02,  Loss_bcs: 0.000e+00, Loss_ut_ics: 4.511e-06, Loss_norm: 5.529e-07, Loss_gauge: 0.000e+00, w_pde: 1.00e+00, L^2_error: 1.929e-03, lr: 1.000e-03, Time: 1.60e+04
INFO:src.utils.logger:Model state saved to results\box\DV\20260503-113031_seed0_bf_box_DV_circ19_e1500_8q_2l_seed2026\checkpoints\2026-05-03_11-30-32-332938_box_DV_seed\model.pth
INFO:src.utils.logger:Model weights saved to results\box\DV\20260503-113031_seed0_bf_box_DV_circ19_e1500_8q_2l_seed2026\checkpoints\2026-05-03_11-30-32-332938_box_DV_seed\model_weights.pth
INFO:src.utils.logger:It: 1268, Loss: 1.845e-02, Loss_res: 1.732e-02,  Loss_bcs: 0.000e+00, Loss_ut_ics: 4.526e-06, Loss_norm: 2.986e-07, Loss_gauge: 0.000e+00, w_pde: 1.00e+00, L^2_error: 1.929e-03, lr: 1.000e-03, Time: 1.60e+04
INFO:src.utils.logger:Model state saved to results\box\DV\20260503-113031_seed0_bf_box_DV_circ19_e1500_8q_2l_seed2026\checkpoints\2026-05-03_11-30-32-332938_box_DV_seed\model.pth
INFO:src.utils.logger:Model weights saved to results\box\DV\20260503-113031_seed0_bf_box_DV_circ19_e1500_8q_2l_seed2026\checkpoints\2026-05-03_11-30-32-332938_box_DV_seed\model_weights.pth
INFO:src.utils.logger:It: 1270, Loss: 1.685e-02, Loss_res: 1.572e-02,  Loss_bcs: 0.000e+00, Loss_ut_ics: 4.506e-06, Loss_norm: 5.868e-07, Loss_gauge: 0.000e+00, w_pde: 1.00e+00, L^2_error: 1.663e-03, lr: 1.000e-03, Time: 1.60e+04
INFO:src.utils.logger:Model state saved to results\box\DV\20260503-113031_seed0_bf_box_DV_circ19_e1500_8q_2l_seed2026\checkpoints\2026-05-03_11-30-32-332938_box_DV_seed\model.pth
INFO:src.utils.logger:Model weights saved to results\box\DV\20260503-113031_seed0_bf_box_DV_circ19_e1500_8q_2l_seed2026\checkpoints\2026-05-03_11-30-32-332938_box_DV_seed\model_weights.pth
INFO:src.utils.logger:It: 1272, Loss: 1.631e-02, Loss_res: 1.531e-02,  Loss_bcs: 0.000e+00, Loss_ut_ics: 4.004e-06, Loss_norm: 6.574e-08, Loss_gauge: 0.000e+00, w_pde: 1.00e+00, L^2_error: 1.663e-03, lr: 1.000e-03, Time: 1.61e+04
INFO:src.utils.logger:Model state saved to results\box\DV\20260503-113031_seed0_bf_box_DV_circ19_e1500_8q_2l_seed2026\checkpoints\2026-05-03_11-30-32-332938_box_DV_seed\model.pth
INFO:src.utils.logger:Model weights saved to results\box\DV\20260503-113031_seed0_bf_box_DV_circ19_e1500_8q_2l_seed2026\checkpoints\2026-05-03_11-30-32-332938_box_DV_seed\model_weights.pth
INFO:src.utils.logger:It: 1274, Loss: 1.656e-02, Loss_res: 1.564e-02,  Loss_bcs: 0.000e+00, Loss_ut_ics: 3.697e-06, Loss_norm: 1.746e-07, Loss_gauge: 0.000e+00, w_pde: 1.00e+00, L^2_error: 1.663e-03, lr: 1.000e-03, Time: 1.61e+04
INFO:src.utils.logger:Model state saved to results\box\DV\20260503-113031_seed0_bf_box_DV_circ19_e1500_8q_2l_seed2026\checkpoints\2026-05-03_11-30-32-332938_box_DV_seed\model.pth
INFO:src.utils.logger:Model weights saved to results\box\DV\20260503-113031_seed0_bf_box_DV_circ19_e1500_8q_2l_seed2026\checkpoints\2026-05-03_11-30-32-332938_box_DV_seed\model_weights.pth
INFO:src.utils.logger:It: 1276, Loss: 1.574e-02, Loss_res: 1.475e-02,  Loss_bcs: 0.000e+00, Loss_ut_ics: 3.986e-06, Loss_norm: 2.530e-07, Loss_gauge: 0.000e+00, w_pde: 1.00e+00, L^2_error: 1.515e-03, lr: 1.000e-03, Time: 1.61e+04
INFO:src.utils.logger:Model state saved to results\box\DV\20260503-113031_seed0_bf_box_DV_circ19_e1500_8q_2l_seed2026\checkpoints\2026-05-03_11-30-32-332938_box_DV_seed\model.pth
INFO:src.utils.logger:Model weights saved to results\box\DV\20260503-113031_seed0_bf_box_DV_circ19_e1500_8q_2l_seed2026\checkpoints\2026-05-03_11-30-32-332938_box_DV_seed\model_weights.pth
INFO:src.utils.logger:It: 1278, Loss: 1.702e-02, Loss_res: 1.599e-02,  Loss_bcs: 0.000e+00, Loss_ut_ics: 4.091e-06, Loss_norm: 6.450e-07, Loss_gauge: 0.000e+00, w_pde: 1.00e+00, L^2_error: 1.515e-03, lr: 1.000e-03, Time: 1.61e+04
INFO:src.utils.logger:Model state saved to results\box\DV\20260503-113031_seed0_bf_box_DV_circ19_e1500_8q_2l_seed2026\checkpoints\2026-05-03_11-30-32-332938_box_DV_seed\model.pth
INFO:src.utils.logger:Model weights saved to results\box\DV\20260503-113031_seed0_bf_box_DV_circ19_e1500_8q_2l_seed2026\checkpoints\2026-05-03_11-30-32-332938_box_DV_seed\model_weights.pth
INFO:src.utils.logger:It: 1280, Loss: 1.615e-02, Loss_res: 1.527e-02,  Loss_bcs: 0.000e+00, Loss_ut_ics: 3.518e-06, Loss_norm: 1.974e-07, Loss_gauge: 0.000e+00, w_pde: 1.00e+00, L^2_error: 1.758e-03, lr: 1.000e-03, Time: 1.62e+04
INFO:src.utils.logger:Model state saved to results\box\DV\20260503-113031_seed0_bf_box_DV_circ19_e1500_8q_2l_seed2026\checkpoints\2026-05-03_11-30-32-332938_box_DV_seed\model.pth
INFO:src.utils.logger:Model weights saved to results\box\DV\20260503-113031_seed0_bf_box_DV_circ19_e1500_8q_2l_seed2026\checkpoints\2026-05-03_11-30-32-332938_box_DV_seed\model_weights.pth
INFO:src.utils.logger:It: 1282, Loss: 1.538e-02, Loss_res: 1.453e-02,  Loss_bcs: 0.000e+00, Loss_ut_ics: 3.371e-06, Loss_norm: 4.513e-08, Loss_gauge: 0.000e+00, w_pde: 1.00e+00, L^2_error: 1.758e-03, lr: 1.000e-03, Time: 1.62e+04
INFO:src.utils.logger:Model state saved to results\box\DV\20260503-113031_seed0_bf_box_DV_circ19_e1500_8q_2l_seed2026\checkpoints\2026-05-03_11-30-32-332938_box_DV_seed\model.pth
INFO:src.utils.logger:Model weights saved to results\box\DV\20260503-113031_seed0_bf_box_DV_circ19_e1500_8q_2l_seed2026\checkpoints\2026-05-03_11-30-32-332938_box_DV_seed\model_weights.pth
INFO:src.utils.logger:It: 1284, Loss: 1.610e-02, Loss_res: 1.509e-02,  Loss_bcs: 0.000e+00, Loss_ut_ics: 4.035e-06, Loss_norm: 1.284e-07, Loss_gauge: 0.000e+00, w_pde: 1.00e+00, L^2_error: 1.758e-03, lr: 1.000e-03, Time: 1.62e+04
INFO:src.utils.logger:Model state saved to results\box\DV\20260503-113031_seed0_bf_box_DV_circ19_e1500_8q_2l_seed2026\checkpoints\2026-05-03_11-30-32-332938_box_DV_seed\model.pth
INFO:src.utils.logger:Model weights saved to results\box\DV\20260503-113031_seed0_bf_box_DV_circ19_e1500_8q_2l_seed2026\checkpoints\2026-05-03_11-30-32-332938_box_DV_seed\model_weights.pth
INFO:src.utils.logger:It: 1286, Loss: 1.515e-02, Loss_res: 1.401e-02,  Loss_bcs: 0.000e+00, Loss_ut_ics: 4.546e-06, Loss_norm: 3.261e-07, Loss_gauge: 0.000e+00, w_pde: 1.00e+00, L^2_error: 1.757e-03, lr: 1.000e-03, Time: 1.62e+04
INFO:src.utils.logger:Model state saved to results\box\DV\20260503-113031_seed0_bf_box_DV_circ19_e1500_8q_2l_seed2026\checkpoints\2026-05-03_11-30-32-332938_box_DV_seed\model.pth
INFO:src.utils.logger:Model weights saved to results\box\DV\20260503-113031_seed0_bf_box_DV_circ19_e1500_8q_2l_seed2026\checkpoints\2026-05-03_11-30-32-332938_box_DV_seed\model_weights.pth
INFO:src.utils.logger:It: 1288, Loss: 1.478e-02, Loss_res: 1.373e-02,  Loss_bcs: 0.000e+00, Loss_ut_ics: 4.170e-06, Loss_norm: 3.799e-07, Loss_gauge: 0.000e+00, w_pde: 1.00e+00, L^2_error: 1.757e-03, lr: 1.000e-03, Time: 1.63e+04
INFO:src.utils.logger:Model state saved to results\box\DV\20260503-113031_seed0_bf_box_DV_circ19_e1500_8q_2l_seed2026\checkpoints\2026-05-03_11-30-32-332938_box_DV_seed\model.pth
INFO:src.utils.logger:Model weights saved to results\box\DV\20260503-113031_seed0_bf_box_DV_circ19_e1500_8q_2l_seed2026\checkpoints\2026-05-03_11-30-32-332938_box_DV_seed\model_weights.pth
INFO:src.utils.logger:It: 1290, Loss: 1.708e-02, Loss_res: 1.601e-02,  Loss_bcs: 0.000e+00, Loss_ut_ics: 4.266e-06, Loss_norm: 4.140e-07, Loss_gauge: 0.000e+00, w_pde: 1.00e+00, L^2_error: 1.777e-03, lr: 1.000e-03, Time: 1.63e+04
INFO:src.utils.logger:Model state saved to results\box\DV\20260503-113031_seed0_bf_box_DV_circ19_e1500_8q_2l_seed2026\checkpoints\2026-05-03_11-30-32-332938_box_DV_seed\model.pth
INFO:src.utils.logger:Model weights saved to results\box\DV\20260503-113031_seed0_bf_box_DV_circ19_e1500_8q_2l_seed2026\checkpoints\2026-05-03_11-30-32-332938_box_DV_seed\model_weights.pth
INFO:src.utils.logger:It: 1292, Loss: 1.639e-02, Loss_res: 1.534e-02,  Loss_bcs: 0.000e+00, Loss_ut_ics: 4.208e-06, Loss_norm: 2.720e-07, Loss_gauge: 0.000e+00, w_pde: 1.00e+00, L^2_error: 1.777e-03, lr: 1.000e-03, Time: 1.63e+04
INFO:src.utils.logger:Model state saved to results\box\DV\20260503-113031_seed0_bf_box_DV_circ19_e1500_8q_2l_seed2026\checkpoints\2026-05-03_11-30-32-332938_box_DV_seed\model.pth
INFO:src.utils.logger:Model weights saved to results\box\DV\20260503-113031_seed0_bf_box_DV_circ19_e1500_8q_2l_seed2026\checkpoints\2026-05-03_11-30-32-332938_box_DV_seed\model_weights.pth
INFO:src.utils.logger:It: 1294, Loss: 1.700e-02, Loss_res: 1.578e-02,  Loss_bcs: 0.000e+00, Loss_ut_ics: 4.884e-06, Loss_norm: 2.136e-07, Loss_gauge: 0.000e+00, w_pde: 1.00e+00, L^2_error: 1.777e-03, lr: 1.000e-03, Time: 1.63e+04
INFO:src.utils.logger:Model state saved to results\box\DV\20260503-113031_seed0_bf_box_DV_circ19_e1500_8q_2l_seed2026\checkpoints\2026-05-03_11-30-32-332938_box_DV_seed\model.pth
INFO:src.utils.logger:Model weights saved to results\box\DV\20260503-113031_seed0_bf_box_DV_circ19_e1500_8q_2l_seed2026\checkpoints\2026-05-03_11-30-32-332938_box_DV_seed\model_weights.pth
INFO:src.utils.logger:It: 1296, Loss: 1.715e-02, Loss_res: 1.612e-02,  Loss_bcs: 0.000e+00, Loss_ut_ics: 4.117e-06, Loss_norm: 4.898e-08, Loss_gauge: 0.000e+00, w_pde: 1.00e+00, L^2_error: 1.565e-03, lr: 1.000e-03, Time: 1.64e+04
INFO:src.utils.logger:Model state saved to results\box\DV\20260503-113031_seed0_bf_box_DV_circ19_e1500_8q_2l_seed2026\checkpoints\2026-05-03_11-30-32-332938_box_DV_seed\model.pth
INFO:src.utils.logger:Model weights saved to results\box\DV\20260503-113031_seed0_bf_box_DV_circ19_e1500_8q_2l_seed2026\checkpoints\2026-05-03_11-30-32-332938_box_DV_seed\model_weights.pth
INFO:src.utils.logger:It: 1298, Loss: 1.615e-02, Loss_res: 1.532e-02,  Loss_bcs: 0.000e+00, Loss_ut_ics: 3.292e-06, Loss_norm: 7.656e-09, Loss_gauge: 0.000e+00, w_pde: 1.00e+00, L^2_error: 1.565e-03, lr: 1.000e-03, Time: 1.64e+04
INFO:src.utils.logger:Model state saved to results\box\DV\20260503-113031_seed0_bf_box_DV_circ19_e1500_8q_2l_seed2026\checkpoints\2026-05-03_11-30-32-332938_box_DV_seed\model.pth
INFO:src.utils.logger:Model weights saved to results\box\DV\20260503-113031_seed0_bf_box_DV_circ19_e1500_8q_2l_seed2026\checkpoints\2026-05-03_11-30-32-332938_box_DV_seed\model_weights.pth
INFO:src.utils.logger:It: 1300, Loss: 1.635e-02, Loss_res: 1.551e-02,  Loss_bcs: 0.000e+00, Loss_ut_ics: 3.384e-06, Loss_norm: 4.925e-08, Loss_gauge: 0.000e+00, w_pde: 1.00e+00, L^2_error: 1.780e-03, lr: 1.000e-03, Time: 1.64e+04
INFO:src.utils.logger:Model state saved to results\box\DV\20260503-113031_seed0_bf_box_DV_circ19_e1500_8q_2l_seed2026\checkpoints\2026-05-03_11-30-32-332938_box_DV_seed\model.pth
INFO:src.utils.logger:Model weights saved to results\box\DV\20260503-113031_seed0_bf_box_DV_circ19_e1500_8q_2l_seed2026\checkpoints\2026-05-03_11-30-32-332938_box_DV_seed\model_weights.pth
INFO:src.utils.logger:It: 1302, Loss: 1.603e-02, Loss_res: 1.508e-02,  Loss_bcs: 0.000e+00, Loss_ut_ics: 3.804e-06, Loss_norm: 2.466e-07, Loss_gauge: 0.000e+00, w_pde: 1.00e+00, L^2_error: 1.780e-03, lr: 1.000e-03, Time: 1.65e+04
INFO:src.utils.logger:Model state saved to results\box\DV\20260503-113031_seed0_bf_box_DV_circ19_e1500_8q_2l_seed2026\checkpoints\2026-05-03_11-30-32-332938_box_DV_seed\model.pth
INFO:src.utils.logger:Model weights saved to results\box\DV\20260503-113031_seed0_bf_box_DV_circ19_e1500_8q_2l_seed2026\checkpoints\2026-05-03_11-30-32-332938_box_DV_seed\model_weights.pth
INFO:src.utils.logger:It: 1304, Loss: 1.602e-02, Loss_res: 1.494e-02,  Loss_bcs: 0.000e+00, Loss_ut_ics: 4.326e-06, Loss_norm: 1.422e-07, Loss_gauge: 0.000e+00, w_pde: 1.00e+00, L^2_error: 1.780e-03, lr: 1.000e-03, Time: 1.65e+04
INFO:src.utils.logger:Model state saved to results\box\DV\20260503-113031_seed0_bf_box_DV_circ19_e1500_8q_2l_seed2026\checkpoints\2026-05-03_11-30-32-332938_box_DV_seed\model.pth
INFO:src.utils.logger:Model weights saved to results\box\DV\20260503-113031_seed0_bf_box_DV_circ19_e1500_8q_2l_seed2026\checkpoints\2026-05-03_11-30-32-332938_box_DV_seed\model_weights.pth
INFO:src.utils.logger:It: 1306, Loss: 1.562e-02, Loss_res: 1.460e-02,  Loss_bcs: 0.000e+00, Loss_ut_ics: 4.105e-06, Loss_norm: 9.372e-08, Loss_gauge: 0.000e+00, w_pde: 1.00e+00, L^2_error: 1.808e-03, lr: 1.000e-03, Time: 1.65e+04
INFO:src.utils.logger:Model state saved to results\box\DV\20260503-113031_seed0_bf_box_DV_circ19_e1500_8q_2l_seed2026\checkpoints\2026-05-03_11-30-32-332938_box_DV_seed\model.pth
INFO:src.utils.logger:Model weights saved to results\box\DV\20260503-113031_seed0_bf_box_DV_circ19_e1500_8q_2l_seed2026\checkpoints\2026-05-03_11-30-32-332938_box_DV_seed\model_weights.pth
INFO:src.utils.logger:It: 1308, Loss: 1.644e-02, Loss_res: 1.545e-02,  Loss_bcs: 0.000e+00, Loss_ut_ics: 3.954e-06, Loss_norm: 1.826e-07, Loss_gauge: 0.000e+00, w_pde: 1.00e+00, L^2_error: 1.808e-03, lr: 1.000e-03, Time: 1.65e+04
INFO:src.utils.logger:Model state saved to results\box\DV\20260503-113031_seed0_bf_box_DV_circ19_e1500_8q_2l_seed2026\checkpoints\2026-05-03_11-30-32-332938_box_DV_seed\model.pth
INFO:src.utils.logger:Model weights saved to results\box\DV\20260503-113031_seed0_bf_box_DV_circ19_e1500_8q_2l_seed2026\checkpoints\2026-05-03_11-30-32-332938_box_DV_seed\model_weights.pth
INFO:src.utils.logger:It: 1310, Loss: 1.536e-02, Loss_res: 1.440e-02,  Loss_bcs: 0.000e+00, Loss_ut_ics: 3.848e-06, Loss_norm: 4.359e-07, Loss_gauge: 0.000e+00, w_pde: 1.00e+00, L^2_error: 1.588e-03, lr: 1.000e-03, Time: 1.66e+04
INFO:src.utils.logger:Model state saved to results\box\DV\20260503-113031_seed0_bf_box_DV_circ19_e1500_8q_2l_seed2026\checkpoints\2026-05-03_11-30-32-332938_box_DV_seed\model.pth
INFO:src.utils.logger:Model weights saved to results\box\DV\20260503-113031_seed0_bf_box_DV_circ19_e1500_8q_2l_seed2026\checkpoints\2026-05-03_11-30-32-332938_box_DV_seed\model_weights.pth
INFO:src.utils.logger:It: 1312, Loss: 1.646e-02, Loss_res: 1.546e-02,  Loss_bcs: 0.000e+00, Loss_ut_ics: 4.016e-06, Loss_norm: 2.987e-07, Loss_gauge: 0.000e+00, w_pde: 1.00e+00, L^2_error: 1.588e-03, lr: 1.000e-03, Time: 1.66e+04
INFO:src.utils.logger:Model state saved to results\box\DV\20260503-113031_seed0_bf_box_DV_circ19_e1500_8q_2l_seed2026\checkpoints\2026-05-03_11-30-32-332938_box_DV_seed\model.pth
INFO:src.utils.logger:Model weights saved to results\box\DV\20260503-113031_seed0_bf_box_DV_circ19_e1500_8q_2l_seed2026\checkpoints\2026-05-03_11-30-32-332938_box_DV_seed\model_weights.pth
INFO:src.utils.logger:It: 1314, Loss: 1.599e-02, Loss_res: 1.510e-02,  Loss_bcs: 0.000e+00, Loss_ut_ics: 3.573e-06, Loss_norm: 1.294e-07, Loss_gauge: 0.000e+00, w_pde: 1.00e+00, L^2_error: 1.588e-03, lr: 1.000e-03, Time: 1.66e+04
INFO:src.utils.logger:Model state saved to results\box\DV\20260503-113031_seed0_bf_box_DV_circ19_e1500_8q_2l_seed2026\checkpoints\2026-05-03_11-30-32-332938_box_DV_seed\model.pth
INFO:src.utils.logger:Model weights saved to results\box\DV\20260503-113031_seed0_bf_box_DV_circ19_e1500_8q_2l_seed2026\checkpoints\2026-05-03_11-30-32-332938_box_DV_seed\model_weights.pth
INFO:src.utils.logger:It: 1316, Loss: 1.579e-02, Loss_res: 1.482e-02,  Loss_bcs: 0.000e+00, Loss_ut_ics: 3.867e-06, Loss_norm: 7.397e-08, Loss_gauge: 0.000e+00, w_pde: 1.00e+00, L^2_error: 1.600e-03, lr: 1.000e-03, Time: 1.66e+04
INFO:src.utils.logger:Model state saved to results\box\DV\20260503-113031_seed0_bf_box_DV_circ19_e1500_8q_2l_seed2026\checkpoints\2026-05-03_11-30-32-332938_box_DV_seed\model.pth
INFO:src.utils.logger:Model weights saved to results\box\DV\20260503-113031_seed0_bf_box_DV_circ19_e1500_8q_2l_seed2026\checkpoints\2026-05-03_11-30-32-332938_box_DV_seed\model_weights.pth
INFO:src.utils.logger:It: 1318, Loss: 1.696e-02, Loss_res: 1.599e-02,  Loss_bcs: 0.000e+00, Loss_ut_ics: 3.869e-06, Loss_norm: 1.309e-07, Loss_gauge: 0.000e+00, w_pde: 1.00e+00, L^2_error: 1.600e-03, lr: 1.000e-03, Time: 1.67e+04
INFO:src.utils.logger:Model state saved to results\box\DV\20260503-113031_seed0_bf_box_DV_circ19_e1500_8q_2l_seed2026\checkpoints\2026-05-03_11-30-32-332938_box_DV_seed\model.pth
INFO:src.utils.logger:Model weights saved to results\box\DV\20260503-113031_seed0_bf_box_DV_circ19_e1500_8q_2l_seed2026\checkpoints\2026-05-03_11-30-32-332938_box_DV_seed\model_weights.pth
INFO:src.utils.logger:It: 1320, Loss: 1.658e-02, Loss_res: 1.559e-02,  Loss_bcs: 0.000e+00, Loss_ut_ics: 3.951e-06, Loss_norm: 6.631e-08, Loss_gauge: 0.000e+00, w_pde: 1.00e+00, L^2_error: 1.651e-03, lr: 1.000e-03, Time: 1.67e+04
INFO:src.utils.logger:Model state saved to results\box\DV\20260503-113031_seed0_bf_box_DV_circ19_e1500_8q_2l_seed2026\checkpoints\2026-05-03_11-30-32-332938_box_DV_seed\model.pth
INFO:src.utils.logger:Model weights saved to results\box\DV\20260503-113031_seed0_bf_box_DV_circ19_e1500_8q_2l_seed2026\checkpoints\2026-05-03_11-30-32-332938_box_DV_seed\model_weights.pth
INFO:src.utils.logger:It: 1322, Loss: 1.710e-02, Loss_res: 1.610e-02,  Loss_bcs: 0.000e+00, Loss_ut_ics: 3.975e-06, Loss_norm: 7.075e-08, Loss_gauge: 0.000e+00, w_pde: 1.00e+00, L^2_error: 1.651e-03, lr: 1.000e-03, Time: 1.67e+04
INFO:src.utils.logger:Model state saved to results\box\DV\20260503-113031_seed0_bf_box_DV_circ19_e1500_8q_2l_seed2026\checkpoints\2026-05-03_11-30-32-332938_box_DV_seed\model.pth
INFO:src.utils.logger:Model weights saved to results\box\DV\20260503-113031_seed0_bf_box_DV_circ19_e1500_8q_2l_seed2026\checkpoints\2026-05-03_11-30-32-332938_box_DV_seed\model_weights.pth
INFO:src.utils.logger:It: 1324, Loss: 1.467e-02, Loss_res: 1.371e-02,  Loss_bcs: 0.000e+00, Loss_ut_ics: 3.847e-06, Loss_norm: 2.062e-07, Loss_gauge: 0.000e+00, w_pde: 1.00e+00, L^2_error: 1.651e-03, lr: 1.000e-03, Time: 1.67e+04
INFO:src.utils.logger:Model state saved to results\box\DV\20260503-113031_seed0_bf_box_DV_circ19_e1500_8q_2l_seed2026\checkpoints\2026-05-03_11-30-32-332938_box_DV_seed\model.pth
INFO:src.utils.logger:Model weights saved to results\box\DV\20260503-113031_seed0_bf_box_DV_circ19_e1500_8q_2l_seed2026\checkpoints\2026-05-03_11-30-32-332938_box_DV_seed\model_weights.pth
INFO:src.utils.logger:It: 1326, Loss: 1.692e-02, Loss_res: 1.603e-02,  Loss_bcs: 0.000e+00, Loss_ut_ics: 3.560e-06, Loss_norm: 9.186e-08, Loss_gauge: 0.000e+00, w_pde: 1.00e+00, L^2_error: 1.718e-03, lr: 1.000e-03, Time: 1.68e+04
INFO:src.utils.logger:Model state saved to results\box\DV\20260503-113031_seed0_bf_box_DV_circ19_e1500_8q_2l_seed2026\checkpoints\2026-05-03_11-30-32-332938_box_DV_seed\model.pth
INFO:src.utils.logger:Model weights saved to results\box\DV\20260503-113031_seed0_bf_box_DV_circ19_e1500_8q_2l_seed2026\checkpoints\2026-05-03_11-30-32-332938_box_DV_seed\model_weights.pth
INFO:src.utils.logger:It: 1328, Loss: 1.549e-02, Loss_res: 1.459e-02,  Loss_bcs: 0.000e+00, Loss_ut_ics: 3.608e-06, Loss_norm: 1.116e-06, Loss_gauge: 0.000e+00, w_pde: 1.00e+00, L^2_error: 1.718e-03, lr: 1.000e-03, Time: 1.68e+04
INFO:src.utils.logger:Model state saved to results\box\DV\20260503-113031_seed0_bf_box_DV_circ19_e1500_8q_2l_seed2026\checkpoints\2026-05-03_11-30-32-332938_box_DV_seed\model.pth
INFO:src.utils.logger:Model weights saved to results\box\DV\20260503-113031_seed0_bf_box_DV_circ19_e1500_8q_2l_seed2026\checkpoints\2026-05-03_11-30-32-332938_box_DV_seed\model_weights.pth
INFO:src.utils.logger:It: 1330, Loss: 1.515e-02, Loss_res: 1.418e-02,  Loss_bcs: 0.000e+00, Loss_ut_ics: 3.862e-06, Loss_norm: 7.220e-07, Loss_gauge: 0.000e+00, w_pde: 1.00e+00, L^2_error: 1.753e-03, lr: 1.000e-03, Time: 1.68e+04
INFO:src.utils.logger:Model state saved to results\box\DV\20260503-113031_seed0_bf_box_DV_circ19_e1500_8q_2l_seed2026\checkpoints\2026-05-03_11-30-32-332938_box_DV_seed\model.pth
INFO:src.utils.logger:Model weights saved to results\box\DV\20260503-113031_seed0_bf_box_DV_circ19_e1500_8q_2l_seed2026\checkpoints\2026-05-03_11-30-32-332938_box_DV_seed\model_weights.pth
INFO:src.utils.logger:It: 1332, Loss: 1.508e-02, Loss_res: 1.404e-02,  Loss_bcs: 0.000e+00, Loss_ut_ics: 4.165e-06, Loss_norm: 3.272e-07, Loss_gauge: 0.000e+00, w_pde: 1.00e+00, L^2_error: 1.753e-03, lr: 1.000e-03, Time: 1.68e+04
INFO:src.utils.logger:Model state saved to results\box\DV\20260503-113031_seed0_bf_box_DV_circ19_e1500_8q_2l_seed2026\checkpoints\2026-05-03_11-30-32-332938_box_DV_seed\model.pth
INFO:src.utils.logger:Model weights saved to results\box\DV\20260503-113031_seed0_bf_box_DV_circ19_e1500_8q_2l_seed2026\checkpoints\2026-05-03_11-30-32-332938_box_DV_seed\model_weights.pth
INFO:src.utils.logger:It: 1334, Loss: 1.663e-02, Loss_res: 1.573e-02,  Loss_bcs: 0.000e+00, Loss_ut_ics: 3.589e-06, Loss_norm: 6.072e-08, Loss_gauge: 0.000e+00, w_pde: 1.00e+00, L^2_error: 1.753e-03, lr: 1.000e-03, Time: 1.69e+04
INFO:src.utils.logger:Model state saved to results\box\DV\20260503-113031_seed0_bf_box_DV_circ19_e1500_8q_2l_seed2026\checkpoints\2026-05-03_11-30-32-332938_box_DV_seed\model.pth
INFO:src.utils.logger:Model weights saved to results\box\DV\20260503-113031_seed0_bf_box_DV_circ19_e1500_8q_2l_seed2026\checkpoints\2026-05-03_11-30-32-332938_box_DV_seed\model_weights.pth
INFO:src.utils.logger:It: 1336, Loss: 1.621e-02, Loss_res: 1.537e-02,  Loss_bcs: 0.000e+00, Loss_ut_ics: 3.338e-06, Loss_norm: 1.061e-06, Loss_gauge: 0.000e+00, w_pde: 1.00e+00, L^2_error: 1.875e-03, lr: 1.000e-03, Time: 1.69e+04
INFO:src.utils.logger:Model state saved to results\box\DV\20260503-113031_seed0_bf_box_DV_circ19_e1500_8q_2l_seed2026\checkpoints\2026-05-03_11-30-32-332938_box_DV_seed\model.pth
INFO:src.utils.logger:Model weights saved to results\box\DV\20260503-113031_seed0_bf_box_DV_circ19_e1500_8q_2l_seed2026\checkpoints\2026-05-03_11-30-32-332938_box_DV_seed\model_weights.pth
INFO:src.utils.logger:It: 1338, Loss: 1.673e-02, Loss_res: 1.587e-02,  Loss_bcs: 0.000e+00, Loss_ut_ics: 3.432e-06, Loss_norm: 3.550e-07, Loss_gauge: 0.000e+00, w_pde: 1.00e+00, L^2_error: 1.875e-03, lr: 1.000e-03, Time: 1.69e+04
INFO:src.utils.logger:Model state saved to results\box\DV\20260503-113031_seed0_bf_box_DV_circ19_e1500_8q_2l_seed2026\checkpoints\2026-05-03_11-30-32-332938_box_DV_seed\model.pth
INFO:src.utils.logger:Model weights saved to results\box\DV\20260503-113031_seed0_bf_box_DV_circ19_e1500_8q_2l_seed2026\checkpoints\2026-05-03_11-30-32-332938_box_DV_seed\model_weights.pth
INFO:src.utils.logger:It: 1340, Loss: 1.498e-02, Loss_res: 1.390e-02,  Loss_bcs: 0.000e+00, Loss_ut_ics: 4.336e-06, Loss_norm: 1.333e-07, Loss_gauge: 0.000e+00, w_pde: 1.00e+00, L^2_error: 1.536e-03, lr: 1.000e-03, Time: 1.70e+04
INFO:src.utils.logger:Model state saved to results\box\DV\20260503-113031_seed0_bf_box_DV_circ19_e1500_8q_2l_seed2026\checkpoints\2026-05-03_11-30-32-332938_box_DV_seed\model.pth
INFO:src.utils.logger:Model weights saved to results\box\DV\20260503-113031_seed0_bf_box_DV_circ19_e1500_8q_2l_seed2026\checkpoints\2026-05-03_11-30-32-332938_box_DV_seed\model_weights.pth
INFO:src.utils.logger:It: 1342, Loss: 1.512e-02, Loss_res: 1.412e-02,  Loss_bcs: 0.000e+00, Loss_ut_ics: 4.025e-06, Loss_norm: 2.287e-07, Loss_gauge: 0.000e+00, w_pde: 1.00e+00, L^2_error: 1.536e-03, lr: 1.000e-03, Time: 1.70e+04
INFO:src.utils.logger:Model state saved to results\box\DV\20260503-113031_seed0_bf_box_DV_circ19_e1500_8q_2l_seed2026\checkpoints\2026-05-03_11-30-32-332938_box_DV_seed\model.pth
INFO:src.utils.logger:Model weights saved to results\box\DV\20260503-113031_seed0_bf_box_DV_circ19_e1500_8q_2l_seed2026\checkpoints\2026-05-03_11-30-32-332938_box_DV_seed\model_weights.pth
INFO:src.utils.logger:It: 1344, Loss: 1.540e-02, Loss_res: 1.454e-02,  Loss_bcs: 0.000e+00, Loss_ut_ics: 3.435e-06, Loss_norm: 2.764e-07, Loss_gauge: 0.000e+00, w_pde: 1.00e+00, L^2_error: 1.536e-03, lr: 1.000e-03, Time: 1.70e+04
INFO:src.utils.logger:Model state saved to results\box\DV\20260503-113031_seed0_bf_box_DV_circ19_e1500_8q_2l_seed2026\checkpoints\2026-05-03_11-30-32-332938_box_DV_seed\model.pth
INFO:src.utils.logger:Model weights saved to results\box\DV\20260503-113031_seed0_bf_box_DV_circ19_e1500_8q_2l_seed2026\checkpoints\2026-05-03_11-30-32-332938_box_DV_seed\model_weights.pth
INFO:src.utils.logger:It: 1346, Loss: 1.705e-02, Loss_res: 1.621e-02,  Loss_bcs: 0.000e+00, Loss_ut_ics: 3.359e-06, Loss_norm: 1.190e-07, Loss_gauge: 0.000e+00, w_pde: 1.00e+00, L^2_error: 1.521e-03, lr: 1.000e-03, Time: 1.70e+04
INFO:src.utils.logger:Model state saved to results\box\DV\20260503-113031_seed0_bf_box_DV_circ19_e1500_8q_2l_seed2026\checkpoints\2026-05-03_11-30-32-332938_box_DV_seed\model.pth
INFO:src.utils.logger:Model weights saved to results\box\DV\20260503-113031_seed0_bf_box_DV_circ19_e1500_8q_2l_seed2026\checkpoints\2026-05-03_11-30-32-332938_box_DV_seed\model_weights.pth
INFO:src.utils.logger:It: 1348, Loss: 1.544e-02, Loss_res: 1.446e-02,  Loss_bcs: 0.000e+00, Loss_ut_ics: 3.928e-06, Loss_norm: 3.852e-08, Loss_gauge: 0.000e+00, w_pde: 1.00e+00, L^2_error: 1.521e-03, lr: 1.000e-03, Time: 1.71e+04
INFO:src.utils.logger:Model state saved to results\box\DV\20260503-113031_seed0_bf_box_DV_circ19_e1500_8q_2l_seed2026\checkpoints\2026-05-03_11-30-32-332938_box_DV_seed\model.pth
INFO:src.utils.logger:Model weights saved to results\box\DV\20260503-113031_seed0_bf_box_DV_circ19_e1500_8q_2l_seed2026\checkpoints\2026-05-03_11-30-32-332938_box_DV_seed\model_weights.pth
INFO:src.utils.logger:It: 1350, Loss: 1.462e-02, Loss_res: 1.371e-02,  Loss_bcs: 0.000e+00, Loss_ut_ics: 3.647e-06, Loss_norm: 6.372e-08, Loss_gauge: 0.000e+00, w_pde: 1.00e+00, L^2_error: 1.727e-03, lr: 1.000e-03, Time: 1.71e+04
INFO:src.utils.logger:Model state saved to results\box\DV\20260503-113031_seed0_bf_box_DV_circ19_e1500_8q_2l_seed2026\checkpoints\2026-05-03_11-30-32-332938_box_DV_seed\model.pth
INFO:src.utils.logger:Model weights saved to results\box\DV\20260503-113031_seed0_bf_box_DV_circ19_e1500_8q_2l_seed2026\checkpoints\2026-05-03_11-30-32-332938_box_DV_seed\model_weights.pth
INFO:src.utils.logger:It: 1352, Loss: 1.502e-02, Loss_res: 1.414e-02,  Loss_bcs: 0.000e+00, Loss_ut_ics: 3.483e-06, Loss_norm: 1.296e-08, Loss_gauge: 0.000e+00, w_pde: 1.00e+00, L^2_error: 1.727e-03, lr: 1.000e-03, Time: 1.71e+04
INFO:src.utils.logger:Model state saved to results\box\DV\20260503-113031_seed0_bf_box_DV_circ19_e1500_8q_2l_seed2026\checkpoints\2026-05-03_11-30-32-332938_box_DV_seed\model.pth
INFO:src.utils.logger:Model weights saved to results\box\DV\20260503-113031_seed0_bf_box_DV_circ19_e1500_8q_2l_seed2026\checkpoints\2026-05-03_11-30-32-332938_box_DV_seed\model_weights.pth
INFO:src.utils.logger:It: 1354, Loss: 1.528e-02, Loss_res: 1.438e-02,  Loss_bcs: 0.000e+00, Loss_ut_ics: 3.578e-06, Loss_norm: 2.565e-07, Loss_gauge: 0.000e+00, w_pde: 1.00e+00, L^2_error: 1.727e-03, lr: 1.000e-03, Time: 1.72e+04
INFO:src.utils.logger:Model state saved to results\box\DV\20260503-113031_seed0_bf_box_DV_circ19_e1500_8q_2l_seed2026\checkpoints\2026-05-03_11-30-32-332938_box_DV_seed\model.pth
INFO:src.utils.logger:Model weights saved to results\box\DV\20260503-113031_seed0_bf_box_DV_circ19_e1500_8q_2l_seed2026\checkpoints\2026-05-03_11-30-32-332938_box_DV_seed\model_weights.pth
INFO:src.utils.logger:It: 1356, Loss: 1.489e-02, Loss_res: 1.392e-02,  Loss_bcs: 0.000e+00, Loss_ut_ics: 3.906e-06, Loss_norm: 2.847e-07, Loss_gauge: 0.000e+00, w_pde: 1.00e+00, L^2_error: 1.514e-03, lr: 1.000e-03, Time: 1.72e+04
INFO:src.utils.logger:Model state saved to results\box\DV\20260503-113031_seed0_bf_box_DV_circ19_e1500_8q_2l_seed2026\checkpoints\2026-05-03_11-30-32-332938_box_DV_seed\model.pth
INFO:src.utils.logger:Model weights saved to results\box\DV\20260503-113031_seed0_bf_box_DV_circ19_e1500_8q_2l_seed2026\checkpoints\2026-05-03_11-30-32-332938_box_DV_seed\model_weights.pth
INFO:src.utils.logger:It: 1358, Loss: 1.578e-02, Loss_res: 1.486e-02,  Loss_bcs: 0.000e+00, Loss_ut_ics: 3.668e-06, Loss_norm: 5.456e-08, Loss_gauge: 0.000e+00, w_pde: 1.00e+00, L^2_error: 1.514e-03, lr: 1.000e-03, Time: 1.72e+04
INFO:src.utils.logger:Model state saved to results\box\DV\20260503-113031_seed0_bf_box_DV_circ19_e1500_8q_2l_seed2026\checkpoints\2026-05-03_11-30-32-332938_box_DV_seed\model.pth
INFO:src.utils.logger:Model weights saved to results\box\DV\20260503-113031_seed0_bf_box_DV_circ19_e1500_8q_2l_seed2026\checkpoints\2026-05-03_11-30-32-332938_box_DV_seed\model_weights.pth
INFO:src.utils.logger:It: 1360, Loss: 1.585e-02, Loss_res: 1.489e-02,  Loss_bcs: 0.000e+00, Loss_ut_ics: 3.837e-06, Loss_norm: 9.555e-09, Loss_gauge: 0.000e+00, w_pde: 1.00e+00, L^2_error: 1.804e-03, lr: 1.000e-03, Time: 1.72e+04
INFO:src.utils.logger:Model state saved to results\box\DV\20260503-113031_seed0_bf_box_DV_circ19_e1500_8q_2l_seed2026\checkpoints\2026-05-03_11-30-32-332938_box_DV_seed\model.pth
INFO:src.utils.logger:Model weights saved to results\box\DV\20260503-113031_seed0_bf_box_DV_circ19_e1500_8q_2l_seed2026\checkpoints\2026-05-03_11-30-32-332938_box_DV_seed\model_weights.pth
INFO:src.utils.logger:It: 1362, Loss: 1.661e-02, Loss_res: 1.570e-02,  Loss_bcs: 0.000e+00, Loss_ut_ics: 3.624e-06, Loss_norm: 2.165e-07, Loss_gauge: 0.000e+00, w_pde: 1.00e+00, L^2_error: 1.804e-03, lr: 1.000e-03, Time: 1.73e+04
INFO:src.utils.logger:Model state saved to results\box\DV\20260503-113031_seed0_bf_box_DV_circ19_e1500_8q_2l_seed2026\checkpoints\2026-05-03_11-30-32-332938_box_DV_seed\model.pth
INFO:src.utils.logger:Model weights saved to results\box\DV\20260503-113031_seed0_bf_box_DV_circ19_e1500_8q_2l_seed2026\checkpoints\2026-05-03_11-30-32-332938_box_DV_seed\model_weights.pth
INFO:src.utils.logger:It: 1364, Loss: 1.622e-02, Loss_res: 1.536e-02,  Loss_bcs: 0.000e+00, Loss_ut_ics: 3.432e-06, Loss_norm: 9.329e-08, Loss_gauge: 0.000e+00, w_pde: 1.00e+00, L^2_error: 1.804e-03, lr: 1.000e-03, Time: 1.73e+04
INFO:src.utils.logger:Model state saved to results\box\DV\20260503-113031_seed0_bf_box_DV_circ19_e1500_8q_2l_seed2026\checkpoints\2026-05-03_11-30-32-332938_box_DV_seed\model.pth
INFO:src.utils.logger:Model weights saved to results\box\DV\20260503-113031_seed0_bf_box_DV_circ19_e1500_8q_2l_seed2026\checkpoints\2026-05-03_11-30-32-332938_box_DV_seed\model_weights.pth
INFO:src.utils.logger:It: 1366, Loss: 1.434e-02, Loss_res: 1.342e-02,  Loss_bcs: 0.000e+00, Loss_ut_ics: 3.665e-06, Loss_norm: 1.808e-07, Loss_gauge: 0.000e+00, w_pde: 1.00e+00, L^2_error: 1.891e-03, lr: 1.000e-03, Time: 1.73e+04
INFO:src.utils.logger:Model state saved to results\box\DV\20260503-113031_seed0_bf_box_DV_circ19_e1500_8q_2l_seed2026\checkpoints\2026-05-03_11-30-32-332938_box_DV_seed\model.pth
INFO:src.utils.logger:Model weights saved to results\box\DV\20260503-113031_seed0_bf_box_DV_circ19_e1500_8q_2l_seed2026\checkpoints\2026-05-03_11-30-32-332938_box_DV_seed\model_weights.pth
INFO:src.utils.logger:It: 1368, Loss: 1.567e-02, Loss_res: 1.473e-02,  Loss_bcs: 0.000e+00, Loss_ut_ics: 3.765e-06, Loss_norm: 4.841e-07, Loss_gauge: 0.000e+00, w_pde: 1.00e+00, L^2_error: 1.891e-03, lr: 1.000e-03, Time: 1.73e+04
INFO:src.utils.logger:Model state saved to results\box\DV\20260503-113031_seed0_bf_box_DV_circ19_e1500_8q_2l_seed2026\checkpoints\2026-05-03_11-30-32-332938_box_DV_seed\model.pth
INFO:src.utils.logger:Model weights saved to results\box\DV\20260503-113031_seed0_bf_box_DV_circ19_e1500_8q_2l_seed2026\checkpoints\2026-05-03_11-30-32-332938_box_DV_seed\model_weights.pth
INFO:src.utils.logger:It: 1370, Loss: 1.499e-02, Loss_res: 1.403e-02,  Loss_bcs: 0.000e+00, Loss_ut_ics: 3.836e-06, Loss_norm: 6.022e-07, Loss_gauge: 0.000e+00, w_pde: 1.00e+00, L^2_error: 1.590e-03, lr: 1.000e-03, Time: 1.74e+04
INFO:src.utils.logger:Model state saved to results\box\DV\20260503-113031_seed0_bf_box_DV_circ19_e1500_8q_2l_seed2026\checkpoints\2026-05-03_11-30-32-332938_box_DV_seed\model.pth
INFO:src.utils.logger:Model weights saved to results\box\DV\20260503-113031_seed0_bf_box_DV_circ19_e1500_8q_2l_seed2026\checkpoints\2026-05-03_11-30-32-332938_box_DV_seed\model_weights.pth
INFO:src.utils.logger:It: 1372, Loss: 1.598e-02, Loss_res: 1.507e-02,  Loss_bcs: 0.000e+00, Loss_ut_ics: 3.659e-06, Loss_norm: 6.043e-08, Loss_gauge: 0.000e+00, w_pde: 1.00e+00, L^2_error: 1.590e-03, lr: 1.000e-03, Time: 1.74e+04
INFO:src.utils.logger:Model state saved to results\box\DV\20260503-113031_seed0_bf_box_DV_circ19_e1500_8q_2l_seed2026\checkpoints\2026-05-03_11-30-32-332938_box_DV_seed\model.pth
INFO:src.utils.logger:Model weights saved to results\box\DV\20260503-113031_seed0_bf_box_DV_circ19_e1500_8q_2l_seed2026\checkpoints\2026-05-03_11-30-32-332938_box_DV_seed\model_weights.pth
INFO:src.utils.logger:It: 1374, Loss: 1.554e-02, Loss_res: 1.462e-02,  Loss_bcs: 0.000e+00, Loss_ut_ics: 3.662e-06, Loss_norm: 1.317e-07, Loss_gauge: 0.000e+00, w_pde: 1.00e+00, L^2_error: 1.590e-03, lr: 1.000e-03, Time: 1.74e+04
INFO:src.utils.logger:Model state saved to results\box\DV\20260503-113031_seed0_bf_box_DV_circ19_e1500_8q_2l_seed2026\checkpoints\2026-05-03_11-30-32-332938_box_DV_seed\model.pth
INFO:src.utils.logger:Model weights saved to results\box\DV\20260503-113031_seed0_bf_box_DV_circ19_e1500_8q_2l_seed2026\checkpoints\2026-05-03_11-30-32-332938_box_DV_seed\model_weights.pth
INFO:src.utils.logger:It: 1376, Loss: 1.673e-02, Loss_res: 1.579e-02,  Loss_bcs: 0.000e+00, Loss_ut_ics: 3.720e-06, Loss_norm: 2.387e-07, Loss_gauge: 0.000e+00, w_pde: 1.00e+00, L^2_error: 1.600e-03, lr: 1.000e-03, Time: 1.75e+04
INFO:src.utils.logger:Model state saved to results\box\DV\20260503-113031_seed0_bf_box_DV_circ19_e1500_8q_2l_seed2026\checkpoints\2026-05-03_11-30-32-332938_box_DV_seed\model.pth
INFO:src.utils.logger:Model weights saved to results\box\DV\20260503-113031_seed0_bf_box_DV_circ19_e1500_8q_2l_seed2026\checkpoints\2026-05-03_11-30-32-332938_box_DV_seed\model_weights.pth
INFO:src.utils.logger:It: 1378, Loss: 1.608e-02, Loss_res: 1.519e-02,  Loss_bcs: 0.000e+00, Loss_ut_ics: 3.573e-06, Loss_norm: 3.312e-07, Loss_gauge: 0.000e+00, w_pde: 1.00e+00, L^2_error: 1.600e-03, lr: 1.000e-03, Time: 1.75e+04
INFO:src.utils.logger:Model state saved to results\box\DV\20260503-113031_seed0_bf_box_DV_circ19_e1500_8q_2l_seed2026\checkpoints\2026-05-03_11-30-32-332938_box_DV_seed\model.pth
INFO:src.utils.logger:Model weights saved to results\box\DV\20260503-113031_seed0_bf_box_DV_circ19_e1500_8q_2l_seed2026\checkpoints\2026-05-03_11-30-32-332938_box_DV_seed\model_weights.pth
INFO:src.utils.logger:It: 1380, Loss: 1.509e-02, Loss_res: 1.422e-02,  Loss_bcs: 0.000e+00, Loss_ut_ics: 3.471e-06, Loss_norm: 8.133e-08, Loss_gauge: 0.000e+00, w_pde: 1.00e+00, L^2_error: 1.707e-03, lr: 1.000e-03, Time: 1.75e+04
INFO:src.utils.logger:Model state saved to results\box\DV\20260503-113031_seed0_bf_box_DV_circ19_e1500_8q_2l_seed2026\checkpoints\2026-05-03_11-30-32-332938_box_DV_seed\model.pth
INFO:src.utils.logger:Model weights saved to results\box\DV\20260503-113031_seed0_bf_box_DV_circ19_e1500_8q_2l_seed2026\checkpoints\2026-05-03_11-30-32-332938_box_DV_seed\model_weights.pth
INFO:src.utils.logger:It: 1382, Loss: 1.531e-02, Loss_res: 1.450e-02,  Loss_bcs: 0.000e+00, Loss_ut_ics: 3.224e-06, Loss_norm: 2.094e-07, Loss_gauge: 0.000e+00, w_pde: 1.00e+00, L^2_error: 1.707e-03, lr: 1.000e-03, Time: 1.75e+04
INFO:src.utils.logger:Model state saved to results\box\DV\20260503-113031_seed0_bf_box_DV_circ19_e1500_8q_2l_seed2026\checkpoints\2026-05-03_11-30-32-332938_box_DV_seed\model.pth
INFO:src.utils.logger:Model weights saved to results\box\DV\20260503-113031_seed0_bf_box_DV_circ19_e1500_8q_2l_seed2026\checkpoints\2026-05-03_11-30-32-332938_box_DV_seed\model_weights.pth
INFO:src.utils.logger:It: 1384, Loss: 1.436e-02, Loss_res: 1.351e-02,  Loss_bcs: 0.000e+00, Loss_ut_ics: 3.378e-06, Loss_norm: 3.647e-07, Loss_gauge: 0.000e+00, w_pde: 1.00e+00, L^2_error: 1.707e-03, lr: 1.000e-03, Time: 1.76e+04
INFO:src.utils.logger:Model state saved to results\box\DV\20260503-113031_seed0_bf_box_DV_circ19_e1500_8q_2l_seed2026\checkpoints\2026-05-03_11-30-32-332938_box_DV_seed\model.pth
INFO:src.utils.logger:Model weights saved to results\box\DV\20260503-113031_seed0_bf_box_DV_circ19_e1500_8q_2l_seed2026\checkpoints\2026-05-03_11-30-32-332938_box_DV_seed\model_weights.pth
INFO:src.utils.logger:It: 1386, Loss: 1.521e-02, Loss_res: 1.437e-02,  Loss_bcs: 0.000e+00, Loss_ut_ics: 3.357e-06, Loss_norm: 2.561e-07, Loss_gauge: 0.000e+00, w_pde: 1.00e+00, L^2_error: 1.518e-03, lr: 1.000e-03, Time: 1.76e+04
INFO:src.utils.logger:Model state saved to results\box\DV\20260503-113031_seed0_bf_box_DV_circ19_e1500_8q_2l_seed2026\checkpoints\2026-05-03_11-30-32-332938_box_DV_seed\model.pth
INFO:src.utils.logger:Model weights saved to results\box\DV\20260503-113031_seed0_bf_box_DV_circ19_e1500_8q_2l_seed2026\checkpoints\2026-05-03_11-30-32-332938_box_DV_seed\model_weights.pth
INFO:src.utils.logger:It: 1388, Loss: 1.521e-02, Loss_res: 1.435e-02,  Loss_bcs: 0.000e+00, Loss_ut_ics: 3.422e-06, Loss_norm: 6.667e-08, Loss_gauge: 0.000e+00, w_pde: 1.00e+00, L^2_error: 1.518e-03, lr: 1.000e-03, Time: 1.76e+04
INFO:src.utils.logger:Model state saved to results\box\DV\20260503-113031_seed0_bf_box_DV_circ19_e1500_8q_2l_seed2026\checkpoints\2026-05-03_11-30-32-332938_box_DV_seed\model.pth
INFO:src.utils.logger:Model weights saved to results\box\DV\20260503-113031_seed0_bf_box_DV_circ19_e1500_8q_2l_seed2026\checkpoints\2026-05-03_11-30-32-332938_box_DV_seed\model_weights.pth
INFO:src.utils.logger:It: 1390, Loss: 1.451e-02, Loss_res: 1.345e-02,  Loss_bcs: 0.000e+00, Loss_ut_ics: 4.235e-06, Loss_norm: 1.884e-07, Loss_gauge: 0.000e+00, w_pde: 1.00e+00, L^2_error: 1.534e-03, lr: 1.000e-03, Time: 1.77e+04
INFO:src.utils.logger:Model state saved to results\box\DV\20260503-113031_seed0_bf_box_DV_circ19_e1500_8q_2l_seed2026\checkpoints\2026-05-03_11-30-32-332938_box_DV_seed\model.pth
INFO:src.utils.logger:Model weights saved to results\box\DV\20260503-113031_seed0_bf_box_DV_circ19_e1500_8q_2l_seed2026\checkpoints\2026-05-03_11-30-32-332938_box_DV_seed\model_weights.pth
INFO:src.utils.logger:It: 1392, Loss: 1.586e-02, Loss_res: 1.475e-02,  Loss_bcs: 0.000e+00, Loss_ut_ics: 4.467e-06, Loss_norm: 8.122e-08, Loss_gauge: 0.000e+00, w_pde: 1.00e+00, L^2_error: 1.534e-03, lr: 1.000e-03, Time: 1.77e+04
INFO:src.utils.logger:Model state saved to results\box\DV\20260503-113031_seed0_bf_box_DV_circ19_e1500_8q_2l_seed2026\checkpoints\2026-05-03_11-30-32-332938_box_DV_seed\model.pth
INFO:src.utils.logger:Model weights saved to results\box\DV\20260503-113031_seed0_bf_box_DV_circ19_e1500_8q_2l_seed2026\checkpoints\2026-05-03_11-30-32-332938_box_DV_seed\model_weights.pth
INFO:src.utils.logger:It: 1394, Loss: 1.494e-02, Loss_res: 1.403e-02,  Loss_bcs: 0.000e+00, Loss_ut_ics: 3.619e-06, Loss_norm: 4.662e-07, Loss_gauge: 0.000e+00, w_pde: 1.00e+00, L^2_error: 1.534e-03, lr: 1.000e-03, Time: 1.77e+04
INFO:src.utils.logger:Model state saved to results\box\DV\20260503-113031_seed0_bf_box_DV_circ19_e1500_8q_2l_seed2026\checkpoints\2026-05-03_11-30-32-332938_box_DV_seed\model.pth
INFO:src.utils.logger:Model weights saved to results\box\DV\20260503-113031_seed0_bf_box_DV_circ19_e1500_8q_2l_seed2026\checkpoints\2026-05-03_11-30-32-332938_box_DV_seed\model_weights.pth
INFO:src.utils.logger:It: 1396, Loss: 1.539e-02, Loss_res: 1.466e-02,  Loss_bcs: 0.000e+00, Loss_ut_ics: 2.903e-06, Loss_norm: 2.216e-07, Loss_gauge: 0.000e+00, w_pde: 1.00e+00, L^2_error: 1.537e-03, lr: 1.000e-03, Time: 1.77e+04
INFO:src.utils.logger:Model state saved to results\box\DV\20260503-113031_seed0_bf_box_DV_circ19_e1500_8q_2l_seed2026\checkpoints\2026-05-03_11-30-32-332938_box_DV_seed\model.pth
INFO:src.utils.logger:Model weights saved to results\box\DV\20260503-113031_seed0_bf_box_DV_circ19_e1500_8q_2l_seed2026\checkpoints\2026-05-03_11-30-32-332938_box_DV_seed\model_weights.pth
INFO:src.utils.logger:It: 1398, Loss: 1.536e-02, Loss_res: 1.456e-02,  Loss_bcs: 0.000e+00, Loss_ut_ics: 3.164e-06, Loss_norm: 1.816e-07, Loss_gauge: 0.000e+00, w_pde: 1.00e+00, L^2_error: 1.537e-03, lr: 1.000e-03, Time: 1.78e+04
INFO:src.utils.logger:Model state saved to results\box\DV\20260503-113031_seed0_bf_box_DV_circ19_e1500_8q_2l_seed2026\checkpoints\2026-05-03_11-30-32-332938_box_DV_seed\model.pth
INFO:src.utils.logger:Model weights saved to results\box\DV\20260503-113031_seed0_bf_box_DV_circ19_e1500_8q_2l_seed2026\checkpoints\2026-05-03_11-30-32-332938_box_DV_seed\model_weights.pth
INFO:src.utils.logger:It: 1400, Loss: 1.478e-02, Loss_res: 1.396e-02,  Loss_bcs: 0.000e+00, Loss_ut_ics: 3.275e-06, Loss_norm: 5.409e-08, Loss_gauge: 0.000e+00, w_pde: 1.00e+00, L^2_error: 1.741e-03, lr: 1.000e-03, Time: 1.78e+04
INFO:src.utils.logger:Model state saved to results\box\DV\20260503-113031_seed0_bf_box_DV_circ19_e1500_8q_2l_seed2026\checkpoints\2026-05-03_11-30-32-332938_box_DV_seed\model.pth
INFO:src.utils.logger:Model weights saved to results\box\DV\20260503-113031_seed0_bf_box_DV_circ19_e1500_8q_2l_seed2026\checkpoints\2026-05-03_11-30-32-332938_box_DV_seed\model_weights.pth
INFO:src.utils.logger:It: 1402, Loss: 1.578e-02, Loss_res: 1.489e-02,  Loss_bcs: 0.000e+00, Loss_ut_ics: 3.533e-06, Loss_norm: 1.252e-07, Loss_gauge: 0.000e+00, w_pde: 1.00e+00, L^2_error: 1.741e-03, lr: 1.000e-03, Time: 1.78e+04
INFO:src.utils.logger:Model state saved to results\box\DV\20260503-113031_seed0_bf_box_DV_circ19_e1500_8q_2l_seed2026\checkpoints\2026-05-03_11-30-32-332938_box_DV_seed\model.pth
INFO:src.utils.logger:Model weights saved to results\box\DV\20260503-113031_seed0_bf_box_DV_circ19_e1500_8q_2l_seed2026\checkpoints\2026-05-03_11-30-32-332938_box_DV_seed\model_weights.pth
INFO:src.utils.logger:It: 1404, Loss: 1.664e-02, Loss_res: 1.585e-02,  Loss_bcs: 0.000e+00, Loss_ut_ics: 3.163e-06, Loss_norm: 4.935e-09, Loss_gauge: 0.000e+00, w_pde: 1.00e+00, L^2_error: 1.741e-03, lr: 1.000e-03, Time: 1.79e+04
INFO:src.utils.logger:Model state saved to results\box\DV\20260503-113031_seed0_bf_box_DV_circ19_e1500_8q_2l_seed2026\checkpoints\2026-05-03_11-30-32-332938_box_DV_seed\model.pth
INFO:src.utils.logger:Model weights saved to results\box\DV\20260503-113031_seed0_bf_box_DV_circ19_e1500_8q_2l_seed2026\checkpoints\2026-05-03_11-30-32-332938_box_DV_seed\model_weights.pth
INFO:src.utils.logger:It: 1406, Loss: 1.578e-02, Loss_res: 1.487e-02,  Loss_bcs: 0.000e+00, Loss_ut_ics: 3.637e-06, Loss_norm: 4.615e-08, Loss_gauge: 0.000e+00, w_pde: 1.00e+00, L^2_error: 1.802e-03, lr: 1.000e-03, Time: 1.79e+04
INFO:src.utils.logger:Model state saved to results\box\DV\20260503-113031_seed0_bf_box_DV_circ19_e1500_8q_2l_seed2026\checkpoints\2026-05-03_11-30-32-332938_box_DV_seed\model.pth
INFO:src.utils.logger:Model weights saved to results\box\DV\20260503-113031_seed0_bf_box_DV_circ19_e1500_8q_2l_seed2026\checkpoints\2026-05-03_11-30-32-332938_box_DV_seed\model_weights.pth
INFO:src.utils.logger:It: 1408, Loss: 1.472e-02, Loss_res: 1.377e-02,  Loss_bcs: 0.000e+00, Loss_ut_ics: 3.772e-06, Loss_norm: 2.566e-07, Loss_gauge: 0.000e+00, w_pde: 1.00e+00, L^2_error: 1.802e-03, lr: 1.000e-03, Time: 1.79e+04
INFO:src.utils.logger:Model state saved to results\box\DV\20260503-113031_seed0_bf_box_DV_circ19_e1500_8q_2l_seed2026\checkpoints\2026-05-03_11-30-32-332938_box_DV_seed\model.pth
INFO:src.utils.logger:Model weights saved to results\box\DV\20260503-113031_seed0_bf_box_DV_circ19_e1500_8q_2l_seed2026\checkpoints\2026-05-03_11-30-32-332938_box_DV_seed\model_weights.pth
INFO:src.utils.logger:It: 1410, Loss: 1.610e-02, Loss_res: 1.512e-02,  Loss_bcs: 0.000e+00, Loss_ut_ics: 3.921e-06, Loss_norm: 6.218e-07, Loss_gauge: 0.000e+00, w_pde: 1.00e+00, L^2_error: 1.577e-03, lr: 1.000e-03, Time: 1.79e+04
INFO:src.utils.logger:Model state saved to results\box\DV\20260503-113031_seed0_bf_box_DV_circ19_e1500_8q_2l_seed2026\checkpoints\2026-05-03_11-30-32-332938_box_DV_seed\model.pth
INFO:src.utils.logger:Model weights saved to results\box\DV\20260503-113031_seed0_bf_box_DV_circ19_e1500_8q_2l_seed2026\checkpoints\2026-05-03_11-30-32-332938_box_DV_seed\model_weights.pth
INFO:src.utils.logger:It: 1412, Loss: 1.497e-02, Loss_res: 1.406e-02,  Loss_bcs: 0.000e+00, Loss_ut_ics: 3.660e-06, Loss_norm: 1.932e-07, Loss_gauge: 0.000e+00, w_pde: 1.00e+00, L^2_error: 1.577e-03, lr: 1.000e-03, Time: 1.80e+04
INFO:src.utils.logger:Model state saved to results\box\DV\20260503-113031_seed0_bf_box_DV_circ19_e1500_8q_2l_seed2026\checkpoints\2026-05-03_11-30-32-332938_box_DV_seed\model.pth
INFO:src.utils.logger:Model weights saved to results\box\DV\20260503-113031_seed0_bf_box_DV_circ19_e1500_8q_2l_seed2026\checkpoints\2026-05-03_11-30-32-332938_box_DV_seed\model_weights.pth
INFO:src.utils.logger:It: 1414, Loss: 1.452e-02, Loss_res: 1.357e-02,  Loss_bcs: 0.000e+00, Loss_ut_ics: 3.802e-06, Loss_norm: 2.082e-07, Loss_gauge: 0.000e+00, w_pde: 1.00e+00, L^2_error: 1.577e-03, lr: 1.000e-03, Time: 1.80e+04
INFO:src.utils.logger:Model state saved to results\box\DV\20260503-113031_seed0_bf_box_DV_circ19_e1500_8q_2l_seed2026\checkpoints\2026-05-03_11-30-32-332938_box_DV_seed\model.pth
INFO:src.utils.logger:Model weights saved to results\box\DV\20260503-113031_seed0_bf_box_DV_circ19_e1500_8q_2l_seed2026\checkpoints\2026-05-03_11-30-32-332938_box_DV_seed\model_weights.pth
INFO:src.utils.logger:It: 1416, Loss: 1.460e-02, Loss_res: 1.379e-02,  Loss_bcs: 0.000e+00, Loss_ut_ics: 3.234e-06, Loss_norm: 4.170e-07, Loss_gauge: 0.000e+00, w_pde: 1.00e+00, L^2_error: 1.636e-03, lr: 1.000e-03, Time: 1.80e+04
INFO:src.utils.logger:Model state saved to results\box\DV\20260503-113031_seed0_bf_box_DV_circ19_e1500_8q_2l_seed2026\checkpoints\2026-05-03_11-30-32-332938_box_DV_seed\model.pth
INFO:src.utils.logger:Model weights saved to results\box\DV\20260503-113031_seed0_bf_box_DV_circ19_e1500_8q_2l_seed2026\checkpoints\2026-05-03_11-30-32-332938_box_DV_seed\model_weights.pth
INFO:src.utils.logger:It: 1418, Loss: 1.457e-02, Loss_res: 1.386e-02,  Loss_bcs: 0.000e+00, Loss_ut_ics: 2.831e-06, Loss_norm: 1.967e-07, Loss_gauge: 0.000e+00, w_pde: 1.00e+00, L^2_error: 1.636e-03, lr: 1.000e-03, Time: 1.81e+04
INFO:src.utils.logger:Model state saved to results\box\DV\20260503-113031_seed0_bf_box_DV_circ19_e1500_8q_2l_seed2026\checkpoints\2026-05-03_11-30-32-332938_box_DV_seed\model.pth
INFO:src.utils.logger:Model weights saved to results\box\DV\20260503-113031_seed0_bf_box_DV_circ19_e1500_8q_2l_seed2026\checkpoints\2026-05-03_11-30-32-332938_box_DV_seed\model_weights.pth
INFO:src.utils.logger:It: 1420, Loss: 1.326e-02, Loss_res: 1.248e-02,  Loss_bcs: 0.000e+00, Loss_ut_ics: 3.103e-06, Loss_norm: 6.587e-08, Loss_gauge: 0.000e+00, w_pde: 1.00e+00, L^2_error: 1.651e-03, lr: 1.000e-03, Time: 1.81e+04
INFO:src.utils.logger:Model state saved to results\box\DV\20260503-113031_seed0_bf_box_DV_circ19_e1500_8q_2l_seed2026\checkpoints\2026-05-03_11-30-32-332938_box_DV_seed\model.pth
INFO:src.utils.logger:Model weights saved to results\box\DV\20260503-113031_seed0_bf_box_DV_circ19_e1500_8q_2l_seed2026\checkpoints\2026-05-03_11-30-32-332938_box_DV_seed\model_weights.pth
INFO:src.utils.logger:It: 1422, Loss: 1.426e-02, Loss_res: 1.337e-02,  Loss_bcs: 0.000e+00, Loss_ut_ics: 3.561e-06, Loss_norm: 1.101e-07, Loss_gauge: 0.000e+00, w_pde: 1.00e+00, L^2_error: 1.651e-03, lr: 1.000e-03, Time: 1.81e+04
INFO:src.utils.logger:Model state saved to results\box\DV\20260503-113031_seed0_bf_box_DV_circ19_e1500_8q_2l_seed2026\checkpoints\2026-05-03_11-30-32-332938_box_DV_seed\model.pth
INFO:src.utils.logger:Model weights saved to results\box\DV\20260503-113031_seed0_bf_box_DV_circ19_e1500_8q_2l_seed2026\checkpoints\2026-05-03_11-30-32-332938_box_DV_seed\model_weights.pth
INFO:src.utils.logger:It: 1424, Loss: 1.399e-02, Loss_res: 1.308e-02,  Loss_bcs: 0.000e+00, Loss_ut_ics: 3.616e-06, Loss_norm: 1.148e-07, Loss_gauge: 0.000e+00, w_pde: 1.00e+00, L^2_error: 1.651e-03, lr: 1.000e-03, Time: 1.81e+04
INFO:src.utils.logger:Model state saved to results\box\DV\20260503-113031_seed0_bf_box_DV_circ19_e1500_8q_2l_seed2026\checkpoints\2026-05-03_11-30-32-332938_box_DV_seed\model.pth
INFO:src.utils.logger:Model weights saved to results\box\DV\20260503-113031_seed0_bf_box_DV_circ19_e1500_8q_2l_seed2026\checkpoints\2026-05-03_11-30-32-332938_box_DV_seed\model_weights.pth
INFO:src.utils.logger:It: 1426, Loss: 1.386e-02, Loss_res: 1.306e-02,  Loss_bcs: 0.000e+00, Loss_ut_ics: 3.226e-06, Loss_norm: 2.327e-07, Loss_gauge: 0.000e+00, w_pde: 1.00e+00, L^2_error: 1.482e-03, lr: 1.000e-03, Time: 1.82e+04
INFO:src.utils.logger:Model state saved to results\box\DV\20260503-113031_seed0_bf_box_DV_circ19_e1500_8q_2l_seed2026\checkpoints\2026-05-03_11-30-32-332938_box_DV_seed\model.pth
INFO:src.utils.logger:Model weights saved to results\box\DV\20260503-113031_seed0_bf_box_DV_circ19_e1500_8q_2l_seed2026\checkpoints\2026-05-03_11-30-32-332938_box_DV_seed\model_weights.pth
INFO:src.utils.logger:It: 1428, Loss: 1.603e-02, Loss_res: 1.519e-02,  Loss_bcs: 0.000e+00, Loss_ut_ics: 3.355e-06, Loss_norm: 2.715e-07, Loss_gauge: 0.000e+00, w_pde: 1.00e+00, L^2_error: 1.482e-03, lr: 1.000e-03, Time: 1.82e+04
INFO:src.utils.logger:Model state saved to results\box\DV\20260503-113031_seed0_bf_box_DV_circ19_e1500_8q_2l_seed2026\checkpoints\2026-05-03_11-30-32-332938_box_DV_seed\model.pth
INFO:src.utils.logger:Model weights saved to results\box\DV\20260503-113031_seed0_bf_box_DV_circ19_e1500_8q_2l_seed2026\checkpoints\2026-05-03_11-30-32-332938_box_DV_seed\model_weights.pth
INFO:src.utils.logger:It: 1430, Loss: 1.524e-02, Loss_res: 1.433e-02,  Loss_bcs: 0.000e+00, Loss_ut_ics: 3.640e-06, Loss_norm: 4.093e-08, Loss_gauge: 0.000e+00, w_pde: 1.00e+00, L^2_error: 1.631e-03, lr: 1.000e-03, Time: 1.82e+04
INFO:src.utils.logger:Model state saved to results\box\DV\20260503-113031_seed0_bf_box_DV_circ19_e1500_8q_2l_seed2026\checkpoints\2026-05-03_11-30-32-332938_box_DV_seed\model.pth
INFO:src.utils.logger:Model weights saved to results\box\DV\20260503-113031_seed0_bf_box_DV_circ19_e1500_8q_2l_seed2026\checkpoints\2026-05-03_11-30-32-332938_box_DV_seed\model_weights.pth
INFO:src.utils.logger:It: 1432, Loss: 1.643e-02, Loss_res: 1.541e-02,  Loss_bcs: 0.000e+00, Loss_ut_ics: 4.081e-06, Loss_norm: 1.472e-07, Loss_gauge: 0.000e+00, w_pde: 1.00e+00, L^2_error: 1.631e-03, lr: 1.000e-03, Time: 1.83e+04
INFO:src.utils.logger:Model state saved to results\box\DV\20260503-113031_seed0_bf_box_DV_circ19_e1500_8q_2l_seed2026\checkpoints\2026-05-03_11-30-32-332938_box_DV_seed\model.pth
INFO:src.utils.logger:Model weights saved to results\box\DV\20260503-113031_seed0_bf_box_DV_circ19_e1500_8q_2l_seed2026\checkpoints\2026-05-03_11-30-32-332938_box_DV_seed\model_weights.pth
INFO:src.utils.logger:It: 1434, Loss: 1.645e-02, Loss_res: 1.557e-02,  Loss_bcs: 0.000e+00, Loss_ut_ics: 3.517e-06, Loss_norm: 4.915e-08, Loss_gauge: 0.000e+00, w_pde: 1.00e+00, L^2_error: 1.631e-03, lr: 1.000e-03, Time: 1.83e+04
INFO:src.utils.logger:Model state saved to results\box\DV\20260503-113031_seed0_bf_box_DV_circ19_e1500_8q_2l_seed2026\checkpoints\2026-05-03_11-30-32-332938_box_DV_seed\model.pth
INFO:src.utils.logger:Model weights saved to results\box\DV\20260503-113031_seed0_bf_box_DV_circ19_e1500_8q_2l_seed2026\checkpoints\2026-05-03_11-30-32-332938_box_DV_seed\model_weights.pth
INFO:src.utils.logger:It: 1436, Loss: 1.599e-02, Loss_res: 1.520e-02,  Loss_bcs: 0.000e+00, Loss_ut_ics: 3.124e-06, Loss_norm: 3.154e-07, Loss_gauge: 0.000e+00, w_pde: 1.00e+00, L^2_error: 1.574e-03, lr: 1.000e-03, Time: 1.83e+04
INFO:src.utils.logger:Model state saved to results\box\DV\20260503-113031_seed0_bf_box_DV_circ19_e1500_8q_2l_seed2026\checkpoints\2026-05-03_11-30-32-332938_box_DV_seed\model.pth
INFO:src.utils.logger:Model weights saved to results\box\DV\20260503-113031_seed0_bf_box_DV_circ19_e1500_8q_2l_seed2026\checkpoints\2026-05-03_11-30-32-332938_box_DV_seed\model_weights.pth
INFO:src.utils.logger:It: 1438, Loss: 1.464e-02, Loss_res: 1.388e-02,  Loss_bcs: 0.000e+00, Loss_ut_ics: 3.038e-06, Loss_norm: 1.457e-07, Loss_gauge: 0.000e+00, w_pde: 1.00e+00, L^2_error: 1.574e-03, lr: 1.000e-03, Time: 1.83e+04
INFO:src.utils.logger:Model state saved to results\box\DV\20260503-113031_seed0_bf_box_DV_circ19_e1500_8q_2l_seed2026\checkpoints\2026-05-03_11-30-32-332938_box_DV_seed\model.pth
INFO:src.utils.logger:Model weights saved to results\box\DV\20260503-113031_seed0_bf_box_DV_circ19_e1500_8q_2l_seed2026\checkpoints\2026-05-03_11-30-32-332938_box_DV_seed\model_weights.pth
INFO:src.utils.logger:It: 1440, Loss: 1.349e-02, Loss_res: 1.272e-02,  Loss_bcs: 0.000e+00, Loss_ut_ics: 3.081e-06, Loss_norm: 1.285e-07, Loss_gauge: 0.000e+00, w_pde: 1.00e+00, L^2_error: 1.587e-03, lr: 1.000e-03, Time: 1.84e+04
INFO:src.utils.logger:Model state saved to results\box\DV\20260503-113031_seed0_bf_box_DV_circ19_e1500_8q_2l_seed2026\checkpoints\2026-05-03_11-30-32-332938_box_DV_seed\model.pth
INFO:src.utils.logger:Model weights saved to results\box\DV\20260503-113031_seed0_bf_box_DV_circ19_e1500_8q_2l_seed2026\checkpoints\2026-05-03_11-30-32-332938_box_DV_seed\model_weights.pth
INFO:src.utils.logger:It: 1442, Loss: 1.429e-02, Loss_res: 1.353e-02,  Loss_bcs: 0.000e+00, Loss_ut_ics: 3.060e-06, Loss_norm: 1.669e-07, Loss_gauge: 0.000e+00, w_pde: 1.00e+00, L^2_error: 1.587e-03, lr: 1.000e-03, Time: 1.84e+04
INFO:src.utils.logger:Model state saved to results\box\DV\20260503-113031_seed0_bf_box_DV_circ19_e1500_8q_2l_seed2026\checkpoints\2026-05-03_11-30-32-332938_box_DV_seed\model.pth
INFO:src.utils.logger:Model weights saved to results\box\DV\20260503-113031_seed0_bf_box_DV_circ19_e1500_8q_2l_seed2026\checkpoints\2026-05-03_11-30-32-332938_box_DV_seed\model_weights.pth
INFO:src.utils.logger:It: 1444, Loss: 1.357e-02, Loss_res: 1.283e-02,  Loss_bcs: 0.000e+00, Loss_ut_ics: 2.950e-06, Loss_norm: 3.253e-07, Loss_gauge: 0.000e+00, w_pde: 1.00e+00, L^2_error: 1.587e-03, lr: 1.000e-03, Time: 1.84e+04
INFO:src.utils.logger:Model state saved to results\box\DV\20260503-113031_seed0_bf_box_DV_circ19_e1500_8q_2l_seed2026\checkpoints\2026-05-03_11-30-32-332938_box_DV_seed\model.pth
INFO:src.utils.logger:Model weights saved to results\box\DV\20260503-113031_seed0_bf_box_DV_circ19_e1500_8q_2l_seed2026\checkpoints\2026-05-03_11-30-32-332938_box_DV_seed\model_weights.pth
INFO:src.utils.logger:It: 1446, Loss: 1.262e-02, Loss_res: 1.192e-02,  Loss_bcs: 0.000e+00, Loss_ut_ics: 2.776e-06, Loss_norm: 3.793e-08, Loss_gauge: 0.000e+00, w_pde: 1.00e+00, L^2_error: 1.729e-03, lr: 1.000e-03, Time: 1.84e+04
INFO:src.utils.logger:Model state saved to results\box\DV\20260503-113031_seed0_bf_box_DV_circ19_e1500_8q_2l_seed2026\checkpoints\2026-05-03_11-30-32-332938_box_DV_seed\model.pth
INFO:src.utils.logger:Model weights saved to results\box\DV\20260503-113031_seed0_bf_box_DV_circ19_e1500_8q_2l_seed2026\checkpoints\2026-05-03_11-30-32-332938_box_DV_seed\model_weights.pth
INFO:src.utils.logger:It: 1448, Loss: 1.327e-02, Loss_res: 1.258e-02,  Loss_bcs: 0.000e+00, Loss_ut_ics: 2.768e-06, Loss_norm: 4.381e-09, Loss_gauge: 0.000e+00, w_pde: 1.00e+00, L^2_error: 1.729e-03, lr: 1.000e-03, Time: 1.85e+04
INFO:src.utils.logger:Model state saved to results\box\DV\20260503-113031_seed0_bf_box_DV_circ19_e1500_8q_2l_seed2026\checkpoints\2026-05-03_11-30-32-332938_box_DV_seed\model.pth
INFO:src.utils.logger:Model weights saved to results\box\DV\20260503-113031_seed0_bf_box_DV_circ19_e1500_8q_2l_seed2026\checkpoints\2026-05-03_11-30-32-332938_box_DV_seed\model_weights.pth
INFO:src.utils.logger:It: 1450, Loss: 1.437e-02, Loss_res: 1.345e-02,  Loss_bcs: 0.000e+00, Loss_ut_ics: 3.639e-06, Loss_norm: 4.338e-07, Loss_gauge: 0.000e+00, w_pde: 1.00e+00, L^2_error: 1.574e-03, lr: 1.000e-03, Time: 1.85e+04
INFO:src.utils.logger:Model state saved to results\box\DV\20260503-113031_seed0_bf_box_DV_circ19_e1500_8q_2l_seed2026\checkpoints\2026-05-03_11-30-32-332938_box_DV_seed\model.pth
INFO:src.utils.logger:Model weights saved to results\box\DV\20260503-113031_seed0_bf_box_DV_circ19_e1500_8q_2l_seed2026\checkpoints\2026-05-03_11-30-32-332938_box_DV_seed\model_weights.pth
INFO:src.utils.logger:It: 1452, Loss: 1.499e-02, Loss_res: 1.409e-02,  Loss_bcs: 0.000e+00, Loss_ut_ics: 3.576e-06, Loss_norm: 5.451e-08, Loss_gauge: 0.000e+00, w_pde: 1.00e+00, L^2_error: 1.574e-03, lr: 1.000e-03, Time: 1.85e+04
INFO:src.utils.logger:Model state saved to results\box\DV\20260503-113031_seed0_bf_box_DV_circ19_e1500_8q_2l_seed2026\checkpoints\2026-05-03_11-30-32-332938_box_DV_seed\model.pth
INFO:src.utils.logger:Model weights saved to results\box\DV\20260503-113031_seed0_bf_box_DV_circ19_e1500_8q_2l_seed2026\checkpoints\2026-05-03_11-30-32-332938_box_DV_seed\model_weights.pth
INFO:src.utils.logger:It: 1454, Loss: 1.385e-02, Loss_res: 1.301e-02,  Loss_bcs: 0.000e+00, Loss_ut_ics: 3.334e-06, Loss_norm: 8.874e-08, Loss_gauge: 0.000e+00, w_pde: 1.00e+00, L^2_error: 1.574e-03, lr: 1.000e-03, Time: 1.86e+04
INFO:src.utils.logger:Model state saved to results\box\DV\20260503-113031_seed0_bf_box_DV_circ19_e1500_8q_2l_seed2026\checkpoints\2026-05-03_11-30-32-332938_box_DV_seed\model.pth
INFO:src.utils.logger:Model weights saved to results\box\DV\20260503-113031_seed0_bf_box_DV_circ19_e1500_8q_2l_seed2026\checkpoints\2026-05-03_11-30-32-332938_box_DV_seed\model_weights.pth
INFO:src.utils.logger:It: 1456, Loss: 1.363e-02, Loss_res: 1.291e-02,  Loss_bcs: 0.000e+00, Loss_ut_ics: 2.867e-06, Loss_norm: 2.991e-07, Loss_gauge: 0.000e+00, w_pde: 1.00e+00, L^2_error: 1.679e-03, lr: 1.000e-03, Time: 1.86e+04
INFO:src.utils.logger:Model state saved to results\box\DV\20260503-113031_seed0_bf_box_DV_circ19_e1500_8q_2l_seed2026\checkpoints\2026-05-03_11-30-32-332938_box_DV_seed\model.pth
INFO:src.utils.logger:Model weights saved to results\box\DV\20260503-113031_seed0_bf_box_DV_circ19_e1500_8q_2l_seed2026\checkpoints\2026-05-03_11-30-32-332938_box_DV_seed\model_weights.pth
INFO:src.utils.logger:It: 1458, Loss: 1.554e-02, Loss_res: 1.476e-02,  Loss_bcs: 0.000e+00, Loss_ut_ics: 3.089e-06, Loss_norm: 7.665e-07, Loss_gauge: 0.000e+00, w_pde: 1.00e+00, L^2_error: 1.679e-03, lr: 1.000e-03, Time: 1.86e+04
INFO:src.utils.logger:Model state saved to results\box\DV\20260503-113031_seed0_bf_box_DV_circ19_e1500_8q_2l_seed2026\checkpoints\2026-05-03_11-30-32-332938_box_DV_seed\model.pth
INFO:src.utils.logger:Model weights saved to results\box\DV\20260503-113031_seed0_bf_box_DV_circ19_e1500_8q_2l_seed2026\checkpoints\2026-05-03_11-30-32-332938_box_DV_seed\model_weights.pth
INFO:src.utils.logger:It: 1460, Loss: 1.501e-02, Loss_res: 1.418e-02,  Loss_bcs: 0.000e+00, Loss_ut_ics: 3.317e-06, Loss_norm: 8.845e-08, Loss_gauge: 0.000e+00, w_pde: 1.00e+00, L^2_error: 1.845e-03, lr: 1.000e-03, Time: 1.86e+04
INFO:src.utils.logger:Model state saved to results\box\DV\20260503-113031_seed0_bf_box_DV_circ19_e1500_8q_2l_seed2026\checkpoints\2026-05-03_11-30-32-332938_box_DV_seed\model.pth
INFO:src.utils.logger:Model weights saved to results\box\DV\20260503-113031_seed0_bf_box_DV_circ19_e1500_8q_2l_seed2026\checkpoints\2026-05-03_11-30-32-332938_box_DV_seed\model_weights.pth
INFO:src.utils.logger:It: 1462, Loss: 1.512e-02, Loss_res: 1.431e-02,  Loss_bcs: 0.000e+00, Loss_ut_ics: 3.208e-06, Loss_norm: 2.379e-08, Loss_gauge: 0.000e+00, w_pde: 1.00e+00, L^2_error: 1.845e-03, lr: 1.000e-03, Time: 1.87e+04
INFO:src.utils.logger:Model state saved to results\box\DV\20260503-113031_seed0_bf_box_DV_circ19_e1500_8q_2l_seed2026\checkpoints\2026-05-03_11-30-32-332938_box_DV_seed\model.pth
INFO:src.utils.logger:Model weights saved to results\box\DV\20260503-113031_seed0_bf_box_DV_circ19_e1500_8q_2l_seed2026\checkpoints\2026-05-03_11-30-32-332938_box_DV_seed\model_weights.pth
INFO:src.utils.logger:It: 1464, Loss: 1.561e-02, Loss_res: 1.491e-02,  Loss_bcs: 0.000e+00, Loss_ut_ics: 2.789e-06, Loss_norm: 8.001e-07, Loss_gauge: 0.000e+00, w_pde: 1.00e+00, L^2_error: 1.845e-03, lr: 1.000e-03, Time: 1.87e+04
INFO:src.utils.logger:Model state saved to results\box\DV\20260503-113031_seed0_bf_box_DV_circ19_e1500_8q_2l_seed2026\checkpoints\2026-05-03_11-30-32-332938_box_DV_seed\model.pth
INFO:src.utils.logger:Model weights saved to results\box\DV\20260503-113031_seed0_bf_box_DV_circ19_e1500_8q_2l_seed2026\checkpoints\2026-05-03_11-30-32-332938_box_DV_seed\model_weights.pth
INFO:src.utils.logger:It: 1466, Loss: 1.448e-02, Loss_res: 1.382e-02,  Loss_bcs: 0.000e+00, Loss_ut_ics: 2.663e-06, Loss_norm: 4.246e-07, Loss_gauge: 0.000e+00, w_pde: 1.00e+00, L^2_error: 1.620e-03, lr: 1.000e-03, Time: 1.87e+04
INFO:src.utils.logger:Model state saved to results\box\DV\20260503-113031_seed0_bf_box_DV_circ19_e1500_8q_2l_seed2026\checkpoints\2026-05-03_11-30-32-332938_box_DV_seed\model.pth
INFO:src.utils.logger:Model weights saved to results\box\DV\20260503-113031_seed0_bf_box_DV_circ19_e1500_8q_2l_seed2026\checkpoints\2026-05-03_11-30-32-332938_box_DV_seed\model_weights.pth
INFO:src.utils.logger:It: 1468, Loss: 1.396e-02, Loss_res: 1.310e-02,  Loss_bcs: 0.000e+00, Loss_ut_ics: 3.432e-06, Loss_norm: 1.051e-07, Loss_gauge: 0.000e+00, w_pde: 1.00e+00, L^2_error: 1.620e-03, lr: 1.000e-03, Time: 1.88e+04
INFO:src.utils.logger:Model state saved to results\box\DV\20260503-113031_seed0_bf_box_DV_circ19_e1500_8q_2l_seed2026\checkpoints\2026-05-03_11-30-32-332938_box_DV_seed\model.pth
INFO:src.utils.logger:Model weights saved to results\box\DV\20260503-113031_seed0_bf_box_DV_circ19_e1500_8q_2l_seed2026\checkpoints\2026-05-03_11-30-32-332938_box_DV_seed\model_weights.pth
INFO:src.utils.logger:It: 1470, Loss: 1.422e-02, Loss_res: 1.330e-02,  Loss_bcs: 0.000e+00, Loss_ut_ics: 3.687e-06, Loss_norm: 5.369e-08, Loss_gauge: 0.000e+00, w_pde: 1.00e+00, L^2_error: 1.492e-03, lr: 1.000e-03, Time: 1.88e+04
INFO:src.utils.logger:Model state saved to results\box\DV\20260503-113031_seed0_bf_box_DV_circ19_e1500_8q_2l_seed2026\checkpoints\2026-05-03_11-30-32-332938_box_DV_seed\model.pth
INFO:src.utils.logger:Model weights saved to results\box\DV\20260503-113031_seed0_bf_box_DV_circ19_e1500_8q_2l_seed2026\checkpoints\2026-05-03_11-30-32-332938_box_DV_seed\model_weights.pth
INFO:src.utils.logger:It: 1472, Loss: 1.462e-02, Loss_res: 1.387e-02,  Loss_bcs: 0.000e+00, Loss_ut_ics: 2.978e-06, Loss_norm: 1.620e-07, Loss_gauge: 0.000e+00, w_pde: 1.00e+00, L^2_error: 1.492e-03, lr: 1.000e-03, Time: 1.88e+04
INFO:src.utils.logger:Model state saved to results\box\DV\20260503-113031_seed0_bf_box_DV_circ19_e1500_8q_2l_seed2026\checkpoints\2026-05-03_11-30-32-332938_box_DV_seed\model.pth
INFO:src.utils.logger:Model weights saved to results\box\DV\20260503-113031_seed0_bf_box_DV_circ19_e1500_8q_2l_seed2026\checkpoints\2026-05-03_11-30-32-332938_box_DV_seed\model_weights.pth
INFO:src.utils.logger:It: 1474, Loss: 1.454e-02, Loss_res: 1.384e-02,  Loss_bcs: 0.000e+00, Loss_ut_ics: 2.794e-06, Loss_norm: 1.361e-07, Loss_gauge: 0.000e+00, w_pde: 1.00e+00, L^2_error: 1.492e-03, lr: 1.000e-03, Time: 1.89e+04
INFO:src.utils.logger:Model state saved to results\box\DV\20260503-113031_seed0_bf_box_DV_circ19_e1500_8q_2l_seed2026\checkpoints\2026-05-03_11-30-32-332938_box_DV_seed\model.pth
INFO:src.utils.logger:Model weights saved to results\box\DV\20260503-113031_seed0_bf_box_DV_circ19_e1500_8q_2l_seed2026\checkpoints\2026-05-03_11-30-32-332938_box_DV_seed\model_weights.pth
INFO:src.utils.logger:It: 1476, Loss: 1.438e-02, Loss_res: 1.354e-02,  Loss_bcs: 0.000e+00, Loss_ut_ics: 3.358e-06, Loss_norm: 1.742e-08, Loss_gauge: 0.000e+00, w_pde: 1.00e+00, L^2_error: 1.472e-03, lr: 1.000e-03, Time: 1.89e+04
INFO:src.utils.logger:Model state saved to results\box\DV\20260503-113031_seed0_bf_box_DV_circ19_e1500_8q_2l_seed2026\checkpoints\2026-05-03_11-30-32-332938_box_DV_seed\model.pth
INFO:src.utils.logger:Model weights saved to results\box\DV\20260503-113031_seed0_bf_box_DV_circ19_e1500_8q_2l_seed2026\checkpoints\2026-05-03_11-30-32-332938_box_DV_seed\model_weights.pth
INFO:src.utils.logger:It: 1478, Loss: 1.488e-02, Loss_res: 1.396e-02,  Loss_bcs: 0.000e+00, Loss_ut_ics: 3.667e-06, Loss_norm: 3.065e-07, Loss_gauge: 0.000e+00, w_pde: 1.00e+00, L^2_error: 1.472e-03, lr: 1.000e-03, Time: 1.89e+04
INFO:src.utils.logger:Model state saved to results\box\DV\20260503-113031_seed0_bf_box_DV_circ19_e1500_8q_2l_seed2026\checkpoints\2026-05-03_11-30-32-332938_box_DV_seed\model.pth
INFO:src.utils.logger:Model weights saved to results\box\DV\20260503-113031_seed0_bf_box_DV_circ19_e1500_8q_2l_seed2026\checkpoints\2026-05-03_11-30-32-332938_box_DV_seed\model_weights.pth
INFO:src.utils.logger:It: 1480, Loss: 1.536e-02, Loss_res: 1.455e-02,  Loss_bcs: 0.000e+00, Loss_ut_ics: 3.253e-06, Loss_norm: 5.376e-08, Loss_gauge: 0.000e+00, w_pde: 1.00e+00, L^2_error: 1.414e-03, lr: 1.000e-03, Time: 1.89e+04
INFO:src.utils.logger:Model state saved to results\box\DV\20260503-113031_seed0_bf_box_DV_circ19_e1500_8q_2l_seed2026\checkpoints\2026-05-03_11-30-32-332938_box_DV_seed\model.pth
INFO:src.utils.logger:Model weights saved to results\box\DV\20260503-113031_seed0_bf_box_DV_circ19_e1500_8q_2l_seed2026\checkpoints\2026-05-03_11-30-32-332938_box_DV_seed\model_weights.pth
INFO:src.utils.logger:It: 1482, Loss: 1.282e-02, Loss_res: 1.220e-02,  Loss_bcs: 0.000e+00, Loss_ut_ics: 2.451e-06, Loss_norm: 1.937e-07, Loss_gauge: 0.000e+00, w_pde: 1.00e+00, L^2_error: 1.414e-03, lr: 1.000e-03, Time: 1.90e+04
INFO:src.utils.logger:Model state saved to results\box\DV\20260503-113031_seed0_bf_box_DV_circ19_e1500_8q_2l_seed2026\checkpoints\2026-05-03_11-30-32-332938_box_DV_seed\model.pth
INFO:src.utils.logger:Model weights saved to results\box\DV\20260503-113031_seed0_bf_box_DV_circ19_e1500_8q_2l_seed2026\checkpoints\2026-05-03_11-30-32-332938_box_DV_seed\model_weights.pth
INFO:src.utils.logger:It: 1484, Loss: 1.347e-02, Loss_res: 1.275e-02,  Loss_bcs: 0.000e+00, Loss_ut_ics: 2.902e-06, Loss_norm: 2.575e-07, Loss_gauge: 0.000e+00, w_pde: 1.00e+00, L^2_error: 1.414e-03, lr: 1.000e-03, Time: 1.90e+04
INFO:src.utils.logger:Model state saved to results\box\DV\20260503-113031_seed0_bf_box_DV_circ19_e1500_8q_2l_seed2026\checkpoints\2026-05-03_11-30-32-332938_box_DV_seed\model.pth
INFO:src.utils.logger:Model weights saved to results\box\DV\20260503-113031_seed0_bf_box_DV_circ19_e1500_8q_2l_seed2026\checkpoints\2026-05-03_11-30-32-332938_box_DV_seed\model_weights.pth
INFO:src.utils.logger:It: 1486, Loss: 1.435e-02, Loss_res: 1.352e-02,  Loss_bcs: 0.000e+00, Loss_ut_ics: 3.330e-06, Loss_norm: 1.699e-07, Loss_gauge: 0.000e+00, w_pde: 1.00e+00, L^2_error: 1.465e-03, lr: 1.000e-03, Time: 1.90e+04
INFO:src.utils.logger:Model state saved to results\box\DV\20260503-113031_seed0_bf_box_DV_circ19_e1500_8q_2l_seed2026\checkpoints\2026-05-03_11-30-32-332938_box_DV_seed\model.pth
INFO:src.utils.logger:Model weights saved to results\box\DV\20260503-113031_seed0_bf_box_DV_circ19_e1500_8q_2l_seed2026\checkpoints\2026-05-03_11-30-32-332938_box_DV_seed\model_weights.pth
INFO:src.utils.logger:It: 1488, Loss: 1.229e-02, Loss_res: 1.136e-02,  Loss_bcs: 0.000e+00, Loss_ut_ics: 3.686e-06, Loss_norm: 1.482e-07, Loss_gauge: 0.000e+00, w_pde: 1.00e+00, L^2_error: 1.465e-03, lr: 1.000e-03, Time: 1.90e+04
INFO:src.utils.logger:Model state saved to results\box\DV\20260503-113031_seed0_bf_box_DV_circ19_e1500_8q_2l_seed2026\checkpoints\2026-05-03_11-30-32-332938_box_DV_seed\model.pth
INFO:src.utils.logger:Model weights saved to results\box\DV\20260503-113031_seed0_bf_box_DV_circ19_e1500_8q_2l_seed2026\checkpoints\2026-05-03_11-30-32-332938_box_DV_seed\model_weights.pth
INFO:src.utils.logger:It: 1490, Loss: 1.493e-02, Loss_res: 1.417e-02,  Loss_bcs: 0.000e+00, Loss_ut_ics: 3.034e-06, Loss_norm: 1.208e-08, Loss_gauge: 0.000e+00, w_pde: 1.00e+00, L^2_error: 1.464e-03, lr: 1.000e-03, Time: 1.91e+04
INFO:src.utils.logger:Model state saved to results\box\DV\20260503-113031_seed0_bf_box_DV_circ19_e1500_8q_2l_seed2026\checkpoints\2026-05-03_11-30-32-332938_box_DV_seed\model.pth
INFO:src.utils.logger:Model weights saved to results\box\DV\20260503-113031_seed0_bf_box_DV_circ19_e1500_8q_2l_seed2026\checkpoints\2026-05-03_11-30-32-332938_box_DV_seed\model_weights.pth
INFO:src.utils.logger:It: 1492, Loss: 1.639e-02, Loss_res: 1.573e-02,  Loss_bcs: 0.000e+00, Loss_ut_ics: 2.636e-06, Loss_norm: 1.297e-07, Loss_gauge: 0.000e+00, w_pde: 1.00e+00, L^2_error: 1.464e-03, lr: 1.000e-03, Time: 1.91e+04
INFO:src.utils.logger:Model state saved to results\box\DV\20260503-113031_seed0_bf_box_DV_circ19_e1500_8q_2l_seed2026\checkpoints\2026-05-03_11-30-32-332938_box_DV_seed\model.pth
INFO:src.utils.logger:Model weights saved to results\box\DV\20260503-113031_seed0_bf_box_DV_circ19_e1500_8q_2l_seed2026\checkpoints\2026-05-03_11-30-32-332938_box_DV_seed\model_weights.pth
INFO:src.utils.logger:It: 1494, Loss: 1.346e-02, Loss_res: 1.271e-02,  Loss_bcs: 0.000e+00, Loss_ut_ics: 3.009e-06, Loss_norm: 5.978e-10, Loss_gauge: 0.000e+00, w_pde: 1.00e+00, L^2_error: 1.464e-03, lr: 1.000e-03, Time: 1.91e+04
INFO:src.utils.logger:Model state saved to results\box\DV\20260503-113031_seed0_bf_box_DV_circ19_e1500_8q_2l_seed2026\checkpoints\2026-05-03_11-30-32-332938_box_DV_seed\model.pth
INFO:src.utils.logger:Model weights saved to results\box\DV\20260503-113031_seed0_bf_box_DV_circ19_e1500_8q_2l_seed2026\checkpoints\2026-05-03_11-30-32-332938_box_DV_seed\model_weights.pth
INFO:src.utils.logger:It: 1496, Loss: 1.325e-02, Loss_res: 1.235e-02,  Loss_bcs: 0.000e+00, Loss_ut_ics: 3.598e-06, Loss_norm: 2.694e-08, Loss_gauge: 0.000e+00, w_pde: 1.00e+00, L^2_error: 1.664e-03, lr: 1.000e-03, Time: 1.92e+04
INFO:src.utils.logger:Model state saved to results\box\DV\20260503-113031_seed0_bf_box_DV_circ19_e1500_8q_2l_seed2026\checkpoints\2026-05-03_11-30-32-332938_box_DV_seed\model.pth
INFO:src.utils.logger:Model weights saved to results\box\DV\20260503-113031_seed0_bf_box_DV_circ19_e1500_8q_2l_seed2026\checkpoints\2026-05-03_11-30-32-332938_box_DV_seed\model_weights.pth
INFO:src.utils.logger:It: 1498, Loss: 1.395e-02, Loss_res: 1.306e-02,  Loss_bcs: 0.000e+00, Loss_ut_ics: 3.537e-06, Loss_norm: 2.913e-07, Loss_gauge: 0.000e+00, w_pde: 1.00e+00, L^2_error: 1.664e-03, lr: 1.000e-03, Time: 1.92e+04
INFO:src.utils.logger:Model state saved to results\box\DV\20260503-113031_seed0_bf_box_DV_circ19_e1500_8q_2l_seed2026\checkpoints\2026-05-03_11-30-32-332938_box_DV_seed\model.pth
INFO:src.utils.logger:Model weights saved to results\box\DV\20260503-113031_seed0_bf_box_DV_circ19_e1500_8q_2l_seed2026\checkpoints\2026-05-03_11-30-32-332938_box_DV_seed\model_weights.pth
INFO:src.utils.logger:It: 1500, Loss: 1.460e-02, Loss_res: 1.393e-02,  Loss_bcs: 0.000e+00, Loss_ut_ics: 2.659e-06, Loss_norm: 9.307e-07, Loss_gauge: 0.000e+00, w_pde: 1.00e+00, L^2_error: 1.638e-03, lr: 1.000e-03, Time: 1.92e+04
INFO:src.utils.logger:Model state saved to results\box\DV\20260503-113031_seed0_bf_box_DV_circ19_e1500_8q_2l_seed2026\checkpoints\2026-05-03_11-30-32-332938_box_DV_seed\model.pth
INFO:src.utils.logger:Model weights saved to results\box\DV\20260503-113031_seed0_bf_box_DV_circ19_e1500_8q_2l_seed2026\checkpoints\2026-05-03_11-30-32-332938_box_DV_seed\model_weights.pth
