Using DV Solver
The settings used:
batch_size : 32
epochs : 400
lr : 0.001
seed : 42
print_every : 1
log_path : ./results/models/checkpoints/schrodinger/qho
input_dim : 2
output_dim : 2
num_qubits : 10
hidden_dim : 30
num_quantum_layers : 2
classic_network : [2, 30, 2]
q_ansatz : sim_circ_15
mode : hybrid
activation : null
shots : None
problem : schrodinger
solver : DV
device : cpu
method : None
cutoff_dim : 20
class : CVNeuralNetwork2
encoding : None
eq_params : {'example': 'ho', 'L': 5.0, 'T': 0.1, 'hbar': 1.0, 'mass': 1.0, 'n_level': 0, 'omega': 1.0, 'potential_fn': 'lambda t, x : 0.5 * 1.0 * (1.0**2) * (x**2)'}
Total number of parameters: 872
The circuit used in the study:
It: 1, Loss: 1.783e+00, Loss_res: 6.484e-01,  Loss_bcs: 2.330e-02, Loss_ut_ics: 2.313e-01, lr: 1.000e-03, Time: 6.22e+00
Model state saved to ./results/models/checkpoints/schrodinger/qho/2025-09-04_17-40-47-467896/model.pth
Model state saved to ./results/models/checkpoints/schrodinger/qho/2025-09-04_17-40-47-467896/model_weights.pth
It: 2, Loss: 1.187e+00, Loss_res: 3.241e-01,  Loss_bcs: 1.546e-02, Loss_ut_ics: 2.615e-01, lr: 1.000e-03, Time: 1.13e+01
Model state saved to ./results/models/checkpoints/schrodinger/qho/2025-09-04_17-40-47-467896/model.pth
Model state saved to ./results/models/checkpoints/schrodinger/qho/2025-09-04_17-40-47-467896/model_weights.pth
It: 3, Loss: 1.452e+00, Loss_res: 6.277e-01,  Loss_bcs: 1.081e-02, Loss_ut_ics: 9.275e-02, lr: 1.000e-03, Time: 1.63e+01
Model state saved to ./results/models/checkpoints/schrodinger/qho/2025-09-04_17-40-47-467896/model.pth
Model state saved to ./results/models/checkpoints/schrodinger/qho/2025-09-04_17-40-47-467896/model_weights.pth
It: 4, Loss: 6.396e-01, Loss_res: 1.774e-01,  Loss_bcs: 6.785e-03, Loss_ut_ics: 1.390e-01, lr: 1.000e-03, Time: 2.15e+01
Model state saved to ./results/models/checkpoints/schrodinger/qho/2025-09-04_17-40-47-467896/model.pth
Model state saved to ./results/models/checkpoints/schrodinger/qho/2025-09-04_17-40-47-467896/model_weights.pth
It: 5, Loss: 6.556e-01, Loss_res: 2.396e-01,  Loss_bcs: 3.994e-03, Loss_ut_ics: 8.616e-02, lr: 1.000e-03, Time: 2.65e+01
Model state saved to ./results/models/checkpoints/schrodinger/qho/2025-09-04_17-40-47-467896/model.pth
Model state saved to ./results/models/checkpoints/schrodinger/qho/2025-09-04_17-40-47-467896/model_weights.pth
It: 6, Loss: 2.108e-01, Loss_res: 7.015e-02,  Loss_bcs: 2.246e-03, Loss_ut_ics: 3.414e-02, lr: 1.000e-03, Time: 3.13e+01
Model state saved to ./results/models/checkpoints/schrodinger/qho/2025-09-04_17-40-47-467896/model.pth
Model state saved to ./results/models/checkpoints/schrodinger/qho/2025-09-04_17-40-47-467896/model_weights.pth
It: 7, Loss: 1.690e-01, Loss_res: 4.021e-02,  Loss_bcs: 1.632e-03, Loss_ut_ics: 4.348e-02, lr: 1.000e-03, Time: 3.62e+01
Model state saved to ./results/models/checkpoints/schrodinger/qho/2025-09-04_17-40-47-467896/model.pth
Model state saved to ./results/models/checkpoints/schrodinger/qho/2025-09-04_17-40-47-467896/model_weights.pth
It: 8, Loss: 8.958e-01, Loss_res: 1.983e-01,  Loss_bcs: 1.850e-03, Loss_ut_ics: 2.487e-01, lr: 1.000e-03, Time: 4.10e+01
Model state saved to ./results/models/checkpoints/schrodinger/qho/2025-09-04_17-40-47-467896/model.pth
Model state saved to ./results/models/checkpoints/schrodinger/qho/2025-09-04_17-40-47-467896/model_weights.pth
It: 9, Loss: 9.976e-01, Loss_res: 1.234e-01,  Loss_bcs: 2.065e-03, Loss_ut_ics: 3.744e-01, lr: 1.000e-03, Time: 4.59e+01
Model state saved to ./results/models/checkpoints/schrodinger/qho/2025-09-04_17-40-47-467896/model.pth
Model state saved to ./results/models/checkpoints/schrodinger/qho/2025-09-04_17-40-47-467896/model_weights.pth
It: 10, Loss: 6.564e-01, Loss_res: 1.175e-01,  Loss_bcs: 2.264e-03, Loss_ut_ics: 2.096e-01, lr: 1.000e-03, Time: 5.08e+01
Model state saved to ./results/models/checkpoints/schrodinger/qho/2025-09-04_17-40-47-467896/model.pth
Model state saved to ./results/models/checkpoints/schrodinger/qho/2025-09-04_17-40-47-467896/model_weights.pth
It: 11, Loss: 4.858e-01, Loss_res: 1.888e-01,  Loss_bcs: 2.191e-03, Loss_ut_ics: 5.300e-02, lr: 1.000e-03, Time: 5.55e+01
Model state saved to ./results/models/checkpoints/schrodinger/qho/2025-09-04_17-40-47-467896/model.pth
Model state saved to ./results/models/checkpoints/schrodinger/qho/2025-09-04_17-40-47-467896/model_weights.pth
It: 12, Loss: 8.253e-01, Loss_res: 9.446e-02,  Loss_bcs: 1.760e-03, Loss_ut_ics: 3.173e-01, lr: 1.000e-03, Time: 6.03e+01
Model state saved to ./results/models/checkpoints/schrodinger/qho/2025-09-04_17-40-47-467896/model.pth
Model state saved to ./results/models/checkpoints/schrodinger/qho/2025-09-04_17-40-47-467896/model_weights.pth
It: 13, Loss: 3.691e-01, Loss_res: 1.057e-01,  Loss_bcs: 1.195e-03, Loss_ut_ics: 7.825e-02, lr: 1.000e-03, Time: 6.51e+01
Model state saved to ./results/models/checkpoints/schrodinger/qho/2025-09-04_17-40-47-467896/model.pth
Model state saved to ./results/models/checkpoints/schrodinger/qho/2025-09-04_17-40-47-467896/model_weights.pth
It: 14, Loss: 1.242e-01, Loss_res: 3.792e-02,  Loss_bcs: 6.859e-04, Loss_ut_ics: 2.385e-02, lr: 1.000e-03, Time: 6.99e+01
Model state saved to ./results/models/checkpoints/schrodinger/qho/2025-09-04_17-40-47-467896/model.pth
Model state saved to ./results/models/checkpoints/schrodinger/qho/2025-09-04_17-40-47-467896/model_weights.pth
It: 15, Loss: 7.528e-02, Loss_res: 3.438e-02,  Loss_bcs: 4.084e-04, Loss_ut_ics: 3.053e-03, lr: 1.000e-03, Time: 7.48e+01
Model state saved to ./results/models/checkpoints/schrodinger/qho/2025-09-04_17-40-47-467896/model.pth
Model state saved to ./results/models/checkpoints/schrodinger/qho/2025-09-04_17-40-47-467896/model_weights.pth
It: 16, Loss: 2.299e-01, Loss_res: 2.381e-02,  Loss_bcs: 3.592e-04, Loss_ut_ics: 9.098e-02, lr: 1.000e-03, Time: 7.96e+01
Model state saved to ./results/models/checkpoints/schrodinger/qho/2025-09-04_17-40-47-467896/model.pth
Model state saved to ./results/models/checkpoints/schrodinger/qho/2025-09-04_17-40-47-467896/model_weights.pth
It: 17, Loss: 3.194e-01, Loss_res: 1.513e-02,  Loss_bcs: 4.789e-04, Loss_ut_ics: 1.443e-01, lr: 1.000e-03, Time: 8.43e+01
Model state saved to ./results/models/checkpoints/schrodinger/qho/2025-09-04_17-40-47-467896/model.pth
Model state saved to ./results/models/checkpoints/schrodinger/qho/2025-09-04_17-40-47-467896/model_weights.pth
It: 18, Loss: 6.867e-01, Loss_res: 1.448e-02,  Loss_bcs: 8.101e-04, Loss_ut_ics: 3.285e-01, lr: 1.000e-03, Time: 8.93e+01
Model state saved to ./results/models/checkpoints/schrodinger/qho/2025-09-04_17-40-47-467896/model.pth
Model state saved to ./results/models/checkpoints/schrodinger/qho/2025-09-04_17-40-47-467896/model_weights.pth
It: 19, Loss: 5.841e-02, Loss_res: 2.670e-02,  Loss_bcs: 1.309e-03, Loss_ut_ics: 1.847e-03, lr: 1.000e-03, Time: 9.42e+01
Model state saved to ./results/models/checkpoints/schrodinger/qho/2025-09-04_17-40-47-467896/model.pth
Model state saved to ./results/models/checkpoints/schrodinger/qho/2025-09-04_17-40-47-467896/model_weights.pth
It: 20, Loss: 5.755e-01, Loss_res: 2.364e-02,  Loss_bcs: 1.817e-03, Loss_ut_ics: 2.632e-01, lr: 1.000e-03, Time: 9.90e+01
Model state saved to ./results/models/checkpoints/schrodinger/qho/2025-09-04_17-40-47-467896/model.pth
Model state saved to ./results/models/checkpoints/schrodinger/qho/2025-09-04_17-40-47-467896/model_weights.pth
It: 21, Loss: 3.738e-01, Loss_res: 4.522e-02,  Loss_bcs: 2.290e-03, Loss_ut_ics: 1.405e-01, lr: 1.000e-03, Time: 1.04e+02
Model state saved to ./results/models/checkpoints/schrodinger/qho/2025-09-04_17-40-47-467896/model.pth
Model state saved to ./results/models/checkpoints/schrodinger/qho/2025-09-04_17-40-47-467896/model_weights.pth
It: 22, Loss: 5.360e-01, Loss_res: 9.226e-02,  Loss_bcs: 2.592e-03, Loss_ut_ics: 1.744e-01, lr: 1.000e-03, Time: 1.09e+02
Model state saved to ./results/models/checkpoints/schrodinger/qho/2025-09-04_17-40-47-467896/model.pth
Model state saved to ./results/models/checkpoints/schrodinger/qho/2025-09-04_17-40-47-467896/model_weights.pth
It: 23, Loss: 1.892e-01, Loss_res: 6.987e-02,  Loss_bcs: 2.565e-03, Loss_ut_ics: 2.347e-02, lr: 1.000e-03, Time: 1.13e+02
Model state saved to ./results/models/checkpoints/schrodinger/qho/2025-09-04_17-40-47-467896/model.pth
Model state saved to ./results/models/checkpoints/schrodinger/qho/2025-09-04_17-40-47-467896/model_weights.pth
It: 24, Loss: 1.554e-01, Loss_res: 3.889e-02,  Loss_bcs: 2.266e-03, Loss_ut_ics: 3.768e-02, lr: 1.000e-03, Time: 1.18e+02
Model state saved to ./results/models/checkpoints/schrodinger/qho/2025-09-04_17-40-47-467896/model.pth
Model state saved to ./results/models/checkpoints/schrodinger/qho/2025-09-04_17-40-47-467896/model_weights.pth
It: 25, Loss: 1.150e-01, Loss_res: 5.401e-02,  Loss_bcs: 1.905e-03, Loss_ut_ics: 2.520e-03, lr: 1.000e-03, Time: 1.23e+02
Model state saved to ./results/models/checkpoints/schrodinger/qho/2025-09-04_17-40-47-467896/model.pth
Model state saved to ./results/models/checkpoints/schrodinger/qho/2025-09-04_17-40-47-467896/model_weights.pth
It: 26, Loss: 9.739e-01, Loss_res: 5.650e-02,  Loss_bcs: 1.414e-03, Loss_ut_ics: 4.297e-01, lr: 1.000e-03, Time: 1.28e+02
Model state saved to ./results/models/checkpoints/schrodinger/qho/2025-09-04_17-40-47-467896/model.pth
Model state saved to ./results/models/checkpoints/schrodinger/qho/2025-09-04_17-40-47-467896/model_weights.pth
It: 27, Loss: 2.349e-01, Loss_res: 2.495e-02,  Loss_bcs: 9.449e-04, Loss_ut_ics: 9.202e-02, lr: 1.000e-03, Time: 1.33e+02
Model state saved to ./results/models/checkpoints/schrodinger/qho/2025-09-04_17-40-47-467896/model.pth
Model state saved to ./results/models/checkpoints/schrodinger/qho/2025-09-04_17-40-47-467896/model_weights.pth
It: 28, Loss: 3.864e-01, Loss_res: 1.210e-02,  Loss_bcs: 5.997e-04, Loss_ut_ics: 1.808e-01, lr: 1.000e-03, Time: 1.38e+02
Model state saved to ./results/models/checkpoints/schrodinger/qho/2025-09-04_17-40-47-467896/model.pth
Model state saved to ./results/models/checkpoints/schrodinger/qho/2025-09-04_17-40-47-467896/model_weights.pth
It: 29, Loss: 3.497e-01, Loss_res: 2.117e-02,  Loss_bcs: 4.257e-04, Loss_ut_ics: 1.535e-01, lr: 1.000e-03, Time: 1.43e+02
Model state saved to ./results/models/checkpoints/schrodinger/qho/2025-09-04_17-40-47-467896/model.pth
Model state saved to ./results/models/checkpoints/schrodinger/qho/2025-09-04_17-40-47-467896/model_weights.pth
It: 30, Loss: 1.729e-01, Loss_res: 1.305e-02,  Loss_bcs: 3.376e-04, Loss_ut_ics: 7.324e-02, lr: 1.000e-03, Time: 1.48e+02
Model state saved to ./results/models/checkpoints/schrodinger/qho/2025-09-04_17-40-47-467896/model.pth
Model state saved to ./results/models/checkpoints/schrodinger/qho/2025-09-04_17-40-47-467896/model_weights.pth
It: 31, Loss: 3.729e-01, Loss_res: 1.795e-02,  Loss_bcs: 3.258e-04, Loss_ut_ics: 1.683e-01, lr: 1.000e-03, Time: 1.53e+02
Model state saved to ./results/models/checkpoints/schrodinger/qho/2025-09-04_17-40-47-467896/model.pth
Model state saved to ./results/models/checkpoints/schrodinger/qho/2025-09-04_17-40-47-467896/model_weights.pth
It: 32, Loss: 3.049e-01, Loss_res: 3.192e-02,  Loss_bcs: 3.327e-04, Loss_ut_ics: 1.204e-01, lr: 1.000e-03, Time: 1.58e+02
Model state saved to ./results/models/checkpoints/schrodinger/qho/2025-09-04_17-40-47-467896/model.pth
Model state saved to ./results/models/checkpoints/schrodinger/qho/2025-09-04_17-40-47-467896/model_weights.pth
It: 33, Loss: 4.780e-01, Loss_res: 1.692e-02,  Loss_bcs: 3.368e-04, Loss_ut_ics: 2.219e-01, lr: 1.000e-03, Time: 1.63e+02
Model state saved to ./results/models/checkpoints/schrodinger/qho/2025-09-04_17-40-47-467896/model.pth
Model state saved to ./results/models/checkpoints/schrodinger/qho/2025-09-04_17-40-47-467896/model_weights.pth
It: 34, Loss: 6.362e-02, Loss_res: 1.768e-02,  Loss_bcs: 3.197e-04, Loss_ut_ics: 1.397e-02, lr: 1.000e-03, Time: 1.68e+02
Model state saved to ./results/models/checkpoints/schrodinger/qho/2025-09-04_17-40-47-467896/model.pth
Model state saved to ./results/models/checkpoints/schrodinger/qho/2025-09-04_17-40-47-467896/model_weights.pth
It: 35, Loss: 2.793e-01, Loss_res: 1.685e-02,  Loss_bcs: 2.956e-04, Loss_ut_ics: 1.226e-01, lr: 1.000e-03, Time: 1.73e+02
Model state saved to ./results/models/checkpoints/schrodinger/qho/2025-09-04_17-40-47-467896/model.pth
Model state saved to ./results/models/checkpoints/schrodinger/qho/2025-09-04_17-40-47-467896/model_weights.pth
It: 36, Loss: 4.123e-01, Loss_res: 2.401e-02,  Loss_bcs: 2.600e-04, Loss_ut_ics: 1.820e-01, lr: 1.000e-03, Time: 1.78e+02
Model state saved to ./results/models/checkpoints/schrodinger/qho/2025-09-04_17-40-47-467896/model.pth
Model state saved to ./results/models/checkpoints/schrodinger/qho/2025-09-04_17-40-47-467896/model_weights.pth
It: 37, Loss: 3.383e-01, Loss_res: 1.262e-02,  Loss_bcs: 2.101e-04, Loss_ut_ics: 1.564e-01, lr: 1.000e-03, Time: 1.83e+02
Model state saved to ./results/models/checkpoints/schrodinger/qho/2025-09-04_17-40-47-467896/model.pth
Model state saved to ./results/models/checkpoints/schrodinger/qho/2025-09-04_17-40-47-467896/model_weights.pth
It: 38, Loss: 2.759e-01, Loss_res: 1.432e-02,  Loss_bcs: 1.849e-04, Loss_ut_ics: 1.236e-01, lr: 1.000e-03, Time: 1.89e+02
Model state saved to ./results/models/checkpoints/schrodinger/qho/2025-09-04_17-40-47-467896/model.pth
Model state saved to ./results/models/checkpoints/schrodinger/qho/2025-09-04_17-40-47-467896/model_weights.pth
It: 39, Loss: 3.370e-01, Loss_res: 1.149e-02,  Loss_bcs: 1.849e-04, Loss_ut_ics: 1.569e-01, lr: 1.000e-03, Time: 1.94e+02
Model state saved to ./results/models/checkpoints/schrodinger/qho/2025-09-04_17-40-47-467896/model.pth
Model state saved to ./results/models/checkpoints/schrodinger/qho/2025-09-04_17-40-47-467896/model_weights.pth
It: 40, Loss: 3.049e-01, Loss_res: 2.292e-03,  Loss_bcs: 2.097e-04, Loss_ut_ics: 1.501e-01, lr: 1.000e-03, Time: 1.99e+02
Model state saved to ./results/models/checkpoints/schrodinger/qho/2025-09-04_17-40-47-467896/model.pth
Model state saved to ./results/models/checkpoints/schrodinger/qho/2025-09-04_17-40-47-467896/model_weights.pth
It: 41, Loss: 6.453e-02, Loss_res: 1.203e-02,  Loss_bcs: 2.813e-04, Loss_ut_ics: 2.009e-02, lr: 1.000e-03, Time: 2.04e+02
Model state saved to ./results/models/checkpoints/schrodinger/qho/2025-09-04_17-40-47-467896/model.pth
Model state saved to ./results/models/checkpoints/schrodinger/qho/2025-09-04_17-40-47-467896/model_weights.pth
It: 42, Loss: 1.377e-01, Loss_res: 1.873e-03,  Loss_bcs: 3.346e-04, Loss_ut_ics: 6.682e-02, lr: 1.000e-03, Time: 2.09e+02
Model state saved to ./results/models/checkpoints/schrodinger/qho/2025-09-04_17-40-47-467896/model.pth
Model state saved to ./results/models/checkpoints/schrodinger/qho/2025-09-04_17-40-47-467896/model_weights.pth
It: 43, Loss: 3.289e-02, Loss_res: 4.878e-03,  Loss_bcs: 4.014e-04, Loss_ut_ics: 1.136e-02, lr: 1.000e-03, Time: 2.14e+02
Model state saved to ./results/models/checkpoints/schrodinger/qho/2025-09-04_17-40-47-467896/model.pth
Model state saved to ./results/models/checkpoints/schrodinger/qho/2025-09-04_17-40-47-467896/model_weights.pth
It: 44, Loss: 4.440e-01, Loss_res: 1.408e-03,  Loss_bcs: 4.612e-04, Loss_ut_ics: 2.204e-01, lr: 1.000e-03, Time: 2.19e+02
Model state saved to ./results/models/checkpoints/schrodinger/qho/2025-09-04_17-40-47-467896/model.pth
Model state saved to ./results/models/checkpoints/schrodinger/qho/2025-09-04_17-40-47-467896/model_weights.pth
It: 45, Loss: 1.870e-01, Loss_res: 1.872e-02,  Loss_bcs: 5.270e-04, Loss_ut_ics: 7.454e-02, lr: 1.000e-03, Time: 2.24e+02
Model state saved to ./results/models/checkpoints/schrodinger/qho/2025-09-04_17-40-47-467896/model.pth
Model state saved to ./results/models/checkpoints/schrodinger/qho/2025-09-04_17-40-47-467896/model_weights.pth
It: 46, Loss: 2.819e-01, Loss_res: 1.464e-02,  Loss_bcs: 5.074e-04, Loss_ut_ics: 1.260e-01, lr: 1.000e-03, Time: 2.30e+02
Model state saved to ./results/models/checkpoints/schrodinger/qho/2025-09-04_17-40-47-467896/model.pth
Model state saved to ./results/models/checkpoints/schrodinger/qho/2025-09-04_17-40-47-467896/model_weights.pth
It: 47, Loss: 5.175e-01, Loss_res: 3.667e-03,  Loss_bcs: 4.292e-04, Loss_ut_ics: 2.549e-01, lr: 1.000e-03, Time: 2.36e+02
Model state saved to ./results/models/checkpoints/schrodinger/qho/2025-09-04_17-40-47-467896/model.pth
Model state saved to ./results/models/checkpoints/schrodinger/qho/2025-09-04_17-40-47-467896/model_weights.pth
It: 48, Loss: 1.346e-01, Loss_res: 2.474e-03,  Loss_bcs: 3.576e-04, Loss_ut_ics: 6.465e-02, lr: 1.000e-03, Time: 2.41e+02
Model state saved to ./results/models/checkpoints/schrodinger/qho/2025-09-04_17-40-47-467896/model.pth
Model state saved to ./results/models/checkpoints/schrodinger/qho/2025-09-04_17-40-47-467896/model_weights.pth
It: 49, Loss: 1.253e-01, Loss_res: 6.533e-03,  Loss_bcs: 2.912e-04, Loss_ut_ics: 5.599e-02, lr: 1.000e-03, Time: 2.46e+02
Model state saved to ./results/models/checkpoints/schrodinger/qho/2025-09-04_17-40-47-467896/model.pth
Model state saved to ./results/models/checkpoints/schrodinger/qho/2025-09-04_17-40-47-467896/model_weights.pth
It: 50, Loss: 4.797e-02, Loss_res: 4.257e-03,  Loss_bcs: 2.124e-04, Loss_ut_ics: 1.962e-02, lr: 1.000e-03, Time: 2.51e+02
Model state saved to ./results/models/checkpoints/schrodinger/qho/2025-09-04_17-40-47-467896/model.pth
Model state saved to ./results/models/checkpoints/schrodinger/qho/2025-09-04_17-40-47-467896/model_weights.pth
It: 51, Loss: 3.664e-01, Loss_res: 2.931e-03,  Loss_bcs: 1.466e-04, Loss_ut_ics: 1.802e-01, lr: 1.000e-03, Time: 2.57e+02
Model state saved to ./results/models/checkpoints/schrodinger/qho/2025-09-04_17-40-47-467896/model.pth
Model state saved to ./results/models/checkpoints/schrodinger/qho/2025-09-04_17-40-47-467896/model_weights.pth
It: 52, Loss: 9.627e-02, Loss_res: 3.756e-03,  Loss_bcs: 9.631e-05, Loss_ut_ics: 4.433e-02, lr: 1.000e-03, Time: 2.62e+02
Model state saved to ./results/models/checkpoints/schrodinger/qho/2025-09-04_17-40-47-467896/model.pth
Model state saved to ./results/models/checkpoints/schrodinger/qho/2025-09-04_17-40-47-467896/model_weights.pth
It: 53, Loss: 4.293e-01, Loss_res: 2.180e-03,  Loss_bcs: 5.543e-05, Loss_ut_ics: 2.124e-01, lr: 1.000e-03, Time: 2.67e+02
Model state saved to ./results/models/checkpoints/schrodinger/qho/2025-09-04_17-40-47-467896/model.pth
Model state saved to ./results/models/checkpoints/schrodinger/qho/2025-09-04_17-40-47-467896/model_weights.pth
It: 54, Loss: 3.373e-01, Loss_res: 3.338e-03,  Loss_bcs: 3.442e-05, Loss_ut_ics: 1.653e-01, lr: 1.000e-03, Time: 2.72e+02
Model state saved to ./results/models/checkpoints/schrodinger/qho/2025-09-04_17-40-47-467896/model.pth
Model state saved to ./results/models/checkpoints/schrodinger/qho/2025-09-04_17-40-47-467896/model_weights.pth
It: 55, Loss: 1.363e-01, Loss_res: 5.570e-03,  Loss_bcs: 2.492e-05, Loss_ut_ics: 6.258e-02, lr: 1.000e-03, Time: 2.77e+02
Model state saved to ./results/models/checkpoints/schrodinger/qho/2025-09-04_17-40-47-467896/model.pth
Model state saved to ./results/models/checkpoints/schrodinger/qho/2025-09-04_17-40-47-467896/model_weights.pth
It: 56, Loss: 6.135e-02, Loss_res: 4.103e-03,  Loss_bcs: 2.264e-05, Loss_ut_ics: 2.656e-02, lr: 1.000e-03, Time: 2.82e+02
Model state saved to ./results/models/checkpoints/schrodinger/qho/2025-09-04_17-40-47-467896/model.pth
Model state saved to ./results/models/checkpoints/schrodinger/qho/2025-09-04_17-40-47-467896/model_weights.pth
It: 57, Loss: 3.789e-01, Loss_res: 5.857e-03,  Loss_bcs: 2.561e-05, Loss_ut_ics: 1.836e-01, lr: 1.000e-03, Time: 2.87e+02
Model state saved to ./results/models/checkpoints/schrodinger/qho/2025-09-04_17-40-47-467896/model.pth
Model state saved to ./results/models/checkpoints/schrodinger/qho/2025-09-04_17-40-47-467896/model_weights.pth
It: 58, Loss: 1.516e-01, Loss_res: 7.273e-03,  Loss_bcs: 3.089e-05, Loss_ut_ics: 6.852e-02, lr: 1.000e-03, Time: 2.92e+02
Model state saved to ./results/models/checkpoints/schrodinger/qho/2025-09-04_17-40-47-467896/model.pth
Model state saved to ./results/models/checkpoints/schrodinger/qho/2025-09-04_17-40-47-467896/model_weights.pth
It: 59, Loss: 4.132e-02, Loss_res: 6.424e-03,  Loss_bcs: 4.236e-05, Loss_ut_ics: 1.421e-02, lr: 1.000e-03, Time: 2.97e+02
Model state saved to ./results/models/checkpoints/schrodinger/qho/2025-09-04_17-40-47-467896/model.pth
Model state saved to ./results/models/checkpoints/schrodinger/qho/2025-09-04_17-40-47-467896/model_weights.pth
It: 60, Loss: 7.934e-02, Loss_res: 3.474e-03,  Loss_bcs: 4.595e-05, Loss_ut_ics: 3.617e-02, lr: 1.000e-03, Time: 3.02e+02
Model state saved to ./results/models/checkpoints/schrodinger/qho/2025-09-04_17-40-47-467896/model.pth
Model state saved to ./results/models/checkpoints/schrodinger/qho/2025-09-04_17-40-47-467896/model_weights.pth
It: 61, Loss: 5.136e-02, Loss_res: 4.093e-03,  Loss_bcs: 5.359e-05, Loss_ut_ics: 2.156e-02, lr: 1.000e-03, Time: 3.08e+02
Model state saved to ./results/models/checkpoints/schrodinger/qho/2025-09-04_17-40-47-467896/model.pth
Model state saved to ./results/models/checkpoints/schrodinger/qho/2025-09-04_17-40-47-467896/model_weights.pth
It: 62, Loss: 1.367e-02, Loss_res: 6.688e-03,  Loss_bcs: 7.228e-05, Loss_ut_ics: 1.115e-04, lr: 1.000e-03, Time: 3.13e+02
Model state saved to ./results/models/checkpoints/schrodinger/qho/2025-09-04_17-40-47-467896/model.pth
Model state saved to ./results/models/checkpoints/schrodinger/qho/2025-09-04_17-40-47-467896/model_weights.pth
It: 63, Loss: 1.617e-01, Loss_res: 3.179e-03,  Loss_bcs: 1.052e-04, Loss_ut_ics: 7.760e-02, lr: 1.000e-03, Time: 3.18e+02
Model state saved to ./results/models/checkpoints/schrodinger/qho/2025-09-04_17-40-47-467896/model.pth
Model state saved to ./results/models/checkpoints/schrodinger/qho/2025-09-04_17-40-47-467896/model_weights.pth
It: 64, Loss: 3.008e-01, Loss_res: 3.489e-03,  Loss_bcs: 1.271e-04, Loss_ut_ics: 1.469e-01, lr: 1.000e-03, Time: 3.23e+02
Model state saved to ./results/models/checkpoints/schrodinger/qho/2025-09-04_17-40-47-467896/model.pth
Model state saved to ./results/models/checkpoints/schrodinger/qho/2025-09-04_17-40-47-467896/model_weights.pth
It: 65, Loss: 1.488e-02, Loss_res: 7.273e-03,  Loss_bcs: 1.468e-04, Loss_ut_ics: 9.482e-05, lr: 1.000e-03, Time: 3.28e+02
Model state saved to ./results/models/checkpoints/schrodinger/qho/2025-09-04_17-40-47-467896/model.pth
Model state saved to ./results/models/checkpoints/schrodinger/qho/2025-09-04_17-40-47-467896/model_weights.pth
It: 66, Loss: 1.558e-01, Loss_res: 4.553e-03,  Loss_bcs: 1.310e-04, Loss_ut_ics: 7.330e-02, lr: 1.000e-03, Time: 3.33e+02
Model state saved to ./results/models/checkpoints/schrodinger/qho/2025-09-04_17-40-47-467896/model.pth
Model state saved to ./results/models/checkpoints/schrodinger/qho/2025-09-04_17-40-47-467896/model_weights.pth
It: 67, Loss: 4.813e-01, Loss_res: 6.592e-03,  Loss_bcs: 1.232e-04, Loss_ut_ics: 2.340e-01, lr: 1.000e-03, Time: 3.38e+02
Model state saved to ./results/models/checkpoints/schrodinger/qho/2025-09-04_17-40-47-467896/model.pth
Model state saved to ./results/models/checkpoints/schrodinger/qho/2025-09-04_17-40-47-467896/model_weights.pth
It: 68, Loss: 3.978e-02, Loss_res: 4.355e-03,  Loss_bcs: 8.663e-05, Loss_ut_ics: 1.549e-02, lr: 1.000e-03, Time: 3.43e+02
Model state saved to ./results/models/checkpoints/schrodinger/qho/2025-09-04_17-40-47-467896/model.pth
Model state saved to ./results/models/checkpoints/schrodinger/qho/2025-09-04_17-40-47-467896/model_weights.pth
It: 69, Loss: 3.236e-01, Loss_res: 8.364e-03,  Loss_bcs: 8.247e-05, Loss_ut_ics: 1.534e-01, lr: 1.000e-03, Time: 3.48e+02
Model state saved to ./results/models/checkpoints/schrodinger/qho/2025-09-04_17-40-47-467896/model.pth
Model state saved to ./results/models/checkpoints/schrodinger/qho/2025-09-04_17-40-47-467896/model_weights.pth
It: 70, Loss: 3.368e-01, Loss_res: 8.233e-03,  Loss_bcs: 6.165e-05, Loss_ut_ics: 1.601e-01, lr: 1.000e-03, Time: 3.53e+02
Model state saved to ./results/models/checkpoints/schrodinger/qho/2025-09-04_17-40-47-467896/model.pth
Model state saved to ./results/models/checkpoints/schrodinger/qho/2025-09-04_17-40-47-467896/model_weights.pth
It: 71, Loss: 1.954e-01, Loss_res: 7.196e-03,  Loss_bcs: 5.636e-05, Loss_ut_ics: 9.047e-02, lr: 1.000e-03, Time: 3.58e+02
Model state saved to ./results/models/checkpoints/schrodinger/qho/2025-09-04_17-40-47-467896/model.pth
Model state saved to ./results/models/checkpoints/schrodinger/qho/2025-09-04_17-40-47-467896/model_weights.pth
It: 72, Loss: 2.031e-02, Loss_res: 9.424e-03,  Loss_bcs: 5.500e-05, Loss_ut_ics: 7.011e-04, lr: 1.000e-03, Time: 3.62e+02
Model state saved to ./results/models/checkpoints/schrodinger/qho/2025-09-04_17-40-47-467896/model.pth
Model state saved to ./results/models/checkpoints/schrodinger/qho/2025-09-04_17-40-47-467896/model_weights.pth
It: 73, Loss: 3.600e-02, Loss_res: 9.502e-03,  Loss_bcs: 6.015e-05, Loss_ut_ics: 8.470e-03, lr: 1.000e-03, Time: 3.67e+02
Model state saved to ./results/models/checkpoints/schrodinger/qho/2025-09-04_17-40-47-467896/model.pth
Model state saved to ./results/models/checkpoints/schrodinger/qho/2025-09-04_17-40-47-467896/model_weights.pth
It: 74, Loss: 7.639e-02, Loss_res: 7.455e-03,  Loss_bcs: 8.373e-05, Loss_ut_ics: 3.070e-02, lr: 1.000e-03, Time: 3.72e+02
Model state saved to ./results/models/checkpoints/schrodinger/qho/2025-09-04_17-40-47-467896/model.pth
Model state saved to ./results/models/checkpoints/schrodinger/qho/2025-09-04_17-40-47-467896/model_weights.pth
It: 75, Loss: 2.020e-01, Loss_res: 7.635e-03,  Loss_bcs: 1.270e-04, Loss_ut_ics: 9.330e-02, lr: 1.000e-03, Time: 3.78e+02
Model state saved to ./results/models/checkpoints/schrodinger/qho/2025-09-04_17-40-47-467896/model.pth
Model state saved to ./results/models/checkpoints/schrodinger/qho/2025-09-04_17-40-47-467896/model_weights.pth
It: 76, Loss: 2.602e-02, Loss_res: 7.573e-03,  Loss_bcs: 1.673e-04, Loss_ut_ics: 5.352e-03, lr: 1.000e-03, Time: 3.83e+02
Model state saved to ./results/models/checkpoints/schrodinger/qho/2025-09-04_17-40-47-467896/model.pth
Model state saved to ./results/models/checkpoints/schrodinger/qho/2025-09-04_17-40-47-467896/model_weights.pth
It: 77, Loss: 3.896e-02, Loss_res: 6.543e-03,  Loss_bcs: 1.726e-04, Loss_ut_ics: 1.285e-02, lr: 1.000e-03, Time: 3.88e+02
Model state saved to ./results/models/checkpoints/schrodinger/qho/2025-09-04_17-40-47-467896/model.pth
Model state saved to ./results/models/checkpoints/schrodinger/qho/2025-09-04_17-40-47-467896/model_weights.pth
It: 78, Loss: 5.228e-01, Loss_res: 7.769e-03,  Loss_bcs: 1.890e-04, Loss_ut_ics: 2.535e-01, lr: 1.000e-03, Time: 3.92e+02
Model state saved to ./results/models/checkpoints/schrodinger/qho/2025-09-04_17-40-47-467896/model.pth
Model state saved to ./results/models/checkpoints/schrodinger/qho/2025-09-04_17-40-47-467896/model_weights.pth
It: 79, Loss: 7.253e-02, Loss_res: 5.802e-03,  Loss_bcs: 1.626e-04, Loss_ut_ics: 3.038e-02, lr: 1.000e-03, Time: 3.97e+02
Model state saved to ./results/models/checkpoints/schrodinger/qho/2025-09-04_17-40-47-467896/model.pth
Model state saved to ./results/models/checkpoints/schrodinger/qho/2025-09-04_17-40-47-467896/model_weights.pth
It: 80, Loss: 1.990e-02, Loss_res: 8.694e-03,  Loss_bcs: 1.380e-04, Loss_ut_ics: 1.188e-03, lr: 1.000e-03, Time: 4.02e+02
Model state saved to ./results/models/checkpoints/schrodinger/qho/2025-09-04_17-40-47-467896/model.pth
Model state saved to ./results/models/checkpoints/schrodinger/qho/2025-09-04_17-40-47-467896/model_weights.pth
It: 81, Loss: 4.316e-01, Loss_res: 8.737e-03,  Loss_bcs: 1.471e-04, Loss_ut_ics: 2.070e-01, lr: 1.000e-03, Time: 4.07e+02
Model state saved to ./results/models/checkpoints/schrodinger/qho/2025-09-04_17-40-47-467896/model.pth
Model state saved to ./results/models/checkpoints/schrodinger/qho/2025-09-04_17-40-47-467896/model_weights.pth
It: 82, Loss: 1.381e-02, Loss_res: 6.561e-03,  Loss_bcs: 1.180e-04, Loss_ut_ics: 2.852e-04, lr: 1.000e-03, Time: 4.11e+02
Model state saved to ./results/models/checkpoints/schrodinger/qho/2025-09-04_17-40-47-467896/model.pth
Model state saved to ./results/models/checkpoints/schrodinger/qho/2025-09-04_17-40-47-467896/model_weights.pth
It: 83, Loss: 1.160e-01, Loss_res: 8.461e-03,  Loss_bcs: 1.107e-04, Loss_ut_ics: 4.948e-02, lr: 1.000e-03, Time: 4.16e+02
Model state saved to ./results/models/checkpoints/schrodinger/qho/2025-09-04_17-40-47-467896/model.pth
Model state saved to ./results/models/checkpoints/schrodinger/qho/2025-09-04_17-40-47-467896/model_weights.pth
It: 84, Loss: 2.498e-01, Loss_res: 6.425e-03,  Loss_bcs: 1.174e-04, Loss_ut_ics: 1.184e-01, lr: 1.000e-03, Time: 4.21e+02
Model state saved to ./results/models/checkpoints/schrodinger/qho/2025-09-04_17-40-47-467896/model.pth
Model state saved to ./results/models/checkpoints/schrodinger/qho/2025-09-04_17-40-47-467896/model_weights.pth
It: 85, Loss: 1.663e-01, Loss_res: 9.353e-03,  Loss_bcs: 1.090e-04, Loss_ut_ics: 7.376e-02, lr: 1.000e-03, Time: 4.25e+02
Model state saved to ./results/models/checkpoints/schrodinger/qho/2025-09-04_17-40-47-467896/model.pth
Model state saved to ./results/models/checkpoints/schrodinger/qho/2025-09-04_17-40-47-467896/model_weights.pth
It: 86, Loss: 2.507e-01, Loss_res: 7.171e-03,  Loss_bcs: 1.261e-04, Loss_ut_ics: 1.181e-01, lr: 1.000e-03, Time: 4.30e+02
Model state saved to ./results/models/checkpoints/schrodinger/qho/2025-09-04_17-40-47-467896/model.pth
Model state saved to ./results/models/checkpoints/schrodinger/qho/2025-09-04_17-40-47-467896/model_weights.pth
It: 87, Loss: 5.337e-01, Loss_res: 8.782e-03,  Loss_bcs: 1.432e-04, Loss_ut_ics: 2.580e-01, lr: 1.000e-03, Time: 4.35e+02
Model state saved to ./results/models/checkpoints/schrodinger/qho/2025-09-04_17-40-47-467896/model.pth
Model state saved to ./results/models/checkpoints/schrodinger/qho/2025-09-04_17-40-47-467896/model_weights.pth
It: 88, Loss: 2.736e-01, Loss_res: 8.712e-03,  Loss_bcs: 1.421e-04, Loss_ut_ics: 1.280e-01, lr: 1.000e-03, Time: 4.40e+02
Model state saved to ./results/models/checkpoints/schrodinger/qho/2025-09-04_17-40-47-467896/model.pth
Model state saved to ./results/models/checkpoints/schrodinger/qho/2025-09-04_17-40-47-467896/model_weights.pth
It: 89, Loss: 1.533e-01, Loss_res: 9.882e-03,  Loss_bcs: 1.547e-04, Loss_ut_ics: 6.667e-02, lr: 1.000e-03, Time: 4.44e+02
Model state saved to ./results/models/checkpoints/schrodinger/qho/2025-09-04_17-40-47-467896/model.pth
Model state saved to ./results/models/checkpoints/schrodinger/qho/2025-09-04_17-40-47-467896/model_weights.pth
It: 90, Loss: 1.594e-01, Loss_res: 6.950e-03,  Loss_bcs: 1.576e-04, Loss_ut_ics: 7.267e-02, lr: 1.000e-03, Time: 4.49e+02
Model state saved to ./results/models/checkpoints/schrodinger/qho/2025-09-04_17-40-47-467896/model.pth
Model state saved to ./results/models/checkpoints/schrodinger/qho/2025-09-04_17-40-47-467896/model_weights.pth
It: 91, Loss: 4.725e-02, Loss_res: 1.121e-02,  Loss_bcs: 1.722e-04, Loss_ut_ics: 1.233e-02, lr: 1.000e-03, Time: 4.54e+02
Model state saved to ./results/models/checkpoints/schrodinger/qho/2025-09-04_17-40-47-467896/model.pth
Model state saved to ./results/models/checkpoints/schrodinger/qho/2025-09-04_17-40-47-467896/model_weights.pth
It: 92, Loss: 9.552e-02, Loss_res: 1.477e-02,  Loss_bcs: 1.377e-04, Loss_ut_ics: 3.292e-02, lr: 1.000e-03, Time: 4.58e+02
Model state saved to ./results/models/checkpoints/schrodinger/qho/2025-09-04_17-40-47-467896/model.pth
Model state saved to ./results/models/checkpoints/schrodinger/qho/2025-09-04_17-40-47-467896/model_weights.pth
It: 93, Loss: 4.632e-02, Loss_res: 1.311e-02,  Loss_bcs: 1.143e-04, Loss_ut_ics: 9.990e-03, lr: 1.000e-03, Time: 4.63e+02
Model state saved to ./results/models/checkpoints/schrodinger/qho/2025-09-04_17-40-47-467896/model.pth
Model state saved to ./results/models/checkpoints/schrodinger/qho/2025-09-04_17-40-47-467896/model_weights.pth
It: 94, Loss: 1.805e-02, Loss_res: 8.513e-03,  Loss_bcs: 9.139e-05, Loss_ut_ics: 4.667e-04, lr: 1.000e-03, Time: 4.68e+02
Model state saved to ./results/models/checkpoints/schrodinger/qho/2025-09-04_17-40-47-467896/model.pth
Model state saved to ./results/models/checkpoints/schrodinger/qho/2025-09-04_17-40-47-467896/model_weights.pth
It: 95, Loss: 1.123e-01, Loss_res: 1.597e-02,  Loss_bcs: 8.025e-05, Loss_ut_ics: 4.014e-02, lr: 1.000e-03, Time: 4.73e+02
Model state saved to ./results/models/checkpoints/schrodinger/qho/2025-09-04_17-40-47-467896/model.pth
Model state saved to ./results/models/checkpoints/schrodinger/qho/2025-09-04_17-40-47-467896/model_weights.pth
It: 96, Loss: 2.583e-01, Loss_res: 1.560e-02,  Loss_bcs: 9.947e-05, Loss_ut_ics: 1.135e-01, lr: 1.000e-03, Time: 4.77e+02
Model state saved to ./results/models/checkpoints/schrodinger/qho/2025-09-04_17-40-47-467896/model.pth
Model state saved to ./results/models/checkpoints/schrodinger/qho/2025-09-04_17-40-47-467896/model_weights.pth
It: 97, Loss: 2.925e-02, Loss_res: 1.038e-02,  Loss_bcs: 1.273e-04, Loss_ut_ics: 4.179e-03, lr: 1.000e-03, Time: 4.82e+02
Model state saved to ./results/models/checkpoints/schrodinger/qho/2025-09-04_17-40-47-467896/model.pth
Model state saved to ./results/models/checkpoints/schrodinger/qho/2025-09-04_17-40-47-467896/model_weights.pth
It: 98, Loss: 6.963e-02, Loss_res: 2.094e-02,  Loss_bcs: 1.752e-04, Loss_ut_ics: 1.379e-02, lr: 1.000e-03, Time: 4.87e+02
Model state saved to ./results/models/checkpoints/schrodinger/qho/2025-09-04_17-40-47-467896/model.pth
Model state saved to ./results/models/checkpoints/schrodinger/qho/2025-09-04_17-40-47-467896/model_weights.pth
It: 99, Loss: 1.866e-01, Loss_res: 1.322e-02,  Loss_bcs: 2.926e-04, Loss_ut_ics: 7.995e-02, lr: 1.000e-03, Time: 4.91e+02
Model state saved to ./results/models/checkpoints/schrodinger/qho/2025-09-04_17-40-47-467896/model.pth
Model state saved to ./results/models/checkpoints/schrodinger/qho/2025-09-04_17-40-47-467896/model_weights.pth
It: 100, Loss: 1.040e-01, Loss_res: 1.174e-02,  Loss_bcs: 4.653e-04, Loss_ut_ics: 4.001e-02, lr: 1.000e-03, Time: 4.96e+02
Model state saved to ./results/models/checkpoints/schrodinger/qho/2025-09-04_17-40-47-467896/model.pth
Model state saved to ./results/models/checkpoints/schrodinger/qho/2025-09-04_17-40-47-467896/model_weights.pth
It: 101, Loss: 3.066e-01, Loss_res: 2.257e-02,  Loss_bcs: 7.116e-04, Loss_ut_ics: 1.304e-01, lr: 1.000e-03, Time: 5.01e+02
Model state saved to ./results/models/checkpoints/schrodinger/qho/2025-09-04_17-40-47-467896/model.pth
Model state saved to ./results/models/checkpoints/schrodinger/qho/2025-09-04_17-40-47-467896/model_weights.pth
It: 102, Loss: 1.321e-01, Loss_res: 2.224e-02,  Loss_bcs: 7.132e-04, Loss_ut_ics: 4.346e-02, lr: 1.000e-03, Time: 5.05e+02
Model state saved to ./results/models/checkpoints/schrodinger/qho/2025-09-04_17-40-47-467896/model.pth
Model state saved to ./results/models/checkpoints/schrodinger/qho/2025-09-04_17-40-47-467896/model_weights.pth
It: 103, Loss: 2.791e-01, Loss_res: 1.577e-02,  Loss_bcs: 5.496e-04, Loss_ut_ics: 1.235e-01, lr: 1.000e-03, Time: 5.10e+02
Model state saved to ./results/models/checkpoints/schrodinger/qho/2025-09-04_17-40-47-467896/model.pth
Model state saved to ./results/models/checkpoints/schrodinger/qho/2025-09-04_17-40-47-467896/model_weights.pth
It: 104, Loss: 1.024e-01, Loss_res: 1.276e-02,  Loss_bcs: 3.675e-04, Loss_ut_ics: 3.824e-02, lr: 1.000e-03, Time: 5.15e+02
Model state saved to ./results/models/checkpoints/schrodinger/qho/2025-09-04_17-40-47-467896/model.pth
Model state saved to ./results/models/checkpoints/schrodinger/qho/2025-09-04_17-40-47-467896/model_weights.pth
It: 105, Loss: 3.201e-01, Loss_res: 1.064e-02,  Loss_bcs: 1.918e-04, Loss_ut_ics: 1.493e-01, lr: 1.000e-03, Time: 5.20e+02
Model state saved to ./results/models/checkpoints/schrodinger/qho/2025-09-04_17-40-47-467896/model.pth
Model state saved to ./results/models/checkpoints/schrodinger/qho/2025-09-04_17-40-47-467896/model_weights.pth
It: 106, Loss: 2.192e-01, Loss_res: 1.956e-02,  Loss_bcs: 8.380e-05, Loss_ut_ics: 9.000e-02, lr: 1.000e-03, Time: 5.24e+02
Model state saved to ./results/models/checkpoints/schrodinger/qho/2025-09-04_17-40-47-467896/model.pth
Model state saved to ./results/models/checkpoints/schrodinger/qho/2025-09-04_17-40-47-467896/model_weights.pth
It: 107, Loss: 4.532e-02, Loss_res: 2.206e-02,  Loss_bcs: 4.547e-05, Loss_ut_ics: 5.756e-04, lr: 1.000e-03, Time: 5.29e+02
Model state saved to ./results/models/checkpoints/schrodinger/qho/2025-09-04_17-40-47-467896/model.pth
Model state saved to ./results/models/checkpoints/schrodinger/qho/2025-09-04_17-40-47-467896/model_weights.pth
It: 108, Loss: 3.553e-02, Loss_res: 1.706e-02,  Loss_bcs: 5.049e-05, Loss_ut_ics: 6.792e-04, lr: 1.000e-03, Time: 5.34e+02
Model state saved to ./results/models/checkpoints/schrodinger/qho/2025-09-04_17-40-47-467896/model.pth
Model state saved to ./results/models/checkpoints/schrodinger/qho/2025-09-04_17-40-47-467896/model_weights.pth
It: 109, Loss: 1.550e-01, Loss_res: 2.145e-02,  Loss_bcs: 8.004e-05, Loss_ut_ics: 5.599e-02, lr: 1.000e-03, Time: 5.38e+02
Model state saved to ./results/models/checkpoints/schrodinger/qho/2025-09-04_17-40-47-467896/model.pth
Model state saved to ./results/models/checkpoints/schrodinger/qho/2025-09-04_17-40-47-467896/model_weights.pth
It: 110, Loss: 1.360e-01, Loss_res: 1.595e-02,  Loss_bcs: 1.499e-04, Loss_ut_ics: 5.197e-02, lr: 1.000e-03, Time: 5.43e+02
Model state saved to ./results/models/checkpoints/schrodinger/qho/2025-09-04_17-40-47-467896/model.pth
Model state saved to ./results/models/checkpoints/schrodinger/qho/2025-09-04_17-40-47-467896/model_weights.pth
It: 111, Loss: 2.960e-02, Loss_res: 1.436e-02,  Loss_bcs: 2.499e-04, Loss_ut_ics: 3.113e-04, lr: 1.000e-03, Time: 5.48e+02
Model state saved to ./results/models/checkpoints/schrodinger/qho/2025-09-04_17-40-47-467896/model.pth
Model state saved to ./results/models/checkpoints/schrodinger/qho/2025-09-04_17-40-47-467896/model_weights.pth
It: 112, Loss: 1.328e-01, Loss_res: 1.411e-02,  Loss_bcs: 4.381e-04, Loss_ut_ics: 5.205e-02, lr: 1.000e-03, Time: 5.52e+02
Model state saved to ./results/models/checkpoints/schrodinger/qho/2025-09-04_17-40-47-467896/model.pth
Model state saved to ./results/models/checkpoints/schrodinger/qho/2025-09-04_17-40-47-467896/model_weights.pth
It: 113, Loss: 2.629e-01, Loss_res: 1.543e-02,  Loss_bcs: 6.960e-04, Loss_ut_ics: 1.157e-01, lr: 1.000e-03, Time: 5.57e+02
Model state saved to ./results/models/checkpoints/schrodinger/qho/2025-09-04_17-40-47-467896/model.pth
Model state saved to ./results/models/checkpoints/schrodinger/qho/2025-09-04_17-40-47-467896/model_weights.pth
It: 114, Loss: 3.627e-01, Loss_res: 7.196e-03,  Loss_bcs: 9.142e-04, Loss_ut_ics: 1.737e-01, lr: 1.000e-03, Time: 5.62e+02
Model state saved to ./results/models/checkpoints/schrodinger/qho/2025-09-04_17-40-47-467896/model.pth
Model state saved to ./results/models/checkpoints/schrodinger/qho/2025-09-04_17-40-47-467896/model_weights.pth
It: 115, Loss: 1.821e-01, Loss_res: 9.715e-03,  Loss_bcs: 1.136e-03, Loss_ut_ics: 8.079e-02, lr: 1.000e-03, Time: 5.66e+02
Model state saved to ./results/models/checkpoints/schrodinger/qho/2025-09-04_17-40-47-467896/model.pth
Model state saved to ./results/models/checkpoints/schrodinger/qho/2025-09-04_17-40-47-467896/model_weights.pth
It: 116, Loss: 1.705e-01, Loss_res: 9.685e-03,  Loss_bcs: 1.242e-03, Loss_ut_ics: 7.492e-02, lr: 1.000e-03, Time: 5.71e+02
Model state saved to ./results/models/checkpoints/schrodinger/qho/2025-09-04_17-40-47-467896/model.pth
Model state saved to ./results/models/checkpoints/schrodinger/qho/2025-09-04_17-40-47-467896/model_weights.pth
It: 117, Loss: 1.058e-01, Loss_res: 1.543e-02,  Loss_bcs: 1.206e-03, Loss_ut_ics: 3.687e-02, lr: 1.000e-03, Time: 5.76e+02
Model state saved to ./results/models/checkpoints/schrodinger/qho/2025-09-04_17-40-47-467896/model.pth
Model state saved to ./results/models/checkpoints/schrodinger/qho/2025-09-04_17-40-47-467896/model_weights.pth
It: 118, Loss: 1.759e-01, Loss_res: 1.875e-02,  Loss_bcs: 1.029e-03, Loss_ut_ics: 6.869e-02, lr: 1.000e-03, Time: 5.80e+02
Model state saved to ./results/models/checkpoints/schrodinger/qho/2025-09-04_17-40-47-467896/model.pth
Model state saved to ./results/models/checkpoints/schrodinger/qho/2025-09-04_17-40-47-467896/model_weights.pth
It: 119, Loss: 2.619e-02, Loss_res: 1.249e-02,  Loss_bcs: 7.081e-04, Loss_ut_ics: 2.548e-04, lr: 1.000e-03, Time: 5.85e+02
Model state saved to ./results/models/checkpoints/schrodinger/qho/2025-09-04_17-40-47-467896/model.pth
Model state saved to ./results/models/checkpoints/schrodinger/qho/2025-09-04_17-40-47-467896/model_weights.pth
It: 120, Loss: 4.516e-02, Loss_res: 1.797e-02,  Loss_bcs: 4.663e-04, Loss_ut_ics: 4.370e-03, lr: 1.000e-03, Time: 5.90e+02
Model state saved to ./results/models/checkpoints/schrodinger/qho/2025-09-04_17-40-47-467896/model.pth
Model state saved to ./results/models/checkpoints/schrodinger/qho/2025-09-04_17-40-47-467896/model_weights.pth
It: 121, Loss: 6.921e-02, Loss_res: 1.431e-02,  Loss_bcs: 2.571e-04, Loss_ut_ics: 2.017e-02, lr: 1.000e-03, Time: 5.95e+02
Model state saved to ./results/models/checkpoints/schrodinger/qho/2025-09-04_17-40-47-467896/model.pth
Model state saved to ./results/models/checkpoints/schrodinger/qho/2025-09-04_17-40-47-467896/model_weights.pth
It: 122, Loss: 4.040e-01, Loss_res: 1.697e-02,  Loss_bcs: 1.388e-04, Loss_ut_ics: 1.850e-01, lr: 1.000e-03, Time: 5.99e+02
Model state saved to ./results/models/checkpoints/schrodinger/qho/2025-09-04_17-40-47-467896/model.pth
Model state saved to ./results/models/checkpoints/schrodinger/qho/2025-09-04_17-40-47-467896/model_weights.pth
It: 123, Loss: 2.615e-01, Loss_res: 1.645e-02,  Loss_bcs: 7.258e-05, Loss_ut_ics: 1.142e-01, lr: 1.000e-03, Time: 6.04e+02
Model state saved to ./results/models/checkpoints/schrodinger/qho/2025-09-04_17-40-47-467896/model.pth
Model state saved to ./results/models/checkpoints/schrodinger/qho/2025-09-04_17-40-47-467896/model_weights.pth
It: 124, Loss: 5.577e-01, Loss_res: 2.607e-02,  Loss_bcs: 4.310e-05, Loss_ut_ics: 2.528e-01, lr: 1.000e-03, Time: 6.09e+02
Model state saved to ./results/models/checkpoints/schrodinger/qho/2025-09-04_17-40-47-467896/model.pth
Model state saved to ./results/models/checkpoints/schrodinger/qho/2025-09-04_17-40-47-467896/model_weights.pth
It: 125, Loss: 1.576e-01, Loss_res: 1.652e-02,  Loss_bcs: 4.714e-05, Loss_ut_ics: 6.224e-02, lr: 1.000e-03, Time: 6.13e+02
Model state saved to ./results/models/checkpoints/schrodinger/qho/2025-09-04_17-40-47-467896/model.pth
Model state saved to ./results/models/checkpoints/schrodinger/qho/2025-09-04_17-40-47-467896/model_weights.pth
It: 126, Loss: 4.016e-02, Loss_res: 1.690e-02,  Loss_bcs: 6.467e-05, Loss_ut_ics: 3.146e-03, lr: 1.000e-03, Time: 6.18e+02
Model state saved to ./results/models/checkpoints/schrodinger/qho/2025-09-04_17-40-47-467896/model.pth
Model state saved to ./results/models/checkpoints/schrodinger/qho/2025-09-04_17-40-47-467896/model_weights.pth
It: 127, Loss: 2.635e-02, Loss_res: 1.257e-02,  Loss_bcs: 1.021e-04, Loss_ut_ics: 5.493e-04, lr: 1.000e-03, Time: 6.23e+02
Model state saved to ./results/models/checkpoints/schrodinger/qho/2025-09-04_17-40-47-467896/model.pth
Model state saved to ./results/models/checkpoints/schrodinger/qho/2025-09-04_17-40-47-467896/model_weights.pth
It: 128, Loss: 1.815e-01, Loss_res: 1.318e-02,  Loss_bcs: 1.780e-04, Loss_ut_ics: 7.747e-02, lr: 1.000e-03, Time: 6.27e+02
Model state saved to ./results/models/checkpoints/schrodinger/qho/2025-09-04_17-40-47-467896/model.pth
Model state saved to ./results/models/checkpoints/schrodinger/qho/2025-09-04_17-40-47-467896/model_weights.pth
It: 129, Loss: 4.906e-01, Loss_res: 1.605e-02,  Loss_bcs: 2.904e-04, Loss_ut_ics: 2.291e-01, lr: 1.000e-03, Time: 6.32e+02
Model state saved to ./results/models/checkpoints/schrodinger/qho/2025-09-04_17-40-47-467896/model.pth
Model state saved to ./results/models/checkpoints/schrodinger/qho/2025-09-04_17-40-47-467896/model_weights.pth
It: 130, Loss: 6.222e-02, Loss_res: 1.615e-02,  Loss_bcs: 3.695e-04, Loss_ut_ics: 1.477e-02, lr: 1.000e-03, Time: 6.37e+02
Model state saved to ./results/models/checkpoints/schrodinger/qho/2025-09-04_17-40-47-467896/model.pth
Model state saved to ./results/models/checkpoints/schrodinger/qho/2025-09-04_17-40-47-467896/model_weights.pth
It: 131, Loss: 1.666e-01, Loss_res: 1.508e-02,  Loss_bcs: 3.676e-04, Loss_ut_ics: 6.805e-02, lr: 1.000e-03, Time: 6.42e+02
Model state saved to ./results/models/checkpoints/schrodinger/qho/2025-09-04_17-40-47-467896/model.pth
Model state saved to ./results/models/checkpoints/schrodinger/qho/2025-09-04_17-40-47-467896/model_weights.pth
It: 132, Loss: 3.500e-01, Loss_res: 9.785e-03,  Loss_bcs: 3.476e-04, Loss_ut_ics: 1.650e-01, lr: 1.000e-03, Time: 6.46e+02
Model state saved to ./results/models/checkpoints/schrodinger/qho/2025-09-04_17-40-47-467896/model.pth
Model state saved to ./results/models/checkpoints/schrodinger/qho/2025-09-04_17-40-47-467896/model_weights.pth
It: 133, Loss: 8.172e-02, Loss_res: 2.486e-02,  Loss_bcs: 2.786e-04, Loss_ut_ics: 1.586e-02, lr: 1.000e-03, Time: 6.51e+02
Model state saved to ./results/models/checkpoints/schrodinger/qho/2025-09-04_17-40-47-467896/model.pth
Model state saved to ./results/models/checkpoints/schrodinger/qho/2025-09-04_17-40-47-467896/model_weights.pth
It: 134, Loss: 7.977e-02, Loss_res: 1.827e-02,  Loss_bcs: 2.816e-04, Loss_ut_ics: 2.147e-02, lr: 1.000e-03, Time: 6.56e+02
Model state saved to ./results/models/checkpoints/schrodinger/qho/2025-09-04_17-40-47-467896/model.pth
Model state saved to ./results/models/checkpoints/schrodinger/qho/2025-09-04_17-40-47-467896/model_weights.pth
It: 135, Loss: 4.407e-02, Loss_res: 8.333e-03,  Loss_bcs: 1.907e-04, Loss_ut_ics: 1.361e-02, lr: 1.000e-03, Time: 6.60e+02
Model state saved to ./results/models/checkpoints/schrodinger/qho/2025-09-04_17-40-47-467896/model.pth
Model state saved to ./results/models/checkpoints/schrodinger/qho/2025-09-04_17-40-47-467896/model_weights.pth
It: 136, Loss: 5.304e-02, Loss_res: 2.485e-02,  Loss_bcs: 1.418e-04, Loss_ut_ics: 1.596e-03, lr: 1.000e-03, Time: 6.65e+02
Model state saved to ./results/models/checkpoints/schrodinger/qho/2025-09-04_17-40-47-467896/model.pth
Model state saved to ./results/models/checkpoints/schrodinger/qho/2025-09-04_17-40-47-467896/model_weights.pth
It: 137, Loss: 7.618e-02, Loss_res: 1.616e-02,  Loss_bcs: 1.286e-04, Loss_ut_ics: 2.186e-02, lr: 1.000e-03, Time: 6.70e+02
Model state saved to ./results/models/checkpoints/schrodinger/qho/2025-09-04_17-40-47-467896/model.pth
Model state saved to ./results/models/checkpoints/schrodinger/qho/2025-09-04_17-40-47-467896/model_weights.pth
It: 138, Loss: 2.725e-01, Loss_res: 1.352e-02,  Loss_bcs: 1.741e-04, Loss_ut_ics: 1.226e-01, lr: 1.000e-03, Time: 6.74e+02
Model state saved to ./results/models/checkpoints/schrodinger/qho/2025-09-04_17-40-47-467896/model.pth
Model state saved to ./results/models/checkpoints/schrodinger/qho/2025-09-04_17-40-47-467896/model_weights.pth
It: 139, Loss: 3.177e-02, Loss_res: 1.508e-02,  Loss_bcs: 2.287e-04, Loss_ut_ics: 6.904e-04, lr: 1.000e-03, Time: 6.79e+02
Model state saved to ./results/models/checkpoints/schrodinger/qho/2025-09-04_17-40-47-467896/model.pth
Model state saved to ./results/models/checkpoints/schrodinger/qho/2025-09-04_17-40-47-467896/model_weights.pth
It: 140, Loss: 1.625e-01, Loss_res: 1.044e-02,  Loss_bcs: 3.686e-04, Loss_ut_ics: 7.063e-02, lr: 1.000e-03, Time: 6.84e+02
Model state saved to ./results/models/checkpoints/schrodinger/qho/2025-09-04_17-40-47-467896/model.pth
Model state saved to ./results/models/checkpoints/schrodinger/qho/2025-09-04_17-40-47-467896/model_weights.pth
It: 141, Loss: 2.668e-01, Loss_res: 1.841e-02,  Loss_bcs: 4.990e-04, Loss_ut_ics: 1.148e-01, lr: 1.000e-03, Time: 6.88e+02
Model state saved to ./results/models/checkpoints/schrodinger/qho/2025-09-04_17-40-47-467896/model.pth
Model state saved to ./results/models/checkpoints/schrodinger/qho/2025-09-04_17-40-47-467896/model_weights.pth
It: 142, Loss: 1.217e-01, Loss_res: 1.627e-02,  Loss_bcs: 5.288e-04, Loss_ut_ics: 4.430e-02, lr: 1.000e-03, Time: 6.93e+02
Model state saved to ./results/models/checkpoints/schrodinger/qho/2025-09-04_17-40-47-467896/model.pth
Model state saved to ./results/models/checkpoints/schrodinger/qho/2025-09-04_17-40-47-467896/model_weights.pth
It: 143, Loss: 2.973e-01, Loss_res: 2.235e-02,  Loss_bcs: 5.099e-04, Loss_ut_ics: 1.260e-01, lr: 1.000e-03, Time: 6.98e+02
Model state saved to ./results/models/checkpoints/schrodinger/qho/2025-09-04_17-40-47-467896/model.pth
Model state saved to ./results/models/checkpoints/schrodinger/qho/2025-09-04_17-40-47-467896/model_weights.pth
It: 144, Loss: 3.378e-02, Loss_res: 1.186e-02,  Loss_bcs: 4.021e-04, Loss_ut_ics: 4.825e-03, lr: 1.000e-03, Time: 7.02e+02
Model state saved to ./results/models/checkpoints/schrodinger/qho/2025-09-04_17-40-47-467896/model.pth
Model state saved to ./results/models/checkpoints/schrodinger/qho/2025-09-04_17-40-47-467896/model_weights.pth
It: 145, Loss: 4.393e-02, Loss_res: 2.076e-02,  Loss_bcs: 3.528e-04, Loss_ut_ics: 1.033e-03, lr: 1.000e-03, Time: 7.07e+02
Model state saved to ./results/models/checkpoints/schrodinger/qho/2025-09-04_17-40-47-467896/model.pth
Model state saved to ./results/models/checkpoints/schrodinger/qho/2025-09-04_17-40-47-467896/model_weights.pth
It: 146, Loss: 3.031e-02, Loss_res: 1.447e-02,  Loss_bcs: 2.870e-04, Loss_ut_ics: 5.471e-04, lr: 1.000e-03, Time: 7.11e+02
Model state saved to ./results/models/checkpoints/schrodinger/qho/2025-09-04_17-40-47-467896/model.pth
Model state saved to ./results/models/checkpoints/schrodinger/qho/2025-09-04_17-40-47-467896/model_weights.pth
It: 147, Loss: 1.172e-01, Loss_res: 1.595e-02,  Loss_bcs: 2.877e-04, Loss_ut_ics: 4.250e-02, lr: 1.000e-03, Time: 7.16e+02
Model state saved to ./results/models/checkpoints/schrodinger/qho/2025-09-04_17-40-47-467896/model.pth
Model state saved to ./results/models/checkpoints/schrodinger/qho/2025-09-04_17-40-47-467896/model_weights.pth
It: 148, Loss: 1.441e-01, Loss_res: 1.105e-02,  Loss_bcs: 2.507e-04, Loss_ut_ics: 6.088e-02, lr: 1.000e-03, Time: 7.21e+02
Model state saved to ./results/models/checkpoints/schrodinger/qho/2025-09-04_17-40-47-467896/model.pth
Model state saved to ./results/models/checkpoints/schrodinger/qho/2025-09-04_17-40-47-467896/model_weights.pth
It: 149, Loss: 2.067e-01, Loss_res: 1.765e-02,  Loss_bcs: 1.579e-04, Loss_ut_ics: 8.564e-02, lr: 1.000e-03, Time: 7.25e+02
Model state saved to ./results/models/checkpoints/schrodinger/qho/2025-09-04_17-40-47-467896/model.pth
Model state saved to ./results/models/checkpoints/schrodinger/qho/2025-09-04_17-40-47-467896/model_weights.pth
It: 150, Loss: 1.290e-01, Loss_res: 2.149e-02,  Loss_bcs: 7.835e-05, Loss_ut_ics: 4.298e-02, lr: 1.000e-03, Time: 7.30e+02
Model state saved to ./results/models/checkpoints/schrodinger/qho/2025-09-04_17-40-47-467896/model.pth
Model state saved to ./results/models/checkpoints/schrodinger/qho/2025-09-04_17-40-47-467896/model_weights.pth
It: 151, Loss: 2.308e-01, Loss_res: 2.524e-02,  Loss_bcs: 5.752e-05, Loss_ut_ics: 9.012e-02, lr: 1.000e-03, Time: 7.34e+02
Model state saved to ./results/models/checkpoints/schrodinger/qho/2025-09-04_17-40-47-467896/model.pth
Model state saved to ./results/models/checkpoints/schrodinger/qho/2025-09-04_17-40-47-467896/model_weights.pth
It: 152, Loss: 3.277e-02, Loss_res: 1.415e-02,  Loss_bcs: 7.690e-05, Loss_ut_ics: 2.199e-03, lr: 1.000e-03, Time: 7.39e+02
Model state saved to ./results/models/checkpoints/schrodinger/qho/2025-09-04_17-40-47-467896/model.pth
Model state saved to ./results/models/checkpoints/schrodinger/qho/2025-09-04_17-40-47-467896/model_weights.pth
It: 153, Loss: 2.257e-01, Loss_res: 2.901e-02,  Loss_bcs: 1.147e-04, Loss_ut_ics: 8.376e-02, lr: 1.000e-03, Time: 7.44e+02
Model state saved to ./results/models/checkpoints/schrodinger/qho/2025-09-04_17-40-47-467896/model.pth
Model state saved to ./results/models/checkpoints/schrodinger/qho/2025-09-04_17-40-47-467896/model_weights.pth
It: 154, Loss: 1.534e-01, Loss_res: 1.309e-02,  Loss_bcs: 2.134e-04, Loss_ut_ics: 6.349e-02, lr: 1.000e-03, Time: 7.48e+02
Model state saved to ./results/models/checkpoints/schrodinger/qho/2025-09-04_17-40-47-467896/model.pth
Model state saved to ./results/models/checkpoints/schrodinger/qho/2025-09-04_17-40-47-467896/model_weights.pth
It: 155, Loss: 5.224e-02, Loss_res: 2.563e-02,  Loss_bcs: 3.562e-04, Loss_ut_ics: 3.135e-04, lr: 1.000e-03, Time: 7.53e+02
Model state saved to ./results/models/checkpoints/schrodinger/qho/2025-09-04_17-40-47-467896/model.pth
Model state saved to ./results/models/checkpoints/schrodinger/qho/2025-09-04_17-40-47-467896/model_weights.pth
It: 156, Loss: 5.332e-02, Loss_res: 1.716e-02,  Loss_bcs: 4.824e-04, Loss_ut_ics: 9.264e-03, lr: 1.000e-03, Time: 7.57e+02
Model state saved to ./results/models/checkpoints/schrodinger/qho/2025-09-04_17-40-47-467896/model.pth
Model state saved to ./results/models/checkpoints/schrodinger/qho/2025-09-04_17-40-47-467896/model_weights.pth
It: 157, Loss: 1.702e-01, Loss_res: 1.739e-02,  Loss_bcs: 6.323e-04, Loss_ut_ics: 6.741e-02, lr: 1.000e-03, Time: 7.62e+02
Model state saved to ./results/models/checkpoints/schrodinger/qho/2025-09-04_17-40-47-467896/model.pth
Model state saved to ./results/models/checkpoints/schrodinger/qho/2025-09-04_17-40-47-467896/model_weights.pth
It: 158, Loss: 1.530e-01, Loss_res: 2.477e-02,  Loss_bcs: 7.012e-04, Loss_ut_ics: 5.140e-02, lr: 1.000e-03, Time: 7.67e+02
Model state saved to ./results/models/checkpoints/schrodinger/qho/2025-09-04_17-40-47-467896/model.pth
Model state saved to ./results/models/checkpoints/schrodinger/qho/2025-09-04_17-40-47-467896/model_weights.pth
It: 159, Loss: 7.467e-02, Loss_res: 1.171e-02,  Loss_bcs: 6.053e-04, Loss_ut_ics: 2.532e-02, lr: 1.000e-03, Time: 7.71e+02
Model state saved to ./results/models/checkpoints/schrodinger/qho/2025-09-04_17-40-47-467896/model.pth
Model state saved to ./results/models/checkpoints/schrodinger/qho/2025-09-04_17-40-47-467896/model_weights.pth
It: 160, Loss: 9.163e-02, Loss_res: 1.757e-02,  Loss_bcs: 4.436e-04, Loss_ut_ics: 2.803e-02, lr: 1.000e-03, Time: 7.76e+02
Model state saved to ./results/models/checkpoints/schrodinger/qho/2025-09-04_17-40-47-467896/model.pth
Model state saved to ./results/models/checkpoints/schrodinger/qho/2025-09-04_17-40-47-467896/model_weights.pth
It: 161, Loss: 1.870e-01, Loss_res: 1.252e-02,  Loss_bcs: 2.751e-04, Loss_ut_ics: 8.084e-02, lr: 1.000e-03, Time: 7.80e+02
Model state saved to ./results/models/checkpoints/schrodinger/qho/2025-09-04_17-40-47-467896/model.pth
Model state saved to ./results/models/checkpoints/schrodinger/qho/2025-09-04_17-40-47-467896/model_weights.pth
It: 162, Loss: 1.246e-01, Loss_res: 1.475e-02,  Loss_bcs: 1.506e-04, Loss_ut_ics: 4.750e-02, lr: 1.000e-03, Time: 7.85e+02
Model state saved to ./results/models/checkpoints/schrodinger/qho/2025-09-04_17-40-47-467896/model.pth
Model state saved to ./results/models/checkpoints/schrodinger/qho/2025-09-04_17-40-47-467896/model_weights.pth
It: 163, Loss: 8.718e-02, Loss_res: 1.625e-02,  Loss_bcs: 7.637e-05, Loss_ut_ics: 2.730e-02, lr: 1.000e-03, Time: 7.90e+02
Model state saved to ./results/models/checkpoints/schrodinger/qho/2025-09-04_17-40-47-467896/model.pth
Model state saved to ./results/models/checkpoints/schrodinger/qho/2025-09-04_17-40-47-467896/model_weights.pth
It: 164, Loss: 5.449e-02, Loss_res: 2.655e-02,  Loss_bcs: 5.052e-05, Loss_ut_ics: 6.624e-04, lr: 1.000e-03, Time: 7.94e+02
Model state saved to ./results/models/checkpoints/schrodinger/qho/2025-09-04_17-40-47-467896/model.pth
Model state saved to ./results/models/checkpoints/schrodinger/qho/2025-09-04_17-40-47-467896/model_weights.pth
It: 165, Loss: 2.852e-01, Loss_res: 2.234e-02,  Loss_bcs: 5.837e-05, Loss_ut_ics: 1.203e-01, lr: 1.000e-03, Time: 7.99e+02
Model state saved to ./results/models/checkpoints/schrodinger/qho/2025-09-04_17-40-47-467896/model.pth
Model state saved to ./results/models/checkpoints/schrodinger/qho/2025-09-04_17-40-47-467896/model_weights.pth
It: 166, Loss: 9.902e-02, Loss_res: 1.576e-02,  Loss_bcs: 8.947e-05, Loss_ut_ics: 3.371e-02, lr: 1.000e-03, Time: 8.03e+02
Model state saved to ./results/models/checkpoints/schrodinger/qho/2025-09-04_17-40-47-467896/model.pth
Model state saved to ./results/models/checkpoints/schrodinger/qho/2025-09-04_17-40-47-467896/model_weights.pth
It: 167, Loss: 1.751e-01, Loss_res: 2.543e-02,  Loss_bcs: 1.397e-04, Loss_ut_ics: 6.206e-02, lr: 1.000e-03, Time: 8.08e+02
Model state saved to ./results/models/checkpoints/schrodinger/qho/2025-09-04_17-40-47-467896/model.pth
Model state saved to ./results/models/checkpoints/schrodinger/qho/2025-09-04_17-40-47-467896/model_weights.pth
It: 168, Loss: 4.479e-02, Loss_res: 2.139e-02,  Loss_bcs: 2.053e-04, Loss_ut_ics: 9.004e-04, lr: 1.000e-03, Time: 8.12e+02
Model state saved to ./results/models/checkpoints/schrodinger/qho/2025-09-04_17-40-47-467896/model.pth
Model state saved to ./results/models/checkpoints/schrodinger/qho/2025-09-04_17-40-47-467896/model_weights.pth
It: 169, Loss: 1.815e-01, Loss_res: 7.664e-03,  Loss_bcs: 3.263e-04, Loss_ut_ics: 8.293e-02, lr: 1.000e-03, Time: 8.17e+02
Model state saved to ./results/models/checkpoints/schrodinger/qho/2025-09-04_17-40-47-467896/model.pth
Model state saved to ./results/models/checkpoints/schrodinger/qho/2025-09-04_17-40-47-467896/model_weights.pth
It: 170, Loss: 3.729e-02, Loss_res: 9.922e-03,  Loss_bcs: 4.578e-04, Loss_ut_ics: 8.495e-03, lr: 1.000e-03, Time: 8.22e+02
Model state saved to ./results/models/checkpoints/schrodinger/qho/2025-09-04_17-40-47-467896/model.pth
Model state saved to ./results/models/checkpoints/schrodinger/qho/2025-09-04_17-40-47-467896/model_weights.pth
It: 171, Loss: 2.434e-02, Loss_res: 1.029e-02,  Loss_bcs: 6.227e-04, Loss_ut_ics: 1.568e-03, lr: 1.000e-03, Time: 8.26e+02
Model state saved to ./results/models/checkpoints/schrodinger/qho/2025-09-04_17-40-47-467896/model.pth
Model state saved to ./results/models/checkpoints/schrodinger/qho/2025-09-04_17-40-47-467896/model_weights.pth
It: 172, Loss: 2.925e-01, Loss_res: 1.594e-02,  Loss_bcs: 8.603e-04, Loss_ut_ics: 1.299e-01, lr: 1.000e-03, Time: 8.31e+02
Model state saved to ./results/models/checkpoints/schrodinger/qho/2025-09-04_17-40-47-467896/model.pth
Model state saved to ./results/models/checkpoints/schrodinger/qho/2025-09-04_17-40-47-467896/model_weights.pth
It: 173, Loss: 1.174e-01, Loss_res: 2.798e-02,  Loss_bcs: 9.331e-04, Loss_ut_ics: 3.024e-02, lr: 1.000e-03, Time: 8.35e+02
Model state saved to ./results/models/checkpoints/schrodinger/qho/2025-09-04_17-40-47-467896/model.pth
Model state saved to ./results/models/checkpoints/schrodinger/qho/2025-09-04_17-40-47-467896/model_weights.pth
It: 174, Loss: 6.043e-02, Loss_res: 2.873e-02,  Loss_bcs: 7.563e-04, Loss_ut_ics: 1.107e-03, lr: 1.000e-03, Time: 8.40e+02
Model state saved to ./results/models/checkpoints/schrodinger/qho/2025-09-04_17-40-47-467896/model.pth
Model state saved to ./results/models/checkpoints/schrodinger/qho/2025-09-04_17-40-47-467896/model_weights.pth
It: 175, Loss: 1.125e-01, Loss_res: 1.659e-02,  Loss_bcs: 4.585e-04, Loss_ut_ics: 3.945e-02, lr: 1.000e-03, Time: 8.45e+02
Model state saved to ./results/models/checkpoints/schrodinger/qho/2025-09-04_17-40-47-467896/model.pth
Model state saved to ./results/models/checkpoints/schrodinger/qho/2025-09-04_17-40-47-467896/model_weights.pth
It: 176, Loss: 6.687e-02, Loss_res: 1.411e-02,  Loss_bcs: 2.889e-04, Loss_ut_ics: 1.918e-02, lr: 1.000e-03, Time: 8.49e+02
Model state saved to ./results/models/checkpoints/schrodinger/qho/2025-09-04_17-40-47-467896/model.pth
Model state saved to ./results/models/checkpoints/schrodinger/qho/2025-09-04_17-40-47-467896/model_weights.pth
It: 177, Loss: 2.116e-01, Loss_res: 1.708e-02,  Loss_bcs: 1.372e-04, Loss_ut_ics: 8.863e-02, lr: 1.000e-03, Time: 8.54e+02
Model state saved to ./results/models/checkpoints/schrodinger/qho/2025-09-04_17-40-47-467896/model.pth
Model state saved to ./results/models/checkpoints/schrodinger/qho/2025-09-04_17-40-47-467896/model_weights.pth
It: 178, Loss: 1.738e-01, Loss_res: 2.557e-02,  Loss_bcs: 7.363e-05, Loss_ut_ics: 6.131e-02, lr: 1.000e-03, Time: 8.58e+02
Model state saved to ./results/models/checkpoints/schrodinger/qho/2025-09-04_17-40-47-467896/model.pth
Model state saved to ./results/models/checkpoints/schrodinger/qho/2025-09-04_17-40-47-467896/model_weights.pth
It: 179, Loss: 9.565e-02, Loss_res: 2.611e-02,  Loss_bcs: 4.238e-05, Loss_ut_ics: 2.170e-02, lr: 1.000e-03, Time: 8.63e+02
Model state saved to ./results/models/checkpoints/schrodinger/qho/2025-09-04_17-40-47-467896/model.pth
Model state saved to ./results/models/checkpoints/schrodinger/qho/2025-09-04_17-40-47-467896/model_weights.pth
It: 180, Loss: 1.905e-01, Loss_res: 1.895e-02,  Loss_bcs: 3.757e-05, Loss_ut_ics: 7.627e-02, lr: 1.000e-03, Time: 8.67e+02
Model state saved to ./results/models/checkpoints/schrodinger/qho/2025-09-04_17-40-47-467896/model.pth
Model state saved to ./results/models/checkpoints/schrodinger/qho/2025-09-04_17-40-47-467896/model_weights.pth
It: 181, Loss: 9.638e-02, Loss_res: 1.075e-02,  Loss_bcs: 4.876e-05, Loss_ut_ics: 3.741e-02, lr: 1.000e-03, Time: 8.72e+02
Model state saved to ./results/models/checkpoints/schrodinger/qho/2025-09-04_17-40-47-467896/model.pth
Model state saved to ./results/models/checkpoints/schrodinger/qho/2025-09-04_17-40-47-467896/model_weights.pth
It: 182, Loss: 1.172e-01, Loss_res: 1.715e-02,  Loss_bcs: 6.157e-05, Loss_ut_ics: 4.144e-02, lr: 1.000e-03, Time: 8.77e+02
Model state saved to ./results/models/checkpoints/schrodinger/qho/2025-09-04_17-40-47-467896/model.pth
Model state saved to ./results/models/checkpoints/schrodinger/qho/2025-09-04_17-40-47-467896/model_weights.pth
It: 183, Loss: 7.007e-02, Loss_res: 1.645e-02,  Loss_bcs: 8.193e-05, Loss_ut_ics: 1.855e-02, lr: 1.000e-03, Time: 8.81e+02
Model state saved to ./results/models/checkpoints/schrodinger/qho/2025-09-04_17-40-47-467896/model.pth
Model state saved to ./results/models/checkpoints/schrodinger/qho/2025-09-04_17-40-47-467896/model_weights.pth
It: 184, Loss: 1.342e-01, Loss_res: 6.577e-03,  Loss_bcs: 1.116e-04, Loss_ut_ics: 6.046e-02, lr: 1.000e-03, Time: 8.86e+02
Model state saved to ./results/models/checkpoints/schrodinger/qho/2025-09-04_17-40-47-467896/model.pth
Model state saved to ./results/models/checkpoints/schrodinger/qho/2025-09-04_17-40-47-467896/model_weights.pth
It: 185, Loss: 4.090e-02, Loss_res: 1.931e-02,  Loss_bcs: 1.387e-04, Loss_ut_ics: 1.068e-03, lr: 1.000e-03, Time: 8.90e+02
Model state saved to ./results/models/checkpoints/schrodinger/qho/2025-09-04_17-40-47-467896/model.pth
Model state saved to ./results/models/checkpoints/schrodinger/qho/2025-09-04_17-40-47-467896/model_weights.pth
It: 186, Loss: 1.909e-01, Loss_res: 1.710e-02,  Loss_bcs: 1.815e-04, Loss_ut_ics: 7.824e-02, lr: 1.000e-03, Time: 8.95e+02
Model state saved to ./results/models/checkpoints/schrodinger/qho/2025-09-04_17-40-47-467896/model.pth
Model state saved to ./results/models/checkpoints/schrodinger/qho/2025-09-04_17-40-47-467896/model_weights.pth
It: 187, Loss: 1.593e-01, Loss_res: 1.831e-02,  Loss_bcs: 1.868e-04, Loss_ut_ics: 6.125e-02, lr: 1.000e-03, Time: 8.99e+02
Model state saved to ./results/models/checkpoints/schrodinger/qho/2025-09-04_17-40-47-467896/model.pth
Model state saved to ./results/models/checkpoints/schrodinger/qho/2025-09-04_17-40-47-467896/model_weights.pth
It: 188, Loss: 1.918e-01, Loss_res: 1.821e-02,  Loss_bcs: 2.137e-04, Loss_ut_ics: 7.761e-02, lr: 1.000e-03, Time: 9.04e+02
Model state saved to ./results/models/checkpoints/schrodinger/qho/2025-09-04_17-40-47-467896/model.pth
Model state saved to ./results/models/checkpoints/schrodinger/qho/2025-09-04_17-40-47-467896/model_weights.pth
It: 189, Loss: 1.449e-01, Loss_res: 1.269e-02,  Loss_bcs: 1.850e-04, Loss_ut_ics: 5.965e-02, lr: 1.000e-03, Time: 9.09e+02
Model state saved to ./results/models/checkpoints/schrodinger/qho/2025-09-04_17-40-47-467896/model.pth
Model state saved to ./results/models/checkpoints/schrodinger/qho/2025-09-04_17-40-47-467896/model_weights.pth
It: 190, Loss: 1.058e-01, Loss_res: 1.860e-02,  Loss_bcs: 1.566e-04, Loss_ut_ics: 3.424e-02, lr: 1.000e-03, Time: 9.13e+02
Model state saved to ./results/models/checkpoints/schrodinger/qho/2025-09-04_17-40-47-467896/model.pth
Model state saved to ./results/models/checkpoints/schrodinger/qho/2025-09-04_17-40-47-467896/model_weights.pth
It: 191, Loss: 1.025e-01, Loss_res: 1.491e-02,  Loss_bcs: 1.794e-04, Loss_ut_ics: 3.624e-02, lr: 1.000e-03, Time: 9.18e+02
Model state saved to ./results/models/checkpoints/schrodinger/qho/2025-09-04_17-40-47-467896/model.pth
Model state saved to ./results/models/checkpoints/schrodinger/qho/2025-09-04_17-40-47-467896/model_weights.pth
It: 192, Loss: 4.499e-02, Loss_res: 1.390e-02,  Loss_bcs: 1.653e-04, Loss_ut_ics: 8.517e-03, lr: 1.000e-03, Time: 9.22e+02
Model state saved to ./results/models/checkpoints/schrodinger/qho/2025-09-04_17-40-47-467896/model.pth
Model state saved to ./results/models/checkpoints/schrodinger/qho/2025-09-04_17-40-47-467896/model_weights.pth
It: 193, Loss: 8.751e-02, Loss_res: 2.333e-02,  Loss_bcs: 1.738e-04, Loss_ut_ics: 2.033e-02, lr: 1.000e-03, Time: 9.27e+02
Model state saved to ./results/models/checkpoints/schrodinger/qho/2025-09-04_17-40-47-467896/model.pth
Model state saved to ./results/models/checkpoints/schrodinger/qho/2025-09-04_17-40-47-467896/model_weights.pth
It: 194, Loss: 9.808e-02, Loss_res: 2.476e-02,  Loss_bcs: 2.326e-04, Loss_ut_ics: 2.417e-02, lr: 1.000e-03, Time: 9.31e+02
Model state saved to ./results/models/checkpoints/schrodinger/qho/2025-09-04_17-40-47-467896/model.pth
Model state saved to ./results/models/checkpoints/schrodinger/qho/2025-09-04_17-40-47-467896/model_weights.pth
It: 195, Loss: 2.659e-01, Loss_res: 1.451e-02,  Loss_bcs: 2.448e-04, Loss_ut_ics: 1.183e-01, lr: 1.000e-03, Time: 9.36e+02
Model state saved to ./results/models/checkpoints/schrodinger/qho/2025-09-04_17-40-47-467896/model.pth
Model state saved to ./results/models/checkpoints/schrodinger/qho/2025-09-04_17-40-47-467896/model_weights.pth
It: 196, Loss: 4.077e-02, Loss_res: 1.494e-02,  Loss_bcs: 2.305e-04, Loss_ut_ics: 5.332e-03, lr: 1.000e-03, Time: 9.41e+02
Model state saved to ./results/models/checkpoints/schrodinger/qho/2025-09-04_17-40-47-467896/model.pth
Model state saved to ./results/models/checkpoints/schrodinger/qho/2025-09-04_17-40-47-467896/model_weights.pth
It: 197, Loss: 2.467e-02, Loss_res: 1.100e-02,  Loss_bcs: 2.231e-04, Loss_ut_ics: 1.221e-03, lr: 1.000e-03, Time: 9.45e+02
Model state saved to ./results/models/checkpoints/schrodinger/qho/2025-09-04_17-40-47-467896/model.pth
Model state saved to ./results/models/checkpoints/schrodinger/qho/2025-09-04_17-40-47-467896/model_weights.pth
It: 198, Loss: 2.155e-01, Loss_res: 1.206e-02,  Loss_bcs: 2.554e-04, Loss_ut_ics: 9.557e-02, lr: 1.000e-03, Time: 9.50e+02
Model state saved to ./results/models/checkpoints/schrodinger/qho/2025-09-04_17-40-47-467896/model.pth
Model state saved to ./results/models/checkpoints/schrodinger/qho/2025-09-04_17-40-47-467896/model_weights.pth
It: 199, Loss: 3.127e-02, Loss_res: 1.409e-02,  Loss_bcs: 2.395e-04, Loss_ut_ics: 1.424e-03, lr: 1.000e-03, Time: 9.54e+02
Model state saved to ./results/models/checkpoints/schrodinger/qho/2025-09-04_17-40-47-467896/model.pth
Model state saved to ./results/models/checkpoints/schrodinger/qho/2025-09-04_17-40-47-467896/model_weights.pth
It: 200, Loss: 2.331e-02, Loss_res: 1.119e-02,  Loss_bcs: 3.027e-04, Loss_ut_ics: 3.137e-04, lr: 1.000e-03, Time: 9.59e+02
Model state saved to ./results/models/checkpoints/schrodinger/qho/2025-09-04_17-40-47-467896/model.pth
Model state saved to ./results/models/checkpoints/schrodinger/qho/2025-09-04_17-40-47-467896/model_weights.pth
It: 201, Loss: 6.752e-02, Loss_res: 1.268e-02,  Loss_bcs: 4.133e-04, Loss_ut_ics: 2.088e-02, lr: 1.000e-03, Time: 9.63e+02
Model state saved to ./results/models/checkpoints/schrodinger/qho/2025-09-04_17-40-47-467896/model.pth
Model state saved to ./results/models/checkpoints/schrodinger/qho/2025-09-04_17-40-47-467896/model_weights.pth
It: 202, Loss: 9.207e-03, Loss_res: 3.427e-03,  Loss_bcs: 5.264e-04, Loss_ut_ics: 9.131e-04, lr: 1.000e-03, Time: 9.68e+02
Model state saved to ./results/models/checkpoints/schrodinger/qho/2025-09-04_17-40-47-467896/model.pth
Model state saved to ./results/models/checkpoints/schrodinger/qho/2025-09-04_17-40-47-467896/model_weights.pth
It: 1, Loss: 1.152e-01, Loss_res: 6.385e-03,  Loss_bcs: 6.587e-04, Loss_ut_ics: 5.087e-02, lr: 1.000e-03, Time: 4.75e+00
Model state saved to ./results/models/checkpoints/schrodinger/qho/2025-09-04_17-40-47-467896/model.pth
Model state saved to ./results/models/checkpoints/schrodinger/qho/2025-09-04_17-40-47-467896/model_weights.pth
It: 2, Loss: 1.525e-01, Loss_res: 1.329e-02,  Loss_bcs: 7.618e-04, Loss_ut_ics: 6.258e-02, lr: 1.000e-03, Time: 9.51e+00
Model state saved to ./results/models/checkpoints/schrodinger/qho/2025-09-04_17-40-47-467896/model.pth
Model state saved to ./results/models/checkpoints/schrodinger/qho/2025-09-04_17-40-47-467896/model_weights.pth
It: 3, Loss: 1.048e-01, Loss_res: 3.803e-02,  Loss_bcs: 8.530e-04, Loss_ut_ics: 1.395e-02, lr: 1.000e-03, Time: 1.45e+01
Model state saved to ./results/models/checkpoints/schrodinger/qho/2025-09-04_17-40-47-467896/model.pth
Model state saved to ./results/models/checkpoints/schrodinger/qho/2025-09-04_17-40-47-467896/model_weights.pth
It: 4, Loss: 7.396e-02, Loss_res: 7.836e-03,  Loss_bcs: 5.674e-04, Loss_ut_ics: 2.886e-02, lr: 1.000e-03, Time: 1.92e+01
Model state saved to ./results/models/checkpoints/schrodinger/qho/2025-09-04_17-40-47-467896/model.pth
Model state saved to ./results/models/checkpoints/schrodinger/qho/2025-09-04_17-40-47-467896/model_weights.pth
It: 5, Loss: 5.604e-02, Loss_res: 1.376e-02,  Loss_bcs: 3.261e-04, Loss_ut_ics: 1.409e-02, lr: 1.000e-03, Time: 2.41e+01
Model state saved to ./results/models/checkpoints/schrodinger/qho/2025-09-04_17-40-47-467896/model.pth
Model state saved to ./results/models/checkpoints/schrodinger/qho/2025-09-04_17-40-47-467896/model_weights.pth
It: 6, Loss: 1.990e-02, Loss_res: 8.751e-03,  Loss_bcs: 1.261e-04, Loss_ut_ics: 1.134e-03, lr: 1.000e-03, Time: 2.89e+01
Model state saved to ./results/models/checkpoints/schrodinger/qho/2025-09-04_17-40-47-467896/model.pth
Model state saved to ./results/models/checkpoints/schrodinger/qho/2025-09-04_17-40-47-467896/model_weights.pth
It: 7, Loss: 2.062e-02, Loss_res: 8.094e-03,  Loss_bcs: 3.275e-05, Loss_ut_ics: 2.199e-03, lr: 1.000e-03, Time: 3.37e+01
Model state saved to ./results/models/checkpoints/schrodinger/qho/2025-09-04_17-40-47-467896/model.pth
Model state saved to ./results/models/checkpoints/schrodinger/qho/2025-09-04_17-40-47-467896/model_weights.pth
It: 8, Loss: 1.781e-01, Loss_res: 2.642e-02,  Loss_bcs: 1.309e-05, Loss_ut_ics: 6.261e-02, lr: 1.000e-03, Time: 3.86e+01
Model state saved to ./results/models/checkpoints/schrodinger/qho/2025-09-04_17-40-47-467896/model.pth
Model state saved to ./results/models/checkpoints/schrodinger/qho/2025-09-04_17-40-47-467896/model_weights.pth
It: 9, Loss: 2.543e-01, Loss_res: 2.809e-02,  Loss_bcs: 1.806e-05, Loss_ut_ics: 9.903e-02, lr: 1.000e-03, Time: 4.36e+01
Model state saved to ./results/models/checkpoints/schrodinger/qho/2025-09-04_17-40-47-467896/model.pth
Model state saved to ./results/models/checkpoints/schrodinger/qho/2025-09-04_17-40-47-467896/model_weights.pth
It: 10, Loss: 1.350e-01, Loss_res: 1.642e-02,  Loss_bcs: 2.423e-05, Loss_ut_ics: 5.106e-02, lr: 1.000e-03, Time: 4.85e+01
Model state saved to ./results/models/checkpoints/schrodinger/qho/2025-09-04_17-40-47-467896/model.pth
Model state saved to ./results/models/checkpoints/schrodinger/qho/2025-09-04_17-40-47-467896/model_weights.pth
It: 11, Loss: 4.254e-02, Loss_res: 1.282e-02,  Loss_bcs: 1.633e-05, Loss_ut_ics: 8.437e-03, lr: 1.000e-03, Time: 5.33e+01
Model state saved to ./results/models/checkpoints/schrodinger/qho/2025-09-04_17-40-47-467896/model.pth
Model state saved to ./results/models/checkpoints/schrodinger/qho/2025-09-04_17-40-47-467896/model_weights.pth
It: 12, Loss: 2.122e-01, Loss_res: 1.535e-02,  Loss_bcs: 4.559e-05, Loss_ut_ics: 9.072e-02, lr: 1.000e-03, Time: 5.83e+01
Model state saved to ./results/models/checkpoints/schrodinger/qho/2025-09-04_17-40-47-467896/model.pth
Model state saved to ./results/models/checkpoints/schrodinger/qho/2025-09-04_17-40-47-467896/model_weights.pth
It: 13, Loss: 5.731e-02, Loss_res: 1.437e-02,  Loss_bcs: 1.074e-04, Loss_ut_ics: 1.423e-02, lr: 1.000e-03, Time: 6.31e+01
Model state saved to ./results/models/checkpoints/schrodinger/qho/2025-09-04_17-40-47-467896/model.pth
Model state saved to ./results/models/checkpoints/schrodinger/qho/2025-09-04_17-40-47-467896/model_weights.pth
It: 14, Loss: 2.206e-02, Loss_res: 1.040e-02,  Loss_bcs: 2.352e-04, Loss_ut_ics: 5.127e-04, lr: 1.000e-03, Time: 6.80e+01
Model state saved to ./results/models/checkpoints/schrodinger/qho/2025-09-04_17-40-47-467896/model.pth
Model state saved to ./results/models/checkpoints/schrodinger/qho/2025-09-04_17-40-47-467896/model_weights.pth
It: 15, Loss: 1.901e-02, Loss_res: 9.099e-03,  Loss_bcs: 3.832e-04, Loss_ut_ics: 2.153e-04, lr: 1.000e-03, Time: 7.28e+01
Model state saved to ./results/models/checkpoints/schrodinger/qho/2025-09-04_17-40-47-467896/model.pth
Model state saved to ./results/models/checkpoints/schrodinger/qho/2025-09-04_17-40-47-467896/model_weights.pth
It: 16, Loss: 6.645e-02, Loss_res: 1.632e-02,  Loss_bcs: 5.791e-04, Loss_ut_ics: 1.662e-02, lr: 1.000e-03, Time: 7.77e+01
Model state saved to ./results/models/checkpoints/schrodinger/qho/2025-09-04_17-40-47-467896/model.pth
Model state saved to ./results/models/checkpoints/schrodinger/qho/2025-09-04_17-40-47-467896/model_weights.pth
It: 17, Loss: 9.688e-02, Loss_res: 1.061e-02,  Loss_bcs: 6.795e-04, Loss_ut_ics: 3.749e-02, lr: 1.000e-03, Time: 8.25e+01
Model state saved to ./results/models/checkpoints/schrodinger/qho/2025-09-04_17-40-47-467896/model.pth
Model state saved to ./results/models/checkpoints/schrodinger/qho/2025-09-04_17-40-47-467896/model_weights.pth
It: 18, Loss: 2.441e-01, Loss_res: 6.128e-03,  Loss_bcs: 6.752e-04, Loss_ut_ics: 1.156e-01, lr: 1.000e-03, Time: 8.73e+01
Model state saved to ./results/models/checkpoints/schrodinger/qho/2025-09-04_17-40-47-467896/model.pth
Model state saved to ./results/models/checkpoints/schrodinger/qho/2025-09-04_17-40-47-467896/model_weights.pth
It: 19, Loss: 3.931e-02, Loss_res: 1.904e-02,  Loss_bcs: 6.047e-04, Loss_ut_ics: 3.132e-04, lr: 1.000e-03, Time: 9.22e+01
Model state saved to ./results/models/checkpoints/schrodinger/qho/2025-09-04_17-40-47-467896/model.pth
Model state saved to ./results/models/checkpoints/schrodinger/qho/2025-09-04_17-40-47-467896/model_weights.pth
It: 20, Loss: 1.934e-01, Loss_res: 7.256e-03,  Loss_bcs: 4.892e-04, Loss_ut_ics: 8.922e-02, lr: 1.000e-03, Time: 9.72e+01
Model state saved to ./results/models/checkpoints/schrodinger/qho/2025-09-04_17-40-47-467896/model.pth
Model state saved to ./results/models/checkpoints/schrodinger/qho/2025-09-04_17-40-47-467896/model_weights.pth
It: 21, Loss: 1.049e-01, Loss_res: 1.153e-02,  Loss_bcs: 3.324e-04, Loss_ut_ics: 4.074e-02, lr: 1.000e-03, Time: 1.02e+02
Model state saved to ./results/models/checkpoints/schrodinger/qho/2025-09-04_17-40-47-467896/model.pth
Model state saved to ./results/models/checkpoints/schrodinger/qho/2025-09-04_17-40-47-467896/model_weights.pth
It: 22, Loss: 1.352e-01, Loss_res: 1.371e-02,  Loss_bcs: 1.917e-04, Loss_ut_ics: 5.379e-02, lr: 1.000e-03, Time: 1.07e+02
Model state saved to ./results/models/checkpoints/schrodinger/qho/2025-09-04_17-40-47-467896/model.pth
Model state saved to ./results/models/checkpoints/schrodinger/qho/2025-09-04_17-40-47-467896/model_weights.pth
It: 23, Loss: 2.783e-02, Loss_res: 1.195e-02,  Loss_bcs: 7.200e-05, Loss_ut_ics: 1.931e-03, lr: 1.000e-03, Time: 1.12e+02
Model state saved to ./results/models/checkpoints/schrodinger/qho/2025-09-04_17-40-47-467896/model.pth
Model state saved to ./results/models/checkpoints/schrodinger/qho/2025-09-04_17-40-47-467896/model_weights.pth
It: 24, Loss: 4.193e-02, Loss_res: 1.707e-02,  Loss_bcs: 2.835e-05, Loss_ut_ics: 3.881e-03, lr: 1.000e-03, Time: 1.17e+02
Model state saved to ./results/models/checkpoints/schrodinger/qho/2025-09-04_17-40-47-467896/model.pth
Model state saved to ./results/models/checkpoints/schrodinger/qho/2025-09-04_17-40-47-467896/model_weights.pth
It: 25, Loss: 5.995e-02, Loss_res: 2.832e-02,  Loss_bcs: 2.994e-05, Loss_ut_ics: 1.639e-03, lr: 1.000e-03, Time: 1.22e+02
Model state saved to ./results/models/checkpoints/schrodinger/qho/2025-09-04_17-40-47-467896/model.pth
Model state saved to ./results/models/checkpoints/schrodinger/qho/2025-09-04_17-40-47-467896/model_weights.pth
It: 26, Loss: 3.111e-01, Loss_res: 1.615e-02,  Loss_bcs: 4.277e-05, Loss_ut_ics: 1.394e-01, lr: 1.000e-03, Time: 1.26e+02
Model state saved to ./results/models/checkpoints/schrodinger/qho/2025-09-04_17-40-47-467896/model.pth
Model state saved to ./results/models/checkpoints/schrodinger/qho/2025-09-04_17-40-47-467896/model_weights.pth
It: 27, Loss: 9.663e-02, Loss_res: 2.027e-02,  Loss_bcs: 4.694e-05, Loss_ut_ics: 2.802e-02, lr: 1.000e-03, Time: 1.31e+02
Model state saved to ./results/models/checkpoints/schrodinger/qho/2025-09-04_17-40-47-467896/model.pth
Model state saved to ./results/models/checkpoints/schrodinger/qho/2025-09-04_17-40-47-467896/model_weights.pth
It: 28, Loss: 1.563e-01, Loss_res: 1.949e-02,  Loss_bcs: 9.323e-05, Loss_ut_ics: 5.862e-02, lr: 1.000e-03, Time: 1.36e+02
Model state saved to ./results/models/checkpoints/schrodinger/qho/2025-09-04_17-40-47-467896/model.pth
Model state saved to ./results/models/checkpoints/schrodinger/qho/2025-09-04_17-40-47-467896/model_weights.pth
It: 29, Loss: 1.373e-01, Loss_res: 1.727e-02,  Loss_bcs: 1.830e-04, Loss_ut_ics: 5.130e-02, lr: 1.000e-03, Time: 1.41e+02
Model state saved to ./results/models/checkpoints/schrodinger/qho/2025-09-04_17-40-47-467896/model.pth
Model state saved to ./results/models/checkpoints/schrodinger/qho/2025-09-04_17-40-47-467896/model_weights.pth
It: 30, Loss: 4.341e-02, Loss_res: 1.084e-02,  Loss_bcs: 2.743e-04, Loss_ut_ics: 1.073e-02, lr: 1.000e-03, Time: 1.46e+02
Model state saved to ./results/models/checkpoints/schrodinger/qho/2025-09-04_17-40-47-467896/model.pth
Model state saved to ./results/models/checkpoints/schrodinger/qho/2025-09-04_17-40-47-467896/model_weights.pth
It: 31, Loss: 1.260e-01, Loss_res: 9.877e-03,  Loss_bcs: 3.704e-04, Loss_ut_ics: 5.292e-02, lr: 1.000e-03, Time: 1.51e+02
Model state saved to ./results/models/checkpoints/schrodinger/qho/2025-09-04_17-40-47-467896/model.pth
Model state saved to ./results/models/checkpoints/schrodinger/qho/2025-09-04_17-40-47-467896/model_weights.pth
It: 32, Loss: 9.755e-02, Loss_res: 7.770e-03,  Loss_bcs: 3.851e-04, Loss_ut_ics: 4.081e-02, lr: 1.000e-03, Time: 1.56e+02
Model state saved to ./results/models/checkpoints/schrodinger/qho/2025-09-04_17-40-47-467896/model.pth
Model state saved to ./results/models/checkpoints/schrodinger/qho/2025-09-04_17-40-47-467896/model_weights.pth
It: 33, Loss: 1.706e-01, Loss_res: 1.436e-02,  Loss_bcs: 3.486e-04, Loss_ut_ics: 7.079e-02, lr: 1.000e-03, Time: 1.61e+02
Model state saved to ./results/models/checkpoints/schrodinger/qho/2025-09-04_17-40-47-467896/model.pth
Model state saved to ./results/models/checkpoints/schrodinger/qho/2025-09-04_17-40-47-467896/model_weights.pth
It: 34, Loss: 3.186e-02, Loss_res: 1.325e-02,  Loss_bcs: 2.458e-04, Loss_ut_ics: 2.562e-03, lr: 1.000e-03, Time: 1.65e+02
Model state saved to ./results/models/checkpoints/schrodinger/qho/2025-09-04_17-40-47-467896/model.pth
Model state saved to ./results/models/checkpoints/schrodinger/qho/2025-09-04_17-40-47-467896/model_weights.pth
It: 35, Loss: 8.649e-02, Loss_res: 1.116e-02,  Loss_bcs: 2.119e-04, Loss_ut_ics: 3.197e-02, lr: 1.000e-03, Time: 1.70e+02
Model state saved to ./results/models/checkpoints/schrodinger/qho/2025-09-04_17-40-47-467896/model.pth
Model state saved to ./results/models/checkpoints/schrodinger/qho/2025-09-04_17-40-47-467896/model_weights.pth
It: 36, Loss: 1.563e-01, Loss_res: 1.451e-02,  Loss_bcs: 1.717e-04, Loss_ut_ics: 6.356e-02, lr: 1.000e-03, Time: 1.76e+02
Model state saved to ./results/models/checkpoints/schrodinger/qho/2025-09-04_17-40-47-467896/model.pth
Model state saved to ./results/models/checkpoints/schrodinger/qho/2025-09-04_17-40-47-467896/model_weights.pth
It: 37, Loss: 1.188e-01, Loss_res: 1.313e-02,  Loss_bcs: 1.593e-04, Loss_ut_ics: 4.617e-02, lr: 1.000e-03, Time: 1.81e+02
Model state saved to ./results/models/checkpoints/schrodinger/qho/2025-09-04_17-40-47-467896/model.pth
Model state saved to ./results/models/checkpoints/schrodinger/qho/2025-09-04_17-40-47-467896/model_weights.pth
It: 38, Loss: 1.303e-01, Loss_res: 1.674e-02,  Loss_bcs: 1.745e-04, Loss_ut_ics: 4.831e-02, lr: 1.000e-03, Time: 1.86e+02
Model state saved to ./results/models/checkpoints/schrodinger/qho/2025-09-04_17-40-47-467896/model.pth
Model state saved to ./results/models/checkpoints/schrodinger/qho/2025-09-04_17-40-47-467896/model_weights.pth
It: 39, Loss: 1.302e-01, Loss_res: 7.557e-03,  Loss_bcs: 1.499e-04, Loss_ut_ics: 5.749e-02, lr: 1.000e-03, Time: 1.91e+02
Model state saved to ./results/models/checkpoints/schrodinger/qho/2025-09-04_17-40-47-467896/model.pth
Model state saved to ./results/models/checkpoints/schrodinger/qho/2025-09-04_17-40-47-467896/model_weights.pth
It: 40, Loss: 1.211e-01, Loss_res: 5.394e-03,  Loss_bcs: 1.210e-04, Loss_ut_ics: 5.511e-02, lr: 1.000e-03, Time: 1.98e+02
Model state saved to ./results/models/checkpoints/schrodinger/qho/2025-09-04_17-40-47-467896/model.pth
Model state saved to ./results/models/checkpoints/schrodinger/qho/2025-09-04_17-40-47-467896/model_weights.pth
It: 41, Loss: 3.218e-02, Loss_res: 1.273e-02,  Loss_bcs: 8.740e-05, Loss_ut_ics: 3.313e-03, lr: 1.000e-03, Time: 2.03e+02
Model state saved to ./results/models/checkpoints/schrodinger/qho/2025-09-04_17-40-47-467896/model.pth
Model state saved to ./results/models/checkpoints/schrodinger/qho/2025-09-04_17-40-47-467896/model_weights.pth
It: 42, Loss: 5.379e-02, Loss_res: 8.741e-03,  Loss_bcs: 9.110e-05, Loss_ut_ics: 1.811e-02, lr: 1.000e-03, Time: 2.09e+02
Model state saved to ./results/models/checkpoints/schrodinger/qho/2025-09-04_17-40-47-467896/model.pth
Model state saved to ./results/models/checkpoints/schrodinger/qho/2025-09-04_17-40-47-467896/model_weights.pth
It: 43, Loss: 2.230e-02, Loss_res: 9.555e-03,  Loss_bcs: 1.028e-04, Loss_ut_ics: 1.544e-03, lr: 1.000e-03, Time: 2.14e+02
Model state saved to ./results/models/checkpoints/schrodinger/qho/2025-09-04_17-40-47-467896/model.pth
Model state saved to ./results/models/checkpoints/schrodinger/qho/2025-09-04_17-40-47-467896/model_weights.pth
It: 44, Loss: 1.901e-01, Loss_res: 1.153e-02,  Loss_bcs: 1.384e-04, Loss_ut_ics: 8.346e-02, lr: 1.000e-03, Time: 2.19e+02
Model state saved to ./results/models/checkpoints/schrodinger/qho/2025-09-04_17-40-47-467896/model.pth
Model state saved to ./results/models/checkpoints/schrodinger/qho/2025-09-04_17-40-47-467896/model_weights.pth
It: 45, Loss: 7.904e-02, Loss_res: 1.302e-02,  Loss_bcs: 1.872e-04, Loss_ut_ics: 2.641e-02, lr: 1.000e-03, Time: 2.25e+02
Model state saved to ./results/models/checkpoints/schrodinger/qho/2025-09-04_17-40-47-467896/model.pth
Model state saved to ./results/models/checkpoints/schrodinger/qho/2025-09-04_17-40-47-467896/model_weights.pth
It: 46, Loss: 1.267e-01, Loss_res: 9.698e-03,  Loss_bcs: 2.416e-04, Loss_ut_ics: 5.353e-02, lr: 1.000e-03, Time: 2.30e+02
Model state saved to ./results/models/checkpoints/schrodinger/qho/2025-09-04_17-40-47-467896/model.pth
Model state saved to ./results/models/checkpoints/schrodinger/qho/2025-09-04_17-40-47-467896/model_weights.pth
It: 47, Loss: 2.217e-01, Loss_res: 6.296e-03,  Loss_bcs: 2.383e-04, Loss_ut_ics: 1.044e-01, lr: 1.000e-03, Time: 2.35e+02
Model state saved to ./results/models/checkpoints/schrodinger/qho/2025-09-04_17-40-47-467896/model.pth
Model state saved to ./results/models/checkpoints/schrodinger/qho/2025-09-04_17-40-47-467896/model_weights.pth
It: 48, Loss: 5.988e-02, Loss_res: 7.827e-03,  Loss_bcs: 2.581e-04, Loss_ut_ics: 2.198e-02, lr: 1.000e-03, Time: 2.41e+02
Model state saved to ./results/models/checkpoints/schrodinger/qho/2025-09-04_17-40-47-467896/model.pth
Model state saved to ./results/models/checkpoints/schrodinger/qho/2025-09-04_17-40-47-467896/model_weights.pth
It: 49, Loss: 5.949e-02, Loss_res: 8.057e-03,  Loss_bcs: 2.794e-04, Loss_ut_ics: 2.155e-02, lr: 1.000e-03, Time: 2.46e+02
Model state saved to ./results/models/checkpoints/schrodinger/qho/2025-09-04_17-40-47-467896/model.pth
Model state saved to ./results/models/checkpoints/schrodinger/qho/2025-09-04_17-40-47-467896/model_weights.pth
It: 50, Loss: 3.314e-02, Loss_res: 1.197e-02,  Loss_bcs: 2.983e-04, Loss_ut_ics: 4.448e-03, lr: 1.000e-03, Time: 2.52e+02
Model state saved to ./results/models/checkpoints/schrodinger/qho/2025-09-04_17-40-47-467896/model.pth
Model state saved to ./results/models/checkpoints/schrodinger/qho/2025-09-04_17-40-47-467896/model_weights.pth
It: 51, Loss: 1.522e-01, Loss_res: 1.130e-02,  Loss_bcs: 3.384e-04, Loss_ut_ics: 6.462e-02, lr: 1.000e-03, Time: 2.57e+02
Model state saved to ./results/models/checkpoints/schrodinger/qho/2025-09-04_17-40-47-467896/model.pth
Model state saved to ./results/models/checkpoints/schrodinger/qho/2025-09-04_17-40-47-467896/model_weights.pth
It: 52, Loss: 6.490e-02, Loss_res: 1.961e-02,  Loss_bcs: 3.672e-04, Loss_ut_ics: 1.266e-02, lr: 1.000e-03, Time: 2.62e+02
Model state saved to ./results/models/checkpoints/schrodinger/qho/2025-09-04_17-40-47-467896/model.pth
Model state saved to ./results/models/checkpoints/schrodinger/qho/2025-09-04_17-40-47-467896/model_weights.pth
It: 53, Loss: 1.893e-01, Loss_res: 7.890e-03,  Loss_bcs: 2.838e-04, Loss_ut_ics: 8.661e-02, lr: 1.000e-03, Time: 2.68e+02
Model state saved to ./results/models/checkpoints/schrodinger/qho/2025-09-04_17-40-47-467896/model.pth
Model state saved to ./results/models/checkpoints/schrodinger/qho/2025-09-04_17-40-47-467896/model_weights.pth
It: 54, Loss: 1.507e-01, Loss_res: 1.084e-02,  Loss_bcs: 2.376e-04, Loss_ut_ics: 6.438e-02, lr: 1.000e-03, Time: 2.73e+02
Model state saved to ./results/models/checkpoints/schrodinger/qho/2025-09-04_17-40-47-467896/model.pth
Model state saved to ./results/models/checkpoints/schrodinger/qho/2025-09-04_17-40-47-467896/model_weights.pth
It: 55, Loss: 7.252e-02, Loss_res: 1.312e-02,  Loss_bcs: 1.697e-04, Loss_ut_ics: 2.306e-02, lr: 1.000e-03, Time: 2.78e+02
Model state saved to ./results/models/checkpoints/schrodinger/qho/2025-09-04_17-40-47-467896/model.pth
Model state saved to ./results/models/checkpoints/schrodinger/qho/2025-09-04_17-40-47-467896/model_weights.pth
It: 56, Loss: 2.700e-02, Loss_res: 7.943e-03,  Loss_bcs: 1.230e-04, Loss_ut_ics: 5.498e-03, lr: 1.000e-03, Time: 2.84e+02
Model state saved to ./results/models/checkpoints/schrodinger/qho/2025-09-04_17-40-47-467896/model.pth
Model state saved to ./results/models/checkpoints/schrodinger/qho/2025-09-04_17-40-47-467896/model_weights.pth
It: 57, Loss: 1.881e-01, Loss_res: 1.502e-02,  Loss_bcs: 1.101e-04, Loss_ut_ics: 7.897e-02, lr: 1.000e-03, Time: 2.89e+02
Model state saved to ./results/models/checkpoints/schrodinger/qho/2025-09-04_17-40-47-467896/model.pth
Model state saved to ./results/models/checkpoints/schrodinger/qho/2025-09-04_17-40-47-467896/model_weights.pth
It: 58, Loss: 7.159e-02, Loss_res: 1.702e-02,  Loss_bcs: 1.166e-04, Loss_ut_ics: 1.872e-02, lr: 1.000e-03, Time: 2.94e+02
Model state saved to ./results/models/checkpoints/schrodinger/qho/2025-09-04_17-40-47-467896/model.pth
Model state saved to ./results/models/checkpoints/schrodinger/qho/2025-09-04_17-40-47-467896/model_weights.pth
It: 59, Loss: 4.441e-02, Loss_res: 1.894e-02,  Loss_bcs: 1.708e-04, Loss_ut_ics: 3.175e-03, lr: 1.000e-03, Time: 2.99e+02
Model state saved to ./results/models/checkpoints/schrodinger/qho/2025-09-04_17-40-47-467896/model.pth
Model state saved to ./results/models/checkpoints/schrodinger/qho/2025-09-04_17-40-47-467896/model_weights.pth
It: 60, Loss: 3.791e-02, Loss_res: 7.823e-03,  Loss_bcs: 1.258e-04, Loss_ut_ics: 1.107e-02, lr: 1.000e-03, Time: 3.04e+02
Model state saved to ./results/models/checkpoints/schrodinger/qho/2025-09-04_17-40-47-467896/model.pth
Model state saved to ./results/models/checkpoints/schrodinger/qho/2025-09-04_17-40-47-467896/model_weights.pth
It: 61, Loss: 3.291e-02, Loss_res: 1.074e-02,  Loss_bcs: 9.408e-05, Loss_ut_ics: 5.665e-03, lr: 1.000e-03, Time: 3.09e+02
Model state saved to ./results/models/checkpoints/schrodinger/qho/2025-09-04_17-40-47-467896/model.pth
Model state saved to ./results/models/checkpoints/schrodinger/qho/2025-09-04_17-40-47-467896/model_weights.pth
It: 62, Loss: 4.386e-02, Loss_res: 2.093e-02,  Loss_bcs: 8.527e-05, Loss_ut_ics: 9.635e-04, lr: 1.000e-03, Time: 3.15e+02
Model state saved to ./results/models/checkpoints/schrodinger/qho/2025-09-04_17-40-47-467896/model.pth
Model state saved to ./results/models/checkpoints/schrodinger/qho/2025-09-04_17-40-47-467896/model_weights.pth
It: 63, Loss: 6.774e-02, Loss_res: 8.214e-03,  Loss_bcs: 9.443e-05, Loss_ut_ics: 2.561e-02, lr: 1.000e-03, Time: 3.20e+02
Model state saved to ./results/models/checkpoints/schrodinger/qho/2025-09-04_17-40-47-467896/model.pth
Model state saved to ./results/models/checkpoints/schrodinger/qho/2025-09-04_17-40-47-467896/model_weights.pth
It: 64, Loss: 1.308e-01, Loss_res: 1.223e-02,  Loss_bcs: 1.172e-04, Loss_ut_ics: 5.309e-02, lr: 1.000e-03, Time: 3.25e+02
Model state saved to ./results/models/checkpoints/schrodinger/qho/2025-09-04_17-40-47-467896/model.pth
Model state saved to ./results/models/checkpoints/schrodinger/qho/2025-09-04_17-40-47-467896/model_weights.pth
It: 65, Loss: 3.229e-02, Loss_res: 1.541e-02,  Loss_bcs: 1.741e-04, Loss_ut_ics: 6.488e-04, lr: 1.000e-03, Time: 3.30e+02
Model state saved to ./results/models/checkpoints/schrodinger/qho/2025-09-04_17-40-47-467896/model.pth
Model state saved to ./results/models/checkpoints/schrodinger/qho/2025-09-04_17-40-47-467896/model_weights.pth
It: 66, Loss: 8.248e-02, Loss_res: 1.175e-02,  Loss_bcs: 1.308e-04, Loss_ut_ics: 2.943e-02, lr: 1.000e-03, Time: 3.35e+02
Model state saved to ./results/models/checkpoints/schrodinger/qho/2025-09-04_17-40-47-467896/model.pth
Model state saved to ./results/models/checkpoints/schrodinger/qho/2025-09-04_17-40-47-467896/model_weights.pth
It: 67, Loss: 2.352e-01, Loss_res: 1.876e-02,  Loss_bcs: 8.939e-05, Loss_ut_ics: 9.882e-02, lr: 1.000e-03, Time: 3.41e+02
Model state saved to ./results/models/checkpoints/schrodinger/qho/2025-09-04_17-40-47-467896/model.pth
Model state saved to ./results/models/checkpoints/schrodinger/qho/2025-09-04_17-40-47-467896/model_weights.pth
It: 68, Loss: 2.820e-02, Loss_res: 9.854e-03,  Loss_bcs: 7.458e-05, Loss_ut_ics: 4.209e-03, lr: 1.000e-03, Time: 3.46e+02
Model state saved to ./results/models/checkpoints/schrodinger/qho/2025-09-04_17-40-47-467896/model.pth
Model state saved to ./results/models/checkpoints/schrodinger/qho/2025-09-04_17-40-47-467896/model_weights.pth
It: 69, Loss: 1.650e-01, Loss_res: 1.752e-02,  Loss_bcs: 7.421e-05, Loss_ut_ics: 6.492e-02, lr: 1.000e-03, Time: 3.51e+02
Model state saved to ./results/models/checkpoints/schrodinger/qho/2025-09-04_17-40-47-467896/model.pth
Model state saved to ./results/models/checkpoints/schrodinger/qho/2025-09-04_17-40-47-467896/model_weights.pth
It: 70, Loss: 1.742e-01, Loss_res: 1.547e-02,  Loss_bcs: 7.122e-05, Loss_ut_ics: 7.160e-02, lr: 1.000e-03, Time: 3.56e+02
Model state saved to ./results/models/checkpoints/schrodinger/qho/2025-09-04_17-40-47-467896/model.pth
Model state saved to ./results/models/checkpoints/schrodinger/qho/2025-09-04_17-40-47-467896/model_weights.pth
It: 71, Loss: 1.084e-01, Loss_res: 1.160e-02,  Loss_bcs: 1.114e-04, Loss_ut_ics: 4.256e-02, lr: 1.000e-03, Time: 3.61e+02
Model state saved to ./results/models/checkpoints/schrodinger/qho/2025-09-04_17-40-47-467896/model.pth
Model state saved to ./results/models/checkpoints/schrodinger/qho/2025-09-04_17-40-47-467896/model_weights.pth
It: 72, Loss: 3.453e-02, Loss_res: 1.614e-02,  Loss_bcs: 1.852e-04, Loss_ut_ics: 1.034e-03, lr: 1.000e-03, Time: 3.66e+02
Model state saved to ./results/models/checkpoints/schrodinger/qho/2025-09-04_17-40-47-467896/model.pth
Model state saved to ./results/models/checkpoints/schrodinger/qho/2025-09-04_17-40-47-467896/model_weights.pth
It: 73, Loss: 3.600e-02, Loss_res: 1.581e-02,  Loss_bcs: 2.993e-04, Loss_ut_ics: 2.039e-03, lr: 1.000e-03, Time: 3.71e+02
Model state saved to ./results/models/checkpoints/schrodinger/qho/2025-09-04_17-40-47-467896/model.pth
Model state saved to ./results/models/checkpoints/schrodinger/qho/2025-09-04_17-40-47-467896/model_weights.pth
It: 74, Loss: 4.330e-02, Loss_res: 8.206e-03,  Loss_bcs: 4.435e-04, Loss_ut_ics: 1.322e-02, lr: 1.000e-03, Time: 3.76e+02
Model state saved to ./results/models/checkpoints/schrodinger/qho/2025-09-04_17-40-47-467896/model.pth
Model state saved to ./results/models/checkpoints/schrodinger/qho/2025-09-04_17-40-47-467896/model_weights.pth
It: 75, Loss: 1.376e-01, Loss_res: 2.317e-02,  Loss_bcs: 6.072e-04, Loss_ut_ics: 4.533e-02, lr: 1.000e-03, Time: 3.81e+02
Model state saved to ./results/models/checkpoints/schrodinger/qho/2025-09-04_17-40-47-467896/model.pth
Model state saved to ./results/models/checkpoints/schrodinger/qho/2025-09-04_17-40-47-467896/model_weights.pth
It: 76, Loss: 5.794e-02, Loss_res: 2.803e-02,  Loss_bcs: 5.502e-04, Loss_ut_ics: 6.670e-04, lr: 1.000e-03, Time: 3.87e+02
Model state saved to ./results/models/checkpoints/schrodinger/qho/2025-09-04_17-40-47-467896/model.pth
Model state saved to ./results/models/checkpoints/schrodinger/qho/2025-09-04_17-40-47-467896/model_weights.pth
It: 77, Loss: 3.136e-02, Loss_res: 1.192e-02,  Loss_bcs: 2.922e-04, Loss_ut_ics: 3.609e-03, lr: 1.000e-03, Time: 3.92e+02
Model state saved to ./results/models/checkpoints/schrodinger/qho/2025-09-04_17-40-47-467896/model.pth
Model state saved to ./results/models/checkpoints/schrodinger/qho/2025-09-04_17-40-47-467896/model_weights.pth
It: 78, Loss: 2.502e-01, Loss_res: 1.390e-02,  Loss_bcs: 1.234e-04, Loss_ut_ics: 1.112e-01, lr: 1.000e-03, Time: 3.97e+02
Model state saved to ./results/models/checkpoints/schrodinger/qho/2025-09-04_17-40-47-467896/model.pth
Model state saved to ./results/models/checkpoints/schrodinger/qho/2025-09-04_17-40-47-467896/model_weights.pth
It: 79, Loss: 4.544e-02, Loss_res: 1.271e-02,  Loss_bcs: 3.539e-05, Loss_ut_ics: 9.993e-03, lr: 1.000e-03, Time: 4.02e+02
Model state saved to ./results/models/checkpoints/schrodinger/qho/2025-09-04_17-40-47-467896/model.pth
Model state saved to ./results/models/checkpoints/schrodinger/qho/2025-09-04_17-40-47-467896/model_weights.pth
It: 80, Loss: 5.078e-02, Loss_res: 2.336e-02,  Loss_bcs: 6.402e-05, Loss_ut_ics: 2.000e-03, lr: 1.000e-03, Time: 4.07e+02
Model state saved to ./results/models/checkpoints/schrodinger/qho/2025-09-04_17-40-47-467896/model.pth
Model state saved to ./results/models/checkpoints/schrodinger/qho/2025-09-04_17-40-47-467896/model_weights.pth
It: 81, Loss: 2.146e-01, Loss_res: 2.330e-02,  Loss_bcs: 4.532e-05, Loss_ut_ics: 8.399e-02, lr: 1.000e-03, Time: 4.12e+02
Model state saved to ./results/models/checkpoints/schrodinger/qho/2025-09-04_17-40-47-467896/model.pth
Model state saved to ./results/models/checkpoints/schrodinger/qho/2025-09-04_17-40-47-467896/model_weights.pth
It: 82, Loss: 2.839e-02, Loss_res: 1.196e-02,  Loss_bcs: 4.958e-05, Loss_ut_ics: 2.212e-03, lr: 1.000e-03, Time: 4.17e+02
Model state saved to ./results/models/checkpoints/schrodinger/qho/2025-09-04_17-40-47-467896/model.pth
Model state saved to ./results/models/checkpoints/schrodinger/qho/2025-09-04_17-40-47-467896/model_weights.pth
It: 83, Loss: 7.566e-02, Loss_res: 1.659e-02,  Loss_bcs: 2.849e-05, Loss_ut_ics: 2.122e-02, lr: 1.000e-03, Time: 4.22e+02
Model state saved to ./results/models/checkpoints/schrodinger/qho/2025-09-04_17-40-47-467896/model.pth
Model state saved to ./results/models/checkpoints/schrodinger/qho/2025-09-04_17-40-47-467896/model_weights.pth
It: 84, Loss: 1.252e-01, Loss_res: 8.593e-03,  Loss_bcs: 7.922e-05, Loss_ut_ics: 5.395e-02, lr: 1.000e-03, Time: 4.27e+02
Model state saved to ./results/models/checkpoints/schrodinger/qho/2025-09-04_17-40-47-467896/model.pth
Model state saved to ./results/models/checkpoints/schrodinger/qho/2025-09-04_17-40-47-467896/model_weights.pth
It: 85, Loss: 8.117e-02, Loss_res: 8.378e-03,  Loss_bcs: 1.836e-04, Loss_ut_ics: 3.211e-02, lr: 1.000e-03, Time: 4.32e+02
Model state saved to ./results/models/checkpoints/schrodinger/qho/2025-09-04_17-40-47-467896/model.pth
Model state saved to ./results/models/checkpoints/schrodinger/qho/2025-09-04_17-40-47-467896/model_weights.pth
It: 86, Loss: 1.256e-01, Loss_res: 8.705e-03,  Loss_bcs: 3.495e-04, Loss_ut_ics: 5.391e-02, lr: 1.000e-03, Time: 4.37e+02
Model state saved to ./results/models/checkpoints/schrodinger/qho/2025-09-04_17-40-47-467896/model.pth
Model state saved to ./results/models/checkpoints/schrodinger/qho/2025-09-04_17-40-47-467896/model_weights.pth
It: 87, Loss: 2.575e-01, Loss_res: 6.768e-03,  Loss_bcs: 5.135e-04, Loss_ut_ics: 1.217e-01, lr: 1.000e-03, Time: 4.42e+02
Model state saved to ./results/models/checkpoints/schrodinger/qho/2025-09-04_17-40-47-467896/model.pth
Model state saved to ./results/models/checkpoints/schrodinger/qho/2025-09-04_17-40-47-467896/model_weights.pth
It: 88, Loss: 1.503e-01, Loss_res: 1.430e-02,  Loss_bcs: 6.557e-04, Loss_ut_ics: 6.050e-02, lr: 1.000e-03, Time: 4.47e+02
Model state saved to ./results/models/checkpoints/schrodinger/qho/2025-09-04_17-40-47-467896/model.pth
Model state saved to ./results/models/checkpoints/schrodinger/qho/2025-09-04_17-40-47-467896/model_weights.pth
It: 89, Loss: 9.504e-02, Loss_res: 1.636e-02,  Loss_bcs: 6.367e-04, Loss_ut_ics: 3.084e-02, lr: 1.000e-03, Time: 4.52e+02
Model state saved to ./results/models/checkpoints/schrodinger/qho/2025-09-04_17-40-47-467896/model.pth
Model state saved to ./results/models/checkpoints/schrodinger/qho/2025-09-04_17-40-47-467896/model_weights.pth
It: 90, Loss: 9.330e-02, Loss_res: 1.236e-02,  Loss_bcs: 4.926e-04, Loss_ut_ics: 3.404e-02, lr: 1.000e-03, Time: 4.57e+02
Model state saved to ./results/models/checkpoints/schrodinger/qho/2025-09-04_17-40-47-467896/model.pth
Model state saved to ./results/models/checkpoints/schrodinger/qho/2025-09-04_17-40-47-467896/model_weights.pth
It: 91, Loss: 5.415e-02, Loss_res: 2.341e-02,  Loss_bcs: 2.704e-04, Loss_ut_ics: 3.524e-03, lr: 1.000e-03, Time: 4.62e+02
Model state saved to ./results/models/checkpoints/schrodinger/qho/2025-09-04_17-40-47-467896/model.pth
Model state saved to ./results/models/checkpoints/schrodinger/qho/2025-09-04_17-40-47-467896/model_weights.pth
It: 92, Loss: 5.373e-02, Loss_res: 1.654e-02,  Loss_bcs: 5.101e-05, Loss_ut_ics: 1.030e-02, lr: 1.000e-03, Time: 4.67e+02
Model state saved to ./results/models/checkpoints/schrodinger/qho/2025-09-04_17-40-47-467896/model.pth
Model state saved to ./results/models/checkpoints/schrodinger/qho/2025-09-04_17-40-47-467896/model_weights.pth
It: 93, Loss: 3.582e-02, Loss_res: 1.377e-02,  Loss_bcs: 6.205e-05, Loss_ut_ics: 4.109e-03, lr: 1.000e-03, Time: 4.74e+02
Model state saved to ./results/models/checkpoints/schrodinger/qho/2025-09-04_17-40-47-467896/model.pth
Model state saved to ./results/models/checkpoints/schrodinger/qho/2025-09-04_17-40-47-467896/model_weights.pth
It: 94, Loss: 5.179e-02, Loss_res: 2.321e-02,  Loss_bcs: 1.844e-04, Loss_ut_ics: 2.594e-03, lr: 1.000e-03, Time: 4.79e+02
Model state saved to ./results/models/checkpoints/schrodinger/qho/2025-09-04_17-40-47-467896/model.pth
Model state saved to ./results/models/checkpoints/schrodinger/qho/2025-09-04_17-40-47-467896/model_weights.pth
It: 95, Loss: 9.907e-02, Loss_res: 3.288e-02,  Loss_bcs: 2.101e-04, Loss_ut_ics: 1.655e-02, lr: 1.000e-03, Time: 4.84e+02
Model state saved to ./results/models/checkpoints/schrodinger/qho/2025-09-04_17-40-47-467896/model.pth
Model state saved to ./results/models/checkpoints/schrodinger/qho/2025-09-04_17-40-47-467896/model_weights.pth
It: 96, Loss: 1.170e-01, Loss_res: 2.110e-02,  Loss_bcs: 1.272e-04, Loss_ut_ics: 3.734e-02, lr: 1.000e-03, Time: 4.90e+02
Model state saved to ./results/models/checkpoints/schrodinger/qho/2025-09-04_17-40-47-467896/model.pth
Model state saved to ./results/models/checkpoints/schrodinger/qho/2025-09-04_17-40-47-467896/model_weights.pth
It: 97, Loss: 3.705e-02, Loss_res: 1.520e-02,  Loss_bcs: 4.567e-05, Loss_ut_ics: 3.305e-03, lr: 1.000e-03, Time: 4.96e+02
Model state saved to ./results/models/checkpoints/schrodinger/qho/2025-09-04_17-40-47-467896/model.pth
Model state saved to ./results/models/checkpoints/schrodinger/qho/2025-09-04_17-40-47-467896/model_weights.pth
It: 98, Loss: 5.208e-02, Loss_res: 2.271e-02,  Loss_bcs: 6.876e-05, Loss_ut_ics: 3.292e-03, lr: 1.000e-03, Time: 5.01e+02
Model state saved to ./results/models/checkpoints/schrodinger/qho/2025-09-04_17-40-47-467896/model.pth
Model state saved to ./results/models/checkpoints/schrodinger/qho/2025-09-04_17-40-47-467896/model_weights.pth
It: 99, Loss: 8.887e-02, Loss_res: 7.241e-03,  Loss_bcs: 2.839e-04, Loss_ut_ics: 3.705e-02, lr: 1.000e-03, Time: 5.07e+02
Model state saved to ./results/models/checkpoints/schrodinger/qho/2025-09-04_17-40-47-467896/model.pth
Model state saved to ./results/models/checkpoints/schrodinger/qho/2025-09-04_17-40-47-467896/model_weights.pth
It: 100, Loss: 4.893e-02, Loss_res: 7.857e-03,  Loss_bcs: 6.926e-04, Loss_ut_ics: 1.626e-02, lr: 1.000e-03, Time: 5.12e+02
Model state saved to ./results/models/checkpoints/schrodinger/qho/2025-09-04_17-40-47-467896/model.pth
Model state saved to ./results/models/checkpoints/schrodinger/qho/2025-09-04_17-40-47-467896/model_weights.pth
It: 101, Loss: 2.472e-01, Loss_res: 6.254e-02,  Loss_bcs: 1.247e-03, Loss_ut_ics: 6.042e-02, lr: 1.000e-03, Time: 5.17e+02
Model state saved to ./results/models/checkpoints/schrodinger/qho/2025-09-04_17-40-47-467896/model.pth
Model state saved to ./results/models/checkpoints/schrodinger/qho/2025-09-04_17-40-47-467896/model_weights.pth
It: 102, Loss: 1.366e-01, Loss_res: 4.920e-02,  Loss_bcs: 1.132e-03, Loss_ut_ics: 1.851e-02, lr: 1.000e-03, Time: 5.23e+02
Model state saved to ./results/models/checkpoints/schrodinger/qho/2025-09-04_17-40-47-467896/model.pth
Model state saved to ./results/models/checkpoints/schrodinger/qho/2025-09-04_17-40-47-467896/model_weights.pth
It: 103, Loss: 1.435e-01, Loss_res: 1.541e-02,  Loss_bcs: 5.807e-04, Loss_ut_ics: 5.604e-02, lr: 1.000e-03, Time: 5.28e+02
Model state saved to ./results/models/checkpoints/schrodinger/qho/2025-09-04_17-40-47-467896/model.pth
Model state saved to ./results/models/checkpoints/schrodinger/qho/2025-09-04_17-40-47-467896/model_weights.pth
It: 104, Loss: 4.904e-02, Loss_res: 9.383e-03,  Loss_bcs: 1.813e-04, Loss_ut_ics: 1.504e-02, lr: 1.000e-03, Time: 5.34e+02
Model state saved to ./results/models/checkpoints/schrodinger/qho/2025-09-04_17-40-47-467896/model.pth
Model state saved to ./results/models/checkpoints/schrodinger/qho/2025-09-04_17-40-47-467896/model_weights.pth
It: 105, Loss: 1.530e-01, Loss_res: 1.000e-02,  Loss_bcs: 5.642e-05, Loss_ut_ics: 6.649e-02, lr: 1.000e-03, Time: 5.40e+02
Model state saved to ./results/models/checkpoints/schrodinger/qho/2025-09-04_17-40-47-467896/model.pth
Model state saved to ./results/models/checkpoints/schrodinger/qho/2025-09-04_17-40-47-467896/model_weights.pth
It: 106, Loss: 1.252e-01, Loss_res: 2.567e-02,  Loss_bcs: 1.305e-04, Loss_ut_ics: 3.689e-02, lr: 1.000e-03, Time: 5.46e+02
Model state saved to ./results/models/checkpoints/schrodinger/qho/2025-09-04_17-40-47-467896/model.pth
Model state saved to ./results/models/checkpoints/schrodinger/qho/2025-09-04_17-40-47-467896/model_weights.pth
It: 107, Loss: 7.287e-02, Loss_res: 3.374e-02,  Loss_bcs: 2.468e-04, Loss_ut_ics: 2.575e-03, lr: 1.000e-03, Time: 5.52e+02
Model state saved to ./results/models/checkpoints/schrodinger/qho/2025-09-04_17-40-47-467896/model.pth
Model state saved to ./results/models/checkpoints/schrodinger/qho/2025-09-04_17-40-47-467896/model_weights.pth
It: 108, Loss: 5.808e-02, Loss_res: 2.634e-02,  Loss_bcs: 2.129e-04, Loss_ut_ics: 2.593e-03, lr: 1.000e-03, Time: 5.58e+02
Model state saved to ./results/models/checkpoints/schrodinger/qho/2025-09-04_17-40-47-467896/model.pth
Model state saved to ./results/models/checkpoints/schrodinger/qho/2025-09-04_17-40-47-467896/model_weights.pth
It: 109, Loss: 7.765e-02, Loss_res: 1.991e-02,  Loss_bcs: 1.429e-04, Loss_ut_ics: 1.885e-02, lr: 1.000e-03, Time: 5.63e+02
Model state saved to ./results/models/checkpoints/schrodinger/qho/2025-09-04_17-40-47-467896/model.pth
Model state saved to ./results/models/checkpoints/schrodinger/qho/2025-09-04_17-40-47-467896/model_weights.pth
It: 110, Loss: 7.075e-02, Loss_res: 1.066e-02,  Loss_bcs: 8.585e-05, Loss_ut_ics: 2.467e-02, lr: 1.000e-03, Time: 5.68e+02
Model state saved to ./results/models/checkpoints/schrodinger/qho/2025-09-04_17-40-47-467896/model.pth
Model state saved to ./results/models/checkpoints/schrodinger/qho/2025-09-04_17-40-47-467896/model_weights.pth
It: 111, Loss: 1.853e-02, Loss_res: 8.646e-03,  Loss_bcs: 2.241e-04, Loss_ut_ics: 5.046e-04, lr: 1.000e-03, Time: 5.73e+02
Model state saved to ./results/models/checkpoints/schrodinger/qho/2025-09-04_17-40-47-467896/model.pth
Model state saved to ./results/models/checkpoints/schrodinger/qho/2025-09-04_17-40-47-467896/model_weights.pth
It: 112, Loss: 5.772e-02, Loss_res: 6.346e-03,  Loss_bcs: 4.625e-04, Loss_ut_ics: 2.228e-02, lr: 1.000e-03, Time: 5.78e+02
Model state saved to ./results/models/checkpoints/schrodinger/qho/2025-09-04_17-40-47-467896/model.pth
Model state saved to ./results/models/checkpoints/schrodinger/qho/2025-09-04_17-40-47-467896/model_weights.pth
It: 113, Loss: 1.370e-01, Loss_res: 1.644e-02,  Loss_bcs: 8.285e-04, Loss_ut_ics: 5.167e-02, lr: 1.000e-03, Time: 5.83e+02
Model state saved to ./results/models/checkpoints/schrodinger/qho/2025-09-04_17-40-47-467896/model.pth
Model state saved to ./results/models/checkpoints/schrodinger/qho/2025-09-04_17-40-47-467896/model_weights.pth
It: 114, Loss: 1.662e-01, Loss_res: 5.352e-03,  Loss_bcs: 1.135e-03, Loss_ut_ics: 7.716e-02, lr: 1.000e-03, Time: 5.89e+02
Model state saved to ./results/models/checkpoints/schrodinger/qho/2025-09-04_17-40-47-467896/model.pth
Model state saved to ./results/models/checkpoints/schrodinger/qho/2025-09-04_17-40-47-467896/model_weights.pth
It: 115, Loss: 1.202e-01, Loss_res: 2.183e-02,  Loss_bcs: 1.313e-03, Loss_ut_ics: 3.761e-02, lr: 1.000e-03, Time: 5.94e+02
Model state saved to ./results/models/checkpoints/schrodinger/qho/2025-09-04_17-40-47-467896/model.pth
Model state saved to ./results/models/checkpoints/schrodinger/qho/2025-09-04_17-40-47-467896/model_weights.pth
It: 116, Loss: 1.080e-01, Loss_res: 2.037e-02,  Loss_bcs: 1.263e-03, Loss_ut_ics: 3.301e-02, lr: 1.000e-03, Time: 5.99e+02
Model state saved to ./results/models/checkpoints/schrodinger/qho/2025-09-04_17-40-47-467896/model.pth
Model state saved to ./results/models/checkpoints/schrodinger/qho/2025-09-04_17-40-47-467896/model_weights.pth
It: 117, Loss: 6.361e-02, Loss_res: 1.703e-02,  Loss_bcs: 8.866e-04, Loss_ut_ics: 1.433e-02, lr: 1.000e-03, Time: 6.04e+02
Model state saved to ./results/models/checkpoints/schrodinger/qho/2025-09-04_17-40-47-467896/model.pth
Model state saved to ./results/models/checkpoints/schrodinger/qho/2025-09-04_17-40-47-467896/model_weights.pth
It: 118, Loss: 9.790e-02, Loss_res: 1.943e-02,  Loss_bcs: 4.522e-04, Loss_ut_ics: 2.929e-02, lr: 1.000e-03, Time: 6.10e+02
Model state saved to ./results/models/checkpoints/schrodinger/qho/2025-09-04_17-40-47-467896/model.pth
Model state saved to ./results/models/checkpoints/schrodinger/qho/2025-09-04_17-40-47-467896/model_weights.pth
It: 119, Loss: 1.411e-02, Loss_res: 5.816e-03,  Loss_bcs: 1.736e-04, Loss_ut_ics: 1.151e-03, lr: 1.000e-03, Time: 6.15e+02
Model state saved to ./results/models/checkpoints/schrodinger/qho/2025-09-04_17-40-47-467896/model.pth
Model state saved to ./results/models/checkpoints/schrodinger/qho/2025-09-04_17-40-47-467896/model_weights.pth
It: 120, Loss: 3.309e-02, Loss_res: 1.504e-02,  Loss_bcs: 9.962e-05, Loss_ut_ics: 1.461e-03, lr: 1.000e-03, Time: 6.20e+02
Model state saved to ./results/models/checkpoints/schrodinger/qho/2025-09-04_17-40-47-467896/model.pth
Model state saved to ./results/models/checkpoints/schrodinger/qho/2025-09-04_17-40-47-467896/model_weights.pth
It: 121, Loss: 3.849e-02, Loss_res: 1.329e-02,  Loss_bcs: 1.058e-04, Loss_ut_ics: 5.907e-03, lr: 1.000e-03, Time: 6.25e+02
Model state saved to ./results/models/checkpoints/schrodinger/qho/2025-09-04_17-40-47-467896/model.pth
Model state saved to ./results/models/checkpoints/schrodinger/qho/2025-09-04_17-40-47-467896/model_weights.pth
It: 122, Loss: 1.892e-01, Loss_res: 1.716e-02,  Loss_bcs: 1.892e-04, Loss_ut_ics: 7.734e-02, lr: 1.000e-03, Time: 6.30e+02
Model state saved to ./results/models/checkpoints/schrodinger/qho/2025-09-04_17-40-47-467896/model.pth
Model state saved to ./results/models/checkpoints/schrodinger/qho/2025-09-04_17-40-47-467896/model_weights.pth
It: 123, Loss: 1.343e-01, Loss_res: 1.933e-02,  Loss_bcs: 2.630e-04, Loss_ut_ics: 4.770e-02, lr: 1.000e-03, Time: 6.35e+02
Model state saved to ./results/models/checkpoints/schrodinger/qho/2025-09-04_17-40-47-467896/model.pth
Model state saved to ./results/models/checkpoints/schrodinger/qho/2025-09-04_17-40-47-467896/model_weights.pth
It: 124, Loss: 2.577e-01, Loss_res: 2.568e-02,  Loss_bcs: 2.508e-04, Loss_ut_ics: 1.031e-01, lr: 1.000e-03, Time: 6.40e+02
Model state saved to ./results/models/checkpoints/schrodinger/qho/2025-09-04_17-40-47-467896/model.pth
Model state saved to ./results/models/checkpoints/schrodinger/qho/2025-09-04_17-40-47-467896/model_weights.pth
It: 125, Loss: 6.588e-02, Loss_res: 1.312e-02,  Loss_bcs: 1.532e-04, Loss_ut_ics: 1.975e-02, lr: 1.000e-03, Time: 6.45e+02
Model state saved to ./results/models/checkpoints/schrodinger/qho/2025-09-04_17-40-47-467896/model.pth
Model state saved to ./results/models/checkpoints/schrodinger/qho/2025-09-04_17-40-47-467896/model_weights.pth
It: 126, Loss: 2.217e-02, Loss_res: 1.033e-02,  Loss_bcs: 4.758e-05, Loss_ut_ics: 7.274e-04, lr: 1.000e-03, Time: 6.50e+02
Model state saved to ./results/models/checkpoints/schrodinger/qho/2025-09-04_17-40-47-467896/model.pth
Model state saved to ./results/models/checkpoints/schrodinger/qho/2025-09-04_17-40-47-467896/model_weights.pth
It: 127, Loss: 1.048e-02, Loss_res: 4.476e-03,  Loss_bcs: 1.944e-05, Loss_ut_ics: 7.559e-04, lr: 1.000e-03, Time: 6.55e+02
Model state saved to ./results/models/checkpoints/schrodinger/qho/2025-09-04_17-40-47-467896/model.pth
Model state saved to ./results/models/checkpoints/schrodinger/qho/2025-09-04_17-40-47-467896/model_weights.pth
It: 128, Loss: 7.815e-02, Loss_res: 6.170e-03,  Loss_bcs: 9.578e-05, Loss_ut_ics: 3.286e-02, lr: 1.000e-03, Time: 6.60e+02
Model state saved to ./results/models/checkpoints/schrodinger/qho/2025-09-04_17-40-47-467896/model.pth
Model state saved to ./results/models/checkpoints/schrodinger/qho/2025-09-04_17-40-47-467896/model_weights.pth
It: 129, Loss: 2.155e-01, Loss_res: 1.137e-02,  Loss_bcs: 2.048e-04, Loss_ut_ics: 9.630e-02, lr: 1.000e-03, Time: 6.66e+02
Model state saved to ./results/models/checkpoints/schrodinger/qho/2025-09-04_17-40-47-467896/model.pth
Model state saved to ./results/models/checkpoints/schrodinger/qho/2025-09-04_17-40-47-467896/model_weights.pth
It: 130, Loss: 5.512e-02, Loss_res: 2.124e-02,  Loss_bcs: 2.587e-04, Loss_ut_ics: 6.194e-03, lr: 1.000e-03, Time: 6.72e+02
Model state saved to ./results/models/checkpoints/schrodinger/qho/2025-09-04_17-40-47-467896/model.pth
Model state saved to ./results/models/checkpoints/schrodinger/qho/2025-09-04_17-40-47-467896/model_weights.pth
It: 131, Loss: 7.901e-02, Loss_res: 1.005e-02,  Loss_bcs: 1.716e-04, Loss_ut_ics: 2.937e-02, lr: 1.000e-03, Time: 6.77e+02
Model state saved to ./results/models/checkpoints/schrodinger/qho/2025-09-04_17-40-47-467896/model.pth
Model state saved to ./results/models/checkpoints/schrodinger/qho/2025-09-04_17-40-47-467896/model_weights.pth
It: 132, Loss: 1.463e-01, Loss_res: 5.156e-03,  Loss_bcs: 1.134e-04, Loss_ut_ics: 6.792e-02, lr: 1.000e-03, Time: 6.82e+02
Model state saved to ./results/models/checkpoints/schrodinger/qho/2025-09-04_17-40-47-467896/model.pth
Model state saved to ./results/models/checkpoints/schrodinger/qho/2025-09-04_17-40-47-467896/model_weights.pth
It: 133, Loss: 3.693e-02, Loss_res: 1.559e-02,  Loss_bcs: 8.799e-05, Loss_ut_ics: 2.834e-03, lr: 1.000e-03, Time: 6.87e+02
Model state saved to ./results/models/checkpoints/schrodinger/qho/2025-09-04_17-40-47-467896/model.pth
Model state saved to ./results/models/checkpoints/schrodinger/qho/2025-09-04_17-40-47-467896/model_weights.pth
It: 134, Loss: 3.571e-02, Loss_res: 9.375e-03,  Loss_bcs: 1.268e-04, Loss_ut_ics: 8.417e-03, lr: 1.000e-03, Time: 6.92e+02
Model state saved to ./results/models/checkpoints/schrodinger/qho/2025-09-04_17-40-47-467896/model.pth
Model state saved to ./results/models/checkpoints/schrodinger/qho/2025-09-04_17-40-47-467896/model_weights.pth
It: 135, Loss: 2.454e-02, Loss_res: 6.789e-03,  Loss_bcs: 1.273e-04, Loss_ut_ics: 5.418e-03, lr: 1.000e-03, Time: 6.97e+02
Model state saved to ./results/models/checkpoints/schrodinger/qho/2025-09-04_17-40-47-467896/model.pth
Model state saved to ./results/models/checkpoints/schrodinger/qho/2025-09-04_17-40-47-467896/model_weights.pth
It: 136, Loss: 4.280e-02, Loss_res: 1.893e-02,  Loss_bcs: 1.622e-04, Loss_ut_ics: 2.385e-03, lr: 1.000e-03, Time: 7.02e+02
Model state saved to ./results/models/checkpoints/schrodinger/qho/2025-09-04_17-40-47-467896/model.pth
Model state saved to ./results/models/checkpoints/schrodinger/qho/2025-09-04_17-40-47-467896/model_weights.pth
It: 137, Loss: 3.235e-02, Loss_res: 1.067e-02,  Loss_bcs: 1.406e-04, Loss_ut_ics: 5.436e-03, lr: 1.000e-03, Time: 7.06e+02
Model state saved to ./results/models/checkpoints/schrodinger/qho/2025-09-04_17-40-47-467896/model.pth
Model state saved to ./results/models/checkpoints/schrodinger/qho/2025-09-04_17-40-47-467896/model_weights.pth
It: 138, Loss: 1.018e-01, Loss_res: 4.867e-03,  Loss_bcs: 5.826e-05, Loss_ut_ics: 4.599e-02, lr: 1.000e-03, Time: 7.11e+02
Model state saved to ./results/models/checkpoints/schrodinger/qho/2025-09-04_17-40-47-467896/model.pth
Model state saved to ./results/models/checkpoints/schrodinger/qho/2025-09-04_17-40-47-467896/model_weights.pth
It: 139, Loss: 1.324e-02, Loss_res: 5.380e-03,  Loss_bcs: 4.634e-05, Loss_ut_ics: 1.216e-03, lr: 1.000e-03, Time: 7.16e+02
Model state saved to ./results/models/checkpoints/schrodinger/qho/2025-09-04_17-40-47-467896/model.pth
Model state saved to ./results/models/checkpoints/schrodinger/qho/2025-09-04_17-40-47-467896/model_weights.pth
It: 140, Loss: 6.296e-02, Loss_res: 5.955e-03,  Loss_bcs: 6.903e-05, Loss_ut_ics: 2.549e-02, lr: 1.000e-03, Time: 7.21e+02
Model state saved to ./results/models/checkpoints/schrodinger/qho/2025-09-04_17-40-47-467896/model.pth
Model state saved to ./results/models/checkpoints/schrodinger/qho/2025-09-04_17-40-47-467896/model_weights.pth
It: 141, Loss: 1.030e-01, Loss_res: 1.018e-02,  Loss_bcs: 1.017e-04, Loss_ut_ics: 4.125e-02, lr: 1.000e-03, Time: 7.26e+02
Model state saved to ./results/models/checkpoints/schrodinger/qho/2025-09-04_17-40-47-467896/model.pth
Model state saved to ./results/models/checkpoints/schrodinger/qho/2025-09-04_17-40-47-467896/model_weights.pth
It: 142, Loss: 5.178e-02, Loss_res: 8.290e-03,  Loss_bcs: 1.177e-04, Loss_ut_ics: 1.754e-02, lr: 1.000e-03, Time: 7.32e+02
Model state saved to ./results/models/checkpoints/schrodinger/qho/2025-09-04_17-40-47-467896/model.pth
Model state saved to ./results/models/checkpoints/schrodinger/qho/2025-09-04_17-40-47-467896/model_weights.pth
It: 143, Loss: 1.120e-01, Loss_res: 1.037e-02,  Loss_bcs: 1.027e-04, Loss_ut_ics: 4.559e-02, lr: 1.000e-03, Time: 7.37e+02
Model state saved to ./results/models/checkpoints/schrodinger/qho/2025-09-04_17-40-47-467896/model.pth
Model state saved to ./results/models/checkpoints/schrodinger/qho/2025-09-04_17-40-47-467896/model_weights.pth
It: 144, Loss: 1.456e-02, Loss_res: 5.216e-03,  Loss_bcs: 9.905e-05, Loss_ut_ics: 2.012e-03, lr: 1.000e-03, Time: 7.43e+02
Model state saved to ./results/models/checkpoints/schrodinger/qho/2025-09-04_17-40-47-467896/model.pth
Model state saved to ./results/models/checkpoints/schrodinger/qho/2025-09-04_17-40-47-467896/model_weights.pth
It: 145, Loss: 1.688e-02, Loss_res: 6.297e-03,  Loss_bcs: 5.634e-05, Loss_ut_ics: 2.113e-03, lr: 1.000e-03, Time: 7.48e+02
Model state saved to ./results/models/checkpoints/schrodinger/qho/2025-09-04_17-40-47-467896/model.pth
Model state saved to ./results/models/checkpoints/schrodinger/qho/2025-09-04_17-40-47-467896/model_weights.pth
It: 146, Loss: 1.447e-02, Loss_res: 5.749e-03,  Loss_bcs: 1.318e-04, Loss_ut_ics: 1.419e-03, lr: 1.000e-03, Time: 7.53e+02
Model state saved to ./results/models/checkpoints/schrodinger/qho/2025-09-04_17-40-47-467896/model.pth
Model state saved to ./results/models/checkpoints/schrodinger/qho/2025-09-04_17-40-47-467896/model_weights.pth
It: 147, Loss: 3.935e-02, Loss_res: 6.217e-03,  Loss_bcs: 1.111e-04, Loss_ut_ics: 1.340e-02, lr: 1.000e-03, Time: 7.59e+02
Model state saved to ./results/models/checkpoints/schrodinger/qho/2025-09-04_17-40-47-467896/model.pth
Model state saved to ./results/models/checkpoints/schrodinger/qho/2025-09-04_17-40-47-467896/model_weights.pth
It: 148, Loss: 4.534e-02, Loss_res: 3.411e-03,  Loss_bcs: 1.077e-04, Loss_ut_ics: 1.921e-02, lr: 1.000e-03, Time: 7.65e+02
Model state saved to ./results/models/checkpoints/schrodinger/qho/2025-09-04_17-40-47-467896/model.pth
Model state saved to ./results/models/checkpoints/schrodinger/qho/2025-09-04_17-40-47-467896/model_weights.pth
It: 149, Loss: 5.367e-02, Loss_res: 3.727e-03,  Loss_bcs: 7.216e-05, Loss_ut_ics: 2.307e-02, lr: 1.000e-03, Time: 7.70e+02
Model state saved to ./results/models/checkpoints/schrodinger/qho/2025-09-04_17-40-47-467896/model.pth
Model state saved to ./results/models/checkpoints/schrodinger/qho/2025-09-04_17-40-47-467896/model_weights.pth
It: 150, Loss: 4.255e-02, Loss_res: 6.100e-03,  Loss_bcs: 4.624e-05, Loss_ut_ics: 1.515e-02, lr: 1.000e-03, Time: 7.75e+02
Model state saved to ./results/models/checkpoints/schrodinger/qho/2025-09-04_17-40-47-467896/model.pth
Model state saved to ./results/models/checkpoints/schrodinger/qho/2025-09-04_17-40-47-467896/model_weights.pth
It: 151, Loss: 7.286e-02, Loss_res: 3.727e-03,  Loss_bcs: 6.280e-05, Loss_ut_ics: 3.267e-02, lr: 1.000e-03, Time: 7.81e+02
Model state saved to ./results/models/checkpoints/schrodinger/qho/2025-09-04_17-40-47-467896/model.pth
Model state saved to ./results/models/checkpoints/schrodinger/qho/2025-09-04_17-40-47-467896/model_weights.pth
It: 152, Loss: 1.287e-02, Loss_res: 5.664e-03,  Loss_bcs: 5.972e-05, Loss_ut_ics: 7.404e-04, lr: 1.000e-03, Time: 7.86e+02
Model state saved to ./results/models/checkpoints/schrodinger/qho/2025-09-04_17-40-47-467896/model.pth
Model state saved to ./results/models/checkpoints/schrodinger/qho/2025-09-04_17-40-47-467896/model_weights.pth
It: 153, Loss: 6.821e-02, Loss_res: 4.601e-03,  Loss_bcs: 7.273e-05, Loss_ut_ics: 2.947e-02, lr: 1.000e-03, Time: 7.92e+02
Model state saved to ./results/models/checkpoints/schrodinger/qho/2025-09-04_17-40-47-467896/model.pth
Model state saved to ./results/models/checkpoints/schrodinger/qho/2025-09-04_17-40-47-467896/model_weights.pth
It: 154, Loss: 5.132e-02, Loss_res: 3.461e-03,  Loss_bcs: 1.189e-04, Loss_ut_ics: 2.214e-02, lr: 1.000e-03, Time: 7.97e+02
Model state saved to ./results/models/checkpoints/schrodinger/qho/2025-09-04_17-40-47-467896/model.pth
Model state saved to ./results/models/checkpoints/schrodinger/qho/2025-09-04_17-40-47-467896/model_weights.pth
It: 155, Loss: 2.143e-02, Loss_res: 9.718e-03,  Loss_bcs: 2.006e-04, Loss_ut_ics: 8.943e-04, lr: 1.000e-03, Time: 8.02e+02
Model state saved to ./results/models/checkpoints/schrodinger/qho/2025-09-04_17-40-47-467896/model.pth
Model state saved to ./results/models/checkpoints/schrodinger/qho/2025-09-04_17-40-47-467896/model_weights.pth
It: 156, Loss: 1.487e-02, Loss_res: 5.759e-03,  Loss_bcs: 1.588e-04, Loss_ut_ics: 1.599e-03, lr: 1.000e-03, Time: 8.08e+02
Model state saved to ./results/models/checkpoints/schrodinger/qho/2025-09-04_17-40-47-467896/model.pth
Model state saved to ./results/models/checkpoints/schrodinger/qho/2025-09-04_17-40-47-467896/model_weights.pth
It: 157, Loss: 5.443e-02, Loss_res: 6.105e-03,  Loss_bcs: 1.223e-04, Loss_ut_ics: 2.105e-02, lr: 1.000e-03, Time: 8.13e+02
Model state saved to ./results/models/checkpoints/schrodinger/qho/2025-09-04_17-40-47-467896/model.pth
Model state saved to ./results/models/checkpoints/schrodinger/qho/2025-09-04_17-40-47-467896/model_weights.pth
It: 158, Loss: 4.593e-02, Loss_res: 6.318e-03,  Loss_bcs: 1.454e-04, Loss_ut_ics: 1.657e-02, lr: 1.000e-03, Time: 8.18e+02
Model state saved to ./results/models/checkpoints/schrodinger/qho/2025-09-04_17-40-47-467896/model.pth
Model state saved to ./results/models/checkpoints/schrodinger/qho/2025-09-04_17-40-47-467896/model_weights.pth
It: 159, Loss: 2.049e-02, Loss_res: 3.500e-03,  Loss_bcs: 8.459e-05, Loss_ut_ics: 6.700e-03, lr: 1.000e-03, Time: 8.24e+02
Model state saved to ./results/models/checkpoints/schrodinger/qho/2025-09-04_17-40-47-467896/model.pth
Model state saved to ./results/models/checkpoints/schrodinger/qho/2025-09-04_17-40-47-467896/model_weights.pth
It: 160, Loss: 3.035e-02, Loss_res: 5.842e-03,  Loss_bcs: 5.780e-05, Loss_ut_ics: 9.304e-03, lr: 1.000e-03, Time: 8.29e+02
Model state saved to ./results/models/checkpoints/schrodinger/qho/2025-09-04_17-40-47-467896/model.pth
Model state saved to ./results/models/checkpoints/schrodinger/qho/2025-09-04_17-40-47-467896/model_weights.pth
It: 161, Loss: 6.471e-02, Loss_res: 7.534e-03,  Loss_bcs: 7.538e-05, Loss_ut_ics: 2.478e-02, lr: 1.000e-03, Time: 8.35e+02
Model state saved to ./results/models/checkpoints/schrodinger/qho/2025-09-04_17-40-47-467896/model.pth
Model state saved to ./results/models/checkpoints/schrodinger/qho/2025-09-04_17-40-47-467896/model_weights.pth
It: 162, Loss: 4.175e-02, Loss_res: 6.031e-03,  Loss_bcs: 7.932e-05, Loss_ut_ics: 1.480e-02, lr: 1.000e-03, Time: 8.40e+02
Model state saved to ./results/models/checkpoints/schrodinger/qho/2025-09-04_17-40-47-467896/model.pth
Model state saved to ./results/models/checkpoints/schrodinger/qho/2025-09-04_17-40-47-467896/model_weights.pth
It: 163, Loss: 3.084e-02, Loss_res: 5.820e-03,  Loss_bcs: 1.004e-04, Loss_ut_ics: 9.548e-03, lr: 1.000e-03, Time: 8.45e+02
Model state saved to ./results/models/checkpoints/schrodinger/qho/2025-09-04_17-40-47-467896/model.pth
Model state saved to ./results/models/checkpoints/schrodinger/qho/2025-09-04_17-40-47-467896/model_weights.pth
It: 164, Loss: 1.348e-02, Loss_res: 6.134e-03,  Loss_bcs: 8.907e-05, Loss_ut_ics: 5.608e-04, lr: 1.000e-03, Time: 8.51e+02
Model state saved to ./results/models/checkpoints/schrodinger/qho/2025-09-04_17-40-47-467896/model.pth
Model state saved to ./results/models/checkpoints/schrodinger/qho/2025-09-04_17-40-47-467896/model_weights.pth
It: 165, Loss: 8.016e-02, Loss_res: 5.294e-03,  Loss_bcs: 7.249e-05, Loss_ut_ics: 3.475e-02, lr: 1.000e-03, Time: 8.56e+02
Model state saved to ./results/models/checkpoints/schrodinger/qho/2025-09-04_17-40-47-467896/model.pth
Model state saved to ./results/models/checkpoints/schrodinger/qho/2025-09-04_17-40-47-467896/model_weights.pth
It: 166, Loss: 3.370e-02, Loss_res: 5.312e-03,  Loss_bcs: 1.915e-04, Loss_ut_ics: 1.144e-02, lr: 1.000e-03, Time: 8.62e+02
Model state saved to ./results/models/checkpoints/schrodinger/qho/2025-09-04_17-40-47-467896/model.pth
Model state saved to ./results/models/checkpoints/schrodinger/qho/2025-09-04_17-40-47-467896/model_weights.pth
It: 167, Loss: 5.730e-02, Loss_res: 9.330e-03,  Loss_bcs: 1.573e-04, Loss_ut_ics: 1.924e-02, lr: 1.000e-03, Time: 8.67e+02
Model state saved to ./results/models/checkpoints/schrodinger/qho/2025-09-04_17-40-47-467896/model.pth
Model state saved to ./results/models/checkpoints/schrodinger/qho/2025-09-04_17-40-47-467896/model_weights.pth
It: 168, Loss: 1.545e-02, Loss_res: 6.860e-03,  Loss_bcs: 2.182e-04, Loss_ut_ics: 7.553e-04, lr: 1.000e-03, Time: 8.73e+02
Model state saved to ./results/models/checkpoints/schrodinger/qho/2025-09-04_17-40-47-467896/model.pth
Model state saved to ./results/models/checkpoints/schrodinger/qho/2025-09-04_17-40-47-467896/model_weights.pth
It: 169, Loss: 5.001e-02, Loss_res: 3.272e-03,  Loss_bcs: 1.749e-04, Loss_ut_ics: 2.165e-02, lr: 1.000e-03, Time: 8.78e+02
Model state saved to ./results/models/checkpoints/schrodinger/qho/2025-09-04_17-40-47-467896/model.pth
Model state saved to ./results/models/checkpoints/schrodinger/qho/2025-09-04_17-40-47-467896/model_weights.pth
It: 170, Loss: 1.222e-02, Loss_res: 3.867e-03,  Loss_bcs: 1.222e-04, Loss_ut_ics: 2.181e-03, lr: 1.000e-03, Time: 8.83e+02
Model state saved to ./results/models/checkpoints/schrodinger/qho/2025-09-04_17-40-47-467896/model.pth
Model state saved to ./results/models/checkpoints/schrodinger/qho/2025-09-04_17-40-47-467896/model_weights.pth
It: 171, Loss: 1.248e-02, Loss_res: 4.511e-03,  Loss_bcs: 1.476e-04, Loss_ut_ics: 1.655e-03, lr: 1.000e-03, Time: 8.89e+02
Model state saved to ./results/models/checkpoints/schrodinger/qho/2025-09-04_17-40-47-467896/model.pth
Model state saved to ./results/models/checkpoints/schrodinger/qho/2025-09-04_17-40-47-467896/model_weights.pth
It: 172, Loss: 8.144e-02, Loss_res: 8.176e-03,  Loss_bcs: 1.250e-04, Loss_ut_ics: 3.248e-02, lr: 1.000e-03, Time: 8.94e+02
Model state saved to ./results/models/checkpoints/schrodinger/qho/2025-09-04_17-40-47-467896/model.pth
Model state saved to ./results/models/checkpoints/schrodinger/qho/2025-09-04_17-40-47-467896/model_weights.pth
It: 173, Loss: 3.777e-02, Loss_res: 1.105e-02,  Loss_bcs: 1.366e-04, Loss_ut_ics: 7.764e-03, lr: 1.000e-03, Time: 8.99e+02
Model state saved to ./results/models/checkpoints/schrodinger/qho/2025-09-04_17-40-47-467896/model.pth
Model state saved to ./results/models/checkpoints/schrodinger/qho/2025-09-04_17-40-47-467896/model_weights.pth
It: 174, Loss: 9.743e-03, Loss_res: 4.679e-03,  Loss_bcs: 1.338e-04, Loss_ut_ics: 1.260e-04, lr: 1.000e-03, Time: 9.05e+02
Model state saved to ./results/models/checkpoints/schrodinger/qho/2025-09-04_17-40-47-467896/model.pth
Model state saved to ./results/models/checkpoints/schrodinger/qho/2025-09-04_17-40-47-467896/model_weights.pth
It: 175, Loss: 2.562e-02, Loss_res: 5.239e-03,  Loss_bcs: 1.659e-04, Loss_ut_ics: 7.490e-03, lr: 1.000e-03, Time: 9.10e+02
Model state saved to ./results/models/checkpoints/schrodinger/qho/2025-09-04_17-40-47-467896/model.pth
Model state saved to ./results/models/checkpoints/schrodinger/qho/2025-09-04_17-40-47-467896/model_weights.pth
It: 176, Loss: 1.777e-02, Loss_res: 4.232e-03,  Loss_bcs: 1.396e-04, Loss_ut_ics: 4.582e-03, lr: 1.000e-03, Time: 9.15e+02
Model state saved to ./results/models/checkpoints/schrodinger/qho/2025-09-04_17-40-47-467896/model.pth
Model state saved to ./results/models/checkpoints/schrodinger/qho/2025-09-04_17-40-47-467896/model_weights.pth
It: 177, Loss: 5.928e-02, Loss_res: 7.085e-03,  Loss_bcs: 1.260e-04, Loss_ut_ics: 2.249e-02, lr: 1.000e-03, Time: 9.21e+02
Model state saved to ./results/models/checkpoints/schrodinger/qho/2025-09-04_17-40-47-467896/model.pth
Model state saved to ./results/models/checkpoints/schrodinger/qho/2025-09-04_17-40-47-467896/model_weights.pth
It: 178, Loss: 4.699e-02, Loss_res: 6.045e-03,  Loss_bcs: 1.226e-04, Loss_ut_ics: 1.739e-02, lr: 1.000e-03, Time: 9.26e+02
Model state saved to ./results/models/checkpoints/schrodinger/qho/2025-09-04_17-40-47-467896/model.pth
Model state saved to ./results/models/checkpoints/schrodinger/qho/2025-09-04_17-40-47-467896/model_weights.pth
It: 179, Loss: 1.956e-02, Loss_res: 5.679e-03,  Loss_bcs: 1.303e-04, Loss_ut_ics: 4.036e-03, lr: 1.000e-03, Time: 9.32e+02
Model state saved to ./results/models/checkpoints/schrodinger/qho/2025-09-04_17-40-47-467896/model.pth
Model state saved to ./results/models/checkpoints/schrodinger/qho/2025-09-04_17-40-47-467896/model_weights.pth
It: 180, Loss: 5.019e-02, Loss_res: 4.672e-03,  Loss_bcs: 1.786e-04, Loss_ut_ics: 2.033e-02, lr: 1.000e-03, Time: 9.37e+02
Model state saved to ./results/models/checkpoints/schrodinger/qho/2025-09-04_17-40-47-467896/model.pth
Model state saved to ./results/models/checkpoints/schrodinger/qho/2025-09-04_17-40-47-467896/model_weights.pth
It: 181, Loss: 4.139e-02, Loss_res: 1.088e-02,  Loss_bcs: 2.779e-04, Loss_ut_ics: 9.674e-03, lr: 1.000e-03, Time: 9.43e+02
Model state saved to ./results/models/checkpoints/schrodinger/qho/2025-09-04_17-40-47-467896/model.pth
Model state saved to ./results/models/checkpoints/schrodinger/qho/2025-09-04_17-40-47-467896/model_weights.pth
It: 182, Loss: 4.430e-02, Loss_res: 1.123e-02,  Loss_bcs: 1.515e-04, Loss_ut_ics: 1.085e-02, lr: 1.000e-03, Time: 9.48e+02
Model state saved to ./results/models/checkpoints/schrodinger/qho/2025-09-04_17-40-47-467896/model.pth
Model state saved to ./results/models/checkpoints/schrodinger/qho/2025-09-04_17-40-47-467896/model_weights.pth
It: 183, Loss: 1.337e-02, Loss_res: 2.661e-03,  Loss_bcs: 1.178e-04, Loss_ut_ics: 3.964e-03, lr: 1.000e-03, Time: 9.53e+02
Model state saved to ./results/models/checkpoints/schrodinger/qho/2025-09-04_17-40-47-467896/model.pth
Model state saved to ./results/models/checkpoints/schrodinger/qho/2025-09-04_17-40-47-467896/model_weights.pth
It: 184, Loss: 3.826e-02, Loss_res: 5.185e-03,  Loss_bcs: 9.151e-05, Loss_ut_ics: 1.390e-02, lr: 1.000e-03, Time: 9.59e+02
Model state saved to ./results/models/checkpoints/schrodinger/qho/2025-09-04_17-40-47-467896/model.pth
Model state saved to ./results/models/checkpoints/schrodinger/qho/2025-09-04_17-40-47-467896/model_weights.pth
It: 185, Loss: 1.176e-02, Loss_res: 4.490e-03,  Loss_bcs: 1.378e-04, Loss_ut_ics: 1.323e-03, lr: 1.000e-03, Time: 9.64e+02
Model state saved to ./results/models/checkpoints/schrodinger/qho/2025-09-04_17-40-47-467896/model.pth
Model state saved to ./results/models/checkpoints/schrodinger/qho/2025-09-04_17-40-47-467896/model_weights.pth
It: 186, Loss: 4.492e-02, Loss_res: 5.979e-03,  Loss_bcs: 1.729e-04, Loss_ut_ics: 1.640e-02, lr: 1.000e-03, Time: 9.69e+02
Model state saved to ./results/models/checkpoints/schrodinger/qho/2025-09-04_17-40-47-467896/model.pth
Model state saved to ./results/models/checkpoints/schrodinger/qho/2025-09-04_17-40-47-467896/model_weights.pth
It: 187, Loss: 4.317e-02, Loss_res: 5.537e-03,  Loss_bcs: 1.878e-04, Loss_ut_ics: 1.595e-02, lr: 1.000e-03, Time: 9.75e+02
Model state saved to ./results/models/checkpoints/schrodinger/qho/2025-09-04_17-40-47-467896/model.pth
Model state saved to ./results/models/checkpoints/schrodinger/qho/2025-09-04_17-40-47-467896/model_weights.pth
It: 188, Loss: 4.651e-02, Loss_res: 5.206e-03,  Loss_bcs: 2.005e-04, Loss_ut_ics: 1.795e-02, lr: 1.000e-03, Time: 9.80e+02
Model state saved to ./results/models/checkpoints/schrodinger/qho/2025-09-04_17-40-47-467896/model.pth
Model state saved to ./results/models/checkpoints/schrodinger/qho/2025-09-04_17-40-47-467896/model_weights.pth
It: 189, Loss: 3.991e-02, Loss_res: 5.424e-03,  Loss_bcs: 2.023e-04, Loss_ut_ics: 1.443e-02, lr: 1.000e-03, Time: 9.86e+02
Model state saved to ./results/models/checkpoints/schrodinger/qho/2025-09-04_17-40-47-467896/model.pth
Model state saved to ./results/models/checkpoints/schrodinger/qho/2025-09-04_17-40-47-467896/model_weights.pth
It: 190, Loss: 2.518e-02, Loss_res: 4.853e-03,  Loss_bcs: 2.089e-04, Loss_ut_ics: 7.632e-03, lr: 1.000e-03, Time: 9.91e+02
Model state saved to ./results/models/checkpoints/schrodinger/qho/2025-09-04_17-40-47-467896/model.pth
Model state saved to ./results/models/checkpoints/schrodinger/qho/2025-09-04_17-40-47-467896/model_weights.pth
It: 191, Loss: 2.980e-02, Loss_res: 6.045e-03,  Loss_bcs: 1.947e-04, Loss_ut_ics: 8.759e-03, lr: 1.000e-03, Time: 9.96e+02
Model state saved to ./results/models/checkpoints/schrodinger/qho/2025-09-04_17-40-47-467896/model.pth
Model state saved to ./results/models/checkpoints/schrodinger/qho/2025-09-04_17-40-47-467896/model_weights.pth
It: 192, Loss: 1.029e-02, Loss_res: 3.465e-03,  Loss_bcs: 1.846e-04, Loss_ut_ics: 1.590e-03, lr: 1.000e-03, Time: 1.00e+03
Model state saved to ./results/models/checkpoints/schrodinger/qho/2025-09-04_17-40-47-467896/model.pth
Model state saved to ./results/models/checkpoints/schrodinger/qho/2025-09-04_17-40-47-467896/model_weights.pth
It: 193, Loss: 2.061e-02, Loss_res: 6.582e-03,  Loss_bcs: 2.311e-04, Loss_ut_ics: 3.609e-03, lr: 1.000e-03, Time: 1.01e+03
Model state saved to ./results/models/checkpoints/schrodinger/qho/2025-09-04_17-40-47-467896/model.pth
Model state saved to ./results/models/checkpoints/schrodinger/qho/2025-09-04_17-40-47-467896/model_weights.pth
It: 194, Loss: 2.848e-02, Loss_res: 9.790e-03,  Loss_bcs: 1.966e-04, Loss_ut_ics: 4.352e-03, lr: 1.000e-03, Time: 1.01e+03
Model state saved to ./results/models/checkpoints/schrodinger/qho/2025-09-04_17-40-47-467896/model.pth
Model state saved to ./results/models/checkpoints/schrodinger/qho/2025-09-04_17-40-47-467896/model_weights.pth
It: 195, Loss: 5.815e-02, Loss_res: 3.025e-03,  Loss_bcs: 1.526e-04, Loss_ut_ics: 2.598e-02, lr: 1.000e-03, Time: 1.02e+03
Model state saved to ./results/models/checkpoints/schrodinger/qho/2025-09-04_17-40-47-467896/model.pth
Model state saved to ./results/models/checkpoints/schrodinger/qho/2025-09-04_17-40-47-467896/model_weights.pth
It: 196, Loss: 1.161e-02, Loss_res: 4.101e-03,  Loss_bcs: 8.787e-05, Loss_ut_ics: 1.661e-03, lr: 1.000e-03, Time: 1.02e+03
Model state saved to ./results/models/checkpoints/schrodinger/qho/2025-09-04_17-40-47-467896/model.pth
Model state saved to ./results/models/checkpoints/schrodinger/qho/2025-09-04_17-40-47-467896/model_weights.pth
It: 197, Loss: 1.655e-02, Loss_res: 6.568e-03,  Loss_bcs: 1.000e-04, Loss_ut_ics: 1.657e-03, lr: 1.000e-03, Time: 1.03e+03
Model state saved to ./results/models/checkpoints/schrodinger/qho/2025-09-04_17-40-47-467896/model.pth
Model state saved to ./results/models/checkpoints/schrodinger/qho/2025-09-04_17-40-47-467896/model_weights.pth
It: 198, Loss: 4.291e-02, Loss_res: 3.009e-03,  Loss_bcs: 1.261e-04, Loss_ut_ics: 1.838e-02, lr: 1.000e-03, Time: 1.03e+03
Model state saved to ./results/models/checkpoints/schrodinger/qho/2025-09-04_17-40-47-467896/model.pth
Model state saved to ./results/models/checkpoints/schrodinger/qho/2025-09-04_17-40-47-467896/model_weights.pth
It: 199, Loss: 1.425e-02, Loss_res: 5.256e-03,  Loss_bcs: 2.247e-04, Loss_ut_ics: 1.758e-03, lr: 1.000e-03, Time: 1.04e+03
Model state saved to ./results/models/checkpoints/schrodinger/qho/2025-09-04_17-40-47-467896/model.pth
Model state saved to ./results/models/checkpoints/schrodinger/qho/2025-09-04_17-40-47-467896/model_weights.pth
It: 200, Loss: 1.342e-02, Loss_res: 6.044e-03,  Loss_bcs: 2.991e-04, Loss_ut_ics: 5.169e-04, lr: 1.000e-03, Time: 1.04e+03
Model state saved to ./results/models/checkpoints/schrodinger/qho/2025-09-04_17-40-47-467896/model.pth
Model state saved to ./results/models/checkpoints/schrodinger/qho/2025-09-04_17-40-47-467896/model_weights.pth
Using DV Solver
The settings used:
batch_size : 32
epochs : 400
lr : 0.001
seed : 42
print_every : 1
log_path : ./results/models/checkpoints/schrodinger/qho
input_dim : 2
output_dim : 2
num_qubits : 10
hidden_dim : 30
num_quantum_layers : 3
classic_network : [2, 30, 2]
q_ansatz : sim_circ_15
mode : hybrid
activation : null
shots : None
problem : schrodinger
solver : DV
device : cpu
method : None
cutoff_dim : 20
class : CVNeuralNetwork2
encoding : None
eq_params : {'example': 'ho', 'L': 5.0, 'T': 0.1, 'hbar': 1.0, 'mass': 1.0, 'n_level': 0, 'omega': 1.0, 'potential_fn': 'lambda t, x : 0.5 * 1.0 * (1.0**2) * (x**2)'}
Total number of parameters: 912
The circuit used in the study:
It: 1, Loss: 8.347e-01, Loss_res: 2.181e-01,  Loss_bcs: 9.329e-03, Loss_ut_ics: 1.946e-01, lr: 1.000e-03, Time: 7.63e+00
Model state saved to ./results/models/checkpoints/schrodinger/qho/2025-09-04_18-18-37-021426/model.pth
Model state saved to ./results/models/checkpoints/schrodinger/qho/2025-09-04_18-18-37-021426/model_weights.pth
It: 2, Loss: 6.411e-01, Loss_res: 1.188e-01,  Loss_bcs: 6.635e-03, Loss_ut_ics: 1.984e-01, lr: 1.000e-03, Time: 1.44e+01
Model state saved to ./results/models/checkpoints/schrodinger/qho/2025-09-04_18-18-37-021426/model.pth
Model state saved to ./results/models/checkpoints/schrodinger/qho/2025-09-04_18-18-37-021426/model_weights.pth
It: 3, Loss: 9.363e-01, Loss_res: 3.909e-01,  Loss_bcs: 5.791e-03, Loss_ut_ics: 7.439e-02, lr: 1.000e-03, Time: 2.13e+01
Model state saved to ./results/models/checkpoints/schrodinger/qho/2025-09-04_18-18-37-021426/model.pth
Model state saved to ./results/models/checkpoints/schrodinger/qho/2025-09-04_18-18-37-021426/model_weights.pth
It: 4, Loss: 5.514e-01, Loss_res: 1.693e-01,  Loss_bcs: 3.301e-03, Loss_ut_ics: 1.047e-01, lr: 1.000e-03, Time: 2.81e+01
Model state saved to ./results/models/checkpoints/schrodinger/qho/2025-09-04_18-18-37-021426/model.pth
Model state saved to ./results/models/checkpoints/schrodinger/qho/2025-09-04_18-18-37-021426/model_weights.pth
It: 5, Loss: 3.472e-01, Loss_res: 1.181e-01,  Loss_bcs: 1.823e-03, Loss_ut_ics: 5.464e-02, lr: 1.000e-03, Time: 3.49e+01
Model state saved to ./results/models/checkpoints/schrodinger/qho/2025-09-04_18-18-37-021426/model.pth
Model state saved to ./results/models/checkpoints/schrodinger/qho/2025-09-04_18-18-37-021426/model_weights.pth
It: 6, Loss: 1.587e-01, Loss_res: 5.897e-02,  Loss_bcs: 1.703e-03, Loss_ut_ics: 1.954e-02, lr: 1.000e-03, Time: 4.18e+01
Model state saved to ./results/models/checkpoints/schrodinger/qho/2025-09-04_18-18-37-021426/model.pth
Model state saved to ./results/models/checkpoints/schrodinger/qho/2025-09-04_18-18-37-021426/model_weights.pth
It: 7, Loss: 1.683e-01, Loss_res: 5.998e-02,  Loss_bcs: 2.489e-03, Loss_ut_ics: 2.293e-02, lr: 1.000e-03, Time: 4.89e+01
Model state saved to ./results/models/checkpoints/schrodinger/qho/2025-09-04_18-18-37-021426/model.pth
Model state saved to ./results/models/checkpoints/schrodinger/qho/2025-09-04_18-18-37-021426/model_weights.pth
It: 8, Loss: 6.921e-01, Loss_res: 1.827e-01,  Loss_bcs: 3.574e-03, Loss_ut_ics: 1.615e-01, lr: 1.000e-03, Time: 5.58e+01
Model state saved to ./results/models/checkpoints/schrodinger/qho/2025-09-04_18-18-37-021426/model.pth
Model state saved to ./results/models/checkpoints/schrodinger/qho/2025-09-04_18-18-37-021426/model_weights.pth
It: 9, Loss: 6.966e-01, Loss_res: 9.826e-02,  Loss_bcs: 3.893e-03, Loss_ut_ics: 2.481e-01, lr: 1.000e-03, Time: 6.60e+01
Model state saved to ./results/models/checkpoints/schrodinger/qho/2025-09-04_18-18-37-021426/model.pth
Model state saved to ./results/models/checkpoints/schrodinger/qho/2025-09-04_18-18-37-021426/model_weights.pth
It: 10, Loss: 5.482e-01, Loss_res: 1.395e-01,  Loss_bcs: 3.872e-03, Loss_ut_ics: 1.327e-01, lr: 1.000e-03, Time: 7.44e+01
Model state saved to ./results/models/checkpoints/schrodinger/qho/2025-09-04_18-18-37-021426/model.pth
Model state saved to ./results/models/checkpoints/schrodinger/qho/2025-09-04_18-18-37-021426/model_weights.pth
It: 11, Loss: 5.406e-01, Loss_res: 2.373e-01,  Loss_bcs: 3.354e-03, Loss_ut_ics: 3.134e-02, lr: 1.000e-03, Time: 8.19e+01
Model state saved to ./results/models/checkpoints/schrodinger/qho/2025-09-04_18-18-37-021426/model.pth
Model state saved to ./results/models/checkpoints/schrodinger/qho/2025-09-04_18-18-37-021426/model_weights.pth
It: 12, Loss: 5.816e-01, Loss_res: 7.689e-02,  Loss_bcs: 2.205e-03, Loss_ut_ics: 2.128e-01, lr: 1.000e-03, Time: 9.00e+01
Model state saved to ./results/models/checkpoints/schrodinger/qho/2025-09-04_18-18-37-021426/model.pth
Model state saved to ./results/models/checkpoints/schrodinger/qho/2025-09-04_18-18-37-021426/model_weights.pth
It: 13, Loss: 2.355e-01, Loss_res: 6.917e-02,  Loss_bcs: 1.249e-03, Loss_ut_ics: 4.798e-02, lr: 1.000e-03, Time: 9.76e+01
Model state saved to ./results/models/checkpoints/schrodinger/qho/2025-09-04_18-18-37-021426/model.pth
Model state saved to ./results/models/checkpoints/schrodinger/qho/2025-09-04_18-18-37-021426/model_weights.pth
It: 14, Loss: 6.147e-02, Loss_res: 2.002e-02,  Loss_bcs: 6.008e-04, Loss_ut_ics: 1.041e-02, lr: 1.000e-03, Time: 1.05e+02
Model state saved to ./results/models/checkpoints/schrodinger/qho/2025-09-04_18-18-37-021426/model.pth
Model state saved to ./results/models/checkpoints/schrodinger/qho/2025-09-04_18-18-37-021426/model_weights.pth
It: 15, Loss: 3.210e-02, Loss_res: 1.482e-02,  Loss_bcs: 3.949e-04, Loss_ut_ics: 1.031e-03, lr: 1.000e-03, Time: 1.12e+02
Model state saved to ./results/models/checkpoints/schrodinger/qho/2025-09-04_18-18-37-021426/model.pth
Model state saved to ./results/models/checkpoints/schrodinger/qho/2025-09-04_18-18-37-021426/model_weights.pth
It: 16, Loss: 1.594e-01, Loss_res: 1.888e-02,  Loss_bcs: 6.038e-04, Loss_ut_ics: 6.052e-02, lr: 1.000e-03, Time: 1.19e+02
Model state saved to ./results/models/checkpoints/schrodinger/qho/2025-09-04_18-18-37-021426/model.pth
Model state saved to ./results/models/checkpoints/schrodinger/qho/2025-09-04_18-18-37-021426/model_weights.pth
It: 17, Loss: 2.436e-01, Loss_res: 1.597e-02,  Loss_bcs: 9.934e-04, Loss_ut_ics: 1.053e-01, lr: 1.000e-03, Time: 1.27e+02
Model state saved to ./results/models/checkpoints/schrodinger/qho/2025-09-04_18-18-37-021426/model.pth
Model state saved to ./results/models/checkpoints/schrodinger/qho/2025-09-04_18-18-37-021426/model_weights.pth
It: 18, Loss: 5.382e-01, Loss_res: 1.261e-02,  Loss_bcs: 1.520e-03, Loss_ut_ics: 2.557e-01, lr: 1.000e-03, Time: 1.34e+02
Model state saved to ./results/models/checkpoints/schrodinger/qho/2025-09-04_18-18-37-021426/model.pth
Model state saved to ./results/models/checkpoints/schrodinger/qho/2025-09-04_18-18-37-021426/model_weights.pth
It: 19, Loss: 9.517e-02, Loss_res: 4.444e-02,  Loss_bcs: 2.112e-03, Loss_ut_ics: 2.088e-03, lr: 1.000e-03, Time: 1.42e+02
Model state saved to ./results/models/checkpoints/schrodinger/qho/2025-09-04_18-18-37-021426/model.pth
Model state saved to ./results/models/checkpoints/schrodinger/qho/2025-09-04_18-18-37-021426/model_weights.pth
It: 20, Loss: 5.000e-01, Loss_res: 3.756e-02,  Loss_bcs: 2.462e-03, Loss_ut_ics: 2.112e-01, lr: 1.000e-03, Time: 1.49e+02
Model state saved to ./results/models/checkpoints/schrodinger/qho/2025-09-04_18-18-37-021426/model.pth
Model state saved to ./results/models/checkpoints/schrodinger/qho/2025-09-04_18-18-37-021426/model_weights.pth
It: 21, Loss: 3.775e-01, Loss_res: 7.397e-02,  Loss_bcs: 2.568e-03, Loss_ut_ics: 1.135e-01, lr: 1.000e-03, Time: 1.57e+02
Model state saved to ./results/models/checkpoints/schrodinger/qho/2025-09-04_18-18-37-021426/model.pth
Model state saved to ./results/models/checkpoints/schrodinger/qho/2025-09-04_18-18-37-021426/model_weights.pth
It: 22, Loss: 4.165e-01, Loss_res: 6.613e-02,  Loss_bcs: 2.272e-03, Loss_ut_ics: 1.410e-01, lr: 1.000e-03, Time: 1.65e+02
Model state saved to ./results/models/checkpoints/schrodinger/qho/2025-09-04_18-18-37-021426/model.pth
Model state saved to ./results/models/checkpoints/schrodinger/qho/2025-09-04_18-18-37-021426/model_weights.pth
It: 23, Loss: 1.492e-01, Loss_res: 5.556e-02,  Loss_bcs: 1.750e-03, Loss_ut_ics: 1.815e-02, lr: 1.000e-03, Time: 1.73e+02
Model state saved to ./results/models/checkpoints/schrodinger/qho/2025-09-04_18-18-37-021426/model.pth
Model state saved to ./results/models/checkpoints/schrodinger/qho/2025-09-04_18-18-37-021426/model_weights.pth
It: 24, Loss: 9.769e-02, Loss_res: 1.962e-02,  Loss_bcs: 1.087e-03, Loss_ut_ics: 2.868e-02, lr: 1.000e-03, Time: 1.80e+02
Model state saved to ./results/models/checkpoints/schrodinger/qho/2025-09-04_18-18-37-021426/model.pth
Model state saved to ./results/models/checkpoints/schrodinger/qho/2025-09-04_18-18-37-021426/model_weights.pth
It: 25, Loss: 3.524e-02, Loss_res: 1.552e-02,  Loss_bcs: 5.921e-04, Loss_ut_ics: 1.803e-03, lr: 1.000e-03, Time: 1.87e+02
Model state saved to ./results/models/checkpoints/schrodinger/qho/2025-09-04_18-18-37-021426/model.pth
Model state saved to ./results/models/checkpoints/schrodinger/qho/2025-09-04_18-18-37-021426/model_weights.pth
It: 26, Loss: 7.031e-01, Loss_res: 1.357e-02,  Loss_bcs: 2.597e-04, Loss_ut_ics: 3.378e-01, lr: 1.000e-03, Time: 1.94e+02
Model state saved to ./results/models/checkpoints/schrodinger/qho/2025-09-04_18-18-37-021426/model.pth
Model state saved to ./results/models/checkpoints/schrodinger/qho/2025-09-04_18-18-37-021426/model_weights.pth
It: 27, Loss: 1.694e-01, Loss_res: 1.244e-02,  Loss_bcs: 1.110e-04, Loss_ut_ics: 7.221e-02, lr: 1.000e-03, Time: 2.02e+02
Model state saved to ./results/models/checkpoints/schrodinger/qho/2025-09-04_18-18-37-021426/model.pth
Model state saved to ./results/models/checkpoints/schrodinger/qho/2025-09-04_18-18-37-021426/model_weights.pth
It: 28, Loss: 3.048e-01, Loss_res: 1.523e-02,  Loss_bcs: 1.499e-04, Loss_ut_ics: 1.371e-01, lr: 1.000e-03, Time: 2.09e+02
Model state saved to ./results/models/checkpoints/schrodinger/qho/2025-09-04_18-18-37-021426/model.pth
Model state saved to ./results/models/checkpoints/schrodinger/qho/2025-09-04_18-18-37-021426/model_weights.pth
It: 29, Loss: 2.857e-01, Loss_res: 2.571e-02,  Loss_bcs: 3.139e-04, Loss_ut_ics: 1.170e-01, lr: 1.000e-03, Time: 2.16e+02
Model state saved to ./results/models/checkpoints/schrodinger/qho/2025-09-04_18-18-37-021426/model.pth
Model state saved to ./results/models/checkpoints/schrodinger/qho/2025-09-04_18-18-37-021426/model_weights.pth
It: 30, Loss: 1.397e-01, Loss_res: 2.790e-02,  Loss_bcs: 4.845e-04, Loss_ut_ics: 4.173e-02, lr: 1.000e-03, Time: 2.22e+02
Model state saved to ./results/models/checkpoints/schrodinger/qho/2025-09-04_18-18-37-021426/model.pth
Model state saved to ./results/models/checkpoints/schrodinger/qho/2025-09-04_18-18-37-021426/model_weights.pth
It: 31, Loss: 2.825e-01, Loss_res: 2.822e-02,  Loss_bcs: 6.160e-04, Loss_ut_ics: 1.127e-01, lr: 1.000e-03, Time: 2.30e+02
Model state saved to ./results/models/checkpoints/schrodinger/qho/2025-09-04_18-18-37-021426/model.pth
Model state saved to ./results/models/checkpoints/schrodinger/qho/2025-09-04_18-18-37-021426/model_weights.pth
It: 32, Loss: 2.711e-01, Loss_res: 4.742e-02,  Loss_bcs: 6.759e-04, Loss_ut_ics: 8.777e-02, lr: 1.000e-03, Time: 2.38e+02
Model state saved to ./results/models/checkpoints/schrodinger/qho/2025-09-04_18-18-37-021426/model.pth
Model state saved to ./results/models/checkpoints/schrodinger/qho/2025-09-04_18-18-37-021426/model_weights.pth
It: 33, Loss: 3.566e-01, Loss_res: 2.323e-02,  Loss_bcs: 6.005e-04, Loss_ut_ics: 1.548e-01, lr: 1.000e-03, Time: 2.45e+02
Model state saved to ./results/models/checkpoints/schrodinger/qho/2025-09-04_18-18-37-021426/model.pth
Model state saved to ./results/models/checkpoints/schrodinger/qho/2025-09-04_18-18-37-021426/model_weights.pth
It: 34, Loss: 4.265e-02, Loss_res: 1.224e-02,  Loss_bcs: 5.148e-04, Loss_ut_ics: 8.830e-03, lr: 1.000e-03, Time: 2.52e+02
Model state saved to ./results/models/checkpoints/schrodinger/qho/2025-09-04_18-18-37-021426/model.pth
Model state saved to ./results/models/checkpoints/schrodinger/qho/2025-09-04_18-18-37-021426/model_weights.pth
It: 35, Loss: 2.093e-01, Loss_res: 1.687e-02,  Loss_bcs: 4.532e-04, Loss_ut_ics: 8.754e-02, lr: 1.000e-03, Time: 2.59e+02
Model state saved to ./results/models/checkpoints/schrodinger/qho/2025-09-04_18-18-37-021426/model.pth
Model state saved to ./results/models/checkpoints/schrodinger/qho/2025-09-04_18-18-37-021426/model_weights.pth
It: 36, Loss: 3.033e-01, Loss_res: 2.112e-02,  Loss_bcs: 3.967e-04, Loss_ut_ics: 1.304e-01, lr: 1.000e-03, Time: 2.66e+02
Model state saved to ./results/models/checkpoints/schrodinger/qho/2025-09-04_18-18-37-021426/model.pth
Model state saved to ./results/models/checkpoints/schrodinger/qho/2025-09-04_18-18-37-021426/model_weights.pth
It: 37, Loss: 2.525e-01, Loss_res: 1.122e-02,  Loss_bcs: 3.462e-04, Loss_ut_ics: 1.149e-01, lr: 1.000e-03, Time: 2.73e+02
Model state saved to ./results/models/checkpoints/schrodinger/qho/2025-09-04_18-18-37-021426/model.pth
Model state saved to ./results/models/checkpoints/schrodinger/qho/2025-09-04_18-18-37-021426/model_weights.pth
It: 38, Loss: 2.197e-01, Loss_res: 1.546e-02,  Loss_bcs: 3.327e-04, Loss_ut_ics: 9.421e-02, lr: 1.000e-03, Time: 2.80e+02
Model state saved to ./results/models/checkpoints/schrodinger/qho/2025-09-04_18-18-37-021426/model.pth
Model state saved to ./results/models/checkpoints/schrodinger/qho/2025-09-04_18-18-37-021426/model_weights.pth
It: 39, Loss: 2.694e-01, Loss_res: 1.177e-02,  Loss_bcs: 3.142e-04, Loss_ut_ics: 1.228e-01, lr: 1.000e-03, Time: 2.88e+02
Model state saved to ./results/models/checkpoints/schrodinger/qho/2025-09-04_18-18-37-021426/model.pth
Model state saved to ./results/models/checkpoints/schrodinger/qho/2025-09-04_18-18-37-021426/model_weights.pth
It: 40, Loss: 2.348e-01, Loss_res: 2.093e-03,  Loss_bcs: 2.962e-04, Loss_ut_ics: 1.152e-01, lr: 1.000e-03, Time: 2.95e+02
Model state saved to ./results/models/checkpoints/schrodinger/qho/2025-09-04_18-18-37-021426/model.pth
Model state saved to ./results/models/checkpoints/schrodinger/qho/2025-09-04_18-18-37-021426/model_weights.pth
It: 41, Loss: 5.148e-02, Loss_res: 8.899e-03,  Loss_bcs: 3.089e-04, Loss_ut_ics: 1.669e-02, lr: 1.000e-03, Time: 3.02e+02
Model state saved to ./results/models/checkpoints/schrodinger/qho/2025-09-04_18-18-37-021426/model.pth
Model state saved to ./results/models/checkpoints/schrodinger/qho/2025-09-04_18-18-37-021426/model_weights.pth
It: 42, Loss: 1.096e-01, Loss_res: 1.682e-03,  Loss_bcs: 3.102e-04, Loss_ut_ics: 5.298e-02, lr: 1.000e-03, Time: 3.09e+02
Model state saved to ./results/models/checkpoints/schrodinger/qho/2025-09-04_18-18-37-021426/model.pth
Model state saved to ./results/models/checkpoints/schrodinger/qho/2025-09-04_18-18-37-021426/model_weights.pth
It: 43, Loss: 2.927e-02, Loss_res: 4.223e-03,  Loss_bcs: 3.284e-04, Loss_ut_ics: 1.025e-02, lr: 1.000e-03, Time: 3.16e+02
Model state saved to ./results/models/checkpoints/schrodinger/qho/2025-09-04_18-18-37-021426/model.pth
Model state saved to ./results/models/checkpoints/schrodinger/qho/2025-09-04_18-18-37-021426/model_weights.pth
It: 44, Loss: 3.750e-01, Loss_res: 1.520e-03,  Loss_bcs: 3.415e-04, Loss_ut_ics: 1.858e-01, lr: 1.000e-03, Time: 3.23e+02
Model state saved to ./results/models/checkpoints/schrodinger/qho/2025-09-04_18-18-37-021426/model.pth
Model state saved to ./results/models/checkpoints/schrodinger/qho/2025-09-04_18-18-37-021426/model_weights.pth
It: 45, Loss: 1.447e-01, Loss_res: 1.135e-02,  Loss_bcs: 3.472e-04, Loss_ut_ics: 6.083e-02, lr: 1.000e-03, Time: 3.30e+02
Model state saved to ./results/models/checkpoints/schrodinger/qho/2025-09-04_18-18-37-021426/model.pth
Model state saved to ./results/models/checkpoints/schrodinger/qho/2025-09-04_18-18-37-021426/model_weights.pth
It: 46, Loss: 2.287e-01, Loss_res: 6.481e-03,  Loss_bcs: 3.060e-04, Loss_ut_ics: 1.077e-01, lr: 1.000e-03, Time: 3.36e+02
Model state saved to ./results/models/checkpoints/schrodinger/qho/2025-09-04_18-18-37-021426/model.pth
Model state saved to ./results/models/checkpoints/schrodinger/qho/2025-09-04_18-18-37-021426/model_weights.pth
It: 47, Loss: 4.261e-01, Loss_res: 2.256e-03,  Loss_bcs: 2.193e-04, Loss_ut_ics: 2.107e-01, lr: 1.000e-03, Time: 3.43e+02
Model state saved to ./results/models/checkpoints/schrodinger/qho/2025-09-04_18-18-37-021426/model.pth
Model state saved to ./results/models/checkpoints/schrodinger/qho/2025-09-04_18-18-37-021426/model_weights.pth
It: 48, Loss: 1.158e-01, Loss_res: 2.472e-03,  Loss_bcs: 1.416e-04, Loss_ut_ics: 5.535e-02, lr: 1.000e-03, Time: 3.50e+02
Model state saved to ./results/models/checkpoints/schrodinger/qho/2025-09-04_18-18-37-021426/model.pth
Model state saved to ./results/models/checkpoints/schrodinger/qho/2025-09-04_18-18-37-021426/model_weights.pth
It: 49, Loss: 9.464e-02, Loss_res: 3.739e-03,  Loss_bcs: 8.443e-05, Loss_ut_ics: 4.354e-02, lr: 1.000e-03, Time: 3.57e+02
Model state saved to ./results/models/checkpoints/schrodinger/qho/2025-09-04_18-18-37-021426/model.pth
Model state saved to ./results/models/checkpoints/schrodinger/qho/2025-09-04_18-18-37-021426/model_weights.pth
It: 50, Loss: 4.218e-02, Loss_res: 4.894e-03,  Loss_bcs: 4.686e-05, Loss_ut_ics: 1.617e-02, lr: 1.000e-03, Time: 3.64e+02
Model state saved to ./results/models/checkpoints/schrodinger/qho/2025-09-04_18-18-37-021426/model.pth
Model state saved to ./results/models/checkpoints/schrodinger/qho/2025-09-04_18-18-37-021426/model_weights.pth
It: 51, Loss: 2.987e-01, Loss_res: 7.251e-03,  Loss_bcs: 2.488e-05, Loss_ut_ics: 1.421e-01, lr: 1.000e-03, Time: 3.71e+02
Model state saved to ./results/models/checkpoints/schrodinger/qho/2025-09-04_18-18-37-021426/model.pth
Model state saved to ./results/models/checkpoints/schrodinger/qho/2025-09-04_18-18-37-021426/model_weights.pth
It: 52, Loss: 8.203e-02, Loss_res: 6.633e-03,  Loss_bcs: 2.257e-05, Loss_ut_ics: 3.437e-02, lr: 1.000e-03, Time: 3.79e+02
Model state saved to ./results/models/checkpoints/schrodinger/qho/2025-09-04_18-18-37-021426/model.pth
Model state saved to ./results/models/checkpoints/schrodinger/qho/2025-09-04_18-18-37-021426/model_weights.pth
It: 53, Loss: 3.608e-01, Loss_res: 6.153e-03,  Loss_bcs: 2.629e-05, Loss_ut_ics: 1.742e-01, lr: 1.000e-03, Time: 3.86e+02
Model state saved to ./results/models/checkpoints/schrodinger/qho/2025-09-04_18-18-37-021426/model.pth
Model state saved to ./results/models/checkpoints/schrodinger/qho/2025-09-04_18-18-37-021426/model_weights.pth
It: 54, Loss: 2.657e-01, Loss_res: 8.443e-03,  Loss_bcs: 3.765e-05, Loss_ut_ics: 1.244e-01, lr: 1.000e-03, Time: 3.93e+02
Model state saved to ./results/models/checkpoints/schrodinger/qho/2025-09-04_18-18-37-021426/model.pth
Model state saved to ./results/models/checkpoints/schrodinger/qho/2025-09-04_18-18-37-021426/model_weights.pth
It: 55, Loss: 1.244e-01, Loss_res: 1.143e-02,  Loss_bcs: 5.049e-05, Loss_ut_ics: 5.077e-02, lr: 1.000e-03, Time: 4.00e+02
Model state saved to ./results/models/checkpoints/schrodinger/qho/2025-09-04_18-18-37-021426/model.pth
Model state saved to ./results/models/checkpoints/schrodinger/qho/2025-09-04_18-18-37-021426/model_weights.pth
It: 56, Loss: 5.425e-02, Loss_res: 8.755e-03,  Loss_bcs: 5.201e-05, Loss_ut_ics: 1.834e-02, lr: 1.000e-03, Time: 4.07e+02
Model state saved to ./results/models/checkpoints/schrodinger/qho/2025-09-04_18-18-37-021426/model.pth
Model state saved to ./results/models/checkpoints/schrodinger/qho/2025-09-04_18-18-37-021426/model_weights.pth
It: 57, Loss: 3.171e-01, Loss_res: 1.170e-02,  Loss_bcs: 4.783e-05, Loss_ut_ics: 1.468e-01, lr: 1.000e-03, Time: 4.14e+02
Model state saved to ./results/models/checkpoints/schrodinger/qho/2025-09-04_18-18-37-021426/model.pth
Model state saved to ./results/models/checkpoints/schrodinger/qho/2025-09-04_18-18-37-021426/model_weights.pth
It: 58, Loss: 1.316e-01, Loss_res: 1.295e-02,  Loss_bcs: 4.138e-05, Loss_ut_ics: 5.284e-02, lr: 1.000e-03, Time: 4.21e+02
Model state saved to ./results/models/checkpoints/schrodinger/qho/2025-09-04_18-18-37-021426/model.pth
Model state saved to ./results/models/checkpoints/schrodinger/qho/2025-09-04_18-18-37-021426/model_weights.pth
It: 59, Loss: 3.622e-02, Loss_res: 8.945e-03,  Loss_bcs: 3.975e-05, Loss_ut_ics: 9.144e-03, lr: 1.000e-03, Time: 4.28e+02
Model state saved to ./results/models/checkpoints/schrodinger/qho/2025-09-04_18-18-37-021426/model.pth
Model state saved to ./results/models/checkpoints/schrodinger/qho/2025-09-04_18-18-37-021426/model_weights.pth
It: 60, Loss: 5.957e-02, Loss_res: 5.338e-03,  Loss_bcs: 4.839e-05, Loss_ut_ics: 2.442e-02, lr: 1.000e-03, Time: 4.35e+02
Model state saved to ./results/models/checkpoints/schrodinger/qho/2025-09-04_18-18-37-021426/model.pth
Model state saved to ./results/models/checkpoints/schrodinger/qho/2025-09-04_18-18-37-021426/model_weights.pth
It: 61, Loss: 3.550e-02, Loss_res: 4.286e-03,  Loss_bcs: 8.108e-05, Loss_ut_ics: 1.342e-02, lr: 1.000e-03, Time: 4.43e+02
Model state saved to ./results/models/checkpoints/schrodinger/qho/2025-09-04_18-18-37-021426/model.pth
Model state saved to ./results/models/checkpoints/schrodinger/qho/2025-09-04_18-18-37-021426/model_weights.pth
It: 62, Loss: 2.487e-02, Loss_res: 1.220e-02,  Loss_bcs: 1.374e-04, Loss_ut_ics: 1.604e-04, lr: 1.000e-03, Time: 4.50e+02
Model state saved to ./results/models/checkpoints/schrodinger/qho/2025-09-04_18-18-37-021426/model.pth
Model state saved to ./results/models/checkpoints/schrodinger/qho/2025-09-04_18-18-37-021426/model_weights.pth
It: 63, Loss: 1.254e-01, Loss_res: 6.762e-03,  Loss_bcs: 2.004e-04, Loss_ut_ics: 5.586e-02, lr: 1.000e-03, Time: 4.56e+02
Model state saved to ./results/models/checkpoints/schrodinger/qho/2025-09-04_18-18-37-021426/model.pth
Model state saved to ./results/models/checkpoints/schrodinger/qho/2025-09-04_18-18-37-021426/model_weights.pth
It: 64, Loss: 2.541e-01, Loss_res: 6.576e-03,  Loss_bcs: 2.593e-04, Loss_ut_ics: 1.203e-01, lr: 1.000e-03, Time: 4.64e+02
Model state saved to ./results/models/checkpoints/schrodinger/qho/2025-09-04_18-18-37-021426/model.pth
Model state saved to ./results/models/checkpoints/schrodinger/qho/2025-09-04_18-18-37-021426/model_weights.pth
It: 65, Loss: 3.112e-02, Loss_res: 1.525e-02,  Loss_bcs: 2.913e-04, Loss_ut_ics: 1.659e-04, lr: 1.000e-03, Time: 4.71e+02
Model state saved to ./results/models/checkpoints/schrodinger/qho/2025-09-04_18-18-37-021426/model.pth
Model state saved to ./results/models/checkpoints/schrodinger/qho/2025-09-04_18-18-37-021426/model_weights.pth
It: 66, Loss: 1.320e-01, Loss_res: 7.460e-03,  Loss_bcs: 2.386e-04, Loss_ut_ics: 5.844e-02, lr: 1.000e-03, Time: 4.77e+02
Model state saved to ./results/models/checkpoints/schrodinger/qho/2025-09-04_18-18-37-021426/model.pth
Model state saved to ./results/models/checkpoints/schrodinger/qho/2025-09-04_18-18-37-021426/model_weights.pth
It: 67, Loss: 4.063e-01, Loss_res: 1.124e-02,  Loss_bcs: 1.762e-04, Loss_ut_ics: 1.918e-01, lr: 1.000e-03, Time: 4.84e+02
Model state saved to ./results/models/checkpoints/schrodinger/qho/2025-09-04_18-18-37-021426/model.pth
Model state saved to ./results/models/checkpoints/schrodinger/qho/2025-09-04_18-18-37-021426/model_weights.pth
It: 68, Loss: 3.573e-02, Loss_res: 7.677e-03,  Loss_bcs: 1.222e-04, Loss_ut_ics: 1.013e-02, lr: 1.000e-03, Time: 4.91e+02
Model state saved to ./results/models/checkpoints/schrodinger/qho/2025-09-04_18-18-37-021426/model.pth
Model state saved to ./results/models/checkpoints/schrodinger/qho/2025-09-04_18-18-37-021426/model_weights.pth
It: 69, Loss: 2.853e-01, Loss_res: 1.304e-02,  Loss_bcs: 8.683e-05, Loss_ut_ics: 1.296e-01, lr: 1.000e-03, Time: 4.98e+02
Model state saved to ./results/models/checkpoints/schrodinger/qho/2025-09-04_18-18-37-021426/model.pth
Model state saved to ./results/models/checkpoints/schrodinger/qho/2025-09-04_18-18-37-021426/model_weights.pth
It: 70, Loss: 2.875e-01, Loss_res: 1.219e-02,  Loss_bcs: 6.051e-05, Loss_ut_ics: 1.315e-01, lr: 1.000e-03, Time: 5.05e+02
Model state saved to ./results/models/checkpoints/schrodinger/qho/2025-09-04_18-18-37-021426/model.pth
Model state saved to ./results/models/checkpoints/schrodinger/qho/2025-09-04_18-18-37-021426/model_weights.pth
It: 71, Loss: 1.721e-01, Loss_res: 1.179e-02,  Loss_bcs: 5.434e-05, Loss_ut_ics: 7.425e-02, lr: 1.000e-03, Time: 5.12e+02
Model state saved to ./results/models/checkpoints/schrodinger/qho/2025-09-04_18-18-37-021426/model.pth
Model state saved to ./results/models/checkpoints/schrodinger/qho/2025-09-04_18-18-37-021426/model_weights.pth
It: 72, Loss: 2.692e-02, Loss_res: 1.305e-02,  Loss_bcs: 6.269e-05, Loss_ut_ics: 3.739e-04, lr: 1.000e-03, Time: 5.19e+02
Model state saved to ./results/models/checkpoints/schrodinger/qho/2025-09-04_18-18-37-021426/model.pth
Model state saved to ./results/models/checkpoints/schrodinger/qho/2025-09-04_18-18-37-021426/model_weights.pth
It: 73, Loss: 4.660e-02, Loss_res: 1.617e-02,  Loss_bcs: 8.132e-05, Loss_ut_ics: 7.089e-03, lr: 1.000e-03, Time: 5.26e+02
Model state saved to ./results/models/checkpoints/schrodinger/qho/2025-09-04_18-18-37-021426/model.pth
Model state saved to ./results/models/checkpoints/schrodinger/qho/2025-09-04_18-18-37-021426/model_weights.pth
It: 74, Loss: 6.820e-02, Loss_res: 1.197e-02,  Loss_bcs: 1.086e-04, Loss_ut_ics: 2.207e-02, lr: 1.000e-03, Time: 5.33e+02
Model state saved to ./results/models/checkpoints/schrodinger/qho/2025-09-04_18-18-37-021426/model.pth
Model state saved to ./results/models/checkpoints/schrodinger/qho/2025-09-04_18-18-37-021426/model_weights.pth
It: 75, Loss: 1.767e-01, Loss_res: 1.060e-02,  Loss_bcs: 1.546e-04, Loss_ut_ics: 7.769e-02, lr: 1.000e-03, Time: 5.40e+02
Model state saved to ./results/models/checkpoints/schrodinger/qho/2025-09-04_18-18-37-021426/model.pth
Model state saved to ./results/models/checkpoints/schrodinger/qho/2025-09-04_18-18-37-021426/model_weights.pth
It: 76, Loss: 3.299e-02, Loss_res: 1.184e-02,  Loss_bcs: 1.975e-04, Loss_ut_ics: 4.554e-03, lr: 1.000e-03, Time: 5.47e+02
Model state saved to ./results/models/checkpoints/schrodinger/qho/2025-09-04_18-18-37-021426/model.pth
Model state saved to ./results/models/checkpoints/schrodinger/qho/2025-09-04_18-18-37-021426/model_weights.pth
It: 77, Loss: 3.632e-02, Loss_res: 1.010e-02,  Loss_bcs: 2.236e-04, Loss_ut_ics: 7.951e-03, lr: 1.000e-03, Time: 5.54e+02
Model state saved to ./results/models/checkpoints/schrodinger/qho/2025-09-04_18-18-37-021426/model.pth
Model state saved to ./results/models/checkpoints/schrodinger/qho/2025-09-04_18-18-37-021426/model_weights.pth
It: 78, Loss: 4.456e-01, Loss_res: 1.128e-02,  Loss_bcs: 2.450e-04, Loss_ut_ics: 2.114e-01, lr: 1.000e-03, Time: 5.61e+02
Model state saved to ./results/models/checkpoints/schrodinger/qho/2025-09-04_18-18-37-021426/model.pth
Model state saved to ./results/models/checkpoints/schrodinger/qho/2025-09-04_18-18-37-021426/model_weights.pth
It: 79, Loss: 7.061e-02, Loss_res: 8.593e-03,  Loss_bcs: 2.357e-04, Loss_ut_ics: 2.659e-02, lr: 1.000e-03, Time: 5.69e+02
Model state saved to ./results/models/checkpoints/schrodinger/qho/2025-09-04_18-18-37-021426/model.pth
Model state saved to ./results/models/checkpoints/schrodinger/qho/2025-09-04_18-18-37-021426/model_weights.pth
It: 80, Loss: 2.642e-02, Loss_res: 1.267e-02,  Loss_bcs: 2.462e-04, Loss_ut_ics: 4.116e-04, lr: 1.000e-03, Time: 5.75e+02
Model state saved to ./results/models/checkpoints/schrodinger/qho/2025-09-04_18-18-37-021426/model.pth
Model state saved to ./results/models/checkpoints/schrodinger/qho/2025-09-04_18-18-37-021426/model_weights.pth
It: 81, Loss: 3.666e-01, Loss_res: 1.384e-02,  Loss_bcs: 2.502e-04, Loss_ut_ics: 1.693e-01, lr: 1.000e-03, Time: 5.82e+02
Model state saved to ./results/models/checkpoints/schrodinger/qho/2025-09-04_18-18-37-021426/model.pth
Model state saved to ./results/models/checkpoints/schrodinger/qho/2025-09-04_18-18-37-021426/model_weights.pth
It: 82, Loss: 2.194e-02, Loss_res: 1.058e-02,  Loss_bcs: 2.319e-04, Loss_ut_ics: 2.727e-04, lr: 1.000e-03, Time: 5.89e+02
Model state saved to ./results/models/checkpoints/schrodinger/qho/2025-09-04_18-18-37-021426/model.pth
Model state saved to ./results/models/checkpoints/schrodinger/qho/2025-09-04_18-18-37-021426/model_weights.pth
It: 83, Loss: 1.076e-01, Loss_res: 1.031e-02,  Loss_bcs: 2.048e-04, Loss_ut_ics: 4.340e-02, lr: 1.000e-03, Time: 5.98e+02
Model state saved to ./results/models/checkpoints/schrodinger/qho/2025-09-04_18-18-37-021426/model.pth
Model state saved to ./results/models/checkpoints/schrodinger/qho/2025-09-04_18-18-37-021426/model_weights.pth
It: 84, Loss: 2.113e-01, Loss_res: 1.057e-02,  Loss_bcs: 1.943e-04, Loss_ut_ics: 9.499e-02, lr: 1.000e-03, Time: 6.06e+02
Model state saved to ./results/models/checkpoints/schrodinger/qho/2025-09-04_18-18-37-021426/model.pth
Model state saved to ./results/models/checkpoints/schrodinger/qho/2025-09-04_18-18-37-021426/model_weights.pth
It: 85, Loss: 1.357e-01, Loss_res: 1.178e-02,  Loss_bcs: 1.707e-04, Loss_ut_ics: 5.600e-02, lr: 1.000e-03, Time: 6.14e+02
Model state saved to ./results/models/checkpoints/schrodinger/qho/2025-09-04_18-18-37-021426/model.pth
Model state saved to ./results/models/checkpoints/schrodinger/qho/2025-09-04_18-18-37-021426/model_weights.pth
It: 86, Loss: 2.232e-01, Loss_res: 9.712e-03,  Loss_bcs: 1.707e-04, Loss_ut_ics: 1.018e-01, lr: 1.000e-03, Time: 6.21e+02
Model state saved to ./results/models/checkpoints/schrodinger/qho/2025-09-04_18-18-37-021426/model.pth
Model state saved to ./results/models/checkpoints/schrodinger/qho/2025-09-04_18-18-37-021426/model_weights.pth
It: 87, Loss: 4.568e-01, Loss_res: 9.597e-03,  Loss_bcs: 1.742e-04, Loss_ut_ics: 2.187e-01, lr: 1.000e-03, Time: 6.29e+02
Model state saved to ./results/models/checkpoints/schrodinger/qho/2025-09-04_18-18-37-021426/model.pth
Model state saved to ./results/models/checkpoints/schrodinger/qho/2025-09-04_18-18-37-021426/model_weights.pth
It: 88, Loss: 2.406e-01, Loss_res: 1.248e-02,  Loss_bcs: 1.775e-04, Loss_ut_ics: 1.077e-01, lr: 1.000e-03, Time: 6.36e+02
Model state saved to ./results/models/checkpoints/schrodinger/qho/2025-09-04_18-18-37-021426/model.pth
Model state saved to ./results/models/checkpoints/schrodinger/qho/2025-09-04_18-18-37-021426/model_weights.pth
It: 89, Loss: 1.459e-01, Loss_res: 1.483e-02,  Loss_bcs: 1.907e-04, Loss_ut_ics: 5.802e-02, lr: 1.000e-03, Time: 6.43e+02
Model state saved to ./results/models/checkpoints/schrodinger/qho/2025-09-04_18-18-37-021426/model.pth
Model state saved to ./results/models/checkpoints/schrodinger/qho/2025-09-04_18-18-37-021426/model_weights.pth
It: 90, Loss: 1.494e-01, Loss_res: 1.124e-02,  Loss_bcs: 2.023e-04, Loss_ut_ics: 6.333e-02, lr: 1.000e-03, Time: 6.51e+02
Model state saved to ./results/models/checkpoints/schrodinger/qho/2025-09-04_18-18-37-021426/model.pth
Model state saved to ./results/models/checkpoints/schrodinger/qho/2025-09-04_18-18-37-021426/model_weights.pth
It: 91, Loss: 4.835e-02, Loss_res: 1.539e-02,  Loss_bcs: 2.096e-04, Loss_ut_ics: 8.684e-03, lr: 1.000e-03, Time: 6.58e+02
Model state saved to ./results/models/checkpoints/schrodinger/qho/2025-09-04_18-18-37-021426/model.pth
Model state saved to ./results/models/checkpoints/schrodinger/qho/2025-09-04_18-18-37-021426/model_weights.pth
It: 92, Loss: 8.744e-02, Loss_res: 1.925e-02,  Loss_bcs: 1.578e-04, Loss_ut_ics: 2.439e-02, lr: 1.000e-03, Time: 6.65e+02
Model state saved to ./results/models/checkpoints/schrodinger/qho/2025-09-04_18-18-37-021426/model.pth
Model state saved to ./results/models/checkpoints/schrodinger/qho/2025-09-04_18-18-37-021426/model_weights.pth
It: 93, Loss: 4.974e-02, Loss_res: 1.852e-02,  Loss_bcs: 1.262e-04, Loss_ut_ics: 6.292e-03, lr: 1.000e-03, Time: 6.71e+02
Model state saved to ./results/models/checkpoints/schrodinger/qho/2025-09-04_18-18-37-021426/model.pth
Model state saved to ./results/models/checkpoints/schrodinger/qho/2025-09-04_18-18-37-021426/model_weights.pth
It: 94, Loss: 2.153e-02, Loss_res: 1.015e-02,  Loss_bcs: 1.029e-04, Loss_ut_ics: 5.661e-04, lr: 1.000e-03, Time: 6.78e+02
Model state saved to ./results/models/checkpoints/schrodinger/qho/2025-09-04_18-18-37-021426/model.pth
Model state saved to ./results/models/checkpoints/schrodinger/qho/2025-09-04_18-18-37-021426/model_weights.pth
It: 95, Loss: 1.083e-01, Loss_res: 1.851e-02,  Loss_bcs: 8.552e-05, Loss_ut_ics: 3.558e-02, lr: 1.000e-03, Time: 6.86e+02
Model state saved to ./results/models/checkpoints/schrodinger/qho/2025-09-04_18-18-37-021426/model.pth
Model state saved to ./results/models/checkpoints/schrodinger/qho/2025-09-04_18-18-37-021426/model_weights.pth
It: 96, Loss: 2.302e-01, Loss_res: 1.831e-02,  Loss_bcs: 9.010e-05, Loss_ut_ics: 9.673e-02, lr: 1.000e-03, Time: 6.94e+02
Model state saved to ./results/models/checkpoints/schrodinger/qho/2025-09-04_18-18-37-021426/model.pth
Model state saved to ./results/models/checkpoints/schrodinger/qho/2025-09-04_18-18-37-021426/model_weights.pth
It: 97, Loss: 2.897e-02, Loss_res: 1.238e-02,  Loss_bcs: 1.036e-04, Loss_ut_ics: 2.054e-03, lr: 1.000e-03, Time: 7.02e+02
Model state saved to ./results/models/checkpoints/schrodinger/qho/2025-09-04_18-18-37-021426/model.pth
Model state saved to ./results/models/checkpoints/schrodinger/qho/2025-09-04_18-18-37-021426/model_weights.pth
It: 98, Loss: 7.154e-02, Loss_res: 2.373e-02,  Loss_bcs: 1.346e-04, Loss_ut_ics: 1.197e-02, lr: 1.000e-03, Time: 7.09e+02
Model state saved to ./results/models/checkpoints/schrodinger/qho/2025-09-04_18-18-37-021426/model.pth
Model state saved to ./results/models/checkpoints/schrodinger/qho/2025-09-04_18-18-37-021426/model_weights.pth
It: 99, Loss: 1.627e-01, Loss_res: 1.555e-02,  Loss_bcs: 2.154e-04, Loss_ut_ics: 6.568e-02, lr: 1.000e-03, Time: 7.16e+02
Model state saved to ./results/models/checkpoints/schrodinger/qho/2025-09-04_18-18-37-021426/model.pth
Model state saved to ./results/models/checkpoints/schrodinger/qho/2025-09-04_18-18-37-021426/model_weights.pth
It: 100, Loss: 1.003e-01, Loss_res: 1.461e-02,  Loss_bcs: 3.630e-04, Loss_ut_ics: 3.535e-02, lr: 1.000e-03, Time: 7.23e+02
Model state saved to ./results/models/checkpoints/schrodinger/qho/2025-09-04_18-18-37-021426/model.pth
Model state saved to ./results/models/checkpoints/schrodinger/qho/2025-09-04_18-18-37-021426/model_weights.pth
It: 101, Loss: 2.603e-01, Loss_res: 2.084e-02,  Loss_bcs: 5.798e-04, Loss_ut_ics: 1.090e-01, lr: 1.000e-03, Time: 7.31e+02
Model state saved to ./results/models/checkpoints/schrodinger/qho/2025-09-04_18-18-37-021426/model.pth
Model state saved to ./results/models/checkpoints/schrodinger/qho/2025-09-04_18-18-37-021426/model_weights.pth
It: 102, Loss: 1.291e-01, Loss_res: 2.581e-02,  Loss_bcs: 6.297e-04, Loss_ut_ics: 3.845e-02, lr: 1.000e-03, Time: 7.39e+02
Model state saved to ./results/models/checkpoints/schrodinger/qho/2025-09-04_18-18-37-021426/model.pth
Model state saved to ./results/models/checkpoints/schrodinger/qho/2025-09-04_18-18-37-021426/model_weights.pth
It: 103, Loss: 2.465e-01, Loss_res: 1.945e-02,  Loss_bcs: 5.030e-04, Loss_ut_ics: 1.035e-01, lr: 1.000e-03, Time: 7.45e+02
Model state saved to ./results/models/checkpoints/schrodinger/qho/2025-09-04_18-18-37-021426/model.pth
Model state saved to ./results/models/checkpoints/schrodinger/qho/2025-09-04_18-18-37-021426/model_weights.pth
It: 104, Loss: 8.919e-02, Loss_res: 1.654e-02,  Loss_bcs: 3.415e-04, Loss_ut_ics: 2.788e-02, lr: 1.000e-03, Time: 7.52e+02
Model state saved to ./results/models/checkpoints/schrodinger/qho/2025-09-04_18-18-37-021426/model.pth
Model state saved to ./results/models/checkpoints/schrodinger/qho/2025-09-04_18-18-37-021426/model_weights.pth
It: 105, Loss: 2.866e-01, Loss_res: 1.376e-02,  Loss_bcs: 1.931e-04, Loss_ut_ics: 1.294e-01, lr: 1.000e-03, Time: 7.59e+02
Model state saved to ./results/models/checkpoints/schrodinger/qho/2025-09-04_18-18-37-021426/model.pth
Model state saved to ./results/models/checkpoints/schrodinger/qho/2025-09-04_18-18-37-021426/model_weights.pth
It: 106, Loss: 1.949e-01, Loss_res: 2.046e-02,  Loss_bcs: 1.104e-04, Loss_ut_ics: 7.695e-02, lr: 1.000e-03, Time: 7.66e+02
Model state saved to ./results/models/checkpoints/schrodinger/qho/2025-09-04_18-18-37-021426/model.pth
Model state saved to ./results/models/checkpoints/schrodinger/qho/2025-09-04_18-18-37-021426/model_weights.pth
It: 107, Loss: 3.878e-02, Loss_res: 1.884e-02,  Loss_bcs: 7.079e-05, Loss_ut_ics: 5.131e-04, lr: 1.000e-03, Time: 7.73e+02
Model state saved to ./results/models/checkpoints/schrodinger/qho/2025-09-04_18-18-37-021426/model.pth
Model state saved to ./results/models/checkpoints/schrodinger/qho/2025-09-04_18-18-37-021426/model_weights.pth
It: 108, Loss: 3.614e-02, Loss_res: 1.756e-02,  Loss_bcs: 6.629e-05, Loss_ut_ics: 4.747e-04, lr: 1.000e-03, Time: 7.80e+02
Model state saved to ./results/models/checkpoints/schrodinger/qho/2025-09-04_18-18-37-021426/model.pth
Model state saved to ./results/models/checkpoints/schrodinger/qho/2025-09-04_18-18-37-021426/model_weights.pth
It: 109, Loss: 1.457e-01, Loss_res: 2.321e-02,  Loss_bcs: 8.417e-05, Loss_ut_ics: 4.962e-02, lr: 1.000e-03, Time: 7.87e+02
Model state saved to ./results/models/checkpoints/schrodinger/qho/2025-09-04_18-18-37-021426/model.pth
Model state saved to ./results/models/checkpoints/schrodinger/qho/2025-09-04_18-18-37-021426/model_weights.pth
It: 110, Loss: 1.172e-01, Loss_res: 1.589e-02,  Loss_bcs: 1.341e-04, Loss_ut_ics: 4.265e-02, lr: 1.000e-03, Time: 7.94e+02
Model state saved to ./results/models/checkpoints/schrodinger/qho/2025-09-04_18-18-37-021426/model.pth
Model state saved to ./results/models/checkpoints/schrodinger/qho/2025-09-04_18-18-37-021426/model_weights.pth
It: 111, Loss: 3.470e-02, Loss_res: 1.687e-02,  Loss_bcs: 2.292e-04, Loss_ut_ics: 3.706e-04, lr: 1.000e-03, Time: 8.01e+02
Model state saved to ./results/models/checkpoints/schrodinger/qho/2025-09-04_18-18-37-021426/model.pth
Model state saved to ./results/models/checkpoints/schrodinger/qho/2025-09-04_18-18-37-021426/model_weights.pth
It: 112, Loss: 1.168e-01, Loss_res: 1.795e-02,  Loss_bcs: 3.902e-04, Loss_ut_ics: 4.025e-02, lr: 1.000e-03, Time: 8.08e+02
Model state saved to ./results/models/checkpoints/schrodinger/qho/2025-09-04_18-18-37-021426/model.pth
Model state saved to ./results/models/checkpoints/schrodinger/qho/2025-09-04_18-18-37-021426/model_weights.pth
It: 113, Loss: 2.388e-01, Loss_res: 1.818e-02,  Loss_bcs: 6.230e-04, Loss_ut_ics: 1.009e-01, lr: 1.000e-03, Time: 8.15e+02
Model state saved to ./results/models/checkpoints/schrodinger/qho/2025-09-04_18-18-37-021426/model.pth
Model state saved to ./results/models/checkpoints/schrodinger/qho/2025-09-04_18-18-37-021426/model_weights.pth
It: 114, Loss: 3.172e-01, Loss_res: 9.737e-03,  Loss_bcs: 8.629e-04, Loss_ut_ics: 1.484e-01, lr: 1.000e-03, Time: 8.22e+02
Model state saved to ./results/models/checkpoints/schrodinger/qho/2025-09-04_18-18-37-021426/model.pth
Model state saved to ./results/models/checkpoints/schrodinger/qho/2025-09-04_18-18-37-021426/model_weights.pth
It: 115, Loss: 1.671e-01, Loss_res: 1.228e-02,  Loss_bcs: 1.080e-03, Loss_ut_ics: 7.072e-02, lr: 1.000e-03, Time: 8.30e+02
Model state saved to ./results/models/checkpoints/schrodinger/qho/2025-09-04_18-18-37-021426/model.pth
Model state saved to ./results/models/checkpoints/schrodinger/qho/2025-09-04_18-18-37-021426/model_weights.pth
It: 116, Loss: 1.613e-01, Loss_res: 1.374e-02,  Loss_bcs: 1.196e-03, Loss_ut_ics: 6.630e-02, lr: 1.000e-03, Time: 8.38e+02
Model state saved to ./results/models/checkpoints/schrodinger/qho/2025-09-04_18-18-37-021426/model.pth
Model state saved to ./results/models/checkpoints/schrodinger/qho/2025-09-04_18-18-37-021426/model_weights.pth
It: 117, Loss: 1.112e-01, Loss_res: 2.143e-02,  Loss_bcs: 1.118e-03, Loss_ut_ics: 3.364e-02, lr: 1.000e-03, Time: 8.45e+02
Model state saved to ./results/models/checkpoints/schrodinger/qho/2025-09-04_18-18-37-021426/model.pth
Model state saved to ./results/models/checkpoints/schrodinger/qho/2025-09-04_18-18-37-021426/model_weights.pth
It: 118, Loss: 1.568e-01, Loss_res: 1.689e-02,  Loss_bcs: 8.755e-04, Loss_ut_ics: 6.107e-02, lr: 1.000e-03, Time: 8.53e+02
Model state saved to ./results/models/checkpoints/schrodinger/qho/2025-09-04_18-18-37-021426/model.pth
Model state saved to ./results/models/checkpoints/schrodinger/qho/2025-09-04_18-18-37-021426/model_weights.pth
It: 119, Loss: 3.076e-02, Loss_res: 1.488e-02,  Loss_bcs: 5.803e-04, Loss_ut_ics: 2.124e-04, lr: 1.000e-03, Time: 8.64e+02
Model state saved to ./results/models/checkpoints/schrodinger/qho/2025-09-04_18-18-37-021426/model.pth
Model state saved to ./results/models/checkpoints/schrodinger/qho/2025-09-04_18-18-37-021426/model_weights.pth
It: 120, Loss: 3.756e-02, Loss_res: 1.592e-02,  Loss_bcs: 3.437e-04, Loss_ut_ics: 2.690e-03, lr: 1.000e-03, Time: 8.72e+02
Model state saved to ./results/models/checkpoints/schrodinger/qho/2025-09-04_18-18-37-021426/model.pth
Model state saved to ./results/models/checkpoints/schrodinger/qho/2025-09-04_18-18-37-021426/model_weights.pth
It: 121, Loss: 6.874e-02, Loss_res: 1.743e-02,  Loss_bcs: 1.748e-04, Loss_ut_ics: 1.685e-02, lr: 1.000e-03, Time: 8.80e+02
Model state saved to ./results/models/checkpoints/schrodinger/qho/2025-09-04_18-18-37-021426/model.pth
Model state saved to ./results/models/checkpoints/schrodinger/qho/2025-09-04_18-18-37-021426/model_weights.pth
It: 122, Loss: 3.516e-01, Loss_res: 1.860e-02,  Loss_bcs: 9.926e-05, Loss_ut_ics: 1.571e-01, lr: 1.000e-03, Time: 8.88e+02
Model state saved to ./results/models/checkpoints/schrodinger/qho/2025-09-04_18-18-37-021426/model.pth
Model state saved to ./results/models/checkpoints/schrodinger/qho/2025-09-04_18-18-37-021426/model_weights.pth
It: 123, Loss: 2.312e-01, Loss_res: 1.838e-02,  Loss_bcs: 6.797e-05, Loss_ut_ics: 9.717e-02, lr: 1.000e-03, Time: 8.95e+02
Model state saved to ./results/models/checkpoints/schrodinger/qho/2025-09-04_18-18-37-021426/model.pth
Model state saved to ./results/models/checkpoints/schrodinger/qho/2025-09-04_18-18-37-021426/model_weights.pth
It: 124, Loss: 4.981e-01, Loss_res: 2.677e-02,  Loss_bcs: 6.005e-05, Loss_ut_ics: 2.223e-01, lr: 1.000e-03, Time: 9.04e+02
Model state saved to ./results/models/checkpoints/schrodinger/qho/2025-09-04_18-18-37-021426/model.pth
Model state saved to ./results/models/checkpoints/schrodinger/qho/2025-09-04_18-18-37-021426/model_weights.pth
It: 125, Loss: 1.503e-01, Loss_res: 1.703e-02,  Loss_bcs: 5.758e-05, Loss_ut_ics: 5.811e-02, lr: 1.000e-03, Time: 9.12e+02
Model state saved to ./results/models/checkpoints/schrodinger/qho/2025-09-04_18-18-37-021426/model.pth
Model state saved to ./results/models/checkpoints/schrodinger/qho/2025-09-04_18-18-37-021426/model_weights.pth
It: 126, Loss: 3.669e-02, Loss_res: 1.499e-02,  Loss_bcs: 5.978e-05, Loss_ut_ics: 3.324e-03, lr: 1.000e-03, Time: 9.20e+02
Model state saved to ./results/models/checkpoints/schrodinger/qho/2025-09-04_18-18-37-021426/model.pth
Model state saved to ./results/models/checkpoints/schrodinger/qho/2025-09-04_18-18-37-021426/model_weights.pth
It: 127, Loss: 2.746e-02, Loss_res: 1.333e-02,  Loss_bcs: 8.406e-05, Loss_ut_ics: 3.526e-04, lr: 1.000e-03, Time: 9.27e+02
Model state saved to ./results/models/checkpoints/schrodinger/qho/2025-09-04_18-18-37-021426/model.pth
Model state saved to ./results/models/checkpoints/schrodinger/qho/2025-09-04_18-18-37-021426/model_weights.pth
It: 128, Loss: 1.645e-01, Loss_res: 1.432e-02,  Loss_bcs: 1.468e-04, Loss_ut_ics: 6.785e-02, lr: 1.000e-03, Time: 9.34e+02
Model state saved to ./results/models/checkpoints/schrodinger/qho/2025-09-04_18-18-37-021426/model.pth
Model state saved to ./results/models/checkpoints/schrodinger/qho/2025-09-04_18-18-37-021426/model_weights.pth
It: 129, Loss: 4.260e-01, Loss_res: 1.340e-02,  Loss_bcs: 2.481e-04, Loss_ut_ics: 1.995e-01, lr: 1.000e-03, Time: 9.41e+02
Model state saved to ./results/models/checkpoints/schrodinger/qho/2025-09-04_18-18-37-021426/model.pth
Model state saved to ./results/models/checkpoints/schrodinger/qho/2025-09-04_18-18-37-021426/model_weights.pth
It: 130, Loss: 5.329e-02, Loss_res: 1.624e-02,  Loss_bcs: 3.454e-04, Loss_ut_ics: 1.023e-02, lr: 1.000e-03, Time: 9.48e+02
Model state saved to ./results/models/checkpoints/schrodinger/qho/2025-09-04_18-18-37-021426/model.pth
Model state saved to ./results/models/checkpoints/schrodinger/qho/2025-09-04_18-18-37-021426/model_weights.pth
It: 131, Loss: 1.429e-01, Loss_res: 1.654e-02,  Loss_bcs: 3.660e-04, Loss_ut_ics: 5.470e-02, lr: 1.000e-03, Time: 9.55e+02
Model state saved to ./results/models/checkpoints/schrodinger/qho/2025-09-04_18-18-37-021426/model.pth
Model state saved to ./results/models/checkpoints/schrodinger/qho/2025-09-04_18-18-37-021426/model_weights.pth
It: 132, Loss: 3.018e-01, Loss_res: 9.037e-03,  Loss_bcs: 3.458e-04, Loss_ut_ics: 1.417e-01, lr: 1.000e-03, Time: 9.62e+02
Model state saved to ./results/models/checkpoints/schrodinger/qho/2025-09-04_18-18-37-021426/model.pth
Model state saved to ./results/models/checkpoints/schrodinger/qho/2025-09-04_18-18-37-021426/model_weights.pth
It: 133, Loss: 6.911e-02, Loss_res: 1.995e-02,  Loss_bcs: 2.873e-04, Loss_ut_ics: 1.446e-02, lr: 1.000e-03, Time: 9.69e+02
Model state saved to ./results/models/checkpoints/schrodinger/qho/2025-09-04_18-18-37-021426/model.pth
Model state saved to ./results/models/checkpoints/schrodinger/qho/2025-09-04_18-18-37-021426/model_weights.pth
It: 134, Loss: 7.821e-02, Loss_res: 2.209e-02,  Loss_bcs: 2.771e-04, Loss_ut_ics: 1.688e-02, lr: 1.000e-03, Time: 9.76e+02
Model state saved to ./results/models/checkpoints/schrodinger/qho/2025-09-04_18-18-37-021426/model.pth
Model state saved to ./results/models/checkpoints/schrodinger/qho/2025-09-04_18-18-37-021426/model_weights.pth
It: 135, Loss: 4.364e-02, Loss_res: 1.129e-02,  Loss_bcs: 1.764e-04, Loss_ut_ics: 1.044e-02, lr: 1.000e-03, Time: 9.83e+02
Model state saved to ./results/models/checkpoints/schrodinger/qho/2025-09-04_18-18-37-021426/model.pth
Model state saved to ./results/models/checkpoints/schrodinger/qho/2025-09-04_18-18-37-021426/model_weights.pth
It: 136, Loss: 4.818e-02, Loss_res: 2.288e-02,  Loss_bcs: 1.262e-04, Loss_ut_ics: 1.146e-03, lr: 1.000e-03, Time: 9.91e+02
Model state saved to ./results/models/checkpoints/schrodinger/qho/2025-09-04_18-18-37-021426/model.pth
Model state saved to ./results/models/checkpoints/schrodinger/qho/2025-09-04_18-18-37-021426/model_weights.pth
It: 137, Loss: 7.202e-02, Loss_res: 1.610e-02,  Loss_bcs: 1.043e-04, Loss_ut_ics: 1.986e-02, lr: 1.000e-03, Time: 9.98e+02
Model state saved to ./results/models/checkpoints/schrodinger/qho/2025-09-04_18-18-37-021426/model.pth
Model state saved to ./results/models/checkpoints/schrodinger/qho/2025-09-04_18-18-37-021426/model_weights.pth
It: 138, Loss: 2.478e-01, Loss_res: 1.819e-02,  Loss_bcs: 1.069e-04, Loss_ut_ics: 1.057e-01, lr: 1.000e-03, Time: 1.00e+03
Model state saved to ./results/models/checkpoints/schrodinger/qho/2025-09-04_18-18-37-021426/model.pth
Model state saved to ./results/models/checkpoints/schrodinger/qho/2025-09-04_18-18-37-021426/model_weights.pth
It: 139, Loss: 3.314e-02, Loss_res: 1.625e-02,  Loss_bcs: 1.250e-04, Loss_ut_ics: 2.608e-04, lr: 1.000e-03, Time: 1.01e+03
Model state saved to ./results/models/checkpoints/schrodinger/qho/2025-09-04_18-18-37-021426/model.pth
Model state saved to ./results/models/checkpoints/schrodinger/qho/2025-09-04_18-18-37-021426/model_weights.pth
It: 140, Loss: 1.386e-01, Loss_res: 9.790e-03,  Loss_bcs: 1.916e-04, Loss_ut_ics: 5.943e-02, lr: 1.000e-03, Time: 1.02e+03
Model state saved to ./results/models/checkpoints/schrodinger/qho/2025-09-04_18-18-37-021426/model.pth
Model state saved to ./results/models/checkpoints/schrodinger/qho/2025-09-04_18-18-37-021426/model_weights.pth
It: 141, Loss: 2.268e-01, Loss_res: 1.438e-02,  Loss_bcs: 2.699e-04, Loss_ut_ics: 9.890e-02, lr: 1.000e-03, Time: 1.03e+03
Model state saved to ./results/models/checkpoints/schrodinger/qho/2025-09-04_18-18-37-021426/model.pth
Model state saved to ./results/models/checkpoints/schrodinger/qho/2025-09-04_18-18-37-021426/model_weights.pth
It: 142, Loss: 1.060e-01, Loss_res: 1.780e-02,  Loss_bcs: 3.258e-04, Loss_ut_ics: 3.505e-02, lr: 1.000e-03, Time: 1.03e+03
Model state saved to ./results/models/checkpoints/schrodinger/qho/2025-09-04_18-18-37-021426/model.pth
Model state saved to ./results/models/checkpoints/schrodinger/qho/2025-09-04_18-18-37-021426/model_weights.pth
It: 143, Loss: 2.569e-01, Loss_res: 2.306e-02,  Loss_bcs: 3.459e-04, Loss_ut_ics: 1.052e-01, lr: 1.000e-03, Time: 1.04e+03
Model state saved to ./results/models/checkpoints/schrodinger/qho/2025-09-04_18-18-37-021426/model.pth
Model state saved to ./results/models/checkpoints/schrodinger/qho/2025-09-04_18-18-37-021426/model_weights.pth
It: 144, Loss: 3.085e-02, Loss_res: 1.235e-02,  Loss_bcs: 3.093e-04, Loss_ut_ics: 2.924e-03, lr: 1.000e-03, Time: 1.05e+03
Model state saved to ./results/models/checkpoints/schrodinger/qho/2025-09-04_18-18-37-021426/model.pth
Model state saved to ./results/models/checkpoints/schrodinger/qho/2025-09-04_18-18-37-021426/model_weights.pth
It: 145, Loss: 5.046e-02, Loss_res: 2.470e-02,  Loss_bcs: 2.960e-04, Loss_ut_ics: 3.848e-04, lr: 1.000e-03, Time: 1.05e+03
Model state saved to ./results/models/checkpoints/schrodinger/qho/2025-09-04_18-18-37-021426/model.pth
Model state saved to ./results/models/checkpoints/schrodinger/qho/2025-09-04_18-18-37-021426/model_weights.pth
It: 146, Loss: 3.119e-02, Loss_res: 1.485e-02,  Loss_bcs: 2.578e-04, Loss_ut_ics: 6.144e-04, lr: 1.000e-03, Time: 1.06e+03
Model state saved to ./results/models/checkpoints/schrodinger/qho/2025-09-04_18-18-37-021426/model.pth
Model state saved to ./results/models/checkpoints/schrodinger/qho/2025-09-04_18-18-37-021426/model_weights.pth
It: 147, Loss: 1.023e-01, Loss_res: 1.572e-02,  Loss_bcs: 2.697e-04, Loss_ut_ics: 3.531e-02, lr: 1.000e-03, Time: 1.07e+03
Model state saved to ./results/models/checkpoints/schrodinger/qho/2025-09-04_18-18-37-021426/model.pth
Model state saved to ./results/models/checkpoints/schrodinger/qho/2025-09-04_18-18-37-021426/model_weights.pth
It: 148, Loss: 1.346e-01, Loss_res: 1.570e-02,  Loss_bcs: 2.367e-04, Loss_ut_ics: 5.149e-02, lr: 1.000e-03, Time: 1.08e+03
Model state saved to ./results/models/checkpoints/schrodinger/qho/2025-09-04_18-18-37-021426/model.pth
Model state saved to ./results/models/checkpoints/schrodinger/qho/2025-09-04_18-18-37-021426/model_weights.pth
It: 149, Loss: 1.878e-01, Loss_res: 1.490e-02,  Loss_bcs: 1.249e-04, Loss_ut_ics: 7.892e-02, lr: 1.000e-03, Time: 1.08e+03
Model state saved to ./results/models/checkpoints/schrodinger/qho/2025-09-04_18-18-37-021426/model.pth
Model state saved to ./results/models/checkpoints/schrodinger/qho/2025-09-04_18-18-37-021426/model_weights.pth
It: 150, Loss: 9.426e-02, Loss_res: 1.542e-02,  Loss_bcs: 5.984e-05, Loss_ut_ics: 3.168e-02, lr: 1.000e-03, Time: 1.09e+03
Model state saved to ./results/models/checkpoints/schrodinger/qho/2025-09-04_18-18-37-021426/model.pth
Model state saved to ./results/models/checkpoints/schrodinger/qho/2025-09-04_18-18-37-021426/model_weights.pth
It: 151, Loss: 2.022e-01, Loss_res: 2.599e-02,  Loss_bcs: 6.227e-05, Loss_ut_ics: 7.507e-02, lr: 1.000e-03, Time: 1.10e+03
Model state saved to ./results/models/checkpoints/schrodinger/qho/2025-09-04_18-18-37-021426/model.pth
Model state saved to ./results/models/checkpoints/schrodinger/qho/2025-09-04_18-18-37-021426/model_weights.pth
It: 152, Loss: 4.034e-02, Loss_res: 1.828e-02,  Loss_bcs: 7.542e-05, Loss_ut_ics: 1.848e-03, lr: 1.000e-03, Time: 1.11e+03
Model state saved to ./results/models/checkpoints/schrodinger/qho/2025-09-04_18-18-37-021426/model.pth
Model state saved to ./results/models/checkpoints/schrodinger/qho/2025-09-04_18-18-37-021426/model_weights.pth
It: 153, Loss: 2.004e-01, Loss_res: 3.162e-02,  Loss_bcs: 7.380e-05, Loss_ut_ics: 6.857e-02, lr: 1.000e-03, Time: 1.11e+03
Model state saved to ./results/models/checkpoints/schrodinger/qho/2025-09-04_18-18-37-021426/model.pth
Model state saved to ./results/models/checkpoints/schrodinger/qho/2025-09-04_18-18-37-021426/model_weights.pth
It: 154, Loss: 1.376e-01, Loss_res: 1.817e-02,  Loss_bcs: 9.691e-05, Loss_ut_ics: 5.060e-02, lr: 1.000e-03, Time: 1.12e+03
Model state saved to ./results/models/checkpoints/schrodinger/qho/2025-09-04_18-18-37-021426/model.pth
Model state saved to ./results/models/checkpoints/schrodinger/qho/2025-09-04_18-18-37-021426/model_weights.pth
It: 155, Loss: 4.217e-02, Loss_res: 2.057e-02,  Loss_bcs: 1.687e-04, Loss_ut_ics: 4.260e-04, lr: 1.000e-03, Time: 1.13e+03
Model state saved to ./results/models/checkpoints/schrodinger/qho/2025-09-04_18-18-37-021426/model.pth
Model state saved to ./results/models/checkpoints/schrodinger/qho/2025-09-04_18-18-37-021426/model_weights.pth
It: 156, Loss: 5.862e-02, Loss_res: 1.921e-02,  Loss_bcs: 2.718e-04, Loss_ut_ics: 9.964e-03, lr: 1.000e-03, Time: 1.14e+03
Model state saved to ./results/models/checkpoints/schrodinger/qho/2025-09-04_18-18-37-021426/model.pth
Model state saved to ./results/models/checkpoints/schrodinger/qho/2025-09-04_18-18-37-021426/model_weights.pth
It: 157, Loss: 1.497e-01, Loss_res: 1.745e-02,  Loss_bcs: 4.297e-04, Loss_ut_ics: 5.718e-02, lr: 1.000e-03, Time: 1.14e+03
Model state saved to ./results/models/checkpoints/schrodinger/qho/2025-09-04_18-18-37-021426/model.pth
Model state saved to ./results/models/checkpoints/schrodinger/qho/2025-09-04_18-18-37-021426/model_weights.pth
It: 158, Loss: 1.292e-01, Loss_res: 2.221e-02,  Loss_bcs: 5.709e-04, Loss_ut_ics: 4.211e-02, lr: 1.000e-03, Time: 1.15e+03
Model state saved to ./results/models/checkpoints/schrodinger/qho/2025-09-04_18-18-37-021426/model.pth
Model state saved to ./results/models/checkpoints/schrodinger/qho/2025-09-04_18-18-37-021426/model_weights.pth
It: 159, Loss: 6.787e-02, Loss_res: 1.367e-02,  Loss_bcs: 5.565e-04, Loss_ut_ics: 1.998e-02, lr: 1.000e-03, Time: 1.16e+03
Model state saved to ./results/models/checkpoints/schrodinger/qho/2025-09-04_18-18-37-021426/model.pth
Model state saved to ./results/models/checkpoints/schrodinger/qho/2025-09-04_18-18-37-021426/model_weights.pth
It: 160, Loss: 7.713e-02, Loss_res: 1.694e-02,  Loss_bcs: 4.481e-04, Loss_ut_ics: 2.140e-02, lr: 1.000e-03, Time: 1.16e+03
Model state saved to ./results/models/checkpoints/schrodinger/qho/2025-09-04_18-18-37-021426/model.pth
Model state saved to ./results/models/checkpoints/schrodinger/qho/2025-09-04_18-18-37-021426/model_weights.pth
It: 161, Loss: 1.604e-01, Loss_res: 1.280e-02,  Loss_bcs: 2.894e-04, Loss_ut_ics: 6.723e-02, lr: 1.000e-03, Time: 1.17e+03
Model state saved to ./results/models/checkpoints/schrodinger/qho/2025-09-04_18-18-37-021426/model.pth
Model state saved to ./results/models/checkpoints/schrodinger/qho/2025-09-04_18-18-37-021426/model_weights.pth
It: 162, Loss: 1.034e-01, Loss_res: 1.488e-02,  Loss_bcs: 1.575e-04, Loss_ut_ics: 3.672e-02, lr: 1.000e-03, Time: 1.18e+03
Model state saved to ./results/models/checkpoints/schrodinger/qho/2025-09-04_18-18-37-021426/model.pth
Model state saved to ./results/models/checkpoints/schrodinger/qho/2025-09-04_18-18-37-021426/model_weights.pth
It: 163, Loss: 7.486e-02, Loss_res: 1.586e-02,  Loss_bcs: 8.012e-05, Loss_ut_ics: 2.154e-02, lr: 1.000e-03, Time: 1.19e+03
Model state saved to ./results/models/checkpoints/schrodinger/qho/2025-09-04_18-18-37-021426/model.pth
Model state saved to ./results/models/checkpoints/schrodinger/qho/2025-09-04_18-18-37-021426/model_weights.pth
It: 164, Loss: 4.887e-02, Loss_res: 2.397e-02,  Loss_bcs: 6.289e-05, Loss_ut_ics: 4.342e-04, lr: 1.000e-03, Time: 1.19e+03
Model state saved to ./results/models/checkpoints/schrodinger/qho/2025-09-04_18-18-37-021426/model.pth
Model state saved to ./results/models/checkpoints/schrodinger/qho/2025-09-04_18-18-37-021426/model_weights.pth
It: 165, Loss: 2.390e-01, Loss_res: 1.908e-02,  Loss_bcs: 7.865e-05, Loss_ut_ics: 1.004e-01, lr: 1.000e-03, Time: 1.20e+03
Model state saved to ./results/models/checkpoints/schrodinger/qho/2025-09-04_18-18-37-021426/model.pth
Model state saved to ./results/models/checkpoints/schrodinger/qho/2025-09-04_18-18-37-021426/model_weights.pth
It: 166, Loss: 8.786e-02, Loss_res: 1.793e-02,  Loss_bcs: 9.686e-05, Loss_ut_ics: 2.595e-02, lr: 1.000e-03, Time: 1.21e+03
Model state saved to ./results/models/checkpoints/schrodinger/qho/2025-09-04_18-18-37-021426/model.pth
Model state saved to ./results/models/checkpoints/schrodinger/qho/2025-09-04_18-18-37-021426/model_weights.pth
It: 167, Loss: 1.478e-01, Loss_res: 2.273e-02,  Loss_bcs: 1.143e-04, Loss_ut_ics: 5.113e-02, lr: 1.000e-03, Time: 1.21e+03
Model state saved to ./results/models/checkpoints/schrodinger/qho/2025-09-04_18-18-37-021426/model.pth
Model state saved to ./results/models/checkpoints/schrodinger/qho/2025-09-04_18-18-37-021426/model_weights.pth
It: 168, Loss: 3.942e-02, Loss_res: 1.905e-02,  Loss_bcs: 1.400e-04, Loss_ut_ics: 5.873e-04, lr: 1.000e-03, Time: 1.22e+03
Model state saved to ./results/models/checkpoints/schrodinger/qho/2025-09-04_18-18-37-021426/model.pth
Model state saved to ./results/models/checkpoints/schrodinger/qho/2025-09-04_18-18-37-021426/model_weights.pth
It: 169, Loss: 1.659e-01, Loss_res: 1.167e-02,  Loss_bcs: 2.085e-04, Loss_ut_ics: 7.116e-02, lr: 1.000e-03, Time: 1.23e+03
Model state saved to ./results/models/checkpoints/schrodinger/qho/2025-09-04_18-18-37-021426/model.pth
Model state saved to ./results/models/checkpoints/schrodinger/qho/2025-09-04_18-18-37-021426/model_weights.pth
It: 170, Loss: 3.665e-02, Loss_res: 1.237e-02,  Loss_bcs: 3.052e-04, Loss_ut_ics: 5.800e-03, lr: 1.000e-03, Time: 1.24e+03
Model state saved to ./results/models/checkpoints/schrodinger/qho/2025-09-04_18-18-37-021426/model.pth
Model state saved to ./results/models/checkpoints/schrodinger/qho/2025-09-04_18-18-37-021426/model_weights.pth
It: 171, Loss: 2.671e-02, Loss_res: 1.161e-02,  Loss_bcs: 4.338e-04, Loss_ut_ics: 1.532e-03, lr: 1.000e-03, Time: 1.24e+03
Model state saved to ./results/models/checkpoints/schrodinger/qho/2025-09-04_18-18-37-021426/model.pth
Model state saved to ./results/models/checkpoints/schrodinger/qho/2025-09-04_18-18-37-021426/model_weights.pth
It: 172, Loss: 2.501e-01, Loss_res: 1.581e-02,  Loss_bcs: 6.232e-04, Loss_ut_ics: 1.089e-01, lr: 1.000e-03, Time: 1.25e+03
Model state saved to ./results/models/checkpoints/schrodinger/qho/2025-09-04_18-18-37-021426/model.pth
Model state saved to ./results/models/checkpoints/schrodinger/qho/2025-09-04_18-18-37-021426/model_weights.pth
It: 173, Loss: 1.019e-01, Loss_res: 2.355e-02,  Loss_bcs: 7.064e-04, Loss_ut_ics: 2.702e-02, lr: 1.000e-03, Time: 1.26e+03
Model state saved to ./results/models/checkpoints/schrodinger/qho/2025-09-04_18-18-37-021426/model.pth
Model state saved to ./results/models/checkpoints/schrodinger/qho/2025-09-04_18-18-37-021426/model_weights.pth
It: 174, Loss: 6.082e-02, Loss_res: 2.969e-02,  Loss_bcs: 5.781e-04, Loss_ut_ics: 4.333e-04, lr: 1.000e-03, Time: 1.26e+03
Model state saved to ./results/models/checkpoints/schrodinger/qho/2025-09-04_18-18-37-021426/model.pth
Model state saved to ./results/models/checkpoints/schrodinger/qho/2025-09-04_18-18-37-021426/model_weights.pth
It: 175, Loss: 1.078e-01, Loss_res: 1.736e-02,  Loss_bcs: 3.320e-04, Loss_ut_ics: 3.639e-02, lr: 1.000e-03, Time: 1.27e+03
Model state saved to ./results/models/checkpoints/schrodinger/qho/2025-09-04_18-18-37-021426/model.pth
Model state saved to ./results/models/checkpoints/schrodinger/qho/2025-09-04_18-18-37-021426/model_weights.pth
It: 176, Loss: 5.514e-02, Loss_res: 1.290e-02,  Loss_bcs: 1.981e-04, Loss_ut_ics: 1.457e-02, lr: 1.000e-03, Time: 1.28e+03
Model state saved to ./results/models/checkpoints/schrodinger/qho/2025-09-04_18-18-37-021426/model.pth
Model state saved to ./results/models/checkpoints/schrodinger/qho/2025-09-04_18-18-37-021426/model_weights.pth
It: 177, Loss: 1.782e-01, Loss_res: 1.610e-02,  Loss_bcs: 9.939e-05, Loss_ut_ics: 7.294e-02, lr: 1.000e-03, Time: 1.29e+03
Model state saved to ./results/models/checkpoints/schrodinger/qho/2025-09-04_18-18-37-021426/model.pth
Model state saved to ./results/models/checkpoints/schrodinger/qho/2025-09-04_18-18-37-021426/model_weights.pth
It: 178, Loss: 1.402e-01, Loss_res: 1.928e-02,  Loss_bcs: 7.454e-05, Loss_ut_ics: 5.077e-02, lr: 1.000e-03, Time: 1.29e+03
Model state saved to ./results/models/checkpoints/schrodinger/qho/2025-09-04_18-18-37-021426/model.pth
Model state saved to ./results/models/checkpoints/schrodinger/qho/2025-09-04_18-18-37-021426/model_weights.pth
It: 179, Loss: 8.201e-02, Loss_res: 2.196e-02,  Loss_bcs: 8.038e-05, Loss_ut_ics: 1.901e-02, lr: 1.000e-03, Time: 1.30e+03
Model state saved to ./results/models/checkpoints/schrodinger/qho/2025-09-04_18-18-37-021426/model.pth
Model state saved to ./results/models/checkpoints/schrodinger/qho/2025-09-04_18-18-37-021426/model_weights.pth
It: 180, Loss: 1.641e-01, Loss_res: 2.167e-02,  Loss_bcs: 9.492e-05, Loss_ut_ics: 6.031e-02, lr: 1.000e-03, Time: 1.31e+03
Model state saved to ./results/models/checkpoints/schrodinger/qho/2025-09-04_18-18-37-021426/model.pth
Model state saved to ./results/models/checkpoints/schrodinger/qho/2025-09-04_18-18-37-021426/model_weights.pth
It: 181, Loss: 8.115e-02, Loss_res: 1.203e-02,  Loss_bcs: 9.736e-05, Loss_ut_ics: 2.850e-02, lr: 1.000e-03, Time: 1.31e+03
Model state saved to ./results/models/checkpoints/schrodinger/qho/2025-09-04_18-18-37-021426/model.pth
Model state saved to ./results/models/checkpoints/schrodinger/qho/2025-09-04_18-18-37-021426/model_weights.pth
It: 182, Loss: 9.433e-02, Loss_res: 1.433e-02,  Loss_bcs: 9.143e-05, Loss_ut_ics: 3.280e-02, lr: 1.000e-03, Time: 1.32e+03
Model state saved to ./results/models/checkpoints/schrodinger/qho/2025-09-04_18-18-37-021426/model.pth
Model state saved to ./results/models/checkpoints/schrodinger/qho/2025-09-04_18-18-37-021426/model_weights.pth
It: 183, Loss: 5.642e-02, Loss_res: 1.414e-02,  Loss_bcs: 9.026e-05, Loss_ut_ics: 1.403e-02, lr: 1.000e-03, Time: 1.33e+03
Model state saved to ./results/models/checkpoints/schrodinger/qho/2025-09-04_18-18-37-021426/model.pth
Model state saved to ./results/models/checkpoints/schrodinger/qho/2025-09-04_18-18-37-021426/model_weights.pth
It: 184, Loss: 1.273e-01, Loss_res: 1.057e-02,  Loss_bcs: 1.064e-04, Loss_ut_ics: 5.305e-02, lr: 1.000e-03, Time: 1.34e+03
Model state saved to ./results/models/checkpoints/schrodinger/qho/2025-09-04_18-18-37-021426/model.pth
Model state saved to ./results/models/checkpoints/schrodinger/qho/2025-09-04_18-18-37-021426/model_weights.pth
It: 185, Loss: 3.473e-02, Loss_res: 1.639e-02,  Loss_bcs: 1.246e-04, Loss_ut_ics: 9.109e-04, lr: 1.000e-03, Time: 1.34e+03
Model state saved to ./results/models/checkpoints/schrodinger/qho/2025-09-04_18-18-37-021426/model.pth
Model state saved to ./results/models/checkpoints/schrodinger/qho/2025-09-04_18-18-37-021426/model_weights.pth
It: 186, Loss: 1.698e-01, Loss_res: 1.547e-02,  Loss_bcs: 1.533e-04, Loss_ut_ics: 6.934e-02, lr: 1.000e-03, Time: 1.35e+03
Model state saved to ./results/models/checkpoints/schrodinger/qho/2025-09-04_18-18-37-021426/model.pth
Model state saved to ./results/models/checkpoints/schrodinger/qho/2025-09-04_18-18-37-021426/model_weights.pth
It: 187, Loss: 1.375e-01, Loss_res: 1.867e-02,  Loss_bcs: 1.536e-04, Loss_ut_ics: 5.000e-02, lr: 1.000e-03, Time: 1.36e+03
Model state saved to ./results/models/checkpoints/schrodinger/qho/2025-09-04_18-18-37-021426/model.pth
Model state saved to ./results/models/checkpoints/schrodinger/qho/2025-09-04_18-18-37-021426/model_weights.pth
It: 188, Loss: 1.621e-01, Loss_res: 1.854e-02,  Loss_bcs: 1.669e-04, Loss_ut_ics: 6.243e-02, lr: 1.000e-03, Time: 1.36e+03
Model state saved to ./results/models/checkpoints/schrodinger/qho/2025-09-04_18-18-37-021426/model.pth
Model state saved to ./results/models/checkpoints/schrodinger/qho/2025-09-04_18-18-37-021426/model_weights.pth
It: 189, Loss: 1.120e-01, Loss_res: 9.709e-03,  Loss_bcs: 1.432e-04, Loss_ut_ics: 4.620e-02, lr: 1.000e-03, Time: 1.37e+03
Model state saved to ./results/models/checkpoints/schrodinger/qho/2025-09-04_18-18-37-021426/model.pth
Model state saved to ./results/models/checkpoints/schrodinger/qho/2025-09-04_18-18-37-021426/model_weights.pth
It: 190, Loss: 7.934e-02, Loss_res: 1.520e-02,  Loss_bcs: 1.118e-04, Loss_ut_ics: 2.442e-02, lr: 1.000e-03, Time: 1.38e+03
Model state saved to ./results/models/checkpoints/schrodinger/qho/2025-09-04_18-18-37-021426/model.pth
Model state saved to ./results/models/checkpoints/schrodinger/qho/2025-09-04_18-18-37-021426/model_weights.pth
It: 191, Loss: 7.610e-02, Loss_res: 1.052e-02,  Loss_bcs: 1.180e-04, Loss_ut_ics: 2.747e-02, lr: 1.000e-03, Time: 1.39e+03
Model state saved to ./results/models/checkpoints/schrodinger/qho/2025-09-04_18-18-37-021426/model.pth
Model state saved to ./results/models/checkpoints/schrodinger/qho/2025-09-04_18-18-37-021426/model_weights.pth
It: 192, Loss: 4.408e-02, Loss_res: 1.591e-02,  Loss_bcs: 1.076e-04, Loss_ut_ics: 6.072e-03, lr: 1.000e-03, Time: 1.39e+03
Model state saved to ./results/models/checkpoints/schrodinger/qho/2025-09-04_18-18-37-021426/model.pth
Model state saved to ./results/models/checkpoints/schrodinger/qho/2025-09-04_18-18-37-021426/model_weights.pth
It: 193, Loss: 7.211e-02, Loss_res: 1.763e-02,  Loss_bcs: 1.127e-04, Loss_ut_ics: 1.837e-02, lr: 1.000e-03, Time: 1.40e+03
Model state saved to ./results/models/checkpoints/schrodinger/qho/2025-09-04_18-18-37-021426/model.pth
Model state saved to ./results/models/checkpoints/schrodinger/qho/2025-09-04_18-18-37-021426/model_weights.pth
It: 194, Loss: 8.314e-02, Loss_res: 2.028e-02,  Loss_bcs: 1.549e-04, Loss_ut_ics: 2.121e-02, lr: 1.000e-03, Time: 1.41e+03
Model state saved to ./results/models/checkpoints/schrodinger/qho/2025-09-04_18-18-37-021426/model.pth
Model state saved to ./results/models/checkpoints/schrodinger/qho/2025-09-04_18-18-37-021426/model_weights.pth
It: 195, Loss: 2.204e-01, Loss_res: 1.497e-02,  Loss_bcs: 1.658e-04, Loss_ut_ics: 9.517e-02, lr: 1.000e-03, Time: 1.41e+03
Model state saved to ./results/models/checkpoints/schrodinger/qho/2025-09-04_18-18-37-021426/model.pth
Model state saved to ./results/models/checkpoints/schrodinger/qho/2025-09-04_18-18-37-021426/model_weights.pth
It: 196, Loss: 3.585e-02, Loss_res: 1.517e-02,  Loss_bcs: 1.557e-04, Loss_ut_ics: 2.677e-03, lr: 1.000e-03, Time: 1.42e+03
Model state saved to ./results/models/checkpoints/schrodinger/qho/2025-09-04_18-18-37-021426/model.pth
Model state saved to ./results/models/checkpoints/schrodinger/qho/2025-09-04_18-18-37-021426/model_weights.pth
It: 197, Loss: 2.353e-02, Loss_res: 1.085e-02,  Loss_bcs: 1.453e-04, Loss_ut_ics: 8.406e-04, lr: 1.000e-03, Time: 1.43e+03
Model state saved to ./results/models/checkpoints/schrodinger/qho/2025-09-04_18-18-37-021426/model.pth
Model state saved to ./results/models/checkpoints/schrodinger/qho/2025-09-04_18-18-37-021426/model_weights.pth
It: 198, Loss: 1.780e-01, Loss_res: 1.448e-02,  Loss_bcs: 1.530e-04, Loss_ut_ics: 7.447e-02, lr: 1.000e-03, Time: 1.44e+03
Model state saved to ./results/models/checkpoints/schrodinger/qho/2025-09-04_18-18-37-021426/model.pth
Model state saved to ./results/models/checkpoints/schrodinger/qho/2025-09-04_18-18-37-021426/model_weights.pth
It: 199, Loss: 2.491e-02, Loss_res: 1.177e-02,  Loss_bcs: 1.404e-04, Loss_ut_ics: 6.113e-04, lr: 1.000e-03, Time: 1.44e+03
Model state saved to ./results/models/checkpoints/schrodinger/qho/2025-09-04_18-18-37-021426/model.pth
Model state saved to ./results/models/checkpoints/schrodinger/qho/2025-09-04_18-18-37-021426/model_weights.pth
It: 200, Loss: 1.900e-02, Loss_res: 9.025e-03,  Loss_bcs: 1.804e-04, Loss_ut_ics: 3.834e-04, lr: 1.000e-03, Time: 1.45e+03
Model state saved to ./results/models/checkpoints/schrodinger/qho/2025-09-04_18-18-37-021426/model.pth
Model state saved to ./results/models/checkpoints/schrodinger/qho/2025-09-04_18-18-37-021426/model_weights.pth
It: 201, Loss: 5.224e-02, Loss_res: 1.298e-02,  Loss_bcs: 2.331e-04, Loss_ut_ics: 1.303e-02, lr: 1.000e-03, Time: 1.46e+03
Model state saved to ./results/models/checkpoints/schrodinger/qho/2025-09-04_18-18-37-021426/model.pth
Model state saved to ./results/models/checkpoints/schrodinger/qho/2025-09-04_18-18-37-021426/model_weights.pth
It: 202, Loss: 1.455e-02, Loss_res: 6.956e-03,  Loss_bcs: 2.976e-04, Loss_ut_ics: 1.680e-04, lr: 1.000e-03, Time: 1.46e+03
Model state saved to ./results/models/checkpoints/schrodinger/qho/2025-09-04_18-18-37-021426/model.pth
Model state saved to ./results/models/checkpoints/schrodinger/qho/2025-09-04_18-18-37-021426/model_weights.pth
It: 203, Loss: 8.358e-02, Loss_res: 1.396e-02,  Loss_bcs: 3.651e-04, Loss_ut_ics: 2.765e-02, lr: 1.000e-03, Time: 1.47e+03
Model state saved to ./results/models/checkpoints/schrodinger/qho/2025-09-04_18-18-37-021426/model.pth
Model state saved to ./results/models/checkpoints/schrodinger/qho/2025-09-04_18-18-37-021426/model_weights.pth
It: 204, Loss: 1.842e-01, Loss_res: 1.258e-02,  Loss_bcs: 3.717e-04, Loss_ut_ics: 7.932e-02, lr: 1.000e-03, Time: 1.48e+03
Model state saved to ./results/models/checkpoints/schrodinger/qho/2025-09-04_18-18-37-021426/model.pth
Model state saved to ./results/models/checkpoints/schrodinger/qho/2025-09-04_18-18-37-021426/model_weights.pth
It: 205, Loss: 1.826e-01, Loss_res: 1.462e-02,  Loss_bcs: 3.553e-04, Loss_ut_ics: 7.651e-02, lr: 1.000e-03, Time: 1.49e+03
Model state saved to ./results/models/checkpoints/schrodinger/qho/2025-09-04_18-18-37-021426/model.pth
Model state saved to ./results/models/checkpoints/schrodinger/qho/2025-09-04_18-18-37-021426/model_weights.pth
It: 206, Loss: 3.221e-02, Loss_res: 1.533e-02,  Loss_bcs: 2.879e-04, Loss_ut_ics: 6.293e-04, lr: 1.000e-03, Time: 1.50e+03
Model state saved to ./results/models/checkpoints/schrodinger/qho/2025-09-04_18-18-37-021426/model.pth
Model state saved to ./results/models/checkpoints/schrodinger/qho/2025-09-04_18-18-37-021426/model_weights.pth
It: 207, Loss: 1.184e-01, Loss_res: 8.485e-03,  Loss_bcs: 1.907e-04, Loss_ut_ics: 5.063e-02, lr: 1.000e-03, Time: 1.51e+03
Model state saved to ./results/models/checkpoints/schrodinger/qho/2025-09-04_18-18-37-021426/model.pth
Model state saved to ./results/models/checkpoints/schrodinger/qho/2025-09-04_18-18-37-021426/model_weights.pth
It: 208, Loss: 1.355e-01, Loss_res: 1.504e-02,  Loss_bcs: 1.115e-04, Loss_ut_ics: 5.268e-02, lr: 1.000e-03, Time: 1.52e+03
Model state saved to ./results/models/checkpoints/schrodinger/qho/2025-09-04_18-18-37-021426/model.pth
Model state saved to ./results/models/checkpoints/schrodinger/qho/2025-09-04_18-18-37-021426/model_weights.pth
It: 209, Loss: 1.640e-01, Loss_res: 2.246e-02,  Loss_bcs: 6.538e-05, Loss_ut_ics: 5.950e-02, lr: 1.000e-03, Time: 1.52e+03
Model state saved to ./results/models/checkpoints/schrodinger/qho/2025-09-04_18-18-37-021426/model.pth
Model state saved to ./results/models/checkpoints/schrodinger/qho/2025-09-04_18-18-37-021426/model_weights.pth
It: 210, Loss: 1.394e-01, Loss_res: 1.934e-02,  Loss_bcs: 5.907e-05, Loss_ut_ics: 5.035e-02, lr: 1.000e-03, Time: 1.53e+03
Model state saved to ./results/models/checkpoints/schrodinger/qho/2025-09-04_18-18-37-021426/model.pth
Model state saved to ./results/models/checkpoints/schrodinger/qho/2025-09-04_18-18-37-021426/model_weights.pth
It: 211, Loss: 5.122e-02, Loss_res: 1.700e-02,  Loss_bcs: 6.237e-05, Loss_ut_ics: 8.578e-03, lr: 1.000e-03, Time: 1.54e+03
Model state saved to ./results/models/checkpoints/schrodinger/qho/2025-09-04_18-18-37-021426/model.pth
Model state saved to ./results/models/checkpoints/schrodinger/qho/2025-09-04_18-18-37-021426/model_weights.pth
It: 212, Loss: 2.034e-01, Loss_res: 1.720e-02,  Loss_bcs: 5.780e-05, Loss_ut_ics: 8.445e-02, lr: 1.000e-03, Time: 1.55e+03
Model state saved to ./results/models/checkpoints/schrodinger/qho/2025-09-04_18-18-37-021426/model.pth
Model state saved to ./results/models/checkpoints/schrodinger/qho/2025-09-04_18-18-37-021426/model_weights.pth
It: 213, Loss: 3.857e-02, Loss_res: 1.023e-02,  Loss_bcs: 5.877e-05, Loss_ut_ics: 9.025e-03, lr: 1.000e-03, Time: 1.55e+03
Model state saved to ./results/models/checkpoints/schrodinger/qho/2025-09-04_18-18-37-021426/model.pth
Model state saved to ./results/models/checkpoints/schrodinger/qho/2025-09-04_18-18-37-021426/model_weights.pth
It: 214, Loss: 1.056e-01, Loss_res: 1.729e-02,  Loss_bcs: 6.793e-05, Loss_ut_ics: 3.546e-02, lr: 1.000e-03, Time: 1.56e+03
Model state saved to ./results/models/checkpoints/schrodinger/qho/2025-09-04_18-18-37-021426/model.pth
Model state saved to ./results/models/checkpoints/schrodinger/qho/2025-09-04_18-18-37-021426/model_weights.pth
It: 215, Loss: 1.621e-01, Loss_res: 8.014e-03,  Loss_bcs: 1.090e-04, Loss_ut_ics: 7.299e-02, lr: 1.000e-03, Time: 1.57e+03
Model state saved to ./results/models/checkpoints/schrodinger/qho/2025-09-04_18-18-37-021426/model.pth
Model state saved to ./results/models/checkpoints/schrodinger/qho/2025-09-04_18-18-37-021426/model_weights.pth
It: 216, Loss: 1.938e-01, Loss_res: 1.296e-02,  Loss_bcs: 1.475e-04, Loss_ut_ics: 8.387e-02, lr: 1.000e-03, Time: 1.58e+03
Model state saved to ./results/models/checkpoints/schrodinger/qho/2025-09-04_18-18-37-021426/model.pth
Model state saved to ./results/models/checkpoints/schrodinger/qho/2025-09-04_18-18-37-021426/model_weights.pth
It: 217, Loss: 5.417e-02, Loss_res: 1.266e-02,  Loss_bcs: 2.040e-04, Loss_ut_ics: 1.433e-02, lr: 1.000e-03, Time: 1.58e+03
Model state saved to ./results/models/checkpoints/schrodinger/qho/2025-09-04_18-18-37-021426/model.pth
Model state saved to ./results/models/checkpoints/schrodinger/qho/2025-09-04_18-18-37-021426/model_weights.pth
It: 218, Loss: 2.643e-02, Loss_res: 1.290e-02,  Loss_bcs: 2.290e-04, Loss_ut_ics: 2.020e-04, lr: 1.000e-03, Time: 1.59e+03
Model state saved to ./results/models/checkpoints/schrodinger/qho/2025-09-04_18-18-37-021426/model.pth
Model state saved to ./results/models/checkpoints/schrodinger/qho/2025-09-04_18-18-37-021426/model_weights.pth
It: 219, Loss: 1.173e-01, Loss_res: 1.128e-02,  Loss_bcs: 2.308e-04, Loss_ut_ics: 4.724e-02, lr: 1.000e-03, Time: 1.60e+03
Model state saved to ./results/models/checkpoints/schrodinger/qho/2025-09-04_18-18-37-021426/model.pth
Model state saved to ./results/models/checkpoints/schrodinger/qho/2025-09-04_18-18-37-021426/model_weights.pth
It: 220, Loss: 7.106e-02, Loss_res: 1.639e-02,  Loss_bcs: 2.104e-04, Loss_ut_ics: 1.904e-02, lr: 1.000e-03, Time: 1.61e+03
Model state saved to ./results/models/checkpoints/schrodinger/qho/2025-09-04_18-18-37-021426/model.pth
Model state saved to ./results/models/checkpoints/schrodinger/qho/2025-09-04_18-18-37-021426/model_weights.pth
It: 221, Loss: 2.682e-02, Loss_res: 1.319e-02,  Loss_bcs: 2.133e-04, Loss_ut_ics: 1.180e-04, lr: 1.000e-03, Time: 1.62e+03
Model state saved to ./results/models/checkpoints/schrodinger/qho/2025-09-04_18-18-37-021426/model.pth
Model state saved to ./results/models/checkpoints/schrodinger/qho/2025-09-04_18-18-37-021426/model_weights.pth
It: 222, Loss: 3.416e-02, Loss_res: 1.668e-02,  Loss_bcs: 2.646e-04, Loss_ut_ics: 2.736e-04, lr: 1.000e-03, Time: 1.62e+03
Model state saved to ./results/models/checkpoints/schrodinger/qho/2025-09-04_18-18-37-021426/model.pth
Model state saved to ./results/models/checkpoints/schrodinger/qho/2025-09-04_18-18-37-021426/model_weights.pth
It: 223, Loss: 7.979e-02, Loss_res: 1.527e-02,  Loss_bcs: 2.825e-04, Loss_ut_ics: 2.449e-02, lr: 1.000e-03, Time: 1.63e+03
Model state saved to ./results/models/checkpoints/schrodinger/qho/2025-09-04_18-18-37-021426/model.pth
Model state saved to ./results/models/checkpoints/schrodinger/qho/2025-09-04_18-18-37-021426/model_weights.pth
It: 224, Loss: 7.335e-02, Loss_res: 1.055e-02,  Loss_bcs: 2.141e-04, Loss_ut_ics: 2.601e-02, lr: 1.000e-03, Time: 1.64e+03
Model state saved to ./results/models/checkpoints/schrodinger/qho/2025-09-04_18-18-37-021426/model.pth
Model state saved to ./results/models/checkpoints/schrodinger/qho/2025-09-04_18-18-37-021426/model_weights.pth
It: 225, Loss: 1.016e-01, Loss_res: 1.117e-02,  Loss_bcs: 1.415e-04, Loss_ut_ics: 3.954e-02, lr: 1.000e-03, Time: 1.65e+03
Model state saved to ./results/models/checkpoints/schrodinger/qho/2025-09-04_18-18-37-021426/model.pth
Model state saved to ./results/models/checkpoints/schrodinger/qho/2025-09-04_18-18-37-021426/model_weights.pth
It: 226, Loss: 4.052e-02, Loss_res: 1.768e-02,  Loss_bcs: 7.019e-05, Loss_ut_ics: 2.538e-03, lr: 1.000e-03, Time: 1.65e+03
Model state saved to ./results/models/checkpoints/schrodinger/qho/2025-09-04_18-18-37-021426/model.pth
Model state saved to ./results/models/checkpoints/schrodinger/qho/2025-09-04_18-18-37-021426/model_weights.pth
It: 227, Loss: 1.170e-01, Loss_res: 1.763e-02,  Loss_bcs: 4.082e-05, Loss_ut_ics: 4.085e-02, lr: 1.000e-03, Time: 1.66e+03
Model state saved to ./results/models/checkpoints/schrodinger/qho/2025-09-04_18-18-37-021426/model.pth
Model state saved to ./results/models/checkpoints/schrodinger/qho/2025-09-04_18-18-37-021426/model_weights.pth
It: 228, Loss: 7.415e-02, Loss_res: 2.195e-02,  Loss_bcs: 2.845e-05, Loss_ut_ics: 1.511e-02, lr: 1.000e-03, Time: 1.67e+03
Model state saved to ./results/models/checkpoints/schrodinger/qho/2025-09-04_18-18-37-021426/model.pth
Model state saved to ./results/models/checkpoints/schrodinger/qho/2025-09-04_18-18-37-021426/model_weights.pth
It: 229, Loss: 9.430e-02, Loss_res: 2.178e-02,  Loss_bcs: 2.777e-05, Loss_ut_ics: 2.535e-02, lr: 1.000e-03, Time: 1.68e+03
Model state saved to ./results/models/checkpoints/schrodinger/qho/2025-09-04_18-18-37-021426/model.pth
Model state saved to ./results/models/checkpoints/schrodinger/qho/2025-09-04_18-18-37-021426/model_weights.pth
It: 230, Loss: 3.633e-02, Loss_res: 1.155e-02,  Loss_bcs: 3.858e-05, Loss_ut_ics: 6.599e-03, lr: 1.000e-03, Time: 1.68e+03
Model state saved to ./results/models/checkpoints/schrodinger/qho/2025-09-04_18-18-37-021426/model.pth
Model state saved to ./results/models/checkpoints/schrodinger/qho/2025-09-04_18-18-37-021426/model_weights.pth
It: 231, Loss: 8.492e-02, Loss_res: 7.169e-03,  Loss_bcs: 8.206e-05, Loss_ut_ics: 3.525e-02, lr: 1.000e-03, Time: 1.69e+03
Model state saved to ./results/models/checkpoints/schrodinger/qho/2025-09-04_18-18-37-021426/model.pth
Model state saved to ./results/models/checkpoints/schrodinger/qho/2025-09-04_18-18-37-021426/model_weights.pth
It: 232, Loss: 3.819e-02, Loss_res: 5.086e-03,  Loss_bcs: 1.512e-04, Loss_ut_ics: 1.393e-02, lr: 1.000e-03, Time: 1.70e+03
Model state saved to ./results/models/checkpoints/schrodinger/qho/2025-09-04_18-18-37-021426/model.pth
Model state saved to ./results/models/checkpoints/schrodinger/qho/2025-09-04_18-18-37-021426/model_weights.pth
It: 233, Loss: 2.405e-02, Loss_res: 1.168e-02,  Loss_bcs: 2.388e-04, Loss_ut_ics: 2.282e-04, lr: 1.000e-03, Time: 1.71e+03
Model state saved to ./results/models/checkpoints/schrodinger/qho/2025-09-04_18-18-37-021426/model.pth
Model state saved to ./results/models/checkpoints/schrodinger/qho/2025-09-04_18-18-37-021426/model_weights.pth
It: 234, Loss: 4.079e-02, Loss_res: 1.621e-02,  Loss_bcs: 2.873e-04, Loss_ut_ics: 4.044e-03, lr: 1.000e-03, Time: 1.71e+03
Model state saved to ./results/models/checkpoints/schrodinger/qho/2025-09-04_18-18-37-021426/model.pth
Model state saved to ./results/models/checkpoints/schrodinger/qho/2025-09-04_18-18-37-021426/model_weights.pth
It: 235, Loss: 3.113e-02, Loss_res: 1.480e-02,  Loss_bcs: 3.132e-04, Loss_ut_ics: 6.128e-04, lr: 1.000e-03, Time: 1.72e+03
Model state saved to ./results/models/checkpoints/schrodinger/qho/2025-09-04_18-18-37-021426/model.pth
Model state saved to ./results/models/checkpoints/schrodinger/qho/2025-09-04_18-18-37-021426/model_weights.pth
It: 236, Loss: 1.990e-01, Loss_res: 1.446e-02,  Loss_bcs: 2.680e-04, Loss_ut_ics: 8.490e-02, lr: 1.000e-03, Time: 1.73e+03
Model state saved to ./results/models/checkpoints/schrodinger/qho/2025-09-04_18-18-37-021426/model.pth
Model state saved to ./results/models/checkpoints/schrodinger/qho/2025-09-04_18-18-37-021426/model_weights.pth
It: 237, Loss: 6.084e-02, Loss_res: 1.715e-02,  Loss_bcs: 2.208e-04, Loss_ut_ics: 1.315e-02, lr: 1.000e-03, Time: 1.74e+03
Model state saved to ./results/models/checkpoints/schrodinger/qho/2025-09-04_18-18-37-021426/model.pth
Model state saved to ./results/models/checkpoints/schrodinger/qho/2025-09-04_18-18-37-021426/model_weights.pth
It: 238, Loss: 2.152e-02, Loss_res: 1.062e-02,  Loss_bcs: 1.329e-04, Loss_ut_ics: 7.515e-05, lr: 1.000e-03, Time: 1.74e+03
Model state saved to ./results/models/checkpoints/schrodinger/qho/2025-09-04_18-18-37-021426/model.pth
Model state saved to ./results/models/checkpoints/schrodinger/qho/2025-09-04_18-18-37-021426/model_weights.pth
It: 239, Loss: 7.823e-02, Loss_res: 9.150e-03,  Loss_bcs: 9.920e-05, Loss_ut_ics: 2.992e-02, lr: 1.000e-03, Time: 1.75e+03
Model state saved to ./results/models/checkpoints/schrodinger/qho/2025-09-04_18-18-37-021426/model.pth
Model state saved to ./results/models/checkpoints/schrodinger/qho/2025-09-04_18-18-37-021426/model_weights.pth
It: 240, Loss: 1.124e-01, Loss_res: 1.458e-02,  Loss_bcs: 6.527e-05, Loss_ut_ics: 4.158e-02, lr: 1.000e-03, Time: 1.76e+03
Model state saved to ./results/models/checkpoints/schrodinger/qho/2025-09-04_18-18-37-021426/model.pth
Model state saved to ./results/models/checkpoints/schrodinger/qho/2025-09-04_18-18-37-021426/model_weights.pth
It: 241, Loss: 3.055e-02, Loss_res: 1.317e-02,  Loss_bcs: 5.186e-05, Loss_ut_ics: 2.083e-03, lr: 1.000e-03, Time: 1.77e+03
Model state saved to ./results/models/checkpoints/schrodinger/qho/2025-09-04_18-18-37-021426/model.pth
Model state saved to ./results/models/checkpoints/schrodinger/qho/2025-09-04_18-18-37-021426/model_weights.pth
It: 242, Loss: 6.711e-02, Loss_res: 1.352e-02,  Loss_bcs: 5.577e-05, Loss_ut_ics: 2.001e-02, lr: 1.000e-03, Time: 1.77e+03
Model state saved to ./results/models/checkpoints/schrodinger/qho/2025-09-04_18-18-37-021426/model.pth
Model state saved to ./results/models/checkpoints/schrodinger/qho/2025-09-04_18-18-37-021426/model_weights.pth
It: 243, Loss: 4.104e-02, Loss_res: 1.461e-02,  Loss_bcs: 7.915e-05, Loss_ut_ics: 5.874e-03, lr: 1.000e-03, Time: 1.78e+03
Model state saved to ./results/models/checkpoints/schrodinger/qho/2025-09-04_18-18-37-021426/model.pth
Model state saved to ./results/models/checkpoints/schrodinger/qho/2025-09-04_18-18-37-021426/model_weights.pth
It: 244, Loss: 1.671e-01, Loss_res: 1.327e-02,  Loss_bcs: 1.417e-04, Loss_ut_ics: 7.023e-02, lr: 1.000e-03, Time: 1.79e+03
Model state saved to ./results/models/checkpoints/schrodinger/qho/2025-09-04_18-18-37-021426/model.pth
Model state saved to ./results/models/checkpoints/schrodinger/qho/2025-09-04_18-18-37-021426/model_weights.pth
It: 245, Loss: 9.516e-02, Loss_res: 8.023e-03,  Loss_bcs: 2.365e-04, Loss_ut_ics: 3.944e-02, lr: 1.000e-03, Time: 1.79e+03
Model state saved to ./results/models/checkpoints/schrodinger/qho/2025-09-04_18-18-37-021426/model.pth
Model state saved to ./results/models/checkpoints/schrodinger/qho/2025-09-04_18-18-37-021426/model_weights.pth
It: 246, Loss: 5.511e-02, Loss_res: 9.656e-03,  Loss_bcs: 3.037e-04, Loss_ut_ics: 1.775e-02, lr: 1.000e-03, Time: 1.80e+03
Model state saved to ./results/models/checkpoints/schrodinger/qho/2025-09-04_18-18-37-021426/model.pth
Model state saved to ./results/models/checkpoints/schrodinger/qho/2025-09-04_18-18-37-021426/model_weights.pth
It: 247, Loss: 1.889e-01, Loss_res: 1.451e-02,  Loss_bcs: 3.379e-04, Loss_ut_ics: 7.975e-02, lr: 1.000e-03, Time: 1.81e+03
Model state saved to ./results/models/checkpoints/schrodinger/qho/2025-09-04_18-18-37-021426/model.pth
Model state saved to ./results/models/checkpoints/schrodinger/qho/2025-09-04_18-18-37-021426/model_weights.pth
It: 248, Loss: 1.049e-01, Loss_res: 1.438e-02,  Loss_bcs: 2.102e-04, Loss_ut_ics: 3.795e-02, lr: 1.000e-03, Time: 1.82e+03
Model state saved to ./results/models/checkpoints/schrodinger/qho/2025-09-04_18-18-37-021426/model.pth
Model state saved to ./results/models/checkpoints/schrodinger/qho/2025-09-04_18-18-37-021426/model_weights.pth
It: 249, Loss: 1.104e-01, Loss_res: 1.231e-02,  Loss_bcs: 1.162e-04, Loss_ut_ics: 4.282e-02, lr: 1.000e-03, Time: 1.82e+03
Model state saved to ./results/models/checkpoints/schrodinger/qho/2025-09-04_18-18-37-021426/model.pth
Model state saved to ./results/models/checkpoints/schrodinger/qho/2025-09-04_18-18-37-021426/model_weights.pth
It: 250, Loss: 1.181e-01, Loss_res: 1.525e-02,  Loss_bcs: 8.674e-05, Loss_ut_ics: 4.377e-02, lr: 1.000e-03, Time: 1.83e+03
Model state saved to ./results/models/checkpoints/schrodinger/qho/2025-09-04_18-18-37-021426/model.pth
Model state saved to ./results/models/checkpoints/schrodinger/qho/2025-09-04_18-18-37-021426/model_weights.pth
It: 251, Loss: 3.873e-02, Loss_res: 1.538e-02,  Loss_bcs: 8.301e-05, Loss_ut_ics: 3.944e-03, lr: 1.000e-03, Time: 1.84e+03
Model state saved to ./results/models/checkpoints/schrodinger/qho/2025-09-04_18-18-37-021426/model.pth
Model state saved to ./results/models/checkpoints/schrodinger/qho/2025-09-04_18-18-37-021426/model_weights.pth
It: 252, Loss: 2.110e-02, Loss_res: 9.949e-03,  Loss_bcs: 8.535e-05, Loss_ut_ics: 5.609e-04, lr: 1.000e-03, Time: 1.84e+03
Model state saved to ./results/models/checkpoints/schrodinger/qho/2025-09-04_18-18-37-021426/model.pth
Model state saved to ./results/models/checkpoints/schrodinger/qho/2025-09-04_18-18-37-021426/model_weights.pth
It: 253, Loss: 6.690e-02, Loss_res: 1.547e-02,  Loss_bcs: 8.509e-05, Loss_ut_ics: 1.794e-02, lr: 1.000e-03, Time: 1.85e+03
Model state saved to ./results/models/checkpoints/schrodinger/qho/2025-09-04_18-18-37-021426/model.pth
Model state saved to ./results/models/checkpoints/schrodinger/qho/2025-09-04_18-18-37-021426/model_weights.pth
It: 254, Loss: 1.038e-01, Loss_res: 1.095e-02,  Loss_bcs: 9.589e-05, Loss_ut_ics: 4.091e-02, lr: 1.000e-03, Time: 1.86e+03
Model state saved to ./results/models/checkpoints/schrodinger/qho/2025-09-04_18-18-37-021426/model.pth
Model state saved to ./results/models/checkpoints/schrodinger/qho/2025-09-04_18-18-37-021426/model_weights.pth
It: 255, Loss: 8.922e-02, Loss_res: 9.679e-03,  Loss_bcs: 1.301e-04, Loss_ut_ics: 3.487e-02, lr: 1.000e-03, Time: 1.87e+03
Model state saved to ./results/models/checkpoints/schrodinger/qho/2025-09-04_18-18-37-021426/model.pth
Model state saved to ./results/models/checkpoints/schrodinger/qho/2025-09-04_18-18-37-021426/model_weights.pth
It: 256, Loss: 4.228e-02, Loss_res: 1.095e-02,  Loss_bcs: 1.811e-04, Loss_ut_ics: 1.010e-02, lr: 1.000e-03, Time: 1.87e+03
Model state saved to ./results/models/checkpoints/schrodinger/qho/2025-09-04_18-18-37-021426/model.pth
Model state saved to ./results/models/checkpoints/schrodinger/qho/2025-09-04_18-18-37-021426/model_weights.pth
It: 257, Loss: 1.282e-01, Loss_res: 1.544e-02,  Loss_bcs: 2.063e-04, Loss_ut_ics: 4.858e-02, lr: 1.000e-03, Time: 1.88e+03
Model state saved to ./results/models/checkpoints/schrodinger/qho/2025-09-04_18-18-37-021426/model.pth
Model state saved to ./results/models/checkpoints/schrodinger/qho/2025-09-04_18-18-37-021426/model_weights.pth
It: 258, Loss: 1.497e-01, Loss_res: 1.123e-02,  Loss_bcs: 1.327e-04, Loss_ut_ics: 6.357e-02, lr: 1.000e-03, Time: 1.89e+03
Model state saved to ./results/models/checkpoints/schrodinger/qho/2025-09-04_18-18-37-021426/model.pth
Model state saved to ./results/models/checkpoints/schrodinger/qho/2025-09-04_18-18-37-021426/model_weights.pth
It: 259, Loss: 6.471e-02, Loss_res: 1.330e-02,  Loss_bcs: 1.012e-04, Loss_ut_ics: 1.901e-02, lr: 1.000e-03, Time: 1.90e+03
Model state saved to ./results/models/checkpoints/schrodinger/qho/2025-09-04_18-18-37-021426/model.pth
Model state saved to ./results/models/checkpoints/schrodinger/qho/2025-09-04_18-18-37-021426/model_weights.pth
It: 260, Loss: 7.512e-02, Loss_res: 1.237e-02,  Loss_bcs: 9.317e-05, Loss_ut_ics: 2.514e-02, lr: 1.000e-03, Time: 1.90e+03
Model state saved to ./results/models/checkpoints/schrodinger/qho/2025-09-04_18-18-37-021426/model.pth
Model state saved to ./results/models/checkpoints/schrodinger/qho/2025-09-04_18-18-37-021426/model_weights.pth
It: 261, Loss: 1.447e-01, Loss_res: 1.205e-02,  Loss_bcs: 6.919e-05, Loss_ut_ics: 6.026e-02, lr: 1.000e-03, Time: 1.91e+03
Model state saved to ./results/models/checkpoints/schrodinger/qho/2025-09-04_18-18-37-021426/model.pth
Model state saved to ./results/models/checkpoints/schrodinger/qho/2025-09-04_18-18-37-021426/model_weights.pth
It: 262, Loss: 2.305e-02, Loss_res: 1.069e-02,  Loss_bcs: 6.402e-05, Loss_ut_ics: 8.022e-04, lr: 1.000e-03, Time: 1.92e+03
Model state saved to ./results/models/checkpoints/schrodinger/qho/2025-09-04_18-18-37-021426/model.pth
Model state saved to ./results/models/checkpoints/schrodinger/qho/2025-09-04_18-18-37-021426/model_weights.pth
It: 263, Loss: 3.211e-02, Loss_res: 1.204e-02,  Loss_bcs: 6.254e-05, Loss_ut_ics: 3.987e-03, lr: 1.000e-03, Time: 1.92e+03
Model state saved to ./results/models/checkpoints/schrodinger/qho/2025-09-04_18-18-37-021426/model.pth
Model state saved to ./results/models/checkpoints/schrodinger/qho/2025-09-04_18-18-37-021426/model_weights.pth
It: 264, Loss: 9.354e-02, Loss_res: 1.537e-02,  Loss_bcs: 7.694e-05, Loss_ut_ics: 3.136e-02, lr: 1.000e-03, Time: 1.93e+03
Model state saved to ./results/models/checkpoints/schrodinger/qho/2025-09-04_18-18-37-021426/model.pth
Model state saved to ./results/models/checkpoints/schrodinger/qho/2025-09-04_18-18-37-021426/model_weights.pth
It: 265, Loss: 1.099e-01, Loss_res: 1.390e-02,  Loss_bcs: 1.032e-04, Loss_ut_ics: 4.098e-02, lr: 1.000e-03, Time: 1.94e+03
Model state saved to ./results/models/checkpoints/schrodinger/qho/2025-09-04_18-18-37-021426/model.pth
Model state saved to ./results/models/checkpoints/schrodinger/qho/2025-09-04_18-18-37-021426/model_weights.pth
It: 266, Loss: 8.430e-02, Loss_res: 1.105e-02,  Loss_bcs: 1.126e-04, Loss_ut_ics: 3.104e-02, lr: 1.000e-03, Time: 1.95e+03
Model state saved to ./results/models/checkpoints/schrodinger/qho/2025-09-04_18-18-37-021426/model.pth
Model state saved to ./results/models/checkpoints/schrodinger/qho/2025-09-04_18-18-37-021426/model_weights.pth
It: 267, Loss: 4.813e-02, Loss_res: 1.616e-02,  Loss_bcs: 1.550e-04, Loss_ut_ics: 7.827e-03, lr: 1.000e-03, Time: 1.95e+03
Model state saved to ./results/models/checkpoints/schrodinger/qho/2025-09-04_18-18-37-021426/model.pth
Model state saved to ./results/models/checkpoints/schrodinger/qho/2025-09-04_18-18-37-021426/model_weights.pth
It: 268, Loss: 6.684e-02, Loss_res: 1.056e-02,  Loss_bcs: 1.534e-04, Loss_ut_ics: 2.278e-02, lr: 1.000e-03, Time: 1.96e+03
Model state saved to ./results/models/checkpoints/schrodinger/qho/2025-09-04_18-18-37-021426/model.pth
Model state saved to ./results/models/checkpoints/schrodinger/qho/2025-09-04_18-18-37-021426/model_weights.pth
It: 269, Loss: 3.295e-02, Loss_res: 1.602e-02,  Loss_bcs: 1.676e-04, Loss_ut_ics: 3.709e-04, lr: 1.000e-03, Time: 1.97e+03
Model state saved to ./results/models/checkpoints/schrodinger/qho/2025-09-04_18-18-37-021426/model.pth
Model state saved to ./results/models/checkpoints/schrodinger/qho/2025-09-04_18-18-37-021426/model_weights.pth
It: 270, Loss: 5.901e-02, Loss_res: 1.772e-02,  Loss_bcs: 4.701e-05, Loss_ut_ics: 1.177e-02, lr: 1.000e-03, Time: 1.97e+03
Model state saved to ./results/models/checkpoints/schrodinger/qho/2025-09-04_18-18-37-021426/model.pth
Model state saved to ./results/models/checkpoints/schrodinger/qho/2025-09-04_18-18-37-021426/model_weights.pth
It: 271, Loss: 5.676e-02, Loss_res: 8.665e-03,  Loss_bcs: 2.360e-05, Loss_ut_ics: 1.971e-02, lr: 1.000e-03, Time: 1.98e+03
Model state saved to ./results/models/checkpoints/schrodinger/qho/2025-09-04_18-18-37-021426/model.pth
Model state saved to ./results/models/checkpoints/schrodinger/qho/2025-09-04_18-18-37-021426/model_weights.pth
It: 272, Loss: 2.466e-02, Loss_res: 1.201e-02,  Loss_bcs: 2.231e-05, Loss_ut_ics: 3.117e-04, lr: 1.000e-03, Time: 1.99e+03
Model state saved to ./results/models/checkpoints/schrodinger/qho/2025-09-04_18-18-37-021426/model.pth
Model state saved to ./results/models/checkpoints/schrodinger/qho/2025-09-04_18-18-37-021426/model_weights.pth
It: 273, Loss: 3.215e-02, Loss_res: 1.470e-02,  Loss_bcs: 2.166e-05, Loss_ut_ics: 1.358e-03, lr: 1.000e-03, Time: 2.00e+03
Model state saved to ./results/models/checkpoints/schrodinger/qho/2025-09-04_18-18-37-021426/model.pth
Model state saved to ./results/models/checkpoints/schrodinger/qho/2025-09-04_18-18-37-021426/model_weights.pth
It: 274, Loss: 1.221e-01, Loss_res: 1.265e-02,  Loss_bcs: 3.034e-05, Loss_ut_ics: 4.838e-02, lr: 1.000e-03, Time: 2.00e+03
Model state saved to ./results/models/checkpoints/schrodinger/qho/2025-09-04_18-18-37-021426/model.pth
Model state saved to ./results/models/checkpoints/schrodinger/qho/2025-09-04_18-18-37-021426/model_weights.pth
It: 275, Loss: 1.042e-01, Loss_res: 8.467e-03,  Loss_bcs: 5.623e-05, Loss_ut_ics: 4.358e-02, lr: 1.000e-03, Time: 2.01e+03
Model state saved to ./results/models/checkpoints/schrodinger/qho/2025-09-04_18-18-37-021426/model.pth
Model state saved to ./results/models/checkpoints/schrodinger/qho/2025-09-04_18-18-37-021426/model_weights.pth
It: 276, Loss: 9.528e-02, Loss_res: 9.963e-03,  Loss_bcs: 9.181e-05, Loss_ut_ics: 3.763e-02, lr: 1.000e-03, Time: 2.02e+03
Model state saved to ./results/models/checkpoints/schrodinger/qho/2025-09-04_18-18-37-021426/model.pth
Model state saved to ./results/models/checkpoints/schrodinger/qho/2025-09-04_18-18-37-021426/model_weights.pth
It: 277, Loss: 3.025e-02, Loss_res: 9.427e-03,  Loss_bcs: 1.214e-04, Loss_ut_ics: 5.640e-03, lr: 1.000e-03, Time: 2.02e+03
Model state saved to ./results/models/checkpoints/schrodinger/qho/2025-09-04_18-18-37-021426/model.pth
Model state saved to ./results/models/checkpoints/schrodinger/qho/2025-09-04_18-18-37-021426/model_weights.pth
It: 278, Loss: 3.379e-02, Loss_res: 1.109e-02,  Loss_bcs: 1.697e-04, Loss_ut_ics: 5.721e-03, lr: 1.000e-03, Time: 2.03e+03
Model state saved to ./results/models/checkpoints/schrodinger/qho/2025-09-04_18-18-37-021426/model.pth
Model state saved to ./results/models/checkpoints/schrodinger/qho/2025-09-04_18-18-37-021426/model_weights.pth
It: 279, Loss: 3.084e-02, Loss_res: 1.007e-02,  Loss_bcs: 1.786e-04, Loss_ut_ics: 5.257e-03, lr: 1.000e-03, Time: 2.04e+03
Model state saved to ./results/models/checkpoints/schrodinger/qho/2025-09-04_18-18-37-021426/model.pth
Model state saved to ./results/models/checkpoints/schrodinger/qho/2025-09-04_18-18-37-021426/model_weights.pth
It: 280, Loss: 4.696e-02, Loss_res: 1.141e-02,  Loss_bcs: 1.740e-04, Loss_ut_ics: 1.198e-02, lr: 1.000e-03, Time: 2.05e+03
Model state saved to ./results/models/checkpoints/schrodinger/qho/2025-09-04_18-18-37-021426/model.pth
Model state saved to ./results/models/checkpoints/schrodinger/qho/2025-09-04_18-18-37-021426/model_weights.pth
It: 281, Loss: 2.277e-02, Loss_res: 1.096e-02,  Loss_bcs: 9.552e-05, Loss_ut_ics: 3.808e-04, lr: 1.000e-03, Time: 2.05e+03
Model state saved to ./results/models/checkpoints/schrodinger/qho/2025-09-04_18-18-37-021426/model.pth
Model state saved to ./results/models/checkpoints/schrodinger/qho/2025-09-04_18-18-37-021426/model_weights.pth
It: 282, Loss: 3.545e-02, Loss_res: 8.865e-03,  Loss_bcs: 5.102e-05, Loss_ut_ics: 8.833e-03, lr: 1.000e-03, Time: 2.06e+03
Model state saved to ./results/models/checkpoints/schrodinger/qho/2025-09-04_18-18-37-021426/model.pth
Model state saved to ./results/models/checkpoints/schrodinger/qho/2025-09-04_18-18-37-021426/model_weights.pth
It: 283, Loss: 7.818e-02, Loss_res: 1.410e-02,  Loss_bcs: 4.290e-05, Loss_ut_ics: 2.497e-02, lr: 1.000e-03, Time: 2.07e+03
Model state saved to ./results/models/checkpoints/schrodinger/qho/2025-09-04_18-18-37-021426/model.pth
Model state saved to ./results/models/checkpoints/schrodinger/qho/2025-09-04_18-18-37-021426/model_weights.pth
It: 284, Loss: 7.084e-02, Loss_res: 1.427e-02,  Loss_bcs: 4.825e-05, Loss_ut_ics: 2.113e-02, lr: 1.000e-03, Time: 2.08e+03
Model state saved to ./results/models/checkpoints/schrodinger/qho/2025-09-04_18-18-37-021426/model.pth
Model state saved to ./results/models/checkpoints/schrodinger/qho/2025-09-04_18-18-37-021426/model_weights.pth
It: 285, Loss: 7.341e-02, Loss_res: 1.148e-02,  Loss_bcs: 4.958e-05, Loss_ut_ics: 2.519e-02, lr: 1.000e-03, Time: 2.08e+03
Model state saved to ./results/models/checkpoints/schrodinger/qho/2025-09-04_18-18-37-021426/model.pth
Model state saved to ./results/models/checkpoints/schrodinger/qho/2025-09-04_18-18-37-021426/model_weights.pth
It: 286, Loss: 9.824e-02, Loss_res: 1.237e-02,  Loss_bcs: 5.297e-05, Loss_ut_ics: 3.673e-02, lr: 1.000e-03, Time: 2.09e+03
Model state saved to ./results/models/checkpoints/schrodinger/qho/2025-09-04_18-18-37-021426/model.pth
Model state saved to ./results/models/checkpoints/schrodinger/qho/2025-09-04_18-18-37-021426/model_weights.pth
It: 287, Loss: 3.871e-02, Loss_res: 9.906e-03,  Loss_bcs: 5.420e-05, Loss_ut_ics: 9.424e-03, lr: 1.000e-03, Time: 2.10e+03
Model state saved to ./results/models/checkpoints/schrodinger/qho/2025-09-04_18-18-37-021426/model.pth
Model state saved to ./results/models/checkpoints/schrodinger/qho/2025-09-04_18-18-37-021426/model_weights.pth
It: 288, Loss: 1.517e-02, Loss_res: 6.847e-03,  Loss_bcs: 7.665e-05, Loss_ut_ics: 6.986e-04, lr: 1.000e-03, Time: 2.11e+03
Model state saved to ./results/models/checkpoints/schrodinger/qho/2025-09-04_18-18-37-021426/model.pth
Model state saved to ./results/models/checkpoints/schrodinger/qho/2025-09-04_18-18-37-021426/model_weights.pth
It: 289, Loss: 8.143e-02, Loss_res: 1.280e-02,  Loss_bcs: 1.200e-04, Loss_ut_ics: 2.785e-02, lr: 1.000e-03, Time: 2.11e+03
Model state saved to ./results/models/checkpoints/schrodinger/qho/2025-09-04_18-18-37-021426/model.pth
Model state saved to ./results/models/checkpoints/schrodinger/qho/2025-09-04_18-18-37-021426/model_weights.pth
It: 290, Loss: 1.029e-01, Loss_res: 1.011e-02,  Loss_bcs: 1.583e-04, Loss_ut_ics: 4.124e-02, lr: 1.000e-03, Time: 2.12e+03
Model state saved to ./results/models/checkpoints/schrodinger/qho/2025-09-04_18-18-37-021426/model.pth
Model state saved to ./results/models/checkpoints/schrodinger/qho/2025-09-04_18-18-37-021426/model_weights.pth
It: 291, Loss: 6.722e-02, Loss_res: 8.935e-03,  Loss_bcs: 1.372e-04, Loss_ut_ics: 2.460e-02, lr: 1.000e-03, Time: 2.13e+03
Model state saved to ./results/models/checkpoints/schrodinger/qho/2025-09-04_18-18-37-021426/model.pth
Model state saved to ./results/models/checkpoints/schrodinger/qho/2025-09-04_18-18-37-021426/model_weights.pth
It: 292, Loss: 1.046e-01, Loss_res: 8.551e-03,  Loss_bcs: 1.395e-04, Loss_ut_ics: 4.370e-02, lr: 1.000e-03, Time: 2.13e+03
Model state saved to ./results/models/checkpoints/schrodinger/qho/2025-09-04_18-18-37-021426/model.pth
Model state saved to ./results/models/checkpoints/schrodinger/qho/2025-09-04_18-18-37-021426/model_weights.pth
It: 293, Loss: 9.800e-02, Loss_res: 6.797e-03,  Loss_bcs: 7.343e-05, Loss_ut_ics: 4.217e-02, lr: 1.000e-03, Time: 2.14e+03
Model state saved to ./results/models/checkpoints/schrodinger/qho/2025-09-04_18-18-37-021426/model.pth
Model state saved to ./results/models/checkpoints/schrodinger/qho/2025-09-04_18-18-37-021426/model_weights.pth
It: 294, Loss: 4.775e-02, Loss_res: 1.037e-02,  Loss_bcs: 4.995e-05, Loss_ut_ics: 1.348e-02, lr: 1.000e-03, Time: 2.15e+03
Model state saved to ./results/models/checkpoints/schrodinger/qho/2025-09-04_18-18-37-021426/model.pth
Model state saved to ./results/models/checkpoints/schrodinger/qho/2025-09-04_18-18-37-021426/model_weights.pth
It: 295, Loss: 1.023e-01, Loss_res: 8.294e-03,  Loss_bcs: 4.256e-05, Loss_ut_ics: 4.286e-02, lr: 1.000e-03, Time: 2.16e+03
Model state saved to ./results/models/checkpoints/schrodinger/qho/2025-09-04_18-18-37-021426/model.pth
Model state saved to ./results/models/checkpoints/schrodinger/qho/2025-09-04_18-18-37-021426/model_weights.pth
It: 296, Loss: 2.745e-02, Loss_res: 7.619e-03,  Loss_bcs: 3.267e-05, Loss_ut_ics: 6.091e-03, lr: 1.000e-03, Time: 2.16e+03
Model state saved to ./results/models/checkpoints/schrodinger/qho/2025-09-04_18-18-37-021426/model.pth
Model state saved to ./results/models/checkpoints/schrodinger/qho/2025-09-04_18-18-37-021426/model_weights.pth
It: 297, Loss: 6.005e-02, Loss_res: 1.073e-02,  Loss_bcs: 3.127e-05, Loss_ut_ics: 1.928e-02, lr: 1.000e-03, Time: 2.17e+03
Model state saved to ./results/models/checkpoints/schrodinger/qho/2025-09-04_18-18-37-021426/model.pth
Model state saved to ./results/models/checkpoints/schrodinger/qho/2025-09-04_18-18-37-021426/model_weights.pth
It: 298, Loss: 1.709e-02, Loss_res: 5.401e-03,  Loss_bcs: 4.573e-05, Loss_ut_ics: 3.123e-03, lr: 1.000e-03, Time: 2.18e+03
Model state saved to ./results/models/checkpoints/schrodinger/qho/2025-09-04_18-18-37-021426/model.pth
Model state saved to ./results/models/checkpoints/schrodinger/qho/2025-09-04_18-18-37-021426/model_weights.pth
It: 299, Loss: 7.124e-02, Loss_res: 8.215e-03,  Loss_bcs: 6.243e-05, Loss_ut_ics: 2.738e-02, lr: 1.000e-03, Time: 2.18e+03
Model state saved to ./results/models/checkpoints/schrodinger/qho/2025-09-04_18-18-37-021426/model.pth
Model state saved to ./results/models/checkpoints/schrodinger/qho/2025-09-04_18-18-37-021426/model_weights.pth
It: 300, Loss: 7.072e-02, Loss_res: 6.417e-03,  Loss_bcs: 6.318e-05, Loss_ut_ics: 2.891e-02, lr: 1.000e-03, Time: 2.19e+03
Model state saved to ./results/models/checkpoints/schrodinger/qho/2025-09-04_18-18-37-021426/model.pth
Model state saved to ./results/models/checkpoints/schrodinger/qho/2025-09-04_18-18-37-021426/model_weights.pth
It: 301, Loss: 3.365e-02, Loss_res: 5.005e-03,  Loss_bcs: 8.930e-05, Loss_ut_ics: 1.177e-02, lr: 1.000e-03, Time: 2.20e+03
Model state saved to ./results/models/checkpoints/schrodinger/qho/2025-09-04_18-18-37-021426/model.pth
Model state saved to ./results/models/checkpoints/schrodinger/qho/2025-09-04_18-18-37-021426/model_weights.pth
It: 302, Loss: 1.013e-01, Loss_res: 8.907e-03,  Loss_bcs: 9.213e-05, Loss_ut_ics: 4.168e-02, lr: 1.000e-03, Time: 2.21e+03
Model state saved to ./results/models/checkpoints/schrodinger/qho/2025-09-04_18-18-37-021426/model.pth
Model state saved to ./results/models/checkpoints/schrodinger/qho/2025-09-04_18-18-37-021426/model_weights.pth
It: 303, Loss: 1.108e-01, Loss_res: 8.987e-03,  Loss_bcs: 6.317e-05, Loss_ut_ics: 4.638e-02, lr: 1.000e-03, Time: 2.21e+03
Model state saved to ./results/models/checkpoints/schrodinger/qho/2025-09-04_18-18-37-021426/model.pth
Model state saved to ./results/models/checkpoints/schrodinger/qho/2025-09-04_18-18-37-021426/model_weights.pth
It: 304, Loss: 6.861e-02, Loss_res: 7.040e-03,  Loss_bcs: 4.446e-05, Loss_ut_ics: 2.724e-02, lr: 1.000e-03, Time: 2.22e+03
Model state saved to ./results/models/checkpoints/schrodinger/qho/2025-09-04_18-18-37-021426/model.pth
Model state saved to ./results/models/checkpoints/schrodinger/qho/2025-09-04_18-18-37-021426/model_weights.pth
It: 305, Loss: 6.904e-02, Loss_res: 1.357e-02,  Loss_bcs: 2.525e-05, Loss_ut_ics: 2.094e-02, lr: 1.000e-03, Time: 2.23e+03
Model state saved to ./results/models/checkpoints/schrodinger/qho/2025-09-04_18-18-37-021426/model.pth
Model state saved to ./results/models/checkpoints/schrodinger/qho/2025-09-04_18-18-37-021426/model_weights.pth
It: 306, Loss: 2.407e-02, Loss_res: 7.753e-03,  Loss_bcs: 2.941e-05, Loss_ut_ics: 4.266e-03, lr: 1.000e-03, Time: 2.23e+03
Model state saved to ./results/models/checkpoints/schrodinger/qho/2025-09-04_18-18-37-021426/model.pth
Model state saved to ./results/models/checkpoints/schrodinger/qho/2025-09-04_18-18-37-021426/model_weights.pth
It: 307, Loss: 5.450e-02, Loss_res: 6.836e-03,  Loss_bcs: 5.915e-05, Loss_ut_ics: 2.038e-02, lr: 1.000e-03, Time: 2.24e+03
Model state saved to ./results/models/checkpoints/schrodinger/qho/2025-09-04_18-18-37-021426/model.pth
Model state saved to ./results/models/checkpoints/schrodinger/qho/2025-09-04_18-18-37-021426/model_weights.pth
It: 308, Loss: 3.889e-02, Loss_res: 8.211e-03,  Loss_bcs: 6.635e-05, Loss_ut_ics: 1.120e-02, lr: 1.000e-03, Time: 2.25e+03
Model state saved to ./results/models/checkpoints/schrodinger/qho/2025-09-04_18-18-37-021426/model.pth
Model state saved to ./results/models/checkpoints/schrodinger/qho/2025-09-04_18-18-37-021426/model_weights.pth
It: 309, Loss: 6.541e-02, Loss_res: 1.141e-02,  Loss_bcs: 8.314e-05, Loss_ut_ics: 2.125e-02, lr: 1.000e-03, Time: 2.26e+03
Model state saved to ./results/models/checkpoints/schrodinger/qho/2025-09-04_18-18-37-021426/model.pth
Model state saved to ./results/models/checkpoints/schrodinger/qho/2025-09-04_18-18-37-021426/model_weights.pth
It: 310, Loss: 8.406e-02, Loss_res: 1.025e-02,  Loss_bcs: 8.765e-05, Loss_ut_ics: 3.173e-02, lr: 1.000e-03, Time: 2.26e+03
Model state saved to ./results/models/checkpoints/schrodinger/qho/2025-09-04_18-18-37-021426/model.pth
Model state saved to ./results/models/checkpoints/schrodinger/qho/2025-09-04_18-18-37-021426/model_weights.pth
It: 311, Loss: 1.708e-02, Loss_res: 6.821e-03,  Loss_bcs: 6.629e-05, Loss_ut_ics: 1.685e-03, lr: 1.000e-03, Time: 2.27e+03
Model state saved to ./results/models/checkpoints/schrodinger/qho/2025-09-04_18-18-37-021426/model.pth
Model state saved to ./results/models/checkpoints/schrodinger/qho/2025-09-04_18-18-37-021426/model_weights.pth
It: 312, Loss: 5.099e-02, Loss_res: 7.257e-03,  Loss_bcs: 5.415e-05, Loss_ut_ics: 1.821e-02, lr: 1.000e-03, Time: 2.28e+03
Model state saved to ./results/models/checkpoints/schrodinger/qho/2025-09-04_18-18-37-021426/model.pth
Model state saved to ./results/models/checkpoints/schrodinger/qho/2025-09-04_18-18-37-021426/model_weights.pth
It: 313, Loss: 3.862e-02, Loss_res: 1.031e-02,  Loss_bcs: 5.670e-05, Loss_ut_ics: 8.971e-03, lr: 1.000e-03, Time: 2.28e+03
Model state saved to ./results/models/checkpoints/schrodinger/qho/2025-09-04_18-18-37-021426/model.pth
Model state saved to ./results/models/checkpoints/schrodinger/qho/2025-09-04_18-18-37-021426/model_weights.pth
It: 314, Loss: 6.382e-02, Loss_res: 1.337e-02,  Loss_bcs: 6.613e-05, Loss_ut_ics: 1.850e-02, lr: 1.000e-03, Time: 2.29e+03
Model state saved to ./results/models/checkpoints/schrodinger/qho/2025-09-04_18-18-37-021426/model.pth
Model state saved to ./results/models/checkpoints/schrodinger/qho/2025-09-04_18-18-37-021426/model_weights.pth
It: 315, Loss: 5.184e-02, Loss_res: 1.003e-02,  Loss_bcs: 6.274e-05, Loss_ut_ics: 1.585e-02, lr: 1.000e-03, Time: 2.30e+03
Model state saved to ./results/models/checkpoints/schrodinger/qho/2025-09-04_18-18-37-021426/model.pth
Model state saved to ./results/models/checkpoints/schrodinger/qho/2025-09-04_18-18-37-021426/model_weights.pth
It: 316, Loss: 5.433e-02, Loss_res: 1.038e-02,  Loss_bcs: 8.162e-05, Loss_ut_ics: 1.674e-02, lr: 1.000e-03, Time: 2.31e+03
Model state saved to ./results/models/checkpoints/schrodinger/qho/2025-09-04_18-18-37-021426/model.pth
Model state saved to ./results/models/checkpoints/schrodinger/qho/2025-09-04_18-18-37-021426/model_weights.pth
It: 317, Loss: 5.873e-02, Loss_res: 8.402e-03,  Loss_bcs: 1.114e-04, Loss_ut_ics: 2.091e-02, lr: 1.000e-03, Time: 2.31e+03
Model state saved to ./results/models/checkpoints/schrodinger/qho/2025-09-04_18-18-37-021426/model.pth
Model state saved to ./results/models/checkpoints/schrodinger/qho/2025-09-04_18-18-37-021426/model_weights.pth
It: 318, Loss: 5.273e-02, Loss_res: 8.935e-03,  Loss_bcs: 1.275e-04, Loss_ut_ics: 1.737e-02, lr: 1.000e-03, Time: 2.32e+03
Model state saved to ./results/models/checkpoints/schrodinger/qho/2025-09-04_18-18-37-021426/model.pth
Model state saved to ./results/models/checkpoints/schrodinger/qho/2025-09-04_18-18-37-021426/model_weights.pth
It: 319, Loss: 2.752e-02, Loss_res: 5.994e-03,  Loss_bcs: 9.459e-05, Loss_ut_ics: 7.719e-03, lr: 1.000e-03, Time: 2.33e+03
Model state saved to ./results/models/checkpoints/schrodinger/qho/2025-09-04_18-18-37-021426/model.pth
Model state saved to ./results/models/checkpoints/schrodinger/qho/2025-09-04_18-18-37-021426/model_weights.pth
It: 320, Loss: 9.158e-02, Loss_res: 1.179e-02,  Loss_bcs: 6.997e-05, Loss_ut_ics: 3.397e-02, lr: 1.000e-03, Time: 2.33e+03
Model state saved to ./results/models/checkpoints/schrodinger/qho/2025-09-04_18-18-37-021426/model.pth
Model state saved to ./results/models/checkpoints/schrodinger/qho/2025-09-04_18-18-37-021426/model_weights.pth
It: 321, Loss: 3.442e-02, Loss_res: 8.718e-03,  Loss_bcs: 5.554e-05, Loss_ut_ics: 8.462e-03, lr: 1.000e-03, Time: 2.34e+03
Model state saved to ./results/models/checkpoints/schrodinger/qho/2025-09-04_18-18-37-021426/model.pth
Model state saved to ./results/models/checkpoints/schrodinger/qho/2025-09-04_18-18-37-021426/model_weights.pth
It: 322, Loss: 8.558e-02, Loss_res: 7.252e-03,  Loss_bcs: 3.816e-05, Loss_ut_ics: 3.552e-02, lr: 1.000e-03, Time: 2.35e+03
Model state saved to ./results/models/checkpoints/schrodinger/qho/2025-09-04_18-18-37-021426/model.pth
Model state saved to ./results/models/checkpoints/schrodinger/qho/2025-09-04_18-18-37-021426/model_weights.pth
It: 323, Loss: 1.960e-02, Loss_res: 9.364e-03,  Loss_bcs: 5.234e-05, Loss_ut_ics: 4.089e-04, lr: 1.000e-03, Time: 2.35e+03
Model state saved to ./results/models/checkpoints/schrodinger/qho/2025-09-04_18-18-37-021426/model.pth
Model state saved to ./results/models/checkpoints/schrodinger/qho/2025-09-04_18-18-37-021426/model_weights.pth
It: 324, Loss: 4.665e-02, Loss_res: 1.334e-02,  Loss_bcs: 8.112e-05, Loss_ut_ics: 9.946e-03, lr: 1.000e-03, Time: 2.36e+03
Model state saved to ./results/models/checkpoints/schrodinger/qho/2025-09-04_18-18-37-021426/model.pth
Model state saved to ./results/models/checkpoints/schrodinger/qho/2025-09-04_18-18-37-021426/model_weights.pth
It: 325, Loss: 6.391e-02, Loss_res: 1.347e-02,  Loss_bcs: 1.002e-04, Loss_ut_ics: 1.843e-02, lr: 1.000e-03, Time: 2.37e+03
Model state saved to ./results/models/checkpoints/schrodinger/qho/2025-09-04_18-18-37-021426/model.pth
Model state saved to ./results/models/checkpoints/schrodinger/qho/2025-09-04_18-18-37-021426/model_weights.pth
It: 326, Loss: 1.089e-01, Loss_res: 7.991e-03,  Loss_bcs: 8.607e-05, Loss_ut_ics: 4.642e-02, lr: 1.000e-03, Time: 2.37e+03
Model state saved to ./results/models/checkpoints/schrodinger/qho/2025-09-04_18-18-37-021426/model.pth
Model state saved to ./results/models/checkpoints/schrodinger/qho/2025-09-04_18-18-37-021426/model_weights.pth
It: 327, Loss: 5.293e-02, Loss_res: 1.235e-02,  Loss_bcs: 6.762e-05, Loss_ut_ics: 1.408e-02, lr: 1.000e-03, Time: 2.38e+03
Model state saved to ./results/models/checkpoints/schrodinger/qho/2025-09-04_18-18-37-021426/model.pth
Model state saved to ./results/models/checkpoints/schrodinger/qho/2025-09-04_18-18-37-021426/model_weights.pth
It: 328, Loss: 6.177e-02, Loss_res: 9.667e-03,  Loss_bcs: 4.873e-05, Loss_ut_ics: 2.119e-02, lr: 1.000e-03, Time: 2.39e+03
Model state saved to ./results/models/checkpoints/schrodinger/qho/2025-09-04_18-18-37-021426/model.pth
Model state saved to ./results/models/checkpoints/schrodinger/qho/2025-09-04_18-18-37-021426/model_weights.pth
It: 329, Loss: 2.069e-02, Loss_res: 9.858e-03,  Loss_bcs: 4.570e-05, Loss_ut_ics: 4.667e-04, lr: 1.000e-03, Time: 2.39e+03
Model state saved to ./results/models/checkpoints/schrodinger/qho/2025-09-04_18-18-37-021426/model.pth
Model state saved to ./results/models/checkpoints/schrodinger/qho/2025-09-04_18-18-37-021426/model_weights.pth
It: 330, Loss: 6.497e-02, Loss_res: 1.161e-02,  Loss_bcs: 8.780e-05, Loss_ut_ics: 2.083e-02, lr: 1.000e-03, Time: 2.40e+03
Model state saved to ./results/models/checkpoints/schrodinger/qho/2025-09-04_18-18-37-021426/model.pth
Model state saved to ./results/models/checkpoints/schrodinger/qho/2025-09-04_18-18-37-021426/model_weights.pth
It: 331, Loss: 5.292e-02, Loss_res: 9.616e-03,  Loss_bcs: 7.155e-05, Loss_ut_ics: 1.681e-02, lr: 1.000e-03, Time: 2.41e+03
Model state saved to ./results/models/checkpoints/schrodinger/qho/2025-09-04_18-18-37-021426/model.pth
Model state saved to ./results/models/checkpoints/schrodinger/qho/2025-09-04_18-18-37-021426/model_weights.pth
It: 332, Loss: 2.221e-02, Loss_res: 1.004e-02,  Loss_bcs: 5.591e-05, Loss_ut_ics: 1.036e-03, lr: 1.000e-03, Time: 2.42e+03
Model state saved to ./results/models/checkpoints/schrodinger/qho/2025-09-04_18-18-37-021426/model.pth
Model state saved to ./results/models/checkpoints/schrodinger/qho/2025-09-04_18-18-37-021426/model_weights.pth
It: 333, Loss: 4.996e-02, Loss_res: 1.029e-02,  Loss_bcs: 5.202e-05, Loss_ut_ics: 1.467e-02, lr: 1.000e-03, Time: 2.42e+03
Model state saved to ./results/models/checkpoints/schrodinger/qho/2025-09-04_18-18-37-021426/model.pth
Model state saved to ./results/models/checkpoints/schrodinger/qho/2025-09-04_18-18-37-021426/model_weights.pth
It: 334, Loss: 4.005e-02, Loss_res: 7.702e-03,  Loss_bcs: 6.290e-05, Loss_ut_ics: 1.229e-02, lr: 1.000e-03, Time: 2.43e+03
Model state saved to ./results/models/checkpoints/schrodinger/qho/2025-09-04_18-18-37-021426/model.pth
Model state saved to ./results/models/checkpoints/schrodinger/qho/2025-09-04_18-18-37-021426/model_weights.pth
It: 335, Loss: 2.807e-02, Loss_res: 1.240e-02,  Loss_bcs: 7.503e-05, Loss_ut_ics: 1.597e-03, lr: 1.000e-03, Time: 2.44e+03
Model state saved to ./results/models/checkpoints/schrodinger/qho/2025-09-04_18-18-37-021426/model.pth
Model state saved to ./results/models/checkpoints/schrodinger/qho/2025-09-04_18-18-37-021426/model_weights.pth
It: 336, Loss: 2.966e-02, Loss_res: 1.363e-02,  Loss_bcs: 9.267e-05, Loss_ut_ics: 1.155e-03, lr: 1.000e-03, Time: 2.44e+03
Model state saved to ./results/models/checkpoints/schrodinger/qho/2025-09-04_18-18-37-021426/model.pth
Model state saved to ./results/models/checkpoints/schrodinger/qho/2025-09-04_18-18-37-021426/model_weights.pth
It: 337, Loss: 1.830e-02, Loss_res: 8.118e-03,  Loss_bcs: 1.094e-04, Loss_ut_ics: 9.744e-04, lr: 1.000e-03, Time: 2.45e+03
Model state saved to ./results/models/checkpoints/schrodinger/qho/2025-09-04_18-18-37-021426/model.pth
Model state saved to ./results/models/checkpoints/schrodinger/qho/2025-09-04_18-18-37-021426/model_weights.pth
It: 338, Loss: 4.506e-02, Loss_res: 9.156e-03,  Loss_bcs: 9.826e-05, Loss_ut_ics: 1.332e-02, lr: 1.000e-03, Time: 2.46e+03
Model state saved to ./results/models/checkpoints/schrodinger/qho/2025-09-04_18-18-37-021426/model.pth
Model state saved to ./results/models/checkpoints/schrodinger/qho/2025-09-04_18-18-37-021426/model_weights.pth
It: 339, Loss: 4.880e-02, Loss_res: 7.034e-03,  Loss_bcs: 6.783e-05, Loss_ut_ics: 1.733e-02, lr: 1.000e-03, Time: 2.46e+03
Model state saved to ./results/models/checkpoints/schrodinger/qho/2025-09-04_18-18-37-021426/model.pth
Model state saved to ./results/models/checkpoints/schrodinger/qho/2025-09-04_18-18-37-021426/model_weights.pth
It: 340, Loss: 2.029e-02, Loss_res: 9.591e-03,  Loss_bcs: 4.287e-05, Loss_ut_ics: 5.315e-04, lr: 1.000e-03, Time: 2.47e+03
Model state saved to ./results/models/checkpoints/schrodinger/qho/2025-09-04_18-18-37-021426/model.pth
Model state saved to ./results/models/checkpoints/schrodinger/qho/2025-09-04_18-18-37-021426/model_weights.pth
It: 341, Loss: 4.380e-02, Loss_res: 1.274e-02,  Loss_bcs: 3.315e-05, Loss_ut_ics: 9.142e-03, lr: 1.000e-03, Time: 2.48e+03
Model state saved to ./results/models/checkpoints/schrodinger/qho/2025-09-04_18-18-37-021426/model.pth
Model state saved to ./results/models/checkpoints/schrodinger/qho/2025-09-04_18-18-37-021426/model_weights.pth
It: 342, Loss: 2.997e-02, Loss_res: 1.137e-02,  Loss_bcs: 2.982e-05, Loss_ut_ics: 3.600e-03, lr: 1.000e-03, Time: 2.48e+03
Model state saved to ./results/models/checkpoints/schrodinger/qho/2025-09-04_18-18-37-021426/model.pth
Model state saved to ./results/models/checkpoints/schrodinger/qho/2025-09-04_18-18-37-021426/model_weights.pth
It: 343, Loss: 1.400e-02, Loss_res: 6.704e-03,  Loss_bcs: 1.368e-05, Loss_ut_ics: 2.881e-04, lr: 1.000e-03, Time: 2.49e+03
Model state saved to ./results/models/checkpoints/schrodinger/qho/2025-09-04_18-18-37-021426/model.pth
Model state saved to ./results/models/checkpoints/schrodinger/qho/2025-09-04_18-18-37-021426/model_weights.pth
It: 344, Loss: 7.277e-02, Loss_res: 7.454e-03,  Loss_bcs: 1.219e-05, Loss_ut_ics: 2.893e-02, lr: 1.000e-03, Time: 2.50e+03
Model state saved to ./results/models/checkpoints/schrodinger/qho/2025-09-04_18-18-37-021426/model.pth
Model state saved to ./results/models/checkpoints/schrodinger/qho/2025-09-04_18-18-37-021426/model_weights.pth
It: 345, Loss: 1.805e-02, Loss_res: 6.757e-03,  Loss_bcs: 3.008e-05, Loss_ut_ics: 2.254e-03, lr: 1.000e-03, Time: 2.50e+03
Model state saved to ./results/models/checkpoints/schrodinger/qho/2025-09-04_18-18-37-021426/model.pth
Model state saved to ./results/models/checkpoints/schrodinger/qho/2025-09-04_18-18-37-021426/model_weights.pth
It: 346, Loss: 4.061e-02, Loss_res: 5.408e-03,  Loss_bcs: 6.063e-05, Loss_ut_ics: 1.486e-02, lr: 1.000e-03, Time: 2.51e+03
Model state saved to ./results/models/checkpoints/schrodinger/qho/2025-09-04_18-18-37-021426/model.pth
Model state saved to ./results/models/checkpoints/schrodinger/qho/2025-09-04_18-18-37-021426/model_weights.pth
It: 347, Loss: 1.064e-02, Loss_res: 4.977e-03,  Loss_bcs: 7.676e-05, Loss_ut_ics: 3.066e-04, lr: 1.000e-03, Time: 2.52e+03
Model state saved to ./results/models/checkpoints/schrodinger/qho/2025-09-04_18-18-37-021426/model.pth
Model state saved to ./results/models/checkpoints/schrodinger/qho/2025-09-04_18-18-37-021426/model_weights.pth
It: 348, Loss: 3.495e-02, Loss_res: 5.691e-03,  Loss_bcs: 8.212e-05, Loss_ut_ics: 1.175e-02, lr: 1.000e-03, Time: 2.52e+03
Model state saved to ./results/models/checkpoints/schrodinger/qho/2025-09-04_18-18-37-021426/model.pth
Model state saved to ./results/models/checkpoints/schrodinger/qho/2025-09-04_18-18-37-021426/model_weights.pth
It: 349, Loss: 1.368e-02, Loss_res: 5.059e-03,  Loss_bcs: 8.200e-05, Loss_ut_ics: 1.739e-03, lr: 1.000e-03, Time: 2.53e+03
Model state saved to ./results/models/checkpoints/schrodinger/qho/2025-09-04_18-18-37-021426/model.pth
Model state saved to ./results/models/checkpoints/schrodinger/qho/2025-09-04_18-18-37-021426/model_weights.pth
It: 350, Loss: 7.045e-02, Loss_res: 8.820e-03,  Loss_bcs: 6.545e-05, Loss_ut_ics: 2.637e-02, lr: 1.000e-03, Time: 2.54e+03
Model state saved to ./results/models/checkpoints/schrodinger/qho/2025-09-04_18-18-37-021426/model.pth
Model state saved to ./results/models/checkpoints/schrodinger/qho/2025-09-04_18-18-37-021426/model_weights.pth
It: 351, Loss: 1.672e-02, Loss_res: 4.996e-03,  Loss_bcs: 6.381e-05, Loss_ut_ics: 3.333e-03, lr: 1.000e-03, Time: 2.55e+03
Model state saved to ./results/models/checkpoints/schrodinger/qho/2025-09-04_18-18-37-021426/model.pth
Model state saved to ./results/models/checkpoints/schrodinger/qho/2025-09-04_18-18-37-021426/model_weights.pth
It: 352, Loss: 1.394e-02, Loss_res: 4.179e-03,  Loss_bcs: 4.418e-05, Loss_ut_ics: 2.770e-03, lr: 1.000e-03, Time: 2.55e+03
Model state saved to ./results/models/checkpoints/schrodinger/qho/2025-09-04_18-18-37-021426/model.pth
Model state saved to ./results/models/checkpoints/schrodinger/qho/2025-09-04_18-18-37-021426/model_weights.pth
It: 353, Loss: 2.155e-02, Loss_res: 4.907e-03,  Loss_bcs: 2.750e-05, Loss_ut_ics: 5.853e-03, lr: 1.000e-03, Time: 2.56e+03
Model state saved to ./results/models/checkpoints/schrodinger/qho/2025-09-04_18-18-37-021426/model.pth
Model state saved to ./results/models/checkpoints/schrodinger/qho/2025-09-04_18-18-37-021426/model_weights.pth
It: 354, Loss: 3.378e-02, Loss_res: 5.025e-03,  Loss_bcs: 2.296e-05, Loss_ut_ics: 1.185e-02, lr: 1.000e-03, Time: 2.57e+03
Model state saved to ./results/models/checkpoints/schrodinger/qho/2025-09-04_18-18-37-021426/model.pth
Model state saved to ./results/models/checkpoints/schrodinger/qho/2025-09-04_18-18-37-021426/model_weights.pth
It: 355, Loss: 5.175e-02, Loss_res: 5.992e-03,  Loss_bcs: 3.132e-05, Loss_ut_ics: 1.987e-02, lr: 1.000e-03, Time: 2.57e+03
Model state saved to ./results/models/checkpoints/schrodinger/qho/2025-09-04_18-18-37-021426/model.pth
Model state saved to ./results/models/checkpoints/schrodinger/qho/2025-09-04_18-18-37-021426/model_weights.pth
It: 356, Loss: 2.980e-02, Loss_res: 8.457e-03,  Loss_bcs: 4.312e-05, Loss_ut_ics: 6.421e-03, lr: 1.000e-03, Time: 2.58e+03
Model state saved to ./results/models/checkpoints/schrodinger/qho/2025-09-04_18-18-37-021426/model.pth
Model state saved to ./results/models/checkpoints/schrodinger/qho/2025-09-04_18-18-37-021426/model_weights.pth
It: 357, Loss: 4.033e-02, Loss_res: 3.837e-03,  Loss_bcs: 7.865e-05, Loss_ut_ics: 1.629e-02, lr: 1.000e-03, Time: 2.59e+03
Model state saved to ./results/models/checkpoints/schrodinger/qho/2025-09-04_18-18-37-021426/model.pth
Model state saved to ./results/models/checkpoints/schrodinger/qho/2025-09-04_18-18-37-021426/model_weights.pth
It: 358, Loss: 3.943e-02, Loss_res: 5.553e-03,  Loss_bcs: 9.981e-05, Loss_ut_ics: 1.411e-02, lr: 1.000e-03, Time: 2.59e+03
Model state saved to ./results/models/checkpoints/schrodinger/qho/2025-09-04_18-18-37-021426/model.pth
Model state saved to ./results/models/checkpoints/schrodinger/qho/2025-09-04_18-18-37-021426/model_weights.pth
It: 359, Loss: 4.433e-02, Loss_res: 8.550e-03,  Loss_bcs: 1.059e-04, Loss_ut_ics: 1.356e-02, lr: 1.000e-03, Time: 2.60e+03
Model state saved to ./results/models/checkpoints/schrodinger/qho/2025-09-04_18-18-37-021426/model.pth
Model state saved to ./results/models/checkpoints/schrodinger/qho/2025-09-04_18-18-37-021426/model_weights.pth
It: 360, Loss: 1.295e-02, Loss_res: 6.051e-03,  Loss_bcs: 7.684e-05, Loss_ut_ics: 3.830e-04, lr: 1.000e-03, Time: 2.61e+03
Model state saved to ./results/models/checkpoints/schrodinger/qho/2025-09-04_18-18-37-021426/model.pth
Model state saved to ./results/models/checkpoints/schrodinger/qho/2025-09-04_18-18-37-021426/model_weights.pth
It: 361, Loss: 2.073e-02, Loss_res: 6.612e-03,  Loss_bcs: 4.176e-05, Loss_ut_ics: 3.732e-03, lr: 1.000e-03, Time: 2.61e+03
Model state saved to ./results/models/checkpoints/schrodinger/qho/2025-09-04_18-18-37-021426/model.pth
Model state saved to ./results/models/checkpoints/schrodinger/qho/2025-09-04_18-18-37-021426/model_weights.pth
It: 362, Loss: 3.197e-02, Loss_res: 6.766e-03,  Loss_bcs: 1.948e-05, Loss_ut_ics: 9.208e-03, lr: 1.000e-03, Time: 2.62e+03
Model state saved to ./results/models/checkpoints/schrodinger/qho/2025-09-04_18-18-37-021426/model.pth
Model state saved to ./results/models/checkpoints/schrodinger/qho/2025-09-04_18-18-37-021426/model_weights.pth
It: 363, Loss: 4.106e-02, Loss_res: 5.658e-03,  Loss_bcs: 9.366e-06, Loss_ut_ics: 1.487e-02, lr: 1.000e-03, Time: 2.63e+03
Model state saved to ./results/models/checkpoints/schrodinger/qho/2025-09-04_18-18-37-021426/model.pth
Model state saved to ./results/models/checkpoints/schrodinger/qho/2025-09-04_18-18-37-021426/model_weights.pth
It: 364, Loss: 1.095e-02, Loss_res: 2.956e-03,  Loss_bcs: 9.767e-06, Loss_ut_ics: 2.512e-03, lr: 1.000e-03, Time: 2.63e+03
Model state saved to ./results/models/checkpoints/schrodinger/qho/2025-09-04_18-18-37-021426/model.pth
Model state saved to ./results/models/checkpoints/schrodinger/qho/2025-09-04_18-18-37-021426/model_weights.pth
It: 365, Loss: 4.019e-02, Loss_res: 4.607e-03,  Loss_bcs: 2.551e-05, Loss_ut_ics: 1.548e-02, lr: 1.000e-03, Time: 2.64e+03
Model state saved to ./results/models/checkpoints/schrodinger/qho/2025-09-04_18-18-37-021426/model.pth
Model state saved to ./results/models/checkpoints/schrodinger/qho/2025-09-04_18-18-37-021426/model_weights.pth
It: 366, Loss: 5.235e-03, Loss_res: 1.603e-03,  Loss_bcs: 5.284e-05, Loss_ut_ics: 9.880e-04, lr: 1.000e-03, Time: 2.65e+03
Model state saved to ./results/models/checkpoints/schrodinger/qho/2025-09-04_18-18-37-021426/model.pth
Model state saved to ./results/models/checkpoints/schrodinger/qho/2025-09-04_18-18-37-021426/model_weights.pth
It: 367, Loss: 1.807e-02, Loss_res: 4.393e-03,  Loss_bcs: 1.192e-04, Loss_ut_ics: 4.582e-03, lr: 1.000e-03, Time: 2.65e+03
Model state saved to ./results/models/checkpoints/schrodinger/qho/2025-09-04_18-18-37-021426/model.pth
Model state saved to ./results/models/checkpoints/schrodinger/qho/2025-09-04_18-18-37-021426/model_weights.pth
It: 368, Loss: 1.587e-02, Loss_res: 7.352e-03,  Loss_bcs: 1.353e-04, Loss_ut_ics: 5.165e-04, lr: 1.000e-03, Time: 2.66e+03
Model state saved to ./results/models/checkpoints/schrodinger/qho/2025-09-04_18-18-37-021426/model.pth
Model state saved to ./results/models/checkpoints/schrodinger/qho/2025-09-04_18-18-37-021426/model_weights.pth
It: 369, Loss: 4.011e-02, Loss_res: 1.545e-03,  Loss_bcs: 1.335e-04, Loss_ut_ics: 1.844e-02, lr: 1.000e-03, Time: 2.67e+03
Model state saved to ./results/models/checkpoints/schrodinger/qho/2025-09-04_18-18-37-021426/model.pth
Model state saved to ./results/models/checkpoints/schrodinger/qho/2025-09-04_18-18-37-021426/model_weights.pth
It: 370, Loss: 9.325e-03, Loss_res: 3.721e-03,  Loss_bcs: 1.020e-04, Loss_ut_ics: 8.909e-04, lr: 1.000e-03, Time: 2.67e+03
Model state saved to ./results/models/checkpoints/schrodinger/qho/2025-09-04_18-18-37-021426/model.pth
Model state saved to ./results/models/checkpoints/schrodinger/qho/2025-09-04_18-18-37-021426/model_weights.pth
It: 371, Loss: 4.497e-02, Loss_res: 4.086e-03,  Loss_bcs: 7.752e-05, Loss_ut_ics: 1.836e-02, lr: 1.000e-03, Time: 2.68e+03
Model state saved to ./results/models/checkpoints/schrodinger/qho/2025-09-04_18-18-37-021426/model.pth
Model state saved to ./results/models/checkpoints/schrodinger/qho/2025-09-04_18-18-37-021426/model_weights.pth
It: 372, Loss: 6.161e-02, Loss_res: 6.935e-03,  Loss_bcs: 6.418e-05, Loss_ut_ics: 2.384e-02, lr: 1.000e-03, Time: 2.69e+03
Model state saved to ./results/models/checkpoints/schrodinger/qho/2025-09-04_18-18-37-021426/model.pth
Model state saved to ./results/models/checkpoints/schrodinger/qho/2025-09-04_18-18-37-021426/model_weights.pth
It: 373, Loss: 1.760e-02, Loss_res: 4.015e-03,  Loss_bcs: 4.168e-05, Loss_ut_ics: 4.767e-03, lr: 1.000e-03, Time: 2.69e+03
Model state saved to ./results/models/checkpoints/schrodinger/qho/2025-09-04_18-18-37-021426/model.pth
Model state saved to ./results/models/checkpoints/schrodinger/qho/2025-09-04_18-18-37-021426/model_weights.pth
It: 374, Loss: 3.075e-02, Loss_res: 2.607e-03,  Loss_bcs: 4.516e-05, Loss_ut_ics: 1.275e-02, lr: 1.000e-03, Time: 2.70e+03
Model state saved to ./results/models/checkpoints/schrodinger/qho/2025-09-04_18-18-37-021426/model.pth
Model state saved to ./results/models/checkpoints/schrodinger/qho/2025-09-04_18-18-37-021426/model_weights.pth
It: 375, Loss: 7.412e-02, Loss_res: 5.639e-03,  Loss_bcs: 4.444e-05, Loss_ut_ics: 3.140e-02, lr: 1.000e-03, Time: 2.71e+03
Model state saved to ./results/models/checkpoints/schrodinger/qho/2025-09-04_18-18-37-021426/model.pth
Model state saved to ./results/models/checkpoints/schrodinger/qho/2025-09-04_18-18-37-021426/model_weights.pth
It: 376, Loss: 5.974e-02, Loss_res: 3.537e-03,  Loss_bcs: 6.687e-05, Loss_ut_ics: 2.630e-02, lr: 1.000e-03, Time: 2.71e+03
Model state saved to ./results/models/checkpoints/schrodinger/qho/2025-09-04_18-18-37-021426/model.pth
Model state saved to ./results/models/checkpoints/schrodinger/qho/2025-09-04_18-18-37-021426/model_weights.pth
It: 377, Loss: 2.681e-02, Loss_res: 2.077e-03,  Loss_bcs: 1.288e-04, Loss_ut_ics: 1.127e-02, lr: 1.000e-03, Time: 2.72e+03
Model state saved to ./results/models/checkpoints/schrodinger/qho/2025-09-04_18-18-37-021426/model.pth
Model state saved to ./results/models/checkpoints/schrodinger/qho/2025-09-04_18-18-37-021426/model_weights.pth
It: 378, Loss: 1.431e-02, Loss_res: 4.312e-03,  Loss_bcs: 1.047e-04, Loss_ut_ics: 2.793e-03, lr: 1.000e-03, Time: 2.73e+03
Model state saved to ./results/models/checkpoints/schrodinger/qho/2025-09-04_18-18-37-021426/model.pth
Model state saved to ./results/models/checkpoints/schrodinger/qho/2025-09-04_18-18-37-021426/model_weights.pth
It: 379, Loss: 1.014e-02, Loss_res: 4.470e-03,  Loss_bcs: 9.612e-05, Loss_ut_ics: 5.506e-04, lr: 1.000e-03, Time: 2.73e+03
Model state saved to ./results/models/checkpoints/schrodinger/qho/2025-09-04_18-18-37-021426/model.pth
Model state saved to ./results/models/checkpoints/schrodinger/qho/2025-09-04_18-18-37-021426/model_weights.pth
It: 380, Loss: 9.709e-03, Loss_res: 1.652e-03,  Loss_bcs: 6.947e-05, Loss_ut_ics: 3.168e-03, lr: 1.000e-03, Time: 2.74e+03
Model state saved to ./results/models/checkpoints/schrodinger/qho/2025-09-04_18-18-37-021426/model.pth
Model state saved to ./results/models/checkpoints/schrodinger/qho/2025-09-04_18-18-37-021426/model_weights.pth
It: 381, Loss: 1.308e-02, Loss_res: 5.786e-03,  Loss_bcs: 3.038e-05, Loss_ut_ics: 7.370e-04, lr: 1.000e-03, Time: 2.75e+03
Model state saved to ./results/models/checkpoints/schrodinger/qho/2025-09-04_18-18-37-021426/model.pth
Model state saved to ./results/models/checkpoints/schrodinger/qho/2025-09-04_18-18-37-021426/model_weights.pth
It: 382, Loss: 3.981e-02, Loss_res: 4.392e-03,  Loss_bcs: 3.697e-05, Loss_ut_ics: 1.550e-02, lr: 1.000e-03, Time: 2.75e+03
Model state saved to ./results/models/checkpoints/schrodinger/qho/2025-09-04_18-18-37-021426/model.pth
Model state saved to ./results/models/checkpoints/schrodinger/qho/2025-09-04_18-18-37-021426/model_weights.pth
It: 383, Loss: 2.562e-02, Loss_res: 5.372e-03,  Loss_bcs: 4.761e-05, Loss_ut_ics: 7.416e-03, lr: 1.000e-03, Time: 2.76e+03
Model state saved to ./results/models/checkpoints/schrodinger/qho/2025-09-04_18-18-37-021426/model.pth
Model state saved to ./results/models/checkpoints/schrodinger/qho/2025-09-04_18-18-37-021426/model_weights.pth
It: 384, Loss: 1.722e-02, Loss_res: 3.297e-03,  Loss_bcs: 4.793e-05, Loss_ut_ics: 5.288e-03, lr: 1.000e-03, Time: 2.77e+03
Model state saved to ./results/models/checkpoints/schrodinger/qho/2025-09-04_18-18-37-021426/model.pth
Model state saved to ./results/models/checkpoints/schrodinger/qho/2025-09-04_18-18-37-021426/model_weights.pth
It: 385, Loss: 1.966e-02, Loss_res: 6.224e-03,  Loss_bcs: 4.032e-05, Loss_ut_ics: 3.588e-03, lr: 1.000e-03, Time: 2.77e+03
Model state saved to ./results/models/checkpoints/schrodinger/qho/2025-09-04_18-18-37-021426/model.pth
Model state saved to ./results/models/checkpoints/schrodinger/qho/2025-09-04_18-18-37-021426/model_weights.pth
It: 386, Loss: 1.156e-02, Loss_res: 5.081e-03,  Loss_bcs: 6.631e-05, Loss_ut_ics: 6.635e-04, lr: 1.000e-03, Time: 2.78e+03
Model state saved to ./results/models/checkpoints/schrodinger/qho/2025-09-04_18-18-37-021426/model.pth
Model state saved to ./results/models/checkpoints/schrodinger/qho/2025-09-04_18-18-37-021426/model_weights.pth
It: 387, Loss: 8.598e-03, Loss_res: 3.864e-03,  Loss_bcs: 9.305e-05, Loss_ut_ics: 3.887e-04, lr: 1.000e-03, Time: 2.79e+03
Model state saved to ./results/models/checkpoints/schrodinger/qho/2025-09-04_18-18-37-021426/model.pth
Model state saved to ./results/models/checkpoints/schrodinger/qho/2025-09-04_18-18-37-021426/model_weights.pth
It: 388, Loss: 1.135e-02, Loss_res: 3.994e-03,  Loss_bcs: 9.095e-05, Loss_ut_ics: 1.635e-03, lr: 1.000e-03, Time: 2.79e+03
Model state saved to ./results/models/checkpoints/schrodinger/qho/2025-09-04_18-18-37-021426/model.pth
Model state saved to ./results/models/checkpoints/schrodinger/qho/2025-09-04_18-18-37-021426/model_weights.pth
It: 389, Loss: 1.521e-02, Loss_res: 5.591e-03,  Loss_bcs: 7.600e-05, Loss_ut_ics: 1.973e-03, lr: 1.000e-03, Time: 2.80e+03
Model state saved to ./results/models/checkpoints/schrodinger/qho/2025-09-04_18-18-37-021426/model.pth
Model state saved to ./results/models/checkpoints/schrodinger/qho/2025-09-04_18-18-37-021426/model_weights.pth
It: 390, Loss: 2.090e-02, Loss_res: 4.278e-03,  Loss_bcs: 4.393e-05, Loss_ut_ics: 6.148e-03, lr: 1.000e-03, Time: 2.81e+03
Model state saved to ./results/models/checkpoints/schrodinger/qho/2025-09-04_18-18-37-021426/model.pth
Model state saved to ./results/models/checkpoints/schrodinger/qho/2025-09-04_18-18-37-021426/model_weights.pth
It: 391, Loss: 1.028e-02, Loss_res: 3.977e-03,  Loss_bcs: 5.228e-05, Loss_ut_ics: 1.138e-03, lr: 1.000e-03, Time: 2.81e+03
Model state saved to ./results/models/checkpoints/schrodinger/qho/2025-09-04_18-18-37-021426/model.pth
Model state saved to ./results/models/checkpoints/schrodinger/qho/2025-09-04_18-18-37-021426/model_weights.pth
It: 392, Loss: 3.919e-02, Loss_res: 3.586e-03,  Loss_bcs: 7.008e-05, Loss_ut_ics: 1.598e-02, lr: 1.000e-03, Time: 2.82e+03
Model state saved to ./results/models/checkpoints/schrodinger/qho/2025-09-04_18-18-37-021426/model.pth
Model state saved to ./results/models/checkpoints/schrodinger/qho/2025-09-04_18-18-37-021426/model_weights.pth
It: 393, Loss: 2.428e-02, Loss_res: 1.020e-02,  Loss_bcs: 6.659e-05, Loss_ut_ics: 1.908e-03, lr: 1.000e-03, Time: 2.83e+03
Model state saved to ./results/models/checkpoints/schrodinger/qho/2025-09-04_18-18-37-021426/model.pth
Model state saved to ./results/models/checkpoints/schrodinger/qho/2025-09-04_18-18-37-021426/model_weights.pth
It: 394, Loss: 1.319e-02, Loss_res: 1.664e-03,  Loss_bcs: 5.441e-05, Loss_ut_ics: 4.906e-03, lr: 1.000e-03, Time: 2.83e+03
Model state saved to ./results/models/checkpoints/schrodinger/qho/2025-09-04_18-18-37-021426/model.pth
Model state saved to ./results/models/checkpoints/schrodinger/qho/2025-09-04_18-18-37-021426/model_weights.pth
It: 395, Loss: 6.776e-03, Loss_res: 3.032e-03,  Loss_bcs: 4.940e-05, Loss_ut_ics: 3.315e-04, lr: 1.000e-03, Time: 2.84e+03
Model state saved to ./results/models/checkpoints/schrodinger/qho/2025-09-04_18-18-37-021426/model.pth
Model state saved to ./results/models/checkpoints/schrodinger/qho/2025-09-04_18-18-37-021426/model_weights.pth
It: 396, Loss: 2.503e-02, Loss_res: 5.676e-03,  Loss_bcs: 6.296e-05, Loss_ut_ics: 6.807e-03, lr: 1.000e-03, Time: 2.85e+03
Model state saved to ./results/models/checkpoints/schrodinger/qho/2025-09-04_18-18-37-021426/model.pth
Model state saved to ./results/models/checkpoints/schrodinger/qho/2025-09-04_18-18-37-021426/model_weights.pth
It: 397, Loss: 2.137e-02, Loss_res: 4.941e-03,  Loss_bcs: 6.364e-05, Loss_ut_ics: 5.714e-03, lr: 1.000e-03, Time: 2.86e+03
Model state saved to ./results/models/checkpoints/schrodinger/qho/2025-09-04_18-18-37-021426/model.pth
Model state saved to ./results/models/checkpoints/schrodinger/qho/2025-09-04_18-18-37-021426/model_weights.pth
It: 398, Loss: 1.875e-02, Loss_res: 6.628e-03,  Loss_bcs: 5.510e-05, Loss_ut_ics: 2.719e-03, lr: 1.000e-03, Time: 2.86e+03
Model state saved to ./results/models/checkpoints/schrodinger/qho/2025-09-04_18-18-37-021426/model.pth
Model state saved to ./results/models/checkpoints/schrodinger/qho/2025-09-04_18-18-37-021426/model_weights.pth
It: 399, Loss: 1.500e-02, Loss_res: 4.819e-03,  Loss_bcs: 5.116e-05, Loss_ut_ics: 2.655e-03, lr: 1.000e-03, Time: 2.87e+03
Model state saved to ./results/models/checkpoints/schrodinger/qho/2025-09-04_18-18-37-021426/model.pth
Model state saved to ./results/models/checkpoints/schrodinger/qho/2025-09-04_18-18-37-021426/model_weights.pth
It: 400, Loss: 1.127e-02, Loss_res: 4.245e-03,  Loss_bcs: 4.522e-05, Loss_ut_ics: 1.367e-03, lr: 1.000e-03, Time: 2.88e+03
Model state saved to ./results/models/checkpoints/schrodinger/qho/2025-09-04_18-18-37-021426/model.pth
Model state saved to ./results/models/checkpoints/schrodinger/qho/2025-09-04_18-18-37-021426/model_weights.pth
