INFO:src.utils.logger:It: 1, Loss: 5.191e+01, Loss_res: 1.240e+00,  Loss_bcs: 1.039e-01, Loss_ut_ics: 2.565e-01, Loss_norm: 1.004e-01, Loss_gauge: 0.000e+00, w_pde: 3.33e-03, L^2_error: 8.338e-01, lr: 1.000e-03, Time: 3.89e+00
INFO:src.utils.logger:Model state saved to results\ho\DV\20260305-054940_seed0_ho_DV_bl_layered_e1500_w300_4q_4l\checkpoints\2026-03-05_05-50-04-441757_ho_DV_seed\model.pth
INFO:src.utils.logger:Model weights saved to results\ho\DV\20260305-054940_seed0_ho_DV_bl_layered_e1500_w300_4q_4l\checkpoints\2026-03-05_05-50-04-441757_ho_DV_seed\model_weights.pth
INFO:src.utils.logger:It: 2, Loss: 3.970e+01, Loss_res: 8.919e-01,  Loss_bcs: 1.000e-01, Loss_ut_ics: 1.947e-01, Loss_norm: 1.287e-01, Loss_gauge: 0.000e+00, w_pde: 6.67e-03, L^2_error: 7.824e-01, lr: 1.000e-03, Time: 7.61e+00
INFO:src.utils.logger:Model state saved to results\ho\DV\20260305-054940_seed0_ho_DV_bl_layered_e1500_w300_4q_4l\checkpoints\2026-03-05_05-50-04-441757_ho_DV_seed\model.pth
INFO:src.utils.logger:Model weights saved to results\ho\DV\20260305-054940_seed0_ho_DV_bl_layered_e1500_w300_4q_4l\checkpoints\2026-03-05_05-50-04-441757_ho_DV_seed\model_weights.pth
INFO:src.utils.logger:It: 3, Loss: 3.028e+01, Loss_res: 6.678e-01,  Loss_bcs: 9.795e-02, Loss_ut_ics: 1.472e-01, Loss_norm: 1.468e-01, Loss_gauge: 0.000e+00, w_pde: 1.00e-02, L^2_error: 7.385e-01, lr: 1.000e-03, Time: 1.16e+01
INFO:src.utils.logger:Model state saved to results\ho\DV\20260305-054940_seed0_ho_DV_bl_layered_e1500_w300_4q_4l\checkpoints\2026-03-05_05-50-04-441757_ho_DV_seed\model.pth
INFO:src.utils.logger:Model weights saved to results\ho\DV\20260305-054940_seed0_ho_DV_bl_layered_e1500_w300_4q_4l\checkpoints\2026-03-05_05-50-04-441757_ho_DV_seed\model_weights.pth
INFO:src.utils.logger:It: 4, Loss: 2.346e+01, Loss_res: 5.256e-01,  Loss_bcs: 9.792e-02, Loss_ut_ics: 1.129e-01, Loss_norm: 1.532e-01, Loss_gauge: 0.000e+00, w_pde: 1.33e-02, L^2_error: 7.022e-01, lr: 1.000e-03, Time: 1.54e+01
INFO:src.utils.logger:Model state saved to results\ho\DV\20260305-054940_seed0_ho_DV_bl_layered_e1500_w300_4q_4l\checkpoints\2026-03-05_05-50-04-441757_ho_DV_seed\model.pth
INFO:src.utils.logger:Model weights saved to results\ho\DV\20260305-054940_seed0_ho_DV_bl_layered_e1500_w300_4q_4l\checkpoints\2026-03-05_05-50-04-441757_ho_DV_seed\model_weights.pth
INFO:src.utils.logger:It: 5, Loss: 1.897e+01, Loss_res: 4.739e-01,  Loss_bcs: 9.816e-02, Loss_ut_ics: 9.057e-02, Loss_norm: 1.490e-01, Loss_gauge: 0.000e+00, w_pde: 1.67e-02, L^2_error: 6.730e-01, lr: 1.000e-03, Time: 1.89e+01
INFO:src.utils.logger:Model state saved to results\ho\DV\20260305-054940_seed0_ho_DV_bl_layered_e1500_w300_4q_4l\checkpoints\2026-03-05_05-50-04-441757_ho_DV_seed\model.pth
INFO:src.utils.logger:Model weights saved to results\ho\DV\20260305-054940_seed0_ho_DV_bl_layered_e1500_w300_4q_4l\checkpoints\2026-03-05_05-50-04-441757_ho_DV_seed\model_weights.pth
INFO:src.utils.logger:It: 6, Loss: 1.642e+01, Loss_res: 5.099e-01,  Loss_bcs: 9.902e-02, Loss_ut_ics: 7.814e-02, Loss_norm: 1.371e-01, Loss_gauge: 0.000e+00, w_pde: 2.00e-02, L^2_error: 6.496e-01, lr: 1.000e-03, Time: 2.27e+01
INFO:src.utils.logger:Model state saved to results\ho\DV\20260305-054940_seed0_ho_DV_bl_layered_e1500_w300_4q_4l\checkpoints\2026-03-05_05-50-04-441757_ho_DV_seed\model.pth
INFO:src.utils.logger:Model weights saved to results\ho\DV\20260305-054940_seed0_ho_DV_bl_layered_e1500_w300_4q_4l\checkpoints\2026-03-05_05-50-04-441757_ho_DV_seed\model_weights.pth
INFO:src.utils.logger:It: 7, Loss: 1.533e+01, Loss_res: 5.453e-01,  Loss_bcs: 9.889e-02, Loss_ut_ics: 7.309e-02, Loss_norm: 1.209e-01, Loss_gauge: 0.000e+00, w_pde: 2.33e-02, L^2_error: 6.302e-01, lr: 1.000e-03, Time: 2.65e+01
INFO:src.utils.logger:Model state saved to results\ho\DV\20260305-054940_seed0_ho_DV_bl_layered_e1500_w300_4q_4l\checkpoints\2026-03-05_05-50-04-441757_ho_DV_seed\model.pth
INFO:src.utils.logger:Model weights saved to results\ho\DV\20260305-054940_seed0_ho_DV_bl_layered_e1500_w300_4q_4l\checkpoints\2026-03-05_05-50-04-441757_ho_DV_seed\model_weights.pth
INFO:src.utils.logger:It: 8, Loss: 1.516e+01, Loss_res: 6.673e-01,  Loss_bcs: 9.744e-02, Loss_ut_ics: 7.265e-02, Loss_norm: 1.037e-01, Loss_gauge: 0.000e+00, w_pde: 2.67e-02, L^2_error: 6.130e-01, lr: 1.000e-03, Time: 2.99e+01
INFO:src.utils.logger:Model state saved to results\ho\DV\20260305-054940_seed0_ho_DV_bl_layered_e1500_w300_4q_4l\checkpoints\2026-03-05_05-50-04-441757_ho_DV_seed\model.pth
INFO:src.utils.logger:Model weights saved to results\ho\DV\20260305-054940_seed0_ho_DV_bl_layered_e1500_w300_4q_4l\checkpoints\2026-03-05_05-50-04-441757_ho_DV_seed\model_weights.pth
INFO:src.utils.logger:It: 9, Loss: 1.539e+01, Loss_res: 7.054e-01,  Loss_bcs: 9.468e-02, Loss_ut_ics: 7.418e-02, Loss_norm: 8.802e-02, Loss_gauge: 0.000e+00, w_pde: 3.00e-02, L^2_error: 5.962e-01, lr: 1.000e-03, Time: 3.36e+01
INFO:src.utils.logger:Model state saved to results\ho\DV\20260305-054940_seed0_ho_DV_bl_layered_e1500_w300_4q_4l\checkpoints\2026-03-05_05-50-04-441757_ho_DV_seed\model.pth
INFO:src.utils.logger:Model weights saved to results\ho\DV\20260305-054940_seed0_ho_DV_bl_layered_e1500_w300_4q_4l\checkpoints\2026-03-05_05-50-04-441757_ho_DV_seed\model_weights.pth
INFO:src.utils.logger:It: 10, Loss: 1.560e+01, Loss_res: 7.730e-01,  Loss_bcs: 9.005e-02, Loss_ut_ics: 7.554e-02, Loss_norm: 7.525e-02, Loss_gauge: 0.000e+00, w_pde: 3.33e-02, L^2_error: 5.786e-01, lr: 1.000e-03, Time: 3.73e+01
INFO:src.utils.logger:Model state saved to results\ho\DV\20260305-054940_seed0_ho_DV_bl_layered_e1500_w300_4q_4l\checkpoints\2026-03-05_05-50-04-441757_ho_DV_seed\model.pth
INFO:src.utils.logger:Model weights saved to results\ho\DV\20260305-054940_seed0_ho_DV_bl_layered_e1500_w300_4q_4l\checkpoints\2026-03-05_05-50-04-441757_ho_DV_seed\model_weights.pth
INFO:src.utils.logger:It: 11, Loss: 1.551e+01, Loss_res: 7.607e-01,  Loss_bcs: 8.396e-02, Loss_ut_ics: 7.536e-02, Loss_norm: 6.596e-02, Loss_gauge: 0.000e+00, w_pde: 3.67e-02, L^2_error: 5.595e-01, lr: 1.000e-03, Time: 4.08e+01
INFO:src.utils.logger:Model state saved to results\ho\DV\20260305-054940_seed0_ho_DV_bl_layered_e1500_w300_4q_4l\checkpoints\2026-03-05_05-50-04-441757_ho_DV_seed\model.pth
INFO:src.utils.logger:Model weights saved to results\ho\DV\20260305-054940_seed0_ho_DV_bl_layered_e1500_w300_4q_4l\checkpoints\2026-03-05_05-50-04-441757_ho_DV_seed\model_weights.pth
INFO:src.utils.logger:It: 12, Loss: 1.501e+01, Loss_res: 7.219e-01,  Loss_bcs: 7.676e-02, Loss_ut_ics: 7.302e-02, Loss_norm: 6.002e-02, Loss_gauge: 0.000e+00, w_pde: 4.00e-02, L^2_error: 5.387e-01, lr: 1.000e-03, Time: 4.44e+01
INFO:src.utils.logger:Model state saved to results\ho\DV\20260305-054940_seed0_ho_DV_bl_layered_e1500_w300_4q_4l\checkpoints\2026-03-05_05-50-04-441757_ho_DV_seed\model.pth
INFO:src.utils.logger:Model weights saved to results\ho\DV\20260305-054940_seed0_ho_DV_bl_layered_e1500_w300_4q_4l\checkpoints\2026-03-05_05-50-04-441757_ho_DV_seed\model_weights.pth
INFO:src.utils.logger:It: 13, Loss: 1.410e+01, Loss_res: 6.488e-01,  Loss_bcs: 6.879e-02, Loss_ut_ics: 6.857e-02, Loss_norm: 5.692e-02, Loss_gauge: 0.000e+00, w_pde: 4.33e-02, L^2_error: 5.165e-01, lr: 1.000e-03, Time: 4.80e+01
INFO:src.utils.logger:Model state saved to results\ho\DV\20260305-054940_seed0_ho_DV_bl_layered_e1500_w300_4q_4l\checkpoints\2026-03-05_05-50-04-441757_ho_DV_seed\model.pth
INFO:src.utils.logger:Model weights saved to results\ho\DV\20260305-054940_seed0_ho_DV_bl_layered_e1500_w300_4q_4l\checkpoints\2026-03-05_05-50-04-441757_ho_DV_seed\model_weights.pth
INFO:src.utils.logger:It: 14, Loss: 1.286e+01, Loss_res: 6.134e-01,  Loss_bcs: 6.045e-02, Loss_ut_ics: 6.245e-02, Loss_norm: 5.600e-02, Loss_gauge: 0.000e+00, w_pde: 4.67e-02, L^2_error: 4.933e-01, lr: 1.000e-03, Time: 5.14e+01
INFO:src.utils.logger:Model state saved to results\ho\DV\20260305-054940_seed0_ho_DV_bl_layered_e1500_w300_4q_4l\checkpoints\2026-03-05_05-50-04-441757_ho_DV_seed\model.pth
INFO:src.utils.logger:Model weights saved to results\ho\DV\20260305-054940_seed0_ho_DV_bl_layered_e1500_w300_4q_4l\checkpoints\2026-03-05_05-50-04-441757_ho_DV_seed\model_weights.pth
INFO:src.utils.logger:It: 15, Loss: 1.142e+01, Loss_res: 5.191e-01,  Loss_bcs: 5.186e-02, Loss_ut_ics: 5.532e-02, Loss_norm: 5.656e-02, Loss_gauge: 0.000e+00, w_pde: 5.00e-02, L^2_error: 4.698e-01, lr: 1.000e-03, Time: 5.52e+01
INFO:src.utils.logger:Model state saved to results\ho\DV\20260305-054940_seed0_ho_DV_bl_layered_e1500_w300_4q_4l\checkpoints\2026-03-05_05-50-04-441757_ho_DV_seed\model.pth
INFO:src.utils.logger:Model weights saved to results\ho\DV\20260305-054940_seed0_ho_DV_bl_layered_e1500_w300_4q_4l\checkpoints\2026-03-05_05-50-04-441757_ho_DV_seed\model_weights.pth
INFO:src.utils.logger:It: 16, Loss: 9.930e+00, Loss_res: 4.423e-01,  Loss_bcs: 4.377e-02, Loss_ut_ics: 4.787e-02, Loss_norm: 5.790e-02, Loss_gauge: 0.000e+00, w_pde: 5.33e-02, L^2_error: 4.466e-01, lr: 1.000e-03, Time: 5.87e+01
INFO:src.utils.logger:Model state saved to results\ho\DV\20260305-054940_seed0_ho_DV_bl_layered_e1500_w300_4q_4l\checkpoints\2026-03-05_05-50-04-441757_ho_DV_seed\model.pth
INFO:src.utils.logger:Model weights saved to results\ho\DV\20260305-054940_seed0_ho_DV_bl_layered_e1500_w300_4q_4l\checkpoints\2026-03-05_05-50-04-441757_ho_DV_seed\model_weights.pth
INFO:src.utils.logger:It: 17, Loss: 8.494e+00, Loss_res: 3.568e-01,  Loss_bcs: 3.642e-02, Loss_ut_ics: 4.071e-02, Loss_norm: 5.931e-02, Loss_gauge: 0.000e+00, w_pde: 5.67e-02, L^2_error: 4.245e-01, lr: 1.000e-03, Time: 6.22e+01
INFO:src.utils.logger:Model state saved to results\ho\DV\20260305-054940_seed0_ho_DV_bl_layered_e1500_w300_4q_4l\checkpoints\2026-03-05_05-50-04-441757_ho_DV_seed\model.pth
INFO:src.utils.logger:Model weights saved to results\ho\DV\20260305-054940_seed0_ho_DV_bl_layered_e1500_w300_4q_4l\checkpoints\2026-03-05_05-50-04-441757_ho_DV_seed\model_weights.pth
INFO:src.utils.logger:It: 18, Loss: 7.210e+00, Loss_res: 3.039e-01,  Loss_bcs: 2.985e-02, Loss_ut_ics: 3.430e-02, Loss_norm: 6.017e-02, Loss_gauge: 0.000e+00, w_pde: 6.00e-02, L^2_error: 4.039e-01, lr: 1.000e-03, Time: 6.61e+01
INFO:src.utils.logger:Model state saved to results\ho\DV\20260305-054940_seed0_ho_DV_bl_layered_e1500_w300_4q_4l\checkpoints\2026-03-05_05-50-04-441757_ho_DV_seed\model.pth
INFO:src.utils.logger:Model weights saved to results\ho\DV\20260305-054940_seed0_ho_DV_bl_layered_e1500_w300_4q_4l\checkpoints\2026-03-05_05-50-04-441757_ho_DV_seed\model_weights.pth
INFO:src.utils.logger:It: 19, Loss: 6.130e+00, Loss_res: 2.496e-01,  Loss_bcs: 2.436e-02, Loss_ut_ics: 2.895e-02, Loss_norm: 5.997e-02, Loss_gauge: 0.000e+00, w_pde: 6.33e-02, L^2_error: 3.851e-01, lr: 1.000e-03, Time: 6.97e+01
INFO:src.utils.logger:Model state saved to results\ho\DV\20260305-054940_seed0_ho_DV_bl_layered_e1500_w300_4q_4l\checkpoints\2026-03-05_05-50-04-441757_ho_DV_seed\model.pth
INFO:src.utils.logger:Model weights saved to results\ho\DV\20260305-054940_seed0_ho_DV_bl_layered_e1500_w300_4q_4l\checkpoints\2026-03-05_05-50-04-441757_ho_DV_seed\model_weights.pth
INFO:src.utils.logger:It: 20, Loss: 5.275e+00, Loss_res: 1.940e-01,  Loss_bcs: 1.998e-02, Loss_ut_ics: 2.475e-02, Loss_norm: 5.836e-02, Loss_gauge: 0.000e+00, w_pde: 6.67e-02, L^2_error: 3.682e-01, lr: 1.000e-03, Time: 7.33e+01
INFO:src.utils.logger:Model state saved to results\ho\DV\20260305-054940_seed0_ho_DV_bl_layered_e1500_w300_4q_4l\checkpoints\2026-03-05_05-50-04-441757_ho_DV_seed\model.pth
INFO:src.utils.logger:Model weights saved to results\ho\DV\20260305-054940_seed0_ho_DV_bl_layered_e1500_w300_4q_4l\checkpoints\2026-03-05_05-50-04-441757_ho_DV_seed\model_weights.pth
INFO:src.utils.logger:It: 21, Loss: 4.640e+00, Loss_res: 1.953e-01,  Loss_bcs: 1.666e-02, Loss_ut_ics: 2.167e-02, Loss_norm: 5.524e-02, Loss_gauge: 0.000e+00, w_pde: 7.00e-02, L^2_error: 3.531e-01, lr: 1.000e-03, Time: 7.71e+01
INFO:src.utils.logger:Model state saved to results\ho\DV\20260305-054940_seed0_ho_DV_bl_layered_e1500_w300_4q_4l\checkpoints\2026-03-05_05-50-04-441757_ho_DV_seed\model.pth
INFO:src.utils.logger:Model weights saved to results\ho\DV\20260305-054940_seed0_ho_DV_bl_layered_e1500_w300_4q_4l\checkpoints\2026-03-05_05-50-04-441757_ho_DV_seed\model_weights.pth
INFO:src.utils.logger:It: 22, Loss: 4.186e+00, Loss_res: 1.757e-01,  Loss_bcs: 1.441e-02, Loss_ut_ics: 1.953e-02, Loss_norm: 5.070e-02, Loss_gauge: 0.000e+00, w_pde: 7.33e-02, L^2_error: 3.395e-01, lr: 1.000e-03, Time: 8.07e+01
INFO:src.utils.logger:Model state saved to results\ho\DV\20260305-054940_seed0_ho_DV_bl_layered_e1500_w300_4q_4l\checkpoints\2026-03-05_05-50-04-441757_ho_DV_seed\model.pth
INFO:src.utils.logger:Model weights saved to results\ho\DV\20260305-054940_seed0_ho_DV_bl_layered_e1500_w300_4q_4l\checkpoints\2026-03-05_05-50-04-441757_ho_DV_seed\model_weights.pth
INFO:src.utils.logger:It: 23, Loss: 3.869e+00, Loss_res: 1.626e-01,  Loss_bcs: 1.309e-02, Loss_ut_ics: 1.809e-02, Loss_norm: 4.502e-02, Loss_gauge: 0.000e+00, w_pde: 7.67e-02, L^2_error: 3.272e-01, lr: 1.000e-03, Time: 8.43e+01
INFO:src.utils.logger:Model state saved to results\ho\DV\20260305-054940_seed0_ho_DV_bl_layered_e1500_w300_4q_4l\checkpoints\2026-03-05_05-50-04-441757_ho_DV_seed\model.pth
INFO:src.utils.logger:Model weights saved to results\ho\DV\20260305-054940_seed0_ho_DV_bl_layered_e1500_w300_4q_4l\checkpoints\2026-03-05_05-50-04-441757_ho_DV_seed\model_weights.pth
INFO:src.utils.logger:It: 24, Loss: 3.638e+00, Loss_res: 1.804e-01,  Loss_bcs: 1.264e-02, Loss_ut_ics: 1.709e-02, Loss_norm: 3.857e-02, Loss_gauge: 0.000e+00, w_pde: 8.00e-02, L^2_error: 3.156e-01, lr: 1.000e-03, Time: 8.81e+01
INFO:src.utils.logger:Model state saved to results\ho\DV\20260305-054940_seed0_ho_DV_bl_layered_e1500_w300_4q_4l\checkpoints\2026-03-05_05-50-04-441757_ho_DV_seed\model.pth
INFO:src.utils.logger:Model weights saved to results\ho\DV\20260305-054940_seed0_ho_DV_bl_layered_e1500_w300_4q_4l\checkpoints\2026-03-05_05-50-04-441757_ho_DV_seed\model_weights.pth
INFO:src.utils.logger:It: 25, Loss: 3.445e+00, Loss_res: 1.680e-01,  Loss_bcs: 1.291e-02, Loss_ut_ics: 1.629e-02, Loss_norm: 3.178e-02, Loss_gauge: 0.000e+00, w_pde: 8.33e-02, L^2_error: 3.046e-01, lr: 1.000e-03, Time: 9.18e+01
INFO:src.utils.logger:Model state saved to results\ho\DV\20260305-054940_seed0_ho_DV_bl_layered_e1500_w300_4q_4l\checkpoints\2026-03-05_05-50-04-441757_ho_DV_seed\model.pth
INFO:src.utils.logger:Model weights saved to results\ho\DV\20260305-054940_seed0_ho_DV_bl_layered_e1500_w300_4q_4l\checkpoints\2026-03-05_05-50-04-441757_ho_DV_seed\model_weights.pth
INFO:src.utils.logger:It: 26, Loss: 3.255e+00, Loss_res: 1.780e-01,  Loss_bcs: 1.379e-02, Loss_ut_ics: 1.551e-02, Loss_norm: 2.505e-02, Loss_gauge: 0.000e+00, w_pde: 8.67e-02, L^2_error: 2.938e-01, lr: 1.000e-03, Time: 9.53e+01
INFO:src.utils.logger:Model state saved to results\ho\DV\20260305-054940_seed0_ho_DV_bl_layered_e1500_w300_4q_4l\checkpoints\2026-03-05_05-50-04-441757_ho_DV_seed\model.pth
INFO:src.utils.logger:Model weights saved to results\ho\DV\20260305-054940_seed0_ho_DV_bl_layered_e1500_w300_4q_4l\checkpoints\2026-03-05_05-50-04-441757_ho_DV_seed\model_weights.pth
INFO:src.utils.logger:It: 27, Loss: 3.046e+00, Loss_res: 1.674e-01,  Loss_bcs: 1.508e-02, Loss_ut_ics: 1.461e-02, Loss_norm: 1.872e-02, Loss_gauge: 0.000e+00, w_pde: 9.00e-02, L^2_error: 2.833e-01, lr: 1.000e-03, Time: 9.89e+01
INFO:src.utils.logger:Model state saved to results\ho\DV\20260305-054940_seed0_ho_DV_bl_layered_e1500_w300_4q_4l\checkpoints\2026-03-05_05-50-04-441757_ho_DV_seed\model.pth
INFO:src.utils.logger:Model weights saved to results\ho\DV\20260305-054940_seed0_ho_DV_bl_layered_e1500_w300_4q_4l\checkpoints\2026-03-05_05-50-04-441757_ho_DV_seed\model_weights.pth
INFO:src.utils.logger:It: 28, Loss: 2.815e+00, Loss_res: 1.902e-01,  Loss_bcs: 1.675e-02, Loss_ut_ics: 1.357e-02, Loss_norm: 1.309e-02, Loss_gauge: 0.000e+00, w_pde: 9.33e-02, L^2_error: 2.730e-01, lr: 1.000e-03, Time: 1.03e+02
INFO:src.utils.logger:Model state saved to results\ho\DV\20260305-054940_seed0_ho_DV_bl_layered_e1500_w300_4q_4l\checkpoints\2026-03-05_05-50-04-441757_ho_DV_seed\model.pth
INFO:src.utils.logger:Model weights saved to results\ho\DV\20260305-054940_seed0_ho_DV_bl_layered_e1500_w300_4q_4l\checkpoints\2026-03-05_05-50-04-441757_ho_DV_seed\model_weights.pth
INFO:src.utils.logger:It: 29, Loss: 2.560e+00, Loss_res: 1.748e-01,  Loss_bcs: 1.865e-02, Loss_ut_ics: 1.241e-02, Loss_norm: 8.358e-03, Loss_gauge: 0.000e+00, w_pde: 9.67e-02, L^2_error: 2.632e-01, lr: 1.000e-03, Time: 1.06e+02
INFO:src.utils.logger:Model state saved to results\ho\DV\20260305-054940_seed0_ho_DV_bl_layered_e1500_w300_4q_4l\checkpoints\2026-03-05_05-50-04-441757_ho_DV_seed\model.pth
INFO:src.utils.logger:Model weights saved to results\ho\DV\20260305-054940_seed0_ho_DV_bl_layered_e1500_w300_4q_4l\checkpoints\2026-03-05_05-50-04-441757_ho_DV_seed\model_weights.pth
INFO:src.utils.logger:It: 30, Loss: 2.302e+00, Loss_res: 1.837e-01,  Loss_bcs: 2.062e-02, Loss_ut_ics: 1.120e-02, Loss_norm: 4.668e-03, Loss_gauge: 0.000e+00, w_pde: 1.00e-01, L^2_error: 2.541e-01, lr: 1.000e-03, Time: 1.10e+02
INFO:src.utils.logger:Model state saved to results\ho\DV\20260305-054940_seed0_ho_DV_bl_layered_e1500_w300_4q_4l\checkpoints\2026-03-05_05-50-04-441757_ho_DV_seed\model.pth
INFO:src.utils.logger:Model weights saved to results\ho\DV\20260305-054940_seed0_ho_DV_bl_layered_e1500_w300_4q_4l\checkpoints\2026-03-05_05-50-04-441757_ho_DV_seed\model_weights.pth
INFO:src.utils.logger:It: 31, Loss: 2.056e+00, Loss_res: 1.791e-01,  Loss_bcs: 2.258e-02, Loss_ut_ics: 1.002e-02, Loss_norm: 2.087e-03, Loss_gauge: 0.000e+00, w_pde: 1.03e-01, L^2_error: 2.459e-01, lr: 1.000e-03, Time: 1.14e+02
INFO:src.utils.logger:Model state saved to results\ho\DV\20260305-054940_seed0_ho_DV_bl_layered_e1500_w300_4q_4l\checkpoints\2026-03-05_05-50-04-441757_ho_DV_seed\model.pth
INFO:src.utils.logger:Model weights saved to results\ho\DV\20260305-054940_seed0_ho_DV_bl_layered_e1500_w300_4q_4l\checkpoints\2026-03-05_05-50-04-441757_ho_DV_seed\model_weights.pth
INFO:src.utils.logger:It: 32, Loss: 1.842e+00, Loss_res: 1.714e-01,  Loss_bcs: 2.449e-02, Loss_ut_ics: 8.982e-03, Loss_norm: 6.094e-04, Loss_gauge: 0.000e+00, w_pde: 1.07e-01, L^2_error: 2.389e-01, lr: 1.000e-03, Time: 1.17e+02
INFO:src.utils.logger:Model state saved to results\ho\DV\20260305-054940_seed0_ho_DV_bl_layered_e1500_w300_4q_4l\checkpoints\2026-03-05_05-50-04-441757_ho_DV_seed\model.pth
INFO:src.utils.logger:Model weights saved to results\ho\DV\20260305-054940_seed0_ho_DV_bl_layered_e1500_w300_4q_4l\checkpoints\2026-03-05_05-50-04-441757_ho_DV_seed\model_weights.pth
INFO:src.utils.logger:It: 33, Loss: 1.675e+00, Loss_res: 1.730e-01,  Loss_bcs: 2.623e-02, Loss_ut_ics: 8.145e-03, Loss_norm: 1.450e-04, Loss_gauge: 0.000e+00, w_pde: 1.10e-01, L^2_error: 2.331e-01, lr: 1.000e-03, Time: 1.21e+02
INFO:src.utils.logger:Model state saved to results\ho\DV\20260305-054940_seed0_ho_DV_bl_layered_e1500_w300_4q_4l\checkpoints\2026-03-05_05-50-04-441757_ho_DV_seed\model.pth
INFO:src.utils.logger:Model weights saved to results\ho\DV\20260305-054940_seed0_ho_DV_bl_layered_e1500_w300_4q_4l\checkpoints\2026-03-05_05-50-04-441757_ho_DV_seed\model_weights.pth
INFO:src.utils.logger:It: 34, Loss: 1.562e+00, Loss_res: 1.759e-01,  Loss_bcs: 2.778e-02, Loss_ut_ics: 7.559e-03, Loss_norm: 5.236e-04, Loss_gauge: 0.000e+00, w_pde: 1.13e-01, L^2_error: 2.285e-01, lr: 1.000e-03, Time: 1.25e+02
INFO:src.utils.logger:Model state saved to results\ho\DV\20260305-054940_seed0_ho_DV_bl_layered_e1500_w300_4q_4l\checkpoints\2026-03-05_05-50-04-441757_ho_DV_seed\model.pth
INFO:src.utils.logger:Model weights saved to results\ho\DV\20260305-054940_seed0_ho_DV_bl_layered_e1500_w300_4q_4l\checkpoints\2026-03-05_05-50-04-441757_ho_DV_seed\model_weights.pth
INFO:src.utils.logger:It: 35, Loss: 1.503e+00, Loss_res: 1.692e-01,  Loss_bcs: 2.911e-02, Loss_ut_ics: 7.233e-03, Loss_norm: 1.504e-03, Loss_gauge: 0.000e+00, w_pde: 1.17e-01, L^2_error: 2.251e-01, lr: 1.000e-03, Time: 1.28e+02
INFO:src.utils.logger:Model state saved to results\ho\DV\20260305-054940_seed0_ho_DV_bl_layered_e1500_w300_4q_4l\checkpoints\2026-03-05_05-50-04-441757_ho_DV_seed\model.pth
INFO:src.utils.logger:Model weights saved to results\ho\DV\20260305-054940_seed0_ho_DV_bl_layered_e1500_w300_4q_4l\checkpoints\2026-03-05_05-50-04-441757_ho_DV_seed\model_weights.pth
INFO:src.utils.logger:It: 36, Loss: 1.493e+00, Loss_res: 1.707e-01,  Loss_bcs: 3.021e-02, Loss_ut_ics: 7.143e-03, Loss_norm: 2.799e-03, Loss_gauge: 0.000e+00, w_pde: 1.20e-01, L^2_error: 2.227e-01, lr: 1.000e-03, Time: 1.32e+02
INFO:src.utils.logger:Model state saved to results\ho\DV\20260305-054940_seed0_ho_DV_bl_layered_e1500_w300_4q_4l\checkpoints\2026-03-05_05-50-04-441757_ho_DV_seed\model.pth
INFO:src.utils.logger:Model weights saved to results\ho\DV\20260305-054940_seed0_ho_DV_bl_layered_e1500_w300_4q_4l\checkpoints\2026-03-05_05-50-04-441757_ho_DV_seed\model_weights.pth
INFO:src.utils.logger:It: 37, Loss: 1.520e+00, Loss_res: 1.727e-01,  Loss_bcs: 3.106e-02, Loss_ut_ics: 7.237e-03, Loss_norm: 4.115e-03, Loss_gauge: 0.000e+00, w_pde: 1.23e-01, L^2_error: 2.210e-01, lr: 1.000e-03, Time: 1.36e+02
INFO:src.utils.logger:Model state saved to results\ho\DV\20260305-054940_seed0_ho_DV_bl_layered_e1500_w300_4q_4l\checkpoints\2026-03-05_05-50-04-441757_ho_DV_seed\model.pth
INFO:src.utils.logger:Model weights saved to results\ho\DV\20260305-054940_seed0_ho_DV_bl_layered_e1500_w300_4q_4l\checkpoints\2026-03-05_05-50-04-441757_ho_DV_seed\model_weights.pth
INFO:src.utils.logger:It: 38, Loss: 1.567e+00, Loss_res: 1.627e-01,  Loss_bcs: 3.151e-02, Loss_ut_ics: 7.444e-03, Loss_norm: 5.193e-03, Loss_gauge: 0.000e+00, w_pde: 1.27e-01, L^2_error: 2.198e-01, lr: 1.000e-03, Time: 1.39e+02
INFO:src.utils.logger:Model state saved to results\ho\DV\20260305-054940_seed0_ho_DV_bl_layered_e1500_w300_4q_4l\checkpoints\2026-03-05_05-50-04-441757_ho_DV_seed\model.pth
INFO:src.utils.logger:Model weights saved to results\ho\DV\20260305-054940_seed0_ho_DV_bl_layered_e1500_w300_4q_4l\checkpoints\2026-03-05_05-50-04-441757_ho_DV_seed\model_weights.pth
INFO:src.utils.logger:It: 39, Loss: 1.621e+00, Loss_res: 1.695e-01,  Loss_bcs: 3.183e-02, Loss_ut_ics: 7.690e-03, Loss_norm: 5.853e-03, Loss_gauge: 0.000e+00, w_pde: 1.30e-01, L^2_error: 2.188e-01, lr: 1.000e-03, Time: 1.43e+02
INFO:src.utils.logger:Model state saved to results\ho\DV\20260305-054940_seed0_ho_DV_bl_layered_e1500_w300_4q_4l\checkpoints\2026-03-05_05-50-04-441757_ho_DV_seed\model.pth
INFO:src.utils.logger:Model weights saved to results\ho\DV\20260305-054940_seed0_ho_DV_bl_layered_e1500_w300_4q_4l\checkpoints\2026-03-05_05-50-04-441757_ho_DV_seed\model_weights.pth
INFO:src.utils.logger:It: 40, Loss: 1.664e+00, Loss_res: 1.578e-01,  Loss_bcs: 3.177e-02, Loss_ut_ics: 7.908e-03, Loss_norm: 6.012e-03, Loss_gauge: 0.000e+00, w_pde: 1.33e-01, L^2_error: 2.178e-01, lr: 1.000e-03, Time: 1.47e+02
INFO:src.utils.logger:Model state saved to results\ho\DV\20260305-054940_seed0_ho_DV_bl_layered_e1500_w300_4q_4l\checkpoints\2026-03-05_05-50-04-441757_ho_DV_seed\model.pth
INFO:src.utils.logger:Model weights saved to results\ho\DV\20260305-054940_seed0_ho_DV_bl_layered_e1500_w300_4q_4l\checkpoints\2026-03-05_05-50-04-441757_ho_DV_seed\model_weights.pth
INFO:src.utils.logger:It: 41, Loss: 1.691e+00, Loss_res: 1.568e-01,  Loss_bcs: 3.169e-02, Loss_ut_ics: 8.045e-03, Loss_norm: 5.688e-03, Loss_gauge: 0.000e+00, w_pde: 1.37e-01, L^2_error: 2.167e-01, lr: 1.000e-03, Time: 1.50e+02
INFO:src.utils.logger:Model state saved to results\ho\DV\20260305-054940_seed0_ho_DV_bl_layered_e1500_w300_4q_4l\checkpoints\2026-03-05_05-50-04-441757_ho_DV_seed\model.pth
INFO:src.utils.logger:Model weights saved to results\ho\DV\20260305-054940_seed0_ho_DV_bl_layered_e1500_w300_4q_4l\checkpoints\2026-03-05_05-50-04-441757_ho_DV_seed\model_weights.pth
INFO:src.utils.logger:It: 42, Loss: 1.693e+00, Loss_res: 1.579e-01,  Loss_bcs: 3.149e-02, Loss_ut_ics: 8.070e-03, Loss_norm: 4.981e-03, Loss_gauge: 0.000e+00, w_pde: 1.40e-01, L^2_error: 2.156e-01, lr: 1.000e-03, Time: 1.54e+02
INFO:src.utils.logger:Model state saved to results\ho\DV\20260305-054940_seed0_ho_DV_bl_layered_e1500_w300_4q_4l\checkpoints\2026-03-05_05-50-04-441757_ho_DV_seed\model.pth
INFO:src.utils.logger:Model weights saved to results\ho\DV\20260305-054940_seed0_ho_DV_bl_layered_e1500_w300_4q_4l\checkpoints\2026-03-05_05-50-04-441757_ho_DV_seed\model_weights.pth
INFO:src.utils.logger:It: 43, Loss: 1.668e+00, Loss_res: 1.569e-01,  Loss_bcs: 3.093e-02, Loss_ut_ics: 7.973e-03, Loss_norm: 4.040e-03, Loss_gauge: 0.000e+00, w_pde: 1.43e-01, L^2_error: 2.144e-01, lr: 1.000e-03, Time: 1.58e+02
INFO:src.utils.logger:Model state saved to results\ho\DV\20260305-054940_seed0_ho_DV_bl_layered_e1500_w300_4q_4l\checkpoints\2026-03-05_05-50-04-441757_ho_DV_seed\model.pth
INFO:src.utils.logger:Model weights saved to results\ho\DV\20260305-054940_seed0_ho_DV_bl_layered_e1500_w300_4q_4l\checkpoints\2026-03-05_05-50-04-441757_ho_DV_seed\model_weights.pth
INFO:src.utils.logger:It: 44, Loss: 1.622e+00, Loss_res: 1.630e-01,  Loss_bcs: 3.020e-02, Loss_ut_ics: 7.764e-03, Loss_norm: 3.027e-03, Loss_gauge: 0.000e+00, w_pde: 1.47e-01, L^2_error: 2.132e-01, lr: 1.000e-03, Time: 1.61e+02
INFO:src.utils.logger:Model state saved to results\ho\DV\20260305-054940_seed0_ho_DV_bl_layered_e1500_w300_4q_4l\checkpoints\2026-03-05_05-50-04-441757_ho_DV_seed\model.pth
INFO:src.utils.logger:Model weights saved to results\ho\DV\20260305-054940_seed0_ho_DV_bl_layered_e1500_w300_4q_4l\checkpoints\2026-03-05_05-50-04-441757_ho_DV_seed\model_weights.pth
INFO:src.utils.logger:It: 45, Loss: 1.555e+00, Loss_res: 1.477e-01,  Loss_bcs: 2.935e-02, Loss_ut_ics: 7.467e-03, Loss_norm: 2.081e-03, Loss_gauge: 0.000e+00, w_pde: 1.50e-01, L^2_error: 2.120e-01, lr: 1.000e-03, Time: 1.65e+02
INFO:src.utils.logger:Model state saved to results\ho\DV\20260305-054940_seed0_ho_DV_bl_layered_e1500_w300_4q_4l\checkpoints\2026-03-05_05-50-04-441757_ho_DV_seed\model.pth
INFO:src.utils.logger:Model weights saved to results\ho\DV\20260305-054940_seed0_ho_DV_bl_layered_e1500_w300_4q_4l\checkpoints\2026-03-05_05-50-04-441757_ho_DV_seed\model_weights.pth
INFO:src.utils.logger:It: 46, Loss: 1.479e+00, Loss_res: 1.372e-01,  Loss_bcs: 2.824e-02, Loss_ut_ics: 7.117e-03, Loss_norm: 1.300e-03, Loss_gauge: 0.000e+00, w_pde: 1.53e-01, L^2_error: 2.110e-01, lr: 1.000e-03, Time: 1.69e+02
INFO:src.utils.logger:Model state saved to results\ho\DV\20260305-054940_seed0_ho_DV_bl_layered_e1500_w300_4q_4l\checkpoints\2026-03-05_05-50-04-441757_ho_DV_seed\model.pth
INFO:src.utils.logger:Model weights saved to results\ho\DV\20260305-054940_seed0_ho_DV_bl_layered_e1500_w300_4q_4l\checkpoints\2026-03-05_05-50-04-441757_ho_DV_seed\model_weights.pth
INFO:src.utils.logger:It: 47, Loss: 1.402e+00, Loss_res: 1.383e-01,  Loss_bcs: 2.703e-02, Loss_ut_ics: 6.748e-03, Loss_norm: 7.281e-04, Loss_gauge: 0.000e+00, w_pde: 1.57e-01, L^2_error: 2.101e-01, lr: 1.000e-03, Time: 1.73e+02
INFO:src.utils.logger:Model state saved to results\ho\DV\20260305-054940_seed0_ho_DV_bl_layered_e1500_w300_4q_4l\checkpoints\2026-03-05_05-50-04-441757_ho_DV_seed\model.pth
INFO:src.utils.logger:Model weights saved to results\ho\DV\20260305-054940_seed0_ho_DV_bl_layered_e1500_w300_4q_4l\checkpoints\2026-03-05_05-50-04-441757_ho_DV_seed\model_weights.pth
INFO:src.utils.logger:It: 48, Loss: 1.327e+00, Loss_res: 1.302e-01,  Loss_bcs: 2.583e-02, Loss_ut_ics: 6.394e-03, Loss_norm: 3.676e-04, Loss_gauge: 0.000e+00, w_pde: 1.60e-01, L^2_error: 2.094e-01, lr: 1.000e-03, Time: 1.77e+02
INFO:src.utils.logger:Model state saved to results\ho\DV\20260305-054940_seed0_ho_DV_bl_layered_e1500_w300_4q_4l\checkpoints\2026-03-05_05-50-04-441757_ho_DV_seed\model.pth
INFO:src.utils.logger:Model weights saved to results\ho\DV\20260305-054940_seed0_ho_DV_bl_layered_e1500_w300_4q_4l\checkpoints\2026-03-05_05-50-04-441757_ho_DV_seed\model_weights.pth
INFO:src.utils.logger:It: 49, Loss: 1.262e+00, Loss_res: 1.285e-01,  Loss_bcs: 2.448e-02, Loss_ut_ics: 6.080e-03, Loss_norm: 1.854e-04, Loss_gauge: 0.000e+00, w_pde: 1.63e-01, L^2_error: 2.090e-01, lr: 1.000e-03, Time: 1.81e+02
INFO:src.utils.logger:Model state saved to results\ho\DV\20260305-054940_seed0_ho_DV_bl_layered_e1500_w300_4q_4l\checkpoints\2026-03-05_05-50-04-441757_ho_DV_seed\model.pth
INFO:src.utils.logger:Model weights saved to results\ho\DV\20260305-054940_seed0_ho_DV_bl_layered_e1500_w300_4q_4l\checkpoints\2026-03-05_05-50-04-441757_ho_DV_seed\model_weights.pth
INFO:src.utils.logger:It: 50, Loss: 1.210e+00, Loss_res: 1.290e-01,  Loss_bcs: 2.306e-02, Loss_ut_ics: 5.822e-03, Loss_norm: 1.320e-04, Loss_gauge: 0.000e+00, w_pde: 1.67e-01, L^2_error: 2.087e-01, lr: 1.000e-03, Time: 1.85e+02
INFO:src.utils.logger:Model state saved to results\ho\DV\20260305-054940_seed0_ho_DV_bl_layered_e1500_w300_4q_4l\checkpoints\2026-03-05_05-50-04-441757_ho_DV_seed\model.pth
INFO:src.utils.logger:Model weights saved to results\ho\DV\20260305-054940_seed0_ho_DV_bl_layered_e1500_w300_4q_4l\checkpoints\2026-03-05_05-50-04-441757_ho_DV_seed\model_weights.pth
INFO:src.utils.logger:It: 51, Loss: 1.167e+00, Loss_res: 1.145e-01,  Loss_bcs: 2.173e-02, Loss_ut_ics: 5.625e-03, Loss_norm: 1.552e-04, Loss_gauge: 0.000e+00, w_pde: 1.70e-01, L^2_error: 2.086e-01, lr: 1.000e-03, Time: 1.89e+02
INFO:src.utils.logger:Model state saved to results\ho\DV\20260305-054940_seed0_ho_DV_bl_layered_e1500_w300_4q_4l\checkpoints\2026-03-05_05-50-04-441757_ho_DV_seed\model.pth
INFO:src.utils.logger:Model weights saved to results\ho\DV\20260305-054940_seed0_ho_DV_bl_layered_e1500_w300_4q_4l\checkpoints\2026-03-05_05-50-04-441757_ho_DV_seed\model_weights.pth
INFO:src.utils.logger:It: 52, Loss: 1.139e+00, Loss_res: 1.174e-01,  Loss_bcs: 2.034e-02, Loss_ut_ics: 5.487e-03, Loss_norm: 2.118e-04, Loss_gauge: 0.000e+00, w_pde: 1.73e-01, L^2_error: 2.086e-01, lr: 1.000e-03, Time: 1.93e+02
INFO:src.utils.logger:Model state saved to results\ho\DV\20260305-054940_seed0_ho_DV_bl_layered_e1500_w300_4q_4l\checkpoints\2026-03-05_05-50-04-441757_ho_DV_seed\model.pth
INFO:src.utils.logger:Model weights saved to results\ho\DV\20260305-054940_seed0_ho_DV_bl_layered_e1500_w300_4q_4l\checkpoints\2026-03-05_05-50-04-441757_ho_DV_seed\model_weights.pth
INFO:src.utils.logger:It: 53, Loss: 1.117e+00, Loss_res: 1.025e-01,  Loss_bcs: 1.895e-02, Loss_ut_ics: 5.395e-03, Loss_norm: 2.725e-04, Loss_gauge: 0.000e+00, w_pde: 1.77e-01, L^2_error: 2.086e-01, lr: 1.000e-03, Time: 1.96e+02
INFO:src.utils.logger:Model state saved to results\ho\DV\20260305-054940_seed0_ho_DV_bl_layered_e1500_w300_4q_4l\checkpoints\2026-03-05_05-50-04-441757_ho_DV_seed\model.pth
INFO:src.utils.logger:Model weights saved to results\ho\DV\20260305-054940_seed0_ho_DV_bl_layered_e1500_w300_4q_4l\checkpoints\2026-03-05_05-50-04-441757_ho_DV_seed\model_weights.pth
INFO:src.utils.logger:It: 54, Loss: 1.105e+00, Loss_res: 1.052e-01,  Loss_bcs: 1.770e-02, Loss_ut_ics: 5.335e-03, Loss_norm: 3.226e-04, Loss_gauge: 0.000e+00, w_pde: 1.80e-01, L^2_error: 2.085e-01, lr: 1.000e-03, Time: 2.00e+02
INFO:src.utils.logger:Model state saved to results\ho\DV\20260305-054940_seed0_ho_DV_bl_layered_e1500_w300_4q_4l\checkpoints\2026-03-05_05-50-04-441757_ho_DV_seed\model.pth
INFO:src.utils.logger:Model weights saved to results\ho\DV\20260305-054940_seed0_ho_DV_bl_layered_e1500_w300_4q_4l\checkpoints\2026-03-05_05-50-04-441757_ho_DV_seed\model_weights.pth
INFO:src.utils.logger:It: 55, Loss: 1.097e+00, Loss_res: 1.119e-01,  Loss_bcs: 1.665e-02, Loss_ut_ics: 5.290e-03, Loss_norm: 3.582e-04, Loss_gauge: 0.000e+00, w_pde: 1.83e-01, L^2_error: 2.081e-01, lr: 1.000e-03, Time: 2.04e+02
INFO:src.utils.logger:Model state saved to results\ho\DV\20260305-054940_seed0_ho_DV_bl_layered_e1500_w300_4q_4l\checkpoints\2026-03-05_05-50-04-441757_ho_DV_seed\model.pth
INFO:src.utils.logger:Model weights saved to results\ho\DV\20260305-054940_seed0_ho_DV_bl_layered_e1500_w300_4q_4l\checkpoints\2026-03-05_05-50-04-441757_ho_DV_seed\model_weights.pth
INFO:src.utils.logger:It: 56, Loss: 1.087e+00, Loss_res: 1.089e-01,  Loss_bcs: 1.568e-02, Loss_ut_ics: 5.248e-03, Loss_norm: 3.824e-04, Loss_gauge: 0.000e+00, w_pde: 1.87e-01, L^2_error: 2.076e-01, lr: 1.000e-03, Time: 2.07e+02
INFO:src.utils.logger:Model state saved to results\ho\DV\20260305-054940_seed0_ho_DV_bl_layered_e1500_w300_4q_4l\checkpoints\2026-03-05_05-50-04-441757_ho_DV_seed\model.pth
INFO:src.utils.logger:Model weights saved to results\ho\DV\20260305-054940_seed0_ho_DV_bl_layered_e1500_w300_4q_4l\checkpoints\2026-03-05_05-50-04-441757_ho_DV_seed\model_weights.pth
INFO:src.utils.logger:It: 57, Loss: 1.076e+00, Loss_res: 1.034e-01,  Loss_bcs: 1.486e-02, Loss_ut_ics: 5.196e-03, Loss_norm: 4.014e-04, Loss_gauge: 0.000e+00, w_pde: 1.90e-01, L^2_error: 2.067e-01, lr: 1.000e-03, Time: 2.11e+02
INFO:src.utils.logger:Model state saved to results\ho\DV\20260305-054940_seed0_ho_DV_bl_layered_e1500_w300_4q_4l\checkpoints\2026-03-05_05-50-04-441757_ho_DV_seed\model.pth
INFO:src.utils.logger:Model weights saved to results\ho\DV\20260305-054940_seed0_ho_DV_bl_layered_e1500_w300_4q_4l\checkpoints\2026-03-05_05-50-04-441757_ho_DV_seed\model_weights.pth
INFO:src.utils.logger:It: 58, Loss: 1.063e+00, Loss_res: 1.076e-01,  Loss_bcs: 1.414e-02, Loss_ut_ics: 5.132e-03, Loss_norm: 4.219e-04, Loss_gauge: 0.000e+00, w_pde: 1.93e-01, L^2_error: 2.054e-01, lr: 1.000e-03, Time: 2.15e+02
INFO:src.utils.logger:Model state saved to results\ho\DV\20260305-054940_seed0_ho_DV_bl_layered_e1500_w300_4q_4l\checkpoints\2026-03-05_05-50-04-441757_ho_DV_seed\model.pth
INFO:src.utils.logger:Model weights saved to results\ho\DV\20260305-054940_seed0_ho_DV_bl_layered_e1500_w300_4q_4l\checkpoints\2026-03-05_05-50-04-441757_ho_DV_seed\model_weights.pth
INFO:src.utils.logger:It: 59, Loss: 1.046e+00, Loss_res: 1.008e-01,  Loss_bcs: 1.358e-02, Loss_ut_ics: 5.054e-03, Loss_norm: 4.503e-04, Loss_gauge: 0.000e+00, w_pde: 1.97e-01, L^2_error: 2.039e-01, lr: 1.000e-03, Time: 2.18e+02
INFO:src.utils.logger:Model state saved to results\ho\DV\20260305-054940_seed0_ho_DV_bl_layered_e1500_w300_4q_4l\checkpoints\2026-03-05_05-50-04-441757_ho_DV_seed\model.pth
INFO:src.utils.logger:Model weights saved to results\ho\DV\20260305-054940_seed0_ho_DV_bl_layered_e1500_w300_4q_4l\checkpoints\2026-03-05_05-50-04-441757_ho_DV_seed\model_weights.pth
INFO:src.utils.logger:It: 60, Loss: 1.028e+00, Loss_res: 9.754e-02,  Loss_bcs: 1.290e-02, Loss_ut_ics: 4.966e-03, Loss_norm: 4.913e-04, Loss_gauge: 0.000e+00, w_pde: 2.00e-01, L^2_error: 2.020e-01, lr: 1.000e-03, Time: 2.22e+02
INFO:src.utils.logger:Model state saved to results\ho\DV\20260305-054940_seed0_ho_DV_bl_layered_e1500_w300_4q_4l\checkpoints\2026-03-05_05-50-04-441757_ho_DV_seed\model.pth
INFO:src.utils.logger:Model weights saved to results\ho\DV\20260305-054940_seed0_ho_DV_bl_layered_e1500_w300_4q_4l\checkpoints\2026-03-05_05-50-04-441757_ho_DV_seed\model_weights.pth
INFO:src.utils.logger:It: 61, Loss: 1.011e+00, Loss_res: 9.951e-02,  Loss_bcs: 1.262e-02, Loss_ut_ics: 4.875e-03, Loss_norm: 5.483e-04, Loss_gauge: 0.000e+00, w_pde: 2.03e-01, L^2_error: 2.000e-01, lr: 1.000e-03, Time: 2.26e+02
INFO:src.utils.logger:Model state saved to results\ho\DV\20260305-054940_seed0_ho_DV_bl_layered_e1500_w300_4q_4l\checkpoints\2026-03-05_05-50-04-441757_ho_DV_seed\model.pth
INFO:src.utils.logger:Model weights saved to results\ho\DV\20260305-054940_seed0_ho_DV_bl_layered_e1500_w300_4q_4l\checkpoints\2026-03-05_05-50-04-441757_ho_DV_seed\model_weights.pth
INFO:src.utils.logger:It: 62, Loss: 9.932e-01, Loss_res: 9.817e-02,  Loss_bcs: 1.244e-02, Loss_ut_ics: 4.787e-03, Loss_norm: 6.220e-04, Loss_gauge: 0.000e+00, w_pde: 2.07e-01, L^2_error: 1.978e-01, lr: 1.000e-03, Time: 2.29e+02
INFO:src.utils.logger:Model state saved to results\ho\DV\20260305-054940_seed0_ho_DV_bl_layered_e1500_w300_4q_4l\checkpoints\2026-03-05_05-50-04-441757_ho_DV_seed\model.pth
INFO:src.utils.logger:Model weights saved to results\ho\DV\20260305-054940_seed0_ho_DV_bl_layered_e1500_w300_4q_4l\checkpoints\2026-03-05_05-50-04-441757_ho_DV_seed\model_weights.pth
INFO:src.utils.logger:It: 63, Loss: 9.779e-01, Loss_res: 9.996e-02,  Loss_bcs: 1.224e-02, Loss_ut_ics: 4.706e-03, Loss_norm: 7.109e-04, Loss_gauge: 0.000e+00, w_pde: 2.10e-01, L^2_error: 1.956e-01, lr: 1.000e-03, Time: 2.33e+02
INFO:src.utils.logger:Model state saved to results\ho\DV\20260305-054940_seed0_ho_DV_bl_layered_e1500_w300_4q_4l\checkpoints\2026-03-05_05-50-04-441757_ho_DV_seed\model.pth
INFO:src.utils.logger:Model weights saved to results\ho\DV\20260305-054940_seed0_ho_DV_bl_layered_e1500_w300_4q_4l\checkpoints\2026-03-05_05-50-04-441757_ho_DV_seed\model_weights.pth
INFO:src.utils.logger:It: 64, Loss: 9.648e-01, Loss_res: 1.021e-01,  Loss_bcs: 1.207e-02, Loss_ut_ics: 4.634e-03, Loss_norm: 8.108e-04, Loss_gauge: 0.000e+00, w_pde: 2.13e-01, L^2_error: 1.933e-01, lr: 1.000e-03, Time: 2.37e+02
INFO:src.utils.logger:Model state saved to results\ho\DV\20260305-054940_seed0_ho_DV_bl_layered_e1500_w300_4q_4l\checkpoints\2026-03-05_05-50-04-441757_ho_DV_seed\model.pth
INFO:src.utils.logger:Model weights saved to results\ho\DV\20260305-054940_seed0_ho_DV_bl_layered_e1500_w300_4q_4l\checkpoints\2026-03-05_05-50-04-441757_ho_DV_seed\model_weights.pth
INFO:src.utils.logger:It: 65, Loss: 9.515e-01, Loss_res: 9.489e-02,  Loss_bcs: 1.192e-02, Loss_ut_ics: 4.572e-03, Loss_norm: 9.131e-04, Loss_gauge: 0.000e+00, w_pde: 2.17e-01, L^2_error: 1.912e-01, lr: 1.000e-03, Time: 2.40e+02
INFO:src.utils.logger:Model state saved to results\ho\DV\20260305-054940_seed0_ho_DV_bl_layered_e1500_w300_4q_4l\checkpoints\2026-03-05_05-50-04-441757_ho_DV_seed\model.pth
INFO:src.utils.logger:Model weights saved to results\ho\DV\20260305-054940_seed0_ho_DV_bl_layered_e1500_w300_4q_4l\checkpoints\2026-03-05_05-50-04-441757_ho_DV_seed\model_weights.pth
INFO:src.utils.logger:It: 66, Loss: 9.424e-01, Loss_res: 1.004e-01,  Loss_bcs: 1.198e-02, Loss_ut_ics: 4.516e-03, Loss_norm: 1.008e-03, Loss_gauge: 0.000e+00, w_pde: 2.20e-01, L^2_error: 1.892e-01, lr: 1.000e-03, Time: 2.44e+02
INFO:src.utils.logger:Model state saved to results\ho\DV\20260305-054940_seed0_ho_DV_bl_layered_e1500_w300_4q_4l\checkpoints\2026-03-05_05-50-04-441757_ho_DV_seed\model.pth
INFO:src.utils.logger:Model weights saved to results\ho\DV\20260305-054940_seed0_ho_DV_bl_layered_e1500_w300_4q_4l\checkpoints\2026-03-05_05-50-04-441757_ho_DV_seed\model_weights.pth
INFO:src.utils.logger:It: 67, Loss: 9.305e-01, Loss_res: 9.239e-02,  Loss_bcs: 1.190e-02, Loss_ut_ics: 4.463e-03, Loss_norm: 1.084e-03, Loss_gauge: 0.000e+00, w_pde: 2.23e-01, L^2_error: 1.874e-01, lr: 1.000e-03, Time: 2.48e+02
INFO:src.utils.logger:Model state saved to results\ho\DV\20260305-054940_seed0_ho_DV_bl_layered_e1500_w300_4q_4l\checkpoints\2026-03-05_05-50-04-441757_ho_DV_seed\model.pth
INFO:src.utils.logger:Model weights saved to results\ho\DV\20260305-054940_seed0_ho_DV_bl_layered_e1500_w300_4q_4l\checkpoints\2026-03-05_05-50-04-441757_ho_DV_seed\model_weights.pth
INFO:src.utils.logger:It: 68, Loss: 9.184e-01, Loss_res: 8.671e-02,  Loss_bcs: 1.186e-02, Loss_ut_ics: 4.406e-03, Loss_norm: 1.131e-03, Loss_gauge: 0.000e+00, w_pde: 2.27e-01, L^2_error: 1.857e-01, lr: 1.000e-03, Time: 2.52e+02
INFO:src.utils.logger:Model state saved to results\ho\DV\20260305-054940_seed0_ho_DV_bl_layered_e1500_w300_4q_4l\checkpoints\2026-03-05_05-50-04-441757_ho_DV_seed\model.pth
INFO:src.utils.logger:Model weights saved to results\ho\DV\20260305-054940_seed0_ho_DV_bl_layered_e1500_w300_4q_4l\checkpoints\2026-03-05_05-50-04-441757_ho_DV_seed\model_weights.pth
INFO:src.utils.logger:It: 69, Loss: 9.072e-01, Loss_res: 9.069e-02,  Loss_bcs: 1.187e-02, Loss_ut_ics: 4.344e-03, Loss_norm: 1.142e-03, Loss_gauge: 0.000e+00, w_pde: 2.30e-01, L^2_error: 1.843e-01, lr: 1.000e-03, Time: 2.56e+02
INFO:src.utils.logger:Model state saved to results\ho\DV\20260305-054940_seed0_ho_DV_bl_layered_e1500_w300_4q_4l\checkpoints\2026-03-05_05-50-04-441757_ho_DV_seed\model.pth
INFO:src.utils.logger:Model weights saved to results\ho\DV\20260305-054940_seed0_ho_DV_bl_layered_e1500_w300_4q_4l\checkpoints\2026-03-05_05-50-04-441757_ho_DV_seed\model_weights.pth
INFO:src.utils.logger:It: 70, Loss: 8.931e-01, Loss_res: 9.103e-02,  Loss_bcs: 1.171e-02, Loss_ut_ics: 4.273e-03, Loss_norm: 1.114e-03, Loss_gauge: 0.000e+00, w_pde: 2.33e-01, L^2_error: 1.831e-01, lr: 1.000e-03, Time: 2.59e+02
INFO:src.utils.logger:Model state saved to results\ho\DV\20260305-054940_seed0_ho_DV_bl_layered_e1500_w300_4q_4l\checkpoints\2026-03-05_05-50-04-441757_ho_DV_seed\model.pth
INFO:src.utils.logger:Model weights saved to results\ho\DV\20260305-054940_seed0_ho_DV_bl_layered_e1500_w300_4q_4l\checkpoints\2026-03-05_05-50-04-441757_ho_DV_seed\model_weights.pth
INFO:src.utils.logger:It: 71, Loss: 8.778e-01, Loss_res: 9.328e-02,  Loss_bcs: 1.176e-02, Loss_ut_ics: 4.194e-03, Loss_norm: 1.049e-03, Loss_gauge: 0.000e+00, w_pde: 2.37e-01, L^2_error: 1.821e-01, lr: 1.000e-03, Time: 2.63e+02
INFO:src.utils.logger:Model state saved to results\ho\DV\20260305-054940_seed0_ho_DV_bl_layered_e1500_w300_4q_4l\checkpoints\2026-03-05_05-50-04-441757_ho_DV_seed\model.pth
INFO:src.utils.logger:Model weights saved to results\ho\DV\20260305-054940_seed0_ho_DV_bl_layered_e1500_w300_4q_4l\checkpoints\2026-03-05_05-50-04-441757_ho_DV_seed\model_weights.pth
INFO:src.utils.logger:It: 72, Loss: 8.606e-01, Loss_res: 9.522e-02,  Loss_bcs: 1.157e-02, Loss_ut_ics: 4.107e-03, Loss_norm: 9.525e-04, Loss_gauge: 0.000e+00, w_pde: 2.40e-01, L^2_error: 1.813e-01, lr: 1.000e-03, Time: 2.67e+02
INFO:src.utils.logger:Model state saved to results\ho\DV\20260305-054940_seed0_ho_DV_bl_layered_e1500_w300_4q_4l\checkpoints\2026-03-05_05-50-04-441757_ho_DV_seed\model.pth
INFO:src.utils.logger:Model weights saved to results\ho\DV\20260305-054940_seed0_ho_DV_bl_layered_e1500_w300_4q_4l\checkpoints\2026-03-05_05-50-04-441757_ho_DV_seed\model_weights.pth
INFO:src.utils.logger:It: 73, Loss: 8.406e-01, Loss_res: 8.816e-02,  Loss_bcs: 1.156e-02, Loss_ut_ics: 4.017e-03, Loss_norm: 8.355e-04, Loss_gauge: 0.000e+00, w_pde: 2.43e-01, L^2_error: 1.807e-01, lr: 1.000e-03, Time: 2.71e+02
INFO:src.utils.logger:Model state saved to results\ho\DV\20260305-054940_seed0_ho_DV_bl_layered_e1500_w300_4q_4l\checkpoints\2026-03-05_05-50-04-441757_ho_DV_seed\model.pth
INFO:src.utils.logger:Model weights saved to results\ho\DV\20260305-054940_seed0_ho_DV_bl_layered_e1500_w300_4q_4l\checkpoints\2026-03-05_05-50-04-441757_ho_DV_seed\model_weights.pth
INFO:src.utils.logger:It: 74, Loss: 8.234e-01, Loss_res: 9.432e-02,  Loss_bcs: 1.128e-02, Loss_ut_ics: 3.926e-03, Loss_norm: 7.087e-04, Loss_gauge: 0.000e+00, w_pde: 2.47e-01, L^2_error: 1.802e-01, lr: 1.000e-03, Time: 2.74e+02
INFO:src.utils.logger:Model state saved to results\ho\DV\20260305-054940_seed0_ho_DV_bl_layered_e1500_w300_4q_4l\checkpoints\2026-03-05_05-50-04-441757_ho_DV_seed\model.pth
INFO:src.utils.logger:Model weights saved to results\ho\DV\20260305-054940_seed0_ho_DV_bl_layered_e1500_w300_4q_4l\checkpoints\2026-03-05_05-50-04-441757_ho_DV_seed\model_weights.pth
INFO:src.utils.logger:It: 75, Loss: 8.031e-01, Loss_res: 8.523e-02,  Loss_bcs: 1.128e-02, Loss_ut_ics: 3.838e-03, Loss_norm: 5.831e-04, Loss_gauge: 0.000e+00, w_pde: 2.50e-01, L^2_error: 1.798e-01, lr: 1.000e-03, Time: 2.78e+02
INFO:src.utils.logger:Model state saved to results\ho\DV\20260305-054940_seed0_ho_DV_bl_layered_e1500_w300_4q_4l\checkpoints\2026-03-05_05-50-04-441757_ho_DV_seed\model.pth
INFO:src.utils.logger:Model weights saved to results\ho\DV\20260305-054940_seed0_ho_DV_bl_layered_e1500_w300_4q_4l\checkpoints\2026-03-05_05-50-04-441757_ho_DV_seed\model_weights.pth
INFO:src.utils.logger:It: 76, Loss: 7.865e-01, Loss_res: 8.699e-02,  Loss_bcs: 1.118e-02, Loss_ut_ics: 3.755e-03, Loss_norm: 4.684e-04, Loss_gauge: 0.000e+00, w_pde: 2.53e-01, L^2_error: 1.794e-01, lr: 1.000e-03, Time: 2.82e+02
INFO:src.utils.logger:Model state saved to results\ho\DV\20260305-054940_seed0_ho_DV_bl_layered_e1500_w300_4q_4l\checkpoints\2026-03-05_05-50-04-441757_ho_DV_seed\model.pth
INFO:src.utils.logger:Model weights saved to results\ho\DV\20260305-054940_seed0_ho_DV_bl_layered_e1500_w300_4q_4l\checkpoints\2026-03-05_05-50-04-441757_ho_DV_seed\model_weights.pth
INFO:src.utils.logger:It: 77, Loss: 7.727e-01, Loss_res: 9.466e-02,  Loss_bcs: 1.107e-02, Loss_ut_ics: 3.677e-03, Loss_norm: 3.705e-04, Loss_gauge: 0.000e+00, w_pde: 2.57e-01, L^2_error: 1.790e-01, lr: 1.000e-03, Time: 2.85e+02
INFO:src.utils.logger:Model state saved to results\ho\DV\20260305-054940_seed0_ho_DV_bl_layered_e1500_w300_4q_4l\checkpoints\2026-03-05_05-50-04-441757_ho_DV_seed\model.pth
INFO:src.utils.logger:Model weights saved to results\ho\DV\20260305-054940_seed0_ho_DV_bl_layered_e1500_w300_4q_4l\checkpoints\2026-03-05_05-50-04-441757_ho_DV_seed\model_weights.pth
INFO:src.utils.logger:It: 78, Loss: 7.574e-01, Loss_res: 9.166e-02,  Loss_bcs: 1.094e-02, Loss_ut_ics: 3.606e-03, Loss_norm: 2.922e-04, Loss_gauge: 0.000e+00, w_pde: 2.60e-01, L^2_error: 1.785e-01, lr: 1.000e-03, Time: 2.89e+02
INFO:src.utils.logger:Model state saved to results\ho\DV\20260305-054940_seed0_ho_DV_bl_layered_e1500_w300_4q_4l\checkpoints\2026-03-05_05-50-04-441757_ho_DV_seed\model.pth
INFO:src.utils.logger:Model weights saved to results\ho\DV\20260305-054940_seed0_ho_DV_bl_layered_e1500_w300_4q_4l\checkpoints\2026-03-05_05-50-04-441757_ho_DV_seed\model_weights.pth
INFO:src.utils.logger:It: 79, Loss: 7.424e-01, Loss_res: 8.710e-02,  Loss_bcs: 1.060e-02, Loss_ut_ics: 3.539e-03, Loss_norm: 2.338e-04, Loss_gauge: 0.000e+00, w_pde: 2.63e-01, L^2_error: 1.779e-01, lr: 1.000e-03, Time: 2.93e+02
INFO:src.utils.logger:Model state saved to results\ho\DV\20260305-054940_seed0_ho_DV_bl_layered_e1500_w300_4q_4l\checkpoints\2026-03-05_05-50-04-441757_ho_DV_seed\model.pth
INFO:src.utils.logger:Model weights saved to results\ho\DV\20260305-054940_seed0_ho_DV_bl_layered_e1500_w300_4q_4l\checkpoints\2026-03-05_05-50-04-441757_ho_DV_seed\model_weights.pth
INFO:src.utils.logger:It: 80, Loss: 7.288e-01, Loss_res: 8.457e-02,  Loss_bcs: 1.053e-02, Loss_ut_ics: 3.474e-03, Loss_norm: 1.926e-04, Loss_gauge: 0.000e+00, w_pde: 2.67e-01, L^2_error: 1.772e-01, lr: 1.000e-03, Time: 2.96e+02
INFO:src.utils.logger:Model state saved to results\ho\DV\20260305-054940_seed0_ho_DV_bl_layered_e1500_w300_4q_4l\checkpoints\2026-03-05_05-50-04-441757_ho_DV_seed\model.pth
INFO:src.utils.logger:Model weights saved to results\ho\DV\20260305-054940_seed0_ho_DV_bl_layered_e1500_w300_4q_4l\checkpoints\2026-03-05_05-50-04-441757_ho_DV_seed\model_weights.pth
INFO:src.utils.logger:It: 81, Loss: 7.156e-01, Loss_res: 8.322e-02,  Loss_bcs: 1.038e-02, Loss_ut_ics: 3.410e-03, Loss_norm: 1.654e-04, Loss_gauge: 0.000e+00, w_pde: 2.70e-01, L^2_error: 1.762e-01, lr: 1.000e-03, Time: 3.00e+02
INFO:src.utils.logger:Model state saved to results\ho\DV\20260305-054940_seed0_ho_DV_bl_layered_e1500_w300_4q_4l\checkpoints\2026-03-05_05-50-04-441757_ho_DV_seed\model.pth
INFO:src.utils.logger:Model weights saved to results\ho\DV\20260305-054940_seed0_ho_DV_bl_layered_e1500_w300_4q_4l\checkpoints\2026-03-05_05-50-04-441757_ho_DV_seed\model_weights.pth
INFO:src.utils.logger:It: 82, Loss: 7.046e-01, Loss_res: 9.055e-02,  Loss_bcs: 1.021e-02, Loss_ut_ics: 3.345e-03, Loss_norm: 1.484e-04, Loss_gauge: 0.000e+00, w_pde: 2.73e-01, L^2_error: 1.751e-01, lr: 1.000e-03, Time: 3.04e+02
INFO:src.utils.logger:Model state saved to results\ho\DV\20260305-054940_seed0_ho_DV_bl_layered_e1500_w300_4q_4l\checkpoints\2026-03-05_05-50-04-441757_ho_DV_seed\model.pth
INFO:src.utils.logger:Model weights saved to results\ho\DV\20260305-054940_seed0_ho_DV_bl_layered_e1500_w300_4q_4l\checkpoints\2026-03-05_05-50-04-441757_ho_DV_seed\model_weights.pth
INFO:src.utils.logger:It: 83, Loss: 6.913e-01, Loss_res: 9.038e-02,  Loss_bcs: 1.014e-02, Loss_ut_ics: 3.277e-03, Loss_norm: 1.385e-04, Loss_gauge: 0.000e+00, w_pde: 2.77e-01, L^2_error: 1.738e-01, lr: 1.000e-03, Time: 3.08e+02
INFO:src.utils.logger:Model state saved to results\ho\DV\20260305-054940_seed0_ho_DV_bl_layered_e1500_w300_4q_4l\checkpoints\2026-03-05_05-50-04-441757_ho_DV_seed\model.pth
INFO:src.utils.logger:Model weights saved to results\ho\DV\20260305-054940_seed0_ho_DV_bl_layered_e1500_w300_4q_4l\checkpoints\2026-03-05_05-50-04-441757_ho_DV_seed\model_weights.pth
INFO:src.utils.logger:It: 84, Loss: 6.756e-01, Loss_res: 8.424e-02,  Loss_bcs: 9.899e-03, Loss_ut_ics: 3.207e-03, Loss_norm: 1.335e-04, Loss_gauge: 0.000e+00, w_pde: 2.80e-01, L^2_error: 1.723e-01, lr: 1.000e-03, Time: 3.11e+02
INFO:src.utils.logger:Model state saved to results\ho\DV\20260305-054940_seed0_ho_DV_bl_layered_e1500_w300_4q_4l\checkpoints\2026-03-05_05-50-04-441757_ho_DV_seed\model.pth
INFO:src.utils.logger:Model weights saved to results\ho\DV\20260305-054940_seed0_ho_DV_bl_layered_e1500_w300_4q_4l\checkpoints\2026-03-05_05-50-04-441757_ho_DV_seed\model_weights.pth
INFO:src.utils.logger:It: 85, Loss: 6.622e-01, Loss_res: 8.735e-02,  Loss_bcs: 9.882e-03, Loss_ut_ics: 3.135e-03, Loss_norm: 1.321e-04, Loss_gauge: 0.000e+00, w_pde: 2.83e-01, L^2_error: 1.707e-01, lr: 1.000e-03, Time: 3.15e+02
INFO:src.utils.logger:Model state saved to results\ho\DV\20260305-054940_seed0_ho_DV_bl_layered_e1500_w300_4q_4l\checkpoints\2026-03-05_05-50-04-441757_ho_DV_seed\model.pth
INFO:src.utils.logger:Model weights saved to results\ho\DV\20260305-054940_seed0_ho_DV_bl_layered_e1500_w300_4q_4l\checkpoints\2026-03-05_05-50-04-441757_ho_DV_seed\model_weights.pth
INFO:src.utils.logger:It: 86, Loss: 6.465e-01, Loss_res: 8.373e-02,  Loss_bcs: 9.683e-03, Loss_ut_ics: 3.061e-03, Loss_norm: 1.332e-04, Loss_gauge: 0.000e+00, w_pde: 2.87e-01, L^2_error: 1.689e-01, lr: 1.000e-03, Time: 3.19e+02
INFO:src.utils.logger:Model state saved to results\ho\DV\20260305-054940_seed0_ho_DV_bl_layered_e1500_w300_4q_4l\checkpoints\2026-03-05_05-50-04-441757_ho_DV_seed\model.pth
INFO:src.utils.logger:Model weights saved to results\ho\DV\20260305-054940_seed0_ho_DV_bl_layered_e1500_w300_4q_4l\checkpoints\2026-03-05_05-50-04-441757_ho_DV_seed\model_weights.pth
INFO:src.utils.logger:It: 87, Loss: 6.309e-01, Loss_res: 8.144e-02,  Loss_bcs: 9.372e-03, Loss_ut_ics: 2.986e-03, Loss_norm: 1.359e-04, Loss_gauge: 0.000e+00, w_pde: 2.90e-01, L^2_error: 1.671e-01, lr: 1.000e-03, Time: 3.22e+02
INFO:src.utils.logger:Model state saved to results\ho\DV\20260305-054940_seed0_ho_DV_bl_layered_e1500_w300_4q_4l\checkpoints\2026-03-05_05-50-04-441757_ho_DV_seed\model.pth
INFO:src.utils.logger:Model weights saved to results\ho\DV\20260305-054940_seed0_ho_DV_bl_layered_e1500_w300_4q_4l\checkpoints\2026-03-05_05-50-04-441757_ho_DV_seed\model_weights.pth
INFO:src.utils.logger:It: 88, Loss: 6.164e-01, Loss_res: 8.291e-02,  Loss_bcs: 9.157e-03, Loss_ut_ics: 2.911e-03, Loss_norm: 1.395e-04, Loss_gauge: 0.000e+00, w_pde: 2.93e-01, L^2_error: 1.652e-01, lr: 1.000e-03, Time: 3.26e+02
INFO:src.utils.logger:Model state saved to results\ho\DV\20260305-054940_seed0_ho_DV_bl_layered_e1500_w300_4q_4l\checkpoints\2026-03-05_05-50-04-441757_ho_DV_seed\model.pth
INFO:src.utils.logger:Model weights saved to results\ho\DV\20260305-054940_seed0_ho_DV_bl_layered_e1500_w300_4q_4l\checkpoints\2026-03-05_05-50-04-441757_ho_DV_seed\model_weights.pth
INFO:src.utils.logger:It: 89, Loss: 6.025e-01, Loss_res: 8.594e-02,  Loss_bcs: 8.881e-03, Loss_ut_ics: 2.837e-03, Loss_norm: 1.431e-04, Loss_gauge: 0.000e+00, w_pde: 2.97e-01, L^2_error: 1.633e-01, lr: 1.000e-03, Time: 3.30e+02
INFO:src.utils.logger:Model state saved to results\ho\DV\20260305-054940_seed0_ho_DV_bl_layered_e1500_w300_4q_4l\checkpoints\2026-03-05_05-50-04-441757_ho_DV_seed\model.pth
INFO:src.utils.logger:Model weights saved to results\ho\DV\20260305-054940_seed0_ho_DV_bl_layered_e1500_w300_4q_4l\checkpoints\2026-03-05_05-50-04-441757_ho_DV_seed\model_weights.pth
INFO:src.utils.logger:It: 90, Loss: 5.861e-01, Loss_res: 7.962e-02,  Loss_bcs: 8.684e-03, Loss_ut_ics: 2.764e-03, Loss_norm: 1.463e-04, Loss_gauge: 0.000e+00, w_pde: 3.00e-01, L^2_error: 1.615e-01, lr: 1.000e-03, Time: 3.34e+02
INFO:src.utils.logger:Model state saved to results\ho\DV\20260305-054940_seed0_ho_DV_bl_layered_e1500_w300_4q_4l\checkpoints\2026-03-05_05-50-04-441757_ho_DV_seed\model.pth
INFO:src.utils.logger:Model weights saved to results\ho\DV\20260305-054940_seed0_ho_DV_bl_layered_e1500_w300_4q_4l\checkpoints\2026-03-05_05-50-04-441757_ho_DV_seed\model_weights.pth
INFO:src.utils.logger:It: 91, Loss: 5.720e-01, Loss_res: 8.164e-02,  Loss_bcs: 8.194e-03, Loss_ut_ics: 2.691e-03, Loss_norm: 1.485e-04, Loss_gauge: 0.000e+00, w_pde: 3.03e-01, L^2_error: 1.597e-01, lr: 1.000e-03, Time: 3.37e+02
INFO:src.utils.logger:Model state saved to results\ho\DV\20260305-054940_seed0_ho_DV_bl_layered_e1500_w300_4q_4l\checkpoints\2026-03-05_05-50-04-441757_ho_DV_seed\model.pth
INFO:src.utils.logger:Model weights saved to results\ho\DV\20260305-054940_seed0_ho_DV_bl_layered_e1500_w300_4q_4l\checkpoints\2026-03-05_05-50-04-441757_ho_DV_seed\model_weights.pth
INFO:src.utils.logger:It: 92, Loss: 5.553e-01, Loss_res: 7.377e-02,  Loss_bcs: 8.044e-03, Loss_ut_ics: 2.620e-03, Loss_norm: 1.494e-04, Loss_gauge: 0.000e+00, w_pde: 3.07e-01, L^2_error: 1.580e-01, lr: 1.000e-03, Time: 3.41e+02
INFO:src.utils.logger:Model state saved to results\ho\DV\20260305-054940_seed0_ho_DV_bl_layered_e1500_w300_4q_4l\checkpoints\2026-03-05_05-50-04-441757_ho_DV_seed\model.pth
INFO:src.utils.logger:Model weights saved to results\ho\DV\20260305-054940_seed0_ho_DV_bl_layered_e1500_w300_4q_4l\checkpoints\2026-03-05_05-50-04-441757_ho_DV_seed\model_weights.pth
INFO:src.utils.logger:It: 93, Loss: 5.429e-01, Loss_res: 8.020e-02,  Loss_bcs: 7.724e-03, Loss_ut_ics: 2.548e-03, Loss_norm: 1.492e-04, Loss_gauge: 0.000e+00, w_pde: 3.10e-01, L^2_error: 1.564e-01, lr: 1.000e-03, Time: 3.45e+02
INFO:src.utils.logger:Model state saved to results\ho\DV\20260305-054940_seed0_ho_DV_bl_layered_e1500_w300_4q_4l\checkpoints\2026-03-05_05-50-04-441757_ho_DV_seed\model.pth
INFO:src.utils.logger:Model weights saved to results\ho\DV\20260305-054940_seed0_ho_DV_bl_layered_e1500_w300_4q_4l\checkpoints\2026-03-05_05-50-04-441757_ho_DV_seed\model_weights.pth
INFO:src.utils.logger:It: 94, Loss: 5.281e-01, Loss_res: 7.869e-02,  Loss_bcs: 7.385e-03, Loss_ut_ics: 2.477e-03, Loss_norm: 1.480e-04, Loss_gauge: 0.000e+00, w_pde: 3.13e-01, L^2_error: 1.549e-01, lr: 1.000e-03, Time: 3.48e+02
INFO:src.utils.logger:Model state saved to results\ho\DV\20260305-054940_seed0_ho_DV_bl_layered_e1500_w300_4q_4l\checkpoints\2026-03-05_05-50-04-441757_ho_DV_seed\model.pth
INFO:src.utils.logger:Model weights saved to results\ho\DV\20260305-054940_seed0_ho_DV_bl_layered_e1500_w300_4q_4l\checkpoints\2026-03-05_05-50-04-441757_ho_DV_seed\model_weights.pth
INFO:src.utils.logger:It: 95, Loss: 5.138e-01, Loss_res: 7.867e-02,  Loss_bcs: 7.149e-03, Loss_ut_ics: 2.405e-03, Loss_norm: 1.462e-04, Loss_gauge: 0.000e+00, w_pde: 3.17e-01, L^2_error: 1.535e-01, lr: 1.000e-03, Time: 3.52e+02
INFO:src.utils.logger:Model state saved to results\ho\DV\20260305-054940_seed0_ho_DV_bl_layered_e1500_w300_4q_4l\checkpoints\2026-03-05_05-50-04-441757_ho_DV_seed\model.pth
INFO:src.utils.logger:Model weights saved to results\ho\DV\20260305-054940_seed0_ho_DV_bl_layered_e1500_w300_4q_4l\checkpoints\2026-03-05_05-50-04-441757_ho_DV_seed\model_weights.pth
INFO:src.utils.logger:It: 96, Loss: 4.971e-01, Loss_res: 7.212e-02,  Loss_bcs: 6.668e-03, Loss_ut_ics: 2.333e-03, Loss_norm: 1.441e-04, Loss_gauge: 0.000e+00, w_pde: 3.20e-01, L^2_error: 1.522e-01, lr: 1.000e-03, Time: 3.56e+02
INFO:src.utils.logger:Model state saved to results\ho\DV\20260305-054940_seed0_ho_DV_bl_layered_e1500_w300_4q_4l\checkpoints\2026-03-05_05-50-04-441757_ho_DV_seed\model.pth
INFO:src.utils.logger:Model weights saved to results\ho\DV\20260305-054940_seed0_ho_DV_bl_layered_e1500_w300_4q_4l\checkpoints\2026-03-05_05-50-04-441757_ho_DV_seed\model_weights.pth
INFO:src.utils.logger:It: 97, Loss: 4.843e-01, Loss_res: 7.717e-02,  Loss_bcs: 6.395e-03, Loss_ut_ics: 2.261e-03, Loss_norm: 1.425e-04, Loss_gauge: 0.000e+00, w_pde: 3.23e-01, L^2_error: 1.509e-01, lr: 1.000e-03, Time: 3.59e+02
INFO:src.utils.logger:Model state saved to results\ho\DV\20260305-054940_seed0_ho_DV_bl_layered_e1500_w300_4q_4l\checkpoints\2026-03-05_05-50-04-441757_ho_DV_seed\model.pth
INFO:src.utils.logger:Model weights saved to results\ho\DV\20260305-054940_seed0_ho_DV_bl_layered_e1500_w300_4q_4l\checkpoints\2026-03-05_05-50-04-441757_ho_DV_seed\model_weights.pth
INFO:src.utils.logger:It: 98, Loss: 4.689e-01, Loss_res: 7.460e-02,  Loss_bcs: 5.907e-03, Loss_ut_ics: 2.189e-03, Loss_norm: 1.419e-04, Loss_gauge: 0.000e+00, w_pde: 3.27e-01, L^2_error: 1.497e-01, lr: 1.000e-03, Time: 3.63e+02
INFO:src.utils.logger:Model state saved to results\ho\DV\20260305-054940_seed0_ho_DV_bl_layered_e1500_w300_4q_4l\checkpoints\2026-03-05_05-50-04-441757_ho_DV_seed\model.pth
INFO:src.utils.logger:Model weights saved to results\ho\DV\20260305-054940_seed0_ho_DV_bl_layered_e1500_w300_4q_4l\checkpoints\2026-03-05_05-50-04-441757_ho_DV_seed\model_weights.pth
INFO:src.utils.logger:It: 99, Loss: 4.540e-01, Loss_res: 7.252e-02,  Loss_bcs: 5.723e-03, Loss_ut_ics: 2.118e-03, Loss_norm: 1.424e-04, Loss_gauge: 0.000e+00, w_pde: 3.30e-01, L^2_error: 1.486e-01, lr: 1.000e-03, Time: 3.67e+02
INFO:src.utils.logger:Model state saved to results\ho\DV\20260305-054940_seed0_ho_DV_bl_layered_e1500_w300_4q_4l\checkpoints\2026-03-05_05-50-04-441757_ho_DV_seed\model.pth
INFO:src.utils.logger:Model weights saved to results\ho\DV\20260305-054940_seed0_ho_DV_bl_layered_e1500_w300_4q_4l\checkpoints\2026-03-05_05-50-04-441757_ho_DV_seed\model_weights.pth
INFO:src.utils.logger:It: 100, Loss: 4.405e-01, Loss_res: 7.409e-02,  Loss_bcs: 5.508e-03, Loss_ut_ics: 2.048e-03, Loss_norm: 1.441e-04, Loss_gauge: 0.000e+00, w_pde: 3.33e-01, L^2_error: 1.475e-01, lr: 1.000e-03, Time: 3.70e+02
INFO:src.utils.logger:Model state saved to results\ho\DV\20260305-054940_seed0_ho_DV_bl_layered_e1500_w300_4q_4l\checkpoints\2026-03-05_05-50-04-441757_ho_DV_seed\model.pth
INFO:src.utils.logger:Model weights saved to results\ho\DV\20260305-054940_seed0_ho_DV_bl_layered_e1500_w300_4q_4l\checkpoints\2026-03-05_05-50-04-441757_ho_DV_seed\model_weights.pth
INFO:src.utils.logger:It: 101, Loss: 4.254e-01, Loss_res: 7.107e-02,  Loss_bcs: 5.090e-03, Loss_ut_ics: 1.978e-03, Loss_norm: 1.466e-04, Loss_gauge: 0.000e+00, w_pde: 3.37e-01, L^2_error: 1.464e-01, lr: 1.000e-03, Time: 3.74e+02
INFO:src.utils.logger:Model state saved to results\ho\DV\20260305-054940_seed0_ho_DV_bl_layered_e1500_w300_4q_4l\checkpoints\2026-03-05_05-50-04-441757_ho_DV_seed\model.pth
INFO:src.utils.logger:Model weights saved to results\ho\DV\20260305-054940_seed0_ho_DV_bl_layered_e1500_w300_4q_4l\checkpoints\2026-03-05_05-50-04-441757_ho_DV_seed\model_weights.pth
INFO:src.utils.logger:It: 102, Loss: 4.106e-01, Loss_res: 6.764e-02,  Loss_bcs: 4.841e-03, Loss_ut_ics: 1.910e-03, Loss_norm: 1.500e-04, Loss_gauge: 0.000e+00, w_pde: 3.40e-01, L^2_error: 1.452e-01, lr: 1.000e-03, Time: 3.78e+02
INFO:src.utils.logger:Model state saved to results\ho\DV\20260305-054940_seed0_ho_DV_bl_layered_e1500_w300_4q_4l\checkpoints\2026-03-05_05-50-04-441757_ho_DV_seed\model.pth
INFO:src.utils.logger:Model weights saved to results\ho\DV\20260305-054940_seed0_ho_DV_bl_layered_e1500_w300_4q_4l\checkpoints\2026-03-05_05-50-04-441757_ho_DV_seed\model_weights.pth
INFO:src.utils.logger:It: 103, Loss: 3.969e-01, Loss_res: 6.714e-02,  Loss_bcs: 4.465e-03, Loss_ut_ics: 1.843e-03, Loss_norm: 1.538e-04, Loss_gauge: 0.000e+00, w_pde: 3.43e-01, L^2_error: 1.440e-01, lr: 1.000e-03, Time: 3.82e+02
INFO:src.utils.logger:Model state saved to results\ho\DV\20260305-054940_seed0_ho_DV_bl_layered_e1500_w300_4q_4l\checkpoints\2026-03-05_05-50-04-441757_ho_DV_seed\model.pth
INFO:src.utils.logger:Model weights saved to results\ho\DV\20260305-054940_seed0_ho_DV_bl_layered_e1500_w300_4q_4l\checkpoints\2026-03-05_05-50-04-441757_ho_DV_seed\model_weights.pth
INFO:src.utils.logger:It: 104, Loss: 3.851e-01, Loss_res: 7.120e-02,  Loss_bcs: 4.239e-03, Loss_ut_ics: 1.777e-03, Loss_norm: 1.579e-04, Loss_gauge: 0.000e+00, w_pde: 3.47e-01, L^2_error: 1.428e-01, lr: 1.000e-03, Time: 3.85e+02
INFO:src.utils.logger:Model state saved to results\ho\DV\20260305-054940_seed0_ho_DV_bl_layered_e1500_w300_4q_4l\checkpoints\2026-03-05_05-50-04-441757_ho_DV_seed\model.pth
INFO:src.utils.logger:Model weights saved to results\ho\DV\20260305-054940_seed0_ho_DV_bl_layered_e1500_w300_4q_4l\checkpoints\2026-03-05_05-50-04-441757_ho_DV_seed\model_weights.pth
INFO:src.utils.logger:It: 105, Loss: 3.703e-01, Loss_res: 6.647e-02,  Loss_bcs: 4.005e-03, Loss_ut_ics: 1.711e-03, Loss_norm: 1.618e-04, Loss_gauge: 0.000e+00, w_pde: 3.50e-01, L^2_error: 1.415e-01, lr: 1.000e-03, Time: 3.89e+02
INFO:src.utils.logger:Model state saved to results\ho\DV\20260305-054940_seed0_ho_DV_bl_layered_e1500_w300_4q_4l\checkpoints\2026-03-05_05-50-04-441757_ho_DV_seed\model.pth
INFO:src.utils.logger:Model weights saved to results\ho\DV\20260305-054940_seed0_ho_DV_bl_layered_e1500_w300_4q_4l\checkpoints\2026-03-05_05-50-04-441757_ho_DV_seed\model_weights.pth
INFO:src.utils.logger:It: 106, Loss: 3.578e-01, Loss_res: 6.765e-02,  Loss_bcs: 3.750e-03, Loss_ut_ics: 1.647e-03, Loss_norm: 1.648e-04, Loss_gauge: 0.000e+00, w_pde: 3.53e-01, L^2_error: 1.401e-01, lr: 1.000e-03, Time: 3.93e+02
INFO:src.utils.logger:Model state saved to results\ho\DV\20260305-054940_seed0_ho_DV_bl_layered_e1500_w300_4q_4l\checkpoints\2026-03-05_05-50-04-441757_ho_DV_seed\model.pth
INFO:src.utils.logger:Model weights saved to results\ho\DV\20260305-054940_seed0_ho_DV_bl_layered_e1500_w300_4q_4l\checkpoints\2026-03-05_05-50-04-441757_ho_DV_seed\model_weights.pth
INFO:src.utils.logger:It: 107, Loss: 3.442e-01, Loss_res: 6.508e-02,  Loss_bcs: 3.532e-03, Loss_ut_ics: 1.583e-03, Loss_norm: 1.668e-04, Loss_gauge: 0.000e+00, w_pde: 3.57e-01, L^2_error: 1.387e-01, lr: 1.000e-03, Time: 3.96e+02
INFO:src.utils.logger:Model state saved to results\ho\DV\20260305-054940_seed0_ho_DV_bl_layered_e1500_w300_4q_4l\checkpoints\2026-03-05_05-50-04-441757_ho_DV_seed\model.pth
INFO:src.utils.logger:Model weights saved to results\ho\DV\20260305-054940_seed0_ho_DV_bl_layered_e1500_w300_4q_4l\checkpoints\2026-03-05_05-50-04-441757_ho_DV_seed\model_weights.pth
INFO:src.utils.logger:It: 108, Loss: 3.321e-01, Loss_res: 6.676e-02,  Loss_bcs: 3.242e-03, Loss_ut_ics: 1.520e-03, Loss_norm: 1.673e-04, Loss_gauge: 0.000e+00, w_pde: 3.60e-01, L^2_error: 1.373e-01, lr: 1.000e-03, Time: 4.00e+02
INFO:src.utils.logger:Model state saved to results\ho\DV\20260305-054940_seed0_ho_DV_bl_layered_e1500_w300_4q_4l\checkpoints\2026-03-05_05-50-04-441757_ho_DV_seed\model.pth
INFO:src.utils.logger:Model weights saved to results\ho\DV\20260305-054940_seed0_ho_DV_bl_layered_e1500_w300_4q_4l\checkpoints\2026-03-05_05-50-04-441757_ho_DV_seed\model_weights.pth
INFO:src.utils.logger:It: 109, Loss: 3.195e-01, Loss_res: 6.604e-02,  Loss_bcs: 3.001e-03, Loss_ut_ics: 1.458e-03, Loss_norm: 1.659e-04, Loss_gauge: 0.000e+00, w_pde: 3.63e-01, L^2_error: 1.358e-01, lr: 1.000e-03, Time: 4.04e+02
INFO:src.utils.logger:Model state saved to results\ho\DV\20260305-054940_seed0_ho_DV_bl_layered_e1500_w300_4q_4l\checkpoints\2026-03-05_05-50-04-441757_ho_DV_seed\model.pth
INFO:src.utils.logger:Model weights saved to results\ho\DV\20260305-054940_seed0_ho_DV_bl_layered_e1500_w300_4q_4l\checkpoints\2026-03-05_05-50-04-441757_ho_DV_seed\model_weights.pth
INFO:src.utils.logger:It: 110, Loss: 3.068e-01, Loss_res: 6.416e-02,  Loss_bcs: 2.902e-03, Loss_ut_ics: 1.398e-03, Loss_norm: 1.627e-04, Loss_gauge: 0.000e+00, w_pde: 3.67e-01, L^2_error: 1.343e-01, lr: 1.000e-03, Time: 4.07e+02
INFO:src.utils.logger:Model state saved to results\ho\DV\20260305-054940_seed0_ho_DV_bl_layered_e1500_w300_4q_4l\checkpoints\2026-03-05_05-50-04-441757_ho_DV_seed\model.pth
INFO:src.utils.logger:Model weights saved to results\ho\DV\20260305-054940_seed0_ho_DV_bl_layered_e1500_w300_4q_4l\checkpoints\2026-03-05_05-50-04-441757_ho_DV_seed\model_weights.pth
INFO:src.utils.logger:It: 111, Loss: 2.940e-01, Loss_res: 6.188e-02,  Loss_bcs: 2.650e-03, Loss_ut_ics: 1.338e-03, Loss_norm: 1.577e-04, Loss_gauge: 0.000e+00, w_pde: 3.70e-01, L^2_error: 1.328e-01, lr: 1.000e-03, Time: 4.11e+02
INFO:src.utils.logger:Model state saved to results\ho\DV\20260305-054940_seed0_ho_DV_bl_layered_e1500_w300_4q_4l\checkpoints\2026-03-05_05-50-04-441757_ho_DV_seed\model.pth
INFO:src.utils.logger:Model weights saved to results\ho\DV\20260305-054940_seed0_ho_DV_bl_layered_e1500_w300_4q_4l\checkpoints\2026-03-05_05-50-04-441757_ho_DV_seed\model_weights.pth
INFO:src.utils.logger:It: 112, Loss: 2.831e-01, Loss_res: 6.382e-02,  Loss_bcs: 2.419e-03, Loss_ut_ics: 1.280e-03, Loss_norm: 1.514e-04, Loss_gauge: 0.000e+00, w_pde: 3.73e-01, L^2_error: 1.313e-01, lr: 1.000e-03, Time: 4.15e+02
INFO:src.utils.logger:Model state saved to results\ho\DV\20260305-054940_seed0_ho_DV_bl_layered_e1500_w300_4q_4l\checkpoints\2026-03-05_05-50-04-441757_ho_DV_seed\model.pth
INFO:src.utils.logger:Model weights saved to results\ho\DV\20260305-054940_seed0_ho_DV_bl_layered_e1500_w300_4q_4l\checkpoints\2026-03-05_05-50-04-441757_ho_DV_seed\model_weights.pth
INFO:src.utils.logger:It: 113, Loss: 2.706e-01, Loss_res: 6.069e-02,  Loss_bcs: 2.262e-03, Loss_ut_ics: 1.224e-03, Loss_norm: 1.441e-04, Loss_gauge: 0.000e+00, w_pde: 3.77e-01, L^2_error: 1.299e-01, lr: 1.000e-03, Time: 4.18e+02
INFO:src.utils.logger:Model state saved to results\ho\DV\20260305-054940_seed0_ho_DV_bl_layered_e1500_w300_4q_4l\checkpoints\2026-03-05_05-50-04-441757_ho_DV_seed\model.pth
INFO:src.utils.logger:Model weights saved to results\ho\DV\20260305-054940_seed0_ho_DV_bl_layered_e1500_w300_4q_4l\checkpoints\2026-03-05_05-50-04-441757_ho_DV_seed\model_weights.pth
INFO:src.utils.logger:It: 114, Loss: 2.592e-01, Loss_res: 5.954e-02,  Loss_bcs: 2.067e-03, Loss_ut_ics: 1.169e-03, Loss_norm: 1.363e-04, Loss_gauge: 0.000e+00, w_pde: 3.80e-01, L^2_error: 1.284e-01, lr: 1.000e-03, Time: 4.22e+02
INFO:src.utils.logger:Model state saved to results\ho\DV\20260305-054940_seed0_ho_DV_bl_layered_e1500_w300_4q_4l\checkpoints\2026-03-05_05-50-04-441757_ho_DV_seed\model.pth
INFO:src.utils.logger:Model weights saved to results\ho\DV\20260305-054940_seed0_ho_DV_bl_layered_e1500_w300_4q_4l\checkpoints\2026-03-05_05-50-04-441757_ho_DV_seed\model_weights.pth
INFO:src.utils.logger:It: 115, Loss: 2.493e-01, Loss_res: 6.133e-02,  Loss_bcs: 1.962e-03, Loss_ut_ics: 1.116e-03, Loss_norm: 1.283e-04, Loss_gauge: 0.000e+00, w_pde: 3.83e-01, L^2_error: 1.271e-01, lr: 1.000e-03, Time: 4.26e+02
INFO:src.utils.logger:Model state saved to results\ho\DV\20260305-054940_seed0_ho_DV_bl_layered_e1500_w300_4q_4l\checkpoints\2026-03-05_05-50-04-441757_ho_DV_seed\model.pth
INFO:src.utils.logger:Model weights saved to results\ho\DV\20260305-054940_seed0_ho_DV_bl_layered_e1500_w300_4q_4l\checkpoints\2026-03-05_05-50-04-441757_ho_DV_seed\model_weights.pth
INFO:src.utils.logger:It: 116, Loss: 2.382e-01, Loss_res: 5.931e-02,  Loss_bcs: 1.747e-03, Loss_ut_ics: 1.065e-03, Loss_norm: 1.205e-04, Loss_gauge: 0.000e+00, w_pde: 3.87e-01, L^2_error: 1.257e-01, lr: 1.000e-03, Time: 4.29e+02
INFO:src.utils.logger:Model state saved to results\ho\DV\20260305-054940_seed0_ho_DV_bl_layered_e1500_w300_4q_4l\checkpoints\2026-03-05_05-50-04-441757_ho_DV_seed\model.pth
INFO:src.utils.logger:Model weights saved to results\ho\DV\20260305-054940_seed0_ho_DV_bl_layered_e1500_w300_4q_4l\checkpoints\2026-03-05_05-50-04-441757_ho_DV_seed\model_weights.pth
INFO:src.utils.logger:It: 117, Loss: 2.281e-01, Loss_res: 5.883e-02,  Loss_bcs: 1.616e-03, Loss_ut_ics: 1.015e-03, Loss_norm: 1.130e-04, Loss_gauge: 0.000e+00, w_pde: 3.90e-01, L^2_error: 1.245e-01, lr: 1.000e-03, Time: 4.33e+02
INFO:src.utils.logger:Model state saved to results\ho\DV\20260305-054940_seed0_ho_DV_bl_layered_e1500_w300_4q_4l\checkpoints\2026-03-05_05-50-04-441757_ho_DV_seed\model.pth
INFO:src.utils.logger:Model weights saved to results\ho\DV\20260305-054940_seed0_ho_DV_bl_layered_e1500_w300_4q_4l\checkpoints\2026-03-05_05-50-04-441757_ho_DV_seed\model_weights.pth
INFO:src.utils.logger:It: 118, Loss: 2.192e-01, Loss_res: 6.073e-02,  Loss_bcs: 1.482e-03, Loss_ut_ics: 9.664e-04, Loss_norm: 1.059e-04, Loss_gauge: 0.000e+00, w_pde: 3.93e-01, L^2_error: 1.233e-01, lr: 1.000e-03, Time: 4.37e+02
INFO:src.utils.logger:Model state saved to results\ho\DV\20260305-054940_seed0_ho_DV_bl_layered_e1500_w300_4q_4l\checkpoints\2026-03-05_05-50-04-441757_ho_DV_seed\model.pth
INFO:src.utils.logger:Model weights saved to results\ho\DV\20260305-054940_seed0_ho_DV_bl_layered_e1500_w300_4q_4l\checkpoints\2026-03-05_05-50-04-441757_ho_DV_seed\model_weights.pth
INFO:src.utils.logger:It: 119, Loss: 2.088e-01, Loss_res: 5.812e-02,  Loss_bcs: 1.306e-03, Loss_ut_ics: 9.200e-04, Loss_norm: 9.911e-05, Loss_gauge: 0.000e+00, w_pde: 3.97e-01, L^2_error: 1.222e-01, lr: 1.000e-03, Time: 4.40e+02
INFO:src.utils.logger:Model state saved to results\ho\DV\20260305-054940_seed0_ho_DV_bl_layered_e1500_w300_4q_4l\checkpoints\2026-03-05_05-50-04-441757_ho_DV_seed\model.pth
INFO:src.utils.logger:Model weights saved to results\ho\DV\20260305-054940_seed0_ho_DV_bl_layered_e1500_w300_4q_4l\checkpoints\2026-03-05_05-50-04-441757_ho_DV_seed\model_weights.pth
INFO:src.utils.logger:It: 120, Loss: 2.006e-01, Loss_res: 5.956e-02,  Loss_bcs: 1.268e-03, Loss_ut_ics: 8.753e-04, Loss_norm: 9.273e-05, Loss_gauge: 0.000e+00, w_pde: 4.00e-01, L^2_error: 1.211e-01, lr: 1.000e-03, Time: 4.44e+02
INFO:src.utils.logger:Model state saved to results\ho\DV\20260305-054940_seed0_ho_DV_bl_layered_e1500_w300_4q_4l\checkpoints\2026-03-05_05-50-04-441757_ho_DV_seed\model.pth
INFO:src.utils.logger:Model weights saved to results\ho\DV\20260305-054940_seed0_ho_DV_bl_layered_e1500_w300_4q_4l\checkpoints\2026-03-05_05-50-04-441757_ho_DV_seed\model_weights.pth
INFO:src.utils.logger:It: 121, Loss: 1.914e-01, Loss_res: 5.777e-02,  Loss_bcs: 1.144e-03, Loss_ut_ics: 8.326e-04, Loss_norm: 8.677e-05, Loss_gauge: 0.000e+00, w_pde: 4.03e-01, L^2_error: 1.201e-01, lr: 1.000e-03, Time: 4.47e+02
INFO:src.utils.logger:Model state saved to results\ho\DV\20260305-054940_seed0_ho_DV_bl_layered_e1500_w300_4q_4l\checkpoints\2026-03-05_05-50-04-441757_ho_DV_seed\model.pth
INFO:src.utils.logger:Model weights saved to results\ho\DV\20260305-054940_seed0_ho_DV_bl_layered_e1500_w300_4q_4l\checkpoints\2026-03-05_05-50-04-441757_ho_DV_seed\model_weights.pth
INFO:src.utils.logger:It: 122, Loss: 1.827e-01, Loss_res: 5.641e-02,  Loss_bcs: 1.024e-03, Loss_ut_ics: 7.917e-04, Loss_norm: 8.109e-05, Loss_gauge: 0.000e+00, w_pde: 4.07e-01, L^2_error: 1.191e-01, lr: 1.000e-03, Time: 4.51e+02
INFO:src.utils.logger:Model state saved to results\ho\DV\20260305-054940_seed0_ho_DV_bl_layered_e1500_w300_4q_4l\checkpoints\2026-03-05_05-50-04-441757_ho_DV_seed\model.pth
INFO:src.utils.logger:Model weights saved to results\ho\DV\20260305-054940_seed0_ho_DV_bl_layered_e1500_w300_4q_4l\checkpoints\2026-03-05_05-50-04-441757_ho_DV_seed\model_weights.pth
INFO:src.utils.logger:It: 123, Loss: 1.754e-01, Loss_res: 5.745e-02,  Loss_bcs: 9.221e-04, Loss_ut_ics: 7.529e-04, Loss_norm: 7.573e-05, Loss_gauge: 0.000e+00, w_pde: 4.10e-01, L^2_error: 1.182e-01, lr: 1.000e-03, Time: 4.55e+02
INFO:src.utils.logger:Model state saved to results\ho\DV\20260305-054940_seed0_ho_DV_bl_layered_e1500_w300_4q_4l\checkpoints\2026-03-05_05-50-04-441757_ho_DV_seed\model.pth
INFO:src.utils.logger:Model weights saved to results\ho\DV\20260305-054940_seed0_ho_DV_bl_layered_e1500_w300_4q_4l\checkpoints\2026-03-05_05-50-04-441757_ho_DV_seed\model_weights.pth
INFO:src.utils.logger:It: 124, Loss: 1.681e-01, Loss_res: 5.740e-02,  Loss_bcs: 8.290e-04, Loss_ut_ics: 7.161e-04, Loss_norm: 7.083e-05, Loss_gauge: 0.000e+00, w_pde: 4.13e-01, L^2_error: 1.173e-01, lr: 1.000e-03, Time: 4.58e+02
INFO:src.utils.logger:Model state saved to results\ho\DV\20260305-054940_seed0_ho_DV_bl_layered_e1500_w300_4q_4l\checkpoints\2026-03-05_05-50-04-441757_ho_DV_seed\model.pth
INFO:src.utils.logger:Model weights saved to results\ho\DV\20260305-054940_seed0_ho_DV_bl_layered_e1500_w300_4q_4l\checkpoints\2026-03-05_05-50-04-441757_ho_DV_seed\model_weights.pth
INFO:src.utils.logger:It: 125, Loss: 1.597e-01, Loss_res: 5.357e-02,  Loss_bcs: 7.357e-04, Loss_ut_ics: 6.813e-04, Loss_norm: 6.648e-05, Loss_gauge: 0.000e+00, w_pde: 4.17e-01, L^2_error: 1.165e-01, lr: 1.000e-03, Time: 4.62e+02
INFO:src.utils.logger:Model state saved to results\ho\DV\20260305-054940_seed0_ho_DV_bl_layered_e1500_w300_4q_4l\checkpoints\2026-03-05_05-50-04-441757_ho_DV_seed\model.pth
INFO:src.utils.logger:Model weights saved to results\ho\DV\20260305-054940_seed0_ho_DV_bl_layered_e1500_w300_4q_4l\checkpoints\2026-03-05_05-50-04-441757_ho_DV_seed\model_weights.pth
INFO:src.utils.logger:It: 126, Loss: 1.542e-01, Loss_res: 5.575e-02,  Loss_bcs: 7.396e-04, Loss_ut_ics: 6.484e-04, Loss_norm: 6.268e-05, Loss_gauge: 0.000e+00, w_pde: 4.20e-01, L^2_error: 1.156e-01, lr: 1.000e-03, Time: 4.66e+02
INFO:src.utils.logger:Model state saved to results\ho\DV\20260305-054940_seed0_ho_DV_bl_layered_e1500_w300_4q_4l\checkpoints\2026-03-05_05-50-04-441757_ho_DV_seed\model.pth
INFO:src.utils.logger:Model weights saved to results\ho\DV\20260305-054940_seed0_ho_DV_bl_layered_e1500_w300_4q_4l\checkpoints\2026-03-05_05-50-04-441757_ho_DV_seed\model_weights.pth
INFO:src.utils.logger:It: 127, Loss: 1.474e-01, Loss_res: 5.425e-02,  Loss_bcs: 5.924e-04, Loss_ut_ics: 6.175e-04, Loss_norm: 5.939e-05, Loss_gauge: 0.000e+00, w_pde: 4.23e-01, L^2_error: 1.148e-01, lr: 1.000e-03, Time: 4.70e+02
INFO:src.utils.logger:Model state saved to results\ho\DV\20260305-054940_seed0_ho_DV_bl_layered_e1500_w300_4q_4l\checkpoints\2026-03-05_05-50-04-441757_ho_DV_seed\model.pth
INFO:src.utils.logger:Model weights saved to results\ho\DV\20260305-054940_seed0_ho_DV_bl_layered_e1500_w300_4q_4l\checkpoints\2026-03-05_05-50-04-441757_ho_DV_seed\model_weights.pth
INFO:src.utils.logger:It: 128, Loss: 1.410e-01, Loss_res: 5.271e-02,  Loss_bcs: 5.188e-04, Loss_ut_ics: 5.884e-04, Loss_norm: 5.657e-05, Loss_gauge: 0.000e+00, w_pde: 4.27e-01, L^2_error: 1.140e-01, lr: 1.000e-03, Time: 4.73e+02
INFO:src.utils.logger:Model state saved to results\ho\DV\20260305-054940_seed0_ho_DV_bl_layered_e1500_w300_4q_4l\checkpoints\2026-03-05_05-50-04-441757_ho_DV_seed\model.pth
INFO:src.utils.logger:Model weights saved to results\ho\DV\20260305-054940_seed0_ho_DV_bl_layered_e1500_w300_4q_4l\checkpoints\2026-03-05_05-50-04-441757_ho_DV_seed\model_weights.pth
INFO:src.utils.logger:It: 129, Loss: 1.373e-01, Loss_res: 5.653e-02,  Loss_bcs: 5.081e-04, Loss_ut_ics: 5.611e-04, Loss_norm: 5.424e-05, Loss_gauge: 0.000e+00, w_pde: 4.30e-01, L^2_error: 1.132e-01, lr: 1.000e-03, Time: 4.77e+02
INFO:src.utils.logger:Model state saved to results\ho\DV\20260305-054940_seed0_ho_DV_bl_layered_e1500_w300_4q_4l\checkpoints\2026-03-05_05-50-04-441757_ho_DV_seed\model.pth
INFO:src.utils.logger:Model weights saved to results\ho\DV\20260305-054940_seed0_ho_DV_bl_layered_e1500_w300_4q_4l\checkpoints\2026-03-05_05-50-04-441757_ho_DV_seed\model_weights.pth
INFO:src.utils.logger:It: 130, Loss: 1.317e-01, Loss_res: 5.506e-02,  Loss_bcs: 4.182e-04, Loss_ut_ics: 5.356e-04, Loss_norm: 5.228e-05, Loss_gauge: 0.000e+00, w_pde: 4.33e-01, L^2_error: 1.125e-01, lr: 1.000e-03, Time: 4.80e+02
INFO:src.utils.logger:Model state saved to results\ho\DV\20260305-054940_seed0_ho_DV_bl_layered_e1500_w300_4q_4l\checkpoints\2026-03-05_05-50-04-441757_ho_DV_seed\model.pth
INFO:src.utils.logger:Model weights saved to results\ho\DV\20260305-054940_seed0_ho_DV_bl_layered_e1500_w300_4q_4l\checkpoints\2026-03-05_05-50-04-441757_ho_DV_seed\model_weights.pth
INFO:src.utils.logger:It: 131, Loss: 1.269e-01, Loss_res: 5.466e-02,  Loss_bcs: 3.856e-04, Loss_ut_ics: 5.118e-04, Loss_norm: 5.064e-05, Loss_gauge: 0.000e+00, w_pde: 4.37e-01, L^2_error: 1.117e-01, lr: 1.000e-03, Time: 4.84e+02
INFO:src.utils.logger:Model state saved to results\ho\DV\20260305-054940_seed0_ho_DV_bl_layered_e1500_w300_4q_4l\checkpoints\2026-03-05_05-50-04-441757_ho_DV_seed\model.pth
INFO:src.utils.logger:Model weights saved to results\ho\DV\20260305-054940_seed0_ho_DV_bl_layered_e1500_w300_4q_4l\checkpoints\2026-03-05_05-50-04-441757_ho_DV_seed\model_weights.pth
INFO:src.utils.logger:It: 132, Loss: 1.232e-01, Loss_res: 5.617e-02,  Loss_bcs: 3.574e-04, Loss_ut_ics: 4.896e-04, Loss_norm: 4.918e-05, Loss_gauge: 0.000e+00, w_pde: 4.40e-01, L^2_error: 1.110e-01, lr: 1.000e-03, Time: 4.88e+02
INFO:src.utils.logger:Model state saved to results\ho\DV\20260305-054940_seed0_ho_DV_bl_layered_e1500_w300_4q_4l\checkpoints\2026-03-05_05-50-04-441757_ho_DV_seed\model.pth
INFO:src.utils.logger:Model weights saved to results\ho\DV\20260305-054940_seed0_ho_DV_bl_layered_e1500_w300_4q_4l\checkpoints\2026-03-05_05-50-04-441757_ho_DV_seed\model_weights.pth
INFO:src.utils.logger:It: 133, Loss: 1.186e-01, Loss_res: 5.467e-02,  Loss_bcs: 3.391e-04, Loss_ut_ics: 4.691e-04, Loss_norm: 4.790e-05, Loss_gauge: 0.000e+00, w_pde: 4.43e-01, L^2_error: 1.104e-01, lr: 1.000e-03, Time: 4.91e+02
INFO:src.utils.logger:Model state saved to results\ho\DV\20260305-054940_seed0_ho_DV_bl_layered_e1500_w300_4q_4l\checkpoints\2026-03-05_05-50-04-441757_ho_DV_seed\model.pth
INFO:src.utils.logger:Model weights saved to results\ho\DV\20260305-054940_seed0_ho_DV_bl_layered_e1500_w300_4q_4l\checkpoints\2026-03-05_05-50-04-441757_ho_DV_seed\model_weights.pth
INFO:src.utils.logger:It: 134, Loss: 1.147e-01, Loss_res: 5.395e-02,  Loss_bcs: 3.087e-04, Loss_ut_ics: 4.501e-04, Loss_norm: 4.678e-05, Loss_gauge: 0.000e+00, w_pde: 4.47e-01, L^2_error: 1.098e-01, lr: 1.000e-03, Time: 4.95e+02
INFO:src.utils.logger:Model state saved to results\ho\DV\20260305-054940_seed0_ho_DV_bl_layered_e1500_w300_4q_4l\checkpoints\2026-03-05_05-50-04-441757_ho_DV_seed\model.pth
INFO:src.utils.logger:Model weights saved to results\ho\DV\20260305-054940_seed0_ho_DV_bl_layered_e1500_w300_4q_4l\checkpoints\2026-03-05_05-50-04-441757_ho_DV_seed\model_weights.pth
INFO:src.utils.logger:It: 135, Loss: 1.115e-01, Loss_res: 5.437e-02,  Loss_bcs: 3.011e-04, Loss_ut_ics: 4.326e-04, Loss_norm: 4.578e-05, Loss_gauge: 0.000e+00, w_pde: 4.50e-01, L^2_error: 1.093e-01, lr: 1.000e-03, Time: 4.99e+02
INFO:src.utils.logger:Model state saved to results\ho\DV\20260305-054940_seed0_ho_DV_bl_layered_e1500_w300_4q_4l\checkpoints\2026-03-05_05-50-04-441757_ho_DV_seed\model.pth
INFO:src.utils.logger:Model weights saved to results\ho\DV\20260305-054940_seed0_ho_DV_bl_layered_e1500_w300_4q_4l\checkpoints\2026-03-05_05-50-04-441757_ho_DV_seed\model_weights.pth
INFO:src.utils.logger:It: 136, Loss: 1.079e-01, Loss_res: 5.328e-02,  Loss_bcs: 2.911e-04, Loss_ut_ics: 4.164e-04, Loss_norm: 4.488e-05, Loss_gauge: 0.000e+00, w_pde: 4.53e-01, L^2_error: 1.088e-01, lr: 1.000e-03, Time: 5.02e+02
INFO:src.utils.logger:Model state saved to results\ho\DV\20260305-054940_seed0_ho_DV_bl_layered_e1500_w300_4q_4l\checkpoints\2026-03-05_05-50-04-441757_ho_DV_seed\model.pth
INFO:src.utils.logger:Model weights saved to results\ho\DV\20260305-054940_seed0_ho_DV_bl_layered_e1500_w300_4q_4l\checkpoints\2026-03-05_05-50-04-441757_ho_DV_seed\model_weights.pth
INFO:src.utils.logger:It: 137, Loss: 1.045e-01, Loss_res: 5.186e-02,  Loss_bcs: 2.940e-04, Loss_ut_ics: 4.015e-04, Loss_norm: 4.407e-05, Loss_gauge: 0.000e+00, w_pde: 4.57e-01, L^2_error: 1.083e-01, lr: 1.000e-03, Time: 5.06e+02
INFO:src.utils.logger:Model state saved to results\ho\DV\20260305-054940_seed0_ho_DV_bl_layered_e1500_w300_4q_4l\checkpoints\2026-03-05_05-50-04-441757_ho_DV_seed\model.pth
INFO:src.utils.logger:Model weights saved to results\ho\DV\20260305-054940_seed0_ho_DV_bl_layered_e1500_w300_4q_4l\checkpoints\2026-03-05_05-50-04-441757_ho_DV_seed\model_weights.pth
INFO:src.utils.logger:It: 138, Loss: 1.015e-01, Loss_res: 5.094e-02,  Loss_bcs: 2.755e-04, Loss_ut_ics: 3.877e-04, Loss_norm: 4.337e-05, Loss_gauge: 0.000e+00, w_pde: 4.60e-01, L^2_error: 1.079e-01, lr: 1.000e-03, Time: 5.10e+02
INFO:src.utils.logger:Model state saved to results\ho\DV\20260305-054940_seed0_ho_DV_bl_layered_e1500_w300_4q_4l\checkpoints\2026-03-05_05-50-04-441757_ho_DV_seed\model.pth
INFO:src.utils.logger:Model weights saved to results\ho\DV\20260305-054940_seed0_ho_DV_bl_layered_e1500_w300_4q_4l\checkpoints\2026-03-05_05-50-04-441757_ho_DV_seed\model_weights.pth
INFO:src.utils.logger:It: 139, Loss: 9.986e-02, Loss_res: 5.259e-02,  Loss_bcs: 2.809e-04, Loss_ut_ics: 3.750e-04, Loss_norm: 4.274e-05, Loss_gauge: 0.000e+00, w_pde: 4.63e-01, L^2_error: 1.076e-01, lr: 1.000e-03, Time: 5.14e+02
INFO:src.utils.logger:Model state saved to results\ho\DV\20260305-054940_seed0_ho_DV_bl_layered_e1500_w300_4q_4l\checkpoints\2026-03-05_05-50-04-441757_ho_DV_seed\model.pth
INFO:src.utils.logger:Model weights saved to results\ho\DV\20260305-054940_seed0_ho_DV_bl_layered_e1500_w300_4q_4l\checkpoints\2026-03-05_05-50-04-441757_ho_DV_seed\model_weights.pth
INFO:src.utils.logger:It: 140, Loss: 9.775e-02, Loss_res: 5.269e-02,  Loss_bcs: 2.847e-04, Loss_ut_ics: 3.633e-04, Loss_norm: 4.217e-05, Loss_gauge: 0.000e+00, w_pde: 4.67e-01, L^2_error: 1.072e-01, lr: 1.000e-03, Time: 5.17e+02
INFO:src.utils.logger:Model state saved to results\ho\DV\20260305-054940_seed0_ho_DV_bl_layered_e1500_w300_4q_4l\checkpoints\2026-03-05_05-50-04-441757_ho_DV_seed\model.pth
INFO:src.utils.logger:Model weights saved to results\ho\DV\20260305-054940_seed0_ho_DV_bl_layered_e1500_w300_4q_4l\checkpoints\2026-03-05_05-50-04-441757_ho_DV_seed\model_weights.pth
INFO:src.utils.logger:It: 141, Loss: 9.639e-02, Loss_res: 5.400e-02,  Loss_bcs: 2.905e-04, Loss_ut_ics: 3.525e-04, Loss_norm: 4.169e-05, Loss_gauge: 0.000e+00, w_pde: 4.70e-01, L^2_error: 1.070e-01, lr: 1.000e-03, Time: 5.21e+02
INFO:src.utils.logger:Model state saved to results\ho\DV\20260305-054940_seed0_ho_DV_bl_layered_e1500_w300_4q_4l\checkpoints\2026-03-05_05-50-04-441757_ho_DV_seed\model.pth
INFO:src.utils.logger:Model weights saved to results\ho\DV\20260305-054940_seed0_ho_DV_bl_layered_e1500_w300_4q_4l\checkpoints\2026-03-05_05-50-04-441757_ho_DV_seed\model_weights.pth
INFO:src.utils.logger:It: 142, Loss: 9.378e-02, Loss_res: 5.230e-02,  Loss_bcs: 3.022e-04, Loss_ut_ics: 3.426e-04, Loss_norm: 4.128e-05, Loss_gauge: 0.000e+00, w_pde: 4.73e-01, L^2_error: 1.067e-01, lr: 1.000e-03, Time: 5.24e+02
INFO:src.utils.logger:Model state saved to results\ho\DV\20260305-054940_seed0_ho_DV_bl_layered_e1500_w300_4q_4l\checkpoints\2026-03-05_05-50-04-441757_ho_DV_seed\model.pth
INFO:src.utils.logger:Model weights saved to results\ho\DV\20260305-054940_seed0_ho_DV_bl_layered_e1500_w300_4q_4l\checkpoints\2026-03-05_05-50-04-441757_ho_DV_seed\model_weights.pth
INFO:src.utils.logger:It: 143, Loss: 9.272e-02, Loss_res: 5.356e-02,  Loss_bcs: 3.113e-04, Loss_ut_ics: 3.334e-04, Loss_norm: 4.094e-05, Loss_gauge: 0.000e+00, w_pde: 4.77e-01, L^2_error: 1.065e-01, lr: 1.000e-03, Time: 5.28e+02
INFO:src.utils.logger:Model state saved to results\ho\DV\20260305-054940_seed0_ho_DV_bl_layered_e1500_w300_4q_4l\checkpoints\2026-03-05_05-50-04-441757_ho_DV_seed\model.pth
INFO:src.utils.logger:Model weights saved to results\ho\DV\20260305-054940_seed0_ho_DV_bl_layered_e1500_w300_4q_4l\checkpoints\2026-03-05_05-50-04-441757_ho_DV_seed\model_weights.pth
INFO:src.utils.logger:It: 144, Loss: 9.122e-02, Loss_res: 5.360e-02,  Loss_bcs: 3.236e-04, Loss_ut_ics: 3.248e-04, Loss_norm: 4.067e-05, Loss_gauge: 0.000e+00, w_pde: 4.80e-01, L^2_error: 1.063e-01, lr: 1.000e-03, Time: 5.32e+02
INFO:src.utils.logger:Model state saved to results\ho\DV\20260305-054940_seed0_ho_DV_bl_layered_e1500_w300_4q_4l\checkpoints\2026-03-05_05-50-04-441757_ho_DV_seed\model.pth
INFO:src.utils.logger:Model weights saved to results\ho\DV\20260305-054940_seed0_ho_DV_bl_layered_e1500_w300_4q_4l\checkpoints\2026-03-05_05-50-04-441757_ho_DV_seed\model_weights.pth
INFO:src.utils.logger:It: 145, Loss: 8.943e-02, Loss_res: 5.279e-02,  Loss_bcs: 3.330e-04, Loss_ut_ics: 3.169e-04, Loss_norm: 4.047e-05, Loss_gauge: 0.000e+00, w_pde: 4.83e-01, L^2_error: 1.061e-01, lr: 1.000e-03, Time: 5.36e+02
INFO:src.utils.logger:Model state saved to results\ho\DV\20260305-054940_seed0_ho_DV_bl_layered_e1500_w300_4q_4l\checkpoints\2026-03-05_05-50-04-441757_ho_DV_seed\model.pth
INFO:src.utils.logger:Model weights saved to results\ho\DV\20260305-054940_seed0_ho_DV_bl_layered_e1500_w300_4q_4l\checkpoints\2026-03-05_05-50-04-441757_ho_DV_seed\model_weights.pth
INFO:src.utils.logger:It: 146, Loss: 8.601e-02, Loss_res: 4.841e-02,  Loss_bcs: 3.414e-04, Loss_ut_ics: 3.095e-04, Loss_norm: 4.035e-05, Loss_gauge: 0.000e+00, w_pde: 4.87e-01, L^2_error: 1.060e-01, lr: 1.000e-03, Time: 5.39e+02
INFO:src.utils.logger:Model state saved to results\ho\DV\20260305-054940_seed0_ho_DV_bl_layered_e1500_w300_4q_4l\checkpoints\2026-03-05_05-50-04-441757_ho_DV_seed\model.pth
INFO:src.utils.logger:Model weights saved to results\ho\DV\20260305-054940_seed0_ho_DV_bl_layered_e1500_w300_4q_4l\checkpoints\2026-03-05_05-50-04-441757_ho_DV_seed\model_weights.pth
INFO:src.utils.logger:It: 147, Loss: 8.662e-02, Loss_res: 5.214e-02,  Loss_bcs: 3.528e-04, Loss_ut_ics: 3.026e-04, Loss_norm: 4.034e-05, Loss_gauge: 0.000e+00, w_pde: 4.90e-01, L^2_error: 1.058e-01, lr: 1.000e-03, Time: 5.43e+02
INFO:src.utils.logger:Model state saved to results\ho\DV\20260305-054940_seed0_ho_DV_bl_layered_e1500_w300_4q_4l\checkpoints\2026-03-05_05-50-04-441757_ho_DV_seed\model.pth
INFO:src.utils.logger:Model weights saved to results\ho\DV\20260305-054940_seed0_ho_DV_bl_layered_e1500_w300_4q_4l\checkpoints\2026-03-05_05-50-04-441757_ho_DV_seed\model_weights.pth
INFO:src.utils.logger:It: 148, Loss: 8.592e-02, Loss_res: 5.296e-02,  Loss_bcs: 3.721e-04, Loss_ut_ics: 2.961e-04, Loss_norm: 4.040e-05, Loss_gauge: 0.000e+00, w_pde: 4.93e-01, L^2_error: 1.056e-01, lr: 1.000e-03, Time: 5.47e+02
INFO:src.utils.logger:Model state saved to results\ho\DV\20260305-054940_seed0_ho_DV_bl_layered_e1500_w300_4q_4l\checkpoints\2026-03-05_05-50-04-441757_ho_DV_seed\model.pth
INFO:src.utils.logger:Model weights saved to results\ho\DV\20260305-054940_seed0_ho_DV_bl_layered_e1500_w300_4q_4l\checkpoints\2026-03-05_05-50-04-441757_ho_DV_seed\model_weights.pth
INFO:src.utils.logger:It: 149, Loss: 8.355e-02, Loss_res: 5.028e-02,  Loss_bcs: 3.822e-04, Loss_ut_ics: 2.899e-04, Loss_norm: 4.054e-05, Loss_gauge: 0.000e+00, w_pde: 4.97e-01, L^2_error: 1.055e-01, lr: 1.000e-03, Time: 5.50e+02
INFO:src.utils.logger:Model state saved to results\ho\DV\20260305-054940_seed0_ho_DV_bl_layered_e1500_w300_4q_4l\checkpoints\2026-03-05_05-50-04-441757_ho_DV_seed\model.pth
INFO:src.utils.logger:Model weights saved to results\ho\DV\20260305-054940_seed0_ho_DV_bl_layered_e1500_w300_4q_4l\checkpoints\2026-03-05_05-50-04-441757_ho_DV_seed\model_weights.pth
INFO:src.utils.logger:It: 150, Loss: 8.353e-02, Loss_res: 5.222e-02,  Loss_bcs: 4.015e-04, Loss_ut_ics: 2.841e-04, Loss_norm: 4.071e-05, Loss_gauge: 0.000e+00, w_pde: 5.00e-01, L^2_error: 1.053e-01, lr: 1.000e-03, Time: 5.54e+02
INFO:src.utils.logger:Model state saved to results\ho\DV\20260305-054940_seed0_ho_DV_bl_layered_e1500_w300_4q_4l\checkpoints\2026-03-05_05-50-04-441757_ho_DV_seed\model.pth
INFO:src.utils.logger:Model weights saved to results\ho\DV\20260305-054940_seed0_ho_DV_bl_layered_e1500_w300_4q_4l\checkpoints\2026-03-05_05-50-04-441757_ho_DV_seed\model_weights.pth
INFO:src.utils.logger:It: 151, Loss: 8.113e-02, Loss_res: 4.931e-02,  Loss_bcs: 4.059e-04, Loss_ut_ics: 2.785e-04, Loss_norm: 4.089e-05, Loss_gauge: 0.000e+00, w_pde: 5.03e-01, L^2_error: 1.051e-01, lr: 1.000e-03, Time: 5.58e+02
INFO:src.utils.logger:Model state saved to results\ho\DV\20260305-054940_seed0_ho_DV_bl_layered_e1500_w300_4q_4l\checkpoints\2026-03-05_05-50-04-441757_ho_DV_seed\model.pth
INFO:src.utils.logger:Model weights saved to results\ho\DV\20260305-054940_seed0_ho_DV_bl_layered_e1500_w300_4q_4l\checkpoints\2026-03-05_05-50-04-441757_ho_DV_seed\model_weights.pth
INFO:src.utils.logger:It: 152, Loss: 8.007e-02, Loss_res: 4.896e-02,  Loss_bcs: 4.178e-04, Loss_ut_ics: 2.732e-04, Loss_norm: 4.107e-05, Loss_gauge: 0.000e+00, w_pde: 5.07e-01, L^2_error: 1.050e-01, lr: 1.000e-03, Time: 5.62e+02
INFO:src.utils.logger:Model state saved to results\ho\DV\20260305-054940_seed0_ho_DV_bl_layered_e1500_w300_4q_4l\checkpoints\2026-03-05_05-50-04-441757_ho_DV_seed\model.pth
INFO:src.utils.logger:Model weights saved to results\ho\DV\20260305-054940_seed0_ho_DV_bl_layered_e1500_w300_4q_4l\checkpoints\2026-03-05_05-50-04-441757_ho_DV_seed\model_weights.pth
INFO:src.utils.logger:It: 153, Loss: 7.953e-02, Loss_res: 4.955e-02,  Loss_bcs: 4.334e-04, Loss_ut_ics: 2.681e-04, Loss_norm: 4.122e-05, Loss_gauge: 0.000e+00, w_pde: 5.10e-01, L^2_error: 1.048e-01, lr: 1.000e-03, Time: 5.65e+02
INFO:src.utils.logger:Model state saved to results\ho\DV\20260305-054940_seed0_ho_DV_bl_layered_e1500_w300_4q_4l\checkpoints\2026-03-05_05-50-04-441757_ho_DV_seed\model.pth
INFO:src.utils.logger:Model weights saved to results\ho\DV\20260305-054940_seed0_ho_DV_bl_layered_e1500_w300_4q_4l\checkpoints\2026-03-05_05-50-04-441757_ho_DV_seed\model_weights.pth
INFO:src.utils.logger:It: 154, Loss: 7.823e-02, Loss_res: 4.859e-02,  Loss_bcs: 4.392e-04, Loss_ut_ics: 2.632e-04, Loss_norm: 4.132e-05, Loss_gauge: 0.000e+00, w_pde: 5.13e-01, L^2_error: 1.047e-01, lr: 1.000e-03, Time: 5.69e+02
INFO:src.utils.logger:Model state saved to results\ho\DV\20260305-054940_seed0_ho_DV_bl_layered_e1500_w300_4q_4l\checkpoints\2026-03-05_05-50-04-441757_ho_DV_seed\model.pth
INFO:src.utils.logger:Model weights saved to results\ho\DV\20260305-054940_seed0_ho_DV_bl_layered_e1500_w300_4q_4l\checkpoints\2026-03-05_05-50-04-441757_ho_DV_seed\model_weights.pth
INFO:src.utils.logger:It: 155, Loss: 7.697e-02, Loss_res: 4.766e-02,  Loss_bcs: 4.557e-04, Loss_ut_ics: 2.584e-04, Loss_norm: 4.141e-05, Loss_gauge: 0.000e+00, w_pde: 5.17e-01, L^2_error: 1.046e-01, lr: 1.000e-03, Time: 5.73e+02
INFO:src.utils.logger:Model state saved to results\ho\DV\20260305-054940_seed0_ho_DV_bl_layered_e1500_w300_4q_4l\checkpoints\2026-03-05_05-50-04-441757_ho_DV_seed\model.pth
INFO:src.utils.logger:Model weights saved to results\ho\DV\20260305-054940_seed0_ho_DV_bl_layered_e1500_w300_4q_4l\checkpoints\2026-03-05_05-50-04-441757_ho_DV_seed\model_weights.pth
INFO:src.utils.logger:It: 156, Loss: 7.718e-02, Loss_res: 4.951e-02,  Loss_bcs: 4.624e-04, Loss_ut_ics: 2.538e-04, Loss_norm: 4.145e-05, Loss_gauge: 0.000e+00, w_pde: 5.20e-01, L^2_error: 1.045e-01, lr: 1.000e-03, Time: 5.76e+02
INFO:src.utils.logger:Model state saved to results\ho\DV\20260305-054940_seed0_ho_DV_bl_layered_e1500_w300_4q_4l\checkpoints\2026-03-05_05-50-04-441757_ho_DV_seed\model.pth
INFO:src.utils.logger:Model weights saved to results\ho\DV\20260305-054940_seed0_ho_DV_bl_layered_e1500_w300_4q_4l\checkpoints\2026-03-05_05-50-04-441757_ho_DV_seed\model_weights.pth
INFO:src.utils.logger:It: 157, Loss: 7.652e-02, Loss_res: 4.964e-02,  Loss_bcs: 4.614e-04, Loss_ut_ics: 2.493e-04, Loss_norm: 4.140e-05, Loss_gauge: 0.000e+00, w_pde: 5.23e-01, L^2_error: 1.043e-01, lr: 1.000e-03, Time: 5.80e+02
INFO:src.utils.logger:Model state saved to results\ho\DV\20260305-054940_seed0_ho_DV_bl_layered_e1500_w300_4q_4l\checkpoints\2026-03-05_05-50-04-441757_ho_DV_seed\model.pth
INFO:src.utils.logger:Model weights saved to results\ho\DV\20260305-054940_seed0_ho_DV_bl_layered_e1500_w300_4q_4l\checkpoints\2026-03-05_05-50-04-441757_ho_DV_seed\model_weights.pth
INFO:src.utils.logger:It: 158, Loss: 7.615e-02, Loss_res: 5.024e-02,  Loss_bcs: 4.831e-04, Loss_ut_ics: 2.450e-04, Loss_norm: 4.135e-05, Loss_gauge: 0.000e+00, w_pde: 5.27e-01, L^2_error: 1.042e-01, lr: 1.000e-03, Time: 5.84e+02
INFO:src.utils.logger:Model state saved to results\ho\DV\20260305-054940_seed0_ho_DV_bl_layered_e1500_w300_4q_4l\checkpoints\2026-03-05_05-50-04-441757_ho_DV_seed\model.pth
INFO:src.utils.logger:Model weights saved to results\ho\DV\20260305-054940_seed0_ho_DV_bl_layered_e1500_w300_4q_4l\checkpoints\2026-03-05_05-50-04-441757_ho_DV_seed\model_weights.pth
INFO:src.utils.logger:It: 159, Loss: 7.660e-02, Loss_res: 5.238e-02,  Loss_bcs: 4.825e-04, Loss_ut_ics: 2.407e-04, Loss_norm: 4.123e-05, Loss_gauge: 0.000e+00, w_pde: 5.30e-01, L^2_error: 1.042e-01, lr: 1.000e-03, Time: 5.87e+02
INFO:src.utils.logger:Model state saved to results\ho\DV\20260305-054940_seed0_ho_DV_bl_layered_e1500_w300_4q_4l\checkpoints\2026-03-05_05-50-04-441757_ho_DV_seed\model.pth
INFO:src.utils.logger:Model weights saved to results\ho\DV\20260305-054940_seed0_ho_DV_bl_layered_e1500_w300_4q_4l\checkpoints\2026-03-05_05-50-04-441757_ho_DV_seed\model_weights.pth
INFO:src.utils.logger:It: 160, Loss: 7.459e-02, Loss_res: 4.984e-02,  Loss_bcs: 4.945e-04, Loss_ut_ics: 2.366e-04, Loss_norm: 4.108e-05, Loss_gauge: 0.000e+00, w_pde: 5.33e-01, L^2_error: 1.041e-01, lr: 1.000e-03, Time: 5.91e+02
INFO:src.utils.logger:Model state saved to results\ho\DV\20260305-054940_seed0_ho_DV_bl_layered_e1500_w300_4q_4l\checkpoints\2026-03-05_05-50-04-441757_ho_DV_seed\model.pth
INFO:src.utils.logger:Model weights saved to results\ho\DV\20260305-054940_seed0_ho_DV_bl_layered_e1500_w300_4q_4l\checkpoints\2026-03-05_05-50-04-441757_ho_DV_seed\model_weights.pth
INFO:src.utils.logger:It: 161, Loss: 7.538e-02, Loss_res: 5.253e-02,  Loss_bcs: 4.822e-04, Loss_ut_ics: 2.325e-04, Loss_norm: 4.087e-05, Loss_gauge: 0.000e+00, w_pde: 5.37e-01, L^2_error: 1.040e-01, lr: 1.000e-03, Time: 5.95e+02
INFO:src.utils.logger:Model state saved to results\ho\DV\20260305-054940_seed0_ho_DV_bl_layered_e1500_w300_4q_4l\checkpoints\2026-03-05_05-50-04-441757_ho_DV_seed\model.pth
INFO:src.utils.logger:Model weights saved to results\ho\DV\20260305-054940_seed0_ho_DV_bl_layered_e1500_w300_4q_4l\checkpoints\2026-03-05_05-50-04-441757_ho_DV_seed\model_weights.pth
INFO:src.utils.logger:It: 162, Loss: 7.153e-02, Loss_res: 4.654e-02,  Loss_bcs: 4.952e-04, Loss_ut_ics: 2.285e-04, Loss_norm: 4.060e-05, Loss_gauge: 0.000e+00, w_pde: 5.40e-01, L^2_error: 1.039e-01, lr: 1.000e-03, Time: 5.99e+02
INFO:src.utils.logger:Model state saved to results\ho\DV\20260305-054940_seed0_ho_DV_bl_layered_e1500_w300_4q_4l\checkpoints\2026-03-05_05-50-04-441757_ho_DV_seed\model.pth
INFO:src.utils.logger:Model weights saved to results\ho\DV\20260305-054940_seed0_ho_DV_bl_layered_e1500_w300_4q_4l\checkpoints\2026-03-05_05-50-04-441757_ho_DV_seed\model_weights.pth
INFO:src.utils.logger:It: 163, Loss: 7.291e-02, Loss_res: 5.023e-02,  Loss_bcs: 4.930e-04, Loss_ut_ics: 2.246e-04, Loss_norm: 4.031e-05, Loss_gauge: 0.000e+00, w_pde: 5.43e-01, L^2_error: 1.039e-01, lr: 1.000e-03, Time: 6.02e+02
INFO:src.utils.logger:Model state saved to results\ho\DV\20260305-054940_seed0_ho_DV_bl_layered_e1500_w300_4q_4l\checkpoints\2026-03-05_05-50-04-441757_ho_DV_seed\model.pth
INFO:src.utils.logger:Model weights saved to results\ho\DV\20260305-054940_seed0_ho_DV_bl_layered_e1500_w300_4q_4l\checkpoints\2026-03-05_05-50-04-441757_ho_DV_seed\model_weights.pth
INFO:src.utils.logger:It: 164, Loss: 7.187e-02, Loss_res: 4.941e-02,  Loss_bcs: 5.021e-04, Loss_ut_ics: 2.208e-04, Loss_norm: 3.997e-05, Loss_gauge: 0.000e+00, w_pde: 5.47e-01, L^2_error: 1.038e-01, lr: 1.000e-03, Time: 6.06e+02
INFO:src.utils.logger:Model state saved to results\ho\DV\20260305-054940_seed0_ho_DV_bl_layered_e1500_w300_4q_4l\checkpoints\2026-03-05_05-50-04-441757_ho_DV_seed\model.pth
INFO:src.utils.logger:Model weights saved to results\ho\DV\20260305-054940_seed0_ho_DV_bl_layered_e1500_w300_4q_4l\checkpoints\2026-03-05_05-50-04-441757_ho_DV_seed\model_weights.pth
INFO:src.utils.logger:It: 165, Loss: 7.240e-02, Loss_res: 5.144e-02,  Loss_bcs: 4.976e-04, Loss_ut_ics: 2.171e-04, Loss_norm: 3.953e-05, Loss_gauge: 0.000e+00, w_pde: 5.50e-01, L^2_error: 1.038e-01, lr: 1.000e-03, Time: 6.10e+02
INFO:src.utils.logger:Model state saved to results\ho\DV\20260305-054940_seed0_ho_DV_bl_layered_e1500_w300_4q_4l\checkpoints\2026-03-05_05-50-04-441757_ho_DV_seed\model.pth
INFO:src.utils.logger:Model weights saved to results\ho\DV\20260305-054940_seed0_ho_DV_bl_layered_e1500_w300_4q_4l\checkpoints\2026-03-05_05-50-04-441757_ho_DV_seed\model_weights.pth
INFO:src.utils.logger:It: 166, Loss: 7.066e-02, Loss_res: 4.930e-02,  Loss_bcs: 5.074e-04, Loss_ut_ics: 2.134e-04, Loss_norm: 3.904e-05, Loss_gauge: 0.000e+00, w_pde: 5.53e-01, L^2_error: 1.037e-01, lr: 1.000e-03, Time: 6.13e+02
INFO:src.utils.logger:Model state saved to results\ho\DV\20260305-054940_seed0_ho_DV_bl_layered_e1500_w300_4q_4l\checkpoints\2026-03-05_05-50-04-441757_ho_DV_seed\model.pth
INFO:src.utils.logger:Model weights saved to results\ho\DV\20260305-054940_seed0_ho_DV_bl_layered_e1500_w300_4q_4l\checkpoints\2026-03-05_05-50-04-441757_ho_DV_seed\model_weights.pth
INFO:src.utils.logger:It: 167, Loss: 7.010e-02, Loss_res: 4.928e-02,  Loss_bcs: 4.996e-04, Loss_ut_ics: 2.098e-04, Loss_norm: 3.848e-05, Loss_gauge: 0.000e+00, w_pde: 5.57e-01, L^2_error: 1.036e-01, lr: 1.000e-03, Time: 6.17e+02
INFO:src.utils.logger:Model state saved to results\ho\DV\20260305-054940_seed0_ho_DV_bl_layered_e1500_w300_4q_4l\checkpoints\2026-03-05_05-50-04-441757_ho_DV_seed\model.pth
INFO:src.utils.logger:Model weights saved to results\ho\DV\20260305-054940_seed0_ho_DV_bl_layered_e1500_w300_4q_4l\checkpoints\2026-03-05_05-50-04-441757_ho_DV_seed\model_weights.pth
INFO:src.utils.logger:It: 168, Loss: 6.874e-02, Loss_res: 4.784e-02,  Loss_bcs: 4.871e-04, Loss_ut_ics: 2.064e-04, Loss_norm: 3.786e-05, Loss_gauge: 0.000e+00, w_pde: 5.60e-01, L^2_error: 1.036e-01, lr: 1.000e-03, Time: 6.21e+02
INFO:src.utils.logger:Model state saved to results\ho\DV\20260305-054940_seed0_ho_DV_bl_layered_e1500_w300_4q_4l\checkpoints\2026-03-05_05-50-04-441757_ho_DV_seed\model.pth
INFO:src.utils.logger:Model weights saved to results\ho\DV\20260305-054940_seed0_ho_DV_bl_layered_e1500_w300_4q_4l\checkpoints\2026-03-05_05-50-04-441757_ho_DV_seed\model_weights.pth
INFO:src.utils.logger:It: 169, Loss: 6.782e-02, Loss_res: 4.712e-02,  Loss_bcs: 4.987e-04, Loss_ut_ics: 2.030e-04, Loss_norm: 3.721e-05, Loss_gauge: 0.000e+00, w_pde: 5.63e-01, L^2_error: 1.035e-01, lr: 1.000e-03, Time: 6.25e+02
INFO:src.utils.logger:Model state saved to results\ho\DV\20260305-054940_seed0_ho_DV_bl_layered_e1500_w300_4q_4l\checkpoints\2026-03-05_05-50-04-441757_ho_DV_seed\model.pth
INFO:src.utils.logger:Model weights saved to results\ho\DV\20260305-054940_seed0_ho_DV_bl_layered_e1500_w300_4q_4l\checkpoints\2026-03-05_05-50-04-441757_ho_DV_seed\model_weights.pth
INFO:src.utils.logger:It: 170, Loss: 6.847e-02, Loss_res: 4.916e-02,  Loss_bcs: 4.972e-04, Loss_ut_ics: 1.997e-04, Loss_norm: 3.649e-05, Loss_gauge: 0.000e+00, w_pde: 5.67e-01, L^2_error: 1.034e-01, lr: 1.000e-03, Time: 6.28e+02
INFO:src.utils.logger:Model state saved to results\ho\DV\20260305-054940_seed0_ho_DV_bl_layered_e1500_w300_4q_4l\checkpoints\2026-03-05_05-50-04-441757_ho_DV_seed\model.pth
INFO:src.utils.logger:Model weights saved to results\ho\DV\20260305-054940_seed0_ho_DV_bl_layered_e1500_w300_4q_4l\checkpoints\2026-03-05_05-50-04-441757_ho_DV_seed\model_weights.pth
INFO:src.utils.logger:It: 171, Loss: 6.684e-02, Loss_res: 4.715e-02,  Loss_bcs: 4.988e-04, Loss_ut_ics: 1.964e-04, Loss_norm: 3.578e-05, Loss_gauge: 0.000e+00, w_pde: 5.70e-01, L^2_error: 1.034e-01, lr: 1.000e-03, Time: 6.32e+02
INFO:src.utils.logger:Model state saved to results\ho\DV\20260305-054940_seed0_ho_DV_bl_layered_e1500_w300_4q_4l\checkpoints\2026-03-05_05-50-04-441757_ho_DV_seed\model.pth
INFO:src.utils.logger:Model weights saved to results\ho\DV\20260305-054940_seed0_ho_DV_bl_layered_e1500_w300_4q_4l\checkpoints\2026-03-05_05-50-04-441757_ho_DV_seed\model_weights.pth
INFO:src.utils.logger:It: 172, Loss: 6.641e-02, Loss_res: 4.723e-02,  Loss_bcs: 4.991e-04, Loss_ut_ics: 1.933e-04, Loss_norm: 3.504e-05, Loss_gauge: 0.000e+00, w_pde: 5.73e-01, L^2_error: 1.033e-01, lr: 1.000e-03, Time: 6.36e+02
INFO:src.utils.logger:Model state saved to results\ho\DV\20260305-054940_seed0_ho_DV_bl_layered_e1500_w300_4q_4l\checkpoints\2026-03-05_05-50-04-441757_ho_DV_seed\model.pth
INFO:src.utils.logger:Model weights saved to results\ho\DV\20260305-054940_seed0_ho_DV_bl_layered_e1500_w300_4q_4l\checkpoints\2026-03-05_05-50-04-441757_ho_DV_seed\model_weights.pth
INFO:src.utils.logger:It: 173, Loss: 6.577e-02, Loss_res: 4.692e-02,  Loss_bcs: 4.992e-04, Loss_ut_ics: 1.902e-04, Loss_norm: 3.435e-05, Loss_gauge: 0.000e+00, w_pde: 5.77e-01, L^2_error: 1.033e-01, lr: 1.000e-03, Time: 6.39e+02
INFO:src.utils.logger:Model state saved to results\ho\DV\20260305-054940_seed0_ho_DV_bl_layered_e1500_w300_4q_4l\checkpoints\2026-03-05_05-50-04-441757_ho_DV_seed\model.pth
INFO:src.utils.logger:Model weights saved to results\ho\DV\20260305-054940_seed0_ho_DV_bl_layered_e1500_w300_4q_4l\checkpoints\2026-03-05_05-50-04-441757_ho_DV_seed\model_weights.pth
INFO:src.utils.logger:It: 174, Loss: 6.556e-02, Loss_res: 4.734e-02,  Loss_bcs: 5.003e-04, Loss_ut_ics: 1.872e-04, Loss_norm: 3.366e-05, Loss_gauge: 0.000e+00, w_pde: 5.80e-01, L^2_error: 1.032e-01, lr: 1.000e-03, Time: 6.43e+02
INFO:src.utils.logger:Model state saved to results\ho\DV\20260305-054940_seed0_ho_DV_bl_layered_e1500_w300_4q_4l\checkpoints\2026-03-05_05-50-04-441757_ho_DV_seed\model.pth
INFO:src.utils.logger:Model weights saved to results\ho\DV\20260305-054940_seed0_ho_DV_bl_layered_e1500_w300_4q_4l\checkpoints\2026-03-05_05-50-04-441757_ho_DV_seed\model_weights.pth
INFO:src.utils.logger:It: 175, Loss: 6.583e-02, Loss_res: 4.853e-02,  Loss_bcs: 4.968e-04, Loss_ut_ics: 1.843e-04, Loss_norm: 3.300e-05, Loss_gauge: 0.000e+00, w_pde: 5.83e-01, L^2_error: 1.031e-01, lr: 1.000e-03, Time: 6.47e+02
INFO:src.utils.logger:Model state saved to results\ho\DV\20260305-054940_seed0_ho_DV_bl_layered_e1500_w300_4q_4l\checkpoints\2026-03-05_05-50-04-441757_ho_DV_seed\model.pth
INFO:src.utils.logger:Model weights saved to results\ho\DV\20260305-054940_seed0_ho_DV_bl_layered_e1500_w300_4q_4l\checkpoints\2026-03-05_05-50-04-441757_ho_DV_seed\model_weights.pth
INFO:src.utils.logger:It: 176, Loss: 6.783e-02, Loss_res: 5.266e-02,  Loss_bcs: 4.928e-04, Loss_ut_ics: 1.814e-04, Loss_norm: 3.242e-05, Loss_gauge: 0.000e+00, w_pde: 5.87e-01, L^2_error: 1.031e-01, lr: 1.000e-03, Time: 6.50e+02
INFO:src.utils.logger:Model state saved to results\ho\DV\20260305-054940_seed0_ho_DV_bl_layered_e1500_w300_4q_4l\checkpoints\2026-03-05_05-50-04-441757_ho_DV_seed\model.pth
INFO:src.utils.logger:Model weights saved to results\ho\DV\20260305-054940_seed0_ho_DV_bl_layered_e1500_w300_4q_4l\checkpoints\2026-03-05_05-50-04-441757_ho_DV_seed\model_weights.pth
INFO:src.utils.logger:It: 177, Loss: 6.450e-02, Loss_res: 4.766e-02,  Loss_bcs: 4.955e-04, Loss_ut_ics: 1.787e-04, Loss_norm: 3.182e-05, Loss_gauge: 0.000e+00, w_pde: 5.90e-01, L^2_error: 1.030e-01, lr: 1.000e-03, Time: 6.54e+02
INFO:src.utils.logger:Model state saved to results\ho\DV\20260305-054940_seed0_ho_DV_bl_layered_e1500_w300_4q_4l\checkpoints\2026-03-05_05-50-04-441757_ho_DV_seed\model.pth
INFO:src.utils.logger:Model weights saved to results\ho\DV\20260305-054940_seed0_ho_DV_bl_layered_e1500_w300_4q_4l\checkpoints\2026-03-05_05-50-04-441757_ho_DV_seed\model_weights.pth
INFO:src.utils.logger:It: 178, Loss: 6.480e-02, Loss_res: 4.882e-02,  Loss_bcs: 4.894e-04, Loss_ut_ics: 1.760e-04, Loss_norm: 3.122e-05, Loss_gauge: 0.000e+00, w_pde: 5.93e-01, L^2_error: 1.029e-01, lr: 1.000e-03, Time: 6.58e+02
INFO:src.utils.logger:Model state saved to results\ho\DV\20260305-054940_seed0_ho_DV_bl_layered_e1500_w300_4q_4l\checkpoints\2026-03-05_05-50-04-441757_ho_DV_seed\model.pth
INFO:src.utils.logger:Model weights saved to results\ho\DV\20260305-054940_seed0_ho_DV_bl_layered_e1500_w300_4q_4l\checkpoints\2026-03-05_05-50-04-441757_ho_DV_seed\model_weights.pth
INFO:src.utils.logger:It: 179, Loss: 6.152e-02, Loss_res: 4.393e-02,  Loss_bcs: 4.887e-04, Loss_ut_ics: 1.733e-04, Loss_norm: 3.060e-05, Loss_gauge: 0.000e+00, w_pde: 5.97e-01, L^2_error: 1.029e-01, lr: 1.000e-03, Time: 6.61e+02
INFO:src.utils.logger:Model state saved to results\ho\DV\20260305-054940_seed0_ho_DV_bl_layered_e1500_w300_4q_4l\checkpoints\2026-03-05_05-50-04-441757_ho_DV_seed\model.pth
INFO:src.utils.logger:Model weights saved to results\ho\DV\20260305-054940_seed0_ho_DV_bl_layered_e1500_w300_4q_4l\checkpoints\2026-03-05_05-50-04-441757_ho_DV_seed\model_weights.pth
INFO:src.utils.logger:It: 180, Loss: 6.244e-02, Loss_res: 4.608e-02,  Loss_bcs: 4.856e-04, Loss_ut_ics: 1.708e-04, Loss_norm: 3.005e-05, Loss_gauge: 0.000e+00, w_pde: 6.00e-01, L^2_error: 1.028e-01, lr: 1.000e-03, Time: 6.65e+02
INFO:src.utils.logger:Model state saved to results\ho\DV\20260305-054940_seed0_ho_DV_bl_layered_e1500_w300_4q_4l\checkpoints\2026-03-05_05-50-04-441757_ho_DV_seed\model.pth
INFO:src.utils.logger:Model weights saved to results\ho\DV\20260305-054940_seed0_ho_DV_bl_layered_e1500_w300_4q_4l\checkpoints\2026-03-05_05-50-04-441757_ho_DV_seed\model_weights.pth
INFO:src.utils.logger:It: 181, Loss: 6.310e-02, Loss_res: 4.775e-02,  Loss_bcs: 4.829e-04, Loss_ut_ics: 1.683e-04, Loss_norm: 2.950e-05, Loss_gauge: 0.000e+00, w_pde: 6.03e-01, L^2_error: 1.028e-01, lr: 1.000e-03, Time: 6.69e+02
INFO:src.utils.logger:Model state saved to results\ho\DV\20260305-054940_seed0_ho_DV_bl_layered_e1500_w300_4q_4l\checkpoints\2026-03-05_05-50-04-441757_ho_DV_seed\model.pth
INFO:src.utils.logger:Model weights saved to results\ho\DV\20260305-054940_seed0_ho_DV_bl_layered_e1500_w300_4q_4l\checkpoints\2026-03-05_05-50-04-441757_ho_DV_seed\model_weights.pth
INFO:src.utils.logger:It: 182, Loss: 6.439e-02, Loss_res: 5.040e-02,  Loss_bcs: 4.927e-04, Loss_ut_ics: 1.659e-04, Loss_norm: 2.895e-05, Loss_gauge: 0.000e+00, w_pde: 6.07e-01, L^2_error: 1.027e-01, lr: 1.000e-03, Time: 6.72e+02
INFO:src.utils.logger:Model state saved to results\ho\DV\20260305-054940_seed0_ho_DV_bl_layered_e1500_w300_4q_4l\checkpoints\2026-03-05_05-50-04-441757_ho_DV_seed\model.pth
INFO:src.utils.logger:Model weights saved to results\ho\DV\20260305-054940_seed0_ho_DV_bl_layered_e1500_w300_4q_4l\checkpoints\2026-03-05_05-50-04-441757_ho_DV_seed\model_weights.pth
INFO:src.utils.logger:It: 183, Loss: 6.242e-02, Loss_res: 4.768e-02,  Loss_bcs: 4.848e-04, Loss_ut_ics: 1.635e-04, Loss_norm: 2.838e-05, Loss_gauge: 0.000e+00, w_pde: 6.10e-01, L^2_error: 1.026e-01, lr: 1.000e-03, Time: 6.76e+02
INFO:src.utils.logger:Model state saved to results\ho\DV\20260305-054940_seed0_ho_DV_bl_layered_e1500_w300_4q_4l\checkpoints\2026-03-05_05-50-04-441757_ho_DV_seed\model.pth
INFO:src.utils.logger:Model weights saved to results\ho\DV\20260305-054940_seed0_ho_DV_bl_layered_e1500_w300_4q_4l\checkpoints\2026-03-05_05-50-04-441757_ho_DV_seed\model_weights.pth
INFO:src.utils.logger:It: 184, Loss: 6.110e-02, Loss_res: 4.603e-02,  Loss_bcs: 4.853e-04, Loss_ut_ics: 1.612e-04, Loss_norm: 2.781e-05, Loss_gauge: 0.000e+00, w_pde: 6.13e-01, L^2_error: 1.026e-01, lr: 1.000e-03, Time: 6.79e+02
INFO:src.utils.logger:Model state saved to results\ho\DV\20260305-054940_seed0_ho_DV_bl_layered_e1500_w300_4q_4l\checkpoints\2026-03-05_05-50-04-441757_ho_DV_seed\model.pth
INFO:src.utils.logger:Model weights saved to results\ho\DV\20260305-054940_seed0_ho_DV_bl_layered_e1500_w300_4q_4l\checkpoints\2026-03-05_05-50-04-441757_ho_DV_seed\model_weights.pth
INFO:src.utils.logger:It: 185, Loss: 6.148e-02, Loss_res: 4.713e-02,  Loss_bcs: 4.796e-04, Loss_ut_ics: 1.590e-04, Loss_norm: 2.728e-05, Loss_gauge: 0.000e+00, w_pde: 6.17e-01, L^2_error: 1.025e-01, lr: 1.000e-03, Time: 6.83e+02
INFO:src.utils.logger:Model state saved to results\ho\DV\20260305-054940_seed0_ho_DV_bl_layered_e1500_w300_4q_4l\checkpoints\2026-03-05_05-50-04-441757_ho_DV_seed\model.pth
INFO:src.utils.logger:Model weights saved to results\ho\DV\20260305-054940_seed0_ho_DV_bl_layered_e1500_w300_4q_4l\checkpoints\2026-03-05_05-50-04-441757_ho_DV_seed\model_weights.pth
INFO:src.utils.logger:It: 186, Loss: 5.965e-02, Loss_res: 4.464e-02,  Loss_bcs: 4.778e-04, Loss_ut_ics: 1.568e-04, Loss_norm: 2.675e-05, Loss_gauge: 0.000e+00, w_pde: 6.20e-01, L^2_error: 1.025e-01, lr: 1.000e-03, Time: 6.87e+02
INFO:src.utils.logger:Model state saved to results\ho\DV\20260305-054940_seed0_ho_DV_bl_layered_e1500_w300_4q_4l\checkpoints\2026-03-05_05-50-04-441757_ho_DV_seed\model.pth
INFO:src.utils.logger:Model weights saved to results\ho\DV\20260305-054940_seed0_ho_DV_bl_layered_e1500_w300_4q_4l\checkpoints\2026-03-05_05-50-04-441757_ho_DV_seed\model_weights.pth
INFO:src.utils.logger:It: 187, Loss: 5.919e-02, Loss_res: 4.435e-02,  Loss_bcs: 4.797e-04, Loss_ut_ics: 1.547e-04, Loss_norm: 2.622e-05, Loss_gauge: 0.000e+00, w_pde: 6.23e-01, L^2_error: 1.024e-01, lr: 1.000e-03, Time: 6.91e+02
INFO:src.utils.logger:Model state saved to results\ho\DV\20260305-054940_seed0_ho_DV_bl_layered_e1500_w300_4q_4l\checkpoints\2026-03-05_05-50-04-441757_ho_DV_seed\model.pth
INFO:src.utils.logger:Model weights saved to results\ho\DV\20260305-054940_seed0_ho_DV_bl_layered_e1500_w300_4q_4l\checkpoints\2026-03-05_05-50-04-441757_ho_DV_seed\model_weights.pth
INFO:src.utils.logger:It: 188, Loss: 5.854e-02, Loss_res: 4.375e-02,  Loss_bcs: 4.703e-04, Loss_ut_ics: 1.526e-04, Loss_norm: 2.568e-05, Loss_gauge: 0.000e+00, w_pde: 6.27e-01, L^2_error: 1.024e-01, lr: 1.000e-03, Time: 6.94e+02
INFO:src.utils.logger:Model state saved to results\ho\DV\20260305-054940_seed0_ho_DV_bl_layered_e1500_w300_4q_4l\checkpoints\2026-03-05_05-50-04-441757_ho_DV_seed\model.pth
INFO:src.utils.logger:Model weights saved to results\ho\DV\20260305-054940_seed0_ho_DV_bl_layered_e1500_w300_4q_4l\checkpoints\2026-03-05_05-50-04-441757_ho_DV_seed\model_weights.pth
INFO:src.utils.logger:It: 189, Loss: 6.004e-02, Loss_res: 4.654e-02,  Loss_bcs: 4.737e-04, Loss_ut_ics: 1.506e-04, Loss_norm: 2.517e-05, Loss_gauge: 0.000e+00, w_pde: 6.30e-01, L^2_error: 1.023e-01, lr: 1.000e-03, Time: 6.98e+02
INFO:src.utils.logger:Model state saved to results\ho\DV\20260305-054940_seed0_ho_DV_bl_layered_e1500_w300_4q_4l\checkpoints\2026-03-05_05-50-04-441757_ho_DV_seed\model.pth
INFO:src.utils.logger:Model weights saved to results\ho\DV\20260305-054940_seed0_ho_DV_bl_layered_e1500_w300_4q_4l\checkpoints\2026-03-05_05-50-04-441757_ho_DV_seed\model_weights.pth
INFO:src.utils.logger:It: 190, Loss: 5.880e-02, Loss_res: 4.497e-02,  Loss_bcs: 4.663e-04, Loss_ut_ics: 1.486e-04, Loss_norm: 2.467e-05, Loss_gauge: 0.000e+00, w_pde: 6.33e-01, L^2_error: 1.023e-01, lr: 1.000e-03, Time: 7.01e+02
INFO:src.utils.logger:Model state saved to results\ho\DV\20260305-054940_seed0_ho_DV_bl_layered_e1500_w300_4q_4l\checkpoints\2026-03-05_05-50-04-441757_ho_DV_seed\model.pth
INFO:src.utils.logger:Model weights saved to results\ho\DV\20260305-054940_seed0_ho_DV_bl_layered_e1500_w300_4q_4l\checkpoints\2026-03-05_05-50-04-441757_ho_DV_seed\model_weights.pth
INFO:src.utils.logger:It: 191, Loss: 6.018e-02, Loss_res: 4.751e-02,  Loss_bcs: 4.718e-04, Loss_ut_ics: 1.467e-04, Loss_norm: 2.417e-05, Loss_gauge: 0.000e+00, w_pde: 6.37e-01, L^2_error: 1.022e-01, lr: 1.000e-03, Time: 7.05e+02
INFO:src.utils.logger:Model state saved to results\ho\DV\20260305-054940_seed0_ho_DV_bl_layered_e1500_w300_4q_4l\checkpoints\2026-03-05_05-50-04-441757_ho_DV_seed\model.pth
INFO:src.utils.logger:Model weights saved to results\ho\DV\20260305-054940_seed0_ho_DV_bl_layered_e1500_w300_4q_4l\checkpoints\2026-03-05_05-50-04-441757_ho_DV_seed\model_weights.pth
INFO:src.utils.logger:It: 192, Loss: 5.646e-02, Loss_res: 4.205e-02,  Loss_bcs: 4.720e-04, Loss_ut_ics: 1.448e-04, Loss_norm: 2.368e-05, Loss_gauge: 0.000e+00, w_pde: 6.40e-01, L^2_error: 1.021e-01, lr: 1.000e-03, Time: 7.09e+02
INFO:src.utils.logger:Model state saved to results\ho\DV\20260305-054940_seed0_ho_DV_bl_layered_e1500_w300_4q_4l\checkpoints\2026-03-05_05-50-04-441757_ho_DV_seed\model.pth
INFO:src.utils.logger:Model weights saved to results\ho\DV\20260305-054940_seed0_ho_DV_bl_layered_e1500_w300_4q_4l\checkpoints\2026-03-05_05-50-04-441757_ho_DV_seed\model_weights.pth
INFO:src.utils.logger:It: 193, Loss: 5.770e-02, Loss_res: 4.434e-02,  Loss_bcs: 4.708e-04, Loss_ut_ics: 1.430e-04, Loss_norm: 2.322e-05, Loss_gauge: 0.000e+00, w_pde: 6.43e-01, L^2_error: 1.021e-01, lr: 1.000e-03, Time: 7.12e+02
INFO:src.utils.logger:Model state saved to results\ho\DV\20260305-054940_seed0_ho_DV_bl_layered_e1500_w300_4q_4l\checkpoints\2026-03-05_05-50-04-441757_ho_DV_seed\model.pth
INFO:src.utils.logger:Model weights saved to results\ho\DV\20260305-054940_seed0_ho_DV_bl_layered_e1500_w300_4q_4l\checkpoints\2026-03-05_05-50-04-441757_ho_DV_seed\model_weights.pth
INFO:src.utils.logger:It: 194, Loss: 5.873e-02, Loss_res: 4.625e-02,  Loss_bcs: 4.733e-04, Loss_ut_ics: 1.411e-04, Loss_norm: 2.281e-05, Loss_gauge: 0.000e+00, w_pde: 6.47e-01, L^2_error: 1.020e-01, lr: 1.000e-03, Time: 7.16e+02
INFO:src.utils.logger:Model state saved to results\ho\DV\20260305-054940_seed0_ho_DV_bl_layered_e1500_w300_4q_4l\checkpoints\2026-03-05_05-50-04-441757_ho_DV_seed\model.pth
INFO:src.utils.logger:Model weights saved to results\ho\DV\20260305-054940_seed0_ho_DV_bl_layered_e1500_w300_4q_4l\checkpoints\2026-03-05_05-50-04-441757_ho_DV_seed\model_weights.pth
INFO:src.utils.logger:It: 195, Loss: 5.789e-02, Loss_res: 4.528e-02,  Loss_bcs: 4.722e-04, Loss_ut_ics: 1.394e-04, Loss_norm: 2.243e-05, Loss_gauge: 0.000e+00, w_pde: 6.50e-01, L^2_error: 1.020e-01, lr: 1.000e-03, Time: 7.20e+02
INFO:src.utils.logger:Model state saved to results\ho\DV\20260305-054940_seed0_ho_DV_bl_layered_e1500_w300_4q_4l\checkpoints\2026-03-05_05-50-04-441757_ho_DV_seed\model.pth
INFO:src.utils.logger:Model weights saved to results\ho\DV\20260305-054940_seed0_ho_DV_bl_layered_e1500_w300_4q_4l\checkpoints\2026-03-05_05-50-04-441757_ho_DV_seed\model_weights.pth
INFO:src.utils.logger:It: 196, Loss: 5.800e-02, Loss_res: 4.575e-02,  Loss_bcs: 4.716e-04, Loss_ut_ics: 1.376e-04, Loss_norm: 2.208e-05, Loss_gauge: 0.000e+00, w_pde: 6.53e-01, L^2_error: 1.019e-01, lr: 1.000e-03, Time: 7.23e+02
INFO:src.utils.logger:Model state saved to results\ho\DV\20260305-054940_seed0_ho_DV_bl_layered_e1500_w300_4q_4l\checkpoints\2026-03-05_05-50-04-441757_ho_DV_seed\model.pth
INFO:src.utils.logger:Model weights saved to results\ho\DV\20260305-054940_seed0_ho_DV_bl_layered_e1500_w300_4q_4l\checkpoints\2026-03-05_05-50-04-441757_ho_DV_seed\model_weights.pth
INFO:src.utils.logger:It: 197, Loss: 5.832e-02, Loss_res: 4.653e-02,  Loss_bcs: 4.696e-04, Loss_ut_ics: 1.359e-04, Loss_norm: 2.175e-05, Loss_gauge: 0.000e+00, w_pde: 6.57e-01, L^2_error: 1.019e-01, lr: 1.000e-03, Time: 7.27e+02
INFO:src.utils.logger:Model state saved to results\ho\DV\20260305-054940_seed0_ho_DV_bl_layered_e1500_w300_4q_4l\checkpoints\2026-03-05_05-50-04-441757_ho_DV_seed\model.pth
INFO:src.utils.logger:Model weights saved to results\ho\DV\20260305-054940_seed0_ho_DV_bl_layered_e1500_w300_4q_4l\checkpoints\2026-03-05_05-50-04-441757_ho_DV_seed\model_weights.pth
INFO:src.utils.logger:It: 198, Loss: 5.496e-02, Loss_res: 4.172e-02,  Loss_bcs: 4.698e-04, Loss_ut_ics: 1.343e-04, Loss_norm: 2.140e-05, Loss_gauge: 0.000e+00, w_pde: 6.60e-01, L^2_error: 1.018e-01, lr: 1.000e-03, Time: 7.31e+02
INFO:src.utils.logger:Model state saved to results\ho\DV\20260305-054940_seed0_ho_DV_bl_layered_e1500_w300_4q_4l\checkpoints\2026-03-05_05-50-04-441757_ho_DV_seed\model.pth
INFO:src.utils.logger:Model weights saved to results\ho\DV\20260305-054940_seed0_ho_DV_bl_layered_e1500_w300_4q_4l\checkpoints\2026-03-05_05-50-04-441757_ho_DV_seed\model_weights.pth
INFO:src.utils.logger:It: 199, Loss: 5.881e-02, Loss_res: 4.781e-02,  Loss_bcs: 4.664e-04, Loss_ut_ics: 1.326e-04, Loss_norm: 2.105e-05, Loss_gauge: 0.000e+00, w_pde: 6.63e-01, L^2_error: 1.018e-01, lr: 1.000e-03, Time: 7.35e+02
INFO:src.utils.logger:Model state saved to results\ho\DV\20260305-054940_seed0_ho_DV_bl_layered_e1500_w300_4q_4l\checkpoints\2026-03-05_05-50-04-441757_ho_DV_seed\model.pth
INFO:src.utils.logger:Model weights saved to results\ho\DV\20260305-054940_seed0_ho_DV_bl_layered_e1500_w300_4q_4l\checkpoints\2026-03-05_05-50-04-441757_ho_DV_seed\model_weights.pth
INFO:src.utils.logger:It: 200, Loss: 5.822e-02, Loss_res: 4.715e-02,  Loss_bcs: 4.764e-04, Loss_ut_ics: 1.310e-04, Loss_norm: 2.064e-05, Loss_gauge: 0.000e+00, w_pde: 6.67e-01, L^2_error: 1.017e-01, lr: 1.000e-03, Time: 7.38e+02
INFO:src.utils.logger:Model state saved to results\ho\DV\20260305-054940_seed0_ho_DV_bl_layered_e1500_w300_4q_4l\checkpoints\2026-03-05_05-50-04-441757_ho_DV_seed\model.pth
INFO:src.utils.logger:Model weights saved to results\ho\DV\20260305-054940_seed0_ho_DV_bl_layered_e1500_w300_4q_4l\checkpoints\2026-03-05_05-50-04-441757_ho_DV_seed\model_weights.pth
INFO:src.utils.logger:It: 201, Loss: 5.429e-02, Loss_res: 4.153e-02,  Loss_bcs: 4.717e-04, Loss_ut_ics: 1.295e-04, Loss_norm: 2.018e-05, Loss_gauge: 0.000e+00, w_pde: 6.70e-01, L^2_error: 1.017e-01, lr: 1.000e-03, Time: 7.42e+02
INFO:src.utils.logger:Model state saved to results\ho\DV\20260305-054940_seed0_ho_DV_bl_layered_e1500_w300_4q_4l\checkpoints\2026-03-05_05-50-04-441757_ho_DV_seed\model.pth
INFO:src.utils.logger:Model weights saved to results\ho\DV\20260305-054940_seed0_ho_DV_bl_layered_e1500_w300_4q_4l\checkpoints\2026-03-05_05-50-04-441757_ho_DV_seed\model_weights.pth
INFO:src.utils.logger:It: 202, Loss: 5.625e-02, Loss_res: 4.469e-02,  Loss_bcs: 4.683e-04, Loss_ut_ics: 1.279e-04, Loss_norm: 1.970e-05, Loss_gauge: 0.000e+00, w_pde: 6.73e-01, L^2_error: 1.016e-01, lr: 1.000e-03, Time: 7.46e+02
INFO:src.utils.logger:Model state saved to results\ho\DV\20260305-054940_seed0_ho_DV_bl_layered_e1500_w300_4q_4l\checkpoints\2026-03-05_05-50-04-441757_ho_DV_seed\model.pth
INFO:src.utils.logger:Model weights saved to results\ho\DV\20260305-054940_seed0_ho_DV_bl_layered_e1500_w300_4q_4l\checkpoints\2026-03-05_05-50-04-441757_ho_DV_seed\model_weights.pth
INFO:src.utils.logger:It: 203, Loss: 5.655e-02, Loss_res: 4.534e-02,  Loss_bcs: 4.800e-04, Loss_ut_ics: 1.265e-04, Loss_norm: 1.922e-05, Loss_gauge: 0.000e+00, w_pde: 6.77e-01, L^2_error: 1.016e-01, lr: 1.000e-03, Time: 7.49e+02
INFO:src.utils.logger:Model state saved to results\ho\DV\20260305-054940_seed0_ho_DV_bl_layered_e1500_w300_4q_4l\checkpoints\2026-03-05_05-50-04-441757_ho_DV_seed\model.pth
INFO:src.utils.logger:Model weights saved to results\ho\DV\20260305-054940_seed0_ho_DV_bl_layered_e1500_w300_4q_4l\checkpoints\2026-03-05_05-50-04-441757_ho_DV_seed\model_weights.pth
INFO:src.utils.logger:It: 204, Loss: 5.564e-02, Loss_res: 4.423e-02,  Loss_bcs: 4.773e-04, Loss_ut_ics: 1.250e-04, Loss_norm: 1.877e-05, Loss_gauge: 0.000e+00, w_pde: 6.80e-01, L^2_error: 1.015e-01, lr: 1.000e-03, Time: 7.53e+02
INFO:src.utils.logger:Model state saved to results\ho\DV\20260305-054940_seed0_ho_DV_bl_layered_e1500_w300_4q_4l\checkpoints\2026-03-05_05-50-04-441757_ho_DV_seed\model.pth
INFO:src.utils.logger:Model weights saved to results\ho\DV\20260305-054940_seed0_ho_DV_bl_layered_e1500_w300_4q_4l\checkpoints\2026-03-05_05-50-04-441757_ho_DV_seed\model_weights.pth
INFO:src.utils.logger:It: 205, Loss: 5.601e-02, Loss_res: 4.498e-02,  Loss_bcs: 4.715e-04, Loss_ut_ics: 1.235e-04, Loss_norm: 1.836e-05, Loss_gauge: 0.000e+00, w_pde: 6.83e-01, L^2_error: 1.015e-01, lr: 1.000e-03, Time: 7.57e+02
INFO:src.utils.logger:Model state saved to results\ho\DV\20260305-054940_seed0_ho_DV_bl_layered_e1500_w300_4q_4l\checkpoints\2026-03-05_05-50-04-441757_ho_DV_seed\model.pth
INFO:src.utils.logger:Model weights saved to results\ho\DV\20260305-054940_seed0_ho_DV_bl_layered_e1500_w300_4q_4l\checkpoints\2026-03-05_05-50-04-441757_ho_DV_seed\model_weights.pth
INFO:src.utils.logger:It: 206, Loss: 5.478e-02, Loss_res: 4.337e-02,  Loss_bcs: 4.807e-04, Loss_ut_ics: 1.221e-04, Loss_norm: 1.798e-05, Loss_gauge: 0.000e+00, w_pde: 6.87e-01, L^2_error: 1.014e-01, lr: 1.000e-03, Time: 7.60e+02
INFO:src.utils.logger:Model state saved to results\ho\DV\20260305-054940_seed0_ho_DV_bl_layered_e1500_w300_4q_4l\checkpoints\2026-03-05_05-50-04-441757_ho_DV_seed\model.pth
INFO:src.utils.logger:Model weights saved to results\ho\DV\20260305-054940_seed0_ho_DV_bl_layered_e1500_w300_4q_4l\checkpoints\2026-03-05_05-50-04-441757_ho_DV_seed\model_weights.pth
INFO:src.utils.logger:It: 207, Loss: 5.766e-02, Loss_res: 4.776e-02,  Loss_bcs: 4.714e-04, Loss_ut_ics: 1.207e-04, Loss_norm: 1.761e-05, Loss_gauge: 0.000e+00, w_pde: 6.90e-01, L^2_error: 1.014e-01, lr: 1.000e-03, Time: 7.64e+02
INFO:src.utils.logger:Model state saved to results\ho\DV\20260305-054940_seed0_ho_DV_bl_layered_e1500_w300_4q_4l\checkpoints\2026-03-05_05-50-04-441757_ho_DV_seed\model.pth
INFO:src.utils.logger:Model weights saved to results\ho\DV\20260305-054940_seed0_ho_DV_bl_layered_e1500_w300_4q_4l\checkpoints\2026-03-05_05-50-04-441757_ho_DV_seed\model_weights.pth
INFO:src.utils.logger:It: 208, Loss: 5.475e-02, Loss_res: 4.372e-02,  Loss_bcs: 4.816e-04, Loss_ut_ics: 1.194e-04, Loss_norm: 1.723e-05, Loss_gauge: 0.000e+00, w_pde: 6.93e-01, L^2_error: 1.013e-01, lr: 1.000e-03, Time: 7.68e+02
INFO:src.utils.logger:Model state saved to results\ho\DV\20260305-054940_seed0_ho_DV_bl_layered_e1500_w300_4q_4l\checkpoints\2026-03-05_05-50-04-441757_ho_DV_seed\model.pth
INFO:src.utils.logger:Model weights saved to results\ho\DV\20260305-054940_seed0_ho_DV_bl_layered_e1500_w300_4q_4l\checkpoints\2026-03-05_05-50-04-441757_ho_DV_seed\model_weights.pth
INFO:src.utils.logger:It: 209, Loss: 5.362e-02, Loss_res: 4.227e-02,  Loss_bcs: 4.802e-04, Loss_ut_ics: 1.180e-04, Loss_norm: 1.684e-05, Loss_gauge: 0.000e+00, w_pde: 6.97e-01, L^2_error: 1.013e-01, lr: 1.000e-03, Time: 7.71e+02
INFO:src.utils.logger:Model state saved to results\ho\DV\20260305-054940_seed0_ho_DV_bl_layered_e1500_w300_4q_4l\checkpoints\2026-03-05_05-50-04-441757_ho_DV_seed\model.pth
INFO:src.utils.logger:Model weights saved to results\ho\DV\20260305-054940_seed0_ho_DV_bl_layered_e1500_w300_4q_4l\checkpoints\2026-03-05_05-50-04-441757_ho_DV_seed\model_weights.pth
INFO:src.utils.logger:It: 210, Loss: 5.372e-02, Loss_res: 4.259e-02,  Loss_bcs: 4.815e-04, Loss_ut_ics: 1.167e-04, Loss_norm: 1.649e-05, Loss_gauge: 0.000e+00, w_pde: 7.00e-01, L^2_error: 1.012e-01, lr: 1.000e-03, Time: 7.75e+02
INFO:src.utils.logger:Model state saved to results\ho\DV\20260305-054940_seed0_ho_DV_bl_layered_e1500_w300_4q_4l\checkpoints\2026-03-05_05-50-04-441757_ho_DV_seed\model.pth
INFO:src.utils.logger:Model weights saved to results\ho\DV\20260305-054940_seed0_ho_DV_bl_layered_e1500_w300_4q_4l\checkpoints\2026-03-05_05-50-04-441757_ho_DV_seed\model_weights.pth
INFO:src.utils.logger:It: 211, Loss: 5.428e-02, Loss_res: 4.354e-02,  Loss_bcs: 4.830e-04, Loss_ut_ics: 1.154e-04, Loss_norm: 1.616e-05, Loss_gauge: 0.000e+00, w_pde: 7.03e-01, L^2_error: 1.012e-01, lr: 1.000e-03, Time: 7.79e+02
INFO:src.utils.logger:Model state saved to results\ho\DV\20260305-054940_seed0_ho_DV_bl_layered_e1500_w300_4q_4l\checkpoints\2026-03-05_05-50-04-441757_ho_DV_seed\model.pth
INFO:src.utils.logger:Model weights saved to results\ho\DV\20260305-054940_seed0_ho_DV_bl_layered_e1500_w300_4q_4l\checkpoints\2026-03-05_05-50-04-441757_ho_DV_seed\model_weights.pth
INFO:src.utils.logger:It: 212, Loss: 5.811e-02, Loss_res: 4.913e-02,  Loss_bcs: 4.775e-04, Loss_ut_ics: 1.142e-04, Loss_norm: 1.583e-05, Loss_gauge: 0.000e+00, w_pde: 7.07e-01, L^2_error: 1.011e-01, lr: 1.000e-03, Time: 7.82e+02
INFO:src.utils.logger:Model state saved to results\ho\DV\20260305-054940_seed0_ho_DV_bl_layered_e1500_w300_4q_4l\checkpoints\2026-03-05_05-50-04-441757_ho_DV_seed\model.pth
INFO:src.utils.logger:Model weights saved to results\ho\DV\20260305-054940_seed0_ho_DV_bl_layered_e1500_w300_4q_4l\checkpoints\2026-03-05_05-50-04-441757_ho_DV_seed\model_weights.pth
INFO:src.utils.logger:It: 213, Loss: 5.543e-02, Loss_res: 4.547e-02,  Loss_bcs: 4.839e-04, Loss_ut_ics: 1.129e-04, Loss_norm: 1.545e-05, Loss_gauge: 0.000e+00, w_pde: 7.10e-01, L^2_error: 1.010e-01, lr: 1.000e-03, Time: 7.86e+02
INFO:src.utils.logger:Model state saved to results\ho\DV\20260305-054940_seed0_ho_DV_bl_layered_e1500_w300_4q_4l\checkpoints\2026-03-05_05-50-04-441757_ho_DV_seed\model.pth
INFO:src.utils.logger:Model weights saved to results\ho\DV\20260305-054940_seed0_ho_DV_bl_layered_e1500_w300_4q_4l\checkpoints\2026-03-05_05-50-04-441757_ho_DV_seed\model_weights.pth
INFO:src.utils.logger:It: 214, Loss: 5.509e-02, Loss_res: 4.513e-02,  Loss_bcs: 4.841e-04, Loss_ut_ics: 1.117e-04, Loss_norm: 1.508e-05, Loss_gauge: 0.000e+00, w_pde: 7.13e-01, L^2_error: 1.010e-01, lr: 1.000e-03, Time: 7.90e+02
INFO:src.utils.logger:Model state saved to results\ho\DV\20260305-054940_seed0_ho_DV_bl_layered_e1500_w300_4q_4l\checkpoints\2026-03-05_05-50-04-441757_ho_DV_seed\model.pth
INFO:src.utils.logger:Model weights saved to results\ho\DV\20260305-054940_seed0_ho_DV_bl_layered_e1500_w300_4q_4l\checkpoints\2026-03-05_05-50-04-441757_ho_DV_seed\model_weights.pth
INFO:src.utils.logger:It: 215, Loss: 5.510e-02, Loss_res: 4.527e-02,  Loss_bcs: 4.897e-04, Loss_ut_ics: 1.105e-04, Loss_norm: 1.469e-05, Loss_gauge: 0.000e+00, w_pde: 7.17e-01, L^2_error: 1.009e-01, lr: 1.000e-03, Time: 7.93e+02
INFO:src.utils.logger:Model state saved to results\ho\DV\20260305-054940_seed0_ho_DV_bl_layered_e1500_w300_4q_4l\checkpoints\2026-03-05_05-50-04-441757_ho_DV_seed\model.pth
INFO:src.utils.logger:Model weights saved to results\ho\DV\20260305-054940_seed0_ho_DV_bl_layered_e1500_w300_4q_4l\checkpoints\2026-03-05_05-50-04-441757_ho_DV_seed\model_weights.pth
INFO:src.utils.logger:It: 216, Loss: 5.299e-02, Loss_res: 4.244e-02,  Loss_bcs: 4.908e-04, Loss_ut_ics: 1.093e-04, Loss_norm: 1.430e-05, Loss_gauge: 0.000e+00, w_pde: 7.20e-01, L^2_error: 1.009e-01, lr: 1.000e-03, Time: 7.97e+02
INFO:src.utils.logger:Model state saved to results\ho\DV\20260305-054940_seed0_ho_DV_bl_layered_e1500_w300_4q_4l\checkpoints\2026-03-05_05-50-04-441757_ho_DV_seed\model.pth
INFO:src.utils.logger:Model weights saved to results\ho\DV\20260305-054940_seed0_ho_DV_bl_layered_e1500_w300_4q_4l\checkpoints\2026-03-05_05-50-04-441757_ho_DV_seed\model_weights.pth
INFO:src.utils.logger:It: 217, Loss: 5.160e-02, Loss_res: 4.065e-02,  Loss_bcs: 4.904e-04, Loss_ut_ics: 1.082e-04, Loss_norm: 1.391e-05, Loss_gauge: 0.000e+00, w_pde: 7.23e-01, L^2_error: 1.008e-01, lr: 1.000e-03, Time: 8.01e+02
INFO:src.utils.logger:Model state saved to results\ho\DV\20260305-054940_seed0_ho_DV_bl_layered_e1500_w300_4q_4l\checkpoints\2026-03-05_05-50-04-441757_ho_DV_seed\model.pth
INFO:src.utils.logger:Model weights saved to results\ho\DV\20260305-054940_seed0_ho_DV_bl_layered_e1500_w300_4q_4l\checkpoints\2026-03-05_05-50-04-441757_ho_DV_seed\model_weights.pth
INFO:src.utils.logger:It: 218, Loss: 5.262e-02, Loss_res: 4.218e-02,  Loss_bcs: 4.912e-04, Loss_ut_ics: 1.070e-04, Loss_norm: 1.356e-05, Loss_gauge: 0.000e+00, w_pde: 7.27e-01, L^2_error: 1.007e-01, lr: 1.000e-03, Time: 8.04e+02
INFO:src.utils.logger:Model state saved to results\ho\DV\20260305-054940_seed0_ho_DV_bl_layered_e1500_w300_4q_4l\checkpoints\2026-03-05_05-50-04-441757_ho_DV_seed\model.pth
INFO:src.utils.logger:Model weights saved to results\ho\DV\20260305-054940_seed0_ho_DV_bl_layered_e1500_w300_4q_4l\checkpoints\2026-03-05_05-50-04-441757_ho_DV_seed\model_weights.pth
INFO:src.utils.logger:It: 219, Loss: 5.122e-02, Loss_res: 4.038e-02,  Loss_bcs: 4.933e-04, Loss_ut_ics: 1.059e-04, Loss_norm: 1.321e-05, Loss_gauge: 0.000e+00, w_pde: 7.30e-01, L^2_error: 1.007e-01, lr: 1.000e-03, Time: 8.08e+02
INFO:src.utils.logger:Model state saved to results\ho\DV\20260305-054940_seed0_ho_DV_bl_layered_e1500_w300_4q_4l\checkpoints\2026-03-05_05-50-04-441757_ho_DV_seed\model.pth
INFO:src.utils.logger:Model weights saved to results\ho\DV\20260305-054940_seed0_ho_DV_bl_layered_e1500_w300_4q_4l\checkpoints\2026-03-05_05-50-04-441757_ho_DV_seed\model_weights.pth
INFO:src.utils.logger:It: 220, Loss: 5.167e-02, Loss_res: 4.111e-02,  Loss_bcs: 4.952e-04, Loss_ut_ics: 1.048e-04, Loss_norm: 1.291e-05, Loss_gauge: 0.000e+00, w_pde: 7.33e-01, L^2_error: 1.007e-01, lr: 1.000e-03, Time: 8.12e+02
INFO:src.utils.logger:Model state saved to results\ho\DV\20260305-054940_seed0_ho_DV_bl_layered_e1500_w300_4q_4l\checkpoints\2026-03-05_05-50-04-441757_ho_DV_seed\model.pth
INFO:src.utils.logger:Model weights saved to results\ho\DV\20260305-054940_seed0_ho_DV_bl_layered_e1500_w300_4q_4l\checkpoints\2026-03-05_05-50-04-441757_ho_DV_seed\model_weights.pth
INFO:src.utils.logger:It: 221, Loss: 5.527e-02, Loss_res: 4.610e-02,  Loss_bcs: 4.969e-04, Loss_ut_ics: 1.038e-04, Loss_norm: 1.264e-05, Loss_gauge: 0.000e+00, w_pde: 7.37e-01, L^2_error: 1.006e-01, lr: 1.000e-03, Time: 8.16e+02
INFO:src.utils.logger:Model state saved to results\ho\DV\20260305-054940_seed0_ho_DV_bl_layered_e1500_w300_4q_4l\checkpoints\2026-03-05_05-50-04-441757_ho_DV_seed\model.pth
INFO:src.utils.logger:Model weights saved to results\ho\DV\20260305-054940_seed0_ho_DV_bl_layered_e1500_w300_4q_4l\checkpoints\2026-03-05_05-50-04-441757_ho_DV_seed\model_weights.pth
INFO:src.utils.logger:It: 222, Loss: 5.332e-02, Loss_res: 4.355e-02,  Loss_bcs: 4.976e-04, Loss_ut_ics: 1.027e-04, Loss_norm: 1.238e-05, Loss_gauge: 0.000e+00, w_pde: 7.40e-01, L^2_error: 1.006e-01, lr: 1.000e-03, Time: 8.19e+02
INFO:src.utils.logger:Model state saved to results\ho\DV\20260305-054940_seed0_ho_DV_bl_layered_e1500_w300_4q_4l\checkpoints\2026-03-05_05-50-04-441757_ho_DV_seed\model.pth
INFO:src.utils.logger:Model weights saved to results\ho\DV\20260305-054940_seed0_ho_DV_bl_layered_e1500_w300_4q_4l\checkpoints\2026-03-05_05-50-04-441757_ho_DV_seed\model_weights.pth
INFO:src.utils.logger:It: 223, Loss: 5.175e-02, Loss_res: 4.152e-02,  Loss_bcs: 4.973e-04, Loss_ut_ics: 1.017e-04, Loss_norm: 1.213e-05, Loss_gauge: 0.000e+00, w_pde: 7.43e-01, L^2_error: 1.006e-01, lr: 1.000e-03, Time: 8.23e+02
INFO:src.utils.logger:Model state saved to results\ho\DV\20260305-054940_seed0_ho_DV_bl_layered_e1500_w300_4q_4l\checkpoints\2026-03-05_05-50-04-441757_ho_DV_seed\model.pth
INFO:src.utils.logger:Model weights saved to results\ho\DV\20260305-054940_seed0_ho_DV_bl_layered_e1500_w300_4q_4l\checkpoints\2026-03-05_05-50-04-441757_ho_DV_seed\model_weights.pth
INFO:src.utils.logger:It: 224, Loss: 5.442e-02, Loss_res: 4.518e-02,  Loss_bcs: 4.987e-04, Loss_ut_ics: 1.006e-04, Loss_norm: 1.186e-05, Loss_gauge: 0.000e+00, w_pde: 7.47e-01, L^2_error: 1.005e-01, lr: 1.000e-03, Time: 8.26e+02
INFO:src.utils.logger:Model state saved to results\ho\DV\20260305-054940_seed0_ho_DV_bl_layered_e1500_w300_4q_4l\checkpoints\2026-03-05_05-50-04-441757_ho_DV_seed\model.pth
INFO:src.utils.logger:Model weights saved to results\ho\DV\20260305-054940_seed0_ho_DV_bl_layered_e1500_w300_4q_4l\checkpoints\2026-03-05_05-50-04-441757_ho_DV_seed\model_weights.pth
INFO:src.utils.logger:It: 225, Loss: 5.395e-02, Loss_res: 4.462e-02,  Loss_bcs: 4.967e-04, Loss_ut_ics: 9.965e-05, Loss_norm: 1.159e-05, Loss_gauge: 0.000e+00, w_pde: 7.50e-01, L^2_error: 1.005e-01, lr: 1.000e-03, Time: 8.30e+02
INFO:src.utils.logger:Model state saved to results\ho\DV\20260305-054940_seed0_ho_DV_bl_layered_e1500_w300_4q_4l\checkpoints\2026-03-05_05-50-04-441757_ho_DV_seed\model.pth
INFO:src.utils.logger:Model weights saved to results\ho\DV\20260305-054940_seed0_ho_DV_bl_layered_e1500_w300_4q_4l\checkpoints\2026-03-05_05-50-04-441757_ho_DV_seed\model_weights.pth
INFO:src.utils.logger:It: 226, Loss: 5.267e-02, Loss_res: 4.298e-02,  Loss_bcs: 5.017e-04, Loss_ut_ics: 9.867e-05, Loss_norm: 1.129e-05, Loss_gauge: 0.000e+00, w_pde: 7.53e-01, L^2_error: 1.005e-01, lr: 1.000e-03, Time: 8.34e+02
INFO:src.utils.logger:Model state saved to results\ho\DV\20260305-054940_seed0_ho_DV_bl_layered_e1500_w300_4q_4l\checkpoints\2026-03-05_05-50-04-441757_ho_DV_seed\model.pth
INFO:src.utils.logger:Model weights saved to results\ho\DV\20260305-054940_seed0_ho_DV_bl_layered_e1500_w300_4q_4l\checkpoints\2026-03-05_05-50-04-441757_ho_DV_seed\model_weights.pth
INFO:src.utils.logger:It: 227, Loss: 5.479e-02, Loss_res: 4.584e-02,  Loss_bcs: 5.031e-04, Loss_ut_ics: 9.771e-05, Loss_norm: 1.098e-05, Loss_gauge: 0.000e+00, w_pde: 7.57e-01, L^2_error: 1.004e-01, lr: 1.000e-03, Time: 8.38e+02
INFO:src.utils.logger:Model state saved to results\ho\DV\20260305-054940_seed0_ho_DV_bl_layered_e1500_w300_4q_4l\checkpoints\2026-03-05_05-50-04-441757_ho_DV_seed\model.pth
INFO:src.utils.logger:Model weights saved to results\ho\DV\20260305-054940_seed0_ho_DV_bl_layered_e1500_w300_4q_4l\checkpoints\2026-03-05_05-50-04-441757_ho_DV_seed\model_weights.pth
INFO:src.utils.logger:It: 228, Loss: 5.369e-02, Loss_res: 4.445e-02,  Loss_bcs: 5.032e-04, Loss_ut_ics: 9.677e-05, Loss_norm: 1.065e-05, Loss_gauge: 0.000e+00, w_pde: 7.60e-01, L^2_error: 1.003e-01, lr: 1.000e-03, Time: 8.41e+02
INFO:src.utils.logger:Model state saved to results\ho\DV\20260305-054940_seed0_ho_DV_bl_layered_e1500_w300_4q_4l\checkpoints\2026-03-05_05-50-04-441757_ho_DV_seed\model.pth
INFO:src.utils.logger:Model weights saved to results\ho\DV\20260305-054940_seed0_ho_DV_bl_layered_e1500_w300_4q_4l\checkpoints\2026-03-05_05-50-04-441757_ho_DV_seed\model_weights.pth
INFO:src.utils.logger:It: 229, Loss: 5.226e-02, Loss_res: 4.262e-02,  Loss_bcs: 5.053e-04, Loss_ut_ics: 9.584e-05, Loss_norm: 1.033e-05, Loss_gauge: 0.000e+00, w_pde: 7.63e-01, L^2_error: 1.003e-01, lr: 1.000e-03, Time: 8.45e+02
INFO:src.utils.logger:Model state saved to results\ho\DV\20260305-054940_seed0_ho_DV_bl_layered_e1500_w300_4q_4l\checkpoints\2026-03-05_05-50-04-441757_ho_DV_seed\model.pth
INFO:src.utils.logger:Model weights saved to results\ho\DV\20260305-054940_seed0_ho_DV_bl_layered_e1500_w300_4q_4l\checkpoints\2026-03-05_05-50-04-441757_ho_DV_seed\model_weights.pth
INFO:src.utils.logger:It: 230, Loss: 5.308e-02, Loss_res: 4.375e-02,  Loss_bcs: 5.052e-04, Loss_ut_ics: 9.493e-05, Loss_norm: 1.002e-05, Loss_gauge: 0.000e+00, w_pde: 7.67e-01, L^2_error: 1.002e-01, lr: 1.000e-03, Time: 8.49e+02
INFO:src.utils.logger:Model state saved to results\ho\DV\20260305-054940_seed0_ho_DV_bl_layered_e1500_w300_4q_4l\checkpoints\2026-03-05_05-50-04-441757_ho_DV_seed\model.pth
INFO:src.utils.logger:Model weights saved to results\ho\DV\20260305-054940_seed0_ho_DV_bl_layered_e1500_w300_4q_4l\checkpoints\2026-03-05_05-50-04-441757_ho_DV_seed\model_weights.pth
INFO:src.utils.logger:It: 231, Loss: 5.383e-02, Loss_res: 4.477e-02,  Loss_bcs: 5.044e-04, Loss_ut_ics: 9.403e-05, Loss_norm: 9.731e-06, Loss_gauge: 0.000e+00, w_pde: 7.70e-01, L^2_error: 1.002e-01, lr: 1.000e-03, Time: 8.52e+02
INFO:src.utils.logger:Model state saved to results\ho\DV\20260305-054940_seed0_ho_DV_bl_layered_e1500_w300_4q_4l\checkpoints\2026-03-05_05-50-04-441757_ho_DV_seed\model.pth
INFO:src.utils.logger:Model weights saved to results\ho\DV\20260305-054940_seed0_ho_DV_bl_layered_e1500_w300_4q_4l\checkpoints\2026-03-05_05-50-04-441757_ho_DV_seed\model_weights.pth
INFO:src.utils.logger:It: 232, Loss: 5.164e-02, Loss_res: 4.196e-02,  Loss_bcs: 5.128e-04, Loss_ut_ics: 9.315e-05, Loss_norm: 9.458e-06, Loss_gauge: 0.000e+00, w_pde: 7.73e-01, L^2_error: 1.001e-01, lr: 1.000e-03, Time: 8.56e+02
INFO:src.utils.logger:Model state saved to results\ho\DV\20260305-054940_seed0_ho_DV_bl_layered_e1500_w300_4q_4l\checkpoints\2026-03-05_05-50-04-441757_ho_DV_seed\model.pth
INFO:src.utils.logger:Model weights saved to results\ho\DV\20260305-054940_seed0_ho_DV_bl_layered_e1500_w300_4q_4l\checkpoints\2026-03-05_05-50-04-441757_ho_DV_seed\model_weights.pth
INFO:src.utils.logger:It: 233, Loss: 5.157e-02, Loss_res: 4.192e-02,  Loss_bcs: 5.067e-04, Loss_ut_ics: 9.228e-05, Loss_norm: 9.201e-06, Loss_gauge: 0.000e+00, w_pde: 7.77e-01, L^2_error: 1.001e-01, lr: 1.000e-03, Time: 8.60e+02
INFO:src.utils.logger:Model state saved to results\ho\DV\20260305-054940_seed0_ho_DV_bl_layered_e1500_w300_4q_4l\checkpoints\2026-03-05_05-50-04-441757_ho_DV_seed\model.pth
INFO:src.utils.logger:Model weights saved to results\ho\DV\20260305-054940_seed0_ho_DV_bl_layered_e1500_w300_4q_4l\checkpoints\2026-03-05_05-50-04-441757_ho_DV_seed\model_weights.pth
INFO:src.utils.logger:It: 234, Loss: 5.187e-02, Loss_res: 4.234e-02,  Loss_bcs: 5.125e-04, Loss_ut_ics: 9.142e-05, Loss_norm: 8.957e-06, Loss_gauge: 0.000e+00, w_pde: 7.80e-01, L^2_error: 1.000e-01, lr: 1.000e-03, Time: 8.63e+02
INFO:src.utils.logger:Model state saved to results\ho\DV\20260305-054940_seed0_ho_DV_bl_layered_e1500_w300_4q_4l\checkpoints\2026-03-05_05-50-04-441757_ho_DV_seed\model.pth
INFO:src.utils.logger:Model weights saved to results\ho\DV\20260305-054940_seed0_ho_DV_bl_layered_e1500_w300_4q_4l\checkpoints\2026-03-05_05-50-04-441757_ho_DV_seed\model_weights.pth
INFO:src.utils.logger:It: 235, Loss: 5.200e-02, Loss_res: 4.253e-02,  Loss_bcs: 5.160e-04, Loss_ut_ics: 9.059e-05, Loss_norm: 8.730e-06, Loss_gauge: 0.000e+00, w_pde: 7.83e-01, L^2_error: 9.997e-02, lr: 1.000e-03, Time: 8.67e+02
INFO:src.utils.logger:Model state saved to results\ho\DV\20260305-054940_seed0_ho_DV_bl_layered_e1500_w300_4q_4l\checkpoints\2026-03-05_05-50-04-441757_ho_DV_seed\model.pth
INFO:src.utils.logger:Model weights saved to results\ho\DV\20260305-054940_seed0_ho_DV_bl_layered_e1500_w300_4q_4l\checkpoints\2026-03-05_05-50-04-441757_ho_DV_seed\model_weights.pth
INFO:src.utils.logger:It: 236, Loss: 5.399e-02, Loss_res: 4.510e-02,  Loss_bcs: 5.170e-04, Loss_ut_ics: 8.976e-05, Loss_norm: 8.525e-06, Loss_gauge: 0.000e+00, w_pde: 7.87e-01, L^2_error: 9.994e-02, lr: 1.000e-03, Time: 8.71e+02
INFO:src.utils.logger:Model state saved to results\ho\DV\20260305-054940_seed0_ho_DV_bl_layered_e1500_w300_4q_4l\checkpoints\2026-03-05_05-50-04-441757_ho_DV_seed\model.pth
INFO:src.utils.logger:Model weights saved to results\ho\DV\20260305-054940_seed0_ho_DV_bl_layered_e1500_w300_4q_4l\checkpoints\2026-03-05_05-50-04-441757_ho_DV_seed\model_weights.pth
INFO:src.utils.logger:It: 237, Loss: 5.300e-02, Loss_res: 4.387e-02,  Loss_bcs: 5.166e-04, Loss_ut_ics: 8.896e-05, Loss_norm: 8.307e-06, Loss_gauge: 0.000e+00, w_pde: 7.90e-01, L^2_error: 9.991e-02, lr: 1.000e-03, Time: 8.75e+02
INFO:src.utils.logger:Model state saved to results\ho\DV\20260305-054940_seed0_ho_DV_bl_layered_e1500_w300_4q_4l\checkpoints\2026-03-05_05-50-04-441757_ho_DV_seed\model.pth
INFO:src.utils.logger:Model weights saved to results\ho\DV\20260305-054940_seed0_ho_DV_bl_layered_e1500_w300_4q_4l\checkpoints\2026-03-05_05-50-04-441757_ho_DV_seed\model_weights.pth
INFO:src.utils.logger:It: 238, Loss: 5.132e-02, Loss_res: 4.176e-02,  Loss_bcs: 5.162e-04, Loss_ut_ics: 8.817e-05, Loss_norm: 8.095e-06, Loss_gauge: 0.000e+00, w_pde: 7.93e-01, L^2_error: 9.988e-02, lr: 1.000e-03, Time: 8.78e+02
INFO:src.utils.logger:Model state saved to results\ho\DV\20260305-054940_seed0_ho_DV_bl_layered_e1500_w300_4q_4l\checkpoints\2026-03-05_05-50-04-441757_ho_DV_seed\model.pth
INFO:src.utils.logger:Model weights saved to results\ho\DV\20260305-054940_seed0_ho_DV_bl_layered_e1500_w300_4q_4l\checkpoints\2026-03-05_05-50-04-441757_ho_DV_seed\model_weights.pth
INFO:src.utils.logger:It: 239, Loss: 5.111e-02, Loss_res: 4.152e-02,  Loss_bcs: 5.167e-04, Loss_ut_ics: 8.739e-05, Loss_norm: 7.884e-06, Loss_gauge: 0.000e+00, w_pde: 7.97e-01, L^2_error: 9.985e-02, lr: 1.000e-03, Time: 8.82e+02
INFO:src.utils.logger:Model state saved to results\ho\DV\20260305-054940_seed0_ho_DV_bl_layered_e1500_w300_4q_4l\checkpoints\2026-03-05_05-50-04-441757_ho_DV_seed\model.pth
INFO:src.utils.logger:Model weights saved to results\ho\DV\20260305-054940_seed0_ho_DV_bl_layered_e1500_w300_4q_4l\checkpoints\2026-03-05_05-50-04-441757_ho_DV_seed\model_weights.pth
INFO:src.utils.logger:It: 240, Loss: 5.174e-02, Loss_res: 4.231e-02,  Loss_bcs: 5.196e-04, Loss_ut_ics: 8.663e-05, Loss_norm: 7.674e-06, Loss_gauge: 0.000e+00, w_pde: 8.00e-01, L^2_error: 9.981e-02, lr: 1.000e-03, Time: 8.86e+02
INFO:src.utils.logger:Model state saved to results\ho\DV\20260305-054940_seed0_ho_DV_bl_layered_e1500_w300_4q_4l\checkpoints\2026-03-05_05-50-04-441757_ho_DV_seed\model.pth
INFO:src.utils.logger:Model weights saved to results\ho\DV\20260305-054940_seed0_ho_DV_bl_layered_e1500_w300_4q_4l\checkpoints\2026-03-05_05-50-04-441757_ho_DV_seed\model_weights.pth
INFO:src.utils.logger:It: 241, Loss: 5.007e-02, Loss_res: 4.026e-02,  Loss_bcs: 5.194e-04, Loss_ut_ics: 8.589e-05, Loss_norm: 7.472e-06, Loss_gauge: 0.000e+00, w_pde: 8.03e-01, L^2_error: 9.977e-02, lr: 1.000e-03, Time: 8.89e+02
INFO:src.utils.logger:Model state saved to results\ho\DV\20260305-054940_seed0_ho_DV_bl_layered_e1500_w300_4q_4l\checkpoints\2026-03-05_05-50-04-441757_ho_DV_seed\model.pth
INFO:src.utils.logger:Model weights saved to results\ho\DV\20260305-054940_seed0_ho_DV_bl_layered_e1500_w300_4q_4l\checkpoints\2026-03-05_05-50-04-441757_ho_DV_seed\model_weights.pth
INFO:src.utils.logger:It: 242, Loss: 5.430e-02, Loss_res: 4.551e-02,  Loss_bcs: 5.207e-04, Loss_ut_ics: 8.515e-05, Loss_norm: 7.273e-06, Loss_gauge: 0.000e+00, w_pde: 8.07e-01, L^2_error: 9.972e-02, lr: 1.000e-03, Time: 8.93e+02
INFO:src.utils.logger:Model state saved to results\ho\DV\20260305-054940_seed0_ho_DV_bl_layered_e1500_w300_4q_4l\checkpoints\2026-03-05_05-50-04-441757_ho_DV_seed\model.pth
INFO:src.utils.logger:Model weights saved to results\ho\DV\20260305-054940_seed0_ho_DV_bl_layered_e1500_w300_4q_4l\checkpoints\2026-03-05_05-50-04-441757_ho_DV_seed\model_weights.pth
INFO:src.utils.logger:It: 243, Loss: 4.887e-02, Loss_res: 3.880e-02,  Loss_bcs: 5.213e-04, Loss_ut_ics: 8.442e-05, Loss_norm: 7.078e-06, Loss_gauge: 0.000e+00, w_pde: 8.10e-01, L^2_error: 9.967e-02, lr: 1.000e-03, Time: 8.97e+02
INFO:src.utils.logger:Model state saved to results\ho\DV\20260305-054940_seed0_ho_DV_bl_layered_e1500_w300_4q_4l\checkpoints\2026-03-05_05-50-04-441757_ho_DV_seed\model.pth
INFO:src.utils.logger:Model weights saved to results\ho\DV\20260305-054940_seed0_ho_DV_bl_layered_e1500_w300_4q_4l\checkpoints\2026-03-05_05-50-04-441757_ho_DV_seed\model_weights.pth
INFO:src.utils.logger:It: 244, Loss: 5.049e-02, Loss_res: 4.081e-02,  Loss_bcs: 5.241e-04, Loss_ut_ics: 8.370e-05, Loss_norm: 6.893e-06, Loss_gauge: 0.000e+00, w_pde: 8.13e-01, L^2_error: 9.961e-02, lr: 1.000e-03, Time: 9.01e+02
INFO:src.utils.logger:Model state saved to results\ho\DV\20260305-054940_seed0_ho_DV_bl_layered_e1500_w300_4q_4l\checkpoints\2026-03-05_05-50-04-441757_ho_DV_seed\model.pth
INFO:src.utils.logger:Model weights saved to results\ho\DV\20260305-054940_seed0_ho_DV_bl_layered_e1500_w300_4q_4l\checkpoints\2026-03-05_05-50-04-441757_ho_DV_seed\model_weights.pth
INFO:src.utils.logger:It: 245, Loss: 5.108e-02, Loss_res: 4.154e-02,  Loss_bcs: 5.198e-04, Loss_ut_ics: 8.299e-05, Loss_norm: 6.720e-06, Loss_gauge: 0.000e+00, w_pde: 8.17e-01, L^2_error: 9.955e-02, lr: 1.000e-03, Time: 9.04e+02
INFO:src.utils.logger:Model state saved to results\ho\DV\20260305-054940_seed0_ho_DV_bl_layered_e1500_w300_4q_4l\checkpoints\2026-03-05_05-50-04-441757_ho_DV_seed\model.pth
INFO:src.utils.logger:Model weights saved to results\ho\DV\20260305-054940_seed0_ho_DV_bl_layered_e1500_w300_4q_4l\checkpoints\2026-03-05_05-50-04-441757_ho_DV_seed\model_weights.pth
INFO:src.utils.logger:It: 246, Loss: 5.022e-02, Loss_res: 4.050e-02,  Loss_bcs: 5.191e-04, Loss_ut_ics: 8.229e-05, Loss_norm: 6.556e-06, Loss_gauge: 0.000e+00, w_pde: 8.20e-01, L^2_error: 9.950e-02, lr: 1.000e-03, Time: 9.08e+02
INFO:src.utils.logger:Model state saved to results\ho\DV\20260305-054940_seed0_ho_DV_bl_layered_e1500_w300_4q_4l\checkpoints\2026-03-05_05-50-04-441757_ho_DV_seed\model.pth
INFO:src.utils.logger:Model weights saved to results\ho\DV\20260305-054940_seed0_ho_DV_bl_layered_e1500_w300_4q_4l\checkpoints\2026-03-05_05-50-04-441757_ho_DV_seed\model_weights.pth
INFO:src.utils.logger:It: 247, Loss: 5.351e-02, Loss_res: 4.451e-02,  Loss_bcs: 5.168e-04, Loss_ut_ics: 8.160e-05, Loss_norm: 6.399e-06, Loss_gauge: 0.000e+00, w_pde: 8.23e-01, L^2_error: 9.944e-02, lr: 1.000e-03, Time: 9.12e+02
INFO:src.utils.logger:Model state saved to results\ho\DV\20260305-054940_seed0_ho_DV_bl_layered_e1500_w300_4q_4l\checkpoints\2026-03-05_05-50-04-441757_ho_DV_seed\model.pth
INFO:src.utils.logger:Model weights saved to results\ho\DV\20260305-054940_seed0_ho_DV_bl_layered_e1500_w300_4q_4l\checkpoints\2026-03-05_05-50-04-441757_ho_DV_seed\model_weights.pth
INFO:src.utils.logger:It: 248, Loss: 5.239e-02, Loss_res: 4.313e-02,  Loss_bcs: 5.255e-04, Loss_ut_ics: 8.092e-05, Loss_norm: 6.241e-06, Loss_gauge: 0.000e+00, w_pde: 8.27e-01, L^2_error: 9.939e-02, lr: 1.000e-03, Time: 9.15e+02
INFO:src.utils.logger:Model state saved to results\ho\DV\20260305-054940_seed0_ho_DV_bl_layered_e1500_w300_4q_4l\checkpoints\2026-03-05_05-50-04-441757_ho_DV_seed\model.pth
INFO:src.utils.logger:Model weights saved to results\ho\DV\20260305-054940_seed0_ho_DV_bl_layered_e1500_w300_4q_4l\checkpoints\2026-03-05_05-50-04-441757_ho_DV_seed\model_weights.pth
INFO:src.utils.logger:It: 249, Loss: 4.872e-02, Loss_res: 3.868e-02,  Loss_bcs: 5.263e-04, Loss_ut_ics: 8.025e-05, Loss_norm: 6.087e-06, Loss_gauge: 0.000e+00, w_pde: 8.30e-01, L^2_error: 9.934e-02, lr: 1.000e-03, Time: 9.19e+02
INFO:src.utils.logger:Model state saved to results\ho\DV\20260305-054940_seed0_ho_DV_bl_layered_e1500_w300_4q_4l\checkpoints\2026-03-05_05-50-04-441757_ho_DV_seed\model.pth
INFO:src.utils.logger:Model weights saved to results\ho\DV\20260305-054940_seed0_ho_DV_bl_layered_e1500_w300_4q_4l\checkpoints\2026-03-05_05-50-04-441757_ho_DV_seed\model_weights.pth
INFO:src.utils.logger:It: 250, Loss: 5.119e-02, Loss_res: 4.166e-02,  Loss_bcs: 5.263e-04, Loss_ut_ics: 7.959e-05, Loss_norm: 5.941e-06, Loss_gauge: 0.000e+00, w_pde: 8.33e-01, L^2_error: 9.930e-02, lr: 1.000e-03, Time: 9.23e+02
INFO:src.utils.logger:Model state saved to results\ho\DV\20260305-054940_seed0_ho_DV_bl_layered_e1500_w300_4q_4l\checkpoints\2026-03-05_05-50-04-441757_ho_DV_seed\model.pth
INFO:src.utils.logger:Model weights saved to results\ho\DV\20260305-054940_seed0_ho_DV_bl_layered_e1500_w300_4q_4l\checkpoints\2026-03-05_05-50-04-441757_ho_DV_seed\model_weights.pth
INFO:src.utils.logger:It: 251, Loss: 5.137e-02, Loss_res: 4.186e-02,  Loss_bcs: 5.280e-04, Loss_ut_ics: 7.895e-05, Loss_norm: 5.794e-06, Loss_gauge: 0.000e+00, w_pde: 8.37e-01, L^2_error: 9.925e-02, lr: 1.000e-03, Time: 9.27e+02
INFO:src.utils.logger:Model state saved to results\ho\DV\20260305-054940_seed0_ho_DV_bl_layered_e1500_w300_4q_4l\checkpoints\2026-03-05_05-50-04-441757_ho_DV_seed\model.pth
INFO:src.utils.logger:Model weights saved to results\ho\DV\20260305-054940_seed0_ho_DV_bl_layered_e1500_w300_4q_4l\checkpoints\2026-03-05_05-50-04-441757_ho_DV_seed\model_weights.pth
INFO:src.utils.logger:It: 252, Loss: 5.312e-02, Loss_res: 4.393e-02,  Loss_bcs: 5.298e-04, Loss_ut_ics: 7.831e-05, Loss_norm: 5.649e-06, Loss_gauge: 0.000e+00, w_pde: 8.40e-01, L^2_error: 9.921e-02, lr: 1.000e-03, Time: 9.31e+02
INFO:src.utils.logger:Model state saved to results\ho\DV\20260305-054940_seed0_ho_DV_bl_layered_e1500_w300_4q_4l\checkpoints\2026-03-05_05-50-04-441757_ho_DV_seed\model.pth
INFO:src.utils.logger:Model weights saved to results\ho\DV\20260305-054940_seed0_ho_DV_bl_layered_e1500_w300_4q_4l\checkpoints\2026-03-05_05-50-04-441757_ho_DV_seed\model_weights.pth
INFO:src.utils.logger:It: 253, Loss: 5.180e-02, Loss_res: 4.234e-02,  Loss_bcs: 5.277e-04, Loss_ut_ics: 7.769e-05, Loss_norm: 5.504e-06, Loss_gauge: 0.000e+00, w_pde: 8.43e-01, L^2_error: 9.918e-02, lr: 1.000e-03, Time: 9.35e+02
INFO:src.utils.logger:Model state saved to results\ho\DV\20260305-054940_seed0_ho_DV_bl_layered_e1500_w300_4q_4l\checkpoints\2026-03-05_05-50-04-441757_ho_DV_seed\model.pth
INFO:src.utils.logger:Model weights saved to results\ho\DV\20260305-054940_seed0_ho_DV_bl_layered_e1500_w300_4q_4l\checkpoints\2026-03-05_05-50-04-441757_ho_DV_seed\model_weights.pth
INFO:src.utils.logger:It: 254, Loss: 5.095e-02, Loss_res: 4.131e-02,  Loss_bcs: 5.340e-04, Loss_ut_ics: 7.709e-05, Loss_norm: 5.359e-06, Loss_gauge: 0.000e+00, w_pde: 8.47e-01, L^2_error: 9.914e-02, lr: 1.000e-03, Time: 9.38e+02
INFO:src.utils.logger:Model state saved to results\ho\DV\20260305-054940_seed0_ho_DV_bl_layered_e1500_w300_4q_4l\checkpoints\2026-03-05_05-50-04-441757_ho_DV_seed\model.pth
INFO:src.utils.logger:Model weights saved to results\ho\DV\20260305-054940_seed0_ho_DV_bl_layered_e1500_w300_4q_4l\checkpoints\2026-03-05_05-50-04-441757_ho_DV_seed\model_weights.pth
INFO:src.utils.logger:It: 255, Loss: 5.038e-02, Loss_res: 4.061e-02,  Loss_bcs: 5.341e-04, Loss_ut_ics: 7.649e-05, Loss_norm: 5.223e-06, Loss_gauge: 0.000e+00, w_pde: 8.50e-01, L^2_error: 9.910e-02, lr: 1.000e-03, Time: 9.42e+02
INFO:src.utils.logger:Model state saved to results\ho\DV\20260305-054940_seed0_ho_DV_bl_layered_e1500_w300_4q_4l\checkpoints\2026-03-05_05-50-04-441757_ho_DV_seed\model.pth
INFO:src.utils.logger:Model weights saved to results\ho\DV\20260305-054940_seed0_ho_DV_bl_layered_e1500_w300_4q_4l\checkpoints\2026-03-05_05-50-04-441757_ho_DV_seed\model_weights.pth
INFO:src.utils.logger:It: 256, Loss: 5.193e-02, Loss_res: 4.241e-02,  Loss_bcs: 5.323e-04, Loss_ut_ics: 7.591e-05, Loss_norm: 5.093e-06, Loss_gauge: 0.000e+00, w_pde: 8.53e-01, L^2_error: 9.907e-02, lr: 1.000e-03, Time: 9.46e+02
INFO:src.utils.logger:Model state saved to results\ho\DV\20260305-054940_seed0_ho_DV_bl_layered_e1500_w300_4q_4l\checkpoints\2026-03-05_05-50-04-441757_ho_DV_seed\model.pth
INFO:src.utils.logger:Model weights saved to results\ho\DV\20260305-054940_seed0_ho_DV_bl_layered_e1500_w300_4q_4l\checkpoints\2026-03-05_05-50-04-441757_ho_DV_seed\model_weights.pth
INFO:src.utils.logger:It: 257, Loss: 5.195e-02, Loss_res: 4.240e-02,  Loss_bcs: 5.343e-04, Loss_ut_ics: 7.533e-05, Loss_norm: 4.963e-06, Loss_gauge: 0.000e+00, w_pde: 8.57e-01, L^2_error: 9.903e-02, lr: 1.000e-03, Time: 9.49e+02
INFO:src.utils.logger:Model state saved to results\ho\DV\20260305-054940_seed0_ho_DV_bl_layered_e1500_w300_4q_4l\checkpoints\2026-03-05_05-50-04-441757_ho_DV_seed\model.pth
INFO:src.utils.logger:Model weights saved to results\ho\DV\20260305-054940_seed0_ho_DV_bl_layered_e1500_w300_4q_4l\checkpoints\2026-03-05_05-50-04-441757_ho_DV_seed\model_weights.pth
INFO:src.utils.logger:It: 258, Loss: 5.275e-02, Loss_res: 4.330e-02,  Loss_bcs: 5.365e-04, Loss_ut_ics: 7.477e-05, Loss_norm: 4.829e-06, Loss_gauge: 0.000e+00, w_pde: 8.60e-01, L^2_error: 9.900e-02, lr: 1.000e-03, Time: 9.53e+02
INFO:src.utils.logger:Model state saved to results\ho\DV\20260305-054940_seed0_ho_DV_bl_layered_e1500_w300_4q_4l\checkpoints\2026-03-05_05-50-04-441757_ho_DV_seed\model.pth
INFO:src.utils.logger:Model weights saved to results\ho\DV\20260305-054940_seed0_ho_DV_bl_layered_e1500_w300_4q_4l\checkpoints\2026-03-05_05-50-04-441757_ho_DV_seed\model_weights.pth
INFO:src.utils.logger:It: 259, Loss: 5.132e-02, Loss_res: 4.160e-02,  Loss_bcs: 5.365e-04, Loss_ut_ics: 7.421e-05, Loss_norm: 4.698e-06, Loss_gauge: 0.000e+00, w_pde: 8.63e-01, L^2_error: 9.896e-02, lr: 1.000e-03, Time: 9.57e+02
INFO:src.utils.logger:Model state saved to results\ho\DV\20260305-054940_seed0_ho_DV_bl_layered_e1500_w300_4q_4l\checkpoints\2026-03-05_05-50-04-441757_ho_DV_seed\model.pth
INFO:src.utils.logger:Model weights saved to results\ho\DV\20260305-054940_seed0_ho_DV_bl_layered_e1500_w300_4q_4l\checkpoints\2026-03-05_05-50-04-441757_ho_DV_seed\model_weights.pth
INFO:src.utils.logger:It: 260, Loss: 5.082e-02, Loss_res: 4.099e-02,  Loss_bcs: 5.384e-04, Loss_ut_ics: 7.366e-05, Loss_norm: 4.567e-06, Loss_gauge: 0.000e+00, w_pde: 8.67e-01, L^2_error: 9.892e-02, lr: 1.000e-03, Time: 9.60e+02
INFO:src.utils.logger:Model state saved to results\ho\DV\20260305-054940_seed0_ho_DV_bl_layered_e1500_w300_4q_4l\checkpoints\2026-03-05_05-50-04-441757_ho_DV_seed\model.pth
INFO:src.utils.logger:Model weights saved to results\ho\DV\20260305-054940_seed0_ho_DV_bl_layered_e1500_w300_4q_4l\checkpoints\2026-03-05_05-50-04-441757_ho_DV_seed\model_weights.pth
INFO:src.utils.logger:It: 261, Loss: 5.118e-02, Loss_res: 4.138e-02,  Loss_bcs: 5.381e-04, Loss_ut_ics: 7.312e-05, Loss_norm: 4.444e-06, Loss_gauge: 0.000e+00, w_pde: 8.70e-01, L^2_error: 9.888e-02, lr: 1.000e-03, Time: 9.64e+02
INFO:src.utils.logger:Model state saved to results\ho\DV\20260305-054940_seed0_ho_DV_bl_layered_e1500_w300_4q_4l\checkpoints\2026-03-05_05-50-04-441757_ho_DV_seed\model.pth
INFO:src.utils.logger:Model weights saved to results\ho\DV\20260305-054940_seed0_ho_DV_bl_layered_e1500_w300_4q_4l\checkpoints\2026-03-05_05-50-04-441757_ho_DV_seed\model_weights.pth
INFO:src.utils.logger:It: 262, Loss: 4.803e-02, Loss_res: 3.773e-02,  Loss_bcs: 5.384e-04, Loss_ut_ics: 7.259e-05, Loss_norm: 4.332e-06, Loss_gauge: 0.000e+00, w_pde: 8.73e-01, L^2_error: 9.883e-02, lr: 1.000e-03, Time: 9.68e+02
INFO:src.utils.logger:Model state saved to results\ho\DV\20260305-054940_seed0_ho_DV_bl_layered_e1500_w300_4q_4l\checkpoints\2026-03-05_05-50-04-441757_ho_DV_seed\model.pth
INFO:src.utils.logger:Model weights saved to results\ho\DV\20260305-054940_seed0_ho_DV_bl_layered_e1500_w300_4q_4l\checkpoints\2026-03-05_05-50-04-441757_ho_DV_seed\model_weights.pth
INFO:src.utils.logger:It: 263, Loss: 4.913e-02, Loss_res: 3.896e-02,  Loss_bcs: 5.384e-04, Loss_ut_ics: 7.206e-05, Loss_norm: 4.221e-06, Loss_gauge: 0.000e+00, w_pde: 8.77e-01, L^2_error: 9.879e-02, lr: 1.000e-03, Time: 9.72e+02
INFO:src.utils.logger:Model state saved to results\ho\DV\20260305-054940_seed0_ho_DV_bl_layered_e1500_w300_4q_4l\checkpoints\2026-03-05_05-50-04-441757_ho_DV_seed\model.pth
INFO:src.utils.logger:Model weights saved to results\ho\DV\20260305-054940_seed0_ho_DV_bl_layered_e1500_w300_4q_4l\checkpoints\2026-03-05_05-50-04-441757_ho_DV_seed\model_weights.pth
INFO:src.utils.logger:It: 264, Loss: 5.107e-02, Loss_res: 4.114e-02,  Loss_bcs: 5.401e-04, Loss_ut_ics: 7.154e-05, Loss_norm: 4.113e-06, Loss_gauge: 0.000e+00, w_pde: 8.80e-01, L^2_error: 9.874e-02, lr: 1.000e-03, Time: 9.75e+02
INFO:src.utils.logger:Model state saved to results\ho\DV\20260305-054940_seed0_ho_DV_bl_layered_e1500_w300_4q_4l\checkpoints\2026-03-05_05-50-04-441757_ho_DV_seed\model.pth
INFO:src.utils.logger:Model weights saved to results\ho\DV\20260305-054940_seed0_ho_DV_bl_layered_e1500_w300_4q_4l\checkpoints\2026-03-05_05-50-04-441757_ho_DV_seed\model_weights.pth
INFO:src.utils.logger:It: 265, Loss: 5.250e-02, Loss_res: 4.272e-02,  Loss_bcs: 5.357e-04, Loss_ut_ics: 7.102e-05, Loss_norm: 4.019e-06, Loss_gauge: 0.000e+00, w_pde: 8.83e-01, L^2_error: 9.868e-02, lr: 1.000e-03, Time: 9.79e+02
INFO:src.utils.logger:Model state saved to results\ho\DV\20260305-054940_seed0_ho_DV_bl_layered_e1500_w300_4q_4l\checkpoints\2026-03-05_05-50-04-441757_ho_DV_seed\model.pth
INFO:src.utils.logger:Model weights saved to results\ho\DV\20260305-054940_seed0_ho_DV_bl_layered_e1500_w300_4q_4l\checkpoints\2026-03-05_05-50-04-441757_ho_DV_seed\model_weights.pth
INFO:src.utils.logger:It: 266, Loss: 5.575e-02, Loss_res: 4.634e-02,  Loss_bcs: 5.400e-04, Loss_ut_ics: 7.051e-05, Loss_norm: 3.937e-06, Loss_gauge: 0.000e+00, w_pde: 8.87e-01, L^2_error: 9.863e-02, lr: 1.000e-03, Time: 9.83e+02
INFO:src.utils.logger:Model state saved to results\ho\DV\20260305-054940_seed0_ho_DV_bl_layered_e1500_w300_4q_4l\checkpoints\2026-03-05_05-50-04-441757_ho_DV_seed\model.pth
INFO:src.utils.logger:Model weights saved to results\ho\DV\20260305-054940_seed0_ho_DV_bl_layered_e1500_w300_4q_4l\checkpoints\2026-03-05_05-50-04-441757_ho_DV_seed\model_weights.pth
INFO:src.utils.logger:It: 267, Loss: 5.258e-02, Loss_res: 4.272e-02,  Loss_bcs: 5.397e-04, Loss_ut_ics: 7.001e-05, Loss_norm: 3.868e-06, Loss_gauge: 0.000e+00, w_pde: 8.90e-01, L^2_error: 9.857e-02, lr: 1.000e-03, Time: 9.86e+02
INFO:src.utils.logger:Model state saved to results\ho\DV\20260305-054940_seed0_ho_DV_bl_layered_e1500_w300_4q_4l\checkpoints\2026-03-05_05-50-04-441757_ho_DV_seed\model.pth
INFO:src.utils.logger:Model weights saved to results\ho\DV\20260305-054940_seed0_ho_DV_bl_layered_e1500_w300_4q_4l\checkpoints\2026-03-05_05-50-04-441757_ho_DV_seed\model_weights.pth
INFO:src.utils.logger:It: 268, Loss: 5.246e-02, Loss_res: 4.254e-02,  Loss_bcs: 5.397e-04, Loss_ut_ics: 6.951e-05, Loss_norm: 3.801e-06, Loss_gauge: 0.000e+00, w_pde: 8.93e-01, L^2_error: 9.852e-02, lr: 1.000e-03, Time: 9.90e+02
INFO:src.utils.logger:Model state saved to results\ho\DV\20260305-054940_seed0_ho_DV_bl_layered_e1500_w300_4q_4l\checkpoints\2026-03-05_05-50-04-441757_ho_DV_seed\model.pth
INFO:src.utils.logger:Model weights saved to results\ho\DV\20260305-054940_seed0_ho_DV_bl_layered_e1500_w300_4q_4l\checkpoints\2026-03-05_05-50-04-441757_ho_DV_seed\model_weights.pth
INFO:src.utils.logger:It: 269, Loss: 5.023e-02, Loss_res: 4.000e-02,  Loss_bcs: 5.393e-04, Loss_ut_ics: 6.901e-05, Loss_norm: 3.714e-06, Loss_gauge: 0.000e+00, w_pde: 8.97e-01, L^2_error: 9.847e-02, lr: 1.000e-03, Time: 9.94e+02
INFO:src.utils.logger:Model state saved to results\ho\DV\20260305-054940_seed0_ho_DV_bl_layered_e1500_w300_4q_4l\checkpoints\2026-03-05_05-50-04-441757_ho_DV_seed\model.pth
INFO:src.utils.logger:Model weights saved to results\ho\DV\20260305-054940_seed0_ho_DV_bl_layered_e1500_w300_4q_4l\checkpoints\2026-03-05_05-50-04-441757_ho_DV_seed\model_weights.pth
INFO:src.utils.logger:It: 270, Loss: 5.254e-02, Loss_res: 4.253e-02,  Loss_bcs: 5.407e-04, Loss_ut_ics: 6.852e-05, Loss_norm: 3.603e-06, Loss_gauge: 0.000e+00, w_pde: 9.00e-01, L^2_error: 9.843e-02, lr: 1.000e-03, Time: 9.97e+02
INFO:src.utils.logger:Model state saved to results\ho\DV\20260305-054940_seed0_ho_DV_bl_layered_e1500_w300_4q_4l\checkpoints\2026-03-05_05-50-04-441757_ho_DV_seed\model.pth
INFO:src.utils.logger:Model weights saved to results\ho\DV\20260305-054940_seed0_ho_DV_bl_layered_e1500_w300_4q_4l\checkpoints\2026-03-05_05-50-04-441757_ho_DV_seed\model_weights.pth
INFO:src.utils.logger:It: 271, Loss: 5.018e-02, Loss_res: 3.986e-02,  Loss_bcs: 5.424e-04, Loss_ut_ics: 6.804e-05, Loss_norm: 3.481e-06, Loss_gauge: 0.000e+00, w_pde: 9.03e-01, L^2_error: 9.839e-02, lr: 1.000e-03, Time: 1.00e+03
INFO:src.utils.logger:Model state saved to results\ho\DV\20260305-054940_seed0_ho_DV_bl_layered_e1500_w300_4q_4l\checkpoints\2026-03-05_05-50-04-441757_ho_DV_seed\model.pth
INFO:src.utils.logger:Model weights saved to results\ho\DV\20260305-054940_seed0_ho_DV_bl_layered_e1500_w300_4q_4l\checkpoints\2026-03-05_05-50-04-441757_ho_DV_seed\model_weights.pth
INFO:src.utils.logger:It: 272, Loss: 5.194e-02, Loss_res: 4.177e-02,  Loss_bcs: 5.418e-04, Loss_ut_ics: 6.756e-05, Loss_norm: 3.369e-06, Loss_gauge: 0.000e+00, w_pde: 9.07e-01, L^2_error: 9.836e-02, lr: 1.000e-03, Time: 1.00e+03
INFO:src.utils.logger:Model state saved to results\ho\DV\20260305-054940_seed0_ho_DV_bl_layered_e1500_w300_4q_4l\checkpoints\2026-03-05_05-50-04-441757_ho_DV_seed\model.pth
INFO:src.utils.logger:Model weights saved to results\ho\DV\20260305-054940_seed0_ho_DV_bl_layered_e1500_w300_4q_4l\checkpoints\2026-03-05_05-50-04-441757_ho_DV_seed\model_weights.pth
INFO:src.utils.logger:It: 273, Loss: 5.196e-02, Loss_res: 4.174e-02,  Loss_bcs: 5.421e-04, Loss_ut_ics: 6.710e-05, Loss_norm: 3.271e-06, Loss_gauge: 0.000e+00, w_pde: 9.10e-01, L^2_error: 9.832e-02, lr: 1.000e-03, Time: 1.01e+03
INFO:src.utils.logger:Model state saved to results\ho\DV\20260305-054940_seed0_ho_DV_bl_layered_e1500_w300_4q_4l\checkpoints\2026-03-05_05-50-04-441757_ho_DV_seed\model.pth
INFO:src.utils.logger:Model weights saved to results\ho\DV\20260305-054940_seed0_ho_DV_bl_layered_e1500_w300_4q_4l\checkpoints\2026-03-05_05-50-04-441757_ho_DV_seed\model_weights.pth
INFO:src.utils.logger:It: 274, Loss: 5.380e-02, Loss_res: 4.370e-02,  Loss_bcs: 5.444e-04, Loss_ut_ics: 6.664e-05, Loss_norm: 3.183e-06, Loss_gauge: 0.000e+00, w_pde: 9.13e-01, L^2_error: 9.829e-02, lr: 1.000e-03, Time: 1.01e+03
INFO:src.utils.logger:Model state saved to results\ho\DV\20260305-054940_seed0_ho_DV_bl_layered_e1500_w300_4q_4l\checkpoints\2026-03-05_05-50-04-441757_ho_DV_seed\model.pth
INFO:src.utils.logger:Model weights saved to results\ho\DV\20260305-054940_seed0_ho_DV_bl_layered_e1500_w300_4q_4l\checkpoints\2026-03-05_05-50-04-441757_ho_DV_seed\model_weights.pth
INFO:src.utils.logger:It: 275, Loss: 4.876e-02, Loss_res: 3.814e-02,  Loss_bcs: 5.440e-04, Loss_ut_ics: 6.619e-05, Loss_norm: 3.116e-06, Loss_gauge: 0.000e+00, w_pde: 9.17e-01, L^2_error: 9.826e-02, lr: 1.000e-03, Time: 1.02e+03
INFO:src.utils.logger:Model state saved to results\ho\DV\20260305-054940_seed0_ho_DV_bl_layered_e1500_w300_4q_4l\checkpoints\2026-03-05_05-50-04-441757_ho_DV_seed\model.pth
INFO:src.utils.logger:Model weights saved to results\ho\DV\20260305-054940_seed0_ho_DV_bl_layered_e1500_w300_4q_4l\checkpoints\2026-03-05_05-50-04-441757_ho_DV_seed\model_weights.pth
INFO:src.utils.logger:It: 276, Loss: 5.181e-02, Loss_res: 4.141e-02,  Loss_bcs: 5.454e-04, Loss_ut_ics: 6.576e-05, Loss_norm: 3.054e-06, Loss_gauge: 0.000e+00, w_pde: 9.20e-01, L^2_error: 9.824e-02, lr: 1.000e-03, Time: 1.02e+03
INFO:src.utils.logger:Model state saved to results\ho\DV\20260305-054940_seed0_ho_DV_bl_layered_e1500_w300_4q_4l\checkpoints\2026-03-05_05-50-04-441757_ho_DV_seed\model.pth
INFO:src.utils.logger:Model weights saved to results\ho\DV\20260305-054940_seed0_ho_DV_bl_layered_e1500_w300_4q_4l\checkpoints\2026-03-05_05-50-04-441757_ho_DV_seed\model_weights.pth
INFO:src.utils.logger:It: 277, Loss: 5.163e-02, Loss_res: 4.115e-02,  Loss_bcs: 5.451e-04, Loss_ut_ics: 6.534e-05, Loss_norm: 3.000e-06, Loss_gauge: 0.000e+00, w_pde: 9.23e-01, L^2_error: 9.821e-02, lr: 1.000e-03, Time: 1.02e+03
INFO:src.utils.logger:Model state saved to results\ho\DV\20260305-054940_seed0_ho_DV_bl_layered_e1500_w300_4q_4l\checkpoints\2026-03-05_05-50-04-441757_ho_DV_seed\model.pth
INFO:src.utils.logger:Model weights saved to results\ho\DV\20260305-054940_seed0_ho_DV_bl_layered_e1500_w300_4q_4l\checkpoints\2026-03-05_05-50-04-441757_ho_DV_seed\model_weights.pth
INFO:src.utils.logger:It: 278, Loss: 5.308e-02, Loss_res: 4.267e-02,  Loss_bcs: 5.468e-04, Loss_ut_ics: 6.492e-05, Loss_norm: 2.947e-06, Loss_gauge: 0.000e+00, w_pde: 9.27e-01, L^2_error: 9.817e-02, lr: 1.000e-03, Time: 1.03e+03
INFO:src.utils.logger:Model state saved to results\ho\DV\20260305-054940_seed0_ho_DV_bl_layered_e1500_w300_4q_4l\checkpoints\2026-03-05_05-50-04-441757_ho_DV_seed\model.pth
INFO:src.utils.logger:Model weights saved to results\ho\DV\20260305-054940_seed0_ho_DV_bl_layered_e1500_w300_4q_4l\checkpoints\2026-03-05_05-50-04-441757_ho_DV_seed\model_weights.pth
INFO:src.utils.logger:It: 279, Loss: 5.300e-02, Loss_res: 4.251e-02,  Loss_bcs: 5.471e-04, Loss_ut_ics: 6.451e-05, Loss_norm: 2.927e-06, Loss_gauge: 0.000e+00, w_pde: 9.30e-01, L^2_error: 9.813e-02, lr: 1.000e-03, Time: 1.03e+03
INFO:src.utils.logger:Model state saved to results\ho\DV\20260305-054940_seed0_ho_DV_bl_layered_e1500_w300_4q_4l\checkpoints\2026-03-05_05-50-04-441757_ho_DV_seed\model.pth
INFO:src.utils.logger:Model weights saved to results\ho\DV\20260305-054940_seed0_ho_DV_bl_layered_e1500_w300_4q_4l\checkpoints\2026-03-05_05-50-04-441757_ho_DV_seed\model_weights.pth
INFO:src.utils.logger:It: 280, Loss: 5.318e-02, Loss_res: 4.263e-02,  Loss_bcs: 5.517e-04, Loss_ut_ics: 6.410e-05, Loss_norm: 2.902e-06, Loss_gauge: 0.000e+00, w_pde: 9.33e-01, L^2_error: 9.809e-02, lr: 1.000e-03, Time: 1.03e+03
INFO:src.utils.logger:Model state saved to results\ho\DV\20260305-054940_seed0_ho_DV_bl_layered_e1500_w300_4q_4l\checkpoints\2026-03-05_05-50-04-441757_ho_DV_seed\model.pth
INFO:src.utils.logger:Model weights saved to results\ho\DV\20260305-054940_seed0_ho_DV_bl_layered_e1500_w300_4q_4l\checkpoints\2026-03-05_05-50-04-441757_ho_DV_seed\model_weights.pth
INFO:src.utils.logger:It: 281, Loss: 5.383e-02, Loss_res: 4.326e-02,  Loss_bcs: 5.492e-04, Loss_ut_ics: 6.369e-05, Loss_norm: 2.897e-06, Loss_gauge: 0.000e+00, w_pde: 9.37e-01, L^2_error: 9.804e-02, lr: 1.000e-03, Time: 1.04e+03
INFO:src.utils.logger:Model state saved to results\ho\DV\20260305-054940_seed0_ho_DV_bl_layered_e1500_w300_4q_4l\checkpoints\2026-03-05_05-50-04-441757_ho_DV_seed\model.pth
INFO:src.utils.logger:Model weights saved to results\ho\DV\20260305-054940_seed0_ho_DV_bl_layered_e1500_w300_4q_4l\checkpoints\2026-03-05_05-50-04-441757_ho_DV_seed\model_weights.pth
INFO:src.utils.logger:It: 282, Loss: 5.071e-02, Loss_res: 3.988e-02,  Loss_bcs: 5.501e-04, Loss_ut_ics: 6.329e-05, Loss_norm: 2.903e-06, Loss_gauge: 0.000e+00, w_pde: 9.40e-01, L^2_error: 9.799e-02, lr: 1.000e-03, Time: 1.04e+03
INFO:src.utils.logger:Model state saved to results\ho\DV\20260305-054940_seed0_ho_DV_bl_layered_e1500_w300_4q_4l\checkpoints\2026-03-05_05-50-04-441757_ho_DV_seed\model.pth
INFO:src.utils.logger:Model weights saved to results\ho\DV\20260305-054940_seed0_ho_DV_bl_layered_e1500_w300_4q_4l\checkpoints\2026-03-05_05-50-04-441757_ho_DV_seed\model_weights.pth
INFO:src.utils.logger:It: 283, Loss: 5.259e-02, Loss_res: 4.182e-02,  Loss_bcs: 5.503e-04, Loss_ut_ics: 6.290e-05, Loss_norm: 2.859e-06, Loss_gauge: 0.000e+00, w_pde: 9.43e-01, L^2_error: 9.795e-02, lr: 1.000e-03, Time: 1.05e+03
INFO:src.utils.logger:Model state saved to results\ho\DV\20260305-054940_seed0_ho_DV_bl_layered_e1500_w300_4q_4l\checkpoints\2026-03-05_05-50-04-441757_ho_DV_seed\model.pth
INFO:src.utils.logger:Model weights saved to results\ho\DV\20260305-054940_seed0_ho_DV_bl_layered_e1500_w300_4q_4l\checkpoints\2026-03-05_05-50-04-441757_ho_DV_seed\model_weights.pth
INFO:src.utils.logger:It: 284, Loss: 5.097e-02, Loss_res: 4.004e-02,  Loss_bcs: 5.499e-04, Loss_ut_ics: 6.251e-05, Loss_norm: 2.778e-06, Loss_gauge: 0.000e+00, w_pde: 9.47e-01, L^2_error: 9.791e-02, lr: 1.000e-03, Time: 1.05e+03
INFO:src.utils.logger:Model state saved to results\ho\DV\20260305-054940_seed0_ho_DV_bl_layered_e1500_w300_4q_4l\checkpoints\2026-03-05_05-50-04-441757_ho_DV_seed\model.pth
INFO:src.utils.logger:Model weights saved to results\ho\DV\20260305-054940_seed0_ho_DV_bl_layered_e1500_w300_4q_4l\checkpoints\2026-03-05_05-50-04-441757_ho_DV_seed\model_weights.pth
INFO:src.utils.logger:It: 285, Loss: 5.019e-02, Loss_res: 3.915e-02,  Loss_bcs: 5.509e-04, Loss_ut_ics: 6.213e-05, Loss_norm: 2.668e-06, Loss_gauge: 0.000e+00, w_pde: 9.50e-01, L^2_error: 9.787e-02, lr: 1.000e-03, Time: 1.05e+03
INFO:src.utils.logger:Model state saved to results\ho\DV\20260305-054940_seed0_ho_DV_bl_layered_e1500_w300_4q_4l\checkpoints\2026-03-05_05-50-04-441757_ho_DV_seed\model.pth
INFO:src.utils.logger:Model weights saved to results\ho\DV\20260305-054940_seed0_ho_DV_bl_layered_e1500_w300_4q_4l\checkpoints\2026-03-05_05-50-04-441757_ho_DV_seed\model_weights.pth
INFO:src.utils.logger:It: 286, Loss: 5.281e-02, Loss_res: 4.184e-02,  Loss_bcs: 5.533e-04, Loss_ut_ics: 6.175e-05, Loss_norm: 2.565e-06, Loss_gauge: 0.000e+00, w_pde: 9.53e-01, L^2_error: 9.782e-02, lr: 1.000e-03, Time: 1.06e+03
INFO:src.utils.logger:Model state saved to results\ho\DV\20260305-054940_seed0_ho_DV_bl_layered_e1500_w300_4q_4l\checkpoints\2026-03-05_05-50-04-441757_ho_DV_seed\model.pth
INFO:src.utils.logger:Model weights saved to results\ho\DV\20260305-054940_seed0_ho_DV_bl_layered_e1500_w300_4q_4l\checkpoints\2026-03-05_05-50-04-441757_ho_DV_seed\model_weights.pth
INFO:src.utils.logger:It: 287, Loss: 5.028e-02, Loss_res: 3.913e-02,  Loss_bcs: 5.561e-04, Loss_ut_ics: 6.138e-05, Loss_norm: 2.467e-06, Loss_gauge: 0.000e+00, w_pde: 9.57e-01, L^2_error: 9.778e-02, lr: 1.000e-03, Time: 1.06e+03
INFO:src.utils.logger:Model state saved to results\ho\DV\20260305-054940_seed0_ho_DV_bl_layered_e1500_w300_4q_4l\checkpoints\2026-03-05_05-50-04-441757_ho_DV_seed\model.pth
INFO:src.utils.logger:Model weights saved to results\ho\DV\20260305-054940_seed0_ho_DV_bl_layered_e1500_w300_4q_4l\checkpoints\2026-03-05_05-50-04-441757_ho_DV_seed\model_weights.pth
INFO:src.utils.logger:It: 288, Loss: 5.331e-02, Loss_res: 4.223e-02,  Loss_bcs: 5.565e-04, Loss_ut_ics: 6.102e-05, Loss_norm: 2.406e-06, Loss_gauge: 0.000e+00, w_pde: 9.60e-01, L^2_error: 9.773e-02, lr: 1.000e-03, Time: 1.06e+03
INFO:src.utils.logger:Model state saved to results\ho\DV\20260305-054940_seed0_ho_DV_bl_layered_e1500_w300_4q_4l\checkpoints\2026-03-05_05-50-04-441757_ho_DV_seed\model.pth
INFO:src.utils.logger:Model weights saved to results\ho\DV\20260305-054940_seed0_ho_DV_bl_layered_e1500_w300_4q_4l\checkpoints\2026-03-05_05-50-04-441757_ho_DV_seed\model_weights.pth
INFO:src.utils.logger:It: 289, Loss: 5.167e-02, Loss_res: 4.045e-02,  Loss_bcs: 5.556e-04, Loss_ut_ics: 6.066e-05, Loss_norm: 2.390e-06, Loss_gauge: 0.000e+00, w_pde: 9.63e-01, L^2_error: 9.768e-02, lr: 1.000e-03, Time: 1.07e+03
INFO:src.utils.logger:Model state saved to results\ho\DV\20260305-054940_seed0_ho_DV_bl_layered_e1500_w300_4q_4l\checkpoints\2026-03-05_05-50-04-441757_ho_DV_seed\model.pth
INFO:src.utils.logger:Model weights saved to results\ho\DV\20260305-054940_seed0_ho_DV_bl_layered_e1500_w300_4q_4l\checkpoints\2026-03-05_05-50-04-441757_ho_DV_seed\model_weights.pth
INFO:src.utils.logger:It: 290, Loss: 4.711e-02, Loss_res: 3.567e-02,  Loss_bcs: 5.547e-04, Loss_ut_ics: 6.031e-05, Loss_norm: 2.391e-06, Loss_gauge: 0.000e+00, w_pde: 9.67e-01, L^2_error: 9.764e-02, lr: 1.000e-03, Time: 1.07e+03
INFO:src.utils.logger:Model state saved to results\ho\DV\20260305-054940_seed0_ho_DV_bl_layered_e1500_w300_4q_4l\checkpoints\2026-03-05_05-50-04-441757_ho_DV_seed\model.pth
INFO:src.utils.logger:Model weights saved to results\ho\DV\20260305-054940_seed0_ho_DV_bl_layered_e1500_w300_4q_4l\checkpoints\2026-03-05_05-50-04-441757_ho_DV_seed\model_weights.pth
INFO:src.utils.logger:It: 291, Loss: 5.257e-02, Loss_res: 4.125e-02,  Loss_bcs: 5.552e-04, Loss_ut_ics: 5.995e-05, Loss_norm: 2.363e-06, Loss_gauge: 0.000e+00, w_pde: 9.70e-01, L^2_error: 9.759e-02, lr: 1.000e-03, Time: 1.08e+03
INFO:src.utils.logger:Model state saved to results\ho\DV\20260305-054940_seed0_ho_DV_bl_layered_e1500_w300_4q_4l\checkpoints\2026-03-05_05-50-04-441757_ho_DV_seed\model.pth
INFO:src.utils.logger:Model weights saved to results\ho\DV\20260305-054940_seed0_ho_DV_bl_layered_e1500_w300_4q_4l\checkpoints\2026-03-05_05-50-04-441757_ho_DV_seed\model_weights.pth
INFO:src.utils.logger:It: 292, Loss: 5.152e-02, Loss_res: 4.010e-02,  Loss_bcs: 5.542e-04, Loss_ut_ics: 5.960e-05, Loss_norm: 2.355e-06, Loss_gauge: 0.000e+00, w_pde: 9.73e-01, L^2_error: 9.754e-02, lr: 1.000e-03, Time: 1.08e+03
INFO:src.utils.logger:Model state saved to results\ho\DV\20260305-054940_seed0_ho_DV_bl_layered_e1500_w300_4q_4l\checkpoints\2026-03-05_05-50-04-441757_ho_DV_seed\model.pth
INFO:src.utils.logger:Model weights saved to results\ho\DV\20260305-054940_seed0_ho_DV_bl_layered_e1500_w300_4q_4l\checkpoints\2026-03-05_05-50-04-441757_ho_DV_seed\model_weights.pth
INFO:src.utils.logger:It: 293, Loss: 5.010e-02, Loss_res: 3.859e-02,  Loss_bcs: 5.509e-04, Loss_ut_ics: 5.924e-05, Loss_norm: 2.335e-06, Loss_gauge: 0.000e+00, w_pde: 9.77e-01, L^2_error: 9.749e-02, lr: 1.000e-03, Time: 1.08e+03
INFO:src.utils.logger:Model state saved to results\ho\DV\20260305-054940_seed0_ho_DV_bl_layered_e1500_w300_4q_4l\checkpoints\2026-03-05_05-50-04-441757_ho_DV_seed\model.pth
INFO:src.utils.logger:Model weights saved to results\ho\DV\20260305-054940_seed0_ho_DV_bl_layered_e1500_w300_4q_4l\checkpoints\2026-03-05_05-50-04-441757_ho_DV_seed\model_weights.pth
INFO:src.utils.logger:It: 294, Loss: 5.231e-02, Loss_res: 4.078e-02,  Loss_bcs: 5.537e-04, Loss_ut_ics: 5.890e-05, Loss_norm: 2.323e-06, Loss_gauge: 0.000e+00, w_pde: 9.80e-01, L^2_error: 9.745e-02, lr: 1.000e-03, Time: 1.09e+03
INFO:src.utils.logger:Model state saved to results\ho\DV\20260305-054940_seed0_ho_DV_bl_layered_e1500_w300_4q_4l\checkpoints\2026-03-05_05-50-04-441757_ho_DV_seed\model.pth
INFO:src.utils.logger:Model weights saved to results\ho\DV\20260305-054940_seed0_ho_DV_bl_layered_e1500_w300_4q_4l\checkpoints\2026-03-05_05-50-04-441757_ho_DV_seed\model_weights.pth
INFO:src.utils.logger:It: 295, Loss: 5.166e-02, Loss_res: 4.005e-02,  Loss_bcs: 5.554e-04, Loss_ut_ics: 5.856e-05, Loss_norm: 2.312e-06, Loss_gauge: 0.000e+00, w_pde: 9.83e-01, L^2_error: 9.742e-02, lr: 1.000e-03, Time: 1.09e+03
INFO:src.utils.logger:Model state saved to results\ho\DV\20260305-054940_seed0_ho_DV_bl_layered_e1500_w300_4q_4l\checkpoints\2026-03-05_05-50-04-441757_ho_DV_seed\model.pth
INFO:src.utils.logger:Model weights saved to results\ho\DV\20260305-054940_seed0_ho_DV_bl_layered_e1500_w300_4q_4l\checkpoints\2026-03-05_05-50-04-441757_ho_DV_seed\model_weights.pth
INFO:src.utils.logger:It: 296, Loss: 5.093e-02, Loss_res: 3.924e-02,  Loss_bcs: 5.557e-04, Loss_ut_ics: 5.823e-05, Loss_norm: 2.264e-06, Loss_gauge: 0.000e+00, w_pde: 9.87e-01, L^2_error: 9.738e-02, lr: 1.000e-03, Time: 1.09e+03
INFO:src.utils.logger:Model state saved to results\ho\DV\20260305-054940_seed0_ho_DV_bl_layered_e1500_w300_4q_4l\checkpoints\2026-03-05_05-50-04-441757_ho_DV_seed\model.pth
INFO:src.utils.logger:Model weights saved to results\ho\DV\20260305-054940_seed0_ho_DV_bl_layered_e1500_w300_4q_4l\checkpoints\2026-03-05_05-50-04-441757_ho_DV_seed\model_weights.pth
INFO:src.utils.logger:It: 297, Loss: 5.266e-02, Loss_res: 4.092e-02,  Loss_bcs: 5.565e-04, Loss_ut_ics: 5.790e-05, Loss_norm: 2.216e-06, Loss_gauge: 0.000e+00, w_pde: 9.90e-01, L^2_error: 9.735e-02, lr: 1.000e-03, Time: 1.10e+03
INFO:src.utils.logger:Model state saved to results\ho\DV\20260305-054940_seed0_ho_DV_bl_layered_e1500_w300_4q_4l\checkpoints\2026-03-05_05-50-04-441757_ho_DV_seed\model.pth
INFO:src.utils.logger:Model weights saved to results\ho\DV\20260305-054940_seed0_ho_DV_bl_layered_e1500_w300_4q_4l\checkpoints\2026-03-05_05-50-04-441757_ho_DV_seed\model_weights.pth
INFO:src.utils.logger:It: 298, Loss: 5.237e-02, Loss_res: 4.055e-02,  Loss_bcs: 5.598e-04, Loss_ut_ics: 5.759e-05, Loss_norm: 2.157e-06, Loss_gauge: 0.000e+00, w_pde: 9.93e-01, L^2_error: 9.732e-02, lr: 1.000e-03, Time: 1.10e+03
INFO:src.utils.logger:Model state saved to results\ho\DV\20260305-054940_seed0_ho_DV_bl_layered_e1500_w300_4q_4l\checkpoints\2026-03-05_05-50-04-441757_ho_DV_seed\model.pth
INFO:src.utils.logger:Model weights saved to results\ho\DV\20260305-054940_seed0_ho_DV_bl_layered_e1500_w300_4q_4l\checkpoints\2026-03-05_05-50-04-441757_ho_DV_seed\model_weights.pth
INFO:src.utils.logger:It: 299, Loss: 5.181e-02, Loss_res: 3.992e-02,  Loss_bcs: 5.597e-04, Loss_ut_ics: 5.727e-05, Loss_norm: 2.070e-06, Loss_gauge: 0.000e+00, w_pde: 9.97e-01, L^2_error: 9.729e-02, lr: 1.000e-03, Time: 1.11e+03
INFO:src.utils.logger:Model state saved to results\ho\DV\20260305-054940_seed0_ho_DV_bl_layered_e1500_w300_4q_4l\checkpoints\2026-03-05_05-50-04-441757_ho_DV_seed\model.pth
INFO:src.utils.logger:Model weights saved to results\ho\DV\20260305-054940_seed0_ho_DV_bl_layered_e1500_w300_4q_4l\checkpoints\2026-03-05_05-50-04-441757_ho_DV_seed\model_weights.pth
INFO:src.utils.logger:It: 300, Loss: 5.369e-02, Loss_res: 4.173e-02,  Loss_bcs: 5.601e-04, Loss_ut_ics: 5.696e-05, Loss_norm: 1.977e-06, Loss_gauge: 0.000e+00, w_pde: 1.00e+00, L^2_error: 9.726e-02, lr: 1.000e-03, Time: 1.11e+03
INFO:src.utils.logger:Model state saved to results\ho\DV\20260305-054940_seed0_ho_DV_bl_layered_e1500_w300_4q_4l\checkpoints\2026-03-05_05-50-04-441757_ho_DV_seed\model.pth
INFO:src.utils.logger:Model weights saved to results\ho\DV\20260305-054940_seed0_ho_DV_bl_layered_e1500_w300_4q_4l\checkpoints\2026-03-05_05-50-04-441757_ho_DV_seed\model_weights.pth
INFO:src.utils.logger:It: 301, Loss: 4.789e-02, Loss_res: 3.599e-02,  Loss_bcs: 5.615e-04, Loss_ut_ics: 5.666e-05, Loss_norm: 1.914e-06, Loss_gauge: 0.000e+00, w_pde: 1.00e+00, L^2_error: 9.723e-02, lr: 1.000e-03, Time: 1.11e+03
INFO:src.utils.logger:Model state saved to results\ho\DV\20260305-054940_seed0_ho_DV_bl_layered_e1500_w300_4q_4l\checkpoints\2026-03-05_05-50-04-441757_ho_DV_seed\model.pth
INFO:src.utils.logger:Model weights saved to results\ho\DV\20260305-054940_seed0_ho_DV_bl_layered_e1500_w300_4q_4l\checkpoints\2026-03-05_05-50-04-441757_ho_DV_seed\model_weights.pth
INFO:src.utils.logger:It: 302, Loss: 5.254e-02, Loss_res: 4.070e-02,  Loss_bcs: 5.596e-04, Loss_ut_ics: 5.636e-05, Loss_norm: 1.844e-06, Loss_gauge: 0.000e+00, w_pde: 1.00e+00, L^2_error: 9.719e-02, lr: 1.000e-03, Time: 1.12e+03
INFO:src.utils.logger:Model state saved to results\ho\DV\20260305-054940_seed0_ho_DV_bl_layered_e1500_w300_4q_4l\checkpoints\2026-03-05_05-50-04-441757_ho_DV_seed\model.pth
INFO:src.utils.logger:Model weights saved to results\ho\DV\20260305-054940_seed0_ho_DV_bl_layered_e1500_w300_4q_4l\checkpoints\2026-03-05_05-50-04-441757_ho_DV_seed\model_weights.pth
INFO:src.utils.logger:It: 303, Loss: 4.835e-02, Loss_res: 3.657e-02,  Loss_bcs: 5.611e-04, Loss_ut_ics: 5.607e-05, Loss_norm: 1.833e-06, Loss_gauge: 0.000e+00, w_pde: 1.00e+00, L^2_error: 9.716e-02, lr: 1.000e-03, Time: 1.12e+03
INFO:src.utils.logger:Model state saved to results\ho\DV\20260305-054940_seed0_ho_DV_bl_layered_e1500_w300_4q_4l\checkpoints\2026-03-05_05-50-04-441757_ho_DV_seed\model.pth
INFO:src.utils.logger:Model weights saved to results\ho\DV\20260305-054940_seed0_ho_DV_bl_layered_e1500_w300_4q_4l\checkpoints\2026-03-05_05-50-04-441757_ho_DV_seed\model_weights.pth
INFO:src.utils.logger:It: 304, Loss: 5.129e-02, Loss_res: 3.956e-02,  Loss_bcs: 5.643e-04, Loss_ut_ics: 5.579e-05, Loss_norm: 1.831e-06, Loss_gauge: 0.000e+00, w_pde: 1.00e+00, L^2_error: 9.711e-02, lr: 1.000e-03, Time: 1.12e+03
INFO:src.utils.logger:Model state saved to results\ho\DV\20260305-054940_seed0_ho_DV_bl_layered_e1500_w300_4q_4l\checkpoints\2026-03-05_05-50-04-441757_ho_DV_seed\model.pth
INFO:src.utils.logger:Model weights saved to results\ho\DV\20260305-054940_seed0_ho_DV_bl_layered_e1500_w300_4q_4l\checkpoints\2026-03-05_05-50-04-441757_ho_DV_seed\model_weights.pth
INFO:src.utils.logger:It: 305, Loss: 5.069e-02, Loss_res: 3.902e-02,  Loss_bcs: 5.642e-04, Loss_ut_ics: 5.550e-05, Loss_norm: 1.879e-06, Loss_gauge: 0.000e+00, w_pde: 1.00e+00, L^2_error: 9.707e-02, lr: 1.000e-03, Time: 1.13e+03
INFO:src.utils.logger:Model state saved to results\ho\DV\20260305-054940_seed0_ho_DV_bl_layered_e1500_w300_4q_4l\checkpoints\2026-03-05_05-50-04-441757_ho_DV_seed\model.pth
INFO:src.utils.logger:Model weights saved to results\ho\DV\20260305-054940_seed0_ho_DV_bl_layered_e1500_w300_4q_4l\checkpoints\2026-03-05_05-50-04-441757_ho_DV_seed\model_weights.pth
INFO:src.utils.logger:It: 306, Loss: 5.141e-02, Loss_res: 3.979e-02,  Loss_bcs: 5.642e-04, Loss_ut_ics: 5.521e-05, Loss_norm: 1.937e-06, Loss_gauge: 0.000e+00, w_pde: 1.00e+00, L^2_error: 9.702e-02, lr: 1.000e-03, Time: 1.13e+03
INFO:src.utils.logger:Model state saved to results\ho\DV\20260305-054940_seed0_ho_DV_bl_layered_e1500_w300_4q_4l\checkpoints\2026-03-05_05-50-04-441757_ho_DV_seed\model.pth
INFO:src.utils.logger:Model weights saved to results\ho\DV\20260305-054940_seed0_ho_DV_bl_layered_e1500_w300_4q_4l\checkpoints\2026-03-05_05-50-04-441757_ho_DV_seed\model_weights.pth
INFO:src.utils.logger:It: 307, Loss: 5.133e-02, Loss_res: 3.976e-02,  Loss_bcs: 5.686e-04, Loss_ut_ics: 5.493e-05, Loss_norm: 2.035e-06, Loss_gauge: 0.000e+00, w_pde: 1.00e+00, L^2_error: 9.697e-02, lr: 1.000e-03, Time: 1.13e+03
INFO:src.utils.logger:Model state saved to results\ho\DV\20260305-054940_seed0_ho_DV_bl_layered_e1500_w300_4q_4l\checkpoints\2026-03-05_05-50-04-441757_ho_DV_seed\model.pth
INFO:src.utils.logger:Model weights saved to results\ho\DV\20260305-054940_seed0_ho_DV_bl_layered_e1500_w300_4q_4l\checkpoints\2026-03-05_05-50-04-441757_ho_DV_seed\model_weights.pth
INFO:src.utils.logger:It: 308, Loss: 5.461e-02, Loss_res: 4.310e-02,  Loss_bcs: 5.664e-04, Loss_ut_ics: 5.465e-05, Loss_norm: 2.125e-06, Loss_gauge: 0.000e+00, w_pde: 1.00e+00, L^2_error: 9.692e-02, lr: 1.000e-03, Time: 1.14e+03
INFO:src.utils.logger:Model state saved to results\ho\DV\20260305-054940_seed0_ho_DV_bl_layered_e1500_w300_4q_4l\checkpoints\2026-03-05_05-50-04-441757_ho_DV_seed\model.pth
INFO:src.utils.logger:Model weights saved to results\ho\DV\20260305-054940_seed0_ho_DV_bl_layered_e1500_w300_4q_4l\checkpoints\2026-03-05_05-50-04-441757_ho_DV_seed\model_weights.pth
INFO:src.utils.logger:It: 309, Loss: 5.152e-02, Loss_res: 4.006e-02,  Loss_bcs: 5.701e-04, Loss_ut_ics: 5.437e-05, Loss_norm: 2.229e-06, Loss_gauge: 0.000e+00, w_pde: 1.00e+00, L^2_error: 9.687e-02, lr: 1.000e-03, Time: 1.14e+03
INFO:src.utils.logger:Model state saved to results\ho\DV\20260305-054940_seed0_ho_DV_bl_layered_e1500_w300_4q_4l\checkpoints\2026-03-05_05-50-04-441757_ho_DV_seed\model.pth
INFO:src.utils.logger:Model weights saved to results\ho\DV\20260305-054940_seed0_ho_DV_bl_layered_e1500_w300_4q_4l\checkpoints\2026-03-05_05-50-04-441757_ho_DV_seed\model_weights.pth
INFO:src.utils.logger:It: 310, Loss: 4.977e-02, Loss_res: 3.837e-02,  Loss_bcs: 5.684e-04, Loss_ut_ics: 5.410e-05, Loss_norm: 2.277e-06, Loss_gauge: 0.000e+00, w_pde: 1.00e+00, L^2_error: 9.683e-02, lr: 1.000e-03, Time: 1.15e+03
INFO:src.utils.logger:Model state saved to results\ho\DV\20260305-054940_seed0_ho_DV_bl_layered_e1500_w300_4q_4l\checkpoints\2026-03-05_05-50-04-441757_ho_DV_seed\model.pth
INFO:src.utils.logger:Model weights saved to results\ho\DV\20260305-054940_seed0_ho_DV_bl_layered_e1500_w300_4q_4l\checkpoints\2026-03-05_05-50-04-441757_ho_DV_seed\model_weights.pth
INFO:src.utils.logger:It: 311, Loss: 5.291e-02, Loss_res: 4.156e-02,  Loss_bcs: 5.690e-04, Loss_ut_ics: 5.382e-05, Loss_norm: 2.207e-06, Loss_gauge: 0.000e+00, w_pde: 1.00e+00, L^2_error: 9.679e-02, lr: 1.000e-03, Time: 1.15e+03
INFO:src.utils.logger:Model state saved to results\ho\DV\20260305-054940_seed0_ho_DV_bl_layered_e1500_w300_4q_4l\checkpoints\2026-03-05_05-50-04-441757_ho_DV_seed\model.pth
INFO:src.utils.logger:Model weights saved to results\ho\DV\20260305-054940_seed0_ho_DV_bl_layered_e1500_w300_4q_4l\checkpoints\2026-03-05_05-50-04-441757_ho_DV_seed\model_weights.pth
INFO:src.utils.logger:It: 312, Loss: 5.228e-02, Loss_res: 4.099e-02,  Loss_bcs: 5.649e-04, Loss_ut_ics: 5.355e-05, Loss_norm: 2.098e-06, Loss_gauge: 0.000e+00, w_pde: 1.00e+00, L^2_error: 9.675e-02, lr: 1.000e-03, Time: 1.15e+03
INFO:src.utils.logger:Model state saved to results\ho\DV\20260305-054940_seed0_ho_DV_bl_layered_e1500_w300_4q_4l\checkpoints\2026-03-05_05-50-04-441757_ho_DV_seed\model.pth
INFO:src.utils.logger:Model weights saved to results\ho\DV\20260305-054940_seed0_ho_DV_bl_layered_e1500_w300_4q_4l\checkpoints\2026-03-05_05-50-04-441757_ho_DV_seed\model_weights.pth
INFO:src.utils.logger:It: 313, Loss: 4.885e-02, Loss_res: 3.761e-02,  Loss_bcs: 5.722e-04, Loss_ut_ics: 5.327e-05, Loss_norm: 1.969e-06, Loss_gauge: 0.000e+00, w_pde: 1.00e+00, L^2_error: 9.672e-02, lr: 1.000e-03, Time: 1.16e+03
INFO:src.utils.logger:Model state saved to results\ho\DV\20260305-054940_seed0_ho_DV_bl_layered_e1500_w300_4q_4l\checkpoints\2026-03-05_05-50-04-441757_ho_DV_seed\model.pth
INFO:src.utils.logger:Model weights saved to results\ho\DV\20260305-054940_seed0_ho_DV_bl_layered_e1500_w300_4q_4l\checkpoints\2026-03-05_05-50-04-441757_ho_DV_seed\model_weights.pth
INFO:src.utils.logger:It: 314, Loss: 5.037e-02, Loss_res: 3.919e-02,  Loss_bcs: 5.654e-04, Loss_ut_ics: 5.301e-05, Loss_norm: 1.833e-06, Loss_gauge: 0.000e+00, w_pde: 1.00e+00, L^2_error: 9.668e-02, lr: 1.000e-03, Time: 1.16e+03
INFO:src.utils.logger:Model state saved to results\ho\DV\20260305-054940_seed0_ho_DV_bl_layered_e1500_w300_4q_4l\checkpoints\2026-03-05_05-50-04-441757_ho_DV_seed\model.pth
INFO:src.utils.logger:Model weights saved to results\ho\DV\20260305-054940_seed0_ho_DV_bl_layered_e1500_w300_4q_4l\checkpoints\2026-03-05_05-50-04-441757_ho_DV_seed\model_weights.pth
INFO:src.utils.logger:It: 315, Loss: 5.056e-02, Loss_res: 3.943e-02,  Loss_bcs: 5.694e-04, Loss_ut_ics: 5.274e-05, Loss_norm: 1.734e-06, Loss_gauge: 0.000e+00, w_pde: 1.00e+00, L^2_error: 9.665e-02, lr: 1.000e-03, Time: 1.16e+03
INFO:src.utils.logger:Model state saved to results\ho\DV\20260305-054940_seed0_ho_DV_bl_layered_e1500_w300_4q_4l\checkpoints\2026-03-05_05-50-04-441757_ho_DV_seed\model.pth
INFO:src.utils.logger:Model weights saved to results\ho\DV\20260305-054940_seed0_ho_DV_bl_layered_e1500_w300_4q_4l\checkpoints\2026-03-05_05-50-04-441757_ho_DV_seed\model_weights.pth
INFO:src.utils.logger:It: 316, Loss: 5.188e-02, Loss_res: 4.080e-02,  Loss_bcs: 5.699e-04, Loss_ut_ics: 5.249e-05, Loss_norm: 1.678e-06, Loss_gauge: 0.000e+00, w_pde: 1.00e+00, L^2_error: 9.662e-02, lr: 1.000e-03, Time: 1.17e+03
INFO:src.utils.logger:Model state saved to results\ho\DV\20260305-054940_seed0_ho_DV_bl_layered_e1500_w300_4q_4l\checkpoints\2026-03-05_05-50-04-441757_ho_DV_seed\model.pth
INFO:src.utils.logger:Model weights saved to results\ho\DV\20260305-054940_seed0_ho_DV_bl_layered_e1500_w300_4q_4l\checkpoints\2026-03-05_05-50-04-441757_ho_DV_seed\model_weights.pth
INFO:src.utils.logger:It: 317, Loss: 4.641e-02, Loss_res: 3.539e-02,  Loss_bcs: 5.703e-04, Loss_ut_ics: 5.223e-05, Loss_norm: 1.705e-06, Loss_gauge: 0.000e+00, w_pde: 1.00e+00, L^2_error: 9.659e-02, lr: 1.000e-03, Time: 1.17e+03
INFO:src.utils.logger:Model state saved to results\ho\DV\20260305-054940_seed0_ho_DV_bl_layered_e1500_w300_4q_4l\checkpoints\2026-03-05_05-50-04-441757_ho_DV_seed\model.pth
INFO:src.utils.logger:Model weights saved to results\ho\DV\20260305-054940_seed0_ho_DV_bl_layered_e1500_w300_4q_4l\checkpoints\2026-03-05_05-50-04-441757_ho_DV_seed\model_weights.pth
INFO:src.utils.logger:It: 318, Loss: 4.965e-02, Loss_res: 3.868e-02,  Loss_bcs: 5.698e-04, Loss_ut_ics: 5.198e-05, Loss_norm: 1.733e-06, Loss_gauge: 0.000e+00, w_pde: 1.00e+00, L^2_error: 9.656e-02, lr: 1.000e-03, Time: 1.18e+03
INFO:src.utils.logger:Model state saved to results\ho\DV\20260305-054940_seed0_ho_DV_bl_layered_e1500_w300_4q_4l\checkpoints\2026-03-05_05-50-04-441757_ho_DV_seed\model.pth
INFO:src.utils.logger:Model weights saved to results\ho\DV\20260305-054940_seed0_ho_DV_bl_layered_e1500_w300_4q_4l\checkpoints\2026-03-05_05-50-04-441757_ho_DV_seed\model_weights.pth
INFO:src.utils.logger:It: 319, Loss: 5.230e-02, Loss_res: 4.137e-02,  Loss_bcs: 5.721e-04, Loss_ut_ics: 5.173e-05, Loss_norm: 1.789e-06, Loss_gauge: 0.000e+00, w_pde: 1.00e+00, L^2_error: 9.652e-02, lr: 1.000e-03, Time: 1.18e+03
INFO:src.utils.logger:Model state saved to results\ho\DV\20260305-054940_seed0_ho_DV_bl_layered_e1500_w300_4q_4l\checkpoints\2026-03-05_05-50-04-441757_ho_DV_seed\model.pth
INFO:src.utils.logger:Model weights saved to results\ho\DV\20260305-054940_seed0_ho_DV_bl_layered_e1500_w300_4q_4l\checkpoints\2026-03-05_05-50-04-441757_ho_DV_seed\model_weights.pth
INFO:src.utils.logger:It: 320, Loss: 4.825e-02, Loss_res: 3.737e-02,  Loss_bcs: 5.717e-04, Loss_ut_ics: 5.148e-05, Loss_norm: 1.863e-06, Loss_gauge: 0.000e+00, w_pde: 1.00e+00, L^2_error: 9.649e-02, lr: 1.000e-03, Time: 1.18e+03
INFO:src.utils.logger:Model state saved to results\ho\DV\20260305-054940_seed0_ho_DV_bl_layered_e1500_w300_4q_4l\checkpoints\2026-03-05_05-50-04-441757_ho_DV_seed\model.pth
INFO:src.utils.logger:Model weights saved to results\ho\DV\20260305-054940_seed0_ho_DV_bl_layered_e1500_w300_4q_4l\checkpoints\2026-03-05_05-50-04-441757_ho_DV_seed\model_weights.pth
INFO:src.utils.logger:It: 321, Loss: 5.046e-02, Loss_res: 3.964e-02,  Loss_bcs: 5.695e-04, Loss_ut_ics: 5.123e-05, Loss_norm: 1.930e-06, Loss_gauge: 0.000e+00, w_pde: 1.00e+00, L^2_error: 9.646e-02, lr: 1.000e-03, Time: 1.19e+03
INFO:src.utils.logger:Model state saved to results\ho\DV\20260305-054940_seed0_ho_DV_bl_layered_e1500_w300_4q_4l\checkpoints\2026-03-05_05-50-04-441757_ho_DV_seed\model.pth
INFO:src.utils.logger:Model weights saved to results\ho\DV\20260305-054940_seed0_ho_DV_bl_layered_e1500_w300_4q_4l\checkpoints\2026-03-05_05-50-04-441757_ho_DV_seed\model_weights.pth
INFO:src.utils.logger:It: 322, Loss: 5.152e-02, Loss_res: 4.075e-02,  Loss_bcs: 5.715e-04, Loss_ut_ics: 5.098e-05, Loss_norm: 1.967e-06, Loss_gauge: 0.000e+00, w_pde: 1.00e+00, L^2_error: 9.642e-02, lr: 1.000e-03, Time: 1.19e+03
INFO:src.utils.logger:Model state saved to results\ho\DV\20260305-054940_seed0_ho_DV_bl_layered_e1500_w300_4q_4l\checkpoints\2026-03-05_05-50-04-441757_ho_DV_seed\model.pth
INFO:src.utils.logger:Model weights saved to results\ho\DV\20260305-054940_seed0_ho_DV_bl_layered_e1500_w300_4q_4l\checkpoints\2026-03-05_05-50-04-441757_ho_DV_seed\model_weights.pth
INFO:src.utils.logger:It: 323, Loss: 5.020e-02, Loss_res: 3.947e-02,  Loss_bcs: 5.751e-04, Loss_ut_ics: 5.073e-05, Loss_norm: 1.981e-06, Loss_gauge: 0.000e+00, w_pde: 1.00e+00, L^2_error: 9.639e-02, lr: 1.000e-03, Time: 1.19e+03
INFO:src.utils.logger:Model state saved to results\ho\DV\20260305-054940_seed0_ho_DV_bl_layered_e1500_w300_4q_4l\checkpoints\2026-03-05_05-50-04-441757_ho_DV_seed\model.pth
INFO:src.utils.logger:Model weights saved to results\ho\DV\20260305-054940_seed0_ho_DV_bl_layered_e1500_w300_4q_4l\checkpoints\2026-03-05_05-50-04-441757_ho_DV_seed\model_weights.pth
INFO:src.utils.logger:It: 324, Loss: 4.735e-02, Loss_res: 3.667e-02,  Loss_bcs: 5.764e-04, Loss_ut_ics: 5.049e-05, Loss_norm: 1.931e-06, Loss_gauge: 0.000e+00, w_pde: 1.00e+00, L^2_error: 9.636e-02, lr: 1.000e-03, Time: 1.20e+03
INFO:src.utils.logger:Model state saved to results\ho\DV\20260305-054940_seed0_ho_DV_bl_layered_e1500_w300_4q_4l\checkpoints\2026-03-05_05-50-04-441757_ho_DV_seed\model.pth
INFO:src.utils.logger:Model weights saved to results\ho\DV\20260305-054940_seed0_ho_DV_bl_layered_e1500_w300_4q_4l\checkpoints\2026-03-05_05-50-04-441757_ho_DV_seed\model_weights.pth
INFO:src.utils.logger:It: 325, Loss: 4.996e-02, Loss_res: 3.932e-02,  Loss_bcs: 5.778e-04, Loss_ut_ics: 5.025e-05, Loss_norm: 1.898e-06, Loss_gauge: 0.000e+00, w_pde: 1.00e+00, L^2_error: 9.633e-02, lr: 1.000e-03, Time: 1.20e+03
INFO:src.utils.logger:Model state saved to results\ho\DV\20260305-054940_seed0_ho_DV_bl_layered_e1500_w300_4q_4l\checkpoints\2026-03-05_05-50-04-441757_ho_DV_seed\model.pth
INFO:src.utils.logger:Model weights saved to results\ho\DV\20260305-054940_seed0_ho_DV_bl_layered_e1500_w300_4q_4l\checkpoints\2026-03-05_05-50-04-441757_ho_DV_seed\model_weights.pth
INFO:src.utils.logger:It: 326, Loss: 5.011e-02, Loss_res: 3.952e-02,  Loss_bcs: 5.725e-04, Loss_ut_ics: 5.003e-05, Loss_norm: 1.855e-06, Loss_gauge: 0.000e+00, w_pde: 1.00e+00, L^2_error: 9.631e-02, lr: 1.000e-03, Time: 1.21e+03
INFO:src.utils.logger:Model state saved to results\ho\DV\20260305-054940_seed0_ho_DV_bl_layered_e1500_w300_4q_4l\checkpoints\2026-03-05_05-50-04-441757_ho_DV_seed\model.pth
INFO:src.utils.logger:Model weights saved to results\ho\DV\20260305-054940_seed0_ho_DV_bl_layered_e1500_w300_4q_4l\checkpoints\2026-03-05_05-50-04-441757_ho_DV_seed\model_weights.pth
INFO:src.utils.logger:It: 327, Loss: 5.223e-02, Loss_res: 4.169e-02,  Loss_bcs: 5.775e-04, Loss_ut_ics: 4.981e-05, Loss_norm: 1.786e-06, Loss_gauge: 0.000e+00, w_pde: 1.00e+00, L^2_error: 9.628e-02, lr: 1.000e-03, Time: 1.21e+03
INFO:src.utils.logger:Model state saved to results\ho\DV\20260305-054940_seed0_ho_DV_bl_layered_e1500_w300_4q_4l\checkpoints\2026-03-05_05-50-04-441757_ho_DV_seed\model.pth
INFO:src.utils.logger:Model weights saved to results\ho\DV\20260305-054940_seed0_ho_DV_bl_layered_e1500_w300_4q_4l\checkpoints\2026-03-05_05-50-04-441757_ho_DV_seed\model_weights.pth
INFO:src.utils.logger:It: 328, Loss: 4.898e-02, Loss_res: 3.847e-02,  Loss_bcs: 5.767e-04, Loss_ut_ics: 4.960e-05, Loss_norm: 1.763e-06, Loss_gauge: 0.000e+00, w_pde: 1.00e+00, L^2_error: 9.625e-02, lr: 1.000e-03, Time: 1.21e+03
INFO:src.utils.logger:Model state saved to results\ho\DV\20260305-054940_seed0_ho_DV_bl_layered_e1500_w300_4q_4l\checkpoints\2026-03-05_05-50-04-441757_ho_DV_seed\model.pth
INFO:src.utils.logger:Model weights saved to results\ho\DV\20260305-054940_seed0_ho_DV_bl_layered_e1500_w300_4q_4l\checkpoints\2026-03-05_05-50-04-441757_ho_DV_seed\model_weights.pth
INFO:src.utils.logger:It: 329, Loss: 4.759e-02, Loss_res: 3.713e-02,  Loss_bcs: 5.778e-04, Loss_ut_ics: 4.940e-05, Loss_norm: 1.742e-06, Loss_gauge: 0.000e+00, w_pde: 1.00e+00, L^2_error: 9.622e-02, lr: 1.000e-03, Time: 1.22e+03
INFO:src.utils.logger:Model state saved to results\ho\DV\20260305-054940_seed0_ho_DV_bl_layered_e1500_w300_4q_4l\checkpoints\2026-03-05_05-50-04-441757_ho_DV_seed\model.pth
INFO:src.utils.logger:Model weights saved to results\ho\DV\20260305-054940_seed0_ho_DV_bl_layered_e1500_w300_4q_4l\checkpoints\2026-03-05_05-50-04-441757_ho_DV_seed\model_weights.pth
INFO:src.utils.logger:It: 330, Loss: 5.195e-02, Loss_res: 4.153e-02,  Loss_bcs: 5.751e-04, Loss_ut_ics: 4.919e-05, Loss_norm: 1.730e-06, Loss_gauge: 0.000e+00, w_pde: 1.00e+00, L^2_error: 9.619e-02, lr: 1.000e-03, Time: 1.22e+03
INFO:src.utils.logger:Model state saved to results\ho\DV\20260305-054940_seed0_ho_DV_bl_layered_e1500_w300_4q_4l\checkpoints\2026-03-05_05-50-04-441757_ho_DV_seed\model.pth
INFO:src.utils.logger:Model weights saved to results\ho\DV\20260305-054940_seed0_ho_DV_bl_layered_e1500_w300_4q_4l\checkpoints\2026-03-05_05-50-04-441757_ho_DV_seed\model_weights.pth
INFO:src.utils.logger:It: 331, Loss: 5.101e-02, Loss_res: 4.062e-02,  Loss_bcs: 5.792e-04, Loss_ut_ics: 4.899e-05, Loss_norm: 1.765e-06, Loss_gauge: 0.000e+00, w_pde: 1.00e+00, L^2_error: 9.615e-02, lr: 1.000e-03, Time: 1.22e+03
INFO:src.utils.logger:Model state saved to results\ho\DV\20260305-054940_seed0_ho_DV_bl_layered_e1500_w300_4q_4l\checkpoints\2026-03-05_05-50-04-441757_ho_DV_seed\model.pth
INFO:src.utils.logger:Model weights saved to results\ho\DV\20260305-054940_seed0_ho_DV_bl_layered_e1500_w300_4q_4l\checkpoints\2026-03-05_05-50-04-441757_ho_DV_seed\model_weights.pth
INFO:src.utils.logger:It: 332, Loss: 5.023e-02, Loss_res: 3.989e-02,  Loss_bcs: 5.738e-04, Loss_ut_ics: 4.879e-05, Loss_norm: 1.812e-06, Loss_gauge: 0.000e+00, w_pde: 1.00e+00, L^2_error: 9.611e-02, lr: 1.000e-03, Time: 1.23e+03
INFO:src.utils.logger:Model state saved to results\ho\DV\20260305-054940_seed0_ho_DV_bl_layered_e1500_w300_4q_4l\checkpoints\2026-03-05_05-50-04-441757_ho_DV_seed\model.pth
INFO:src.utils.logger:Model weights saved to results\ho\DV\20260305-054940_seed0_ho_DV_bl_layered_e1500_w300_4q_4l\checkpoints\2026-03-05_05-50-04-441757_ho_DV_seed\model_weights.pth
INFO:src.utils.logger:It: 333, Loss: 5.027e-02, Loss_res: 3.996e-02,  Loss_bcs: 5.783e-04, Loss_ut_ics: 4.859e-05, Loss_norm: 1.880e-06, Loss_gauge: 0.000e+00, w_pde: 1.00e+00, L^2_error: 9.607e-02, lr: 1.000e-03, Time: 1.23e+03
INFO:src.utils.logger:Model state saved to results\ho\DV\20260305-054940_seed0_ho_DV_bl_layered_e1500_w300_4q_4l\checkpoints\2026-03-05_05-50-04-441757_ho_DV_seed\model.pth
INFO:src.utils.logger:Model weights saved to results\ho\DV\20260305-054940_seed0_ho_DV_bl_layered_e1500_w300_4q_4l\checkpoints\2026-03-05_05-50-04-441757_ho_DV_seed\model_weights.pth
INFO:src.utils.logger:It: 334, Loss: 5.101e-02, Loss_res: 4.074e-02,  Loss_bcs: 5.784e-04, Loss_ut_ics: 4.839e-05, Loss_norm: 1.933e-06, Loss_gauge: 0.000e+00, w_pde: 1.00e+00, L^2_error: 9.603e-02, lr: 1.000e-03, Time: 1.23e+03
INFO:src.utils.logger:Model state saved to results\ho\DV\20260305-054940_seed0_ho_DV_bl_layered_e1500_w300_4q_4l\checkpoints\2026-03-05_05-50-04-441757_ho_DV_seed\model.pth
INFO:src.utils.logger:Model weights saved to results\ho\DV\20260305-054940_seed0_ho_DV_bl_layered_e1500_w300_4q_4l\checkpoints\2026-03-05_05-50-04-441757_ho_DV_seed\model_weights.pth
INFO:src.utils.logger:It: 335, Loss: 4.757e-02, Loss_res: 3.735e-02,  Loss_bcs: 5.769e-04, Loss_ut_ics: 4.820e-05, Loss_norm: 1.957e-06, Loss_gauge: 0.000e+00, w_pde: 1.00e+00, L^2_error: 9.599e-02, lr: 1.000e-03, Time: 1.24e+03
INFO:src.utils.logger:Model state saved to results\ho\DV\20260305-054940_seed0_ho_DV_bl_layered_e1500_w300_4q_4l\checkpoints\2026-03-05_05-50-04-441757_ho_DV_seed\model.pth
INFO:src.utils.logger:Model weights saved to results\ho\DV\20260305-054940_seed0_ho_DV_bl_layered_e1500_w300_4q_4l\checkpoints\2026-03-05_05-50-04-441757_ho_DV_seed\model_weights.pth
INFO:src.utils.logger:It: 336, Loss: 4.859e-02, Loss_res: 3.839e-02,  Loss_bcs: 5.804e-04, Loss_ut_ics: 4.801e-05, Loss_norm: 2.021e-06, Loss_gauge: 0.000e+00, w_pde: 1.00e+00, L^2_error: 9.595e-02, lr: 1.000e-03, Time: 1.24e+03
INFO:src.utils.logger:Model state saved to results\ho\DV\20260305-054940_seed0_ho_DV_bl_layered_e1500_w300_4q_4l\checkpoints\2026-03-05_05-50-04-441757_ho_DV_seed\model.pth
INFO:src.utils.logger:Model weights saved to results\ho\DV\20260305-054940_seed0_ho_DV_bl_layered_e1500_w300_4q_4l\checkpoints\2026-03-05_05-50-04-441757_ho_DV_seed\model_weights.pth
INFO:src.utils.logger:It: 337, Loss: 5.031e-02, Loss_res: 4.016e-02,  Loss_bcs: 5.787e-04, Loss_ut_ics: 4.782e-05, Loss_norm: 2.061e-06, Loss_gauge: 0.000e+00, w_pde: 1.00e+00, L^2_error: 9.591e-02, lr: 1.000e-03, Time: 1.25e+03
INFO:src.utils.logger:Model state saved to results\ho\DV\20260305-054940_seed0_ho_DV_bl_layered_e1500_w300_4q_4l\checkpoints\2026-03-05_05-50-04-441757_ho_DV_seed\model.pth
INFO:src.utils.logger:Model weights saved to results\ho\DV\20260305-054940_seed0_ho_DV_bl_layered_e1500_w300_4q_4l\checkpoints\2026-03-05_05-50-04-441757_ho_DV_seed\model_weights.pth
INFO:src.utils.logger:It: 338, Loss: 5.002e-02, Loss_res: 3.991e-02,  Loss_bcs: 5.796e-04, Loss_ut_ics: 4.762e-05, Loss_norm: 2.020e-06, Loss_gauge: 0.000e+00, w_pde: 1.00e+00, L^2_error: 9.587e-02, lr: 1.000e-03, Time: 1.25e+03
INFO:src.utils.logger:Model state saved to results\ho\DV\20260305-054940_seed0_ho_DV_bl_layered_e1500_w300_4q_4l\checkpoints\2026-03-05_05-50-04-441757_ho_DV_seed\model.pth
INFO:src.utils.logger:Model weights saved to results\ho\DV\20260305-054940_seed0_ho_DV_bl_layered_e1500_w300_4q_4l\checkpoints\2026-03-05_05-50-04-441757_ho_DV_seed\model_weights.pth
INFO:src.utils.logger:It: 339, Loss: 4.904e-02, Loss_res: 3.897e-02,  Loss_bcs: 5.784e-04, Loss_ut_ics: 4.742e-05, Loss_norm: 1.999e-06, Loss_gauge: 0.000e+00, w_pde: 1.00e+00, L^2_error: 9.583e-02, lr: 1.000e-03, Time: 1.25e+03
INFO:src.utils.logger:Model state saved to results\ho\DV\20260305-054940_seed0_ho_DV_bl_layered_e1500_w300_4q_4l\checkpoints\2026-03-05_05-50-04-441757_ho_DV_seed\model.pth
INFO:src.utils.logger:Model weights saved to results\ho\DV\20260305-054940_seed0_ho_DV_bl_layered_e1500_w300_4q_4l\checkpoints\2026-03-05_05-50-04-441757_ho_DV_seed\model_weights.pth
INFO:src.utils.logger:It: 340, Loss: 5.246e-02, Loss_res: 4.243e-02,  Loss_bcs: 5.803e-04, Loss_ut_ics: 4.722e-05, Loss_norm: 1.935e-06, Loss_gauge: 0.000e+00, w_pde: 1.00e+00, L^2_error: 9.579e-02, lr: 1.000e-03, Time: 1.26e+03
INFO:src.utils.logger:Model state saved to results\ho\DV\20260305-054940_seed0_ho_DV_bl_layered_e1500_w300_4q_4l\checkpoints\2026-03-05_05-50-04-441757_ho_DV_seed\model.pth
INFO:src.utils.logger:Model weights saved to results\ho\DV\20260305-054940_seed0_ho_DV_bl_layered_e1500_w300_4q_4l\checkpoints\2026-03-05_05-50-04-441757_ho_DV_seed\model_weights.pth
INFO:src.utils.logger:It: 341, Loss: 4.881e-02, Loss_res: 3.882e-02,  Loss_bcs: 5.788e-04, Loss_ut_ics: 4.702e-05, Loss_norm: 1.862e-06, Loss_gauge: 0.000e+00, w_pde: 1.00e+00, L^2_error: 9.576e-02, lr: 1.000e-03, Time: 1.26e+03
INFO:src.utils.logger:Model state saved to results\ho\DV\20260305-054940_seed0_ho_DV_bl_layered_e1500_w300_4q_4l\checkpoints\2026-03-05_05-50-04-441757_ho_DV_seed\model.pth
INFO:src.utils.logger:Model weights saved to results\ho\DV\20260305-054940_seed0_ho_DV_bl_layered_e1500_w300_4q_4l\checkpoints\2026-03-05_05-50-04-441757_ho_DV_seed\model_weights.pth
INFO:src.utils.logger:It: 342, Loss: 5.158e-02, Loss_res: 4.162e-02,  Loss_bcs: 5.779e-04, Loss_ut_ics: 4.683e-05, Loss_norm: 1.841e-06, Loss_gauge: 0.000e+00, w_pde: 1.00e+00, L^2_error: 9.572e-02, lr: 1.000e-03, Time: 1.26e+03
INFO:src.utils.logger:Model state saved to results\ho\DV\20260305-054940_seed0_ho_DV_bl_layered_e1500_w300_4q_4l\checkpoints\2026-03-05_05-50-04-441757_ho_DV_seed\model.pth
INFO:src.utils.logger:Model weights saved to results\ho\DV\20260305-054940_seed0_ho_DV_bl_layered_e1500_w300_4q_4l\checkpoints\2026-03-05_05-50-04-441757_ho_DV_seed\model_weights.pth
INFO:src.utils.logger:It: 343, Loss: 4.998e-02, Loss_res: 4.007e-02,  Loss_bcs: 5.781e-04, Loss_ut_ics: 4.664e-05, Loss_norm: 1.870e-06, Loss_gauge: 0.000e+00, w_pde: 1.00e+00, L^2_error: 9.568e-02, lr: 1.000e-03, Time: 1.27e+03
INFO:src.utils.logger:Model state saved to results\ho\DV\20260305-054940_seed0_ho_DV_bl_layered_e1500_w300_4q_4l\checkpoints\2026-03-05_05-50-04-441757_ho_DV_seed\model.pth
INFO:src.utils.logger:Model weights saved to results\ho\DV\20260305-054940_seed0_ho_DV_bl_layered_e1500_w300_4q_4l\checkpoints\2026-03-05_05-50-04-441757_ho_DV_seed\model_weights.pth
INFO:src.utils.logger:It: 344, Loss: 4.919e-02, Loss_res: 3.931e-02,  Loss_bcs: 5.803e-04, Loss_ut_ics: 4.645e-05, Loss_norm: 1.948e-06, Loss_gauge: 0.000e+00, w_pde: 1.00e+00, L^2_error: 9.565e-02, lr: 1.000e-03, Time: 1.27e+03
INFO:src.utils.logger:Model state saved to results\ho\DV\20260305-054940_seed0_ho_DV_bl_layered_e1500_w300_4q_4l\checkpoints\2026-03-05_05-50-04-441757_ho_DV_seed\model.pth
INFO:src.utils.logger:Model weights saved to results\ho\DV\20260305-054940_seed0_ho_DV_bl_layered_e1500_w300_4q_4l\checkpoints\2026-03-05_05-50-04-441757_ho_DV_seed\model_weights.pth
INFO:src.utils.logger:It: 345, Loss: 4.751e-02, Loss_res: 3.767e-02,  Loss_bcs: 5.757e-04, Loss_ut_ics: 4.628e-05, Loss_norm: 2.061e-06, Loss_gauge: 0.000e+00, w_pde: 1.00e+00, L^2_error: 9.563e-02, lr: 1.000e-03, Time: 1.27e+03
INFO:src.utils.logger:Model state saved to results\ho\DV\20260305-054940_seed0_ho_DV_bl_layered_e1500_w300_4q_4l\checkpoints\2026-03-05_05-50-04-441757_ho_DV_seed\model.pth
INFO:src.utils.logger:Model weights saved to results\ho\DV\20260305-054940_seed0_ho_DV_bl_layered_e1500_w300_4q_4l\checkpoints\2026-03-05_05-50-04-441757_ho_DV_seed\model_weights.pth
INFO:src.utils.logger:It: 346, Loss: 5.026e-02, Loss_res: 4.045e-02,  Loss_bcs: 5.762e-04, Loss_ut_ics: 4.611e-05, Loss_norm: 2.126e-06, Loss_gauge: 0.000e+00, w_pde: 1.00e+00, L^2_error: 9.561e-02, lr: 1.000e-03, Time: 1.28e+03
INFO:src.utils.logger:Model state saved to results\ho\DV\20260305-054940_seed0_ho_DV_bl_layered_e1500_w300_4q_4l\checkpoints\2026-03-05_05-50-04-441757_ho_DV_seed\model.pth
INFO:src.utils.logger:Model weights saved to results\ho\DV\20260305-054940_seed0_ho_DV_bl_layered_e1500_w300_4q_4l\checkpoints\2026-03-05_05-50-04-441757_ho_DV_seed\model_weights.pth
INFO:src.utils.logger:It: 347, Loss: 5.004e-02, Loss_res: 4.026e-02,  Loss_bcs: 5.783e-04, Loss_ut_ics: 4.595e-05, Loss_norm: 2.166e-06, Loss_gauge: 0.000e+00, w_pde: 1.00e+00, L^2_error: 9.559e-02, lr: 1.000e-03, Time: 1.28e+03
INFO:src.utils.logger:Model state saved to results\ho\DV\20260305-054940_seed0_ho_DV_bl_layered_e1500_w300_4q_4l\checkpoints\2026-03-05_05-50-04-441757_ho_DV_seed\model.pth
INFO:src.utils.logger:Model weights saved to results\ho\DV\20260305-054940_seed0_ho_DV_bl_layered_e1500_w300_4q_4l\checkpoints\2026-03-05_05-50-04-441757_ho_DV_seed\model_weights.pth
INFO:src.utils.logger:It: 348, Loss: 4.783e-02, Loss_res: 3.808e-02,  Loss_bcs: 5.801e-04, Loss_ut_ics: 4.580e-05, Loss_norm: 2.177e-06, Loss_gauge: 0.000e+00, w_pde: 1.00e+00, L^2_error: 9.557e-02, lr: 1.000e-03, Time: 1.29e+03
INFO:src.utils.logger:Model state saved to results\ho\DV\20260305-054940_seed0_ho_DV_bl_layered_e1500_w300_4q_4l\checkpoints\2026-03-05_05-50-04-441757_ho_DV_seed\model.pth
INFO:src.utils.logger:Model weights saved to results\ho\DV\20260305-054940_seed0_ho_DV_bl_layered_e1500_w300_4q_4l\checkpoints\2026-03-05_05-50-04-441757_ho_DV_seed\model_weights.pth
INFO:src.utils.logger:It: 349, Loss: 4.742e-02, Loss_res: 3.770e-02,  Loss_bcs: 5.777e-04, Loss_ut_ics: 4.565e-05, Loss_norm: 2.191e-06, Loss_gauge: 0.000e+00, w_pde: 1.00e+00, L^2_error: 9.555e-02, lr: 1.000e-03, Time: 1.29e+03
INFO:src.utils.logger:Model state saved to results\ho\DV\20260305-054940_seed0_ho_DV_bl_layered_e1500_w300_4q_4l\checkpoints\2026-03-05_05-50-04-441757_ho_DV_seed\model.pth
INFO:src.utils.logger:Model weights saved to results\ho\DV\20260305-054940_seed0_ho_DV_bl_layered_e1500_w300_4q_4l\checkpoints\2026-03-05_05-50-04-441757_ho_DV_seed\model_weights.pth
INFO:src.utils.logger:It: 350, Loss: 4.951e-02, Loss_res: 3.983e-02,  Loss_bcs: 5.782e-04, Loss_ut_ics: 4.549e-05, Loss_norm: 2.167e-06, Loss_gauge: 0.000e+00, w_pde: 1.00e+00, L^2_error: 9.552e-02, lr: 1.000e-03, Time: 1.29e+03
INFO:src.utils.logger:Model state saved to results\ho\DV\20260305-054940_seed0_ho_DV_bl_layered_e1500_w300_4q_4l\checkpoints\2026-03-05_05-50-04-441757_ho_DV_seed\model.pth
INFO:src.utils.logger:Model weights saved to results\ho\DV\20260305-054940_seed0_ho_DV_bl_layered_e1500_w300_4q_4l\checkpoints\2026-03-05_05-50-04-441757_ho_DV_seed\model_weights.pth
INFO:src.utils.logger:It: 351, Loss: 4.661e-02, Loss_res: 3.695e-02,  Loss_bcs: 5.820e-04, Loss_ut_ics: 4.533e-05, Loss_norm: 2.119e-06, Loss_gauge: 0.000e+00, w_pde: 1.00e+00, L^2_error: 9.549e-02, lr: 1.000e-03, Time: 1.30e+03
INFO:src.utils.logger:Model state saved to results\ho\DV\20260305-054940_seed0_ho_DV_bl_layered_e1500_w300_4q_4l\checkpoints\2026-03-05_05-50-04-441757_ho_DV_seed\model.pth
INFO:src.utils.logger:Model weights saved to results\ho\DV\20260305-054940_seed0_ho_DV_bl_layered_e1500_w300_4q_4l\checkpoints\2026-03-05_05-50-04-441757_ho_DV_seed\model_weights.pth
INFO:src.utils.logger:It: 352, Loss: 4.644e-02, Loss_res: 3.681e-02,  Loss_bcs: 5.769e-04, Loss_ut_ics: 4.518e-05, Loss_norm: 2.041e-06, Loss_gauge: 0.000e+00, w_pde: 1.00e+00, L^2_error: 9.546e-02, lr: 1.000e-03, Time: 1.30e+03
INFO:src.utils.logger:Model state saved to results\ho\DV\20260305-054940_seed0_ho_DV_bl_layered_e1500_w300_4q_4l\checkpoints\2026-03-05_05-50-04-441757_ho_DV_seed\model.pth
INFO:src.utils.logger:Model weights saved to results\ho\DV\20260305-054940_seed0_ho_DV_bl_layered_e1500_w300_4q_4l\checkpoints\2026-03-05_05-50-04-441757_ho_DV_seed\model_weights.pth
INFO:src.utils.logger:It: 353, Loss: 4.795e-02, Loss_res: 3.835e-02,  Loss_bcs: 5.826e-04, Loss_ut_ics: 4.502e-05, Loss_norm: 1.991e-06, Loss_gauge: 0.000e+00, w_pde: 1.00e+00, L^2_error: 9.542e-02, lr: 1.000e-03, Time: 1.30e+03
INFO:src.utils.logger:Model state saved to results\ho\DV\20260305-054940_seed0_ho_DV_bl_layered_e1500_w300_4q_4l\checkpoints\2026-03-05_05-50-04-441757_ho_DV_seed\model.pth
INFO:src.utils.logger:Model weights saved to results\ho\DV\20260305-054940_seed0_ho_DV_bl_layered_e1500_w300_4q_4l\checkpoints\2026-03-05_05-50-04-441757_ho_DV_seed\model_weights.pth
INFO:src.utils.logger:It: 354, Loss: 4.997e-02, Loss_res: 4.041e-02,  Loss_bcs: 5.830e-04, Loss_ut_ics: 4.486e-05, Loss_norm: 1.969e-06, Loss_gauge: 0.000e+00, w_pde: 1.00e+00, L^2_error: 9.538e-02, lr: 1.000e-03, Time: 1.31e+03
INFO:src.utils.logger:Model state saved to results\ho\DV\20260305-054940_seed0_ho_DV_bl_layered_e1500_w300_4q_4l\checkpoints\2026-03-05_05-50-04-441757_ho_DV_seed\model.pth
INFO:src.utils.logger:Model weights saved to results\ho\DV\20260305-054940_seed0_ho_DV_bl_layered_e1500_w300_4q_4l\checkpoints\2026-03-05_05-50-04-441757_ho_DV_seed\model_weights.pth
INFO:src.utils.logger:It: 355, Loss: 5.217e-02, Loss_res: 4.264e-02,  Loss_bcs: 5.782e-04, Loss_ut_ics: 4.470e-05, Loss_norm: 1.967e-06, Loss_gauge: 0.000e+00, w_pde: 1.00e+00, L^2_error: 9.533e-02, lr: 1.000e-03, Time: 1.31e+03
INFO:src.utils.logger:Model state saved to results\ho\DV\20260305-054940_seed0_ho_DV_bl_layered_e1500_w300_4q_4l\checkpoints\2026-03-05_05-50-04-441757_ho_DV_seed\model.pth
INFO:src.utils.logger:Model weights saved to results\ho\DV\20260305-054940_seed0_ho_DV_bl_layered_e1500_w300_4q_4l\checkpoints\2026-03-05_05-50-04-441757_ho_DV_seed\model_weights.pth
INFO:src.utils.logger:It: 356, Loss: 5.215e-02, Loss_res: 4.265e-02,  Loss_bcs: 5.844e-04, Loss_ut_ics: 4.452e-05, Loss_norm: 1.948e-06, Loss_gauge: 0.000e+00, w_pde: 1.00e+00, L^2_error: 9.528e-02, lr: 1.000e-03, Time: 1.32e+03
INFO:src.utils.logger:Model state saved to results\ho\DV\20260305-054940_seed0_ho_DV_bl_layered_e1500_w300_4q_4l\checkpoints\2026-03-05_05-50-04-441757_ho_DV_seed\model.pth
INFO:src.utils.logger:Model weights saved to results\ho\DV\20260305-054940_seed0_ho_DV_bl_layered_e1500_w300_4q_4l\checkpoints\2026-03-05_05-50-04-441757_ho_DV_seed\model_weights.pth
INFO:src.utils.logger:It: 357, Loss: 4.585e-02, Loss_res: 3.638e-02,  Loss_bcs: 5.887e-04, Loss_ut_ics: 4.435e-05, Loss_norm: 1.984e-06, Loss_gauge: 0.000e+00, w_pde: 1.00e+00, L^2_error: 9.523e-02, lr: 1.000e-03, Time: 1.32e+03
INFO:src.utils.logger:Model state saved to results\ho\DV\20260305-054940_seed0_ho_DV_bl_layered_e1500_w300_4q_4l\checkpoints\2026-03-05_05-50-04-441757_ho_DV_seed\model.pth
INFO:src.utils.logger:Model weights saved to results\ho\DV\20260305-054940_seed0_ho_DV_bl_layered_e1500_w300_4q_4l\checkpoints\2026-03-05_05-50-04-441757_ho_DV_seed\model_weights.pth
INFO:src.utils.logger:It: 358, Loss: 4.911e-02, Loss_res: 3.968e-02,  Loss_bcs: 5.825e-04, Loss_ut_ics: 4.418e-05, Loss_norm: 2.035e-06, Loss_gauge: 0.000e+00, w_pde: 1.00e+00, L^2_error: 9.519e-02, lr: 1.000e-03, Time: 1.32e+03
INFO:src.utils.logger:Model state saved to results\ho\DV\20260305-054940_seed0_ho_DV_bl_layered_e1500_w300_4q_4l\checkpoints\2026-03-05_05-50-04-441757_ho_DV_seed\model.pth
INFO:src.utils.logger:Model weights saved to results\ho\DV\20260305-054940_seed0_ho_DV_bl_layered_e1500_w300_4q_4l\checkpoints\2026-03-05_05-50-04-441757_ho_DV_seed\model_weights.pth
INFO:src.utils.logger:It: 359, Loss: 4.786e-02, Loss_res: 3.846e-02,  Loss_bcs: 5.828e-04, Loss_ut_ics: 4.402e-05, Loss_norm: 2.137e-06, Loss_gauge: 0.000e+00, w_pde: 1.00e+00, L^2_error: 9.515e-02, lr: 1.000e-03, Time: 1.33e+03
INFO:src.utils.logger:Model state saved to results\ho\DV\20260305-054940_seed0_ho_DV_bl_layered_e1500_w300_4q_4l\checkpoints\2026-03-05_05-50-04-441757_ho_DV_seed\model.pth
INFO:src.utils.logger:Model weights saved to results\ho\DV\20260305-054940_seed0_ho_DV_bl_layered_e1500_w300_4q_4l\checkpoints\2026-03-05_05-50-04-441757_ho_DV_seed\model_weights.pth
INFO:src.utils.logger:It: 360, Loss: 4.991e-02, Loss_res: 4.054e-02,  Loss_bcs: 5.858e-04, Loss_ut_ics: 4.386e-05, Loss_norm: 2.255e-06, Loss_gauge: 0.000e+00, w_pde: 1.00e+00, L^2_error: 9.511e-02, lr: 1.000e-03, Time: 1.33e+03
INFO:src.utils.logger:Model state saved to results\ho\DV\20260305-054940_seed0_ho_DV_bl_layered_e1500_w300_4q_4l\checkpoints\2026-03-05_05-50-04-441757_ho_DV_seed\model.pth
INFO:src.utils.logger:Model weights saved to results\ho\DV\20260305-054940_seed0_ho_DV_bl_layered_e1500_w300_4q_4l\checkpoints\2026-03-05_05-50-04-441757_ho_DV_seed\model_weights.pth
INFO:src.utils.logger:It: 361, Loss: 4.436e-02, Loss_res: 3.502e-02,  Loss_bcs: 5.826e-04, Loss_ut_ics: 4.371e-05, Loss_norm: 2.435e-06, Loss_gauge: 0.000e+00, w_pde: 1.00e+00, L^2_error: 9.509e-02, lr: 1.000e-03, Time: 1.33e+03
INFO:src.utils.logger:Model state saved to results\ho\DV\20260305-054940_seed0_ho_DV_bl_layered_e1500_w300_4q_4l\checkpoints\2026-03-05_05-50-04-441757_ho_DV_seed\model.pth
INFO:src.utils.logger:Model weights saved to results\ho\DV\20260305-054940_seed0_ho_DV_bl_layered_e1500_w300_4q_4l\checkpoints\2026-03-05_05-50-04-441757_ho_DV_seed\model_weights.pth
INFO:src.utils.logger:It: 362, Loss: 4.943e-02, Loss_res: 4.012e-02,  Loss_bcs: 5.826e-04, Loss_ut_ics: 4.357e-05, Loss_norm: 2.538e-06, Loss_gauge: 0.000e+00, w_pde: 1.00e+00, L^2_error: 9.507e-02, lr: 1.000e-03, Time: 1.34e+03
INFO:src.utils.logger:Model state saved to results\ho\DV\20260305-054940_seed0_ho_DV_bl_layered_e1500_w300_4q_4l\checkpoints\2026-03-05_05-50-04-441757_ho_DV_seed\model.pth
INFO:src.utils.logger:Model weights saved to results\ho\DV\20260305-054940_seed0_ho_DV_bl_layered_e1500_w300_4q_4l\checkpoints\2026-03-05_05-50-04-441757_ho_DV_seed\model_weights.pth
INFO:src.utils.logger:It: 363, Loss: 4.835e-02, Loss_res: 3.906e-02,  Loss_bcs: 5.834e-04, Loss_ut_ics: 4.344e-05, Loss_norm: 2.514e-06, Loss_gauge: 0.000e+00, w_pde: 1.00e+00, L^2_error: 9.506e-02, lr: 1.000e-03, Time: 1.34e+03
INFO:src.utils.logger:Model state saved to results\ho\DV\20260305-054940_seed0_ho_DV_bl_layered_e1500_w300_4q_4l\checkpoints\2026-03-05_05-50-04-441757_ho_DV_seed\model.pth
INFO:src.utils.logger:Model weights saved to results\ho\DV\20260305-054940_seed0_ho_DV_bl_layered_e1500_w300_4q_4l\checkpoints\2026-03-05_05-50-04-441757_ho_DV_seed\model_weights.pth
INFO:src.utils.logger:It: 364, Loss: 4.867e-02, Loss_res: 3.941e-02,  Loss_bcs: 5.831e-04, Loss_ut_ics: 4.332e-05, Loss_norm: 2.401e-06, Loss_gauge: 0.000e+00, w_pde: 1.00e+00, L^2_error: 9.505e-02, lr: 1.000e-03, Time: 1.34e+03
INFO:src.utils.logger:Model state saved to results\ho\DV\20260305-054940_seed0_ho_DV_bl_layered_e1500_w300_4q_4l\checkpoints\2026-03-05_05-50-04-441757_ho_DV_seed\model.pth
INFO:src.utils.logger:Model weights saved to results\ho\DV\20260305-054940_seed0_ho_DV_bl_layered_e1500_w300_4q_4l\checkpoints\2026-03-05_05-50-04-441757_ho_DV_seed\model_weights.pth
INFO:src.utils.logger:It: 365, Loss: 4.904e-02, Loss_res: 3.981e-02,  Loss_bcs: 5.803e-04, Loss_ut_ics: 4.320e-05, Loss_norm: 2.236e-06, Loss_gauge: 0.000e+00, w_pde: 1.00e+00, L^2_error: 9.504e-02, lr: 1.000e-03, Time: 1.35e+03
INFO:src.utils.logger:Model state saved to results\ho\DV\20260305-054940_seed0_ho_DV_bl_layered_e1500_w300_4q_4l\checkpoints\2026-03-05_05-50-04-441757_ho_DV_seed\model.pth
INFO:src.utils.logger:Model weights saved to results\ho\DV\20260305-054940_seed0_ho_DV_bl_layered_e1500_w300_4q_4l\checkpoints\2026-03-05_05-50-04-441757_ho_DV_seed\model_weights.pth
INFO:src.utils.logger:It: 366, Loss: 4.787e-02, Loss_res: 3.865e-02,  Loss_bcs: 5.876e-04, Loss_ut_ics: 4.309e-05, Loss_norm: 2.101e-06, Loss_gauge: 0.000e+00, w_pde: 1.00e+00, L^2_error: 9.503e-02, lr: 1.000e-03, Time: 1.35e+03
INFO:src.utils.logger:Model state saved to results\ho\DV\20260305-054940_seed0_ho_DV_bl_layered_e1500_w300_4q_4l\checkpoints\2026-03-05_05-50-04-441757_ho_DV_seed\model.pth
INFO:src.utils.logger:Model weights saved to results\ho\DV\20260305-054940_seed0_ho_DV_bl_layered_e1500_w300_4q_4l\checkpoints\2026-03-05_05-50-04-441757_ho_DV_seed\model_weights.pth
INFO:src.utils.logger:It: 367, Loss: 5.030e-02, Loss_res: 4.111e-02,  Loss_bcs: 5.879e-04, Loss_ut_ics: 4.298e-05, Loss_norm: 2.035e-06, Loss_gauge: 0.000e+00, w_pde: 1.00e+00, L^2_error: 9.500e-02, lr: 1.000e-03, Time: 1.36e+03
INFO:src.utils.logger:Model state saved to results\ho\DV\20260305-054940_seed0_ho_DV_bl_layered_e1500_w300_4q_4l\checkpoints\2026-03-05_05-50-04-441757_ho_DV_seed\model.pth
INFO:src.utils.logger:Model weights saved to results\ho\DV\20260305-054940_seed0_ho_DV_bl_layered_e1500_w300_4q_4l\checkpoints\2026-03-05_05-50-04-441757_ho_DV_seed\model_weights.pth
INFO:src.utils.logger:It: 368, Loss: 5.073e-02, Loss_res: 4.155e-02,  Loss_bcs: 5.918e-04, Loss_ut_ics: 4.287e-05, Loss_norm: 2.070e-06, Loss_gauge: 0.000e+00, w_pde: 1.00e+00, L^2_error: 9.496e-02, lr: 1.000e-03, Time: 1.36e+03
INFO:src.utils.logger:Model state saved to results\ho\DV\20260305-054940_seed0_ho_DV_bl_layered_e1500_w300_4q_4l\checkpoints\2026-03-05_05-50-04-441757_ho_DV_seed\model.pth
INFO:src.utils.logger:Model weights saved to results\ho\DV\20260305-054940_seed0_ho_DV_bl_layered_e1500_w300_4q_4l\checkpoints\2026-03-05_05-50-04-441757_ho_DV_seed\model_weights.pth
INFO:src.utils.logger:It: 369, Loss: 4.548e-02, Loss_res: 3.633e-02,  Loss_bcs: 5.831e-04, Loss_ut_ics: 4.274e-05, Loss_norm: 2.167e-06, Loss_gauge: 0.000e+00, w_pde: 1.00e+00, L^2_error: 9.492e-02, lr: 1.000e-03, Time: 1.36e+03
INFO:src.utils.logger:Model state saved to results\ho\DV\20260305-054940_seed0_ho_DV_bl_layered_e1500_w300_4q_4l\checkpoints\2026-03-05_05-50-04-441757_ho_DV_seed\model.pth
INFO:src.utils.logger:Model weights saved to results\ho\DV\20260305-054940_seed0_ho_DV_bl_layered_e1500_w300_4q_4l\checkpoints\2026-03-05_05-50-04-441757_ho_DV_seed\model_weights.pth
INFO:src.utils.logger:It: 370, Loss: 4.905e-02, Loss_res: 3.994e-02,  Loss_bcs: 5.804e-04, Loss_ut_ics: 4.262e-05, Loss_norm: 2.327e-06, Loss_gauge: 0.000e+00, w_pde: 1.00e+00, L^2_error: 9.487e-02, lr: 1.000e-03, Time: 1.37e+03
INFO:src.utils.logger:Model state saved to results\ho\DV\20260305-054940_seed0_ho_DV_bl_layered_e1500_w300_4q_4l\checkpoints\2026-03-05_05-50-04-441757_ho_DV_seed\model.pth
INFO:src.utils.logger:Model weights saved to results\ho\DV\20260305-054940_seed0_ho_DV_bl_layered_e1500_w300_4q_4l\checkpoints\2026-03-05_05-50-04-441757_ho_DV_seed\model_weights.pth
INFO:src.utils.logger:It: 371, Loss: 4.646e-02, Loss_res: 3.737e-02,  Loss_bcs: 5.795e-04, Loss_ut_ics: 4.248e-05, Loss_norm: 2.471e-06, Loss_gauge: 0.000e+00, w_pde: 1.00e+00, L^2_error: 9.482e-02, lr: 1.000e-03, Time: 1.37e+03
INFO:src.utils.logger:Model state saved to results\ho\DV\20260305-054940_seed0_ho_DV_bl_layered_e1500_w300_4q_4l\checkpoints\2026-03-05_05-50-04-441757_ho_DV_seed\model.pth
INFO:src.utils.logger:Model weights saved to results\ho\DV\20260305-054940_seed0_ho_DV_bl_layered_e1500_w300_4q_4l\checkpoints\2026-03-05_05-50-04-441757_ho_DV_seed\model_weights.pth
INFO:src.utils.logger:It: 372, Loss: 4.923e-02, Loss_res: 4.017e-02,  Loss_bcs: 5.788e-04, Loss_ut_ics: 4.233e-05, Loss_norm: 2.551e-06, Loss_gauge: 0.000e+00, w_pde: 1.00e+00, L^2_error: 9.477e-02, lr: 1.000e-03, Time: 1.37e+03
INFO:src.utils.logger:Model state saved to results\ho\DV\20260305-054940_seed0_ho_DV_bl_layered_e1500_w300_4q_4l\checkpoints\2026-03-05_05-50-04-441757_ho_DV_seed\model.pth
INFO:src.utils.logger:Model weights saved to results\ho\DV\20260305-054940_seed0_ho_DV_bl_layered_e1500_w300_4q_4l\checkpoints\2026-03-05_05-50-04-441757_ho_DV_seed\model_weights.pth
INFO:src.utils.logger:It: 373, Loss: 4.659e-02, Loss_res: 3.755e-02,  Loss_bcs: 5.835e-04, Loss_ut_ics: 4.218e-05, Loss_norm: 2.575e-06, Loss_gauge: 0.000e+00, w_pde: 1.00e+00, L^2_error: 9.472e-02, lr: 1.000e-03, Time: 1.38e+03
INFO:src.utils.logger:Model state saved to results\ho\DV\20260305-054940_seed0_ho_DV_bl_layered_e1500_w300_4q_4l\checkpoints\2026-03-05_05-50-04-441757_ho_DV_seed\model.pth
INFO:src.utils.logger:Model weights saved to results\ho\DV\20260305-054940_seed0_ho_DV_bl_layered_e1500_w300_4q_4l\checkpoints\2026-03-05_05-50-04-441757_ho_DV_seed\model_weights.pth
INFO:src.utils.logger:It: 374, Loss: 4.670e-02, Loss_res: 3.770e-02,  Loss_bcs: 5.784e-04, Loss_ut_ics: 4.203e-05, Loss_norm: 2.573e-06, Loss_gauge: 0.000e+00, w_pde: 1.00e+00, L^2_error: 9.468e-02, lr: 1.000e-03, Time: 1.38e+03
INFO:src.utils.logger:Model state saved to results\ho\DV\20260305-054940_seed0_ho_DV_bl_layered_e1500_w300_4q_4l\checkpoints\2026-03-05_05-50-04-441757_ho_DV_seed\model.pth
INFO:src.utils.logger:Model weights saved to results\ho\DV\20260305-054940_seed0_ho_DV_bl_layered_e1500_w300_4q_4l\checkpoints\2026-03-05_05-50-04-441757_ho_DV_seed\model_weights.pth
INFO:src.utils.logger:It: 375, Loss: 4.910e-02, Loss_res: 4.014e-02,  Loss_bcs: 5.769e-04, Loss_ut_ics: 4.189e-05, Loss_norm: 2.539e-06, Loss_gauge: 0.000e+00, w_pde: 1.00e+00, L^2_error: 9.465e-02, lr: 1.000e-03, Time: 1.39e+03
INFO:src.utils.logger:Model state saved to results\ho\DV\20260305-054940_seed0_ho_DV_bl_layered_e1500_w300_4q_4l\checkpoints\2026-03-05_05-50-04-441757_ho_DV_seed\model.pth
INFO:src.utils.logger:Model weights saved to results\ho\DV\20260305-054940_seed0_ho_DV_bl_layered_e1500_w300_4q_4l\checkpoints\2026-03-05_05-50-04-441757_ho_DV_seed\model_weights.pth
INFO:src.utils.logger:It: 376, Loss: 4.822e-02, Loss_res: 3.928e-02,  Loss_bcs: 5.815e-04, Loss_ut_ics: 4.175e-05, Loss_norm: 2.487e-06, Loss_gauge: 0.000e+00, w_pde: 1.00e+00, L^2_error: 9.461e-02, lr: 1.000e-03, Time: 1.39e+03
INFO:src.utils.logger:Model state saved to results\ho\DV\20260305-054940_seed0_ho_DV_bl_layered_e1500_w300_4q_4l\checkpoints\2026-03-05_05-50-04-441757_ho_DV_seed\model.pth
INFO:src.utils.logger:Model weights saved to results\ho\DV\20260305-054940_seed0_ho_DV_bl_layered_e1500_w300_4q_4l\checkpoints\2026-03-05_05-50-04-441757_ho_DV_seed\model_weights.pth
INFO:src.utils.logger:It: 377, Loss: 4.824e-02, Loss_res: 3.933e-02,  Loss_bcs: 5.810e-04, Loss_ut_ics: 4.161e-05, Loss_norm: 2.505e-06, Loss_gauge: 0.000e+00, w_pde: 1.00e+00, L^2_error: 9.459e-02, lr: 1.000e-03, Time: 1.39e+03
INFO:src.utils.logger:Model state saved to results\ho\DV\20260305-054940_seed0_ho_DV_bl_layered_e1500_w300_4q_4l\checkpoints\2026-03-05_05-50-04-441757_ho_DV_seed\model.pth
INFO:src.utils.logger:Model weights saved to results\ho\DV\20260305-054940_seed0_ho_DV_bl_layered_e1500_w300_4q_4l\checkpoints\2026-03-05_05-50-04-441757_ho_DV_seed\model_weights.pth
INFO:src.utils.logger:It: 378, Loss: 5.042e-02, Loss_res: 4.153e-02,  Loss_bcs: 5.798e-04, Loss_ut_ics: 4.148e-05, Loss_norm: 2.497e-06, Loss_gauge: 0.000e+00, w_pde: 1.00e+00, L^2_error: 9.456e-02, lr: 1.000e-03, Time: 1.40e+03
INFO:src.utils.logger:Model state saved to results\ho\DV\20260305-054940_seed0_ho_DV_bl_layered_e1500_w300_4q_4l\checkpoints\2026-03-05_05-50-04-441757_ho_DV_seed\model.pth
INFO:src.utils.logger:Model weights saved to results\ho\DV\20260305-054940_seed0_ho_DV_bl_layered_e1500_w300_4q_4l\checkpoints\2026-03-05_05-50-04-441757_ho_DV_seed\model_weights.pth
INFO:src.utils.logger:It: 379, Loss: 4.849e-02, Loss_res: 3.963e-02,  Loss_bcs: 5.789e-04, Loss_ut_ics: 4.135e-05, Loss_norm: 2.529e-06, Loss_gauge: 0.000e+00, w_pde: 1.00e+00, L^2_error: 9.454e-02, lr: 1.000e-03, Time: 1.40e+03
INFO:src.utils.logger:Model state saved to results\ho\DV\20260305-054940_seed0_ho_DV_bl_layered_e1500_w300_4q_4l\checkpoints\2026-03-05_05-50-04-441757_ho_DV_seed\model.pth
INFO:src.utils.logger:Model weights saved to results\ho\DV\20260305-054940_seed0_ho_DV_bl_layered_e1500_w300_4q_4l\checkpoints\2026-03-05_05-50-04-441757_ho_DV_seed\model_weights.pth
INFO:src.utils.logger:It: 380, Loss: 5.083e-02, Loss_res: 4.199e-02,  Loss_bcs: 5.802e-04, Loss_ut_ics: 4.123e-05, Loss_norm: 2.563e-06, Loss_gauge: 0.000e+00, w_pde: 1.00e+00, L^2_error: 9.452e-02, lr: 1.000e-03, Time: 1.40e+03
INFO:src.utils.logger:Model state saved to results\ho\DV\20260305-054940_seed0_ho_DV_bl_layered_e1500_w300_4q_4l\checkpoints\2026-03-05_05-50-04-441757_ho_DV_seed\model.pth
INFO:src.utils.logger:Model weights saved to results\ho\DV\20260305-054940_seed0_ho_DV_bl_layered_e1500_w300_4q_4l\checkpoints\2026-03-05_05-50-04-441757_ho_DV_seed\model_weights.pth
INFO:src.utils.logger:It: 381, Loss: 5.244e-02, Loss_res: 4.362e-02,  Loss_bcs: 5.781e-04, Loss_ut_ics: 4.111e-05, Loss_norm: 2.597e-06, Loss_gauge: 0.000e+00, w_pde: 1.00e+00, L^2_error: 9.450e-02, lr: 1.000e-03, Time: 1.41e+03
INFO:src.utils.logger:Model state saved to results\ho\DV\20260305-054940_seed0_ho_DV_bl_layered_e1500_w300_4q_4l\checkpoints\2026-03-05_05-50-04-441757_ho_DV_seed\model.pth
INFO:src.utils.logger:Model weights saved to results\ho\DV\20260305-054940_seed0_ho_DV_bl_layered_e1500_w300_4q_4l\checkpoints\2026-03-05_05-50-04-441757_ho_DV_seed\model_weights.pth
INFO:src.utils.logger:It: 382, Loss: 4.721e-02, Loss_res: 3.841e-02,  Loss_bcs: 5.815e-04, Loss_ut_ics: 4.100e-05, Loss_norm: 2.605e-06, Loss_gauge: 0.000e+00, w_pde: 1.00e+00, L^2_error: 9.449e-02, lr: 1.000e-03, Time: 1.41e+03
INFO:src.utils.logger:Model state saved to results\ho\DV\20260305-054940_seed0_ho_DV_bl_layered_e1500_w300_4q_4l\checkpoints\2026-03-05_05-50-04-441757_ho_DV_seed\model.pth
INFO:src.utils.logger:Model weights saved to results\ho\DV\20260305-054940_seed0_ho_DV_bl_layered_e1500_w300_4q_4l\checkpoints\2026-03-05_05-50-04-441757_ho_DV_seed\model_weights.pth
INFO:src.utils.logger:It: 383, Loss: 4.914e-02, Loss_res: 4.037e-02,  Loss_bcs: 5.796e-04, Loss_ut_ics: 4.089e-05, Loss_norm: 2.591e-06, Loss_gauge: 0.000e+00, w_pde: 1.00e+00, L^2_error: 9.448e-02, lr: 1.000e-03, Time: 1.41e+03
INFO:src.utils.logger:Model state saved to results\ho\DV\20260305-054940_seed0_ho_DV_bl_layered_e1500_w300_4q_4l\checkpoints\2026-03-05_05-50-04-441757_ho_DV_seed\model.pth
INFO:src.utils.logger:Model weights saved to results\ho\DV\20260305-054940_seed0_ho_DV_bl_layered_e1500_w300_4q_4l\checkpoints\2026-03-05_05-50-04-441757_ho_DV_seed\model_weights.pth
INFO:src.utils.logger:It: 384, Loss: 5.038e-02, Loss_res: 4.163e-02,  Loss_bcs: 5.820e-04, Loss_ut_ics: 4.080e-05, Loss_norm: 2.581e-06, Loss_gauge: 0.000e+00, w_pde: 1.00e+00, L^2_error: 9.445e-02, lr: 1.000e-03, Time: 1.42e+03
INFO:src.utils.logger:Model state saved to results\ho\DV\20260305-054940_seed0_ho_DV_bl_layered_e1500_w300_4q_4l\checkpoints\2026-03-05_05-50-04-441757_ho_DV_seed\model.pth
INFO:src.utils.logger:Model weights saved to results\ho\DV\20260305-054940_seed0_ho_DV_bl_layered_e1500_w300_4q_4l\checkpoints\2026-03-05_05-50-04-441757_ho_DV_seed\model_weights.pth
INFO:src.utils.logger:It: 385, Loss: 4.762e-02, Loss_res: 3.888e-02,  Loss_bcs: 5.845e-04, Loss_ut_ics: 4.069e-05, Loss_norm: 2.680e-06, Loss_gauge: 0.000e+00, w_pde: 1.00e+00, L^2_error: 9.442e-02, lr: 1.000e-03, Time: 1.42e+03
INFO:src.utils.logger:Model state saved to results\ho\DV\20260305-054940_seed0_ho_DV_bl_layered_e1500_w300_4q_4l\checkpoints\2026-03-05_05-50-04-441757_ho_DV_seed\model.pth
INFO:src.utils.logger:Model weights saved to results\ho\DV\20260305-054940_seed0_ho_DV_bl_layered_e1500_w300_4q_4l\checkpoints\2026-03-05_05-50-04-441757_ho_DV_seed\model_weights.pth
INFO:src.utils.logger:It: 386, Loss: 4.875e-02, Loss_res: 4.004e-02,  Loss_bcs: 5.801e-04, Loss_ut_ics: 4.057e-05, Loss_norm: 2.816e-06, Loss_gauge: 0.000e+00, w_pde: 1.00e+00, L^2_error: 9.438e-02, lr: 1.000e-03, Time: 1.43e+03
INFO:src.utils.logger:Model state saved to results\ho\DV\20260305-054940_seed0_ho_DV_bl_layered_e1500_w300_4q_4l\checkpoints\2026-03-05_05-50-04-441757_ho_DV_seed\model.pth
INFO:src.utils.logger:Model weights saved to results\ho\DV\20260305-054940_seed0_ho_DV_bl_layered_e1500_w300_4q_4l\checkpoints\2026-03-05_05-50-04-441757_ho_DV_seed\model_weights.pth
INFO:src.utils.logger:It: 387, Loss: 4.925e-02, Loss_res: 4.057e-02,  Loss_bcs: 5.822e-04, Loss_ut_ics: 4.045e-05, Loss_norm: 2.952e-06, Loss_gauge: 0.000e+00, w_pde: 1.00e+00, L^2_error: 9.435e-02, lr: 1.000e-03, Time: 1.43e+03
INFO:src.utils.logger:Model state saved to results\ho\DV\20260305-054940_seed0_ho_DV_bl_layered_e1500_w300_4q_4l\checkpoints\2026-03-05_05-50-04-441757_ho_DV_seed\model.pth
INFO:src.utils.logger:Model weights saved to results\ho\DV\20260305-054940_seed0_ho_DV_bl_layered_e1500_w300_4q_4l\checkpoints\2026-03-05_05-50-04-441757_ho_DV_seed\model_weights.pth
INFO:src.utils.logger:It: 388, Loss: 4.603e-02, Loss_res: 3.737e-02,  Loss_bcs: 5.811e-04, Loss_ut_ics: 4.033e-05, Loss_norm: 2.934e-06, Loss_gauge: 0.000e+00, w_pde: 1.00e+00, L^2_error: 9.432e-02, lr: 1.000e-03, Time: 1.43e+03
INFO:src.utils.logger:Model state saved to results\ho\DV\20260305-054940_seed0_ho_DV_bl_layered_e1500_w300_4q_4l\checkpoints\2026-03-05_05-50-04-441757_ho_DV_seed\model.pth
INFO:src.utils.logger:Model weights saved to results\ho\DV\20260305-054940_seed0_ho_DV_bl_layered_e1500_w300_4q_4l\checkpoints\2026-03-05_05-50-04-441757_ho_DV_seed\model_weights.pth
INFO:src.utils.logger:It: 389, Loss: 4.644e-02, Loss_res: 3.781e-02,  Loss_bcs: 5.800e-04, Loss_ut_ics: 4.021e-05, Loss_norm: 2.857e-06, Loss_gauge: 0.000e+00, w_pde: 1.00e+00, L^2_error: 9.428e-02, lr: 1.000e-03, Time: 1.44e+03
INFO:src.utils.logger:Model state saved to results\ho\DV\20260305-054940_seed0_ho_DV_bl_layered_e1500_w300_4q_4l\checkpoints\2026-03-05_05-50-04-441757_ho_DV_seed\model.pth
INFO:src.utils.logger:Model weights saved to results\ho\DV\20260305-054940_seed0_ho_DV_bl_layered_e1500_w300_4q_4l\checkpoints\2026-03-05_05-50-04-441757_ho_DV_seed\model_weights.pth
INFO:src.utils.logger:It: 390, Loss: 4.529e-02, Loss_res: 3.667e-02,  Loss_bcs: 5.820e-04, Loss_ut_ics: 4.010e-05, Loss_norm: 2.763e-06, Loss_gauge: 0.000e+00, w_pde: 1.00e+00, L^2_error: 9.426e-02, lr: 1.000e-03, Time: 1.44e+03
INFO:src.utils.logger:Model state saved to results\ho\DV\20260305-054940_seed0_ho_DV_bl_layered_e1500_w300_4q_4l\checkpoints\2026-03-05_05-50-04-441757_ho_DV_seed\model.pth
INFO:src.utils.logger:Model weights saved to results\ho\DV\20260305-054940_seed0_ho_DV_bl_layered_e1500_w300_4q_4l\checkpoints\2026-03-05_05-50-04-441757_ho_DV_seed\model_weights.pth
INFO:src.utils.logger:It: 391, Loss: 4.602e-02, Loss_res: 3.742e-02,  Loss_bcs: 5.798e-04, Loss_ut_ics: 4.000e-05, Loss_norm: 2.629e-06, Loss_gauge: 0.000e+00, w_pde: 1.00e+00, L^2_error: 9.423e-02, lr: 1.000e-03, Time: 1.44e+03
INFO:src.utils.logger:Model state saved to results\ho\DV\20260305-054940_seed0_ho_DV_bl_layered_e1500_w300_4q_4l\checkpoints\2026-03-05_05-50-04-441757_ho_DV_seed\model.pth
INFO:src.utils.logger:Model weights saved to results\ho\DV\20260305-054940_seed0_ho_DV_bl_layered_e1500_w300_4q_4l\checkpoints\2026-03-05_05-50-04-441757_ho_DV_seed\model_weights.pth
INFO:src.utils.logger:It: 392, Loss: 4.786e-02, Loss_res: 3.929e-02,  Loss_bcs: 5.758e-04, Loss_ut_ics: 3.990e-05, Loss_norm: 2.598e-06, Loss_gauge: 0.000e+00, w_pde: 1.00e+00, L^2_error: 9.420e-02, lr: 1.000e-03, Time: 1.45e+03
INFO:src.utils.logger:Model state saved to results\ho\DV\20260305-054940_seed0_ho_DV_bl_layered_e1500_w300_4q_4l\checkpoints\2026-03-05_05-50-04-441757_ho_DV_seed\model.pth
INFO:src.utils.logger:Model weights saved to results\ho\DV\20260305-054940_seed0_ho_DV_bl_layered_e1500_w300_4q_4l\checkpoints\2026-03-05_05-50-04-441757_ho_DV_seed\model_weights.pth
INFO:src.utils.logger:It: 393, Loss: 4.898e-02, Loss_res: 4.042e-02,  Loss_bcs: 5.840e-04, Loss_ut_ics: 3.980e-05, Loss_norm: 2.531e-06, Loss_gauge: 0.000e+00, w_pde: 1.00e+00, L^2_error: 9.417e-02, lr: 1.000e-03, Time: 1.45e+03
INFO:src.utils.logger:Model state saved to results\ho\DV\20260305-054940_seed0_ho_DV_bl_layered_e1500_w300_4q_4l\checkpoints\2026-03-05_05-50-04-441757_ho_DV_seed\model.pth
INFO:src.utils.logger:Model weights saved to results\ho\DV\20260305-054940_seed0_ho_DV_bl_layered_e1500_w300_4q_4l\checkpoints\2026-03-05_05-50-04-441757_ho_DV_seed\model_weights.pth
INFO:src.utils.logger:It: 394, Loss: 4.570e-02, Loss_res: 3.717e-02,  Loss_bcs: 5.777e-04, Loss_ut_ics: 3.970e-05, Loss_norm: 2.483e-06, Loss_gauge: 0.000e+00, w_pde: 1.00e+00, L^2_error: 9.414e-02, lr: 1.000e-03, Time: 1.46e+03
INFO:src.utils.logger:Model state saved to results\ho\DV\20260305-054940_seed0_ho_DV_bl_layered_e1500_w300_4q_4l\checkpoints\2026-03-05_05-50-04-441757_ho_DV_seed\model.pth
INFO:src.utils.logger:Model weights saved to results\ho\DV\20260305-054940_seed0_ho_DV_bl_layered_e1500_w300_4q_4l\checkpoints\2026-03-05_05-50-04-441757_ho_DV_seed\model_weights.pth
INFO:src.utils.logger:It: 395, Loss: 4.952e-02, Loss_res: 4.100e-02,  Loss_bcs: 5.816e-04, Loss_ut_ics: 3.961e-05, Loss_norm: 2.494e-06, Loss_gauge: 0.000e+00, w_pde: 1.00e+00, L^2_error: 9.411e-02, lr: 1.000e-03, Time: 1.46e+03
INFO:src.utils.logger:Model state saved to results\ho\DV\20260305-054940_seed0_ho_DV_bl_layered_e1500_w300_4q_4l\checkpoints\2026-03-05_05-50-04-441757_ho_DV_seed\model.pth
INFO:src.utils.logger:Model weights saved to results\ho\DV\20260305-054940_seed0_ho_DV_bl_layered_e1500_w300_4q_4l\checkpoints\2026-03-05_05-50-04-441757_ho_DV_seed\model_weights.pth
INFO:src.utils.logger:It: 396, Loss: 5.000e-02, Loss_res: 4.150e-02,  Loss_bcs: 5.834e-04, Loss_ut_ics: 3.952e-05, Loss_norm: 2.617e-06, Loss_gauge: 0.000e+00, w_pde: 1.00e+00, L^2_error: 9.407e-02, lr: 1.000e-03, Time: 1.46e+03
INFO:src.utils.logger:Model state saved to results\ho\DV\20260305-054940_seed0_ho_DV_bl_layered_e1500_w300_4q_4l\checkpoints\2026-03-05_05-50-04-441757_ho_DV_seed\model.pth
INFO:src.utils.logger:Model weights saved to results\ho\DV\20260305-054940_seed0_ho_DV_bl_layered_e1500_w300_4q_4l\checkpoints\2026-03-05_05-50-04-441757_ho_DV_seed\model_weights.pth
INFO:src.utils.logger:It: 397, Loss: 4.558e-02, Loss_res: 3.710e-02,  Loss_bcs: 5.820e-04, Loss_ut_ics: 3.941e-05, Loss_norm: 2.855e-06, Loss_gauge: 0.000e+00, w_pde: 1.00e+00, L^2_error: 9.403e-02, lr: 1.000e-03, Time: 1.47e+03
INFO:src.utils.logger:Model state saved to results\ho\DV\20260305-054940_seed0_ho_DV_bl_layered_e1500_w300_4q_4l\checkpoints\2026-03-05_05-50-04-441757_ho_DV_seed\model.pth
INFO:src.utils.logger:Model weights saved to results\ho\DV\20260305-054940_seed0_ho_DV_bl_layered_e1500_w300_4q_4l\checkpoints\2026-03-05_05-50-04-441757_ho_DV_seed\model_weights.pth
INFO:src.utils.logger:It: 398, Loss: 4.546e-02, Loss_res: 3.700e-02,  Loss_bcs: 5.799e-04, Loss_ut_ics: 3.931e-05, Loss_norm: 3.105e-06, Loss_gauge: 0.000e+00, w_pde: 1.00e+00, L^2_error: 9.400e-02, lr: 1.000e-03, Time: 1.47e+03
INFO:src.utils.logger:Model state saved to results\ho\DV\20260305-054940_seed0_ho_DV_bl_layered_e1500_w300_4q_4l\checkpoints\2026-03-05_05-50-04-441757_ho_DV_seed\model.pth
INFO:src.utils.logger:Model weights saved to results\ho\DV\20260305-054940_seed0_ho_DV_bl_layered_e1500_w300_4q_4l\checkpoints\2026-03-05_05-50-04-441757_ho_DV_seed\model_weights.pth
INFO:src.utils.logger:It: 399, Loss: 4.913e-02, Loss_res: 4.069e-02,  Loss_bcs: 5.773e-04, Loss_ut_ics: 3.921e-05, Loss_norm: 3.278e-06, Loss_gauge: 0.000e+00, w_pde: 1.00e+00, L^2_error: 9.397e-02, lr: 1.000e-03, Time: 1.47e+03
INFO:src.utils.logger:Model state saved to results\ho\DV\20260305-054940_seed0_ho_DV_bl_layered_e1500_w300_4q_4l\checkpoints\2026-03-05_05-50-04-441757_ho_DV_seed\model.pth
INFO:src.utils.logger:Model weights saved to results\ho\DV\20260305-054940_seed0_ho_DV_bl_layered_e1500_w300_4q_4l\checkpoints\2026-03-05_05-50-04-441757_ho_DV_seed\model_weights.pth
INFO:src.utils.logger:It: 400, Loss: 4.773e-02, Loss_res: 3.931e-02,  Loss_bcs: 5.824e-04, Loss_ut_ics: 3.911e-05, Loss_norm: 3.392e-06, Loss_gauge: 0.000e+00, w_pde: 1.00e+00, L^2_error: 9.394e-02, lr: 1.000e-03, Time: 1.48e+03
INFO:src.utils.logger:Model state saved to results\ho\DV\20260305-054940_seed0_ho_DV_bl_layered_e1500_w300_4q_4l\checkpoints\2026-03-05_05-50-04-441757_ho_DV_seed\model.pth
INFO:src.utils.logger:Model weights saved to results\ho\DV\20260305-054940_seed0_ho_DV_bl_layered_e1500_w300_4q_4l\checkpoints\2026-03-05_05-50-04-441757_ho_DV_seed\model_weights.pth
INFO:src.utils.logger:It: 401, Loss: 4.697e-02, Loss_res: 3.857e-02,  Loss_bcs: 5.799e-04, Loss_ut_ics: 3.901e-05, Loss_norm: 3.369e-06, Loss_gauge: 0.000e+00, w_pde: 1.00e+00, L^2_error: 9.391e-02, lr: 1.000e-03, Time: 1.48e+03
INFO:src.utils.logger:Model state saved to results\ho\DV\20260305-054940_seed0_ho_DV_bl_layered_e1500_w300_4q_4l\checkpoints\2026-03-05_05-50-04-441757_ho_DV_seed\model.pth
INFO:src.utils.logger:Model weights saved to results\ho\DV\20260305-054940_seed0_ho_DV_bl_layered_e1500_w300_4q_4l\checkpoints\2026-03-05_05-50-04-441757_ho_DV_seed\model_weights.pth
INFO:src.utils.logger:It: 402, Loss: 4.854e-02, Loss_res: 4.016e-02,  Loss_bcs: 5.785e-04, Loss_ut_ics: 3.891e-05, Loss_norm: 3.253e-06, Loss_gauge: 0.000e+00, w_pde: 1.00e+00, L^2_error: 9.389e-02, lr: 1.000e-03, Time: 1.49e+03
INFO:src.utils.logger:Model state saved to results\ho\DV\20260305-054940_seed0_ho_DV_bl_layered_e1500_w300_4q_4l\checkpoints\2026-03-05_05-50-04-441757_ho_DV_seed\model.pth
INFO:src.utils.logger:Model weights saved to results\ho\DV\20260305-054940_seed0_ho_DV_bl_layered_e1500_w300_4q_4l\checkpoints\2026-03-05_05-50-04-441757_ho_DV_seed\model_weights.pth
INFO:src.utils.logger:It: 403, Loss: 4.856e-02, Loss_res: 4.020e-02,  Loss_bcs: 5.805e-04, Loss_ut_ics: 3.881e-05, Loss_norm: 3.091e-06, Loss_gauge: 0.000e+00, w_pde: 1.00e+00, L^2_error: 9.386e-02, lr: 1.000e-03, Time: 1.49e+03
INFO:src.utils.logger:Model state saved to results\ho\DV\20260305-054940_seed0_ho_DV_bl_layered_e1500_w300_4q_4l\checkpoints\2026-03-05_05-50-04-441757_ho_DV_seed\model.pth
INFO:src.utils.logger:Model weights saved to results\ho\DV\20260305-054940_seed0_ho_DV_bl_layered_e1500_w300_4q_4l\checkpoints\2026-03-05_05-50-04-441757_ho_DV_seed\model_weights.pth
INFO:src.utils.logger:It: 404, Loss: 4.486e-02, Loss_res: 3.652e-02,  Loss_bcs: 5.772e-04, Loss_ut_ics: 3.871e-05, Loss_norm: 2.933e-06, Loss_gauge: 0.000e+00, w_pde: 1.00e+00, L^2_error: 9.384e-02, lr: 1.000e-03, Time: 1.49e+03
INFO:src.utils.logger:Model state saved to results\ho\DV\20260305-054940_seed0_ho_DV_bl_layered_e1500_w300_4q_4l\checkpoints\2026-03-05_05-50-04-441757_ho_DV_seed\model.pth
INFO:src.utils.logger:Model weights saved to results\ho\DV\20260305-054940_seed0_ho_DV_bl_layered_e1500_w300_4q_4l\checkpoints\2026-03-05_05-50-04-441757_ho_DV_seed\model_weights.pth
INFO:src.utils.logger:It: 405, Loss: 4.708e-02, Loss_res: 3.877e-02,  Loss_bcs: 5.797e-04, Loss_ut_ics: 3.862e-05, Loss_norm: 2.828e-06, Loss_gauge: 0.000e+00, w_pde: 1.00e+00, L^2_error: 9.382e-02, lr: 1.000e-03, Time: 1.50e+03
INFO:src.utils.logger:Model state saved to results\ho\DV\20260305-054940_seed0_ho_DV_bl_layered_e1500_w300_4q_4l\checkpoints\2026-03-05_05-50-04-441757_ho_DV_seed\model.pth
INFO:src.utils.logger:Model weights saved to results\ho\DV\20260305-054940_seed0_ho_DV_bl_layered_e1500_w300_4q_4l\checkpoints\2026-03-05_05-50-04-441757_ho_DV_seed\model_weights.pth
INFO:src.utils.logger:It: 406, Loss: 4.500e-02, Loss_res: 3.671e-02,  Loss_bcs: 5.800e-04, Loss_ut_ics: 3.852e-05, Loss_norm: 2.753e-06, Loss_gauge: 0.000e+00, w_pde: 1.00e+00, L^2_error: 9.380e-02, lr: 1.000e-03, Time: 1.50e+03
INFO:src.utils.logger:Model state saved to results\ho\DV\20260305-054940_seed0_ho_DV_bl_layered_e1500_w300_4q_4l\checkpoints\2026-03-05_05-50-04-441757_ho_DV_seed\model.pth
INFO:src.utils.logger:Model weights saved to results\ho\DV\20260305-054940_seed0_ho_DV_bl_layered_e1500_w300_4q_4l\checkpoints\2026-03-05_05-50-04-441757_ho_DV_seed\model_weights.pth
INFO:src.utils.logger:It: 407, Loss: 4.524e-02, Loss_res: 3.696e-02,  Loss_bcs: 5.789e-04, Loss_ut_ics: 3.844e-05, Loss_norm: 2.733e-06, Loss_gauge: 0.000e+00, w_pde: 1.00e+00, L^2_error: 9.378e-02, lr: 1.000e-03, Time: 1.50e+03
INFO:src.utils.logger:Model state saved to results\ho\DV\20260305-054940_seed0_ho_DV_bl_layered_e1500_w300_4q_4l\checkpoints\2026-03-05_05-50-04-441757_ho_DV_seed\model.pth
INFO:src.utils.logger:Model weights saved to results\ho\DV\20260305-054940_seed0_ho_DV_bl_layered_e1500_w300_4q_4l\checkpoints\2026-03-05_05-50-04-441757_ho_DV_seed\model_weights.pth
INFO:src.utils.logger:It: 408, Loss: 5.023e-02, Loss_res: 4.197e-02,  Loss_bcs: 5.784e-04, Loss_ut_ics: 3.836e-05, Loss_norm: 2.773e-06, Loss_gauge: 0.000e+00, w_pde: 1.00e+00, L^2_error: 9.375e-02, lr: 1.000e-03, Time: 1.51e+03
INFO:src.utils.logger:Model state saved to results\ho\DV\20260305-054940_seed0_ho_DV_bl_layered_e1500_w300_4q_4l\checkpoints\2026-03-05_05-50-04-441757_ho_DV_seed\model.pth
INFO:src.utils.logger:Model weights saved to results\ho\DV\20260305-054940_seed0_ho_DV_bl_layered_e1500_w300_4q_4l\checkpoints\2026-03-05_05-50-04-441757_ho_DV_seed\model_weights.pth
INFO:src.utils.logger:It: 409, Loss: 5.077e-02, Loss_res: 4.252e-02,  Loss_bcs: 5.834e-04, Loss_ut_ics: 3.827e-05, Loss_norm: 2.879e-06, Loss_gauge: 0.000e+00, w_pde: 1.00e+00, L^2_error: 9.372e-02, lr: 1.000e-03, Time: 1.51e+03
INFO:src.utils.logger:Model state saved to results\ho\DV\20260305-054940_seed0_ho_DV_bl_layered_e1500_w300_4q_4l\checkpoints\2026-03-05_05-50-04-441757_ho_DV_seed\model.pth
INFO:src.utils.logger:Model weights saved to results\ho\DV\20260305-054940_seed0_ho_DV_bl_layered_e1500_w300_4q_4l\checkpoints\2026-03-05_05-50-04-441757_ho_DV_seed\model_weights.pth
INFO:src.utils.logger:It: 410, Loss: 4.819e-02, Loss_res: 3.996e-02,  Loss_bcs: 5.781e-04, Loss_ut_ics: 3.818e-05, Loss_norm: 2.971e-06, Loss_gauge: 0.000e+00, w_pde: 1.00e+00, L^2_error: 9.368e-02, lr: 1.000e-03, Time: 1.52e+03
INFO:src.utils.logger:Model state saved to results\ho\DV\20260305-054940_seed0_ho_DV_bl_layered_e1500_w300_4q_4l\checkpoints\2026-03-05_05-50-04-441757_ho_DV_seed\model.pth
INFO:src.utils.logger:Model weights saved to results\ho\DV\20260305-054940_seed0_ho_DV_bl_layered_e1500_w300_4q_4l\checkpoints\2026-03-05_05-50-04-441757_ho_DV_seed\model_weights.pth
INFO:src.utils.logger:It: 411, Loss: 4.671e-02, Loss_res: 3.849e-02,  Loss_bcs: 5.832e-04, Loss_ut_ics: 3.808e-05, Loss_norm: 3.024e-06, Loss_gauge: 0.000e+00, w_pde: 1.00e+00, L^2_error: 9.364e-02, lr: 1.000e-03, Time: 1.52e+03
INFO:src.utils.logger:Model state saved to results\ho\DV\20260305-054940_seed0_ho_DV_bl_layered_e1500_w300_4q_4l\checkpoints\2026-03-05_05-50-04-441757_ho_DV_seed\model.pth
INFO:src.utils.logger:Model weights saved to results\ho\DV\20260305-054940_seed0_ho_DV_bl_layered_e1500_w300_4q_4l\checkpoints\2026-03-05_05-50-04-441757_ho_DV_seed\model_weights.pth
INFO:src.utils.logger:It: 412, Loss: 4.639e-02, Loss_res: 3.821e-02,  Loss_bcs: 5.761e-04, Loss_ut_ics: 3.798e-05, Loss_norm: 3.119e-06, Loss_gauge: 0.000e+00, w_pde: 1.00e+00, L^2_error: 9.360e-02, lr: 1.000e-03, Time: 1.52e+03
INFO:src.utils.logger:Model state saved to results\ho\DV\20260305-054940_seed0_ho_DV_bl_layered_e1500_w300_4q_4l\checkpoints\2026-03-05_05-50-04-441757_ho_DV_seed\model.pth
INFO:src.utils.logger:Model weights saved to results\ho\DV\20260305-054940_seed0_ho_DV_bl_layered_e1500_w300_4q_4l\checkpoints\2026-03-05_05-50-04-441757_ho_DV_seed\model_weights.pth
INFO:src.utils.logger:It: 413, Loss: 4.599e-02, Loss_res: 3.782e-02,  Loss_bcs: 5.768e-04, Loss_ut_ics: 3.788e-05, Loss_norm: 3.122e-06, Loss_gauge: 0.000e+00, w_pde: 1.00e+00, L^2_error: 9.357e-02, lr: 1.000e-03, Time: 1.53e+03
INFO:src.utils.logger:Model state saved to results\ho\DV\20260305-054940_seed0_ho_DV_bl_layered_e1500_w300_4q_4l\checkpoints\2026-03-05_05-50-04-441757_ho_DV_seed\model.pth
INFO:src.utils.logger:Model weights saved to results\ho\DV\20260305-054940_seed0_ho_DV_bl_layered_e1500_w300_4q_4l\checkpoints\2026-03-05_05-50-04-441757_ho_DV_seed\model_weights.pth
INFO:src.utils.logger:It: 414, Loss: 4.646e-02, Loss_res: 3.830e-02,  Loss_bcs: 5.820e-04, Loss_ut_ics: 3.778e-05, Loss_norm: 3.126e-06, Loss_gauge: 0.000e+00, w_pde: 1.00e+00, L^2_error: 9.354e-02, lr: 1.000e-03, Time: 1.53e+03
INFO:src.utils.logger:Model state saved to results\ho\DV\20260305-054940_seed0_ho_DV_bl_layered_e1500_w300_4q_4l\checkpoints\2026-03-05_05-50-04-441757_ho_DV_seed\model.pth
INFO:src.utils.logger:Model weights saved to results\ho\DV\20260305-054940_seed0_ho_DV_bl_layered_e1500_w300_4q_4l\checkpoints\2026-03-05_05-50-04-441757_ho_DV_seed\model_weights.pth
INFO:src.utils.logger:It: 415, Loss: 4.793e-02, Loss_res: 3.979e-02,  Loss_bcs: 5.776e-04, Loss_ut_ics: 3.770e-05, Loss_norm: 3.045e-06, Loss_gauge: 0.000e+00, w_pde: 1.00e+00, L^2_error: 9.352e-02, lr: 1.000e-03, Time: 1.53e+03
INFO:src.utils.logger:Model state saved to results\ho\DV\20260305-054940_seed0_ho_DV_bl_layered_e1500_w300_4q_4l\checkpoints\2026-03-05_05-50-04-441757_ho_DV_seed\model.pth
INFO:src.utils.logger:Model weights saved to results\ho\DV\20260305-054940_seed0_ho_DV_bl_layered_e1500_w300_4q_4l\checkpoints\2026-03-05_05-50-04-441757_ho_DV_seed\model_weights.pth
INFO:src.utils.logger:It: 416, Loss: 4.270e-02, Loss_res: 3.458e-02,  Loss_bcs: 5.764e-04, Loss_ut_ics: 3.763e-05, Loss_norm: 2.967e-06, Loss_gauge: 0.000e+00, w_pde: 1.00e+00, L^2_error: 9.350e-02, lr: 1.000e-03, Time: 1.54e+03
INFO:src.utils.logger:Model state saved to results\ho\DV\20260305-054940_seed0_ho_DV_bl_layered_e1500_w300_4q_4l\checkpoints\2026-03-05_05-50-04-441757_ho_DV_seed\model.pth
INFO:src.utils.logger:Model weights saved to results\ho\DV\20260305-054940_seed0_ho_DV_bl_layered_e1500_w300_4q_4l\checkpoints\2026-03-05_05-50-04-441757_ho_DV_seed\model_weights.pth
INFO:src.utils.logger:It: 417, Loss: 4.501e-02, Loss_res: 3.690e-02,  Loss_bcs: 5.845e-04, Loss_ut_ics: 3.756e-05, Loss_norm: 2.862e-06, Loss_gauge: 0.000e+00, w_pde: 1.00e+00, L^2_error: 9.348e-02, lr: 1.000e-03, Time: 1.54e+03
INFO:src.utils.logger:Model state saved to results\ho\DV\20260305-054940_seed0_ho_DV_bl_layered_e1500_w300_4q_4l\checkpoints\2026-03-05_05-50-04-441757_ho_DV_seed\model.pth
INFO:src.utils.logger:Model weights saved to results\ho\DV\20260305-054940_seed0_ho_DV_bl_layered_e1500_w300_4q_4l\checkpoints\2026-03-05_05-50-04-441757_ho_DV_seed\model_weights.pth
INFO:src.utils.logger:It: 418, Loss: 4.588e-02, Loss_res: 3.779e-02,  Loss_bcs: 5.805e-04, Loss_ut_ics: 3.750e-05, Loss_norm: 2.838e-06, Loss_gauge: 0.000e+00, w_pde: 1.00e+00, L^2_error: 9.346e-02, lr: 1.000e-03, Time: 1.54e+03
INFO:src.utils.logger:Model state saved to results\ho\DV\20260305-054940_seed0_ho_DV_bl_layered_e1500_w300_4q_4l\checkpoints\2026-03-05_05-50-04-441757_ho_DV_seed\model.pth
INFO:src.utils.logger:Model weights saved to results\ho\DV\20260305-054940_seed0_ho_DV_bl_layered_e1500_w300_4q_4l\checkpoints\2026-03-05_05-50-04-441757_ho_DV_seed\model_weights.pth
INFO:src.utils.logger:It: 419, Loss: 4.609e-02, Loss_res: 3.800e-02,  Loss_bcs: 5.822e-04, Loss_ut_ics: 3.744e-05, Loss_norm: 2.895e-06, Loss_gauge: 0.000e+00, w_pde: 1.00e+00, L^2_error: 9.344e-02, lr: 1.000e-03, Time: 1.55e+03
INFO:src.utils.logger:Model state saved to results\ho\DV\20260305-054940_seed0_ho_DV_bl_layered_e1500_w300_4q_4l\checkpoints\2026-03-05_05-50-04-441757_ho_DV_seed\model.pth
INFO:src.utils.logger:Model weights saved to results\ho\DV\20260305-054940_seed0_ho_DV_bl_layered_e1500_w300_4q_4l\checkpoints\2026-03-05_05-50-04-441757_ho_DV_seed\model_weights.pth
INFO:src.utils.logger:It: 420, Loss: 4.660e-02, Loss_res: 3.853e-02,  Loss_bcs: 5.778e-04, Loss_ut_ics: 3.739e-05, Loss_norm: 2.939e-06, Loss_gauge: 0.000e+00, w_pde: 1.00e+00, L^2_error: 9.341e-02, lr: 1.000e-03, Time: 1.55e+03
INFO:src.utils.logger:Model state saved to results\ho\DV\20260305-054940_seed0_ho_DV_bl_layered_e1500_w300_4q_4l\checkpoints\2026-03-05_05-50-04-441757_ho_DV_seed\model.pth
INFO:src.utils.logger:Model weights saved to results\ho\DV\20260305-054940_seed0_ho_DV_bl_layered_e1500_w300_4q_4l\checkpoints\2026-03-05_05-50-04-441757_ho_DV_seed\model_weights.pth
INFO:src.utils.logger:It: 421, Loss: 4.827e-02, Loss_res: 4.021e-02,  Loss_bcs: 5.785e-04, Loss_ut_ics: 3.733e-05, Loss_norm: 2.973e-06, Loss_gauge: 0.000e+00, w_pde: 1.00e+00, L^2_error: 9.337e-02, lr: 1.000e-03, Time: 1.56e+03
INFO:src.utils.logger:Model state saved to results\ho\DV\20260305-054940_seed0_ho_DV_bl_layered_e1500_w300_4q_4l\checkpoints\2026-03-05_05-50-04-441757_ho_DV_seed\model.pth
INFO:src.utils.logger:Model weights saved to results\ho\DV\20260305-054940_seed0_ho_DV_bl_layered_e1500_w300_4q_4l\checkpoints\2026-03-05_05-50-04-441757_ho_DV_seed\model_weights.pth
INFO:src.utils.logger:It: 422, Loss: 4.428e-02, Loss_res: 3.623e-02,  Loss_bcs: 5.825e-04, Loss_ut_ics: 3.726e-05, Loss_norm: 3.136e-06, Loss_gauge: 0.000e+00, w_pde: 1.00e+00, L^2_error: 9.333e-02, lr: 1.000e-03, Time: 1.56e+03
INFO:src.utils.logger:Model state saved to results\ho\DV\20260305-054940_seed0_ho_DV_bl_layered_e1500_w300_4q_4l\checkpoints\2026-03-05_05-50-04-441757_ho_DV_seed\model.pth
INFO:src.utils.logger:Model weights saved to results\ho\DV\20260305-054940_seed0_ho_DV_bl_layered_e1500_w300_4q_4l\checkpoints\2026-03-05_05-50-04-441757_ho_DV_seed\model_weights.pth
INFO:src.utils.logger:It: 423, Loss: 4.774e-02, Loss_res: 3.971e-02,  Loss_bcs: 5.778e-04, Loss_ut_ics: 3.718e-05, Loss_norm: 3.311e-06, Loss_gauge: 0.000e+00, w_pde: 1.00e+00, L^2_error: 9.328e-02, lr: 1.000e-03, Time: 1.56e+03
INFO:src.utils.logger:Model state saved to results\ho\DV\20260305-054940_seed0_ho_DV_bl_layered_e1500_w300_4q_4l\checkpoints\2026-03-05_05-50-04-441757_ho_DV_seed\model.pth
INFO:src.utils.logger:Model weights saved to results\ho\DV\20260305-054940_seed0_ho_DV_bl_layered_e1500_w300_4q_4l\checkpoints\2026-03-05_05-50-04-441757_ho_DV_seed\model_weights.pth
INFO:src.utils.logger:It: 424, Loss: 4.582e-02, Loss_res: 3.781e-02,  Loss_bcs: 5.775e-04, Loss_ut_ics: 3.710e-05, Loss_norm: 3.471e-06, Loss_gauge: 0.000e+00, w_pde: 1.00e+00, L^2_error: 9.324e-02, lr: 1.000e-03, Time: 1.57e+03
INFO:src.utils.logger:Model state saved to results\ho\DV\20260305-054940_seed0_ho_DV_bl_layered_e1500_w300_4q_4l\checkpoints\2026-03-05_05-50-04-441757_ho_DV_seed\model.pth
INFO:src.utils.logger:Model weights saved to results\ho\DV\20260305-054940_seed0_ho_DV_bl_layered_e1500_w300_4q_4l\checkpoints\2026-03-05_05-50-04-441757_ho_DV_seed\model_weights.pth
INFO:src.utils.logger:It: 425, Loss: 4.656e-02, Loss_res: 3.856e-02,  Loss_bcs: 5.811e-04, Loss_ut_ics: 3.701e-05, Loss_norm: 3.599e-06, Loss_gauge: 0.000e+00, w_pde: 1.00e+00, L^2_error: 9.320e-02, lr: 1.000e-03, Time: 1.57e+03
INFO:src.utils.logger:Model state saved to results\ho\DV\20260305-054940_seed0_ho_DV_bl_layered_e1500_w300_4q_4l\checkpoints\2026-03-05_05-50-04-441757_ho_DV_seed\model.pth
INFO:src.utils.logger:Model weights saved to results\ho\DV\20260305-054940_seed0_ho_DV_bl_layered_e1500_w300_4q_4l\checkpoints\2026-03-05_05-50-04-441757_ho_DV_seed\model_weights.pth
INFO:src.utils.logger:It: 426, Loss: 4.731e-02, Loss_res: 3.933e-02,  Loss_bcs: 5.742e-04, Loss_ut_ics: 3.692e-05, Loss_norm: 3.644e-06, Loss_gauge: 0.000e+00, w_pde: 1.00e+00, L^2_error: 9.316e-02, lr: 1.000e-03, Time: 1.57e+03
INFO:src.utils.logger:Model state saved to results\ho\DV\20260305-054940_seed0_ho_DV_bl_layered_e1500_w300_4q_4l\checkpoints\2026-03-05_05-50-04-441757_ho_DV_seed\model.pth
INFO:src.utils.logger:Model weights saved to results\ho\DV\20260305-054940_seed0_ho_DV_bl_layered_e1500_w300_4q_4l\checkpoints\2026-03-05_05-50-04-441757_ho_DV_seed\model_weights.pth
INFO:src.utils.logger:It: 427, Loss: 4.601e-02, Loss_res: 3.806e-02,  Loss_bcs: 5.774e-04, Loss_ut_ics: 3.682e-05, Loss_norm: 3.599e-06, Loss_gauge: 0.000e+00, w_pde: 1.00e+00, L^2_error: 9.313e-02, lr: 1.000e-03, Time: 1.58e+03
INFO:src.utils.logger:Model state saved to results\ho\DV\20260305-054940_seed0_ho_DV_bl_layered_e1500_w300_4q_4l\checkpoints\2026-03-05_05-50-04-441757_ho_DV_seed\model.pth
INFO:src.utils.logger:Model weights saved to results\ho\DV\20260305-054940_seed0_ho_DV_bl_layered_e1500_w300_4q_4l\checkpoints\2026-03-05_05-50-04-441757_ho_DV_seed\model_weights.pth
INFO:src.utils.logger:It: 428, Loss: 4.576e-02, Loss_res: 3.781e-02,  Loss_bcs: 5.795e-04, Loss_ut_ics: 3.673e-05, Loss_norm: 3.399e-06, Loss_gauge: 0.000e+00, w_pde: 1.00e+00, L^2_error: 9.310e-02, lr: 1.000e-03, Time: 1.58e+03
INFO:src.utils.logger:Model state saved to results\ho\DV\20260305-054940_seed0_ho_DV_bl_layered_e1500_w300_4q_4l\checkpoints\2026-03-05_05-50-04-441757_ho_DV_seed\model.pth
INFO:src.utils.logger:Model weights saved to results\ho\DV\20260305-054940_seed0_ho_DV_bl_layered_e1500_w300_4q_4l\checkpoints\2026-03-05_05-50-04-441757_ho_DV_seed\model_weights.pth
INFO:src.utils.logger:It: 429, Loss: 4.757e-02, Loss_res: 3.965e-02,  Loss_bcs: 5.741e-04, Loss_ut_ics: 3.664e-05, Loss_norm: 3.155e-06, Loss_gauge: 0.000e+00, w_pde: 1.00e+00, L^2_error: 9.308e-02, lr: 1.000e-03, Time: 1.59e+03
INFO:src.utils.logger:Model state saved to results\ho\DV\20260305-054940_seed0_ho_DV_bl_layered_e1500_w300_4q_4l\checkpoints\2026-03-05_05-50-04-441757_ho_DV_seed\model.pth
INFO:src.utils.logger:Model weights saved to results\ho\DV\20260305-054940_seed0_ho_DV_bl_layered_e1500_w300_4q_4l\checkpoints\2026-03-05_05-50-04-441757_ho_DV_seed\model_weights.pth
INFO:src.utils.logger:It: 430, Loss: 4.397e-02, Loss_res: 3.607e-02,  Loss_bcs: 5.747e-04, Loss_ut_ics: 3.656e-05, Loss_norm: 2.921e-06, Loss_gauge: 0.000e+00, w_pde: 1.00e+00, L^2_error: 9.307e-02, lr: 1.000e-03, Time: 1.59e+03
INFO:src.utils.logger:Model state saved to results\ho\DV\20260305-054940_seed0_ho_DV_bl_layered_e1500_w300_4q_4l\checkpoints\2026-03-05_05-50-04-441757_ho_DV_seed\model.pth
INFO:src.utils.logger:Model weights saved to results\ho\DV\20260305-054940_seed0_ho_DV_bl_layered_e1500_w300_4q_4l\checkpoints\2026-03-05_05-50-04-441757_ho_DV_seed\model_weights.pth
INFO:src.utils.logger:It: 431, Loss: 4.253e-02, Loss_res: 3.464e-02,  Loss_bcs: 5.801e-04, Loss_ut_ics: 3.648e-05, Loss_norm: 2.745e-06, Loss_gauge: 0.000e+00, w_pde: 1.00e+00, L^2_error: 9.307e-02, lr: 1.000e-03, Time: 1.59e+03
INFO:src.utils.logger:Model state saved to results\ho\DV\20260305-054940_seed0_ho_DV_bl_layered_e1500_w300_4q_4l\checkpoints\2026-03-05_05-50-04-441757_ho_DV_seed\model.pth
INFO:src.utils.logger:Model weights saved to results\ho\DV\20260305-054940_seed0_ho_DV_bl_layered_e1500_w300_4q_4l\checkpoints\2026-03-05_05-50-04-441757_ho_DV_seed\model_weights.pth
INFO:src.utils.logger:It: 432, Loss: 4.579e-02, Loss_res: 3.791e-02,  Loss_bcs: 5.803e-04, Loss_ut_ics: 3.642e-05, Loss_norm: 2.629e-06, Loss_gauge: 0.000e+00, w_pde: 1.00e+00, L^2_error: 9.306e-02, lr: 1.000e-03, Time: 1.60e+03
INFO:src.utils.logger:Model state saved to results\ho\DV\20260305-054940_seed0_ho_DV_bl_layered_e1500_w300_4q_4l\checkpoints\2026-03-05_05-50-04-441757_ho_DV_seed\model.pth
INFO:src.utils.logger:Model weights saved to results\ho\DV\20260305-054940_seed0_ho_DV_bl_layered_e1500_w300_4q_4l\checkpoints\2026-03-05_05-50-04-441757_ho_DV_seed\model_weights.pth
INFO:src.utils.logger:It: 433, Loss: 4.733e-02, Loss_res: 3.946e-02,  Loss_bcs: 5.804e-04, Loss_ut_ics: 3.636e-05, Loss_norm: 2.604e-06, Loss_gauge: 0.000e+00, w_pde: 1.00e+00, L^2_error: 9.304e-02, lr: 1.000e-03, Time: 1.60e+03
INFO:src.utils.logger:Model state saved to results\ho\DV\20260305-054940_seed0_ho_DV_bl_layered_e1500_w300_4q_4l\checkpoints\2026-03-05_05-50-04-441757_ho_DV_seed\model.pth
INFO:src.utils.logger:Model weights saved to results\ho\DV\20260305-054940_seed0_ho_DV_bl_layered_e1500_w300_4q_4l\checkpoints\2026-03-05_05-50-04-441757_ho_DV_seed\model_weights.pth
INFO:src.utils.logger:It: 434, Loss: 4.432e-02, Loss_res: 3.647e-02,  Loss_bcs: 5.760e-04, Loss_ut_ics: 3.630e-05, Loss_norm: 2.685e-06, Loss_gauge: 0.000e+00, w_pde: 1.00e+00, L^2_error: 9.302e-02, lr: 1.000e-03, Time: 1.60e+03
INFO:src.utils.logger:Model state saved to results\ho\DV\20260305-054940_seed0_ho_DV_bl_layered_e1500_w300_4q_4l\checkpoints\2026-03-05_05-50-04-441757_ho_DV_seed\model.pth
INFO:src.utils.logger:Model weights saved to results\ho\DV\20260305-054940_seed0_ho_DV_bl_layered_e1500_w300_4q_4l\checkpoints\2026-03-05_05-50-04-441757_ho_DV_seed\model_weights.pth
INFO:src.utils.logger:It: 435, Loss: 4.665e-02, Loss_res: 3.881e-02,  Loss_bcs: 5.810e-04, Loss_ut_ics: 3.622e-05, Loss_norm: 2.885e-06, Loss_gauge: 0.000e+00, w_pde: 1.00e+00, L^2_error: 9.299e-02, lr: 1.000e-03, Time: 1.61e+03
INFO:src.utils.logger:Model state saved to results\ho\DV\20260305-054940_seed0_ho_DV_bl_layered_e1500_w300_4q_4l\checkpoints\2026-03-05_05-50-04-441757_ho_DV_seed\model.pth
INFO:src.utils.logger:Model weights saved to results\ho\DV\20260305-054940_seed0_ho_DV_bl_layered_e1500_w300_4q_4l\checkpoints\2026-03-05_05-50-04-441757_ho_DV_seed\model_weights.pth
INFO:src.utils.logger:It: 436, Loss: 4.453e-02, Loss_res: 3.670e-02,  Loss_bcs: 5.782e-04, Loss_ut_ics: 3.613e-05, Loss_norm: 3.157e-06, Loss_gauge: 0.000e+00, w_pde: 1.00e+00, L^2_error: 9.296e-02, lr: 1.000e-03, Time: 1.61e+03
INFO:src.utils.logger:Model state saved to results\ho\DV\20260305-054940_seed0_ho_DV_bl_layered_e1500_w300_4q_4l\checkpoints\2026-03-05_05-50-04-441757_ho_DV_seed\model.pth
INFO:src.utils.logger:Model weights saved to results\ho\DV\20260305-054940_seed0_ho_DV_bl_layered_e1500_w300_4q_4l\checkpoints\2026-03-05_05-50-04-441757_ho_DV_seed\model_weights.pth
INFO:src.utils.logger:It: 437, Loss: 4.614e-02, Loss_res: 3.833e-02,  Loss_bcs: 5.777e-04, Loss_ut_ics: 3.605e-05, Loss_norm: 3.495e-06, Loss_gauge: 0.000e+00, w_pde: 1.00e+00, L^2_error: 9.293e-02, lr: 1.000e-03, Time: 1.62e+03
INFO:src.utils.logger:Model state saved to results\ho\DV\20260305-054940_seed0_ho_DV_bl_layered_e1500_w300_4q_4l\checkpoints\2026-03-05_05-50-04-441757_ho_DV_seed\model.pth
INFO:src.utils.logger:Model weights saved to results\ho\DV\20260305-054940_seed0_ho_DV_bl_layered_e1500_w300_4q_4l\checkpoints\2026-03-05_05-50-04-441757_ho_DV_seed\model_weights.pth
INFO:src.utils.logger:It: 438, Loss: 4.717e-02, Loss_res: 3.939e-02,  Loss_bcs: 5.733e-04, Loss_ut_ics: 3.598e-05, Loss_norm: 3.685e-06, Loss_gauge: 0.000e+00, w_pde: 1.00e+00, L^2_error: 9.290e-02, lr: 1.000e-03, Time: 1.62e+03
INFO:src.utils.logger:Model state saved to results\ho\DV\20260305-054940_seed0_ho_DV_bl_layered_e1500_w300_4q_4l\checkpoints\2026-03-05_05-50-04-441757_ho_DV_seed\model.pth
INFO:src.utils.logger:Model weights saved to results\ho\DV\20260305-054940_seed0_ho_DV_bl_layered_e1500_w300_4q_4l\checkpoints\2026-03-05_05-50-04-441757_ho_DV_seed\model_weights.pth
INFO:src.utils.logger:It: 439, Loss: 4.554e-02, Loss_res: 3.777e-02,  Loss_bcs: 5.753e-04, Loss_ut_ics: 3.590e-05, Loss_norm: 3.803e-06, Loss_gauge: 0.000e+00, w_pde: 1.00e+00, L^2_error: 9.287e-02, lr: 1.000e-03, Time: 1.62e+03
INFO:src.utils.logger:Model state saved to results\ho\DV\20260305-054940_seed0_ho_DV_bl_layered_e1500_w300_4q_4l\checkpoints\2026-03-05_05-50-04-441757_ho_DV_seed\model.pth
INFO:src.utils.logger:Model weights saved to results\ho\DV\20260305-054940_seed0_ho_DV_bl_layered_e1500_w300_4q_4l\checkpoints\2026-03-05_05-50-04-441757_ho_DV_seed\model_weights.pth
INFO:src.utils.logger:It: 440, Loss: 4.509e-02, Loss_res: 3.733e-02,  Loss_bcs: 5.788e-04, Loss_ut_ics: 3.583e-05, Loss_norm: 3.911e-06, Loss_gauge: 0.000e+00, w_pde: 1.00e+00, L^2_error: 9.283e-02, lr: 1.000e-03, Time: 1.63e+03
INFO:src.utils.logger:Model state saved to results\ho\DV\20260305-054940_seed0_ho_DV_bl_layered_e1500_w300_4q_4l\checkpoints\2026-03-05_05-50-04-441757_ho_DV_seed\model.pth
INFO:src.utils.logger:Model weights saved to results\ho\DV\20260305-054940_seed0_ho_DV_bl_layered_e1500_w300_4q_4l\checkpoints\2026-03-05_05-50-04-441757_ho_DV_seed\model_weights.pth
INFO:src.utils.logger:It: 441, Loss: 4.696e-02, Loss_res: 3.920e-02,  Loss_bcs: 5.846e-04, Loss_ut_ics: 3.575e-05, Loss_norm: 3.953e-06, Loss_gauge: 0.000e+00, w_pde: 1.00e+00, L^2_error: 9.280e-02, lr: 1.000e-03, Time: 1.63e+03
INFO:src.utils.logger:Model state saved to results\ho\DV\20260305-054940_seed0_ho_DV_bl_layered_e1500_w300_4q_4l\checkpoints\2026-03-05_05-50-04-441757_ho_DV_seed\model.pth
INFO:src.utils.logger:Model weights saved to results\ho\DV\20260305-054940_seed0_ho_DV_bl_layered_e1500_w300_4q_4l\checkpoints\2026-03-05_05-50-04-441757_ho_DV_seed\model_weights.pth
INFO:src.utils.logger:It: 442, Loss: 4.627e-02, Loss_res: 3.853e-02,  Loss_bcs: 5.785e-04, Loss_ut_ics: 3.569e-05, Loss_norm: 3.867e-06, Loss_gauge: 0.000e+00, w_pde: 1.00e+00, L^2_error: 9.278e-02, lr: 1.000e-03, Time: 1.63e+03
INFO:src.utils.logger:Model state saved to results\ho\DV\20260305-054940_seed0_ho_DV_bl_layered_e1500_w300_4q_4l\checkpoints\2026-03-05_05-50-04-441757_ho_DV_seed\model.pth
INFO:src.utils.logger:Model weights saved to results\ho\DV\20260305-054940_seed0_ho_DV_bl_layered_e1500_w300_4q_4l\checkpoints\2026-03-05_05-50-04-441757_ho_DV_seed\model_weights.pth
INFO:src.utils.logger:It: 443, Loss: 4.669e-02, Loss_res: 3.896e-02,  Loss_bcs: 5.827e-04, Loss_ut_ics: 3.563e-05, Loss_norm: 3.676e-06, Loss_gauge: 0.000e+00, w_pde: 1.00e+00, L^2_error: 9.275e-02, lr: 1.000e-03, Time: 1.64e+03
INFO:src.utils.logger:Model state saved to results\ho\DV\20260305-054940_seed0_ho_DV_bl_layered_e1500_w300_4q_4l\checkpoints\2026-03-05_05-50-04-441757_ho_DV_seed\model.pth
INFO:src.utils.logger:Model weights saved to results\ho\DV\20260305-054940_seed0_ho_DV_bl_layered_e1500_w300_4q_4l\checkpoints\2026-03-05_05-50-04-441757_ho_DV_seed\model_weights.pth
INFO:src.utils.logger:It: 444, Loss: 4.346e-02, Loss_res: 3.575e-02,  Loss_bcs: 5.796e-04, Loss_ut_ics: 3.558e-05, Loss_norm: 3.523e-06, Loss_gauge: 0.000e+00, w_pde: 1.00e+00, L^2_error: 9.272e-02, lr: 1.000e-03, Time: 1.64e+03
INFO:src.utils.logger:Model state saved to results\ho\DV\20260305-054940_seed0_ho_DV_bl_layered_e1500_w300_4q_4l\checkpoints\2026-03-05_05-50-04-441757_ho_DV_seed\model.pth
INFO:src.utils.logger:Model weights saved to results\ho\DV\20260305-054940_seed0_ho_DV_bl_layered_e1500_w300_4q_4l\checkpoints\2026-03-05_05-50-04-441757_ho_DV_seed\model_weights.pth
INFO:src.utils.logger:It: 445, Loss: 4.825e-02, Loss_res: 4.054e-02,  Loss_bcs: 5.837e-04, Loss_ut_ics: 3.552e-05, Loss_norm: 3.463e-06, Loss_gauge: 0.000e+00, w_pde: 1.00e+00, L^2_error: 9.269e-02, lr: 1.000e-03, Time: 1.65e+03
INFO:src.utils.logger:Model state saved to results\ho\DV\20260305-054940_seed0_ho_DV_bl_layered_e1500_w300_4q_4l\checkpoints\2026-03-05_05-50-04-441757_ho_DV_seed\model.pth
INFO:src.utils.logger:Model weights saved to results\ho\DV\20260305-054940_seed0_ho_DV_bl_layered_e1500_w300_4q_4l\checkpoints\2026-03-05_05-50-04-441757_ho_DV_seed\model_weights.pth
INFO:src.utils.logger:It: 446, Loss: 4.333e-02, Loss_res: 3.564e-02,  Loss_bcs: 5.787e-04, Loss_ut_ics: 3.547e-05, Loss_norm: 3.482e-06, Loss_gauge: 0.000e+00, w_pde: 1.00e+00, L^2_error: 9.266e-02, lr: 1.000e-03, Time: 1.65e+03
INFO:src.utils.logger:Model state saved to results\ho\DV\20260305-054940_seed0_ho_DV_bl_layered_e1500_w300_4q_4l\checkpoints\2026-03-05_05-50-04-441757_ho_DV_seed\model.pth
INFO:src.utils.logger:Model weights saved to results\ho\DV\20260305-054940_seed0_ho_DV_bl_layered_e1500_w300_4q_4l\checkpoints\2026-03-05_05-50-04-441757_ho_DV_seed\model_weights.pth
INFO:src.utils.logger:It: 447, Loss: 4.588e-02, Loss_res: 3.821e-02,  Loss_bcs: 5.768e-04, Loss_ut_ics: 3.541e-05, Loss_norm: 3.568e-06, Loss_gauge: 0.000e+00, w_pde: 1.00e+00, L^2_error: 9.264e-02, lr: 1.000e-03, Time: 1.65e+03
INFO:src.utils.logger:Model state saved to results\ho\DV\20260305-054940_seed0_ho_DV_bl_layered_e1500_w300_4q_4l\checkpoints\2026-03-05_05-50-04-441757_ho_DV_seed\model.pth
INFO:src.utils.logger:Model weights saved to results\ho\DV\20260305-054940_seed0_ho_DV_bl_layered_e1500_w300_4q_4l\checkpoints\2026-03-05_05-50-04-441757_ho_DV_seed\model_weights.pth
INFO:src.utils.logger:It: 448, Loss: 4.682e-02, Loss_res: 3.915e-02,  Loss_bcs: 5.743e-04, Loss_ut_ics: 3.535e-05, Loss_norm: 3.659e-06, Loss_gauge: 0.000e+00, w_pde: 1.00e+00, L^2_error: 9.260e-02, lr: 1.000e-03, Time: 1.66e+03
INFO:src.utils.logger:Model state saved to results\ho\DV\20260305-054940_seed0_ho_DV_bl_layered_e1500_w300_4q_4l\checkpoints\2026-03-05_05-50-04-441757_ho_DV_seed\model.pth
INFO:src.utils.logger:Model weights saved to results\ho\DV\20260305-054940_seed0_ho_DV_bl_layered_e1500_w300_4q_4l\checkpoints\2026-03-05_05-50-04-441757_ho_DV_seed\model_weights.pth
INFO:src.utils.logger:It: 449, Loss: 4.249e-02, Loss_res: 3.484e-02,  Loss_bcs: 5.775e-04, Loss_ut_ics: 3.528e-05, Loss_norm: 3.795e-06, Loss_gauge: 0.000e+00, w_pde: 1.00e+00, L^2_error: 9.257e-02, lr: 1.000e-03, Time: 1.66e+03
INFO:src.utils.logger:Model state saved to results\ho\DV\20260305-054940_seed0_ho_DV_bl_layered_e1500_w300_4q_4l\checkpoints\2026-03-05_05-50-04-441757_ho_DV_seed\model.pth
INFO:src.utils.logger:Model weights saved to results\ho\DV\20260305-054940_seed0_ho_DV_bl_layered_e1500_w300_4q_4l\checkpoints\2026-03-05_05-50-04-441757_ho_DV_seed\model_weights.pth
INFO:src.utils.logger:It: 450, Loss: 4.620e-02, Loss_res: 3.856e-02,  Loss_bcs: 5.737e-04, Loss_ut_ics: 3.521e-05, Loss_norm: 3.769e-06, Loss_gauge: 0.000e+00, w_pde: 1.00e+00, L^2_error: 9.255e-02, lr: 1.000e-03, Time: 1.66e+03
INFO:src.utils.logger:Model state saved to results\ho\DV\20260305-054940_seed0_ho_DV_bl_layered_e1500_w300_4q_4l\checkpoints\2026-03-05_05-50-04-441757_ho_DV_seed\model.pth
INFO:src.utils.logger:Model weights saved to results\ho\DV\20260305-054940_seed0_ho_DV_bl_layered_e1500_w300_4q_4l\checkpoints\2026-03-05_05-50-04-441757_ho_DV_seed\model_weights.pth
INFO:src.utils.logger:It: 451, Loss: 4.744e-02, Loss_res: 3.982e-02,  Loss_bcs: 5.766e-04, Loss_ut_ics: 3.514e-05, Loss_norm: 3.666e-06, Loss_gauge: 0.000e+00, w_pde: 1.00e+00, L^2_error: 9.252e-02, lr: 1.000e-03, Time: 1.67e+03
INFO:src.utils.logger:Model state saved to results\ho\DV\20260305-054940_seed0_ho_DV_bl_layered_e1500_w300_4q_4l\checkpoints\2026-03-05_05-50-04-441757_ho_DV_seed\model.pth
INFO:src.utils.logger:Model weights saved to results\ho\DV\20260305-054940_seed0_ho_DV_bl_layered_e1500_w300_4q_4l\checkpoints\2026-03-05_05-50-04-441757_ho_DV_seed\model_weights.pth
INFO:src.utils.logger:It: 452, Loss: 4.412e-02, Loss_res: 3.651e-02,  Loss_bcs: 5.761e-04, Loss_ut_ics: 3.506e-05, Loss_norm: 3.557e-06, Loss_gauge: 0.000e+00, w_pde: 1.00e+00, L^2_error: 9.250e-02, lr: 1.000e-03, Time: 1.67e+03
INFO:src.utils.logger:Model state saved to results\ho\DV\20260305-054940_seed0_ho_DV_bl_layered_e1500_w300_4q_4l\checkpoints\2026-03-05_05-50-04-441757_ho_DV_seed\model.pth
INFO:src.utils.logger:Model weights saved to results\ho\DV\20260305-054940_seed0_ho_DV_bl_layered_e1500_w300_4q_4l\checkpoints\2026-03-05_05-50-04-441757_ho_DV_seed\model_weights.pth
INFO:src.utils.logger:It: 453, Loss: 4.518e-02, Loss_res: 3.759e-02,  Loss_bcs: 5.780e-04, Loss_ut_ics: 3.500e-05, Loss_norm: 3.446e-06, Loss_gauge: 0.000e+00, w_pde: 1.00e+00, L^2_error: 9.247e-02, lr: 1.000e-03, Time: 1.67e+03
INFO:src.utils.logger:Model state saved to results\ho\DV\20260305-054940_seed0_ho_DV_bl_layered_e1500_w300_4q_4l\checkpoints\2026-03-05_05-50-04-441757_ho_DV_seed\model.pth
INFO:src.utils.logger:Model weights saved to results\ho\DV\20260305-054940_seed0_ho_DV_bl_layered_e1500_w300_4q_4l\checkpoints\2026-03-05_05-50-04-441757_ho_DV_seed\model_weights.pth
INFO:src.utils.logger:It: 454, Loss: 4.636e-02, Loss_res: 3.878e-02,  Loss_bcs: 5.746e-04, Loss_ut_ics: 3.494e-05, Loss_norm: 3.326e-06, Loss_gauge: 0.000e+00, w_pde: 1.00e+00, L^2_error: 9.245e-02, lr: 1.000e-03, Time: 1.68e+03
INFO:src.utils.logger:Model state saved to results\ho\DV\20260305-054940_seed0_ho_DV_bl_layered_e1500_w300_4q_4l\checkpoints\2026-03-05_05-50-04-441757_ho_DV_seed\model.pth
INFO:src.utils.logger:Model weights saved to results\ho\DV\20260305-054940_seed0_ho_DV_bl_layered_e1500_w300_4q_4l\checkpoints\2026-03-05_05-50-04-441757_ho_DV_seed\model_weights.pth
INFO:src.utils.logger:It: 455, Loss: 4.589e-02, Loss_res: 3.832e-02,  Loss_bcs: 5.749e-04, Loss_ut_ics: 3.488e-05, Loss_norm: 3.364e-06, Loss_gauge: 0.000e+00, w_pde: 1.00e+00, L^2_error: 9.242e-02, lr: 1.000e-03, Time: 1.68e+03
INFO:src.utils.logger:Model state saved to results\ho\DV\20260305-054940_seed0_ho_DV_bl_layered_e1500_w300_4q_4l\checkpoints\2026-03-05_05-50-04-441757_ho_DV_seed\model.pth
INFO:src.utils.logger:Model weights saved to results\ho\DV\20260305-054940_seed0_ho_DV_bl_layered_e1500_w300_4q_4l\checkpoints\2026-03-05_05-50-04-441757_ho_DV_seed\model_weights.pth
INFO:src.utils.logger:It: 456, Loss: 4.458e-02, Loss_res: 3.702e-02,  Loss_bcs: 5.754e-04, Loss_ut_ics: 3.482e-05, Loss_norm: 3.552e-06, Loss_gauge: 0.000e+00, w_pde: 1.00e+00, L^2_error: 9.239e-02, lr: 1.000e-03, Time: 1.69e+03
INFO:src.utils.logger:Model state saved to results\ho\DV\20260305-054940_seed0_ho_DV_bl_layered_e1500_w300_4q_4l\checkpoints\2026-03-05_05-50-04-441757_ho_DV_seed\model.pth
INFO:src.utils.logger:Model weights saved to results\ho\DV\20260305-054940_seed0_ho_DV_bl_layered_e1500_w300_4q_4l\checkpoints\2026-03-05_05-50-04-441757_ho_DV_seed\model_weights.pth
INFO:src.utils.logger:It: 457, Loss: 4.521e-02, Loss_res: 3.766e-02,  Loss_bcs: 5.717e-04, Loss_ut_ics: 3.476e-05, Loss_norm: 3.832e-06, Loss_gauge: 0.000e+00, w_pde: 1.00e+00, L^2_error: 9.235e-02, lr: 1.000e-03, Time: 1.69e+03
INFO:src.utils.logger:Model state saved to results\ho\DV\20260305-054940_seed0_ho_DV_bl_layered_e1500_w300_4q_4l\checkpoints\2026-03-05_05-50-04-441757_ho_DV_seed\model.pth
INFO:src.utils.logger:Model weights saved to results\ho\DV\20260305-054940_seed0_ho_DV_bl_layered_e1500_w300_4q_4l\checkpoints\2026-03-05_05-50-04-441757_ho_DV_seed\model_weights.pth
INFO:src.utils.logger:It: 458, Loss: 4.921e-02, Loss_res: 4.168e-02,  Loss_bcs: 5.734e-04, Loss_ut_ics: 3.469e-05, Loss_norm: 4.088e-06, Loss_gauge: 0.000e+00, w_pde: 1.00e+00, L^2_error: 9.232e-02, lr: 1.000e-03, Time: 1.69e+03
INFO:src.utils.logger:Model state saved to results\ho\DV\20260305-054940_seed0_ho_DV_bl_layered_e1500_w300_4q_4l\checkpoints\2026-03-05_05-50-04-441757_ho_DV_seed\model.pth
INFO:src.utils.logger:Model weights saved to results\ho\DV\20260305-054940_seed0_ho_DV_bl_layered_e1500_w300_4q_4l\checkpoints\2026-03-05_05-50-04-441757_ho_DV_seed\model_weights.pth
INFO:src.utils.logger:It: 459, Loss: 4.778e-02, Loss_res: 4.026e-02,  Loss_bcs: 5.705e-04, Loss_ut_ics: 3.462e-05, Loss_norm: 4.282e-06, Loss_gauge: 0.000e+00, w_pde: 1.00e+00, L^2_error: 9.227e-02, lr: 1.000e-03, Time: 1.70e+03
INFO:src.utils.logger:Model state saved to results\ho\DV\20260305-054940_seed0_ho_DV_bl_layered_e1500_w300_4q_4l\checkpoints\2026-03-05_05-50-04-441757_ho_DV_seed\model.pth
INFO:src.utils.logger:Model weights saved to results\ho\DV\20260305-054940_seed0_ho_DV_bl_layered_e1500_w300_4q_4l\checkpoints\2026-03-05_05-50-04-441757_ho_DV_seed\model_weights.pth
INFO:src.utils.logger:It: 460, Loss: 4.266e-02, Loss_res: 3.516e-02,  Loss_bcs: 5.719e-04, Loss_ut_ics: 3.456e-05, Loss_norm: 4.372e-06, Loss_gauge: 0.000e+00, w_pde: 1.00e+00, L^2_error: 9.224e-02, lr: 1.000e-03, Time: 1.70e+03
INFO:src.utils.logger:Model state saved to results\ho\DV\20260305-054940_seed0_ho_DV_bl_layered_e1500_w300_4q_4l\checkpoints\2026-03-05_05-50-04-441757_ho_DV_seed\model.pth
INFO:src.utils.logger:Model weights saved to results\ho\DV\20260305-054940_seed0_ho_DV_bl_layered_e1500_w300_4q_4l\checkpoints\2026-03-05_05-50-04-441757_ho_DV_seed\model_weights.pth
INFO:src.utils.logger:It: 461, Loss: 4.711e-02, Loss_res: 3.961e-02,  Loss_bcs: 5.741e-04, Loss_ut_ics: 3.450e-05, Loss_norm: 4.289e-06, Loss_gauge: 0.000e+00, w_pde: 1.00e+00, L^2_error: 9.221e-02, lr: 1.000e-03, Time: 1.70e+03
INFO:src.utils.logger:Model state saved to results\ho\DV\20260305-054940_seed0_ho_DV_bl_layered_e1500_w300_4q_4l\checkpoints\2026-03-05_05-50-04-441757_ho_DV_seed\model.pth
INFO:src.utils.logger:Model weights saved to results\ho\DV\20260305-054940_seed0_ho_DV_bl_layered_e1500_w300_4q_4l\checkpoints\2026-03-05_05-50-04-441757_ho_DV_seed\model_weights.pth
INFO:src.utils.logger:It: 462, Loss: 4.442e-02, Loss_res: 3.693e-02,  Loss_bcs: 5.726e-04, Loss_ut_ics: 3.445e-05, Loss_norm: 4.112e-06, Loss_gauge: 0.000e+00, w_pde: 1.00e+00, L^2_error: 9.219e-02, lr: 1.000e-03, Time: 1.71e+03
INFO:src.utils.logger:Model state saved to results\ho\DV\20260305-054940_seed0_ho_DV_bl_layered_e1500_w300_4q_4l\checkpoints\2026-03-05_05-50-04-441757_ho_DV_seed\model.pth
INFO:src.utils.logger:Model weights saved to results\ho\DV\20260305-054940_seed0_ho_DV_bl_layered_e1500_w300_4q_4l\checkpoints\2026-03-05_05-50-04-441757_ho_DV_seed\model_weights.pth
INFO:src.utils.logger:It: 463, Loss: 4.479e-02, Loss_res: 3.732e-02,  Loss_bcs: 5.741e-04, Loss_ut_ics: 3.441e-05, Loss_norm: 3.837e-06, Loss_gauge: 0.000e+00, w_pde: 1.00e+00, L^2_error: 9.216e-02, lr: 1.000e-03, Time: 1.71e+03
INFO:src.utils.logger:Model state saved to results\ho\DV\20260305-054940_seed0_ho_DV_bl_layered_e1500_w300_4q_4l\checkpoints\2026-03-05_05-50-04-441757_ho_DV_seed\model.pth
INFO:src.utils.logger:Model weights saved to results\ho\DV\20260305-054940_seed0_ho_DV_bl_layered_e1500_w300_4q_4l\checkpoints\2026-03-05_05-50-04-441757_ho_DV_seed\model_weights.pth
INFO:src.utils.logger:It: 464, Loss: 4.611e-02, Loss_res: 3.865e-02,  Loss_bcs: 5.714e-04, Loss_ut_ics: 3.438e-05, Loss_norm: 3.644e-06, Loss_gauge: 0.000e+00, w_pde: 1.00e+00, L^2_error: 9.213e-02, lr: 1.000e-03, Time: 1.72e+03
INFO:src.utils.logger:Model state saved to results\ho\DV\20260305-054940_seed0_ho_DV_bl_layered_e1500_w300_4q_4l\checkpoints\2026-03-05_05-50-04-441757_ho_DV_seed\model.pth
INFO:src.utils.logger:Model weights saved to results\ho\DV\20260305-054940_seed0_ho_DV_bl_layered_e1500_w300_4q_4l\checkpoints\2026-03-05_05-50-04-441757_ho_DV_seed\model_weights.pth
INFO:src.utils.logger:It: 465, Loss: 4.498e-02, Loss_res: 3.752e-02,  Loss_bcs: 5.736e-04, Loss_ut_ics: 3.433e-05, Loss_norm: 3.637e-06, Loss_gauge: 0.000e+00, w_pde: 1.00e+00, L^2_error: 9.210e-02, lr: 1.000e-03, Time: 1.72e+03
INFO:src.utils.logger:Model state saved to results\ho\DV\20260305-054940_seed0_ho_DV_bl_layered_e1500_w300_4q_4l\checkpoints\2026-03-05_05-50-04-441757_ho_DV_seed\model.pth
INFO:src.utils.logger:Model weights saved to results\ho\DV\20260305-054940_seed0_ho_DV_bl_layered_e1500_w300_4q_4l\checkpoints\2026-03-05_05-50-04-441757_ho_DV_seed\model_weights.pth
INFO:src.utils.logger:It: 466, Loss: 4.594e-02, Loss_res: 3.849e-02,  Loss_bcs: 5.699e-04, Loss_ut_ics: 3.429e-05, Loss_norm: 3.720e-06, Loss_gauge: 0.000e+00, w_pde: 1.00e+00, L^2_error: 9.207e-02, lr: 1.000e-03, Time: 1.72e+03
INFO:src.utils.logger:Model state saved to results\ho\DV\20260305-054940_seed0_ho_DV_bl_layered_e1500_w300_4q_4l\checkpoints\2026-03-05_05-50-04-441757_ho_DV_seed\model.pth
INFO:src.utils.logger:Model weights saved to results\ho\DV\20260305-054940_seed0_ho_DV_bl_layered_e1500_w300_4q_4l\checkpoints\2026-03-05_05-50-04-441757_ho_DV_seed\model_weights.pth
INFO:src.utils.logger:It: 467, Loss: 4.538e-02, Loss_res: 3.794e-02,  Loss_bcs: 5.699e-04, Loss_ut_ics: 3.425e-05, Loss_norm: 3.852e-06, Loss_gauge: 0.000e+00, w_pde: 1.00e+00, L^2_error: 9.203e-02, lr: 1.000e-03, Time: 1.73e+03
INFO:src.utils.logger:Model state saved to results\ho\DV\20260305-054940_seed0_ho_DV_bl_layered_e1500_w300_4q_4l\checkpoints\2026-03-05_05-50-04-441757_ho_DV_seed\model.pth
INFO:src.utils.logger:Model weights saved to results\ho\DV\20260305-054940_seed0_ho_DV_bl_layered_e1500_w300_4q_4l\checkpoints\2026-03-05_05-50-04-441757_ho_DV_seed\model_weights.pth
INFO:src.utils.logger:It: 468, Loss: 4.617e-02, Loss_res: 3.874e-02,  Loss_bcs: 5.678e-04, Loss_ut_ics: 3.420e-05, Loss_norm: 3.966e-06, Loss_gauge: 0.000e+00, w_pde: 1.00e+00, L^2_error: 9.199e-02, lr: 1.000e-03, Time: 1.73e+03
INFO:src.utils.logger:Model state saved to results\ho\DV\20260305-054940_seed0_ho_DV_bl_layered_e1500_w300_4q_4l\checkpoints\2026-03-05_05-50-04-441757_ho_DV_seed\model.pth
INFO:src.utils.logger:Model weights saved to results\ho\DV\20260305-054940_seed0_ho_DV_bl_layered_e1500_w300_4q_4l\checkpoints\2026-03-05_05-50-04-441757_ho_DV_seed\model_weights.pth
INFO:src.utils.logger:It: 469, Loss: 4.377e-02, Loss_res: 3.635e-02,  Loss_bcs: 5.703e-04, Loss_ut_ics: 3.414e-05, Loss_norm: 3.966e-06, Loss_gauge: 0.000e+00, w_pde: 1.00e+00, L^2_error: 9.196e-02, lr: 1.000e-03, Time: 1.73e+03
INFO:src.utils.logger:Model state saved to results\ho\DV\20260305-054940_seed0_ho_DV_bl_layered_e1500_w300_4q_4l\checkpoints\2026-03-05_05-50-04-441757_ho_DV_seed\model.pth
INFO:src.utils.logger:Model weights saved to results\ho\DV\20260305-054940_seed0_ho_DV_bl_layered_e1500_w300_4q_4l\checkpoints\2026-03-05_05-50-04-441757_ho_DV_seed\model_weights.pth
INFO:src.utils.logger:It: 470, Loss: 4.481e-02, Loss_res: 3.741e-02,  Loss_bcs: 5.676e-04, Loss_ut_ics: 3.409e-05, Loss_norm: 3.906e-06, Loss_gauge: 0.000e+00, w_pde: 1.00e+00, L^2_error: 9.192e-02, lr: 1.000e-03, Time: 1.74e+03
INFO:src.utils.logger:Model state saved to results\ho\DV\20260305-054940_seed0_ho_DV_bl_layered_e1500_w300_4q_4l\checkpoints\2026-03-05_05-50-04-441757_ho_DV_seed\model.pth
INFO:src.utils.logger:Model weights saved to results\ho\DV\20260305-054940_seed0_ho_DV_bl_layered_e1500_w300_4q_4l\checkpoints\2026-03-05_05-50-04-441757_ho_DV_seed\model_weights.pth
INFO:src.utils.logger:It: 471, Loss: 4.620e-02, Loss_res: 3.881e-02,  Loss_bcs: 5.672e-04, Loss_ut_ics: 3.403e-05, Loss_norm: 3.816e-06, Loss_gauge: 0.000e+00, w_pde: 1.00e+00, L^2_error: 9.189e-02, lr: 1.000e-03, Time: 1.74e+03
INFO:src.utils.logger:Model state saved to results\ho\DV\20260305-054940_seed0_ho_DV_bl_layered_e1500_w300_4q_4l\checkpoints\2026-03-05_05-50-04-441757_ho_DV_seed\model.pth
INFO:src.utils.logger:Model weights saved to results\ho\DV\20260305-054940_seed0_ho_DV_bl_layered_e1500_w300_4q_4l\checkpoints\2026-03-05_05-50-04-441757_ho_DV_seed\model_weights.pth
INFO:src.utils.logger:It: 472, Loss: 4.556e-02, Loss_res: 3.819e-02,  Loss_bcs: 5.662e-04, Loss_ut_ics: 3.397e-05, Loss_norm: 3.744e-06, Loss_gauge: 0.000e+00, w_pde: 1.00e+00, L^2_error: 9.185e-02, lr: 1.000e-03, Time: 1.74e+03
INFO:src.utils.logger:Model state saved to results\ho\DV\20260305-054940_seed0_ho_DV_bl_layered_e1500_w300_4q_4l\checkpoints\2026-03-05_05-50-04-441757_ho_DV_seed\model.pth
INFO:src.utils.logger:Model weights saved to results\ho\DV\20260305-054940_seed0_ho_DV_bl_layered_e1500_w300_4q_4l\checkpoints\2026-03-05_05-50-04-441757_ho_DV_seed\model_weights.pth
INFO:src.utils.logger:It: 473, Loss: 4.211e-02, Loss_res: 3.474e-02,  Loss_bcs: 5.690e-04, Loss_ut_ics: 3.392e-05, Loss_norm: 3.655e-06, Loss_gauge: 0.000e+00, w_pde: 1.00e+00, L^2_error: 9.182e-02, lr: 1.000e-03, Time: 1.75e+03
INFO:src.utils.logger:Model state saved to results\ho\DV\20260305-054940_seed0_ho_DV_bl_layered_e1500_w300_4q_4l\checkpoints\2026-03-05_05-50-04-441757_ho_DV_seed\model.pth
INFO:src.utils.logger:Model weights saved to results\ho\DV\20260305-054940_seed0_ho_DV_bl_layered_e1500_w300_4q_4l\checkpoints\2026-03-05_05-50-04-441757_ho_DV_seed\model_weights.pth
INFO:src.utils.logger:It: 474, Loss: 4.424e-02, Loss_res: 3.689e-02,  Loss_bcs: 5.645e-04, Loss_ut_ics: 3.387e-05, Loss_norm: 3.562e-06, Loss_gauge: 0.000e+00, w_pde: 1.00e+00, L^2_error: 9.179e-02, lr: 1.000e-03, Time: 1.75e+03
INFO:src.utils.logger:Model state saved to results\ho\DV\20260305-054940_seed0_ho_DV_bl_layered_e1500_w300_4q_4l\checkpoints\2026-03-05_05-50-04-441757_ho_DV_seed\model.pth
INFO:src.utils.logger:Model weights saved to results\ho\DV\20260305-054940_seed0_ho_DV_bl_layered_e1500_w300_4q_4l\checkpoints\2026-03-05_05-50-04-441757_ho_DV_seed\model_weights.pth
INFO:src.utils.logger:It: 475, Loss: 4.583e-02, Loss_res: 3.848e-02,  Loss_bcs: 5.660e-04, Loss_ut_ics: 3.382e-05, Loss_norm: 3.593e-06, Loss_gauge: 0.000e+00, w_pde: 1.00e+00, L^2_error: 9.176e-02, lr: 1.000e-03, Time: 1.76e+03
INFO:src.utils.logger:Model state saved to results\ho\DV\20260305-054940_seed0_ho_DV_bl_layered_e1500_w300_4q_4l\checkpoints\2026-03-05_05-50-04-441757_ho_DV_seed\model.pth
INFO:src.utils.logger:Model weights saved to results\ho\DV\20260305-054940_seed0_ho_DV_bl_layered_e1500_w300_4q_4l\checkpoints\2026-03-05_05-50-04-441757_ho_DV_seed\model_weights.pth
INFO:src.utils.logger:It: 476, Loss: 4.674e-02, Loss_res: 3.941e-02,  Loss_bcs: 5.617e-04, Loss_ut_ics: 3.375e-05, Loss_norm: 3.693e-06, Loss_gauge: 0.000e+00, w_pde: 1.00e+00, L^2_error: 9.172e-02, lr: 1.000e-03, Time: 1.76e+03
INFO:src.utils.logger:Model state saved to results\ho\DV\20260305-054940_seed0_ho_DV_bl_layered_e1500_w300_4q_4l\checkpoints\2026-03-05_05-50-04-441757_ho_DV_seed\model.pth
INFO:src.utils.logger:Model weights saved to results\ho\DV\20260305-054940_seed0_ho_DV_bl_layered_e1500_w300_4q_4l\checkpoints\2026-03-05_05-50-04-441757_ho_DV_seed\model_weights.pth
INFO:src.utils.logger:It: 477, Loss: 4.467e-02, Loss_res: 3.735e-02,  Loss_bcs: 5.667e-04, Loss_ut_ics: 3.367e-05, Loss_norm: 3.867e-06, Loss_gauge: 0.000e+00, w_pde: 1.00e+00, L^2_error: 9.169e-02, lr: 1.000e-03, Time: 1.76e+03
INFO:src.utils.logger:Model state saved to results\ho\DV\20260305-054940_seed0_ho_DV_bl_layered_e1500_w300_4q_4l\checkpoints\2026-03-05_05-50-04-441757_ho_DV_seed\model.pth
INFO:src.utils.logger:Model weights saved to results\ho\DV\20260305-054940_seed0_ho_DV_bl_layered_e1500_w300_4q_4l\checkpoints\2026-03-05_05-50-04-441757_ho_DV_seed\model_weights.pth
INFO:src.utils.logger:It: 478, Loss: 4.200e-02, Loss_res: 3.469e-02,  Loss_bcs: 5.688e-04, Loss_ut_ics: 3.359e-05, Loss_norm: 4.060e-06, Loss_gauge: 0.000e+00, w_pde: 1.00e+00, L^2_error: 9.166e-02, lr: 1.000e-03, Time: 1.77e+03
INFO:src.utils.logger:Model state saved to results\ho\DV\20260305-054940_seed0_ho_DV_bl_layered_e1500_w300_4q_4l\checkpoints\2026-03-05_05-50-04-441757_ho_DV_seed\model.pth
INFO:src.utils.logger:Model weights saved to results\ho\DV\20260305-054940_seed0_ho_DV_bl_layered_e1500_w300_4q_4l\checkpoints\2026-03-05_05-50-04-441757_ho_DV_seed\model_weights.pth
INFO:src.utils.logger:It: 479, Loss: 4.492e-02, Loss_res: 3.763e-02,  Loss_bcs: 5.662e-04, Loss_ut_ics: 3.352e-05, Loss_norm: 4.235e-06, Loss_gauge: 0.000e+00, w_pde: 1.00e+00, L^2_error: 9.164e-02, lr: 1.000e-03, Time: 1.77e+03
INFO:src.utils.logger:Model state saved to results\ho\DV\20260305-054940_seed0_ho_DV_bl_layered_e1500_w300_4q_4l\checkpoints\2026-03-05_05-50-04-441757_ho_DV_seed\model.pth
INFO:src.utils.logger:Model weights saved to results\ho\DV\20260305-054940_seed0_ho_DV_bl_layered_e1500_w300_4q_4l\checkpoints\2026-03-05_05-50-04-441757_ho_DV_seed\model_weights.pth
INFO:src.utils.logger:It: 480, Loss: 4.206e-02, Loss_res: 3.478e-02,  Loss_bcs: 5.686e-04, Loss_ut_ics: 3.345e-05, Loss_norm: 4.315e-06, Loss_gauge: 0.000e+00, w_pde: 1.00e+00, L^2_error: 9.163e-02, lr: 1.000e-03, Time: 1.77e+03
INFO:src.utils.logger:Model state saved to results\ho\DV\20260305-054940_seed0_ho_DV_bl_layered_e1500_w300_4q_4l\checkpoints\2026-03-05_05-50-04-441757_ho_DV_seed\model.pth
INFO:src.utils.logger:Model weights saved to results\ho\DV\20260305-054940_seed0_ho_DV_bl_layered_e1500_w300_4q_4l\checkpoints\2026-03-05_05-50-04-441757_ho_DV_seed\model_weights.pth
INFO:src.utils.logger:It: 481, Loss: 4.512e-02, Loss_res: 3.786e-02,  Loss_bcs: 5.625e-04, Loss_ut_ics: 3.340e-05, Loss_norm: 4.328e-06, Loss_gauge: 0.000e+00, w_pde: 1.00e+00, L^2_error: 9.161e-02, lr: 1.000e-03, Time: 1.78e+03
INFO:src.utils.logger:Model state saved to results\ho\DV\20260305-054940_seed0_ho_DV_bl_layered_e1500_w300_4q_4l\checkpoints\2026-03-05_05-50-04-441757_ho_DV_seed\model.pth
INFO:src.utils.logger:Model weights saved to results\ho\DV\20260305-054940_seed0_ho_DV_bl_layered_e1500_w300_4q_4l\checkpoints\2026-03-05_05-50-04-441757_ho_DV_seed\model_weights.pth
INFO:src.utils.logger:It: 482, Loss: 4.677e-02, Loss_res: 3.952e-02,  Loss_bcs: 5.666e-04, Loss_ut_ics: 3.334e-05, Loss_norm: 4.289e-06, Loss_gauge: 0.000e+00, w_pde: 1.00e+00, L^2_error: 9.159e-02, lr: 1.000e-03, Time: 1.78e+03
INFO:src.utils.logger:Model state saved to results\ho\DV\20260305-054940_seed0_ho_DV_bl_layered_e1500_w300_4q_4l\checkpoints\2026-03-05_05-50-04-441757_ho_DV_seed\model.pth
INFO:src.utils.logger:Model weights saved to results\ho\DV\20260305-054940_seed0_ho_DV_bl_layered_e1500_w300_4q_4l\checkpoints\2026-03-05_05-50-04-441757_ho_DV_seed\model_weights.pth
INFO:src.utils.logger:It: 483, Loss: 4.387e-02, Loss_res: 3.663e-02,  Loss_bcs: 5.607e-04, Loss_ut_ics: 3.328e-05, Loss_norm: 4.241e-06, Loss_gauge: 0.000e+00, w_pde: 1.00e+00, L^2_error: 9.158e-02, lr: 1.000e-03, Time: 1.79e+03
INFO:src.utils.logger:Model state saved to results\ho\DV\20260305-054940_seed0_ho_DV_bl_layered_e1500_w300_4q_4l\checkpoints\2026-03-05_05-50-04-441757_ho_DV_seed\model.pth
INFO:src.utils.logger:Model weights saved to results\ho\DV\20260305-054940_seed0_ho_DV_bl_layered_e1500_w300_4q_4l\checkpoints\2026-03-05_05-50-04-441757_ho_DV_seed\model_weights.pth
INFO:src.utils.logger:It: 484, Loss: 4.144e-02, Loss_res: 3.421e-02,  Loss_bcs: 5.636e-04, Loss_ut_ics: 3.324e-05, Loss_norm: 4.140e-06, Loss_gauge: 0.000e+00, w_pde: 1.00e+00, L^2_error: 9.156e-02, lr: 1.000e-03, Time: 1.79e+03
INFO:src.utils.logger:Model state saved to results\ho\DV\20260305-054940_seed0_ho_DV_bl_layered_e1500_w300_4q_4l\checkpoints\2026-03-05_05-50-04-441757_ho_DV_seed\model.pth
INFO:src.utils.logger:Model weights saved to results\ho\DV\20260305-054940_seed0_ho_DV_bl_layered_e1500_w300_4q_4l\checkpoints\2026-03-05_05-50-04-441757_ho_DV_seed\model_weights.pth
INFO:src.utils.logger:It: 485, Loss: 4.356e-02, Loss_res: 3.634e-02,  Loss_bcs: 5.651e-04, Loss_ut_ics: 3.320e-05, Loss_norm: 3.976e-06, Loss_gauge: 0.000e+00, w_pde: 1.00e+00, L^2_error: 9.154e-02, lr: 1.000e-03, Time: 1.79e+03
INFO:src.utils.logger:Model state saved to results\ho\DV\20260305-054940_seed0_ho_DV_bl_layered_e1500_w300_4q_4l\checkpoints\2026-03-05_05-50-04-441757_ho_DV_seed\model.pth
INFO:src.utils.logger:Model weights saved to results\ho\DV\20260305-054940_seed0_ho_DV_bl_layered_e1500_w300_4q_4l\checkpoints\2026-03-05_05-50-04-441757_ho_DV_seed\model_weights.pth
INFO:src.utils.logger:It: 486, Loss: 4.488e-02, Loss_res: 3.766e-02,  Loss_bcs: 5.651e-04, Loss_ut_ics: 3.316e-05, Loss_norm: 3.879e-06, Loss_gauge: 0.000e+00, w_pde: 1.00e+00, L^2_error: 9.151e-02, lr: 1.000e-03, Time: 1.80e+03
INFO:src.utils.logger:Model state saved to results\ho\DV\20260305-054940_seed0_ho_DV_bl_layered_e1500_w300_4q_4l\checkpoints\2026-03-05_05-50-04-441757_ho_DV_seed\model.pth
INFO:src.utils.logger:Model weights saved to results\ho\DV\20260305-054940_seed0_ho_DV_bl_layered_e1500_w300_4q_4l\checkpoints\2026-03-05_05-50-04-441757_ho_DV_seed\model_weights.pth
INFO:src.utils.logger:It: 487, Loss: 4.176e-02, Loss_res: 3.455e-02,  Loss_bcs: 5.652e-04, Loss_ut_ics: 3.312e-05, Loss_norm: 3.818e-06, Loss_gauge: 0.000e+00, w_pde: 1.00e+00, L^2_error: 9.147e-02, lr: 1.000e-03, Time: 1.80e+03
INFO:src.utils.logger:Model state saved to results\ho\DV\20260305-054940_seed0_ho_DV_bl_layered_e1500_w300_4q_4l\checkpoints\2026-03-05_05-50-04-441757_ho_DV_seed\model.pth
INFO:src.utils.logger:Model weights saved to results\ho\DV\20260305-054940_seed0_ho_DV_bl_layered_e1500_w300_4q_4l\checkpoints\2026-03-05_05-50-04-441757_ho_DV_seed\model_weights.pth
INFO:src.utils.logger:It: 488, Loss: 4.462e-02, Loss_res: 3.742e-02,  Loss_bcs: 5.649e-04, Loss_ut_ics: 3.307e-05, Loss_norm: 3.821e-06, Loss_gauge: 0.000e+00, w_pde: 1.00e+00, L^2_error: 9.144e-02, lr: 1.000e-03, Time: 1.80e+03
INFO:src.utils.logger:Model state saved to results\ho\DV\20260305-054940_seed0_ho_DV_bl_layered_e1500_w300_4q_4l\checkpoints\2026-03-05_05-50-04-441757_ho_DV_seed\model.pth
INFO:src.utils.logger:Model weights saved to results\ho\DV\20260305-054940_seed0_ho_DV_bl_layered_e1500_w300_4q_4l\checkpoints\2026-03-05_05-50-04-441757_ho_DV_seed\model_weights.pth
INFO:src.utils.logger:It: 489, Loss: 4.254e-02, Loss_res: 3.535e-02,  Loss_bcs: 5.623e-04, Loss_ut_ics: 3.303e-05, Loss_norm: 3.806e-06, Loss_gauge: 0.000e+00, w_pde: 1.00e+00, L^2_error: 9.139e-02, lr: 1.000e-03, Time: 1.81e+03
INFO:src.utils.logger:Model state saved to results\ho\DV\20260305-054940_seed0_ho_DV_bl_layered_e1500_w300_4q_4l\checkpoints\2026-03-05_05-50-04-441757_ho_DV_seed\model.pth
INFO:src.utils.logger:Model weights saved to results\ho\DV\20260305-054940_seed0_ho_DV_bl_layered_e1500_w300_4q_4l\checkpoints\2026-03-05_05-50-04-441757_ho_DV_seed\model_weights.pth
INFO:src.utils.logger:It: 490, Loss: 4.463e-02, Loss_res: 3.745e-02,  Loss_bcs: 5.621e-04, Loss_ut_ics: 3.298e-05, Loss_norm: 3.987e-06, Loss_gauge: 0.000e+00, w_pde: 1.00e+00, L^2_error: 9.134e-02, lr: 1.000e-03, Time: 1.81e+03
INFO:src.utils.logger:Model state saved to results\ho\DV\20260305-054940_seed0_ho_DV_bl_layered_e1500_w300_4q_4l\checkpoints\2026-03-05_05-50-04-441757_ho_DV_seed\model.pth
INFO:src.utils.logger:Model weights saved to results\ho\DV\20260305-054940_seed0_ho_DV_bl_layered_e1500_w300_4q_4l\checkpoints\2026-03-05_05-50-04-441757_ho_DV_seed\model_weights.pth
INFO:src.utils.logger:It: 491, Loss: 4.621e-02, Loss_res: 3.905e-02,  Loss_bcs: 5.607e-04, Loss_ut_ics: 3.292e-05, Loss_norm: 4.190e-06, Loss_gauge: 0.000e+00, w_pde: 1.00e+00, L^2_error: 9.128e-02, lr: 1.000e-03, Time: 1.81e+03
INFO:src.utils.logger:Model state saved to results\ho\DV\20260305-054940_seed0_ho_DV_bl_layered_e1500_w300_4q_4l\checkpoints\2026-03-05_05-50-04-441757_ho_DV_seed\model.pth
INFO:src.utils.logger:Model weights saved to results\ho\DV\20260305-054940_seed0_ho_DV_bl_layered_e1500_w300_4q_4l\checkpoints\2026-03-05_05-50-04-441757_ho_DV_seed\model_weights.pth
INFO:src.utils.logger:It: 492, Loss: 4.195e-02, Loss_res: 3.480e-02,  Loss_bcs: 5.649e-04, Loss_ut_ics: 3.285e-05, Loss_norm: 4.499e-06, Loss_gauge: 0.000e+00, w_pde: 1.00e+00, L^2_error: 9.124e-02, lr: 1.000e-03, Time: 1.82e+03
INFO:src.utils.logger:Model state saved to results\ho\DV\20260305-054940_seed0_ho_DV_bl_layered_e1500_w300_4q_4l\checkpoints\2026-03-05_05-50-04-441757_ho_DV_seed\model.pth
INFO:src.utils.logger:Model weights saved to results\ho\DV\20260305-054940_seed0_ho_DV_bl_layered_e1500_w300_4q_4l\checkpoints\2026-03-05_05-50-04-441757_ho_DV_seed\model_weights.pth
INFO:src.utils.logger:It: 493, Loss: 4.313e-02, Loss_res: 3.599e-02,  Loss_bcs: 5.585e-04, Loss_ut_ics: 3.279e-05, Loss_norm: 4.669e-06, Loss_gauge: 0.000e+00, w_pde: 1.00e+00, L^2_error: 9.120e-02, lr: 1.000e-03, Time: 1.82e+03
INFO:src.utils.logger:Model state saved to results\ho\DV\20260305-054940_seed0_ho_DV_bl_layered_e1500_w300_4q_4l\checkpoints\2026-03-05_05-50-04-441757_ho_DV_seed\model.pth
INFO:src.utils.logger:Model weights saved to results\ho\DV\20260305-054940_seed0_ho_DV_bl_layered_e1500_w300_4q_4l\checkpoints\2026-03-05_05-50-04-441757_ho_DV_seed\model_weights.pth
INFO:src.utils.logger:It: 494, Loss: 4.783e-02, Loss_res: 4.070e-02,  Loss_bcs: 5.602e-04, Loss_ut_ics: 3.274e-05, Loss_norm: 4.639e-06, Loss_gauge: 0.000e+00, w_pde: 1.00e+00, L^2_error: 9.116e-02, lr: 1.000e-03, Time: 1.83e+03
INFO:src.utils.logger:Model state saved to results\ho\DV\20260305-054940_seed0_ho_DV_bl_layered_e1500_w300_4q_4l\checkpoints\2026-03-05_05-50-04-441757_ho_DV_seed\model.pth
INFO:src.utils.logger:Model weights saved to results\ho\DV\20260305-054940_seed0_ho_DV_bl_layered_e1500_w300_4q_4l\checkpoints\2026-03-05_05-50-04-441757_ho_DV_seed\model_weights.pth
INFO:src.utils.logger:It: 495, Loss: 4.395e-02, Loss_res: 3.683e-02,  Loss_bcs: 5.624e-04, Loss_ut_ics: 3.270e-05, Loss_norm: 4.521e-06, Loss_gauge: 0.000e+00, w_pde: 1.00e+00, L^2_error: 9.113e-02, lr: 1.000e-03, Time: 1.83e+03
INFO:src.utils.logger:Model state saved to results\ho\DV\20260305-054940_seed0_ho_DV_bl_layered_e1500_w300_4q_4l\checkpoints\2026-03-05_05-50-04-441757_ho_DV_seed\model.pth
INFO:src.utils.logger:Model weights saved to results\ho\DV\20260305-054940_seed0_ho_DV_bl_layered_e1500_w300_4q_4l\checkpoints\2026-03-05_05-50-04-441757_ho_DV_seed\model_weights.pth
INFO:src.utils.logger:It: 496, Loss: 4.452e-02, Loss_res: 3.740e-02,  Loss_bcs: 5.599e-04, Loss_ut_ics: 3.267e-05, Loss_norm: 4.309e-06, Loss_gauge: 0.000e+00, w_pde: 1.00e+00, L^2_error: 9.110e-02, lr: 1.000e-03, Time: 1.83e+03
INFO:src.utils.logger:Model state saved to results\ho\DV\20260305-054940_seed0_ho_DV_bl_layered_e1500_w300_4q_4l\checkpoints\2026-03-05_05-50-04-441757_ho_DV_seed\model.pth
INFO:src.utils.logger:Model weights saved to results\ho\DV\20260305-054940_seed0_ho_DV_bl_layered_e1500_w300_4q_4l\checkpoints\2026-03-05_05-50-04-441757_ho_DV_seed\model_weights.pth
INFO:src.utils.logger:It: 497, Loss: 4.422e-02, Loss_res: 3.711e-02,  Loss_bcs: 5.633e-04, Loss_ut_ics: 3.264e-05, Loss_norm: 4.156e-06, Loss_gauge: 0.000e+00, w_pde: 1.00e+00, L^2_error: 9.107e-02, lr: 1.000e-03, Time: 1.84e+03
INFO:src.utils.logger:Model state saved to results\ho\DV\20260305-054940_seed0_ho_DV_bl_layered_e1500_w300_4q_4l\checkpoints\2026-03-05_05-50-04-441757_ho_DV_seed\model.pth
INFO:src.utils.logger:Model weights saved to results\ho\DV\20260305-054940_seed0_ho_DV_bl_layered_e1500_w300_4q_4l\checkpoints\2026-03-05_05-50-04-441757_ho_DV_seed\model_weights.pth
INFO:src.utils.logger:It: 498, Loss: 4.547e-02, Loss_res: 3.837e-02,  Loss_bcs: 5.596e-04, Loss_ut_ics: 3.260e-05, Loss_norm: 4.201e-06, Loss_gauge: 0.000e+00, w_pde: 1.00e+00, L^2_error: 9.104e-02, lr: 1.000e-03, Time: 1.84e+03
INFO:src.utils.logger:Model state saved to results\ho\DV\20260305-054940_seed0_ho_DV_bl_layered_e1500_w300_4q_4l\checkpoints\2026-03-05_05-50-04-441757_ho_DV_seed\model.pth
INFO:src.utils.logger:Model weights saved to results\ho\DV\20260305-054940_seed0_ho_DV_bl_layered_e1500_w300_4q_4l\checkpoints\2026-03-05_05-50-04-441757_ho_DV_seed\model_weights.pth
INFO:src.utils.logger:It: 499, Loss: 4.482e-02, Loss_res: 3.772e-02,  Loss_bcs: 5.597e-04, Loss_ut_ics: 3.257e-05, Loss_norm: 4.248e-06, Loss_gauge: 0.000e+00, w_pde: 1.00e+00, L^2_error: 9.100e-02, lr: 1.000e-03, Time: 1.84e+03
INFO:src.utils.logger:Model state saved to results\ho\DV\20260305-054940_seed0_ho_DV_bl_layered_e1500_w300_4q_4l\checkpoints\2026-03-05_05-50-04-441757_ho_DV_seed\model.pth
INFO:src.utils.logger:Model weights saved to results\ho\DV\20260305-054940_seed0_ho_DV_bl_layered_e1500_w300_4q_4l\checkpoints\2026-03-05_05-50-04-441757_ho_DV_seed\model_weights.pth
INFO:src.utils.logger:It: 500, Loss: 4.549e-02, Loss_res: 3.840e-02,  Loss_bcs: 5.594e-04, Loss_ut_ics: 3.253e-05, Loss_norm: 4.365e-06, Loss_gauge: 0.000e+00, w_pde: 1.00e+00, L^2_error: 9.097e-02, lr: 1.000e-03, Time: 1.85e+03
INFO:src.utils.logger:Model state saved to results\ho\DV\20260305-054940_seed0_ho_DV_bl_layered_e1500_w300_4q_4l\checkpoints\2026-03-05_05-50-04-441757_ho_DV_seed\model.pth
INFO:src.utils.logger:Model weights saved to results\ho\DV\20260305-054940_seed0_ho_DV_bl_layered_e1500_w300_4q_4l\checkpoints\2026-03-05_05-50-04-441757_ho_DV_seed\model_weights.pth
INFO:src.utils.logger:It: 501, Loss: 4.445e-02, Loss_res: 3.738e-02,  Loss_bcs: 5.607e-04, Loss_ut_ics: 3.248e-05, Loss_norm: 4.545e-06, Loss_gauge: 0.000e+00, w_pde: 1.00e+00, L^2_error: 9.093e-02, lr: 1.000e-03, Time: 1.85e+03
INFO:src.utils.logger:Model state saved to results\ho\DV\20260305-054940_seed0_ho_DV_bl_layered_e1500_w300_4q_4l\checkpoints\2026-03-05_05-50-04-441757_ho_DV_seed\model.pth
INFO:src.utils.logger:Model weights saved to results\ho\DV\20260305-054940_seed0_ho_DV_bl_layered_e1500_w300_4q_4l\checkpoints\2026-03-05_05-50-04-441757_ho_DV_seed\model_weights.pth
INFO:src.utils.logger:It: 502, Loss: 4.414e-02, Loss_res: 3.707e-02,  Loss_bcs: 5.577e-04, Loss_ut_ics: 3.242e-05, Loss_norm: 4.585e-06, Loss_gauge: 0.000e+00, w_pde: 1.00e+00, L^2_error: 9.089e-02, lr: 1.000e-03, Time: 1.86e+03
INFO:src.utils.logger:Model state saved to results\ho\DV\20260305-054940_seed0_ho_DV_bl_layered_e1500_w300_4q_4l\checkpoints\2026-03-05_05-50-04-441757_ho_DV_seed\model.pth
INFO:src.utils.logger:Model weights saved to results\ho\DV\20260305-054940_seed0_ho_DV_bl_layered_e1500_w300_4q_4l\checkpoints\2026-03-05_05-50-04-441757_ho_DV_seed\model_weights.pth
INFO:src.utils.logger:It: 503, Loss: 4.292e-02, Loss_res: 3.587e-02,  Loss_bcs: 5.590e-04, Loss_ut_ics: 3.236e-05, Loss_norm: 4.515e-06, Loss_gauge: 0.000e+00, w_pde: 1.00e+00, L^2_error: 9.086e-02, lr: 1.000e-03, Time: 1.86e+03
INFO:src.utils.logger:Model state saved to results\ho\DV\20260305-054940_seed0_ho_DV_bl_layered_e1500_w300_4q_4l\checkpoints\2026-03-05_05-50-04-441757_ho_DV_seed\model.pth
INFO:src.utils.logger:Model weights saved to results\ho\DV\20260305-054940_seed0_ho_DV_bl_layered_e1500_w300_4q_4l\checkpoints\2026-03-05_05-50-04-441757_ho_DV_seed\model_weights.pth
INFO:src.utils.logger:It: 504, Loss: 4.340e-02, Loss_res: 3.636e-02,  Loss_bcs: 5.583e-04, Loss_ut_ics: 3.231e-05, Loss_norm: 4.460e-06, Loss_gauge: 0.000e+00, w_pde: 1.00e+00, L^2_error: 9.083e-02, lr: 1.000e-03, Time: 1.86e+03
INFO:src.utils.logger:Model state saved to results\ho\DV\20260305-054940_seed0_ho_DV_bl_layered_e1500_w300_4q_4l\checkpoints\2026-03-05_05-50-04-441757_ho_DV_seed\model.pth
INFO:src.utils.logger:Model weights saved to results\ho\DV\20260305-054940_seed0_ho_DV_bl_layered_e1500_w300_4q_4l\checkpoints\2026-03-05_05-50-04-441757_ho_DV_seed\model_weights.pth
INFO:src.utils.logger:It: 505, Loss: 4.447e-02, Loss_res: 3.744e-02,  Loss_bcs: 5.581e-04, Loss_ut_ics: 3.225e-05, Loss_norm: 4.468e-06, Loss_gauge: 0.000e+00, w_pde: 1.00e+00, L^2_error: 9.079e-02, lr: 1.000e-03, Time: 1.87e+03
INFO:src.utils.logger:Model state saved to results\ho\DV\20260305-054940_seed0_ho_DV_bl_layered_e1500_w300_4q_4l\checkpoints\2026-03-05_05-50-04-441757_ho_DV_seed\model.pth
INFO:src.utils.logger:Model weights saved to results\ho\DV\20260305-054940_seed0_ho_DV_bl_layered_e1500_w300_4q_4l\checkpoints\2026-03-05_05-50-04-441757_ho_DV_seed\model_weights.pth
INFO:src.utils.logger:It: 506, Loss: 4.461e-02, Loss_res: 3.759e-02,  Loss_bcs: 5.532e-04, Loss_ut_ics: 3.219e-05, Loss_norm: 4.449e-06, Loss_gauge: 0.000e+00, w_pde: 1.00e+00, L^2_error: 9.076e-02, lr: 1.000e-03, Time: 1.87e+03
INFO:src.utils.logger:Model state saved to results\ho\DV\20260305-054940_seed0_ho_DV_bl_layered_e1500_w300_4q_4l\checkpoints\2026-03-05_05-50-04-441757_ho_DV_seed\model.pth
INFO:src.utils.logger:Model weights saved to results\ho\DV\20260305-054940_seed0_ho_DV_bl_layered_e1500_w300_4q_4l\checkpoints\2026-03-05_05-50-04-441757_ho_DV_seed\model_weights.pth
INFO:src.utils.logger:It: 507, Loss: 4.650e-02, Loss_res: 3.949e-02,  Loss_bcs: 5.599e-04, Loss_ut_ics: 3.212e-05, Loss_norm: 4.499e-06, Loss_gauge: 0.000e+00, w_pde: 1.00e+00, L^2_error: 9.072e-02, lr: 1.000e-03, Time: 1.87e+03
INFO:src.utils.logger:Model state saved to results\ho\DV\20260305-054940_seed0_ho_DV_bl_layered_e1500_w300_4q_4l\checkpoints\2026-03-05_05-50-04-441757_ho_DV_seed\model.pth
INFO:src.utils.logger:Model weights saved to results\ho\DV\20260305-054940_seed0_ho_DV_bl_layered_e1500_w300_4q_4l\checkpoints\2026-03-05_05-50-04-441757_ho_DV_seed\model_weights.pth
INFO:src.utils.logger:It: 508, Loss: 4.457e-02, Loss_res: 3.757e-02,  Loss_bcs: 5.586e-04, Loss_ut_ics: 3.206e-05, Loss_norm: 4.622e-06, Loss_gauge: 0.000e+00, w_pde: 1.00e+00, L^2_error: 9.068e-02, lr: 1.000e-03, Time: 1.88e+03
INFO:src.utils.logger:Model state saved to results\ho\DV\20260305-054940_seed0_ho_DV_bl_layered_e1500_w300_4q_4l\checkpoints\2026-03-05_05-50-04-441757_ho_DV_seed\model.pth
INFO:src.utils.logger:Model weights saved to results\ho\DV\20260305-054940_seed0_ho_DV_bl_layered_e1500_w300_4q_4l\checkpoints\2026-03-05_05-50-04-441757_ho_DV_seed\model_weights.pth
INFO:src.utils.logger:It: 509, Loss: 4.357e-02, Loss_res: 3.660e-02,  Loss_bcs: 5.563e-04, Loss_ut_ics: 3.199e-05, Loss_norm: 4.639e-06, Loss_gauge: 0.000e+00, w_pde: 1.00e+00, L^2_error: 9.065e-02, lr: 1.000e-03, Time: 1.88e+03
INFO:src.utils.logger:Model state saved to results\ho\DV\20260305-054940_seed0_ho_DV_bl_layered_e1500_w300_4q_4l\checkpoints\2026-03-05_05-50-04-441757_ho_DV_seed\model.pth
INFO:src.utils.logger:Model weights saved to results\ho\DV\20260305-054940_seed0_ho_DV_bl_layered_e1500_w300_4q_4l\checkpoints\2026-03-05_05-50-04-441757_ho_DV_seed\model_weights.pth
INFO:src.utils.logger:It: 510, Loss: 4.442e-02, Loss_res: 3.745e-02,  Loss_bcs: 5.595e-04, Loss_ut_ics: 3.194e-05, Loss_norm: 4.608e-06, Loss_gauge: 0.000e+00, w_pde: 1.00e+00, L^2_error: 9.062e-02, lr: 1.000e-03, Time: 1.89e+03
INFO:src.utils.logger:Model state saved to results\ho\DV\20260305-054940_seed0_ho_DV_bl_layered_e1500_w300_4q_4l\checkpoints\2026-03-05_05-50-04-441757_ho_DV_seed\model.pth
INFO:src.utils.logger:Model weights saved to results\ho\DV\20260305-054940_seed0_ho_DV_bl_layered_e1500_w300_4q_4l\checkpoints\2026-03-05_05-50-04-441757_ho_DV_seed\model_weights.pth
INFO:src.utils.logger:It: 511, Loss: 4.307e-02, Loss_res: 3.611e-02,  Loss_bcs: 5.552e-04, Loss_ut_ics: 3.190e-05, Loss_norm: 4.597e-06, Loss_gauge: 0.000e+00, w_pde: 1.00e+00, L^2_error: 9.059e-02, lr: 1.000e-03, Time: 1.89e+03
INFO:src.utils.logger:Model state saved to results\ho\DV\20260305-054940_seed0_ho_DV_bl_layered_e1500_w300_4q_4l\checkpoints\2026-03-05_05-50-04-441757_ho_DV_seed\model.pth
INFO:src.utils.logger:Model weights saved to results\ho\DV\20260305-054940_seed0_ho_DV_bl_layered_e1500_w300_4q_4l\checkpoints\2026-03-05_05-50-04-441757_ho_DV_seed\model_weights.pth
INFO:src.utils.logger:It: 512, Loss: 4.388e-02, Loss_res: 3.692e-02,  Loss_bcs: 5.576e-04, Loss_ut_ics: 3.187e-05, Loss_norm: 4.477e-06, Loss_gauge: 0.000e+00, w_pde: 1.00e+00, L^2_error: 9.056e-02, lr: 1.000e-03, Time: 1.89e+03
INFO:src.utils.logger:Model state saved to results\ho\DV\20260305-054940_seed0_ho_DV_bl_layered_e1500_w300_4q_4l\checkpoints\2026-03-05_05-50-04-441757_ho_DV_seed\model.pth
INFO:src.utils.logger:Model weights saved to results\ho\DV\20260305-054940_seed0_ho_DV_bl_layered_e1500_w300_4q_4l\checkpoints\2026-03-05_05-50-04-441757_ho_DV_seed\model_weights.pth
INFO:src.utils.logger:It: 513, Loss: 4.244e-02, Loss_res: 3.549e-02,  Loss_bcs: 5.593e-04, Loss_ut_ics: 3.185e-05, Loss_norm: 4.406e-06, Loss_gauge: 0.000e+00, w_pde: 1.00e+00, L^2_error: 9.052e-02, lr: 1.000e-03, Time: 1.90e+03
INFO:src.utils.logger:Model state saved to results\ho\DV\20260305-054940_seed0_ho_DV_bl_layered_e1500_w300_4q_4l\checkpoints\2026-03-05_05-50-04-441757_ho_DV_seed\model.pth
INFO:src.utils.logger:Model weights saved to results\ho\DV\20260305-054940_seed0_ho_DV_bl_layered_e1500_w300_4q_4l\checkpoints\2026-03-05_05-50-04-441757_ho_DV_seed\model_weights.pth
INFO:src.utils.logger:It: 514, Loss: 4.103e-02, Loss_res: 3.408e-02,  Loss_bcs: 5.557e-04, Loss_ut_ics: 3.184e-05, Loss_norm: 4.386e-06, Loss_gauge: 0.000e+00, w_pde: 1.00e+00, L^2_error: 9.049e-02, lr: 1.000e-03, Time: 1.90e+03
INFO:src.utils.logger:Model state saved to results\ho\DV\20260305-054940_seed0_ho_DV_bl_layered_e1500_w300_4q_4l\checkpoints\2026-03-05_05-50-04-441757_ho_DV_seed\model.pth
INFO:src.utils.logger:Model weights saved to results\ho\DV\20260305-054940_seed0_ho_DV_bl_layered_e1500_w300_4q_4l\checkpoints\2026-03-05_05-50-04-441757_ho_DV_seed\model_weights.pth
INFO:src.utils.logger:It: 515, Loss: 4.390e-02, Loss_res: 3.694e-02,  Loss_bcs: 5.608e-04, Loss_ut_ics: 3.184e-05, Loss_norm: 4.395e-06, Loss_gauge: 0.000e+00, w_pde: 1.00e+00, L^2_error: 9.044e-02, lr: 1.000e-03, Time: 1.90e+03
INFO:src.utils.logger:Model state saved to results\ho\DV\20260305-054940_seed0_ho_DV_bl_layered_e1500_w300_4q_4l\checkpoints\2026-03-05_05-50-04-441757_ho_DV_seed\model.pth
INFO:src.utils.logger:Model weights saved to results\ho\DV\20260305-054940_seed0_ho_DV_bl_layered_e1500_w300_4q_4l\checkpoints\2026-03-05_05-50-04-441757_ho_DV_seed\model_weights.pth
INFO:src.utils.logger:It: 516, Loss: 4.551e-02, Loss_res: 3.857e-02,  Loss_bcs: 5.535e-04, Loss_ut_ics: 3.182e-05, Loss_norm: 4.572e-06, Loss_gauge: 0.000e+00, w_pde: 1.00e+00, L^2_error: 9.039e-02, lr: 1.000e-03, Time: 1.91e+03
INFO:src.utils.logger:Model state saved to results\ho\DV\20260305-054940_seed0_ho_DV_bl_layered_e1500_w300_4q_4l\checkpoints\2026-03-05_05-50-04-441757_ho_DV_seed\model.pth
INFO:src.utils.logger:Model weights saved to results\ho\DV\20260305-054940_seed0_ho_DV_bl_layered_e1500_w300_4q_4l\checkpoints\2026-03-05_05-50-04-441757_ho_DV_seed\model_weights.pth
INFO:src.utils.logger:It: 517, Loss: 4.486e-02, Loss_res: 3.792e-02,  Loss_bcs: 5.530e-04, Loss_ut_ics: 3.179e-05, Loss_norm: 4.764e-06, Loss_gauge: 0.000e+00, w_pde: 1.00e+00, L^2_error: 9.033e-02, lr: 1.000e-03, Time: 1.91e+03
INFO:src.utils.logger:Model state saved to results\ho\DV\20260305-054940_seed0_ho_DV_bl_layered_e1500_w300_4q_4l\checkpoints\2026-03-05_05-50-04-441757_ho_DV_seed\model.pth
INFO:src.utils.logger:Model weights saved to results\ho\DV\20260305-054940_seed0_ho_DV_bl_layered_e1500_w300_4q_4l\checkpoints\2026-03-05_05-50-04-441757_ho_DV_seed\model_weights.pth
INFO:src.utils.logger:It: 518, Loss: 4.565e-02, Loss_res: 3.873e-02,  Loss_bcs: 5.496e-04, Loss_ut_ics: 3.173e-05, Loss_norm: 4.832e-06, Loss_gauge: 0.000e+00, w_pde: 1.00e+00, L^2_error: 9.027e-02, lr: 1.000e-03, Time: 1.91e+03
INFO:src.utils.logger:Model state saved to results\ho\DV\20260305-054940_seed0_ho_DV_bl_layered_e1500_w300_4q_4l\checkpoints\2026-03-05_05-50-04-441757_ho_DV_seed\model.pth
INFO:src.utils.logger:Model weights saved to results\ho\DV\20260305-054940_seed0_ho_DV_bl_layered_e1500_w300_4q_4l\checkpoints\2026-03-05_05-50-04-441757_ho_DV_seed\model_weights.pth
INFO:src.utils.logger:It: 519, Loss: 4.310e-02, Loss_res: 3.619e-02,  Loss_bcs: 5.507e-04, Loss_ut_ics: 3.168e-05, Loss_norm: 4.838e-06, Loss_gauge: 0.000e+00, w_pde: 1.00e+00, L^2_error: 9.022e-02, lr: 1.000e-03, Time: 1.92e+03
INFO:src.utils.logger:Model state saved to results\ho\DV\20260305-054940_seed0_ho_DV_bl_layered_e1500_w300_4q_4l\checkpoints\2026-03-05_05-50-04-441757_ho_DV_seed\model.pth
INFO:src.utils.logger:Model weights saved to results\ho\DV\20260305-054940_seed0_ho_DV_bl_layered_e1500_w300_4q_4l\checkpoints\2026-03-05_05-50-04-441757_ho_DV_seed\model_weights.pth
INFO:src.utils.logger:It: 520, Loss: 4.302e-02, Loss_res: 3.613e-02,  Loss_bcs: 5.471e-04, Loss_ut_ics: 3.162e-05, Loss_norm: 4.683e-06, Loss_gauge: 0.000e+00, w_pde: 1.00e+00, L^2_error: 9.017e-02, lr: 1.000e-03, Time: 1.92e+03
INFO:src.utils.logger:Model state saved to results\ho\DV\20260305-054940_seed0_ho_DV_bl_layered_e1500_w300_4q_4l\checkpoints\2026-03-05_05-50-04-441757_ho_DV_seed\model.pth
INFO:src.utils.logger:Model weights saved to results\ho\DV\20260305-054940_seed0_ho_DV_bl_layered_e1500_w300_4q_4l\checkpoints\2026-03-05_05-50-04-441757_ho_DV_seed\model_weights.pth
INFO:src.utils.logger:It: 521, Loss: 4.460e-02, Loss_res: 3.772e-02,  Loss_bcs: 5.501e-04, Loss_ut_ics: 3.156e-05, Loss_norm: 4.399e-06, Loss_gauge: 0.000e+00, w_pde: 1.00e+00, L^2_error: 9.013e-02, lr: 1.000e-03, Time: 1.93e+03
INFO:src.utils.logger:Model state saved to results\ho\DV\20260305-054940_seed0_ho_DV_bl_layered_e1500_w300_4q_4l\checkpoints\2026-03-05_05-50-04-441757_ho_DV_seed\model.pth
INFO:src.utils.logger:Model weights saved to results\ho\DV\20260305-054940_seed0_ho_DV_bl_layered_e1500_w300_4q_4l\checkpoints\2026-03-05_05-50-04-441757_ho_DV_seed\model_weights.pth
INFO:src.utils.logger:It: 522, Loss: 4.360e-02, Loss_res: 3.672e-02,  Loss_bcs: 5.554e-04, Loss_ut_ics: 3.151e-05, Loss_norm: 4.131e-06, Loss_gauge: 0.000e+00, w_pde: 1.00e+00, L^2_error: 9.010e-02, lr: 1.000e-03, Time: 1.93e+03
INFO:src.utils.logger:Model state saved to results\ho\DV\20260305-054940_seed0_ho_DV_bl_layered_e1500_w300_4q_4l\checkpoints\2026-03-05_05-50-04-441757_ho_DV_seed\model.pth
INFO:src.utils.logger:Model weights saved to results\ho\DV\20260305-054940_seed0_ho_DV_bl_layered_e1500_w300_4q_4l\checkpoints\2026-03-05_05-50-04-441757_ho_DV_seed\model_weights.pth
INFO:src.utils.logger:It: 523, Loss: 4.391e-02, Loss_res: 3.705e-02,  Loss_bcs: 5.497e-04, Loss_ut_ics: 3.144e-05, Loss_norm: 4.020e-06, Loss_gauge: 0.000e+00, w_pde: 1.00e+00, L^2_error: 9.006e-02, lr: 1.000e-03, Time: 1.93e+03
INFO:src.utils.logger:Model state saved to results\ho\DV\20260305-054940_seed0_ho_DV_bl_layered_e1500_w300_4q_4l\checkpoints\2026-03-05_05-50-04-441757_ho_DV_seed\model.pth
INFO:src.utils.logger:Model weights saved to results\ho\DV\20260305-054940_seed0_ho_DV_bl_layered_e1500_w300_4q_4l\checkpoints\2026-03-05_05-50-04-441757_ho_DV_seed\model_weights.pth
INFO:src.utils.logger:It: 524, Loss: 4.534e-02, Loss_res: 3.849e-02,  Loss_bcs: 5.484e-04, Loss_ut_ics: 3.138e-05, Loss_norm: 3.993e-06, Loss_gauge: 0.000e+00, w_pde: 1.00e+00, L^2_error: 9.003e-02, lr: 1.000e-03, Time: 1.94e+03
INFO:src.utils.logger:Model state saved to results\ho\DV\20260305-054940_seed0_ho_DV_bl_layered_e1500_w300_4q_4l\checkpoints\2026-03-05_05-50-04-441757_ho_DV_seed\model.pth
INFO:src.utils.logger:Model weights saved to results\ho\DV\20260305-054940_seed0_ho_DV_bl_layered_e1500_w300_4q_4l\checkpoints\2026-03-05_05-50-04-441757_ho_DV_seed\model_weights.pth
INFO:src.utils.logger:It: 525, Loss: 4.376e-02, Loss_res: 3.693e-02,  Loss_bcs: 5.490e-04, Loss_ut_ics: 3.132e-05, Loss_norm: 4.193e-06, Loss_gauge: 0.000e+00, w_pde: 1.00e+00, L^2_error: 9.000e-02, lr: 1.000e-03, Time: 1.94e+03
INFO:src.utils.logger:Model state saved to results\ho\DV\20260305-054940_seed0_ho_DV_bl_layered_e1500_w300_4q_4l\checkpoints\2026-03-05_05-50-04-441757_ho_DV_seed\model.pth
INFO:src.utils.logger:Model weights saved to results\ho\DV\20260305-054940_seed0_ho_DV_bl_layered_e1500_w300_4q_4l\checkpoints\2026-03-05_05-50-04-441757_ho_DV_seed\model_weights.pth
INFO:src.utils.logger:It: 526, Loss: 4.184e-02, Loss_res: 3.501e-02,  Loss_bcs: 5.489e-04, Loss_ut_ics: 3.127e-05, Loss_norm: 4.477e-06, Loss_gauge: 0.000e+00, w_pde: 1.00e+00, L^2_error: 8.998e-02, lr: 1.000e-03, Time: 1.94e+03
INFO:src.utils.logger:Model state saved to results\ho\DV\20260305-054940_seed0_ho_DV_bl_layered_e1500_w300_4q_4l\checkpoints\2026-03-05_05-50-04-441757_ho_DV_seed\model.pth
INFO:src.utils.logger:Model weights saved to results\ho\DV\20260305-054940_seed0_ho_DV_bl_layered_e1500_w300_4q_4l\checkpoints\2026-03-05_05-50-04-441757_ho_DV_seed\model_weights.pth
INFO:src.utils.logger:It: 527, Loss: 4.234e-02, Loss_res: 3.552e-02,  Loss_bcs: 5.488e-04, Loss_ut_ics: 3.124e-05, Loss_norm: 4.701e-06, Loss_gauge: 0.000e+00, w_pde: 1.00e+00, L^2_error: 8.996e-02, lr: 1.000e-03, Time: 1.95e+03
INFO:src.utils.logger:Model state saved to results\ho\DV\20260305-054940_seed0_ho_DV_bl_layered_e1500_w300_4q_4l\checkpoints\2026-03-05_05-50-04-441757_ho_DV_seed\model.pth
INFO:src.utils.logger:Model weights saved to results\ho\DV\20260305-054940_seed0_ho_DV_bl_layered_e1500_w300_4q_4l\checkpoints\2026-03-05_05-50-04-441757_ho_DV_seed\model_weights.pth
INFO:src.utils.logger:It: 528, Loss: 4.452e-02, Loss_res: 3.770e-02,  Loss_bcs: 5.460e-04, Loss_ut_ics: 3.122e-05, Loss_norm: 4.810e-06, Loss_gauge: 0.000e+00, w_pde: 1.00e+00, L^2_error: 8.993e-02, lr: 1.000e-03, Time: 1.95e+03
INFO:src.utils.logger:Model state saved to results\ho\DV\20260305-054940_seed0_ho_DV_bl_layered_e1500_w300_4q_4l\checkpoints\2026-03-05_05-50-04-441757_ho_DV_seed\model.pth
INFO:src.utils.logger:Model weights saved to results\ho\DV\20260305-054940_seed0_ho_DV_bl_layered_e1500_w300_4q_4l\checkpoints\2026-03-05_05-50-04-441757_ho_DV_seed\model_weights.pth
INFO:src.utils.logger:It: 529, Loss: 4.324e-02, Loss_res: 3.643e-02,  Loss_bcs: 5.466e-04, Loss_ut_ics: 3.120e-05, Loss_norm: 4.989e-06, Loss_gauge: 0.000e+00, w_pde: 1.00e+00, L^2_error: 8.990e-02, lr: 1.000e-03, Time: 1.95e+03
INFO:src.utils.logger:Model state saved to results\ho\DV\20260305-054940_seed0_ho_DV_bl_layered_e1500_w300_4q_4l\checkpoints\2026-03-05_05-50-04-441757_ho_DV_seed\model.pth
INFO:src.utils.logger:Model weights saved to results\ho\DV\20260305-054940_seed0_ho_DV_bl_layered_e1500_w300_4q_4l\checkpoints\2026-03-05_05-50-04-441757_ho_DV_seed\model_weights.pth
INFO:src.utils.logger:It: 530, Loss: 4.483e-02, Loss_res: 3.801e-02,  Loss_bcs: 5.483e-04, Loss_ut_ics: 3.119e-05, Loss_norm: 5.135e-06, Loss_gauge: 0.000e+00, w_pde: 1.00e+00, L^2_error: 8.986e-02, lr: 1.000e-03, Time: 1.96e+03
INFO:src.utils.logger:Model state saved to results\ho\DV\20260305-054940_seed0_ho_DV_bl_layered_e1500_w300_4q_4l\checkpoints\2026-03-05_05-50-04-441757_ho_DV_seed\model.pth
INFO:src.utils.logger:Model weights saved to results\ho\DV\20260305-054940_seed0_ho_DV_bl_layered_e1500_w300_4q_4l\checkpoints\2026-03-05_05-50-04-441757_ho_DV_seed\model_weights.pth
INFO:src.utils.logger:It: 531, Loss: 4.353e-02, Loss_res: 3.673e-02,  Loss_bcs: 5.460e-04, Loss_ut_ics: 3.118e-05, Loss_norm: 5.158e-06, Loss_gauge: 0.000e+00, w_pde: 1.00e+00, L^2_error: 8.981e-02, lr: 1.000e-03, Time: 1.96e+03
INFO:src.utils.logger:Model state saved to results\ho\DV\20260305-054940_seed0_ho_DV_bl_layered_e1500_w300_4q_4l\checkpoints\2026-03-05_05-50-04-441757_ho_DV_seed\model.pth
INFO:src.utils.logger:Model weights saved to results\ho\DV\20260305-054940_seed0_ho_DV_bl_layered_e1500_w300_4q_4l\checkpoints\2026-03-05_05-50-04-441757_ho_DV_seed\model_weights.pth
INFO:src.utils.logger:It: 532, Loss: 4.510e-02, Loss_res: 3.829e-02,  Loss_bcs: 5.492e-04, Loss_ut_ics: 3.115e-05, Loss_norm: 5.030e-06, Loss_gauge: 0.000e+00, w_pde: 1.00e+00, L^2_error: 8.975e-02, lr: 1.000e-03, Time: 1.97e+03
INFO:src.utils.logger:Model state saved to results\ho\DV\20260305-054940_seed0_ho_DV_bl_layered_e1500_w300_4q_4l\checkpoints\2026-03-05_05-50-04-441757_ho_DV_seed\model.pth
INFO:src.utils.logger:Model weights saved to results\ho\DV\20260305-054940_seed0_ho_DV_bl_layered_e1500_w300_4q_4l\checkpoints\2026-03-05_05-50-04-441757_ho_DV_seed\model_weights.pth
INFO:src.utils.logger:It: 533, Loss: 4.366e-02, Loss_res: 3.687e-02,  Loss_bcs: 5.479e-04, Loss_ut_ics: 3.111e-05, Loss_norm: 4.863e-06, Loss_gauge: 0.000e+00, w_pde: 1.00e+00, L^2_error: 8.967e-02, lr: 1.000e-03, Time: 1.97e+03
INFO:src.utils.logger:Model state saved to results\ho\DV\20260305-054940_seed0_ho_DV_bl_layered_e1500_w300_4q_4l\checkpoints\2026-03-05_05-50-04-441757_ho_DV_seed\model.pth
INFO:src.utils.logger:Model weights saved to results\ho\DV\20260305-054940_seed0_ho_DV_bl_layered_e1500_w300_4q_4l\checkpoints\2026-03-05_05-50-04-441757_ho_DV_seed\model_weights.pth
INFO:src.utils.logger:It: 534, Loss: 4.353e-02, Loss_res: 3.674e-02,  Loss_bcs: 5.470e-04, Loss_ut_ics: 3.106e-05, Loss_norm: 4.745e-06, Loss_gauge: 0.000e+00, w_pde: 1.00e+00, L^2_error: 8.960e-02, lr: 1.000e-03, Time: 1.97e+03
INFO:src.utils.logger:Model state saved to results\ho\DV\20260305-054940_seed0_ho_DV_bl_layered_e1500_w300_4q_4l\checkpoints\2026-03-05_05-50-04-441757_ho_DV_seed\model.pth
INFO:src.utils.logger:Model weights saved to results\ho\DV\20260305-054940_seed0_ho_DV_bl_layered_e1500_w300_4q_4l\checkpoints\2026-03-05_05-50-04-441757_ho_DV_seed\model_weights.pth
INFO:src.utils.logger:It: 535, Loss: 4.245e-02, Loss_res: 3.568e-02,  Loss_bcs: 5.410e-04, Loss_ut_ics: 3.101e-05, Loss_norm: 4.618e-06, Loss_gauge: 0.000e+00, w_pde: 1.00e+00, L^2_error: 8.953e-02, lr: 1.000e-03, Time: 1.98e+03
INFO:src.utils.logger:Model state saved to results\ho\DV\20260305-054940_seed0_ho_DV_bl_layered_e1500_w300_4q_4l\checkpoints\2026-03-05_05-50-04-441757_ho_DV_seed\model.pth
INFO:src.utils.logger:Model weights saved to results\ho\DV\20260305-054940_seed0_ho_DV_bl_layered_e1500_w300_4q_4l\checkpoints\2026-03-05_05-50-04-441757_ho_DV_seed\model_weights.pth
INFO:src.utils.logger:It: 536, Loss: 4.127e-02, Loss_res: 3.451e-02,  Loss_bcs: 5.439e-04, Loss_ut_ics: 3.097e-05, Loss_norm: 4.484e-06, Loss_gauge: 0.000e+00, w_pde: 1.00e+00, L^2_error: 8.947e-02, lr: 1.000e-03, Time: 1.98e+03
INFO:src.utils.logger:Model state saved to results\ho\DV\20260305-054940_seed0_ho_DV_bl_layered_e1500_w300_4q_4l\checkpoints\2026-03-05_05-50-04-441757_ho_DV_seed\model.pth
INFO:src.utils.logger:Model weights saved to results\ho\DV\20260305-054940_seed0_ho_DV_bl_layered_e1500_w300_4q_4l\checkpoints\2026-03-05_05-50-04-441757_ho_DV_seed\model_weights.pth
INFO:src.utils.logger:It: 537, Loss: 4.534e-02, Loss_res: 3.859e-02,  Loss_bcs: 5.448e-04, Loss_ut_ics: 3.092e-05, Loss_norm: 4.395e-06, Loss_gauge: 0.000e+00, w_pde: 1.00e+00, L^2_error: 8.942e-02, lr: 1.000e-03, Time: 1.98e+03
INFO:src.utils.logger:Model state saved to results\ho\DV\20260305-054940_seed0_ho_DV_bl_layered_e1500_w300_4q_4l\checkpoints\2026-03-05_05-50-04-441757_ho_DV_seed\model.pth
INFO:src.utils.logger:Model weights saved to results\ho\DV\20260305-054940_seed0_ho_DV_bl_layered_e1500_w300_4q_4l\checkpoints\2026-03-05_05-50-04-441757_ho_DV_seed\model_weights.pth
INFO:src.utils.logger:It: 538, Loss: 4.572e-02, Loss_res: 3.899e-02,  Loss_bcs: 5.406e-04, Loss_ut_ics: 3.085e-05, Loss_norm: 4.461e-06, Loss_gauge: 0.000e+00, w_pde: 1.00e+00, L^2_error: 8.936e-02, lr: 1.000e-03, Time: 1.99e+03
INFO:src.utils.logger:Model state saved to results\ho\DV\20260305-054940_seed0_ho_DV_bl_layered_e1500_w300_4q_4l\checkpoints\2026-03-05_05-50-04-441757_ho_DV_seed\model.pth
INFO:src.utils.logger:Model weights saved to results\ho\DV\20260305-054940_seed0_ho_DV_bl_layered_e1500_w300_4q_4l\checkpoints\2026-03-05_05-50-04-441757_ho_DV_seed\model_weights.pth
INFO:src.utils.logger:It: 539, Loss: 4.139e-02, Loss_res: 3.467e-02,  Loss_bcs: 5.405e-04, Loss_ut_ics: 3.079e-05, Loss_norm: 4.567e-06, Loss_gauge: 0.000e+00, w_pde: 1.00e+00, L^2_error: 8.933e-02, lr: 1.000e-03, Time: 1.99e+03
INFO:src.utils.logger:Model state saved to results\ho\DV\20260305-054940_seed0_ho_DV_bl_layered_e1500_w300_4q_4l\checkpoints\2026-03-05_05-50-04-441757_ho_DV_seed\model.pth
INFO:src.utils.logger:Model weights saved to results\ho\DV\20260305-054940_seed0_ho_DV_bl_layered_e1500_w300_4q_4l\checkpoints\2026-03-05_05-50-04-441757_ho_DV_seed\model_weights.pth
INFO:src.utils.logger:It: 540, Loss: 4.026e-02, Loss_res: 3.355e-02,  Loss_bcs: 5.381e-04, Loss_ut_ics: 3.073e-05, Loss_norm: 4.659e-06, Loss_gauge: 0.000e+00, w_pde: 1.00e+00, L^2_error: 8.930e-02, lr: 1.000e-03, Time: 2.00e+03
INFO:src.utils.logger:Model state saved to results\ho\DV\20260305-054940_seed0_ho_DV_bl_layered_e1500_w300_4q_4l\checkpoints\2026-03-05_05-50-04-441757_ho_DV_seed\model.pth
INFO:src.utils.logger:Model weights saved to results\ho\DV\20260305-054940_seed0_ho_DV_bl_layered_e1500_w300_4q_4l\checkpoints\2026-03-05_05-50-04-441757_ho_DV_seed\model_weights.pth
INFO:src.utils.logger:It: 541, Loss: 4.252e-02, Loss_res: 3.583e-02,  Loss_bcs: 5.383e-04, Loss_ut_ics: 3.069e-05, Loss_norm: 4.706e-06, Loss_gauge: 0.000e+00, w_pde: 1.00e+00, L^2_error: 8.928e-02, lr: 1.000e-03, Time: 2.00e+03
INFO:src.utils.logger:Model state saved to results\ho\DV\20260305-054940_seed0_ho_DV_bl_layered_e1500_w300_4q_4l\checkpoints\2026-03-05_05-50-04-441757_ho_DV_seed\model.pth
INFO:src.utils.logger:Model weights saved to results\ho\DV\20260305-054940_seed0_ho_DV_bl_layered_e1500_w300_4q_4l\checkpoints\2026-03-05_05-50-04-441757_ho_DV_seed\model_weights.pth
INFO:src.utils.logger:It: 542, Loss: 4.528e-02, Loss_res: 3.858e-02,  Loss_bcs: 5.417e-04, Loss_ut_ics: 3.065e-05, Loss_norm: 4.655e-06, Loss_gauge: 0.000e+00, w_pde: 1.00e+00, L^2_error: 8.927e-02, lr: 1.000e-03, Time: 2.00e+03
INFO:src.utils.logger:Model state saved to results\ho\DV\20260305-054940_seed0_ho_DV_bl_layered_e1500_w300_4q_4l\checkpoints\2026-03-05_05-50-04-441757_ho_DV_seed\model.pth
INFO:src.utils.logger:Model weights saved to results\ho\DV\20260305-054940_seed0_ho_DV_bl_layered_e1500_w300_4q_4l\checkpoints\2026-03-05_05-50-04-441757_ho_DV_seed\model_weights.pth
INFO:src.utils.logger:It: 543, Loss: 4.094e-02, Loss_res: 3.425e-02,  Loss_bcs: 5.386e-04, Loss_ut_ics: 3.062e-05, Loss_norm: 4.578e-06, Loss_gauge: 0.000e+00, w_pde: 1.00e+00, L^2_error: 8.925e-02, lr: 1.000e-03, Time: 2.01e+03
INFO:src.utils.logger:Model state saved to results\ho\DV\20260305-054940_seed0_ho_DV_bl_layered_e1500_w300_4q_4l\checkpoints\2026-03-05_05-50-04-441757_ho_DV_seed\model.pth
INFO:src.utils.logger:Model weights saved to results\ho\DV\20260305-054940_seed0_ho_DV_bl_layered_e1500_w300_4q_4l\checkpoints\2026-03-05_05-50-04-441757_ho_DV_seed\model_weights.pth
INFO:src.utils.logger:It: 544, Loss: 4.453e-02, Loss_res: 3.784e-02,  Loss_bcs: 5.408e-04, Loss_ut_ics: 3.060e-05, Loss_norm: 4.499e-06, Loss_gauge: 0.000e+00, w_pde: 1.00e+00, L^2_error: 8.922e-02, lr: 1.000e-03, Time: 2.01e+03
INFO:src.utils.logger:Model state saved to results\ho\DV\20260305-054940_seed0_ho_DV_bl_layered_e1500_w300_4q_4l\checkpoints\2026-03-05_05-50-04-441757_ho_DV_seed\model.pth
INFO:src.utils.logger:Model weights saved to results\ho\DV\20260305-054940_seed0_ho_DV_bl_layered_e1500_w300_4q_4l\checkpoints\2026-03-05_05-50-04-441757_ho_DV_seed\model_weights.pth
INFO:src.utils.logger:It: 545, Loss: 4.213e-02, Loss_res: 3.545e-02,  Loss_bcs: 5.404e-04, Loss_ut_ics: 3.057e-05, Loss_norm: 4.435e-06, Loss_gauge: 0.000e+00, w_pde: 1.00e+00, L^2_error: 8.919e-02, lr: 1.000e-03, Time: 2.01e+03
INFO:src.utils.logger:Model state saved to results\ho\DV\20260305-054940_seed0_ho_DV_bl_layered_e1500_w300_4q_4l\checkpoints\2026-03-05_05-50-04-441757_ho_DV_seed\model.pth
INFO:src.utils.logger:Model weights saved to results\ho\DV\20260305-054940_seed0_ho_DV_bl_layered_e1500_w300_4q_4l\checkpoints\2026-03-05_05-50-04-441757_ho_DV_seed\model_weights.pth
INFO:src.utils.logger:It: 546, Loss: 4.571e-02, Loss_res: 3.904e-02,  Loss_bcs: 5.408e-04, Loss_ut_ics: 3.054e-05, Loss_norm: 4.462e-06, Loss_gauge: 0.000e+00, w_pde: 1.00e+00, L^2_error: 8.914e-02, lr: 1.000e-03, Time: 2.02e+03
INFO:src.utils.logger:Model state saved to results\ho\DV\20260305-054940_seed0_ho_DV_bl_layered_e1500_w300_4q_4l\checkpoints\2026-03-05_05-50-04-441757_ho_DV_seed\model.pth
INFO:src.utils.logger:Model weights saved to results\ho\DV\20260305-054940_seed0_ho_DV_bl_layered_e1500_w300_4q_4l\checkpoints\2026-03-05_05-50-04-441757_ho_DV_seed\model_weights.pth
INFO:src.utils.logger:It: 547, Loss: 4.259e-02, Loss_res: 3.593e-02,  Loss_bcs: 5.438e-04, Loss_ut_ics: 3.050e-05, Loss_norm: 4.556e-06, Loss_gauge: 0.000e+00, w_pde: 1.00e+00, L^2_error: 8.908e-02, lr: 1.000e-03, Time: 2.02e+03
INFO:src.utils.logger:Model state saved to results\ho\DV\20260305-054940_seed0_ho_DV_bl_layered_e1500_w300_4q_4l\checkpoints\2026-03-05_05-50-04-441757_ho_DV_seed\model.pth
INFO:src.utils.logger:Model weights saved to results\ho\DV\20260305-054940_seed0_ho_DV_bl_layered_e1500_w300_4q_4l\checkpoints\2026-03-05_05-50-04-441757_ho_DV_seed\model_weights.pth
INFO:src.utils.logger:It: 548, Loss: 4.242e-02, Loss_res: 3.577e-02,  Loss_bcs: 5.387e-04, Loss_ut_ics: 3.045e-05, Loss_norm: 4.715e-06, Loss_gauge: 0.000e+00, w_pde: 1.00e+00, L^2_error: 8.902e-02, lr: 1.000e-03, Time: 2.03e+03
INFO:src.utils.logger:Model state saved to results\ho\DV\20260305-054940_seed0_ho_DV_bl_layered_e1500_w300_4q_4l\checkpoints\2026-03-05_05-50-04-441757_ho_DV_seed\model.pth
INFO:src.utils.logger:Model weights saved to results\ho\DV\20260305-054940_seed0_ho_DV_bl_layered_e1500_w300_4q_4l\checkpoints\2026-03-05_05-50-04-441757_ho_DV_seed\model_weights.pth
INFO:src.utils.logger:It: 549, Loss: 4.460e-02, Loss_res: 3.795e-02,  Loss_bcs: 5.394e-04, Loss_ut_ics: 3.039e-05, Loss_norm: 4.926e-06, Loss_gauge: 0.000e+00, w_pde: 1.00e+00, L^2_error: 8.895e-02, lr: 1.000e-03, Time: 2.03e+03
INFO:src.utils.logger:Model state saved to results\ho\DV\20260305-054940_seed0_ho_DV_bl_layered_e1500_w300_4q_4l\checkpoints\2026-03-05_05-50-04-441757_ho_DV_seed\model.pth
INFO:src.utils.logger:Model weights saved to results\ho\DV\20260305-054940_seed0_ho_DV_bl_layered_e1500_w300_4q_4l\checkpoints\2026-03-05_05-50-04-441757_ho_DV_seed\model_weights.pth
INFO:src.utils.logger:It: 550, Loss: 4.309e-02, Loss_res: 3.646e-02,  Loss_bcs: 5.382e-04, Loss_ut_ics: 3.034e-05, Loss_norm: 5.044e-06, Loss_gauge: 0.000e+00, w_pde: 1.00e+00, L^2_error: 8.889e-02, lr: 1.000e-03, Time: 2.03e+03
INFO:src.utils.logger:Model state saved to results\ho\DV\20260305-054940_seed0_ho_DV_bl_layered_e1500_w300_4q_4l\checkpoints\2026-03-05_05-50-04-441757_ho_DV_seed\model.pth
INFO:src.utils.logger:Model weights saved to results\ho\DV\20260305-054940_seed0_ho_DV_bl_layered_e1500_w300_4q_4l\checkpoints\2026-03-05_05-50-04-441757_ho_DV_seed\model_weights.pth
INFO:src.utils.logger:It: 551, Loss: 4.511e-02, Loss_res: 3.849e-02,  Loss_bcs: 5.405e-04, Loss_ut_ics: 3.029e-05, Loss_norm: 5.132e-06, Loss_gauge: 0.000e+00, w_pde: 1.00e+00, L^2_error: 8.882e-02, lr: 1.000e-03, Time: 2.04e+03
INFO:src.utils.logger:Model state saved to results\ho\DV\20260305-054940_seed0_ho_DV_bl_layered_e1500_w300_4q_4l\checkpoints\2026-03-05_05-50-04-441757_ho_DV_seed\model.pth
INFO:src.utils.logger:Model weights saved to results\ho\DV\20260305-054940_seed0_ho_DV_bl_layered_e1500_w300_4q_4l\checkpoints\2026-03-05_05-50-04-441757_ho_DV_seed\model_weights.pth
INFO:src.utils.logger:It: 552, Loss: 4.693e-02, Loss_res: 4.031e-02,  Loss_bcs: 5.390e-04, Loss_ut_ics: 3.024e-05, Loss_norm: 5.214e-06, Loss_gauge: 0.000e+00, w_pde: 1.00e+00, L^2_error: 8.876e-02, lr: 1.000e-03, Time: 2.04e+03
INFO:src.utils.logger:Model state saved to results\ho\DV\20260305-054940_seed0_ho_DV_bl_layered_e1500_w300_4q_4l\checkpoints\2026-03-05_05-50-04-441757_ho_DV_seed\model.pth
INFO:src.utils.logger:Model weights saved to results\ho\DV\20260305-054940_seed0_ho_DV_bl_layered_e1500_w300_4q_4l\checkpoints\2026-03-05_05-50-04-441757_ho_DV_seed\model_weights.pth
INFO:src.utils.logger:It: 553, Loss: 4.180e-02, Loss_res: 3.520e-02,  Loss_bcs: 5.391e-04, Loss_ut_ics: 3.019e-05, Loss_norm: 5.234e-06, Loss_gauge: 0.000e+00, w_pde: 1.00e+00, L^2_error: 8.871e-02, lr: 1.000e-03, Time: 2.04e+03
INFO:src.utils.logger:Model state saved to results\ho\DV\20260305-054940_seed0_ho_DV_bl_layered_e1500_w300_4q_4l\checkpoints\2026-03-05_05-50-04-441757_ho_DV_seed\model.pth
INFO:src.utils.logger:Model weights saved to results\ho\DV\20260305-054940_seed0_ho_DV_bl_layered_e1500_w300_4q_4l\checkpoints\2026-03-05_05-50-04-441757_ho_DV_seed\model_weights.pth
INFO:src.utils.logger:It: 554, Loss: 4.371e-02, Loss_res: 3.711e-02,  Loss_bcs: 5.435e-04, Loss_ut_ics: 3.015e-05, Loss_norm: 5.080e-06, Loss_gauge: 0.000e+00, w_pde: 1.00e+00, L^2_error: 8.867e-02, lr: 1.000e-03, Time: 2.05e+03
INFO:src.utils.logger:Model state saved to results\ho\DV\20260305-054940_seed0_ho_DV_bl_layered_e1500_w300_4q_4l\checkpoints\2026-03-05_05-50-04-441757_ho_DV_seed\model.pth
INFO:src.utils.logger:Model weights saved to results\ho\DV\20260305-054940_seed0_ho_DV_bl_layered_e1500_w300_4q_4l\checkpoints\2026-03-05_05-50-04-441757_ho_DV_seed\model_weights.pth
INFO:src.utils.logger:It: 555, Loss: 3.985e-02, Loss_res: 3.326e-02,  Loss_bcs: 5.378e-04, Loss_ut_ics: 3.012e-05, Loss_norm: 4.917e-06, Loss_gauge: 0.000e+00, w_pde: 1.00e+00, L^2_error: 8.864e-02, lr: 1.000e-03, Time: 2.05e+03
INFO:src.utils.logger:Model state saved to results\ho\DV\20260305-054940_seed0_ho_DV_bl_layered_e1500_w300_4q_4l\checkpoints\2026-03-05_05-50-04-441757_ho_DV_seed\model.pth
INFO:src.utils.logger:Model weights saved to results\ho\DV\20260305-054940_seed0_ho_DV_bl_layered_e1500_w300_4q_4l\checkpoints\2026-03-05_05-50-04-441757_ho_DV_seed\model_weights.pth
INFO:src.utils.logger:It: 556, Loss: 4.509e-02, Loss_res: 3.850e-02,  Loss_bcs: 5.396e-04, Loss_ut_ics: 3.011e-05, Loss_norm: 4.756e-06, Loss_gauge: 0.000e+00, w_pde: 1.00e+00, L^2_error: 8.861e-02, lr: 1.000e-03, Time: 2.05e+03
INFO:src.utils.logger:Model state saved to results\ho\DV\20260305-054940_seed0_ho_DV_bl_layered_e1500_w300_4q_4l\checkpoints\2026-03-05_05-50-04-441757_ho_DV_seed\model.pth
INFO:src.utils.logger:Model weights saved to results\ho\DV\20260305-054940_seed0_ho_DV_bl_layered_e1500_w300_4q_4l\checkpoints\2026-03-05_05-50-04-441757_ho_DV_seed\model_weights.pth
INFO:src.utils.logger:It: 557, Loss: 3.890e-02, Loss_res: 3.231e-02,  Loss_bcs: 5.386e-04, Loss_ut_ics: 3.010e-05, Loss_norm: 4.746e-06, Loss_gauge: 0.000e+00, w_pde: 1.00e+00, L^2_error: 8.858e-02, lr: 1.000e-03, Time: 2.06e+03
INFO:src.utils.logger:Model state saved to results\ho\DV\20260305-054940_seed0_ho_DV_bl_layered_e1500_w300_4q_4l\checkpoints\2026-03-05_05-50-04-441757_ho_DV_seed\model.pth
INFO:src.utils.logger:Model weights saved to results\ho\DV\20260305-054940_seed0_ho_DV_bl_layered_e1500_w300_4q_4l\checkpoints\2026-03-05_05-50-04-441757_ho_DV_seed\model_weights.pth
INFO:src.utils.logger:It: 558, Loss: 4.539e-02, Loss_res: 3.881e-02,  Loss_bcs: 5.376e-04, Loss_ut_ics: 3.008e-05, Loss_norm: 4.775e-06, Loss_gauge: 0.000e+00, w_pde: 1.00e+00, L^2_error: 8.854e-02, lr: 1.000e-03, Time: 2.06e+03
INFO:src.utils.logger:Model state saved to results\ho\DV\20260305-054940_seed0_ho_DV_bl_layered_e1500_w300_4q_4l\checkpoints\2026-03-05_05-50-04-441757_ho_DV_seed\model.pth
INFO:src.utils.logger:Model weights saved to results\ho\DV\20260305-054940_seed0_ho_DV_bl_layered_e1500_w300_4q_4l\checkpoints\2026-03-05_05-50-04-441757_ho_DV_seed\model_weights.pth
INFO:src.utils.logger:It: 559, Loss: 4.349e-02, Loss_res: 3.692e-02,  Loss_bcs: 5.379e-04, Loss_ut_ics: 3.005e-05, Loss_norm: 4.833e-06, Loss_gauge: 0.000e+00, w_pde: 1.00e+00, L^2_error: 8.849e-02, lr: 1.000e-03, Time: 2.07e+03
INFO:src.utils.logger:Model state saved to results\ho\DV\20260305-054940_seed0_ho_DV_bl_layered_e1500_w300_4q_4l\checkpoints\2026-03-05_05-50-04-441757_ho_DV_seed\model.pth
INFO:src.utils.logger:Model weights saved to results\ho\DV\20260305-054940_seed0_ho_DV_bl_layered_e1500_w300_4q_4l\checkpoints\2026-03-05_05-50-04-441757_ho_DV_seed\model_weights.pth
INFO:src.utils.logger:It: 560, Loss: 4.020e-02, Loss_res: 3.364e-02,  Loss_bcs: 5.360e-04, Loss_ut_ics: 3.000e-05, Loss_norm: 4.966e-06, Loss_gauge: 0.000e+00, w_pde: 1.00e+00, L^2_error: 8.843e-02, lr: 1.000e-03, Time: 2.07e+03
INFO:src.utils.logger:Model state saved to results\ho\DV\20260305-054940_seed0_ho_DV_bl_layered_e1500_w300_4q_4l\checkpoints\2026-03-05_05-50-04-441757_ho_DV_seed\model.pth
INFO:src.utils.logger:Model weights saved to results\ho\DV\20260305-054940_seed0_ho_DV_bl_layered_e1500_w300_4q_4l\checkpoints\2026-03-05_05-50-04-441757_ho_DV_seed\model_weights.pth
INFO:src.utils.logger:It: 561, Loss: 4.045e-02, Loss_res: 3.390e-02,  Loss_bcs: 5.359e-04, Loss_ut_ics: 2.996e-05, Loss_norm: 4.977e-06, Loss_gauge: 0.000e+00, w_pde: 1.00e+00, L^2_error: 8.838e-02, lr: 1.000e-03, Time: 2.07e+03
INFO:src.utils.logger:Model state saved to results\ho\DV\20260305-054940_seed0_ho_DV_bl_layered_e1500_w300_4q_4l\checkpoints\2026-03-05_05-50-04-441757_ho_DV_seed\model.pth
INFO:src.utils.logger:Model weights saved to results\ho\DV\20260305-054940_seed0_ho_DV_bl_layered_e1500_w300_4q_4l\checkpoints\2026-03-05_05-50-04-441757_ho_DV_seed\model_weights.pth
INFO:src.utils.logger:It: 562, Loss: 3.931e-02, Loss_res: 3.277e-02,  Loss_bcs: 5.330e-04, Loss_ut_ics: 2.991e-05, Loss_norm: 4.936e-06, Loss_gauge: 0.000e+00, w_pde: 1.00e+00, L^2_error: 8.833e-02, lr: 1.000e-03, Time: 2.08e+03
INFO:src.utils.logger:Model state saved to results\ho\DV\20260305-054940_seed0_ho_DV_bl_layered_e1500_w300_4q_4l\checkpoints\2026-03-05_05-50-04-441757_ho_DV_seed\model.pth
INFO:src.utils.logger:Model weights saved to results\ho\DV\20260305-054940_seed0_ho_DV_bl_layered_e1500_w300_4q_4l\checkpoints\2026-03-05_05-50-04-441757_ho_DV_seed\model_weights.pth
INFO:src.utils.logger:It: 563, Loss: 4.236e-02, Loss_res: 3.583e-02,  Loss_bcs: 5.317e-04, Loss_ut_ics: 2.988e-05, Loss_norm: 4.740e-06, Loss_gauge: 0.000e+00, w_pde: 1.00e+00, L^2_error: 8.828e-02, lr: 1.000e-03, Time: 2.08e+03
INFO:src.utils.logger:Model state saved to results\ho\DV\20260305-054940_seed0_ho_DV_bl_layered_e1500_w300_4q_4l\checkpoints\2026-03-05_05-50-04-441757_ho_DV_seed\model.pth
INFO:src.utils.logger:Model weights saved to results\ho\DV\20260305-054940_seed0_ho_DV_bl_layered_e1500_w300_4q_4l\checkpoints\2026-03-05_05-50-04-441757_ho_DV_seed\model_weights.pth
INFO:src.utils.logger:It: 564, Loss: 4.100e-02, Loss_res: 3.447e-02,  Loss_bcs: 5.354e-04, Loss_ut_ics: 2.985e-05, Loss_norm: 4.586e-06, Loss_gauge: 0.000e+00, w_pde: 1.00e+00, L^2_error: 8.823e-02, lr: 1.000e-03, Time: 2.08e+03
INFO:src.utils.logger:Model state saved to results\ho\DV\20260305-054940_seed0_ho_DV_bl_layered_e1500_w300_4q_4l\checkpoints\2026-03-05_05-50-04-441757_ho_DV_seed\model.pth
INFO:src.utils.logger:Model weights saved to results\ho\DV\20260305-054940_seed0_ho_DV_bl_layered_e1500_w300_4q_4l\checkpoints\2026-03-05_05-50-04-441757_ho_DV_seed\model_weights.pth
INFO:src.utils.logger:It: 565, Loss: 4.371e-02, Loss_res: 3.719e-02,  Loss_bcs: 5.358e-04, Loss_ut_ics: 2.983e-05, Loss_norm: 4.414e-06, Loss_gauge: 0.000e+00, w_pde: 1.00e+00, L^2_error: 8.817e-02, lr: 1.000e-03, Time: 2.09e+03
INFO:src.utils.logger:Model state saved to results\ho\DV\20260305-054940_seed0_ho_DV_bl_layered_e1500_w300_4q_4l\checkpoints\2026-03-05_05-50-04-441757_ho_DV_seed\model.pth
INFO:src.utils.logger:Model weights saved to results\ho\DV\20260305-054940_seed0_ho_DV_bl_layered_e1500_w300_4q_4l\checkpoints\2026-03-05_05-50-04-441757_ho_DV_seed\model_weights.pth
INFO:src.utils.logger:It: 566, Loss: 4.238e-02, Loss_res: 3.586e-02,  Loss_bcs: 5.326e-04, Loss_ut_ics: 2.981e-05, Loss_norm: 4.431e-06, Loss_gauge: 0.000e+00, w_pde: 1.00e+00, L^2_error: 8.810e-02, lr: 1.000e-03, Time: 2.09e+03
INFO:src.utils.logger:Model state saved to results\ho\DV\20260305-054940_seed0_ho_DV_bl_layered_e1500_w300_4q_4l\checkpoints\2026-03-05_05-50-04-441757_ho_DV_seed\model.pth
INFO:src.utils.logger:Model weights saved to results\ho\DV\20260305-054940_seed0_ho_DV_bl_layered_e1500_w300_4q_4l\checkpoints\2026-03-05_05-50-04-441757_ho_DV_seed\model_weights.pth
INFO:src.utils.logger:It: 567, Loss: 3.793e-02, Loss_res: 3.142e-02,  Loss_bcs: 5.292e-04, Loss_ut_ics: 2.977e-05, Loss_norm: 4.659e-06, Loss_gauge: 0.000e+00, w_pde: 1.00e+00, L^2_error: 8.804e-02, lr: 1.000e-03, Time: 2.10e+03
INFO:src.utils.logger:Model state saved to results\ho\DV\20260305-054940_seed0_ho_DV_bl_layered_e1500_w300_4q_4l\checkpoints\2026-03-05_05-50-04-441757_ho_DV_seed\model.pth
INFO:src.utils.logger:Model weights saved to results\ho\DV\20260305-054940_seed0_ho_DV_bl_layered_e1500_w300_4q_4l\checkpoints\2026-03-05_05-50-04-441757_ho_DV_seed\model_weights.pth
INFO:src.utils.logger:It: 568, Loss: 4.030e-02, Loss_res: 3.379e-02,  Loss_bcs: 5.323e-04, Loss_ut_ics: 2.974e-05, Loss_norm: 4.981e-06, Loss_gauge: 0.000e+00, w_pde: 1.00e+00, L^2_error: 8.799e-02, lr: 1.000e-03, Time: 2.10e+03
INFO:src.utils.logger:Model state saved to results\ho\DV\20260305-054940_seed0_ho_DV_bl_layered_e1500_w300_4q_4l\checkpoints\2026-03-05_05-50-04-441757_ho_DV_seed\model.pth
INFO:src.utils.logger:Model weights saved to results\ho\DV\20260305-054940_seed0_ho_DV_bl_layered_e1500_w300_4q_4l\checkpoints\2026-03-05_05-50-04-441757_ho_DV_seed\model_weights.pth
INFO:src.utils.logger:It: 569, Loss: 4.229e-02, Loss_res: 3.579e-02,  Loss_bcs: 5.310e-04, Loss_ut_ics: 2.971e-05, Loss_norm: 5.223e-06, Loss_gauge: 0.000e+00, w_pde: 1.00e+00, L^2_error: 8.794e-02, lr: 1.000e-03, Time: 2.10e+03
INFO:src.utils.logger:Model state saved to results\ho\DV\20260305-054940_seed0_ho_DV_bl_layered_e1500_w300_4q_4l\checkpoints\2026-03-05_05-50-04-441757_ho_DV_seed\model.pth
INFO:src.utils.logger:Model weights saved to results\ho\DV\20260305-054940_seed0_ho_DV_bl_layered_e1500_w300_4q_4l\checkpoints\2026-03-05_05-50-04-441757_ho_DV_seed\model_weights.pth
INFO:src.utils.logger:It: 570, Loss: 4.122e-02, Loss_res: 3.473e-02,  Loss_bcs: 5.289e-04, Loss_ut_ics: 2.966e-05, Loss_norm: 5.348e-06, Loss_gauge: 0.000e+00, w_pde: 1.00e+00, L^2_error: 8.789e-02, lr: 1.000e-03, Time: 2.11e+03
INFO:src.utils.logger:Model state saved to results\ho\DV\20260305-054940_seed0_ho_DV_bl_layered_e1500_w300_4q_4l\checkpoints\2026-03-05_05-50-04-441757_ho_DV_seed\model.pth
INFO:src.utils.logger:Model weights saved to results\ho\DV\20260305-054940_seed0_ho_DV_bl_layered_e1500_w300_4q_4l\checkpoints\2026-03-05_05-50-04-441757_ho_DV_seed\model_weights.pth
INFO:src.utils.logger:It: 571, Loss: 4.317e-02, Loss_res: 3.669e-02,  Loss_bcs: 5.261e-04, Loss_ut_ics: 2.962e-05, Loss_norm: 5.261e-06, Loss_gauge: 0.000e+00, w_pde: 1.00e+00, L^2_error: 8.785e-02, lr: 1.000e-03, Time: 2.11e+03
INFO:src.utils.logger:Model state saved to results\ho\DV\20260305-054940_seed0_ho_DV_bl_layered_e1500_w300_4q_4l\checkpoints\2026-03-05_05-50-04-441757_ho_DV_seed\model.pth
INFO:src.utils.logger:Model weights saved to results\ho\DV\20260305-054940_seed0_ho_DV_bl_layered_e1500_w300_4q_4l\checkpoints\2026-03-05_05-50-04-441757_ho_DV_seed\model_weights.pth
INFO:src.utils.logger:It: 572, Loss: 3.977e-02, Loss_res: 3.330e-02,  Loss_bcs: 5.278e-04, Loss_ut_ics: 2.956e-05, Loss_norm: 5.054e-06, Loss_gauge: 0.000e+00, w_pde: 1.00e+00, L^2_error: 8.781e-02, lr: 1.000e-03, Time: 2.11e+03
INFO:src.utils.logger:Model state saved to results\ho\DV\20260305-054940_seed0_ho_DV_bl_layered_e1500_w300_4q_4l\checkpoints\2026-03-05_05-50-04-441757_ho_DV_seed\model.pth
INFO:src.utils.logger:Model weights saved to results\ho\DV\20260305-054940_seed0_ho_DV_bl_layered_e1500_w300_4q_4l\checkpoints\2026-03-05_05-50-04-441757_ho_DV_seed\model_weights.pth
INFO:src.utils.logger:It: 573, Loss: 3.945e-02, Loss_res: 3.299e-02,  Loss_bcs: 5.281e-04, Loss_ut_ics: 2.951e-05, Loss_norm: 4.790e-06, Loss_gauge: 0.000e+00, w_pde: 1.00e+00, L^2_error: 8.777e-02, lr: 1.000e-03, Time: 2.12e+03
INFO:src.utils.logger:Model state saved to results\ho\DV\20260305-054940_seed0_ho_DV_bl_layered_e1500_w300_4q_4l\checkpoints\2026-03-05_05-50-04-441757_ho_DV_seed\model.pth
INFO:src.utils.logger:Model weights saved to results\ho\DV\20260305-054940_seed0_ho_DV_bl_layered_e1500_w300_4q_4l\checkpoints\2026-03-05_05-50-04-441757_ho_DV_seed\model_weights.pth
INFO:src.utils.logger:It: 574, Loss: 4.170e-02, Loss_res: 3.525e-02,  Loss_bcs: 5.315e-04, Loss_ut_ics: 2.945e-05, Loss_norm: 4.614e-06, Loss_gauge: 0.000e+00, w_pde: 1.00e+00, L^2_error: 8.773e-02, lr: 1.000e-03, Time: 2.12e+03
INFO:src.utils.logger:Model state saved to results\ho\DV\20260305-054940_seed0_ho_DV_bl_layered_e1500_w300_4q_4l\checkpoints\2026-03-05_05-50-04-441757_ho_DV_seed\model.pth
INFO:src.utils.logger:Model weights saved to results\ho\DV\20260305-054940_seed0_ho_DV_bl_layered_e1500_w300_4q_4l\checkpoints\2026-03-05_05-50-04-441757_ho_DV_seed\model_weights.pth
INFO:src.utils.logger:It: 575, Loss: 4.362e-02, Loss_res: 3.719e-02,  Loss_bcs: 5.346e-04, Loss_ut_ics: 2.939e-05, Loss_norm: 4.677e-06, Loss_gauge: 0.000e+00, w_pde: 1.00e+00, L^2_error: 8.768e-02, lr: 1.000e-03, Time: 2.13e+03
INFO:src.utils.logger:Model state saved to results\ho\DV\20260305-054940_seed0_ho_DV_bl_layered_e1500_w300_4q_4l\checkpoints\2026-03-05_05-50-04-441757_ho_DV_seed\model.pth
INFO:src.utils.logger:Model weights saved to results\ho\DV\20260305-054940_seed0_ho_DV_bl_layered_e1500_w300_4q_4l\checkpoints\2026-03-05_05-50-04-441757_ho_DV_seed\model_weights.pth
INFO:src.utils.logger:It: 576, Loss: 3.908e-02, Loss_res: 3.266e-02,  Loss_bcs: 5.318e-04, Loss_ut_ics: 2.934e-05, Loss_norm: 4.808e-06, Loss_gauge: 0.000e+00, w_pde: 1.00e+00, L^2_error: 8.764e-02, lr: 1.000e-03, Time: 2.13e+03
INFO:src.utils.logger:Model state saved to results\ho\DV\20260305-054940_seed0_ho_DV_bl_layered_e1500_w300_4q_4l\checkpoints\2026-03-05_05-50-04-441757_ho_DV_seed\model.pth
INFO:src.utils.logger:Model weights saved to results\ho\DV\20260305-054940_seed0_ho_DV_bl_layered_e1500_w300_4q_4l\checkpoints\2026-03-05_05-50-04-441757_ho_DV_seed\model_weights.pth
INFO:src.utils.logger:It: 577, Loss: 4.283e-02, Loss_res: 3.642e-02,  Loss_bcs: 5.258e-04, Loss_ut_ics: 2.929e-05, Loss_norm: 5.145e-06, Loss_gauge: 0.000e+00, w_pde: 1.00e+00, L^2_error: 8.759e-02, lr: 1.000e-03, Time: 2.13e+03
INFO:src.utils.logger:Model state saved to results\ho\DV\20260305-054940_seed0_ho_DV_bl_layered_e1500_w300_4q_4l\checkpoints\2026-03-05_05-50-04-441757_ho_DV_seed\model.pth
INFO:src.utils.logger:Model weights saved to results\ho\DV\20260305-054940_seed0_ho_DV_bl_layered_e1500_w300_4q_4l\checkpoints\2026-03-05_05-50-04-441757_ho_DV_seed\model_weights.pth
INFO:src.utils.logger:It: 578, Loss: 4.245e-02, Loss_res: 3.605e-02,  Loss_bcs: 5.258e-04, Loss_ut_ics: 2.925e-05, Loss_norm: 5.530e-06, Loss_gauge: 0.000e+00, w_pde: 1.00e+00, L^2_error: 8.755e-02, lr: 1.000e-03, Time: 2.14e+03
INFO:src.utils.logger:Model state saved to results\ho\DV\20260305-054940_seed0_ho_DV_bl_layered_e1500_w300_4q_4l\checkpoints\2026-03-05_05-50-04-441757_ho_DV_seed\model.pth
INFO:src.utils.logger:Model weights saved to results\ho\DV\20260305-054940_seed0_ho_DV_bl_layered_e1500_w300_4q_4l\checkpoints\2026-03-05_05-50-04-441757_ho_DV_seed\model_weights.pth
INFO:src.utils.logger:It: 579, Loss: 4.203e-02, Loss_res: 3.563e-02,  Loss_bcs: 5.285e-04, Loss_ut_ics: 2.922e-05, Loss_norm: 5.795e-06, Loss_gauge: 0.000e+00, w_pde: 1.00e+00, L^2_error: 8.750e-02, lr: 1.000e-03, Time: 2.14e+03
INFO:src.utils.logger:Model state saved to results\ho\DV\20260305-054940_seed0_ho_DV_bl_layered_e1500_w300_4q_4l\checkpoints\2026-03-05_05-50-04-441757_ho_DV_seed\model.pth
INFO:src.utils.logger:Model weights saved to results\ho\DV\20260305-054940_seed0_ho_DV_bl_layered_e1500_w300_4q_4l\checkpoints\2026-03-05_05-50-04-441757_ho_DV_seed\model_weights.pth
INFO:src.utils.logger:It: 580, Loss: 3.945e-02, Loss_res: 3.305e-02,  Loss_bcs: 5.282e-04, Loss_ut_ics: 2.919e-05, Loss_norm: 5.920e-06, Loss_gauge: 0.000e+00, w_pde: 1.00e+00, L^2_error: 8.745e-02, lr: 1.000e-03, Time: 2.14e+03
INFO:src.utils.logger:Model state saved to results\ho\DV\20260305-054940_seed0_ho_DV_bl_layered_e1500_w300_4q_4l\checkpoints\2026-03-05_05-50-04-441757_ho_DV_seed\model.pth
INFO:src.utils.logger:Model weights saved to results\ho\DV\20260305-054940_seed0_ho_DV_bl_layered_e1500_w300_4q_4l\checkpoints\2026-03-05_05-50-04-441757_ho_DV_seed\model_weights.pth
INFO:src.utils.logger:It: 581, Loss: 4.043e-02, Loss_res: 3.403e-02,  Loss_bcs: 5.284e-04, Loss_ut_ics: 2.917e-05, Loss_norm: 5.879e-06, Loss_gauge: 0.000e+00, w_pde: 1.00e+00, L^2_error: 8.740e-02, lr: 1.000e-03, Time: 2.15e+03
INFO:src.utils.logger:Model state saved to results\ho\DV\20260305-054940_seed0_ho_DV_bl_layered_e1500_w300_4q_4l\checkpoints\2026-03-05_05-50-04-441757_ho_DV_seed\model.pth
INFO:src.utils.logger:Model weights saved to results\ho\DV\20260305-054940_seed0_ho_DV_bl_layered_e1500_w300_4q_4l\checkpoints\2026-03-05_05-50-04-441757_ho_DV_seed\model_weights.pth
INFO:src.utils.logger:It: 582, Loss: 4.161e-02, Loss_res: 3.523e-02,  Loss_bcs: 5.238e-04, Loss_ut_ics: 2.915e-05, Loss_norm: 5.820e-06, Loss_gauge: 0.000e+00, w_pde: 1.00e+00, L^2_error: 8.734e-02, lr: 1.000e-03, Time: 2.15e+03
INFO:src.utils.logger:Model state saved to results\ho\DV\20260305-054940_seed0_ho_DV_bl_layered_e1500_w300_4q_4l\checkpoints\2026-03-05_05-50-04-441757_ho_DV_seed\model.pth
INFO:src.utils.logger:Model weights saved to results\ho\DV\20260305-054940_seed0_ho_DV_bl_layered_e1500_w300_4q_4l\checkpoints\2026-03-05_05-50-04-441757_ho_DV_seed\model_weights.pth
INFO:src.utils.logger:It: 583, Loss: 4.054e-02, Loss_res: 3.416e-02,  Loss_bcs: 5.245e-04, Loss_ut_ics: 2.911e-05, Loss_norm: 5.802e-06, Loss_gauge: 0.000e+00, w_pde: 1.00e+00, L^2_error: 8.727e-02, lr: 1.000e-03, Time: 2.15e+03
INFO:src.utils.logger:Model state saved to results\ho\DV\20260305-054940_seed0_ho_DV_bl_layered_e1500_w300_4q_4l\checkpoints\2026-03-05_05-50-04-441757_ho_DV_seed\model.pth
INFO:src.utils.logger:Model weights saved to results\ho\DV\20260305-054940_seed0_ho_DV_bl_layered_e1500_w300_4q_4l\checkpoints\2026-03-05_05-50-04-441757_ho_DV_seed\model_weights.pth
INFO:src.utils.logger:It: 584, Loss: 3.963e-02, Loss_res: 3.326e-02,  Loss_bcs: 5.247e-04, Loss_ut_ics: 2.906e-05, Loss_norm: 5.742e-06, Loss_gauge: 0.000e+00, w_pde: 1.00e+00, L^2_error: 8.721e-02, lr: 1.000e-03, Time: 2.16e+03
INFO:src.utils.logger:Model state saved to results\ho\DV\20260305-054940_seed0_ho_DV_bl_layered_e1500_w300_4q_4l\checkpoints\2026-03-05_05-50-04-441757_ho_DV_seed\model.pth
INFO:src.utils.logger:Model weights saved to results\ho\DV\20260305-054940_seed0_ho_DV_bl_layered_e1500_w300_4q_4l\checkpoints\2026-03-05_05-50-04-441757_ho_DV_seed\model_weights.pth
INFO:src.utils.logger:It: 585, Loss: 4.225e-02, Loss_res: 3.589e-02,  Loss_bcs: 5.270e-04, Loss_ut_ics: 2.903e-05, Loss_norm: 5.568e-06, Loss_gauge: 0.000e+00, w_pde: 1.00e+00, L^2_error: 8.714e-02, lr: 1.000e-03, Time: 2.16e+03
INFO:src.utils.logger:Model state saved to results\ho\DV\20260305-054940_seed0_ho_DV_bl_layered_e1500_w300_4q_4l\checkpoints\2026-03-05_05-50-04-441757_ho_DV_seed\model.pth
INFO:src.utils.logger:Model weights saved to results\ho\DV\20260305-054940_seed0_ho_DV_bl_layered_e1500_w300_4q_4l\checkpoints\2026-03-05_05-50-04-441757_ho_DV_seed\model_weights.pth
INFO:src.utils.logger:It: 586, Loss: 4.133e-02, Loss_res: 3.498e-02,  Loss_bcs: 5.265e-04, Loss_ut_ics: 2.900e-05, Loss_norm: 5.569e-06, Loss_gauge: 0.000e+00, w_pde: 1.00e+00, L^2_error: 8.707e-02, lr: 1.000e-03, Time: 2.17e+03
INFO:src.utils.logger:Model state saved to results\ho\DV\20260305-054940_seed0_ho_DV_bl_layered_e1500_w300_4q_4l\checkpoints\2026-03-05_05-50-04-441757_ho_DV_seed\model.pth
INFO:src.utils.logger:Model weights saved to results\ho\DV\20260305-054940_seed0_ho_DV_bl_layered_e1500_w300_4q_4l\checkpoints\2026-03-05_05-50-04-441757_ho_DV_seed\model_weights.pth
INFO:src.utils.logger:It: 587, Loss: 4.163e-02, Loss_res: 3.529e-02,  Loss_bcs: 5.219e-04, Loss_ut_ics: 2.896e-05, Loss_norm: 5.623e-06, Loss_gauge: 0.000e+00, w_pde: 1.00e+00, L^2_error: 8.700e-02, lr: 1.000e-03, Time: 2.17e+03
INFO:src.utils.logger:Model state saved to results\ho\DV\20260305-054940_seed0_ho_DV_bl_layered_e1500_w300_4q_4l\checkpoints\2026-03-05_05-50-04-441757_ho_DV_seed\model.pth
INFO:src.utils.logger:Model weights saved to results\ho\DV\20260305-054940_seed0_ho_DV_bl_layered_e1500_w300_4q_4l\checkpoints\2026-03-05_05-50-04-441757_ho_DV_seed\model_weights.pth
INFO:src.utils.logger:It: 588, Loss: 3.857e-02, Loss_res: 3.223e-02,  Loss_bcs: 5.252e-04, Loss_ut_ics: 2.893e-05, Loss_norm: 5.683e-06, Loss_gauge: 0.000e+00, w_pde: 1.00e+00, L^2_error: 8.694e-02, lr: 1.000e-03, Time: 2.17e+03
INFO:src.utils.logger:Model state saved to results\ho\DV\20260305-054940_seed0_ho_DV_bl_layered_e1500_w300_4q_4l\checkpoints\2026-03-05_05-50-04-441757_ho_DV_seed\model.pth
INFO:src.utils.logger:Model weights saved to results\ho\DV\20260305-054940_seed0_ho_DV_bl_layered_e1500_w300_4q_4l\checkpoints\2026-03-05_05-50-04-441757_ho_DV_seed\model_weights.pth
INFO:src.utils.logger:It: 589, Loss: 4.183e-02, Loss_res: 3.550e-02,  Loss_bcs: 5.245e-04, Loss_ut_ics: 2.891e-05, Loss_norm: 5.779e-06, Loss_gauge: 0.000e+00, w_pde: 1.00e+00, L^2_error: 8.689e-02, lr: 1.000e-03, Time: 2.18e+03
INFO:src.utils.logger:Model state saved to results\ho\DV\20260305-054940_seed0_ho_DV_bl_layered_e1500_w300_4q_4l\checkpoints\2026-03-05_05-50-04-441757_ho_DV_seed\model.pth
INFO:src.utils.logger:Model weights saved to results\ho\DV\20260305-054940_seed0_ho_DV_bl_layered_e1500_w300_4q_4l\checkpoints\2026-03-05_05-50-04-441757_ho_DV_seed\model_weights.pth
INFO:src.utils.logger:It: 590, Loss: 4.164e-02, Loss_res: 3.531e-02,  Loss_bcs: 5.238e-04, Loss_ut_ics: 2.888e-05, Loss_norm: 5.908e-06, Loss_gauge: 0.000e+00, w_pde: 1.00e+00, L^2_error: 8.683e-02, lr: 1.000e-03, Time: 2.18e+03
INFO:src.utils.logger:Model state saved to results\ho\DV\20260305-054940_seed0_ho_DV_bl_layered_e1500_w300_4q_4l\checkpoints\2026-03-05_05-50-04-441757_ho_DV_seed\model.pth
INFO:src.utils.logger:Model weights saved to results\ho\DV\20260305-054940_seed0_ho_DV_bl_layered_e1500_w300_4q_4l\checkpoints\2026-03-05_05-50-04-441757_ho_DV_seed\model_weights.pth
INFO:src.utils.logger:It: 591, Loss: 4.046e-02, Loss_res: 3.414e-02,  Loss_bcs: 5.244e-04, Loss_ut_ics: 2.886e-05, Loss_norm: 5.916e-06, Loss_gauge: 0.000e+00, w_pde: 1.00e+00, L^2_error: 8.677e-02, lr: 1.000e-03, Time: 2.18e+03
INFO:src.utils.logger:Model state saved to results\ho\DV\20260305-054940_seed0_ho_DV_bl_layered_e1500_w300_4q_4l\checkpoints\2026-03-05_05-50-04-441757_ho_DV_seed\model.pth
INFO:src.utils.logger:Model weights saved to results\ho\DV\20260305-054940_seed0_ho_DV_bl_layered_e1500_w300_4q_4l\checkpoints\2026-03-05_05-50-04-441757_ho_DV_seed\model_weights.pth
INFO:src.utils.logger:It: 592, Loss: 4.232e-02, Loss_res: 3.601e-02,  Loss_bcs: 5.202e-04, Loss_ut_ics: 2.882e-05, Loss_norm: 5.886e-06, Loss_gauge: 0.000e+00, w_pde: 1.00e+00, L^2_error: 8.671e-02, lr: 1.000e-03, Time: 2.19e+03
INFO:src.utils.logger:Model state saved to results\ho\DV\20260305-054940_seed0_ho_DV_bl_layered_e1500_w300_4q_4l\checkpoints\2026-03-05_05-50-04-441757_ho_DV_seed\model.pth
INFO:src.utils.logger:Model weights saved to results\ho\DV\20260305-054940_seed0_ho_DV_bl_layered_e1500_w300_4q_4l\checkpoints\2026-03-05_05-50-04-441757_ho_DV_seed\model_weights.pth
INFO:src.utils.logger:It: 593, Loss: 3.841e-02, Loss_res: 3.210e-02,  Loss_bcs: 5.184e-04, Loss_ut_ics: 2.878e-05, Loss_norm: 5.946e-06, Loss_gauge: 0.000e+00, w_pde: 1.00e+00, L^2_error: 8.665e-02, lr: 1.000e-03, Time: 2.19e+03
INFO:src.utils.logger:Model state saved to results\ho\DV\20260305-054940_seed0_ho_DV_bl_layered_e1500_w300_4q_4l\checkpoints\2026-03-05_05-50-04-441757_ho_DV_seed\model.pth
INFO:src.utils.logger:Model weights saved to results\ho\DV\20260305-054940_seed0_ho_DV_bl_layered_e1500_w300_4q_4l\checkpoints\2026-03-05_05-50-04-441757_ho_DV_seed\model_weights.pth
INFO:src.utils.logger:It: 594, Loss: 4.097e-02, Loss_res: 3.467e-02,  Loss_bcs: 5.179e-04, Loss_ut_ics: 2.873e-05, Loss_norm: 6.017e-06, Loss_gauge: 0.000e+00, w_pde: 1.00e+00, L^2_error: 8.660e-02, lr: 1.000e-03, Time: 2.20e+03
INFO:src.utils.logger:Model state saved to results\ho\DV\20260305-054940_seed0_ho_DV_bl_layered_e1500_w300_4q_4l\checkpoints\2026-03-05_05-50-04-441757_ho_DV_seed\model.pth
INFO:src.utils.logger:Model weights saved to results\ho\DV\20260305-054940_seed0_ho_DV_bl_layered_e1500_w300_4q_4l\checkpoints\2026-03-05_05-50-04-441757_ho_DV_seed\model_weights.pth
INFO:src.utils.logger:It: 595, Loss: 4.102e-02, Loss_res: 3.473e-02,  Loss_bcs: 5.193e-04, Loss_ut_ics: 2.868e-05, Loss_norm: 6.011e-06, Loss_gauge: 0.000e+00, w_pde: 1.00e+00, L^2_error: 8.654e-02, lr: 1.000e-03, Time: 2.20e+03
INFO:src.utils.logger:Model state saved to results\ho\DV\20260305-054940_seed0_ho_DV_bl_layered_e1500_w300_4q_4l\checkpoints\2026-03-05_05-50-04-441757_ho_DV_seed\model.pth
INFO:src.utils.logger:Model weights saved to results\ho\DV\20260305-054940_seed0_ho_DV_bl_layered_e1500_w300_4q_4l\checkpoints\2026-03-05_05-50-04-441757_ho_DV_seed\model_weights.pth
INFO:src.utils.logger:It: 596, Loss: 4.082e-02, Loss_res: 3.454e-02,  Loss_bcs: 5.216e-04, Loss_ut_ics: 2.864e-05, Loss_norm: 6.009e-06, Loss_gauge: 0.000e+00, w_pde: 1.00e+00, L^2_error: 8.649e-02, lr: 1.000e-03, Time: 2.20e+03
INFO:src.utils.logger:Model state saved to results\ho\DV\20260305-054940_seed0_ho_DV_bl_layered_e1500_w300_4q_4l\checkpoints\2026-03-05_05-50-04-441757_ho_DV_seed\model.pth
INFO:src.utils.logger:Model weights saved to results\ho\DV\20260305-054940_seed0_ho_DV_bl_layered_e1500_w300_4q_4l\checkpoints\2026-03-05_05-50-04-441757_ho_DV_seed\model_weights.pth
INFO:src.utils.logger:It: 597, Loss: 3.983e-02, Loss_res: 3.357e-02,  Loss_bcs: 5.198e-04, Loss_ut_ics: 2.859e-05, Loss_norm: 6.060e-06, Loss_gauge: 0.000e+00, w_pde: 1.00e+00, L^2_error: 8.644e-02, lr: 1.000e-03, Time: 2.21e+03
INFO:src.utils.logger:Model state saved to results\ho\DV\20260305-054940_seed0_ho_DV_bl_layered_e1500_w300_4q_4l\checkpoints\2026-03-05_05-50-04-441757_ho_DV_seed\model.pth
INFO:src.utils.logger:Model weights saved to results\ho\DV\20260305-054940_seed0_ho_DV_bl_layered_e1500_w300_4q_4l\checkpoints\2026-03-05_05-50-04-441757_ho_DV_seed\model_weights.pth
INFO:src.utils.logger:It: 598, Loss: 4.148e-02, Loss_res: 3.522e-02,  Loss_bcs: 5.202e-04, Loss_ut_ics: 2.855e-05, Loss_norm: 6.002e-06, Loss_gauge: 0.000e+00, w_pde: 1.00e+00, L^2_error: 8.638e-02, lr: 1.000e-03, Time: 2.21e+03
INFO:src.utils.logger:Model state saved to results\ho\DV\20260305-054940_seed0_ho_DV_bl_layered_e1500_w300_4q_4l\checkpoints\2026-03-05_05-50-04-441757_ho_DV_seed\model.pth
INFO:src.utils.logger:Model weights saved to results\ho\DV\20260305-054940_seed0_ho_DV_bl_layered_e1500_w300_4q_4l\checkpoints\2026-03-05_05-50-04-441757_ho_DV_seed\model_weights.pth
INFO:src.utils.logger:It: 599, Loss: 4.168e-02, Loss_res: 3.543e-02,  Loss_bcs: 5.175e-04, Loss_ut_ics: 2.850e-05, Loss_norm: 5.898e-06, Loss_gauge: 0.000e+00, w_pde: 1.00e+00, L^2_error: 8.632e-02, lr: 1.000e-03, Time: 2.21e+03
INFO:src.utils.logger:Model state saved to results\ho\DV\20260305-054940_seed0_ho_DV_bl_layered_e1500_w300_4q_4l\checkpoints\2026-03-05_05-50-04-441757_ho_DV_seed\model.pth
INFO:src.utils.logger:Model weights saved to results\ho\DV\20260305-054940_seed0_ho_DV_bl_layered_e1500_w300_4q_4l\checkpoints\2026-03-05_05-50-04-441757_ho_DV_seed\model_weights.pth
INFO:src.utils.logger:It: 600, Loss: 4.007e-02, Loss_res: 3.383e-02,  Loss_bcs: 5.191e-04, Loss_ut_ics: 2.845e-05, Loss_norm: 5.838e-06, Loss_gauge: 0.000e+00, w_pde: 1.00e+00, L^2_error: 8.626e-02, lr: 1.000e-03, Time: 2.22e+03
INFO:src.utils.logger:Model state saved to results\ho\DV\20260305-054940_seed0_ho_DV_bl_layered_e1500_w300_4q_4l\checkpoints\2026-03-05_05-50-04-441757_ho_DV_seed\model.pth
INFO:src.utils.logger:Model weights saved to results\ho\DV\20260305-054940_seed0_ho_DV_bl_layered_e1500_w300_4q_4l\checkpoints\2026-03-05_05-50-04-441757_ho_DV_seed\model_weights.pth
INFO:src.utils.logger:It: 601, Loss: 4.080e-02, Loss_res: 3.457e-02,  Loss_bcs: 5.178e-04, Loss_ut_ics: 2.842e-05, Loss_norm: 5.813e-06, Loss_gauge: 0.000e+00, w_pde: 1.00e+00, L^2_error: 8.620e-02, lr: 1.000e-03, Time: 2.22e+03
INFO:src.utils.logger:Model state saved to results\ho\DV\20260305-054940_seed0_ho_DV_bl_layered_e1500_w300_4q_4l\checkpoints\2026-03-05_05-50-04-441757_ho_DV_seed\model.pth
INFO:src.utils.logger:Model weights saved to results\ho\DV\20260305-054940_seed0_ho_DV_bl_layered_e1500_w300_4q_4l\checkpoints\2026-03-05_05-50-04-441757_ho_DV_seed\model_weights.pth
INFO:src.utils.logger:It: 602, Loss: 4.050e-02, Loss_res: 3.428e-02,  Loss_bcs: 5.175e-04, Loss_ut_ics: 2.838e-05, Loss_norm: 5.844e-06, Loss_gauge: 0.000e+00, w_pde: 1.00e+00, L^2_error: 8.614e-02, lr: 1.000e-03, Time: 2.22e+03
INFO:src.utils.logger:Model state saved to results\ho\DV\20260305-054940_seed0_ho_DV_bl_layered_e1500_w300_4q_4l\checkpoints\2026-03-05_05-50-04-441757_ho_DV_seed\model.pth
INFO:src.utils.logger:Model weights saved to results\ho\DV\20260305-054940_seed0_ho_DV_bl_layered_e1500_w300_4q_4l\checkpoints\2026-03-05_05-50-04-441757_ho_DV_seed\model_weights.pth
INFO:src.utils.logger:It: 603, Loss: 4.319e-02, Loss_res: 3.698e-02,  Loss_bcs: 5.137e-04, Loss_ut_ics: 2.835e-05, Loss_norm: 6.002e-06, Loss_gauge: 0.000e+00, w_pde: 1.00e+00, L^2_error: 8.607e-02, lr: 1.000e-03, Time: 2.23e+03
INFO:src.utils.logger:Model state saved to results\ho\DV\20260305-054940_seed0_ho_DV_bl_layered_e1500_w300_4q_4l\checkpoints\2026-03-05_05-50-04-441757_ho_DV_seed\model.pth
INFO:src.utils.logger:Model weights saved to results\ho\DV\20260305-054940_seed0_ho_DV_bl_layered_e1500_w300_4q_4l\checkpoints\2026-03-05_05-50-04-441757_ho_DV_seed\model_weights.pth
INFO:src.utils.logger:It: 604, Loss: 4.033e-02, Loss_res: 3.413e-02,  Loss_bcs: 5.150e-04, Loss_ut_ics: 2.830e-05, Loss_norm: 6.308e-06, Loss_gauge: 0.000e+00, w_pde: 1.00e+00, L^2_error: 8.600e-02, lr: 1.000e-03, Time: 2.23e+03
INFO:src.utils.logger:Model state saved to results\ho\DV\20260305-054940_seed0_ho_DV_bl_layered_e1500_w300_4q_4l\checkpoints\2026-03-05_05-50-04-441757_ho_DV_seed\model.pth
INFO:src.utils.logger:Model weights saved to results\ho\DV\20260305-054940_seed0_ho_DV_bl_layered_e1500_w300_4q_4l\checkpoints\2026-03-05_05-50-04-441757_ho_DV_seed\model_weights.pth
INFO:src.utils.logger:It: 605, Loss: 3.966e-02, Loss_res: 3.346e-02,  Loss_bcs: 5.146e-04, Loss_ut_ics: 2.827e-05, Loss_norm: 6.440e-06, Loss_gauge: 0.000e+00, w_pde: 1.00e+00, L^2_error: 8.594e-02, lr: 1.000e-03, Time: 2.24e+03
INFO:src.utils.logger:Model state saved to results\ho\DV\20260305-054940_seed0_ho_DV_bl_layered_e1500_w300_4q_4l\checkpoints\2026-03-05_05-50-04-441757_ho_DV_seed\model.pth
INFO:src.utils.logger:Model weights saved to results\ho\DV\20260305-054940_seed0_ho_DV_bl_layered_e1500_w300_4q_4l\checkpoints\2026-03-05_05-50-04-441757_ho_DV_seed\model_weights.pth
INFO:src.utils.logger:It: 606, Loss: 4.086e-02, Loss_res: 3.467e-02,  Loss_bcs: 5.147e-04, Loss_ut_ics: 2.824e-05, Loss_norm: 6.450e-06, Loss_gauge: 0.000e+00, w_pde: 1.00e+00, L^2_error: 8.587e-02, lr: 1.000e-03, Time: 2.24e+03
INFO:src.utils.logger:Model state saved to results\ho\DV\20260305-054940_seed0_ho_DV_bl_layered_e1500_w300_4q_4l\checkpoints\2026-03-05_05-50-04-441757_ho_DV_seed\model.pth
INFO:src.utils.logger:Model weights saved to results\ho\DV\20260305-054940_seed0_ho_DV_bl_layered_e1500_w300_4q_4l\checkpoints\2026-03-05_05-50-04-441757_ho_DV_seed\model_weights.pth
INFO:src.utils.logger:It: 607, Loss: 3.788e-02, Loss_res: 3.169e-02,  Loss_bcs: 5.149e-04, Loss_ut_ics: 2.822e-05, Loss_norm: 6.243e-06, Loss_gauge: 0.000e+00, w_pde: 1.00e+00, L^2_error: 8.581e-02, lr: 1.000e-03, Time: 2.24e+03
INFO:src.utils.logger:Model state saved to results\ho\DV\20260305-054940_seed0_ho_DV_bl_layered_e1500_w300_4q_4l\checkpoints\2026-03-05_05-50-04-441757_ho_DV_seed\model.pth
INFO:src.utils.logger:Model weights saved to results\ho\DV\20260305-054940_seed0_ho_DV_bl_layered_e1500_w300_4q_4l\checkpoints\2026-03-05_05-50-04-441757_ho_DV_seed\model_weights.pth
INFO:src.utils.logger:It: 608, Loss: 4.040e-02, Loss_res: 3.422e-02,  Loss_bcs: 5.160e-04, Loss_ut_ics: 2.820e-05, Loss_norm: 6.006e-06, Loss_gauge: 0.000e+00, w_pde: 1.00e+00, L^2_error: 8.575e-02, lr: 1.000e-03, Time: 2.25e+03
INFO:src.utils.logger:Model state saved to results\ho\DV\20260305-054940_seed0_ho_DV_bl_layered_e1500_w300_4q_4l\checkpoints\2026-03-05_05-50-04-441757_ho_DV_seed\model.pth
INFO:src.utils.logger:Model weights saved to results\ho\DV\20260305-054940_seed0_ho_DV_bl_layered_e1500_w300_4q_4l\checkpoints\2026-03-05_05-50-04-441757_ho_DV_seed\model_weights.pth
INFO:src.utils.logger:It: 609, Loss: 4.005e-02, Loss_res: 3.387e-02,  Loss_bcs: 5.116e-04, Loss_ut_ics: 2.818e-05, Loss_norm: 5.920e-06, Loss_gauge: 0.000e+00, w_pde: 1.00e+00, L^2_error: 8.568e-02, lr: 1.000e-03, Time: 2.25e+03
INFO:src.utils.logger:Model state saved to results\ho\DV\20260305-054940_seed0_ho_DV_bl_layered_e1500_w300_4q_4l\checkpoints\2026-03-05_05-50-04-441757_ho_DV_seed\model.pth
INFO:src.utils.logger:Model weights saved to results\ho\DV\20260305-054940_seed0_ho_DV_bl_layered_e1500_w300_4q_4l\checkpoints\2026-03-05_05-50-04-441757_ho_DV_seed\model_weights.pth
INFO:src.utils.logger:It: 610, Loss: 4.234e-02, Loss_res: 3.617e-02,  Loss_bcs: 5.140e-04, Loss_ut_ics: 2.814e-05, Loss_norm: 6.010e-06, Loss_gauge: 0.000e+00, w_pde: 1.00e+00, L^2_error: 8.560e-02, lr: 1.000e-03, Time: 2.25e+03
INFO:src.utils.logger:Model state saved to results\ho\DV\20260305-054940_seed0_ho_DV_bl_layered_e1500_w300_4q_4l\checkpoints\2026-03-05_05-50-04-441757_ho_DV_seed\model.pth
INFO:src.utils.logger:Model weights saved to results\ho\DV\20260305-054940_seed0_ho_DV_bl_layered_e1500_w300_4q_4l\checkpoints\2026-03-05_05-50-04-441757_ho_DV_seed\model_weights.pth
INFO:src.utils.logger:It: 611, Loss: 3.795e-02, Loss_res: 3.179e-02,  Loss_bcs: 5.115e-04, Loss_ut_ics: 2.810e-05, Loss_norm: 6.158e-06, Loss_gauge: 0.000e+00, w_pde: 1.00e+00, L^2_error: 8.553e-02, lr: 1.000e-03, Time: 2.26e+03
INFO:src.utils.logger:Model state saved to results\ho\DV\20260305-054940_seed0_ho_DV_bl_layered_e1500_w300_4q_4l\checkpoints\2026-03-05_05-50-04-441757_ho_DV_seed\model.pth
INFO:src.utils.logger:Model weights saved to results\ho\DV\20260305-054940_seed0_ho_DV_bl_layered_e1500_w300_4q_4l\checkpoints\2026-03-05_05-50-04-441757_ho_DV_seed\model_weights.pth
INFO:src.utils.logger:It: 612, Loss: 3.867e-02, Loss_res: 3.252e-02,  Loss_bcs: 5.077e-04, Loss_ut_ics: 2.806e-05, Loss_norm: 6.320e-06, Loss_gauge: 0.000e+00, w_pde: 1.00e+00, L^2_error: 8.546e-02, lr: 1.000e-03, Time: 2.26e+03
INFO:src.utils.logger:Model state saved to results\ho\DV\20260305-054940_seed0_ho_DV_bl_layered_e1500_w300_4q_4l\checkpoints\2026-03-05_05-50-04-441757_ho_DV_seed\model.pth
INFO:src.utils.logger:Model weights saved to results\ho\DV\20260305-054940_seed0_ho_DV_bl_layered_e1500_w300_4q_4l\checkpoints\2026-03-05_05-50-04-441757_ho_DV_seed\model_weights.pth
INFO:src.utils.logger:It: 613, Loss: 3.927e-02, Loss_res: 3.312e-02,  Loss_bcs: 5.097e-04, Loss_ut_ics: 2.802e-05, Loss_norm: 6.503e-06, Loss_gauge: 0.000e+00, w_pde: 1.00e+00, L^2_error: 8.538e-02, lr: 1.000e-03, Time: 2.27e+03
INFO:src.utils.logger:Model state saved to results\ho\DV\20260305-054940_seed0_ho_DV_bl_layered_e1500_w300_4q_4l\checkpoints\2026-03-05_05-50-04-441757_ho_DV_seed\model.pth
INFO:src.utils.logger:Model weights saved to results\ho\DV\20260305-054940_seed0_ho_DV_bl_layered_e1500_w300_4q_4l\checkpoints\2026-03-05_05-50-04-441757_ho_DV_seed\model_weights.pth
INFO:src.utils.logger:It: 614, Loss: 4.206e-02, Loss_res: 3.592e-02,  Loss_bcs: 5.096e-04, Loss_ut_ics: 2.799e-05, Loss_norm: 6.424e-06, Loss_gauge: 0.000e+00, w_pde: 1.00e+00, L^2_error: 8.530e-02, lr: 1.000e-03, Time: 2.27e+03
INFO:src.utils.logger:Model state saved to results\ho\DV\20260305-054940_seed0_ho_DV_bl_layered_e1500_w300_4q_4l\checkpoints\2026-03-05_05-50-04-441757_ho_DV_seed\model.pth
INFO:src.utils.logger:Model weights saved to results\ho\DV\20260305-054940_seed0_ho_DV_bl_layered_e1500_w300_4q_4l\checkpoints\2026-03-05_05-50-04-441757_ho_DV_seed\model_weights.pth
INFO:src.utils.logger:It: 615, Loss: 3.945e-02, Loss_res: 3.332e-02,  Loss_bcs: 5.107e-04, Loss_ut_ics: 2.795e-05, Loss_norm: 6.411e-06, Loss_gauge: 0.000e+00, w_pde: 1.00e+00, L^2_error: 8.522e-02, lr: 1.000e-03, Time: 2.27e+03
INFO:src.utils.logger:Model state saved to results\ho\DV\20260305-054940_seed0_ho_DV_bl_layered_e1500_w300_4q_4l\checkpoints\2026-03-05_05-50-04-441757_ho_DV_seed\model.pth
INFO:src.utils.logger:Model weights saved to results\ho\DV\20260305-054940_seed0_ho_DV_bl_layered_e1500_w300_4q_4l\checkpoints\2026-03-05_05-50-04-441757_ho_DV_seed\model_weights.pth
INFO:src.utils.logger:It: 616, Loss: 3.947e-02, Loss_res: 3.335e-02,  Loss_bcs: 5.087e-04, Loss_ut_ics: 2.791e-05, Loss_norm: 6.348e-06, Loss_gauge: 0.000e+00, w_pde: 1.00e+00, L^2_error: 8.515e-02, lr: 1.000e-03, Time: 2.28e+03
INFO:src.utils.logger:Model state saved to results\ho\DV\20260305-054940_seed0_ho_DV_bl_layered_e1500_w300_4q_4l\checkpoints\2026-03-05_05-50-04-441757_ho_DV_seed\model.pth
INFO:src.utils.logger:Model weights saved to results\ho\DV\20260305-054940_seed0_ho_DV_bl_layered_e1500_w300_4q_4l\checkpoints\2026-03-05_05-50-04-441757_ho_DV_seed\model_weights.pth
INFO:src.utils.logger:It: 617, Loss: 3.976e-02, Loss_res: 3.365e-02,  Loss_bcs: 5.065e-04, Loss_ut_ics: 2.788e-05, Loss_norm: 6.236e-06, Loss_gauge: 0.000e+00, w_pde: 1.00e+00, L^2_error: 8.507e-02, lr: 1.000e-03, Time: 2.28e+03
INFO:src.utils.logger:Model state saved to results\ho\DV\20260305-054940_seed0_ho_DV_bl_layered_e1500_w300_4q_4l\checkpoints\2026-03-05_05-50-04-441757_ho_DV_seed\model.pth
INFO:src.utils.logger:Model weights saved to results\ho\DV\20260305-054940_seed0_ho_DV_bl_layered_e1500_w300_4q_4l\checkpoints\2026-03-05_05-50-04-441757_ho_DV_seed\model_weights.pth
INFO:src.utils.logger:It: 618, Loss: 3.878e-02, Loss_res: 3.267e-02,  Loss_bcs: 5.072e-04, Loss_ut_ics: 2.785e-05, Loss_norm: 6.055e-06, Loss_gauge: 0.000e+00, w_pde: 1.00e+00, L^2_error: 8.500e-02, lr: 1.000e-03, Time: 2.28e+03
INFO:src.utils.logger:Model state saved to results\ho\DV\20260305-054940_seed0_ho_DV_bl_layered_e1500_w300_4q_4l\checkpoints\2026-03-05_05-50-04-441757_ho_DV_seed\model.pth
INFO:src.utils.logger:Model weights saved to results\ho\DV\20260305-054940_seed0_ho_DV_bl_layered_e1500_w300_4q_4l\checkpoints\2026-03-05_05-50-04-441757_ho_DV_seed\model_weights.pth
INFO:src.utils.logger:It: 619, Loss: 4.014e-02, Loss_res: 3.404e-02,  Loss_bcs: 5.065e-04, Loss_ut_ics: 2.783e-05, Loss_norm: 5.891e-06, Loss_gauge: 0.000e+00, w_pde: 1.00e+00, L^2_error: 8.493e-02, lr: 1.000e-03, Time: 2.29e+03
INFO:src.utils.logger:Model state saved to results\ho\DV\20260305-054940_seed0_ho_DV_bl_layered_e1500_w300_4q_4l\checkpoints\2026-03-05_05-50-04-441757_ho_DV_seed\model.pth
INFO:src.utils.logger:Model weights saved to results\ho\DV\20260305-054940_seed0_ho_DV_bl_layered_e1500_w300_4q_4l\checkpoints\2026-03-05_05-50-04-441757_ho_DV_seed\model_weights.pth
INFO:src.utils.logger:It: 620, Loss: 3.994e-02, Loss_res: 3.385e-02,  Loss_bcs: 5.063e-04, Loss_ut_ics: 2.781e-05, Loss_norm: 5.625e-06, Loss_gauge: 0.000e+00, w_pde: 1.00e+00, L^2_error: 8.486e-02, lr: 1.000e-03, Time: 2.29e+03
INFO:src.utils.logger:Model state saved to results\ho\DV\20260305-054940_seed0_ho_DV_bl_layered_e1500_w300_4q_4l\checkpoints\2026-03-05_05-50-04-441757_ho_DV_seed\model.pth
INFO:src.utils.logger:Model weights saved to results\ho\DV\20260305-054940_seed0_ho_DV_bl_layered_e1500_w300_4q_4l\checkpoints\2026-03-05_05-50-04-441757_ho_DV_seed\model_weights.pth
INFO:src.utils.logger:It: 621, Loss: 3.918e-02, Loss_res: 3.309e-02,  Loss_bcs: 5.067e-04, Loss_ut_ics: 2.778e-05, Loss_norm: 5.555e-06, Loss_gauge: 0.000e+00, w_pde: 1.00e+00, L^2_error: 8.478e-02, lr: 1.000e-03, Time: 2.30e+03
INFO:src.utils.logger:Model state saved to results\ho\DV\20260305-054940_seed0_ho_DV_bl_layered_e1500_w300_4q_4l\checkpoints\2026-03-05_05-50-04-441757_ho_DV_seed\model.pth
INFO:src.utils.logger:Model weights saved to results\ho\DV\20260305-054940_seed0_ho_DV_bl_layered_e1500_w300_4q_4l\checkpoints\2026-03-05_05-50-04-441757_ho_DV_seed\model_weights.pth
INFO:src.utils.logger:It: 622, Loss: 3.668e-02, Loss_res: 3.060e-02,  Loss_bcs: 5.034e-04, Loss_ut_ics: 2.774e-05, Loss_norm: 5.673e-06, Loss_gauge: 0.000e+00, w_pde: 1.00e+00, L^2_error: 8.471e-02, lr: 1.000e-03, Time: 2.30e+03
INFO:src.utils.logger:Model state saved to results\ho\DV\20260305-054940_seed0_ho_DV_bl_layered_e1500_w300_4q_4l\checkpoints\2026-03-05_05-50-04-441757_ho_DV_seed\model.pth
INFO:src.utils.logger:Model weights saved to results\ho\DV\20260305-054940_seed0_ho_DV_bl_layered_e1500_w300_4q_4l\checkpoints\2026-03-05_05-50-04-441757_ho_DV_seed\model_weights.pth
INFO:src.utils.logger:It: 623, Loss: 3.957e-02, Loss_res: 3.350e-02,  Loss_bcs: 5.059e-04, Loss_ut_ics: 2.769e-05, Loss_norm: 5.934e-06, Loss_gauge: 0.000e+00, w_pde: 1.00e+00, L^2_error: 8.464e-02, lr: 1.000e-03, Time: 2.30e+03
INFO:src.utils.logger:Model state saved to results\ho\DV\20260305-054940_seed0_ho_DV_bl_layered_e1500_w300_4q_4l\checkpoints\2026-03-05_05-50-04-441757_ho_DV_seed\model.pth
INFO:src.utils.logger:Model weights saved to results\ho\DV\20260305-054940_seed0_ho_DV_bl_layered_e1500_w300_4q_4l\checkpoints\2026-03-05_05-50-04-441757_ho_DV_seed\model_weights.pth
INFO:src.utils.logger:It: 624, Loss: 4.206e-02, Loss_res: 3.600e-02,  Loss_bcs: 5.028e-04, Loss_ut_ics: 2.765e-05, Loss_norm: 6.203e-06, Loss_gauge: 0.000e+00, w_pde: 1.00e+00, L^2_error: 8.457e-02, lr: 1.000e-03, Time: 2.31e+03
INFO:src.utils.logger:Model state saved to results\ho\DV\20260305-054940_seed0_ho_DV_bl_layered_e1500_w300_4q_4l\checkpoints\2026-03-05_05-50-04-441757_ho_DV_seed\model.pth
INFO:src.utils.logger:Model weights saved to results\ho\DV\20260305-054940_seed0_ho_DV_bl_layered_e1500_w300_4q_4l\checkpoints\2026-03-05_05-50-04-441757_ho_DV_seed\model_weights.pth
INFO:src.utils.logger:It: 625, Loss: 3.717e-02, Loss_res: 3.112e-02,  Loss_bcs: 5.034e-04, Loss_ut_ics: 2.760e-05, Loss_norm: 6.478e-06, Loss_gauge: 0.000e+00, w_pde: 1.00e+00, L^2_error: 8.449e-02, lr: 1.000e-03, Time: 2.31e+03
INFO:src.utils.logger:Model state saved to results\ho\DV\20260305-054940_seed0_ho_DV_bl_layered_e1500_w300_4q_4l\checkpoints\2026-03-05_05-50-04-441757_ho_DV_seed\model.pth
INFO:src.utils.logger:Model weights saved to results\ho\DV\20260305-054940_seed0_ho_DV_bl_layered_e1500_w300_4q_4l\checkpoints\2026-03-05_05-50-04-441757_ho_DV_seed\model_weights.pth
INFO:src.utils.logger:It: 626, Loss: 3.914e-02, Loss_res: 3.310e-02,  Loss_bcs: 5.011e-04, Loss_ut_ics: 2.755e-05, Loss_norm: 6.695e-06, Loss_gauge: 0.000e+00, w_pde: 1.00e+00, L^2_error: 8.442e-02, lr: 1.000e-03, Time: 2.31e+03
INFO:src.utils.logger:Model state saved to results\ho\DV\20260305-054940_seed0_ho_DV_bl_layered_e1500_w300_4q_4l\checkpoints\2026-03-05_05-50-04-441757_ho_DV_seed\model.pth
INFO:src.utils.logger:Model weights saved to results\ho\DV\20260305-054940_seed0_ho_DV_bl_layered_e1500_w300_4q_4l\checkpoints\2026-03-05_05-50-04-441757_ho_DV_seed\model_weights.pth
INFO:src.utils.logger:It: 627, Loss: 3.671e-02, Loss_res: 3.068e-02,  Loss_bcs: 5.012e-04, Loss_ut_ics: 2.750e-05, Loss_norm: 6.796e-06, Loss_gauge: 0.000e+00, w_pde: 1.00e+00, L^2_error: 8.436e-02, lr: 1.000e-03, Time: 2.32e+03
INFO:src.utils.logger:Model state saved to results\ho\DV\20260305-054940_seed0_ho_DV_bl_layered_e1500_w300_4q_4l\checkpoints\2026-03-05_05-50-04-441757_ho_DV_seed\model.pth
INFO:src.utils.logger:Model weights saved to results\ho\DV\20260305-054940_seed0_ho_DV_bl_layered_e1500_w300_4q_4l\checkpoints\2026-03-05_05-50-04-441757_ho_DV_seed\model_weights.pth
INFO:src.utils.logger:It: 628, Loss: 4.142e-02, Loss_res: 3.539e-02,  Loss_bcs: 5.020e-04, Loss_ut_ics: 2.748e-05, Loss_norm: 6.726e-06, Loss_gauge: 0.000e+00, w_pde: 1.00e+00, L^2_error: 8.429e-02, lr: 1.000e-03, Time: 2.32e+03
INFO:src.utils.logger:Model state saved to results\ho\DV\20260305-054940_seed0_ho_DV_bl_layered_e1500_w300_4q_4l\checkpoints\2026-03-05_05-50-04-441757_ho_DV_seed\model.pth
INFO:src.utils.logger:Model weights saved to results\ho\DV\20260305-054940_seed0_ho_DV_bl_layered_e1500_w300_4q_4l\checkpoints\2026-03-05_05-50-04-441757_ho_DV_seed\model_weights.pth
INFO:src.utils.logger:It: 629, Loss: 3.916e-02, Loss_res: 3.314e-02,  Loss_bcs: 5.016e-04, Loss_ut_ics: 2.746e-05, Loss_norm: 6.501e-06, Loss_gauge: 0.000e+00, w_pde: 1.00e+00, L^2_error: 8.422e-02, lr: 1.000e-03, Time: 2.33e+03
INFO:src.utils.logger:Model state saved to results\ho\DV\20260305-054940_seed0_ho_DV_bl_layered_e1500_w300_4q_4l\checkpoints\2026-03-05_05-50-04-441757_ho_DV_seed\model.pth
INFO:src.utils.logger:Model weights saved to results\ho\DV\20260305-054940_seed0_ho_DV_bl_layered_e1500_w300_4q_4l\checkpoints\2026-03-05_05-50-04-441757_ho_DV_seed\model_weights.pth
INFO:src.utils.logger:It: 630, Loss: 4.022e-02, Loss_res: 3.420e-02,  Loss_bcs: 5.032e-04, Loss_ut_ics: 2.744e-05, Loss_norm: 6.257e-06, Loss_gauge: 0.000e+00, w_pde: 1.00e+00, L^2_error: 8.415e-02, lr: 1.000e-03, Time: 2.33e+03
INFO:src.utils.logger:Model state saved to results\ho\DV\20260305-054940_seed0_ho_DV_bl_layered_e1500_w300_4q_4l\checkpoints\2026-03-05_05-50-04-441757_ho_DV_seed\model.pth
INFO:src.utils.logger:Model weights saved to results\ho\DV\20260305-054940_seed0_ho_DV_bl_layered_e1500_w300_4q_4l\checkpoints\2026-03-05_05-50-04-441757_ho_DV_seed\model_weights.pth
INFO:src.utils.logger:It: 631, Loss: 3.922e-02, Loss_res: 3.320e-02,  Loss_bcs: 5.026e-04, Loss_ut_ics: 2.742e-05, Loss_norm: 6.038e-06, Loss_gauge: 0.000e+00, w_pde: 1.00e+00, L^2_error: 8.407e-02, lr: 1.000e-03, Time: 2.33e+03
INFO:src.utils.logger:Model state saved to results\ho\DV\20260305-054940_seed0_ho_DV_bl_layered_e1500_w300_4q_4l\checkpoints\2026-03-05_05-50-04-441757_ho_DV_seed\model.pth
INFO:src.utils.logger:Model weights saved to results\ho\DV\20260305-054940_seed0_ho_DV_bl_layered_e1500_w300_4q_4l\checkpoints\2026-03-05_05-50-04-441757_ho_DV_seed\model_weights.pth
INFO:src.utils.logger:It: 632, Loss: 3.927e-02, Loss_res: 3.326e-02,  Loss_bcs: 5.009e-04, Loss_ut_ics: 2.740e-05, Loss_norm: 5.963e-06, Loss_gauge: 0.000e+00, w_pde: 1.00e+00, L^2_error: 8.398e-02, lr: 1.000e-03, Time: 2.34e+03
INFO:src.utils.logger:Model state saved to results\ho\DV\20260305-054940_seed0_ho_DV_bl_layered_e1500_w300_4q_4l\checkpoints\2026-03-05_05-50-04-441757_ho_DV_seed\model.pth
INFO:src.utils.logger:Model weights saved to results\ho\DV\20260305-054940_seed0_ho_DV_bl_layered_e1500_w300_4q_4l\checkpoints\2026-03-05_05-50-04-441757_ho_DV_seed\model_weights.pth
INFO:src.utils.logger:It: 633, Loss: 4.114e-02, Loss_res: 3.514e-02,  Loss_bcs: 5.026e-04, Loss_ut_ics: 2.735e-05, Loss_norm: 6.231e-06, Loss_gauge: 0.000e+00, w_pde: 1.00e+00, L^2_error: 8.388e-02, lr: 1.000e-03, Time: 2.34e+03
INFO:src.utils.logger:Model state saved to results\ho\DV\20260305-054940_seed0_ho_DV_bl_layered_e1500_w300_4q_4l\checkpoints\2026-03-05_05-50-04-441757_ho_DV_seed\model.pth
INFO:src.utils.logger:Model weights saved to results\ho\DV\20260305-054940_seed0_ho_DV_bl_layered_e1500_w300_4q_4l\checkpoints\2026-03-05_05-50-04-441757_ho_DV_seed\model_weights.pth
INFO:src.utils.logger:It: 634, Loss: 3.896e-02, Loss_res: 3.297e-02,  Loss_bcs: 4.969e-04, Loss_ut_ics: 2.728e-05, Loss_norm: 6.673e-06, Loss_gauge: 0.000e+00, w_pde: 1.00e+00, L^2_error: 8.378e-02, lr: 1.000e-03, Time: 2.34e+03
INFO:src.utils.logger:Model state saved to results\ho\DV\20260305-054940_seed0_ho_DV_bl_layered_e1500_w300_4q_4l\checkpoints\2026-03-05_05-50-04-441757_ho_DV_seed\model.pth
INFO:src.utils.logger:Model weights saved to results\ho\DV\20260305-054940_seed0_ho_DV_bl_layered_e1500_w300_4q_4l\checkpoints\2026-03-05_05-50-04-441757_ho_DV_seed\model_weights.pth
INFO:src.utils.logger:It: 635, Loss: 3.791e-02, Loss_res: 3.194e-02,  Loss_bcs: 4.971e-04, Loss_ut_ics: 2.721e-05, Loss_norm: 7.162e-06, Loss_gauge: 0.000e+00, w_pde: 1.00e+00, L^2_error: 8.369e-02, lr: 1.000e-03, Time: 2.35e+03
INFO:src.utils.logger:Model state saved to results\ho\DV\20260305-054940_seed0_ho_DV_bl_layered_e1500_w300_4q_4l\checkpoints\2026-03-05_05-50-04-441757_ho_DV_seed\model.pth
INFO:src.utils.logger:Model weights saved to results\ho\DV\20260305-054940_seed0_ho_DV_bl_layered_e1500_w300_4q_4l\checkpoints\2026-03-05_05-50-04-441757_ho_DV_seed\model_weights.pth
INFO:src.utils.logger:It: 636, Loss: 3.750e-02, Loss_res: 3.154e-02,  Loss_bcs: 4.952e-04, Loss_ut_ics: 2.715e-05, Loss_norm: 7.494e-06, Loss_gauge: 0.000e+00, w_pde: 1.00e+00, L^2_error: 8.362e-02, lr: 1.000e-03, Time: 2.35e+03
INFO:src.utils.logger:Model state saved to results\ho\DV\20260305-054940_seed0_ho_DV_bl_layered_e1500_w300_4q_4l\checkpoints\2026-03-05_05-50-04-441757_ho_DV_seed\model.pth
INFO:src.utils.logger:Model weights saved to results\ho\DV\20260305-054940_seed0_ho_DV_bl_layered_e1500_w300_4q_4l\checkpoints\2026-03-05_05-50-04-441757_ho_DV_seed\model_weights.pth
INFO:src.utils.logger:It: 637, Loss: 4.119e-02, Loss_res: 3.523e-02,  Loss_bcs: 4.956e-04, Loss_ut_ics: 2.711e-05, Loss_norm: 7.406e-06, Loss_gauge: 0.000e+00, w_pde: 1.00e+00, L^2_error: 8.354e-02, lr: 1.000e-03, Time: 2.36e+03
INFO:src.utils.logger:Model state saved to results\ho\DV\20260305-054940_seed0_ho_DV_bl_layered_e1500_w300_4q_4l\checkpoints\2026-03-05_05-50-04-441757_ho_DV_seed\model.pth
INFO:src.utils.logger:Model weights saved to results\ho\DV\20260305-054940_seed0_ho_DV_bl_layered_e1500_w300_4q_4l\checkpoints\2026-03-05_05-50-04-441757_ho_DV_seed\model_weights.pth
INFO:src.utils.logger:It: 638, Loss: 3.913e-02, Loss_res: 3.318e-02,  Loss_bcs: 4.945e-04, Loss_ut_ics: 2.709e-05, Loss_norm: 7.065e-06, Loss_gauge: 0.000e+00, w_pde: 1.00e+00, L^2_error: 8.347e-02, lr: 1.000e-03, Time: 2.36e+03
INFO:src.utils.logger:Model state saved to results\ho\DV\20260305-054940_seed0_ho_DV_bl_layered_e1500_w300_4q_4l\checkpoints\2026-03-05_05-50-04-441757_ho_DV_seed\model.pth
INFO:src.utils.logger:Model weights saved to results\ho\DV\20260305-054940_seed0_ho_DV_bl_layered_e1500_w300_4q_4l\checkpoints\2026-03-05_05-50-04-441757_ho_DV_seed\model_weights.pth
INFO:src.utils.logger:It: 639, Loss: 4.047e-02, Loss_res: 3.452e-02,  Loss_bcs: 4.977e-04, Loss_ut_ics: 2.710e-05, Loss_norm: 6.515e-06, Loss_gauge: 0.000e+00, w_pde: 1.00e+00, L^2_error: 8.340e-02, lr: 1.000e-03, Time: 2.36e+03
INFO:src.utils.logger:Model state saved to results\ho\DV\20260305-054940_seed0_ho_DV_bl_layered_e1500_w300_4q_4l\checkpoints\2026-03-05_05-50-04-441757_ho_DV_seed\model.pth
INFO:src.utils.logger:Model weights saved to results\ho\DV\20260305-054940_seed0_ho_DV_bl_layered_e1500_w300_4q_4l\checkpoints\2026-03-05_05-50-04-441757_ho_DV_seed\model_weights.pth
INFO:src.utils.logger:It: 640, Loss: 3.918e-02, Loss_res: 3.324e-02,  Loss_bcs: 4.951e-04, Loss_ut_ics: 2.709e-05, Loss_norm: 6.208e-06, Loss_gauge: 0.000e+00, w_pde: 1.00e+00, L^2_error: 8.332e-02, lr: 1.000e-03, Time: 2.37e+03
INFO:src.utils.logger:Model state saved to results\ho\DV\20260305-054940_seed0_ho_DV_bl_layered_e1500_w300_4q_4l\checkpoints\2026-03-05_05-50-04-441757_ho_DV_seed\model.pth
INFO:src.utils.logger:Model weights saved to results\ho\DV\20260305-054940_seed0_ho_DV_bl_layered_e1500_w300_4q_4l\checkpoints\2026-03-05_05-50-04-441757_ho_DV_seed\model_weights.pth
INFO:src.utils.logger:It: 641, Loss: 3.861e-02, Loss_res: 3.266e-02,  Loss_bcs: 4.964e-04, Loss_ut_ics: 2.708e-05, Loss_norm: 5.951e-06, Loss_gauge: 0.000e+00, w_pde: 1.00e+00, L^2_error: 8.324e-02, lr: 1.000e-03, Time: 2.37e+03
INFO:src.utils.logger:Model state saved to results\ho\DV\20260305-054940_seed0_ho_DV_bl_layered_e1500_w300_4q_4l\checkpoints\2026-03-05_05-50-04-441757_ho_DV_seed\model.pth
INFO:src.utils.logger:Model weights saved to results\ho\DV\20260305-054940_seed0_ho_DV_bl_layered_e1500_w300_4q_4l\checkpoints\2026-03-05_05-50-04-441757_ho_DV_seed\model_weights.pth
INFO:src.utils.logger:It: 642, Loss: 3.961e-02, Loss_res: 3.367e-02,  Loss_bcs: 4.931e-04, Loss_ut_ics: 2.707e-05, Loss_norm: 5.822e-06, Loss_gauge: 0.000e+00, w_pde: 1.00e+00, L^2_error: 8.314e-02, lr: 1.000e-03, Time: 2.37e+03
INFO:src.utils.logger:Model state saved to results\ho\DV\20260305-054940_seed0_ho_DV_bl_layered_e1500_w300_4q_4l\checkpoints\2026-03-05_05-50-04-441757_ho_DV_seed\model.pth
INFO:src.utils.logger:Model weights saved to results\ho\DV\20260305-054940_seed0_ho_DV_bl_layered_e1500_w300_4q_4l\checkpoints\2026-03-05_05-50-04-441757_ho_DV_seed\model_weights.pth
INFO:src.utils.logger:It: 643, Loss: 3.658e-02, Loss_res: 3.065e-02,  Loss_bcs: 4.963e-04, Loss_ut_ics: 2.703e-05, Loss_norm: 5.906e-06, Loss_gauge: 0.000e+00, w_pde: 1.00e+00, L^2_error: 8.306e-02, lr: 1.000e-03, Time: 2.38e+03
INFO:src.utils.logger:Model state saved to results\ho\DV\20260305-054940_seed0_ho_DV_bl_layered_e1500_w300_4q_4l\checkpoints\2026-03-05_05-50-04-441757_ho_DV_seed\model.pth
INFO:src.utils.logger:Model weights saved to results\ho\DV\20260305-054940_seed0_ho_DV_bl_layered_e1500_w300_4q_4l\checkpoints\2026-03-05_05-50-04-441757_ho_DV_seed\model_weights.pth
INFO:src.utils.logger:It: 644, Loss: 3.662e-02, Loss_res: 3.070e-02,  Loss_bcs: 4.922e-04, Loss_ut_ics: 2.699e-05, Loss_norm: 6.128e-06, Loss_gauge: 0.000e+00, w_pde: 1.00e+00, L^2_error: 8.297e-02, lr: 1.000e-03, Time: 2.38e+03
INFO:src.utils.logger:Model state saved to results\ho\DV\20260305-054940_seed0_ho_DV_bl_layered_e1500_w300_4q_4l\checkpoints\2026-03-05_05-50-04-441757_ho_DV_seed\model.pth
INFO:src.utils.logger:Model weights saved to results\ho\DV\20260305-054940_seed0_ho_DV_bl_layered_e1500_w300_4q_4l\checkpoints\2026-03-05_05-50-04-441757_ho_DV_seed\model_weights.pth
INFO:src.utils.logger:It: 645, Loss: 3.761e-02, Loss_res: 3.170e-02,  Loss_bcs: 4.938e-04, Loss_ut_ics: 2.694e-05, Loss_norm: 6.414e-06, Loss_gauge: 0.000e+00, w_pde: 1.00e+00, L^2_error: 8.288e-02, lr: 1.000e-03, Time: 2.39e+03
INFO:src.utils.logger:Model state saved to results\ho\DV\20260305-054940_seed0_ho_DV_bl_layered_e1500_w300_4q_4l\checkpoints\2026-03-05_05-50-04-441757_ho_DV_seed\model.pth
INFO:src.utils.logger:Model weights saved to results\ho\DV\20260305-054940_seed0_ho_DV_bl_layered_e1500_w300_4q_4l\checkpoints\2026-03-05_05-50-04-441757_ho_DV_seed\model_weights.pth
INFO:src.utils.logger:It: 646, Loss: 3.692e-02, Loss_res: 3.102e-02,  Loss_bcs: 4.944e-04, Loss_ut_ics: 2.690e-05, Loss_norm: 6.632e-06, Loss_gauge: 0.000e+00, w_pde: 1.00e+00, L^2_error: 8.280e-02, lr: 1.000e-03, Time: 2.39e+03
INFO:src.utils.logger:Model state saved to results\ho\DV\20260305-054940_seed0_ho_DV_bl_layered_e1500_w300_4q_4l\checkpoints\2026-03-05_05-50-04-441757_ho_DV_seed\model.pth
INFO:src.utils.logger:Model weights saved to results\ho\DV\20260305-054940_seed0_ho_DV_bl_layered_e1500_w300_4q_4l\checkpoints\2026-03-05_05-50-04-441757_ho_DV_seed\model_weights.pth
INFO:src.utils.logger:It: 647, Loss: 3.876e-02, Loss_res: 3.287e-02,  Loss_bcs: 4.920e-04, Loss_ut_ics: 2.685e-05, Loss_norm: 6.714e-06, Loss_gauge: 0.000e+00, w_pde: 1.00e+00, L^2_error: 8.272e-02, lr: 1.000e-03, Time: 2.39e+03
INFO:src.utils.logger:Model state saved to results\ho\DV\20260305-054940_seed0_ho_DV_bl_layered_e1500_w300_4q_4l\checkpoints\2026-03-05_05-50-04-441757_ho_DV_seed\model.pth
INFO:src.utils.logger:Model weights saved to results\ho\DV\20260305-054940_seed0_ho_DV_bl_layered_e1500_w300_4q_4l\checkpoints\2026-03-05_05-50-04-441757_ho_DV_seed\model_weights.pth
INFO:src.utils.logger:It: 648, Loss: 3.784e-02, Loss_res: 3.195e-02,  Loss_bcs: 4.865e-04, Loss_ut_ics: 2.681e-05, Loss_norm: 6.624e-06, Loss_gauge: 0.000e+00, w_pde: 1.00e+00, L^2_error: 8.264e-02, lr: 1.000e-03, Time: 2.40e+03
INFO:src.utils.logger:Model state saved to results\ho\DV\20260305-054940_seed0_ho_DV_bl_layered_e1500_w300_4q_4l\checkpoints\2026-03-05_05-50-04-441757_ho_DV_seed\model.pth
INFO:src.utils.logger:Model weights saved to results\ho\DV\20260305-054940_seed0_ho_DV_bl_layered_e1500_w300_4q_4l\checkpoints\2026-03-05_05-50-04-441757_ho_DV_seed\model_weights.pth
INFO:src.utils.logger:It: 649, Loss: 3.889e-02, Loss_res: 3.301e-02,  Loss_bcs: 4.921e-04, Loss_ut_ics: 2.678e-05, Loss_norm: 6.520e-06, Loss_gauge: 0.000e+00, w_pde: 1.00e+00, L^2_error: 8.255e-02, lr: 1.000e-03, Time: 2.40e+03
INFO:src.utils.logger:Model state saved to results\ho\DV\20260305-054940_seed0_ho_DV_bl_layered_e1500_w300_4q_4l\checkpoints\2026-03-05_05-50-04-441757_ho_DV_seed\model.pth
INFO:src.utils.logger:Model weights saved to results\ho\DV\20260305-054940_seed0_ho_DV_bl_layered_e1500_w300_4q_4l\checkpoints\2026-03-05_05-50-04-441757_ho_DV_seed\model_weights.pth
INFO:src.utils.logger:It: 650, Loss: 3.639e-02, Loss_res: 3.052e-02,  Loss_bcs: 4.896e-04, Loss_ut_ics: 2.675e-05, Loss_norm: 6.538e-06, Loss_gauge: 0.000e+00, w_pde: 1.00e+00, L^2_error: 8.247e-02, lr: 1.000e-03, Time: 2.40e+03
INFO:src.utils.logger:Model state saved to results\ho\DV\20260305-054940_seed0_ho_DV_bl_layered_e1500_w300_4q_4l\checkpoints\2026-03-05_05-50-04-441757_ho_DV_seed\model.pth
INFO:src.utils.logger:Model weights saved to results\ho\DV\20260305-054940_seed0_ho_DV_bl_layered_e1500_w300_4q_4l\checkpoints\2026-03-05_05-50-04-441757_ho_DV_seed\model_weights.pth
INFO:src.utils.logger:It: 651, Loss: 3.895e-02, Loss_res: 3.309e-02,  Loss_bcs: 4.925e-04, Loss_ut_ics: 2.672e-05, Loss_norm: 6.588e-06, Loss_gauge: 0.000e+00, w_pde: 1.00e+00, L^2_error: 8.239e-02, lr: 1.000e-03, Time: 2.41e+03
INFO:src.utils.logger:Model state saved to results\ho\DV\20260305-054940_seed0_ho_DV_bl_layered_e1500_w300_4q_4l\checkpoints\2026-03-05_05-50-04-441757_ho_DV_seed\model.pth
INFO:src.utils.logger:Model weights saved to results\ho\DV\20260305-054940_seed0_ho_DV_bl_layered_e1500_w300_4q_4l\checkpoints\2026-03-05_05-50-04-441757_ho_DV_seed\model_weights.pth
INFO:src.utils.logger:It: 652, Loss: 4.048e-02, Loss_res: 3.461e-02,  Loss_bcs: 4.916e-04, Loss_ut_ics: 2.670e-05, Loss_norm: 6.642e-06, Loss_gauge: 0.000e+00, w_pde: 1.00e+00, L^2_error: 8.230e-02, lr: 1.000e-03, Time: 2.41e+03
INFO:src.utils.logger:Model state saved to results\ho\DV\20260305-054940_seed0_ho_DV_bl_layered_e1500_w300_4q_4l\checkpoints\2026-03-05_05-50-04-441757_ho_DV_seed\model.pth
INFO:src.utils.logger:Model weights saved to results\ho\DV\20260305-054940_seed0_ho_DV_bl_layered_e1500_w300_4q_4l\checkpoints\2026-03-05_05-50-04-441757_ho_DV_seed\model_weights.pth
INFO:src.utils.logger:It: 653, Loss: 3.866e-02, Loss_res: 3.280e-02,  Loss_bcs: 4.900e-04, Loss_ut_ics: 2.669e-05, Loss_norm: 6.693e-06, Loss_gauge: 0.000e+00, w_pde: 1.00e+00, L^2_error: 8.220e-02, lr: 1.000e-03, Time: 2.42e+03
INFO:src.utils.logger:Model state saved to results\ho\DV\20260305-054940_seed0_ho_DV_bl_layered_e1500_w300_4q_4l\checkpoints\2026-03-05_05-50-04-441757_ho_DV_seed\model.pth
INFO:src.utils.logger:Model weights saved to results\ho\DV\20260305-054940_seed0_ho_DV_bl_layered_e1500_w300_4q_4l\checkpoints\2026-03-05_05-50-04-441757_ho_DV_seed\model_weights.pth
INFO:src.utils.logger:It: 654, Loss: 3.744e-02, Loss_res: 3.158e-02,  Loss_bcs: 4.886e-04, Loss_ut_ics: 2.668e-05, Loss_norm: 6.787e-06, Loss_gauge: 0.000e+00, w_pde: 1.00e+00, L^2_error: 8.210e-02, lr: 1.000e-03, Time: 2.42e+03
INFO:src.utils.logger:Model state saved to results\ho\DV\20260305-054940_seed0_ho_DV_bl_layered_e1500_w300_4q_4l\checkpoints\2026-03-05_05-50-04-441757_ho_DV_seed\model.pth
INFO:src.utils.logger:Model weights saved to results\ho\DV\20260305-054940_seed0_ho_DV_bl_layered_e1500_w300_4q_4l\checkpoints\2026-03-05_05-50-04-441757_ho_DV_seed\model_weights.pth
INFO:src.utils.logger:It: 655, Loss: 3.710e-02, Loss_res: 3.124e-02,  Loss_bcs: 4.875e-04, Loss_ut_ics: 2.666e-05, Loss_norm: 6.906e-06, Loss_gauge: 0.000e+00, w_pde: 1.00e+00, L^2_error: 8.200e-02, lr: 1.000e-03, Time: 2.42e+03
INFO:src.utils.logger:Model state saved to results\ho\DV\20260305-054940_seed0_ho_DV_bl_layered_e1500_w300_4q_4l\checkpoints\2026-03-05_05-50-04-441757_ho_DV_seed\model.pth
INFO:src.utils.logger:Model weights saved to results\ho\DV\20260305-054940_seed0_ho_DV_bl_layered_e1500_w300_4q_4l\checkpoints\2026-03-05_05-50-04-441757_ho_DV_seed\model_weights.pth
INFO:src.utils.logger:It: 656, Loss: 3.543e-02, Loss_res: 2.958e-02,  Loss_bcs: 4.882e-04, Loss_ut_ics: 2.662e-05, Loss_norm: 6.976e-06, Loss_gauge: 0.000e+00, w_pde: 1.00e+00, L^2_error: 8.190e-02, lr: 1.000e-03, Time: 2.43e+03
INFO:src.utils.logger:Model state saved to results\ho\DV\20260305-054940_seed0_ho_DV_bl_layered_e1500_w300_4q_4l\checkpoints\2026-03-05_05-50-04-441757_ho_DV_seed\model.pth
INFO:src.utils.logger:Model weights saved to results\ho\DV\20260305-054940_seed0_ho_DV_bl_layered_e1500_w300_4q_4l\checkpoints\2026-03-05_05-50-04-441757_ho_DV_seed\model_weights.pth
INFO:src.utils.logger:It: 657, Loss: 3.653e-02, Loss_res: 3.070e-02,  Loss_bcs: 4.853e-04, Loss_ut_ics: 2.656e-05, Loss_norm: 7.031e-06, Loss_gauge: 0.000e+00, w_pde: 1.00e+00, L^2_error: 8.181e-02, lr: 1.000e-03, Time: 2.43e+03
INFO:src.utils.logger:Model state saved to results\ho\DV\20260305-054940_seed0_ho_DV_bl_layered_e1500_w300_4q_4l\checkpoints\2026-03-05_05-50-04-441757_ho_DV_seed\model.pth
INFO:src.utils.logger:Model weights saved to results\ho\DV\20260305-054940_seed0_ho_DV_bl_layered_e1500_w300_4q_4l\checkpoints\2026-03-05_05-50-04-441757_ho_DV_seed\model_weights.pth
INFO:src.utils.logger:It: 658, Loss: 3.833e-02, Loss_res: 3.251e-02,  Loss_bcs: 4.837e-04, Loss_ut_ics: 2.652e-05, Loss_norm: 6.863e-06, Loss_gauge: 0.000e+00, w_pde: 1.00e+00, L^2_error: 8.172e-02, lr: 1.000e-03, Time: 2.43e+03
INFO:src.utils.logger:Model state saved to results\ho\DV\20260305-054940_seed0_ho_DV_bl_layered_e1500_w300_4q_4l\checkpoints\2026-03-05_05-50-04-441757_ho_DV_seed\model.pth
INFO:src.utils.logger:Model weights saved to results\ho\DV\20260305-054940_seed0_ho_DV_bl_layered_e1500_w300_4q_4l\checkpoints\2026-03-05_05-50-04-441757_ho_DV_seed\model_weights.pth
INFO:src.utils.logger:It: 659, Loss: 3.883e-02, Loss_res: 3.301e-02,  Loss_bcs: 4.863e-04, Loss_ut_ics: 2.648e-05, Loss_norm: 6.618e-06, Loss_gauge: 0.000e+00, w_pde: 1.00e+00, L^2_error: 8.162e-02, lr: 1.000e-03, Time: 2.44e+03
INFO:src.utils.logger:Model state saved to results\ho\DV\20260305-054940_seed0_ho_DV_bl_layered_e1500_w300_4q_4l\checkpoints\2026-03-05_05-50-04-441757_ho_DV_seed\model.pth
INFO:src.utils.logger:Model weights saved to results\ho\DV\20260305-054940_seed0_ho_DV_bl_layered_e1500_w300_4q_4l\checkpoints\2026-03-05_05-50-04-441757_ho_DV_seed\model_weights.pth
INFO:src.utils.logger:It: 660, Loss: 3.724e-02, Loss_res: 3.144e-02,  Loss_bcs: 4.831e-04, Loss_ut_ics: 2.642e-05, Loss_norm: 6.547e-06, Loss_gauge: 0.000e+00, w_pde: 1.00e+00, L^2_error: 8.154e-02, lr: 1.000e-03, Time: 2.44e+03
INFO:src.utils.logger:Model state saved to results\ho\DV\20260305-054940_seed0_ho_DV_bl_layered_e1500_w300_4q_4l\checkpoints\2026-03-05_05-50-04-441757_ho_DV_seed\model.pth
INFO:src.utils.logger:Model weights saved to results\ho\DV\20260305-054940_seed0_ho_DV_bl_layered_e1500_w300_4q_4l\checkpoints\2026-03-05_05-50-04-441757_ho_DV_seed\model_weights.pth
INFO:src.utils.logger:It: 661, Loss: 3.430e-02, Loss_res: 2.851e-02,  Loss_bcs: 4.832e-04, Loss_ut_ics: 2.636e-05, Loss_norm: 6.582e-06, Loss_gauge: 0.000e+00, w_pde: 1.00e+00, L^2_error: 8.145e-02, lr: 1.000e-03, Time: 2.44e+03
INFO:src.utils.logger:Model state saved to results\ho\DV\20260305-054940_seed0_ho_DV_bl_layered_e1500_w300_4q_4l\checkpoints\2026-03-05_05-50-04-441757_ho_DV_seed\model.pth
INFO:src.utils.logger:Model weights saved to results\ho\DV\20260305-054940_seed0_ho_DV_bl_layered_e1500_w300_4q_4l\checkpoints\2026-03-05_05-50-04-441757_ho_DV_seed\model_weights.pth
INFO:src.utils.logger:It: 662, Loss: 3.841e-02, Loss_res: 3.263e-02,  Loss_bcs: 4.822e-04, Loss_ut_ics: 2.632e-05, Loss_norm: 6.761e-06, Loss_gauge: 0.000e+00, w_pde: 1.00e+00, L^2_error: 8.137e-02, lr: 1.000e-03, Time: 2.45e+03
INFO:src.utils.logger:Model state saved to results\ho\DV\20260305-054940_seed0_ho_DV_bl_layered_e1500_w300_4q_4l\checkpoints\2026-03-05_05-50-04-441757_ho_DV_seed\model.pth
INFO:src.utils.logger:Model weights saved to results\ho\DV\20260305-054940_seed0_ho_DV_bl_layered_e1500_w300_4q_4l\checkpoints\2026-03-05_05-50-04-441757_ho_DV_seed\model_weights.pth
INFO:src.utils.logger:It: 663, Loss: 3.576e-02, Loss_res: 2.999e-02,  Loss_bcs: 4.811e-04, Loss_ut_ics: 2.627e-05, Loss_norm: 7.002e-06, Loss_gauge: 0.000e+00, w_pde: 1.00e+00, L^2_error: 8.129e-02, lr: 1.000e-03, Time: 2.45e+03
INFO:src.utils.logger:Model state saved to results\ho\DV\20260305-054940_seed0_ho_DV_bl_layered_e1500_w300_4q_4l\checkpoints\2026-03-05_05-50-04-441757_ho_DV_seed\model.pth
INFO:src.utils.logger:Model weights saved to results\ho\DV\20260305-054940_seed0_ho_DV_bl_layered_e1500_w300_4q_4l\checkpoints\2026-03-05_05-50-04-441757_ho_DV_seed\model_weights.pth
INFO:src.utils.logger:It: 664, Loss: 3.822e-02, Loss_res: 3.246e-02,  Loss_bcs: 4.801e-04, Loss_ut_ics: 2.624e-05, Loss_norm: 7.075e-06, Loss_gauge: 0.000e+00, w_pde: 1.00e+00, L^2_error: 8.120e-02, lr: 1.000e-03, Time: 2.46e+03
INFO:src.utils.logger:Model state saved to results\ho\DV\20260305-054940_seed0_ho_DV_bl_layered_e1500_w300_4q_4l\checkpoints\2026-03-05_05-50-04-441757_ho_DV_seed\model.pth
INFO:src.utils.logger:Model weights saved to results\ho\DV\20260305-054940_seed0_ho_DV_bl_layered_e1500_w300_4q_4l\checkpoints\2026-03-05_05-50-04-441757_ho_DV_seed\model_weights.pth
INFO:src.utils.logger:It: 665, Loss: 3.666e-02, Loss_res: 3.091e-02,  Loss_bcs: 4.805e-04, Loss_ut_ics: 2.621e-05, Loss_norm: 7.143e-06, Loss_gauge: 0.000e+00, w_pde: 1.00e+00, L^2_error: 8.112e-02, lr: 1.000e-03, Time: 2.46e+03
INFO:src.utils.logger:Model state saved to results\ho\DV\20260305-054940_seed0_ho_DV_bl_layered_e1500_w300_4q_4l\checkpoints\2026-03-05_05-50-04-441757_ho_DV_seed\model.pth
INFO:src.utils.logger:Model weights saved to results\ho\DV\20260305-054940_seed0_ho_DV_bl_layered_e1500_w300_4q_4l\checkpoints\2026-03-05_05-50-04-441757_ho_DV_seed\model_weights.pth
INFO:src.utils.logger:It: 666, Loss: 3.979e-02, Loss_res: 3.404e-02,  Loss_bcs: 4.784e-04, Loss_ut_ics: 2.618e-05, Loss_norm: 7.210e-06, Loss_gauge: 0.000e+00, w_pde: 1.00e+00, L^2_error: 8.102e-02, lr: 1.000e-03, Time: 2.46e+03
INFO:src.utils.logger:Model state saved to results\ho\DV\20260305-054940_seed0_ho_DV_bl_layered_e1500_w300_4q_4l\checkpoints\2026-03-05_05-50-04-441757_ho_DV_seed\model.pth
INFO:src.utils.logger:Model weights saved to results\ho\DV\20260305-054940_seed0_ho_DV_bl_layered_e1500_w300_4q_4l\checkpoints\2026-03-05_05-50-04-441757_ho_DV_seed\model_weights.pth
INFO:src.utils.logger:It: 667, Loss: 3.684e-02, Loss_res: 3.109e-02,  Loss_bcs: 4.797e-04, Loss_ut_ics: 2.615e-05, Loss_norm: 7.267e-06, Loss_gauge: 0.000e+00, w_pde: 1.00e+00, L^2_error: 8.092e-02, lr: 1.000e-03, Time: 2.47e+03
INFO:src.utils.logger:Model state saved to results\ho\DV\20260305-054940_seed0_ho_DV_bl_layered_e1500_w300_4q_4l\checkpoints\2026-03-05_05-50-04-441757_ho_DV_seed\model.pth
INFO:src.utils.logger:Model weights saved to results\ho\DV\20260305-054940_seed0_ho_DV_bl_layered_e1500_w300_4q_4l\checkpoints\2026-03-05_05-50-04-441757_ho_DV_seed\model_weights.pth
INFO:src.utils.logger:It: 668, Loss: 3.785e-02, Loss_res: 3.211e-02,  Loss_bcs: 4.810e-04, Loss_ut_ics: 2.612e-05, Loss_norm: 7.170e-06, Loss_gauge: 0.000e+00, w_pde: 1.00e+00, L^2_error: 8.081e-02, lr: 1.000e-03, Time: 2.47e+03
INFO:src.utils.logger:Model state saved to results\ho\DV\20260305-054940_seed0_ho_DV_bl_layered_e1500_w300_4q_4l\checkpoints\2026-03-05_05-50-04-441757_ho_DV_seed\model.pth
INFO:src.utils.logger:Model weights saved to results\ho\DV\20260305-054940_seed0_ho_DV_bl_layered_e1500_w300_4q_4l\checkpoints\2026-03-05_05-50-04-441757_ho_DV_seed\model_weights.pth
INFO:src.utils.logger:It: 669, Loss: 3.587e-02, Loss_res: 3.013e-02,  Loss_bcs: 4.787e-04, Loss_ut_ics: 2.609e-05, Loss_norm: 7.045e-06, Loss_gauge: 0.000e+00, w_pde: 1.00e+00, L^2_error: 8.071e-02, lr: 1.000e-03, Time: 2.48e+03
INFO:src.utils.logger:Model state saved to results\ho\DV\20260305-054940_seed0_ho_DV_bl_layered_e1500_w300_4q_4l\checkpoints\2026-03-05_05-50-04-441757_ho_DV_seed\model.pth
INFO:src.utils.logger:Model weights saved to results\ho\DV\20260305-054940_seed0_ho_DV_bl_layered_e1500_w300_4q_4l\checkpoints\2026-03-05_05-50-04-441757_ho_DV_seed\model_weights.pth
INFO:src.utils.logger:It: 670, Loss: 3.459e-02, Loss_res: 2.886e-02,  Loss_bcs: 4.791e-04, Loss_ut_ics: 2.606e-05, Loss_norm: 6.864e-06, Loss_gauge: 0.000e+00, w_pde: 1.00e+00, L^2_error: 8.061e-02, lr: 1.000e-03, Time: 2.48e+03
INFO:src.utils.logger:Model state saved to results\ho\DV\20260305-054940_seed0_ho_DV_bl_layered_e1500_w300_4q_4l\checkpoints\2026-03-05_05-50-04-441757_ho_DV_seed\model.pth
INFO:src.utils.logger:Model weights saved to results\ho\DV\20260305-054940_seed0_ho_DV_bl_layered_e1500_w300_4q_4l\checkpoints\2026-03-05_05-50-04-441757_ho_DV_seed\model_weights.pth
INFO:src.utils.logger:It: 671, Loss: 3.653e-02, Loss_res: 3.081e-02,  Loss_bcs: 4.765e-04, Loss_ut_ics: 2.603e-05, Loss_norm: 6.930e-06, Loss_gauge: 0.000e+00, w_pde: 1.00e+00, L^2_error: 8.051e-02, lr: 1.000e-03, Time: 2.48e+03
INFO:src.utils.logger:Model state saved to results\ho\DV\20260305-054940_seed0_ho_DV_bl_layered_e1500_w300_4q_4l\checkpoints\2026-03-05_05-50-04-441757_ho_DV_seed\model.pth
INFO:src.utils.logger:Model weights saved to results\ho\DV\20260305-054940_seed0_ho_DV_bl_layered_e1500_w300_4q_4l\checkpoints\2026-03-05_05-50-04-441757_ho_DV_seed\model_weights.pth
INFO:src.utils.logger:It: 672, Loss: 3.637e-02, Loss_res: 3.066e-02,  Loss_bcs: 4.755e-04, Loss_ut_ics: 2.598e-05, Loss_norm: 7.168e-06, Loss_gauge: 0.000e+00, w_pde: 1.00e+00, L^2_error: 8.041e-02, lr: 1.000e-03, Time: 2.49e+03
INFO:src.utils.logger:Model state saved to results\ho\DV\20260305-054940_seed0_ho_DV_bl_layered_e1500_w300_4q_4l\checkpoints\2026-03-05_05-50-04-441757_ho_DV_seed\model.pth
INFO:src.utils.logger:Model weights saved to results\ho\DV\20260305-054940_seed0_ho_DV_bl_layered_e1500_w300_4q_4l\checkpoints\2026-03-05_05-50-04-441757_ho_DV_seed\model_weights.pth
INFO:src.utils.logger:It: 673, Loss: 3.579e-02, Loss_res: 3.008e-02,  Loss_bcs: 4.795e-04, Loss_ut_ics: 2.595e-05, Loss_norm: 7.218e-06, Loss_gauge: 0.000e+00, w_pde: 1.00e+00, L^2_error: 8.031e-02, lr: 1.000e-03, Time: 2.49e+03
INFO:src.utils.logger:Model state saved to results\ho\DV\20260305-054940_seed0_ho_DV_bl_layered_e1500_w300_4q_4l\checkpoints\2026-03-05_05-50-04-441757_ho_DV_seed\model.pth
INFO:src.utils.logger:Model weights saved to results\ho\DV\20260305-054940_seed0_ho_DV_bl_layered_e1500_w300_4q_4l\checkpoints\2026-03-05_05-50-04-441757_ho_DV_seed\model_weights.pth
INFO:src.utils.logger:It: 674, Loss: 3.452e-02, Loss_res: 2.882e-02,  Loss_bcs: 4.785e-04, Loss_ut_ics: 2.593e-05, Loss_norm: 7.192e-06, Loss_gauge: 0.000e+00, w_pde: 1.00e+00, L^2_error: 8.022e-02, lr: 1.000e-03, Time: 2.49e+03
INFO:src.utils.logger:Model state saved to results\ho\DV\20260305-054940_seed0_ho_DV_bl_layered_e1500_w300_4q_4l\checkpoints\2026-03-05_05-50-04-441757_ho_DV_seed\model.pth
INFO:src.utils.logger:Model weights saved to results\ho\DV\20260305-054940_seed0_ho_DV_bl_layered_e1500_w300_4q_4l\checkpoints\2026-03-05_05-50-04-441757_ho_DV_seed\model_weights.pth
INFO:src.utils.logger:It: 675, Loss: 3.526e-02, Loss_res: 2.956e-02,  Loss_bcs: 4.811e-04, Loss_ut_ics: 2.591e-05, Loss_norm: 7.223e-06, Loss_gauge: 0.000e+00, w_pde: 1.00e+00, L^2_error: 8.012e-02, lr: 1.000e-03, Time: 2.50e+03
INFO:src.utils.logger:Model state saved to results\ho\DV\20260305-054940_seed0_ho_DV_bl_layered_e1500_w300_4q_4l\checkpoints\2026-03-05_05-50-04-441757_ho_DV_seed\model.pth
INFO:src.utils.logger:Model weights saved to results\ho\DV\20260305-054940_seed0_ho_DV_bl_layered_e1500_w300_4q_4l\checkpoints\2026-03-05_05-50-04-441757_ho_DV_seed\model_weights.pth
INFO:src.utils.logger:It: 676, Loss: 3.517e-02, Loss_res: 2.947e-02,  Loss_bcs: 4.786e-04, Loss_ut_ics: 2.588e-05, Loss_norm: 7.290e-06, Loss_gauge: 0.000e+00, w_pde: 1.00e+00, L^2_error: 8.002e-02, lr: 1.000e-03, Time: 2.50e+03
INFO:src.utils.logger:Model state saved to results\ho\DV\20260305-054940_seed0_ho_DV_bl_layered_e1500_w300_4q_4l\checkpoints\2026-03-05_05-50-04-441757_ho_DV_seed\model.pth
INFO:src.utils.logger:Model weights saved to results\ho\DV\20260305-054940_seed0_ho_DV_bl_layered_e1500_w300_4q_4l\checkpoints\2026-03-05_05-50-04-441757_ho_DV_seed\model_weights.pth
INFO:src.utils.logger:It: 677, Loss: 3.658e-02, Loss_res: 3.090e-02,  Loss_bcs: 4.777e-04, Loss_ut_ics: 2.585e-05, Loss_norm: 7.450e-06, Loss_gauge: 0.000e+00, w_pde: 1.00e+00, L^2_error: 7.992e-02, lr: 1.000e-03, Time: 2.50e+03
INFO:src.utils.logger:Model state saved to results\ho\DV\20260305-054940_seed0_ho_DV_bl_layered_e1500_w300_4q_4l\checkpoints\2026-03-05_05-50-04-441757_ho_DV_seed\model.pth
INFO:src.utils.logger:Model weights saved to results\ho\DV\20260305-054940_seed0_ho_DV_bl_layered_e1500_w300_4q_4l\checkpoints\2026-03-05_05-50-04-441757_ho_DV_seed\model_weights.pth
INFO:src.utils.logger:It: 678, Loss: 3.345e-02, Loss_res: 2.777e-02,  Loss_bcs: 4.763e-04, Loss_ut_ics: 2.582e-05, Loss_norm: 7.638e-06, Loss_gauge: 0.000e+00, w_pde: 1.00e+00, L^2_error: 7.983e-02, lr: 1.000e-03, Time: 2.51e+03
INFO:src.utils.logger:Model state saved to results\ho\DV\20260305-054940_seed0_ho_DV_bl_layered_e1500_w300_4q_4l\checkpoints\2026-03-05_05-50-04-441757_ho_DV_seed\model.pth
INFO:src.utils.logger:Model weights saved to results\ho\DV\20260305-054940_seed0_ho_DV_bl_layered_e1500_w300_4q_4l\checkpoints\2026-03-05_05-50-04-441757_ho_DV_seed\model_weights.pth
INFO:src.utils.logger:It: 679, Loss: 3.555e-02, Loss_res: 2.987e-02,  Loss_bcs: 4.777e-04, Loss_ut_ics: 2.580e-05, Loss_norm: 7.730e-06, Loss_gauge: 0.000e+00, w_pde: 1.00e+00, L^2_error: 7.972e-02, lr: 1.000e-03, Time: 2.51e+03
INFO:src.utils.logger:Model state saved to results\ho\DV\20260305-054940_seed0_ho_DV_bl_layered_e1500_w300_4q_4l\checkpoints\2026-03-05_05-50-04-441757_ho_DV_seed\model.pth
INFO:src.utils.logger:Model weights saved to results\ho\DV\20260305-054940_seed0_ho_DV_bl_layered_e1500_w300_4q_4l\checkpoints\2026-03-05_05-50-04-441757_ho_DV_seed\model_weights.pth
INFO:src.utils.logger:It: 680, Loss: 3.530e-02, Loss_res: 2.964e-02,  Loss_bcs: 4.755e-04, Loss_ut_ics: 2.577e-05, Loss_norm: 7.837e-06, Loss_gauge: 0.000e+00, w_pde: 1.00e+00, L^2_error: 7.962e-02, lr: 1.000e-03, Time: 2.52e+03
INFO:src.utils.logger:Model state saved to results\ho\DV\20260305-054940_seed0_ho_DV_bl_layered_e1500_w300_4q_4l\checkpoints\2026-03-05_05-50-04-441757_ho_DV_seed\model.pth
INFO:src.utils.logger:Model weights saved to results\ho\DV\20260305-054940_seed0_ho_DV_bl_layered_e1500_w300_4q_4l\checkpoints\2026-03-05_05-50-04-441757_ho_DV_seed\model_weights.pth
INFO:src.utils.logger:It: 681, Loss: 3.565e-02, Loss_res: 2.999e-02,  Loss_bcs: 4.748e-04, Loss_ut_ics: 2.573e-05, Loss_norm: 7.915e-06, Loss_gauge: 0.000e+00, w_pde: 1.00e+00, L^2_error: 7.951e-02, lr: 1.000e-03, Time: 2.52e+03
INFO:src.utils.logger:Model state saved to results\ho\DV\20260305-054940_seed0_ho_DV_bl_layered_e1500_w300_4q_4l\checkpoints\2026-03-05_05-50-04-441757_ho_DV_seed\model.pth
INFO:src.utils.logger:Model weights saved to results\ho\DV\20260305-054940_seed0_ho_DV_bl_layered_e1500_w300_4q_4l\checkpoints\2026-03-05_05-50-04-441757_ho_DV_seed\model_weights.pth
INFO:src.utils.logger:It: 682, Loss: 3.450e-02, Loss_res: 2.885e-02,  Loss_bcs: 4.727e-04, Loss_ut_ics: 2.568e-05, Loss_norm: 8.015e-06, Loss_gauge: 0.000e+00, w_pde: 1.00e+00, L^2_error: 7.940e-02, lr: 1.000e-03, Time: 2.52e+03
INFO:src.utils.logger:Model state saved to results\ho\DV\20260305-054940_seed0_ho_DV_bl_layered_e1500_w300_4q_4l\checkpoints\2026-03-05_05-50-04-441757_ho_DV_seed\model.pth
INFO:src.utils.logger:Model weights saved to results\ho\DV\20260305-054940_seed0_ho_DV_bl_layered_e1500_w300_4q_4l\checkpoints\2026-03-05_05-50-04-441757_ho_DV_seed\model_weights.pth
INFO:src.utils.logger:It: 683, Loss: 3.490e-02, Loss_res: 2.927e-02,  Loss_bcs: 4.703e-04, Loss_ut_ics: 2.562e-05, Loss_norm: 8.072e-06, Loss_gauge: 0.000e+00, w_pde: 1.00e+00, L^2_error: 7.930e-02, lr: 1.000e-03, Time: 2.53e+03
INFO:src.utils.logger:Model state saved to results\ho\DV\20260305-054940_seed0_ho_DV_bl_layered_e1500_w300_4q_4l\checkpoints\2026-03-05_05-50-04-441757_ho_DV_seed\model.pth
INFO:src.utils.logger:Model weights saved to results\ho\DV\20260305-054940_seed0_ho_DV_bl_layered_e1500_w300_4q_4l\checkpoints\2026-03-05_05-50-04-441757_ho_DV_seed\model_weights.pth
INFO:src.utils.logger:It: 684, Loss: 3.606e-02, Loss_res: 3.043e-02,  Loss_bcs: 4.733e-04, Loss_ut_ics: 2.558e-05, Loss_norm: 7.963e-06, Loss_gauge: 0.000e+00, w_pde: 1.00e+00, L^2_error: 7.920e-02, lr: 1.000e-03, Time: 2.53e+03
INFO:src.utils.logger:Model state saved to results\ho\DV\20260305-054940_seed0_ho_DV_bl_layered_e1500_w300_4q_4l\checkpoints\2026-03-05_05-50-04-441757_ho_DV_seed\model.pth
INFO:src.utils.logger:Model weights saved to results\ho\DV\20260305-054940_seed0_ho_DV_bl_layered_e1500_w300_4q_4l\checkpoints\2026-03-05_05-50-04-441757_ho_DV_seed\model_weights.pth
INFO:src.utils.logger:It: 685, Loss: 3.408e-02, Loss_res: 2.846e-02,  Loss_bcs: 4.704e-04, Loss_ut_ics: 2.555e-05, Loss_norm: 7.715e-06, Loss_gauge: 0.000e+00, w_pde: 1.00e+00, L^2_error: 7.911e-02, lr: 1.000e-03, Time: 2.53e+03
INFO:src.utils.logger:Model state saved to results\ho\DV\20260305-054940_seed0_ho_DV_bl_layered_e1500_w300_4q_4l\checkpoints\2026-03-05_05-50-04-441757_ho_DV_seed\model.pth
INFO:src.utils.logger:Model weights saved to results\ho\DV\20260305-054940_seed0_ho_DV_bl_layered_e1500_w300_4q_4l\checkpoints\2026-03-05_05-50-04-441757_ho_DV_seed\model_weights.pth
INFO:src.utils.logger:It: 686, Loss: 3.633e-02, Loss_res: 3.072e-02,  Loss_bcs: 4.732e-04, Loss_ut_ics: 2.554e-05, Loss_norm: 7.455e-06, Loss_gauge: 0.000e+00, w_pde: 1.00e+00, L^2_error: 7.901e-02, lr: 1.000e-03, Time: 2.54e+03
INFO:src.utils.logger:Model state saved to results\ho\DV\20260305-054940_seed0_ho_DV_bl_layered_e1500_w300_4q_4l\checkpoints\2026-03-05_05-50-04-441757_ho_DV_seed\model.pth
INFO:src.utils.logger:Model weights saved to results\ho\DV\20260305-054940_seed0_ho_DV_bl_layered_e1500_w300_4q_4l\checkpoints\2026-03-05_05-50-04-441757_ho_DV_seed\model_weights.pth
INFO:src.utils.logger:It: 687, Loss: 3.698e-02, Loss_res: 3.137e-02,  Loss_bcs: 4.715e-04, Loss_ut_ics: 2.550e-05, Loss_norm: 7.337e-06, Loss_gauge: 0.000e+00, w_pde: 1.00e+00, L^2_error: 7.891e-02, lr: 1.000e-03, Time: 2.54e+03
INFO:src.utils.logger:Model state saved to results\ho\DV\20260305-054940_seed0_ho_DV_bl_layered_e1500_w300_4q_4l\checkpoints\2026-03-05_05-50-04-441757_ho_DV_seed\model.pth
INFO:src.utils.logger:Model weights saved to results\ho\DV\20260305-054940_seed0_ho_DV_bl_layered_e1500_w300_4q_4l\checkpoints\2026-03-05_05-50-04-441757_ho_DV_seed\model_weights.pth
INFO:src.utils.logger:It: 688, Loss: 3.567e-02, Loss_res: 3.007e-02,  Loss_bcs: 4.709e-04, Loss_ut_ics: 2.545e-05, Loss_norm: 7.512e-06, Loss_gauge: 0.000e+00, w_pde: 1.00e+00, L^2_error: 7.879e-02, lr: 1.000e-03, Time: 2.55e+03
INFO:src.utils.logger:Model state saved to results\ho\DV\20260305-054940_seed0_ho_DV_bl_layered_e1500_w300_4q_4l\checkpoints\2026-03-05_05-50-04-441757_ho_DV_seed\model.pth
INFO:src.utils.logger:Model weights saved to results\ho\DV\20260305-054940_seed0_ho_DV_bl_layered_e1500_w300_4q_4l\checkpoints\2026-03-05_05-50-04-441757_ho_DV_seed\model_weights.pth
INFO:src.utils.logger:It: 689, Loss: 3.512e-02, Loss_res: 2.954e-02,  Loss_bcs: 4.670e-04, Loss_ut_ics: 2.537e-05, Loss_norm: 8.103e-06, Loss_gauge: 0.000e+00, w_pde: 1.00e+00, L^2_error: 7.869e-02, lr: 1.000e-03, Time: 2.55e+03
INFO:src.utils.logger:Model state saved to results\ho\DV\20260305-054940_seed0_ho_DV_bl_layered_e1500_w300_4q_4l\checkpoints\2026-03-05_05-50-04-441757_ho_DV_seed\model.pth
INFO:src.utils.logger:Model weights saved to results\ho\DV\20260305-054940_seed0_ho_DV_bl_layered_e1500_w300_4q_4l\checkpoints\2026-03-05_05-50-04-441757_ho_DV_seed\model_weights.pth
INFO:src.utils.logger:It: 690, Loss: 3.515e-02, Loss_res: 2.957e-02,  Loss_bcs: 4.678e-04, Loss_ut_ics: 2.531e-05, Loss_norm: 8.648e-06, Loss_gauge: 0.000e+00, w_pde: 1.00e+00, L^2_error: 7.859e-02, lr: 1.000e-03, Time: 2.55e+03
INFO:src.utils.logger:Model state saved to results\ho\DV\20260305-054940_seed0_ho_DV_bl_layered_e1500_w300_4q_4l\checkpoints\2026-03-05_05-50-04-441757_ho_DV_seed\model.pth
INFO:src.utils.logger:Model weights saved to results\ho\DV\20260305-054940_seed0_ho_DV_bl_layered_e1500_w300_4q_4l\checkpoints\2026-03-05_05-50-04-441757_ho_DV_seed\model_weights.pth
INFO:src.utils.logger:It: 691, Loss: 3.675e-02, Loss_res: 3.118e-02,  Loss_bcs: 4.684e-04, Loss_ut_ics: 2.526e-05, Loss_norm: 9.061e-06, Loss_gauge: 0.000e+00, w_pde: 1.00e+00, L^2_error: 7.849e-02, lr: 1.000e-03, Time: 2.56e+03
INFO:src.utils.logger:Model state saved to results\ho\DV\20260305-054940_seed0_ho_DV_bl_layered_e1500_w300_4q_4l\checkpoints\2026-03-05_05-50-04-441757_ho_DV_seed\model.pth
INFO:src.utils.logger:Model weights saved to results\ho\DV\20260305-054940_seed0_ho_DV_bl_layered_e1500_w300_4q_4l\checkpoints\2026-03-05_05-50-04-441757_ho_DV_seed\model_weights.pth
INFO:src.utils.logger:It: 692, Loss: 3.405e-02, Loss_res: 2.849e-02,  Loss_bcs: 4.657e-04, Loss_ut_ics: 2.524e-05, Loss_norm: 9.261e-06, Loss_gauge: 0.000e+00, w_pde: 1.00e+00, L^2_error: 7.839e-02, lr: 1.000e-03, Time: 2.56e+03
INFO:src.utils.logger:Model state saved to results\ho\DV\20260305-054940_seed0_ho_DV_bl_layered_e1500_w300_4q_4l\checkpoints\2026-03-05_05-50-04-441757_ho_DV_seed\model.pth
INFO:src.utils.logger:Model weights saved to results\ho\DV\20260305-054940_seed0_ho_DV_bl_layered_e1500_w300_4q_4l\checkpoints\2026-03-05_05-50-04-441757_ho_DV_seed\model_weights.pth
INFO:src.utils.logger:It: 693, Loss: 3.491e-02, Loss_res: 2.936e-02,  Loss_bcs: 4.648e-04, Loss_ut_ics: 2.522e-05, Loss_norm: 9.123e-06, Loss_gauge: 0.000e+00, w_pde: 1.00e+00, L^2_error: 7.829e-02, lr: 1.000e-03, Time: 2.56e+03
INFO:src.utils.logger:Model state saved to results\ho\DV\20260305-054940_seed0_ho_DV_bl_layered_e1500_w300_4q_4l\checkpoints\2026-03-05_05-50-04-441757_ho_DV_seed\model.pth
INFO:src.utils.logger:Model weights saved to results\ho\DV\20260305-054940_seed0_ho_DV_bl_layered_e1500_w300_4q_4l\checkpoints\2026-03-05_05-50-04-441757_ho_DV_seed\model_weights.pth
INFO:src.utils.logger:It: 694, Loss: 3.447e-02, Loss_res: 2.892e-02,  Loss_bcs: 4.658e-04, Loss_ut_ics: 2.522e-05, Loss_norm: 8.837e-06, Loss_gauge: 0.000e+00, w_pde: 1.00e+00, L^2_error: 7.818e-02, lr: 1.000e-03, Time: 2.57e+03
INFO:src.utils.logger:Model state saved to results\ho\DV\20260305-054940_seed0_ho_DV_bl_layered_e1500_w300_4q_4l\checkpoints\2026-03-05_05-50-04-441757_ho_DV_seed\model.pth
INFO:src.utils.logger:Model weights saved to results\ho\DV\20260305-054940_seed0_ho_DV_bl_layered_e1500_w300_4q_4l\checkpoints\2026-03-05_05-50-04-441757_ho_DV_seed\model_weights.pth
INFO:src.utils.logger:It: 695, Loss: 3.288e-02, Loss_res: 2.732e-02,  Loss_bcs: 4.669e-04, Loss_ut_ics: 2.522e-05, Loss_norm: 8.568e-06, Loss_gauge: 0.000e+00, w_pde: 1.00e+00, L^2_error: 7.807e-02, lr: 1.000e-03, Time: 2.57e+03
INFO:src.utils.logger:Model state saved to results\ho\DV\20260305-054940_seed0_ho_DV_bl_layered_e1500_w300_4q_4l\checkpoints\2026-03-05_05-50-04-441757_ho_DV_seed\model.pth
INFO:src.utils.logger:Model weights saved to results\ho\DV\20260305-054940_seed0_ho_DV_bl_layered_e1500_w300_4q_4l\checkpoints\2026-03-05_05-50-04-441757_ho_DV_seed\model_weights.pth
INFO:src.utils.logger:It: 696, Loss: 3.506e-02, Loss_res: 2.950e-02,  Loss_bcs: 4.663e-04, Loss_ut_ics: 2.525e-05, Loss_norm: 8.168e-06, Loss_gauge: 0.000e+00, w_pde: 1.00e+00, L^2_error: 7.795e-02, lr: 1.000e-03, Time: 2.58e+03
INFO:src.utils.logger:Model state saved to results\ho\DV\20260305-054940_seed0_ho_DV_bl_layered_e1500_w300_4q_4l\checkpoints\2026-03-05_05-50-04-441757_ho_DV_seed\model.pth
INFO:src.utils.logger:Model weights saved to results\ho\DV\20260305-054940_seed0_ho_DV_bl_layered_e1500_w300_4q_4l\checkpoints\2026-03-05_05-50-04-441757_ho_DV_seed\model_weights.pth
INFO:src.utils.logger:It: 697, Loss: 3.481e-02, Loss_res: 2.925e-02,  Loss_bcs: 4.668e-04, Loss_ut_ics: 2.525e-05, Loss_norm: 8.013e-06, Loss_gauge: 0.000e+00, w_pde: 1.00e+00, L^2_error: 7.783e-02, lr: 1.000e-03, Time: 2.58e+03
INFO:src.utils.logger:Model state saved to results\ho\DV\20260305-054940_seed0_ho_DV_bl_layered_e1500_w300_4q_4l\checkpoints\2026-03-05_05-50-04-441757_ho_DV_seed\model.pth
INFO:src.utils.logger:Model weights saved to results\ho\DV\20260305-054940_seed0_ho_DV_bl_layered_e1500_w300_4q_4l\checkpoints\2026-03-05_05-50-04-441757_ho_DV_seed\model_weights.pth
INFO:src.utils.logger:It: 698, Loss: 3.558e-02, Loss_res: 3.003e-02,  Loss_bcs: 4.636e-04, Loss_ut_ics: 2.522e-05, Loss_norm: 8.200e-06, Loss_gauge: 0.000e+00, w_pde: 1.00e+00, L^2_error: 7.770e-02, lr: 1.000e-03, Time: 2.58e+03
INFO:src.utils.logger:Model state saved to results\ho\DV\20260305-054940_seed0_ho_DV_bl_layered_e1500_w300_4q_4l\checkpoints\2026-03-05_05-50-04-441757_ho_DV_seed\model.pth
INFO:src.utils.logger:Model weights saved to results\ho\DV\20260305-054940_seed0_ho_DV_bl_layered_e1500_w300_4q_4l\checkpoints\2026-03-05_05-50-04-441757_ho_DV_seed\model_weights.pth
INFO:src.utils.logger:It: 699, Loss: 3.372e-02, Loss_res: 2.818e-02,  Loss_bcs: 4.651e-04, Loss_ut_ics: 2.516e-05, Loss_norm: 8.710e-06, Loss_gauge: 0.000e+00, w_pde: 1.00e+00, L^2_error: 7.757e-02, lr: 1.000e-03, Time: 2.59e+03
INFO:src.utils.logger:Model state saved to results\ho\DV\20260305-054940_seed0_ho_DV_bl_layered_e1500_w300_4q_4l\checkpoints\2026-03-05_05-50-04-441757_ho_DV_seed\model.pth
INFO:src.utils.logger:Model weights saved to results\ho\DV\20260305-054940_seed0_ho_DV_bl_layered_e1500_w300_4q_4l\checkpoints\2026-03-05_05-50-04-441757_ho_DV_seed\model_weights.pth
INFO:src.utils.logger:It: 700, Loss: 3.404e-02, Loss_res: 2.851e-02,  Loss_bcs: 4.616e-04, Loss_ut_ics: 2.508e-05, Loss_norm: 9.306e-06, Loss_gauge: 0.000e+00, w_pde: 1.00e+00, L^2_error: 7.745e-02, lr: 1.000e-03, Time: 2.59e+03
INFO:src.utils.logger:Model state saved to results\ho\DV\20260305-054940_seed0_ho_DV_bl_layered_e1500_w300_4q_4l\checkpoints\2026-03-05_05-50-04-441757_ho_DV_seed\model.pth
INFO:src.utils.logger:Model weights saved to results\ho\DV\20260305-054940_seed0_ho_DV_bl_layered_e1500_w300_4q_4l\checkpoints\2026-03-05_05-50-04-441757_ho_DV_seed\model_weights.pth
INFO:src.utils.logger:It: 701, Loss: 3.444e-02, Loss_res: 2.893e-02,  Loss_bcs: 4.589e-04, Loss_ut_ics: 2.500e-05, Loss_norm: 9.662e-06, Loss_gauge: 0.000e+00, w_pde: 1.00e+00, L^2_error: 7.733e-02, lr: 1.000e-03, Time: 2.59e+03
INFO:src.utils.logger:Model state saved to results\ho\DV\20260305-054940_seed0_ho_DV_bl_layered_e1500_w300_4q_4l\checkpoints\2026-03-05_05-50-04-441757_ho_DV_seed\model.pth
INFO:src.utils.logger:Model weights saved to results\ho\DV\20260305-054940_seed0_ho_DV_bl_layered_e1500_w300_4q_4l\checkpoints\2026-03-05_05-50-04-441757_ho_DV_seed\model_weights.pth
INFO:src.utils.logger:It: 702, Loss: 3.421e-02, Loss_res: 2.871e-02,  Loss_bcs: 4.595e-04, Loss_ut_ics: 2.493e-05, Loss_norm: 9.740e-06, Loss_gauge: 0.000e+00, w_pde: 1.00e+00, L^2_error: 7.724e-02, lr: 1.000e-03, Time: 2.60e+03
INFO:src.utils.logger:Model state saved to results\ho\DV\20260305-054940_seed0_ho_DV_bl_layered_e1500_w300_4q_4l\checkpoints\2026-03-05_05-50-04-441757_ho_DV_seed\model.pth
INFO:src.utils.logger:Model weights saved to results\ho\DV\20260305-054940_seed0_ho_DV_bl_layered_e1500_w300_4q_4l\checkpoints\2026-03-05_05-50-04-441757_ho_DV_seed\model_weights.pth
INFO:src.utils.logger:It: 703, Loss: 3.313e-02, Loss_res: 2.765e-02,  Loss_bcs: 4.581e-04, Loss_ut_ics: 2.489e-05, Loss_norm: 9.413e-06, Loss_gauge: 0.000e+00, w_pde: 1.00e+00, L^2_error: 7.716e-02, lr: 1.000e-03, Time: 2.60e+03
INFO:src.utils.logger:Model state saved to results\ho\DV\20260305-054940_seed0_ho_DV_bl_layered_e1500_w300_4q_4l\checkpoints\2026-03-05_05-50-04-441757_ho_DV_seed\model.pth
INFO:src.utils.logger:Model weights saved to results\ho\DV\20260305-054940_seed0_ho_DV_bl_layered_e1500_w300_4q_4l\checkpoints\2026-03-05_05-50-04-441757_ho_DV_seed\model_weights.pth
INFO:src.utils.logger:It: 704, Loss: 3.486e-02, Loss_res: 2.938e-02,  Loss_bcs: 4.592e-04, Loss_ut_ics: 2.488e-05, Loss_norm: 8.719e-06, Loss_gauge: 0.000e+00, w_pde: 1.00e+00, L^2_error: 7.707e-02, lr: 1.000e-03, Time: 2.61e+03
INFO:src.utils.logger:Model state saved to results\ho\DV\20260305-054940_seed0_ho_DV_bl_layered_e1500_w300_4q_4l\checkpoints\2026-03-05_05-50-04-441757_ho_DV_seed\model.pth
INFO:src.utils.logger:Model weights saved to results\ho\DV\20260305-054940_seed0_ho_DV_bl_layered_e1500_w300_4q_4l\checkpoints\2026-03-05_05-50-04-441757_ho_DV_seed\model_weights.pth
INFO:src.utils.logger:It: 705, Loss: 3.511e-02, Loss_res: 2.964e-02,  Loss_bcs: 4.612e-04, Loss_ut_ics: 2.486e-05, Loss_norm: 8.060e-06, Loss_gauge: 0.000e+00, w_pde: 1.00e+00, L^2_error: 7.698e-02, lr: 1.000e-03, Time: 2.61e+03
INFO:src.utils.logger:Model state saved to results\ho\DV\20260305-054940_seed0_ho_DV_bl_layered_e1500_w300_4q_4l\checkpoints\2026-03-05_05-50-04-441757_ho_DV_seed\model.pth
INFO:src.utils.logger:Model weights saved to results\ho\DV\20260305-054940_seed0_ho_DV_bl_layered_e1500_w300_4q_4l\checkpoints\2026-03-05_05-50-04-441757_ho_DV_seed\model_weights.pth
INFO:src.utils.logger:It: 706, Loss: 3.265e-02, Loss_res: 2.718e-02,  Loss_bcs: 4.614e-04, Loss_ut_ics: 2.483e-05, Loss_norm: 7.795e-06, Loss_gauge: 0.000e+00, w_pde: 1.00e+00, L^2_error: 7.689e-02, lr: 1.000e-03, Time: 2.61e+03
INFO:src.utils.logger:Model state saved to results\ho\DV\20260305-054940_seed0_ho_DV_bl_layered_e1500_w300_4q_4l\checkpoints\2026-03-05_05-50-04-441757_ho_DV_seed\model.pth
INFO:src.utils.logger:Model weights saved to results\ho\DV\20260305-054940_seed0_ho_DV_bl_layered_e1500_w300_4q_4l\checkpoints\2026-03-05_05-50-04-441757_ho_DV_seed\model_weights.pth
INFO:src.utils.logger:It: 707, Loss: 3.072e-02, Loss_res: 2.527e-02,  Loss_bcs: 4.620e-04, Loss_ut_ics: 2.479e-05, Loss_norm: 7.862e-06, Loss_gauge: 0.000e+00, w_pde: 1.00e+00, L^2_error: 7.679e-02, lr: 1.000e-03, Time: 2.62e+03
INFO:src.utils.logger:Model state saved to results\ho\DV\20260305-054940_seed0_ho_DV_bl_layered_e1500_w300_4q_4l\checkpoints\2026-03-05_05-50-04-441757_ho_DV_seed\model.pth
INFO:src.utils.logger:Model weights saved to results\ho\DV\20260305-054940_seed0_ho_DV_bl_layered_e1500_w300_4q_4l\checkpoints\2026-03-05_05-50-04-441757_ho_DV_seed\model_weights.pth
INFO:src.utils.logger:It: 708, Loss: 3.134e-02, Loss_res: 2.588e-02,  Loss_bcs: 4.597e-04, Loss_ut_ics: 2.475e-05, Loss_norm: 8.203e-06, Loss_gauge: 0.000e+00, w_pde: 1.00e+00, L^2_error: 7.669e-02, lr: 1.000e-03, Time: 2.62e+03
INFO:src.utils.logger:Model state saved to results\ho\DV\20260305-054940_seed0_ho_DV_bl_layered_e1500_w300_4q_4l\checkpoints\2026-03-05_05-50-04-441757_ho_DV_seed\model.pth
INFO:src.utils.logger:Model weights saved to results\ho\DV\20260305-054940_seed0_ho_DV_bl_layered_e1500_w300_4q_4l\checkpoints\2026-03-05_05-50-04-441757_ho_DV_seed\model_weights.pth
INFO:src.utils.logger:It: 709, Loss: 3.389e-02, Loss_res: 2.845e-02,  Loss_bcs: 4.568e-04, Loss_ut_ics: 2.470e-05, Loss_norm: 8.678e-06, Loss_gauge: 0.000e+00, w_pde: 1.00e+00, L^2_error: 7.658e-02, lr: 1.000e-03, Time: 2.62e+03
INFO:src.utils.logger:Model state saved to results\ho\DV\20260305-054940_seed0_ho_DV_bl_layered_e1500_w300_4q_4l\checkpoints\2026-03-05_05-50-04-441757_ho_DV_seed\model.pth
INFO:src.utils.logger:Model weights saved to results\ho\DV\20260305-054940_seed0_ho_DV_bl_layered_e1500_w300_4q_4l\checkpoints\2026-03-05_05-50-04-441757_ho_DV_seed\model_weights.pth
INFO:src.utils.logger:It: 710, Loss: 3.443e-02, Loss_res: 2.900e-02,  Loss_bcs: 4.570e-04, Loss_ut_ics: 2.465e-05, Loss_norm: 9.205e-06, Loss_gauge: 0.000e+00, w_pde: 1.00e+00, L^2_error: 7.646e-02, lr: 1.000e-03, Time: 2.63e+03
INFO:src.utils.logger:Model state saved to results\ho\DV\20260305-054940_seed0_ho_DV_bl_layered_e1500_w300_4q_4l\checkpoints\2026-03-05_05-50-04-441757_ho_DV_seed\model.pth
INFO:src.utils.logger:Model weights saved to results\ho\DV\20260305-054940_seed0_ho_DV_bl_layered_e1500_w300_4q_4l\checkpoints\2026-03-05_05-50-04-441757_ho_DV_seed\model_weights.pth
INFO:src.utils.logger:It: 711, Loss: 3.296e-02, Loss_res: 2.754e-02,  Loss_bcs: 4.542e-04, Loss_ut_ics: 2.461e-05, Loss_norm: 9.436e-06, Loss_gauge: 0.000e+00, w_pde: 1.00e+00, L^2_error: 7.634e-02, lr: 1.000e-03, Time: 2.63e+03
INFO:src.utils.logger:Model state saved to results\ho\DV\20260305-054940_seed0_ho_DV_bl_layered_e1500_w300_4q_4l\checkpoints\2026-03-05_05-50-04-441757_ho_DV_seed\model.pth
INFO:src.utils.logger:Model weights saved to results\ho\DV\20260305-054940_seed0_ho_DV_bl_layered_e1500_w300_4q_4l\checkpoints\2026-03-05_05-50-04-441757_ho_DV_seed\model_weights.pth
INFO:src.utils.logger:It: 712, Loss: 3.288e-02, Loss_res: 2.747e-02,  Loss_bcs: 4.513e-04, Loss_ut_ics: 2.457e-05, Loss_norm: 9.503e-06, Loss_gauge: 0.000e+00, w_pde: 1.00e+00, L^2_error: 7.621e-02, lr: 1.000e-03, Time: 2.64e+03
INFO:src.utils.logger:Model state saved to results\ho\DV\20260305-054940_seed0_ho_DV_bl_layered_e1500_w300_4q_4l\checkpoints\2026-03-05_05-50-04-441757_ho_DV_seed\model.pth
INFO:src.utils.logger:Model weights saved to results\ho\DV\20260305-054940_seed0_ho_DV_bl_layered_e1500_w300_4q_4l\checkpoints\2026-03-05_05-50-04-441757_ho_DV_seed\model_weights.pth
INFO:src.utils.logger:It: 713, Loss: 3.452e-02, Loss_res: 2.911e-02,  Loss_bcs: 4.531e-04, Loss_ut_ics: 2.454e-05, Loss_norm: 9.404e-06, Loss_gauge: 0.000e+00, w_pde: 1.00e+00, L^2_error: 7.609e-02, lr: 1.000e-03, Time: 2.64e+03
INFO:src.utils.logger:Model state saved to results\ho\DV\20260305-054940_seed0_ho_DV_bl_layered_e1500_w300_4q_4l\checkpoints\2026-03-05_05-50-04-441757_ho_DV_seed\model.pth
INFO:src.utils.logger:Model weights saved to results\ho\DV\20260305-054940_seed0_ho_DV_bl_layered_e1500_w300_4q_4l\checkpoints\2026-03-05_05-50-04-441757_ho_DV_seed\model_weights.pth
INFO:src.utils.logger:It: 714, Loss: 3.048e-02, Loss_res: 2.508e-02,  Loss_bcs: 4.540e-04, Loss_ut_ics: 2.453e-05, Loss_norm: 9.180e-06, Loss_gauge: 0.000e+00, w_pde: 1.00e+00, L^2_error: 7.596e-02, lr: 1.000e-03, Time: 2.64e+03
INFO:src.utils.logger:Model state saved to results\ho\DV\20260305-054940_seed0_ho_DV_bl_layered_e1500_w300_4q_4l\checkpoints\2026-03-05_05-50-04-441757_ho_DV_seed\model.pth
INFO:src.utils.logger:Model weights saved to results\ho\DV\20260305-054940_seed0_ho_DV_bl_layered_e1500_w300_4q_4l\checkpoints\2026-03-05_05-50-04-441757_ho_DV_seed\model_weights.pth
INFO:src.utils.logger:It: 715, Loss: 3.190e-02, Loss_res: 2.650e-02,  Loss_bcs: 4.521e-04, Loss_ut_ics: 2.454e-05, Loss_norm: 8.765e-06, Loss_gauge: 0.000e+00, w_pde: 1.00e+00, L^2_error: 7.584e-02, lr: 1.000e-03, Time: 2.65e+03
INFO:src.utils.logger:Model state saved to results\ho\DV\20260305-054940_seed0_ho_DV_bl_layered_e1500_w300_4q_4l\checkpoints\2026-03-05_05-50-04-441757_ho_DV_seed\model.pth
INFO:src.utils.logger:Model weights saved to results\ho\DV\20260305-054940_seed0_ho_DV_bl_layered_e1500_w300_4q_4l\checkpoints\2026-03-05_05-50-04-441757_ho_DV_seed\model_weights.pth
INFO:src.utils.logger:It: 716, Loss: 3.052e-02, Loss_res: 2.512e-02,  Loss_bcs: 4.535e-04, Loss_ut_ics: 2.454e-05, Loss_norm: 8.315e-06, Loss_gauge: 0.000e+00, w_pde: 1.00e+00, L^2_error: 7.572e-02, lr: 1.000e-03, Time: 2.65e+03
INFO:src.utils.logger:Model state saved to results\ho\DV\20260305-054940_seed0_ho_DV_bl_layered_e1500_w300_4q_4l\checkpoints\2026-03-05_05-50-04-441757_ho_DV_seed\model.pth
INFO:src.utils.logger:Model weights saved to results\ho\DV\20260305-054940_seed0_ho_DV_bl_layered_e1500_w300_4q_4l\checkpoints\2026-03-05_05-50-04-441757_ho_DV_seed\model_weights.pth
INFO:src.utils.logger:It: 717, Loss: 3.246e-02, Loss_res: 2.706e-02,  Loss_bcs: 4.564e-04, Loss_ut_ics: 2.453e-05, Loss_norm: 8.027e-06, Loss_gauge: 0.000e+00, w_pde: 1.00e+00, L^2_error: 7.560e-02, lr: 1.000e-03, Time: 2.65e+03
INFO:src.utils.logger:Model state saved to results\ho\DV\20260305-054940_seed0_ho_DV_bl_layered_e1500_w300_4q_4l\checkpoints\2026-03-05_05-50-04-441757_ho_DV_seed\model.pth
INFO:src.utils.logger:Model weights saved to results\ho\DV\20260305-054940_seed0_ho_DV_bl_layered_e1500_w300_4q_4l\checkpoints\2026-03-05_05-50-04-441757_ho_DV_seed\model_weights.pth
INFO:src.utils.logger:It: 718, Loss: 3.188e-02, Loss_res: 2.649e-02,  Loss_bcs: 4.515e-04, Loss_ut_ics: 2.448e-05, Loss_norm: 8.247e-06, Loss_gauge: 0.000e+00, w_pde: 1.00e+00, L^2_error: 7.549e-02, lr: 1.000e-03, Time: 2.66e+03
INFO:src.utils.logger:Model state saved to results\ho\DV\20260305-054940_seed0_ho_DV_bl_layered_e1500_w300_4q_4l\checkpoints\2026-03-05_05-50-04-441757_ho_DV_seed\model.pth
INFO:src.utils.logger:Model weights saved to results\ho\DV\20260305-054940_seed0_ho_DV_bl_layered_e1500_w300_4q_4l\checkpoints\2026-03-05_05-50-04-441757_ho_DV_seed\model_weights.pth
INFO:src.utils.logger:It: 719, Loss: 3.139e-02, Loss_res: 2.601e-02,  Loss_bcs: 4.474e-04, Loss_ut_ics: 2.441e-05, Loss_norm: 8.641e-06, Loss_gauge: 0.000e+00, w_pde: 1.00e+00, L^2_error: 7.538e-02, lr: 1.000e-03, Time: 2.66e+03
INFO:src.utils.logger:Model state saved to results\ho\DV\20260305-054940_seed0_ho_DV_bl_layered_e1500_w300_4q_4l\checkpoints\2026-03-05_05-50-04-441757_ho_DV_seed\model.pth
INFO:src.utils.logger:Model weights saved to results\ho\DV\20260305-054940_seed0_ho_DV_bl_layered_e1500_w300_4q_4l\checkpoints\2026-03-05_05-50-04-441757_ho_DV_seed\model_weights.pth
INFO:src.utils.logger:It: 720, Loss: 3.223e-02, Loss_res: 2.687e-02,  Loss_bcs: 4.472e-04, Loss_ut_ics: 2.432e-05, Loss_norm: 9.094e-06, Loss_gauge: 0.000e+00, w_pde: 1.00e+00, L^2_error: 7.527e-02, lr: 1.000e-03, Time: 2.67e+03
INFO:src.utils.logger:Model state saved to results\ho\DV\20260305-054940_seed0_ho_DV_bl_layered_e1500_w300_4q_4l\checkpoints\2026-03-05_05-50-04-441757_ho_DV_seed\model.pth
INFO:src.utils.logger:Model weights saved to results\ho\DV\20260305-054940_seed0_ho_DV_bl_layered_e1500_w300_4q_4l\checkpoints\2026-03-05_05-50-04-441757_ho_DV_seed\model_weights.pth
INFO:src.utils.logger:It: 721, Loss: 3.214e-02, Loss_res: 2.680e-02,  Loss_bcs: 4.467e-04, Loss_ut_ics: 2.424e-05, Loss_norm: 9.322e-06, Loss_gauge: 0.000e+00, w_pde: 1.00e+00, L^2_error: 7.517e-02, lr: 1.000e-03, Time: 2.67e+03
INFO:src.utils.logger:Model state saved to results\ho\DV\20260305-054940_seed0_ho_DV_bl_layered_e1500_w300_4q_4l\checkpoints\2026-03-05_05-50-04-441757_ho_DV_seed\model.pth
INFO:src.utils.logger:Model weights saved to results\ho\DV\20260305-054940_seed0_ho_DV_bl_layered_e1500_w300_4q_4l\checkpoints\2026-03-05_05-50-04-441757_ho_DV_seed\model_weights.pth
INFO:src.utils.logger:It: 722, Loss: 3.125e-02, Loss_res: 2.592e-02,  Loss_bcs: 4.467e-04, Loss_ut_ics: 2.416e-05, Loss_norm: 9.435e-06, Loss_gauge: 0.000e+00, w_pde: 1.00e+00, L^2_error: 7.508e-02, lr: 1.000e-03, Time: 2.67e+03
INFO:src.utils.logger:Model state saved to results\ho\DV\20260305-054940_seed0_ho_DV_bl_layered_e1500_w300_4q_4l\checkpoints\2026-03-05_05-50-04-441757_ho_DV_seed\model.pth
INFO:src.utils.logger:Model weights saved to results\ho\DV\20260305-054940_seed0_ho_DV_bl_layered_e1500_w300_4q_4l\checkpoints\2026-03-05_05-50-04-441757_ho_DV_seed\model_weights.pth
INFO:src.utils.logger:It: 723, Loss: 3.223e-02, Loss_res: 2.691e-02,  Loss_bcs: 4.476e-04, Loss_ut_ics: 2.411e-05, Loss_norm: 9.289e-06, Loss_gauge: 0.000e+00, w_pde: 1.00e+00, L^2_error: 7.499e-02, lr: 1.000e-03, Time: 2.68e+03
INFO:src.utils.logger:Model state saved to results\ho\DV\20260305-054940_seed0_ho_DV_bl_layered_e1500_w300_4q_4l\checkpoints\2026-03-05_05-50-04-441757_ho_DV_seed\model.pth
INFO:src.utils.logger:Model weights saved to results\ho\DV\20260305-054940_seed0_ho_DV_bl_layered_e1500_w300_4q_4l\checkpoints\2026-03-05_05-50-04-441757_ho_DV_seed\model_weights.pth
INFO:src.utils.logger:It: 724, Loss: 3.186e-02, Loss_res: 2.655e-02,  Loss_bcs: 4.474e-04, Loss_ut_ics: 2.410e-05, Loss_norm: 9.009e-06, Loss_gauge: 0.000e+00, w_pde: 1.00e+00, L^2_error: 7.490e-02, lr: 1.000e-03, Time: 2.68e+03
INFO:src.utils.logger:Model state saved to results\ho\DV\20260305-054940_seed0_ho_DV_bl_layered_e1500_w300_4q_4l\checkpoints\2026-03-05_05-50-04-441757_ho_DV_seed\model.pth
INFO:src.utils.logger:Model weights saved to results\ho\DV\20260305-054940_seed0_ho_DV_bl_layered_e1500_w300_4q_4l\checkpoints\2026-03-05_05-50-04-441757_ho_DV_seed\model_weights.pth
INFO:src.utils.logger:It: 725, Loss: 3.272e-02, Loss_res: 2.741e-02,  Loss_bcs: 4.499e-04, Loss_ut_ics: 2.411e-05, Loss_norm: 8.685e-06, Loss_gauge: 0.000e+00, w_pde: 1.00e+00, L^2_error: 7.480e-02, lr: 1.000e-03, Time: 2.68e+03
INFO:src.utils.logger:Model state saved to results\ho\DV\20260305-054940_seed0_ho_DV_bl_layered_e1500_w300_4q_4l\checkpoints\2026-03-05_05-50-04-441757_ho_DV_seed\model.pth
INFO:src.utils.logger:Model weights saved to results\ho\DV\20260305-054940_seed0_ho_DV_bl_layered_e1500_w300_4q_4l\checkpoints\2026-03-05_05-50-04-441757_ho_DV_seed\model_weights.pth
INFO:src.utils.logger:It: 726, Loss: 3.219e-02, Loss_res: 2.687e-02,  Loss_bcs: 4.474e-04, Loss_ut_ics: 2.411e-05, Loss_norm: 8.535e-06, Loss_gauge: 0.000e+00, w_pde: 1.00e+00, L^2_error: 7.469e-02, lr: 1.000e-03, Time: 2.69e+03
INFO:src.utils.logger:Model state saved to results\ho\DV\20260305-054940_seed0_ho_DV_bl_layered_e1500_w300_4q_4l\checkpoints\2026-03-05_05-50-04-441757_ho_DV_seed\model.pth
INFO:src.utils.logger:Model weights saved to results\ho\DV\20260305-054940_seed0_ho_DV_bl_layered_e1500_w300_4q_4l\checkpoints\2026-03-05_05-50-04-441757_ho_DV_seed\model_weights.pth
INFO:src.utils.logger:It: 727, Loss: 2.930e-02, Loss_res: 2.399e-02,  Loss_bcs: 4.489e-04, Loss_ut_ics: 2.410e-05, Loss_norm: 8.696e-06, Loss_gauge: 0.000e+00, w_pde: 1.00e+00, L^2_error: 7.457e-02, lr: 1.000e-03, Time: 2.69e+03
INFO:src.utils.logger:Model state saved to results\ho\DV\20260305-054940_seed0_ho_DV_bl_layered_e1500_w300_4q_4l\checkpoints\2026-03-05_05-50-04-441757_ho_DV_seed\model.pth
INFO:src.utils.logger:Model weights saved to results\ho\DV\20260305-054940_seed0_ho_DV_bl_layered_e1500_w300_4q_4l\checkpoints\2026-03-05_05-50-04-441757_ho_DV_seed\model_weights.pth
INFO:src.utils.logger:It: 728, Loss: 3.286e-02, Loss_res: 2.755e-02,  Loss_bcs: 4.503e-04, Loss_ut_ics: 2.410e-05, Loss_norm: 8.793e-06, Loss_gauge: 0.000e+00, w_pde: 1.00e+00, L^2_error: 7.445e-02, lr: 1.000e-03, Time: 2.70e+03
INFO:src.utils.logger:Model state saved to results\ho\DV\20260305-054940_seed0_ho_DV_bl_layered_e1500_w300_4q_4l\checkpoints\2026-03-05_05-50-04-441757_ho_DV_seed\model.pth
INFO:src.utils.logger:Model weights saved to results\ho\DV\20260305-054940_seed0_ho_DV_bl_layered_e1500_w300_4q_4l\checkpoints\2026-03-05_05-50-04-441757_ho_DV_seed\model_weights.pth
INFO:src.utils.logger:It: 729, Loss: 3.256e-02, Loss_res: 2.724e-02,  Loss_bcs: 4.519e-04, Loss_ut_ics: 2.410e-05, Loss_norm: 8.975e-06, Loss_gauge: 0.000e+00, w_pde: 1.00e+00, L^2_error: 7.432e-02, lr: 1.000e-03, Time: 2.70e+03
INFO:src.utils.logger:Model state saved to results\ho\DV\20260305-054940_seed0_ho_DV_bl_layered_e1500_w300_4q_4l\checkpoints\2026-03-05_05-50-04-441757_ho_DV_seed\model.pth
INFO:src.utils.logger:Model weights saved to results\ho\DV\20260305-054940_seed0_ho_DV_bl_layered_e1500_w300_4q_4l\checkpoints\2026-03-05_05-50-04-441757_ho_DV_seed\model_weights.pth
INFO:src.utils.logger:It: 730, Loss: 3.090e-02, Loss_res: 2.559e-02,  Loss_bcs: 4.500e-04, Loss_ut_ics: 2.407e-05, Loss_norm: 9.292e-06, Loss_gauge: 0.000e+00, w_pde: 1.00e+00, L^2_error: 7.418e-02, lr: 1.000e-03, Time: 2.70e+03
INFO:src.utils.logger:Model state saved to results\ho\DV\20260305-054940_seed0_ho_DV_bl_layered_e1500_w300_4q_4l\checkpoints\2026-03-05_05-50-04-441757_ho_DV_seed\model.pth
INFO:src.utils.logger:Model weights saved to results\ho\DV\20260305-054940_seed0_ho_DV_bl_layered_e1500_w300_4q_4l\checkpoints\2026-03-05_05-50-04-441757_ho_DV_seed\model_weights.pth
INFO:src.utils.logger:It: 731, Loss: 3.220e-02, Loss_res: 2.690e-02,  Loss_bcs: 4.497e-04, Loss_ut_ics: 2.401e-05, Loss_norm: 9.665e-06, Loss_gauge: 0.000e+00, w_pde: 1.00e+00, L^2_error: 7.405e-02, lr: 1.000e-03, Time: 2.71e+03
INFO:src.utils.logger:Model state saved to results\ho\DV\20260305-054940_seed0_ho_DV_bl_layered_e1500_w300_4q_4l\checkpoints\2026-03-05_05-50-04-441757_ho_DV_seed\model.pth
INFO:src.utils.logger:Model weights saved to results\ho\DV\20260305-054940_seed0_ho_DV_bl_layered_e1500_w300_4q_4l\checkpoints\2026-03-05_05-50-04-441757_ho_DV_seed\model_weights.pth
INFO:src.utils.logger:It: 732, Loss: 3.258e-02, Loss_res: 2.729e-02,  Loss_bcs: 4.489e-04, Loss_ut_ics: 2.396e-05, Loss_norm: 9.866e-06, Loss_gauge: 0.000e+00, w_pde: 1.00e+00, L^2_error: 7.392e-02, lr: 1.000e-03, Time: 2.71e+03
INFO:src.utils.logger:Model state saved to results\ho\DV\20260305-054940_seed0_ho_DV_bl_layered_e1500_w300_4q_4l\checkpoints\2026-03-05_05-50-04-441757_ho_DV_seed\model.pth
INFO:src.utils.logger:Model weights saved to results\ho\DV\20260305-054940_seed0_ho_DV_bl_layered_e1500_w300_4q_4l\checkpoints\2026-03-05_05-50-04-441757_ho_DV_seed\model_weights.pth
INFO:src.utils.logger:It: 733, Loss: 3.077e-02, Loss_res: 2.549e-02,  Loss_bcs: 4.498e-04, Loss_ut_ics: 2.391e-05, Loss_norm: 9.943e-06, Loss_gauge: 0.000e+00, w_pde: 1.00e+00, L^2_error: 7.380e-02, lr: 1.000e-03, Time: 2.71e+03
INFO:src.utils.logger:Model state saved to results\ho\DV\20260305-054940_seed0_ho_DV_bl_layered_e1500_w300_4q_4l\checkpoints\2026-03-05_05-50-04-441757_ho_DV_seed\model.pth
INFO:src.utils.logger:Model weights saved to results\ho\DV\20260305-054940_seed0_ho_DV_bl_layered_e1500_w300_4q_4l\checkpoints\2026-03-05_05-50-04-441757_ho_DV_seed\model_weights.pth
INFO:src.utils.logger:It: 734, Loss: 2.966e-02, Loss_res: 2.439e-02,  Loss_bcs: 4.483e-04, Loss_ut_ics: 2.386e-05, Loss_norm: 9.776e-06, Loss_gauge: 0.000e+00, w_pde: 1.00e+00, L^2_error: 7.370e-02, lr: 1.000e-03, Time: 2.72e+03
INFO:src.utils.logger:Model state saved to results\ho\DV\20260305-054940_seed0_ho_DV_bl_layered_e1500_w300_4q_4l\checkpoints\2026-03-05_05-50-04-441757_ho_DV_seed\model.pth
INFO:src.utils.logger:Model weights saved to results\ho\DV\20260305-054940_seed0_ho_DV_bl_layered_e1500_w300_4q_4l\checkpoints\2026-03-05_05-50-04-441757_ho_DV_seed\model_weights.pth
INFO:src.utils.logger:It: 735, Loss: 3.040e-02, Loss_res: 2.514e-02,  Loss_bcs: 4.467e-04, Loss_ut_ics: 2.382e-05, Loss_norm: 9.541e-06, Loss_gauge: 0.000e+00, w_pde: 1.00e+00, L^2_error: 7.360e-02, lr: 1.000e-03, Time: 2.72e+03
INFO:src.utils.logger:Model state saved to results\ho\DV\20260305-054940_seed0_ho_DV_bl_layered_e1500_w300_4q_4l\checkpoints\2026-03-05_05-50-04-441757_ho_DV_seed\model.pth
INFO:src.utils.logger:Model weights saved to results\ho\DV\20260305-054940_seed0_ho_DV_bl_layered_e1500_w300_4q_4l\checkpoints\2026-03-05_05-50-04-441757_ho_DV_seed\model_weights.pth
INFO:src.utils.logger:It: 736, Loss: 3.238e-02, Loss_res: 2.714e-02,  Loss_bcs: 4.449e-04, Loss_ut_ics: 2.377e-05, Loss_norm: 9.210e-06, Loss_gauge: 0.000e+00, w_pde: 1.00e+00, L^2_error: 7.351e-02, lr: 1.000e-03, Time: 2.73e+03
INFO:src.utils.logger:Model state saved to results\ho\DV\20260305-054940_seed0_ho_DV_bl_layered_e1500_w300_4q_4l\checkpoints\2026-03-05_05-50-04-441757_ho_DV_seed\model.pth
INFO:src.utils.logger:Model weights saved to results\ho\DV\20260305-054940_seed0_ho_DV_bl_layered_e1500_w300_4q_4l\checkpoints\2026-03-05_05-50-04-441757_ho_DV_seed\model_weights.pth
INFO:src.utils.logger:It: 737, Loss: 2.990e-02, Loss_res: 2.467e-02,  Loss_bcs: 4.448e-04, Loss_ut_ics: 2.372e-05, Loss_norm: 8.956e-06, Loss_gauge: 0.000e+00, w_pde: 1.00e+00, L^2_error: 7.342e-02, lr: 1.000e-03, Time: 2.73e+03
INFO:src.utils.logger:Model state saved to results\ho\DV\20260305-054940_seed0_ho_DV_bl_layered_e1500_w300_4q_4l\checkpoints\2026-03-05_05-50-04-441757_ho_DV_seed\model.pth
INFO:src.utils.logger:Model weights saved to results\ho\DV\20260305-054940_seed0_ho_DV_bl_layered_e1500_w300_4q_4l\checkpoints\2026-03-05_05-50-04-441757_ho_DV_seed\model_weights.pth
INFO:src.utils.logger:It: 738, Loss: 3.174e-02, Loss_res: 2.652e-02,  Loss_bcs: 4.390e-04, Loss_ut_ics: 2.368e-05, Loss_norm: 8.719e-06, Loss_gauge: 0.000e+00, w_pde: 1.00e+00, L^2_error: 7.333e-02, lr: 1.000e-03, Time: 2.73e+03
INFO:src.utils.logger:Model state saved to results\ho\DV\20260305-054940_seed0_ho_DV_bl_layered_e1500_w300_4q_4l\checkpoints\2026-03-05_05-50-04-441757_ho_DV_seed\model.pth
INFO:src.utils.logger:Model weights saved to results\ho\DV\20260305-054940_seed0_ho_DV_bl_layered_e1500_w300_4q_4l\checkpoints\2026-03-05_05-50-04-441757_ho_DV_seed\model_weights.pth
INFO:src.utils.logger:It: 739, Loss: 3.299e-02, Loss_res: 2.778e-02,  Loss_bcs: 4.384e-04, Loss_ut_ics: 2.363e-05, Loss_norm: 8.604e-06, Loss_gauge: 0.000e+00, w_pde: 1.00e+00, L^2_error: 7.323e-02, lr: 1.000e-03, Time: 2.74e+03
INFO:src.utils.logger:Model state saved to results\ho\DV\20260305-054940_seed0_ho_DV_bl_layered_e1500_w300_4q_4l\checkpoints\2026-03-05_05-50-04-441757_ho_DV_seed\model.pth
INFO:src.utils.logger:Model weights saved to results\ho\DV\20260305-054940_seed0_ho_DV_bl_layered_e1500_w300_4q_4l\checkpoints\2026-03-05_05-50-04-441757_ho_DV_seed\model_weights.pth
INFO:src.utils.logger:It: 740, Loss: 3.219e-02, Loss_res: 2.699e-02,  Loss_bcs: 4.367e-04, Loss_ut_ics: 2.359e-05, Loss_norm: 8.585e-06, Loss_gauge: 0.000e+00, w_pde: 1.00e+00, L^2_error: 7.312e-02, lr: 1.000e-03, Time: 2.74e+03
INFO:src.utils.logger:Model state saved to results\ho\DV\20260305-054940_seed0_ho_DV_bl_layered_e1500_w300_4q_4l\checkpoints\2026-03-05_05-50-04-441757_ho_DV_seed\model.pth
INFO:src.utils.logger:Model weights saved to results\ho\DV\20260305-054940_seed0_ho_DV_bl_layered_e1500_w300_4q_4l\checkpoints\2026-03-05_05-50-04-441757_ho_DV_seed\model_weights.pth
INFO:src.utils.logger:It: 741, Loss: 3.109e-02, Loss_res: 2.590e-02,  Loss_bcs: 4.352e-04, Loss_ut_ics: 2.356e-05, Loss_norm: 8.600e-06, Loss_gauge: 0.000e+00, w_pde: 1.00e+00, L^2_error: 7.300e-02, lr: 1.000e-03, Time: 2.74e+03
INFO:src.utils.logger:Model state saved to results\ho\DV\20260305-054940_seed0_ho_DV_bl_layered_e1500_w300_4q_4l\checkpoints\2026-03-05_05-50-04-441757_ho_DV_seed\model.pth
INFO:src.utils.logger:Model weights saved to results\ho\DV\20260305-054940_seed0_ho_DV_bl_layered_e1500_w300_4q_4l\checkpoints\2026-03-05_05-50-04-441757_ho_DV_seed\model_weights.pth
INFO:src.utils.logger:It: 742, Loss: 2.991e-02, Loss_res: 2.472e-02,  Loss_bcs: 4.375e-04, Loss_ut_ics: 2.352e-05, Loss_norm: 8.499e-06, Loss_gauge: 0.000e+00, w_pde: 1.00e+00, L^2_error: 7.288e-02, lr: 1.000e-03, Time: 2.75e+03
INFO:src.utils.logger:Model state saved to results\ho\DV\20260305-054940_seed0_ho_DV_bl_layered_e1500_w300_4q_4l\checkpoints\2026-03-05_05-50-04-441757_ho_DV_seed\model.pth
INFO:src.utils.logger:Model weights saved to results\ho\DV\20260305-054940_seed0_ho_DV_bl_layered_e1500_w300_4q_4l\checkpoints\2026-03-05_05-50-04-441757_ho_DV_seed\model_weights.pth
INFO:src.utils.logger:It: 743, Loss: 2.932e-02, Loss_res: 2.415e-02,  Loss_bcs: 4.337e-04, Loss_ut_ics: 2.349e-05, Loss_norm: 8.330e-06, Loss_gauge: 0.000e+00, w_pde: 1.00e+00, L^2_error: 7.275e-02, lr: 1.000e-03, Time: 2.75e+03
INFO:src.utils.logger:Model state saved to results\ho\DV\20260305-054940_seed0_ho_DV_bl_layered_e1500_w300_4q_4l\checkpoints\2026-03-05_05-50-04-441757_ho_DV_seed\model.pth
INFO:src.utils.logger:Model weights saved to results\ho\DV\20260305-054940_seed0_ho_DV_bl_layered_e1500_w300_4q_4l\checkpoints\2026-03-05_05-50-04-441757_ho_DV_seed\model_weights.pth
INFO:src.utils.logger:It: 744, Loss: 2.952e-02, Loss_res: 2.435e-02,  Loss_bcs: 4.358e-04, Loss_ut_ics: 2.348e-05, Loss_norm: 7.932e-06, Loss_gauge: 0.000e+00, w_pde: 1.00e+00, L^2_error: 7.262e-02, lr: 1.000e-03, Time: 2.76e+03
INFO:src.utils.logger:Model state saved to results\ho\DV\20260305-054940_seed0_ho_DV_bl_layered_e1500_w300_4q_4l\checkpoints\2026-03-05_05-50-04-441757_ho_DV_seed\model.pth
INFO:src.utils.logger:Model weights saved to results\ho\DV\20260305-054940_seed0_ho_DV_bl_layered_e1500_w300_4q_4l\checkpoints\2026-03-05_05-50-04-441757_ho_DV_seed\model_weights.pth
INFO:src.utils.logger:It: 745, Loss: 2.933e-02, Loss_res: 2.416e-02,  Loss_bcs: 4.405e-04, Loss_ut_ics: 2.347e-05, Loss_norm: 7.637e-06, Loss_gauge: 0.000e+00, w_pde: 1.00e+00, L^2_error: 7.250e-02, lr: 1.000e-03, Time: 2.76e+03
INFO:src.utils.logger:Model state saved to results\ho\DV\20260305-054940_seed0_ho_DV_bl_layered_e1500_w300_4q_4l\checkpoints\2026-03-05_05-50-04-441757_ho_DV_seed\model.pth
INFO:src.utils.logger:Model weights saved to results\ho\DV\20260305-054940_seed0_ho_DV_bl_layered_e1500_w300_4q_4l\checkpoints\2026-03-05_05-50-04-441757_ho_DV_seed\model_weights.pth
INFO:src.utils.logger:It: 746, Loss: 3.116e-02, Loss_res: 2.599e-02,  Loss_bcs: 4.388e-04, Loss_ut_ics: 2.346e-05, Loss_norm: 7.629e-06, Loss_gauge: 0.000e+00, w_pde: 1.00e+00, L^2_error: 7.237e-02, lr: 1.000e-03, Time: 2.76e+03
INFO:src.utils.logger:Model state saved to results\ho\DV\20260305-054940_seed0_ho_DV_bl_layered_e1500_w300_4q_4l\checkpoints\2026-03-05_05-50-04-441757_ho_DV_seed\model.pth
INFO:src.utils.logger:Model weights saved to results\ho\DV\20260305-054940_seed0_ho_DV_bl_layered_e1500_w300_4q_4l\checkpoints\2026-03-05_05-50-04-441757_ho_DV_seed\model_weights.pth
INFO:src.utils.logger:It: 747, Loss: 3.008e-02, Loss_res: 2.491e-02,  Loss_bcs: 4.399e-04, Loss_ut_ics: 2.344e-05, Loss_norm: 7.957e-06, Loss_gauge: 0.000e+00, w_pde: 1.00e+00, L^2_error: 7.225e-02, lr: 1.000e-03, Time: 2.77e+03
INFO:src.utils.logger:Model state saved to results\ho\DV\20260305-054940_seed0_ho_DV_bl_layered_e1500_w300_4q_4l\checkpoints\2026-03-05_05-50-04-441757_ho_DV_seed\model.pth
INFO:src.utils.logger:Model weights saved to results\ho\DV\20260305-054940_seed0_ho_DV_bl_layered_e1500_w300_4q_4l\checkpoints\2026-03-05_05-50-04-441757_ho_DV_seed\model_weights.pth
INFO:src.utils.logger:It: 748, Loss: 2.798e-02, Loss_res: 2.281e-02,  Loss_bcs: 4.368e-04, Loss_ut_ics: 2.341e-05, Loss_norm: 8.563e-06, Loss_gauge: 0.000e+00, w_pde: 1.00e+00, L^2_error: 7.213e-02, lr: 1.000e-03, Time: 2.77e+03
INFO:src.utils.logger:Model state saved to results\ho\DV\20260305-054940_seed0_ho_DV_bl_layered_e1500_w300_4q_4l\checkpoints\2026-03-05_05-50-04-441757_ho_DV_seed\model.pth
INFO:src.utils.logger:Model weights saved to results\ho\DV\20260305-054940_seed0_ho_DV_bl_layered_e1500_w300_4q_4l\checkpoints\2026-03-05_05-50-04-441757_ho_DV_seed\model_weights.pth
INFO:src.utils.logger:It: 749, Loss: 2.959e-02, Loss_res: 2.443e-02,  Loss_bcs: 4.367e-04, Loss_ut_ics: 2.339e-05, Loss_norm: 8.960e-06, Loss_gauge: 0.000e+00, w_pde: 1.00e+00, L^2_error: 7.202e-02, lr: 1.000e-03, Time: 2.77e+03
INFO:src.utils.logger:Model state saved to results\ho\DV\20260305-054940_seed0_ho_DV_bl_layered_e1500_w300_4q_4l\checkpoints\2026-03-05_05-50-04-441757_ho_DV_seed\model.pth
INFO:src.utils.logger:Model weights saved to results\ho\DV\20260305-054940_seed0_ho_DV_bl_layered_e1500_w300_4q_4l\checkpoints\2026-03-05_05-50-04-441757_ho_DV_seed\model_weights.pth
INFO:src.utils.logger:It: 750, Loss: 2.792e-02, Loss_res: 2.277e-02,  Loss_bcs: 4.381e-04, Loss_ut_ics: 2.336e-05, Loss_norm: 9.293e-06, Loss_gauge: 0.000e+00, w_pde: 1.00e+00, L^2_error: 7.192e-02, lr: 1.000e-03, Time: 2.78e+03
INFO:src.utils.logger:Model state saved to results\ho\DV\20260305-054940_seed0_ho_DV_bl_layered_e1500_w300_4q_4l\checkpoints\2026-03-05_05-50-04-441757_ho_DV_seed\model.pth
INFO:src.utils.logger:Model weights saved to results\ho\DV\20260305-054940_seed0_ho_DV_bl_layered_e1500_w300_4q_4l\checkpoints\2026-03-05_05-50-04-441757_ho_DV_seed\model_weights.pth
INFO:src.utils.logger:It: 751, Loss: 3.061e-02, Loss_res: 2.546e-02,  Loss_bcs: 4.366e-04, Loss_ut_ics: 2.334e-05, Loss_norm: 9.266e-06, Loss_gauge: 0.000e+00, w_pde: 1.00e+00, L^2_error: 7.182e-02, lr: 1.000e-03, Time: 2.78e+03
INFO:src.utils.logger:Model state saved to results\ho\DV\20260305-054940_seed0_ho_DV_bl_layered_e1500_w300_4q_4l\checkpoints\2026-03-05_05-50-04-441757_ho_DV_seed\model.pth
INFO:src.utils.logger:Model weights saved to results\ho\DV\20260305-054940_seed0_ho_DV_bl_layered_e1500_w300_4q_4l\checkpoints\2026-03-05_05-50-04-441757_ho_DV_seed\model_weights.pth
INFO:src.utils.logger:It: 752, Loss: 2.900e-02, Loss_res: 2.386e-02,  Loss_bcs: 4.345e-04, Loss_ut_ics: 2.331e-05, Loss_norm: 9.122e-06, Loss_gauge: 0.000e+00, w_pde: 1.00e+00, L^2_error: 7.172e-02, lr: 1.000e-03, Time: 2.79e+03
INFO:src.utils.logger:Model state saved to results\ho\DV\20260305-054940_seed0_ho_DV_bl_layered_e1500_w300_4q_4l\checkpoints\2026-03-05_05-50-04-441757_ho_DV_seed\model.pth
INFO:src.utils.logger:Model weights saved to results\ho\DV\20260305-054940_seed0_ho_DV_bl_layered_e1500_w300_4q_4l\checkpoints\2026-03-05_05-50-04-441757_ho_DV_seed\model_weights.pth
INFO:src.utils.logger:It: 753, Loss: 3.050e-02, Loss_res: 2.536e-02,  Loss_bcs: 4.370e-04, Loss_ut_ics: 2.326e-05, Loss_norm: 8.895e-06, Loss_gauge: 0.000e+00, w_pde: 1.00e+00, L^2_error: 7.161e-02, lr: 1.000e-03, Time: 2.79e+03
INFO:src.utils.logger:Model state saved to results\ho\DV\20260305-054940_seed0_ho_DV_bl_layered_e1500_w300_4q_4l\checkpoints\2026-03-05_05-50-04-441757_ho_DV_seed\model.pth
INFO:src.utils.logger:Model weights saved to results\ho\DV\20260305-054940_seed0_ho_DV_bl_layered_e1500_w300_4q_4l\checkpoints\2026-03-05_05-50-04-441757_ho_DV_seed\model_weights.pth
INFO:src.utils.logger:It: 754, Loss: 3.036e-02, Loss_res: 2.524e-02,  Loss_bcs: 4.343e-04, Loss_ut_ics: 2.320e-05, Loss_norm: 8.580e-06, Loss_gauge: 0.000e+00, w_pde: 1.00e+00, L^2_error: 7.150e-02, lr: 1.000e-03, Time: 2.79e+03
INFO:src.utils.logger:Model state saved to results\ho\DV\20260305-054940_seed0_ho_DV_bl_layered_e1500_w300_4q_4l\checkpoints\2026-03-05_05-50-04-441757_ho_DV_seed\model.pth
INFO:src.utils.logger:Model weights saved to results\ho\DV\20260305-054940_seed0_ho_DV_bl_layered_e1500_w300_4q_4l\checkpoints\2026-03-05_05-50-04-441757_ho_DV_seed\model_weights.pth
INFO:src.utils.logger:It: 755, Loss: 2.809e-02, Loss_res: 2.299e-02,  Loss_bcs: 4.313e-04, Loss_ut_ics: 2.316e-05, Loss_norm: 8.103e-06, Loss_gauge: 0.000e+00, w_pde: 1.00e+00, L^2_error: 7.139e-02, lr: 1.000e-03, Time: 2.80e+03
INFO:src.utils.logger:Model state saved to results\ho\DV\20260305-054940_seed0_ho_DV_bl_layered_e1500_w300_4q_4l\checkpoints\2026-03-05_05-50-04-441757_ho_DV_seed\model.pth
INFO:src.utils.logger:Model weights saved to results\ho\DV\20260305-054940_seed0_ho_DV_bl_layered_e1500_w300_4q_4l\checkpoints\2026-03-05_05-50-04-441757_ho_DV_seed\model_weights.pth
INFO:src.utils.logger:It: 756, Loss: 2.792e-02, Loss_res: 2.283e-02,  Loss_bcs: 4.341e-04, Loss_ut_ics: 2.311e-05, Loss_norm: 7.746e-06, Loss_gauge: 0.000e+00, w_pde: 1.00e+00, L^2_error: 7.129e-02, lr: 1.000e-03, Time: 2.80e+03
INFO:src.utils.logger:Model state saved to results\ho\DV\20260305-054940_seed0_ho_DV_bl_layered_e1500_w300_4q_4l\checkpoints\2026-03-05_05-50-04-441757_ho_DV_seed\model.pth
INFO:src.utils.logger:Model weights saved to results\ho\DV\20260305-054940_seed0_ho_DV_bl_layered_e1500_w300_4q_4l\checkpoints\2026-03-05_05-50-04-441757_ho_DV_seed\model_weights.pth
INFO:src.utils.logger:It: 757, Loss: 2.974e-02, Loss_res: 2.466e-02,  Loss_bcs: 4.294e-04, Loss_ut_ics: 2.306e-05, Loss_norm: 7.483e-06, Loss_gauge: 0.000e+00, w_pde: 1.00e+00, L^2_error: 7.119e-02, lr: 1.000e-03, Time: 2.80e+03
INFO:src.utils.logger:Model state saved to results\ho\DV\20260305-054940_seed0_ho_DV_bl_layered_e1500_w300_4q_4l\checkpoints\2026-03-05_05-50-04-441757_ho_DV_seed\model.pth
INFO:src.utils.logger:Model weights saved to results\ho\DV\20260305-054940_seed0_ho_DV_bl_layered_e1500_w300_4q_4l\checkpoints\2026-03-05_05-50-04-441757_ho_DV_seed\model_weights.pth
INFO:src.utils.logger:It: 758, Loss: 2.930e-02, Loss_res: 2.422e-02,  Loss_bcs: 4.313e-04, Loss_ut_ics: 2.303e-05, Loss_norm: 7.365e-06, Loss_gauge: 0.000e+00, w_pde: 1.00e+00, L^2_error: 7.108e-02, lr: 1.000e-03, Time: 2.81e+03
INFO:src.utils.logger:Model state saved to results\ho\DV\20260305-054940_seed0_ho_DV_bl_layered_e1500_w300_4q_4l\checkpoints\2026-03-05_05-50-04-441757_ho_DV_seed\model.pth
INFO:src.utils.logger:Model weights saved to results\ho\DV\20260305-054940_seed0_ho_DV_bl_layered_e1500_w300_4q_4l\checkpoints\2026-03-05_05-50-04-441757_ho_DV_seed\model_weights.pth
INFO:src.utils.logger:It: 759, Loss: 2.972e-02, Loss_res: 2.465e-02,  Loss_bcs: 4.336e-04, Loss_ut_ics: 2.299e-05, Loss_norm: 7.395e-06, Loss_gauge: 0.000e+00, w_pde: 1.00e+00, L^2_error: 7.097e-02, lr: 1.000e-03, Time: 2.81e+03
INFO:src.utils.logger:Model state saved to results\ho\DV\20260305-054940_seed0_ho_DV_bl_layered_e1500_w300_4q_4l\checkpoints\2026-03-05_05-50-04-441757_ho_DV_seed\model.pth
INFO:src.utils.logger:Model weights saved to results\ho\DV\20260305-054940_seed0_ho_DV_bl_layered_e1500_w300_4q_4l\checkpoints\2026-03-05_05-50-04-441757_ho_DV_seed\model_weights.pth
INFO:src.utils.logger:It: 760, Loss: 2.930e-02, Loss_res: 2.424e-02,  Loss_bcs: 4.286e-04, Loss_ut_ics: 2.295e-05, Loss_norm: 7.704e-06, Loss_gauge: 0.000e+00, w_pde: 1.00e+00, L^2_error: 7.086e-02, lr: 1.000e-03, Time: 2.82e+03
INFO:src.utils.logger:Model state saved to results\ho\DV\20260305-054940_seed0_ho_DV_bl_layered_e1500_w300_4q_4l\checkpoints\2026-03-05_05-50-04-441757_ho_DV_seed\model.pth
INFO:src.utils.logger:Model weights saved to results\ho\DV\20260305-054940_seed0_ho_DV_bl_layered_e1500_w300_4q_4l\checkpoints\2026-03-05_05-50-04-441757_ho_DV_seed\model_weights.pth
INFO:src.utils.logger:It: 761, Loss: 2.803e-02, Loss_res: 2.298e-02,  Loss_bcs: 4.263e-04, Loss_ut_ics: 2.291e-05, Loss_norm: 8.210e-06, Loss_gauge: 0.000e+00, w_pde: 1.00e+00, L^2_error: 7.075e-02, lr: 1.000e-03, Time: 2.82e+03
INFO:src.utils.logger:Model state saved to results\ho\DV\20260305-054940_seed0_ho_DV_bl_layered_e1500_w300_4q_4l\checkpoints\2026-03-05_05-50-04-441757_ho_DV_seed\model.pth
INFO:src.utils.logger:Model weights saved to results\ho\DV\20260305-054940_seed0_ho_DV_bl_layered_e1500_w300_4q_4l\checkpoints\2026-03-05_05-50-04-441757_ho_DV_seed\model_weights.pth
INFO:src.utils.logger:It: 762, Loss: 3.012e-02, Loss_res: 2.507e-02,  Loss_bcs: 4.267e-04, Loss_ut_ics: 2.289e-05, Loss_norm: 8.373e-06, Loss_gauge: 0.000e+00, w_pde: 1.00e+00, L^2_error: 7.063e-02, lr: 1.000e-03, Time: 2.82e+03
INFO:src.utils.logger:Model state saved to results\ho\DV\20260305-054940_seed0_ho_DV_bl_layered_e1500_w300_4q_4l\checkpoints\2026-03-05_05-50-04-441757_ho_DV_seed\model.pth
INFO:src.utils.logger:Model weights saved to results\ho\DV\20260305-054940_seed0_ho_DV_bl_layered_e1500_w300_4q_4l\checkpoints\2026-03-05_05-50-04-441757_ho_DV_seed\model_weights.pth
INFO:src.utils.logger:It: 763, Loss: 2.738e-02, Loss_res: 2.233e-02,  Loss_bcs: 4.304e-04, Loss_ut_ics: 2.289e-05, Loss_norm: 8.236e-06, Loss_gauge: 0.000e+00, w_pde: 1.00e+00, L^2_error: 7.052e-02, lr: 1.000e-03, Time: 2.83e+03
INFO:src.utils.logger:Model state saved to results\ho\DV\20260305-054940_seed0_ho_DV_bl_layered_e1500_w300_4q_4l\checkpoints\2026-03-05_05-50-04-441757_ho_DV_seed\model.pth
INFO:src.utils.logger:Model weights saved to results\ho\DV\20260305-054940_seed0_ho_DV_bl_layered_e1500_w300_4q_4l\checkpoints\2026-03-05_05-50-04-441757_ho_DV_seed\model_weights.pth
INFO:src.utils.logger:It: 764, Loss: 2.870e-02, Loss_res: 2.366e-02,  Loss_bcs: 4.268e-04, Loss_ut_ics: 2.288e-05, Loss_norm: 8.072e-06, Loss_gauge: 0.000e+00, w_pde: 1.00e+00, L^2_error: 7.040e-02, lr: 1.000e-03, Time: 2.83e+03
INFO:src.utils.logger:Model state saved to results\ho\DV\20260305-054940_seed0_ho_DV_bl_layered_e1500_w300_4q_4l\checkpoints\2026-03-05_05-50-04-441757_ho_DV_seed\model.pth
INFO:src.utils.logger:Model weights saved to results\ho\DV\20260305-054940_seed0_ho_DV_bl_layered_e1500_w300_4q_4l\checkpoints\2026-03-05_05-50-04-441757_ho_DV_seed\model_weights.pth
INFO:src.utils.logger:It: 765, Loss: 2.906e-02, Loss_res: 2.402e-02,  Loss_bcs: 4.273e-04, Loss_ut_ics: 2.285e-05, Loss_norm: 7.984e-06, Loss_gauge: 0.000e+00, w_pde: 1.00e+00, L^2_error: 7.029e-02, lr: 1.000e-03, Time: 2.83e+03
INFO:src.utils.logger:Model state saved to results\ho\DV\20260305-054940_seed0_ho_DV_bl_layered_e1500_w300_4q_4l\checkpoints\2026-03-05_05-50-04-441757_ho_DV_seed\model.pth
INFO:src.utils.logger:Model weights saved to results\ho\DV\20260305-054940_seed0_ho_DV_bl_layered_e1500_w300_4q_4l\checkpoints\2026-03-05_05-50-04-441757_ho_DV_seed\model_weights.pth
INFO:src.utils.logger:It: 766, Loss: 2.572e-02, Loss_res: 2.069e-02,  Loss_bcs: 4.247e-04, Loss_ut_ics: 2.282e-05, Loss_norm: 7.760e-06, Loss_gauge: 0.000e+00, w_pde: 1.00e+00, L^2_error: 7.019e-02, lr: 1.000e-03, Time: 2.84e+03
INFO:src.utils.logger:Model state saved to results\ho\DV\20260305-054940_seed0_ho_DV_bl_layered_e1500_w300_4q_4l\checkpoints\2026-03-05_05-50-04-441757_ho_DV_seed\model.pth
INFO:src.utils.logger:Model weights saved to results\ho\DV\20260305-054940_seed0_ho_DV_bl_layered_e1500_w300_4q_4l\checkpoints\2026-03-05_05-50-04-441757_ho_DV_seed\model_weights.pth
INFO:src.utils.logger:It: 767, Loss: 2.871e-02, Loss_res: 2.369e-02,  Loss_bcs: 4.283e-04, Loss_ut_ics: 2.279e-05, Loss_norm: 7.569e-06, Loss_gauge: 0.000e+00, w_pde: 1.00e+00, L^2_error: 7.008e-02, lr: 1.000e-03, Time: 2.84e+03
INFO:src.utils.logger:Model state saved to results\ho\DV\20260305-054940_seed0_ho_DV_bl_layered_e1500_w300_4q_4l\checkpoints\2026-03-05_05-50-04-441757_ho_DV_seed\model.pth
INFO:src.utils.logger:Model weights saved to results\ho\DV\20260305-054940_seed0_ho_DV_bl_layered_e1500_w300_4q_4l\checkpoints\2026-03-05_05-50-04-441757_ho_DV_seed\model_weights.pth
INFO:src.utils.logger:It: 768, Loss: 2.851e-02, Loss_res: 2.350e-02,  Loss_bcs: 4.273e-04, Loss_ut_ics: 2.276e-05, Loss_norm: 7.368e-06, Loss_gauge: 0.000e+00, w_pde: 1.00e+00, L^2_error: 6.998e-02, lr: 1.000e-03, Time: 2.85e+03
INFO:src.utils.logger:Model state saved to results\ho\DV\20260305-054940_seed0_ho_DV_bl_layered_e1500_w300_4q_4l\checkpoints\2026-03-05_05-50-04-441757_ho_DV_seed\model.pth
INFO:src.utils.logger:Model weights saved to results\ho\DV\20260305-054940_seed0_ho_DV_bl_layered_e1500_w300_4q_4l\checkpoints\2026-03-05_05-50-04-441757_ho_DV_seed\model_weights.pth
INFO:src.utils.logger:It: 769, Loss: 2.927e-02, Loss_res: 2.426e-02,  Loss_bcs: 4.246e-04, Loss_ut_ics: 2.273e-05, Loss_norm: 7.139e-06, Loss_gauge: 0.000e+00, w_pde: 1.00e+00, L^2_error: 6.988e-02, lr: 1.000e-03, Time: 2.85e+03
INFO:src.utils.logger:Model state saved to results\ho\DV\20260305-054940_seed0_ho_DV_bl_layered_e1500_w300_4q_4l\checkpoints\2026-03-05_05-50-04-441757_ho_DV_seed\model.pth
INFO:src.utils.logger:Model weights saved to results\ho\DV\20260305-054940_seed0_ho_DV_bl_layered_e1500_w300_4q_4l\checkpoints\2026-03-05_05-50-04-441757_ho_DV_seed\model_weights.pth
INFO:src.utils.logger:It: 770, Loss: 2.763e-02, Loss_res: 2.263e-02,  Loss_bcs: 4.245e-04, Loss_ut_ics: 2.269e-05, Loss_norm: 6.996e-06, Loss_gauge: 0.000e+00, w_pde: 1.00e+00, L^2_error: 6.978e-02, lr: 1.000e-03, Time: 2.85e+03
INFO:src.utils.logger:Model state saved to results\ho\DV\20260305-054940_seed0_ho_DV_bl_layered_e1500_w300_4q_4l\checkpoints\2026-03-05_05-50-04-441757_ho_DV_seed\model.pth
INFO:src.utils.logger:Model weights saved to results\ho\DV\20260305-054940_seed0_ho_DV_bl_layered_e1500_w300_4q_4l\checkpoints\2026-03-05_05-50-04-441757_ho_DV_seed\model_weights.pth
INFO:src.utils.logger:It: 771, Loss: 2.755e-02, Loss_res: 2.256e-02,  Loss_bcs: 4.227e-04, Loss_ut_ics: 2.265e-05, Loss_norm: 6.780e-06, Loss_gauge: 0.000e+00, w_pde: 1.00e+00, L^2_error: 6.968e-02, lr: 1.000e-03, Time: 2.86e+03
INFO:src.utils.logger:Model state saved to results\ho\DV\20260305-054940_seed0_ho_DV_bl_layered_e1500_w300_4q_4l\checkpoints\2026-03-05_05-50-04-441757_ho_DV_seed\model.pth
INFO:src.utils.logger:Model weights saved to results\ho\DV\20260305-054940_seed0_ho_DV_bl_layered_e1500_w300_4q_4l\checkpoints\2026-03-05_05-50-04-441757_ho_DV_seed\model_weights.pth
INFO:src.utils.logger:It: 772, Loss: 2.822e-02, Loss_res: 2.325e-02,  Loss_bcs: 4.250e-04, Loss_ut_ics: 2.260e-05, Loss_norm: 6.736e-06, Loss_gauge: 0.000e+00, w_pde: 1.00e+00, L^2_error: 6.958e-02, lr: 1.000e-03, Time: 2.86e+03
INFO:src.utils.logger:Model state saved to results\ho\DV\20260305-054940_seed0_ho_DV_bl_layered_e1500_w300_4q_4l\checkpoints\2026-03-05_05-50-04-441757_ho_DV_seed\model.pth
INFO:src.utils.logger:Model weights saved to results\ho\DV\20260305-054940_seed0_ho_DV_bl_layered_e1500_w300_4q_4l\checkpoints\2026-03-05_05-50-04-441757_ho_DV_seed\model_weights.pth
INFO:src.utils.logger:It: 773, Loss: 2.740e-02, Loss_res: 2.244e-02,  Loss_bcs: 4.196e-04, Loss_ut_ics: 2.255e-05, Loss_norm: 6.899e-06, Loss_gauge: 0.000e+00, w_pde: 1.00e+00, L^2_error: 6.948e-02, lr: 1.000e-03, Time: 2.86e+03
INFO:src.utils.logger:Model state saved to results\ho\DV\20260305-054940_seed0_ho_DV_bl_layered_e1500_w300_4q_4l\checkpoints\2026-03-05_05-50-04-441757_ho_DV_seed\model.pth
INFO:src.utils.logger:Model weights saved to results\ho\DV\20260305-054940_seed0_ho_DV_bl_layered_e1500_w300_4q_4l\checkpoints\2026-03-05_05-50-04-441757_ho_DV_seed\model_weights.pth
INFO:src.utils.logger:It: 774, Loss: 2.781e-02, Loss_res: 2.285e-02,  Loss_bcs: 4.220e-04, Loss_ut_ics: 2.252e-05, Loss_norm: 6.973e-06, Loss_gauge: 0.000e+00, w_pde: 1.00e+00, L^2_error: 6.939e-02, lr: 1.000e-03, Time: 2.87e+03
INFO:src.utils.logger:Model state saved to results\ho\DV\20260305-054940_seed0_ho_DV_bl_layered_e1500_w300_4q_4l\checkpoints\2026-03-05_05-50-04-441757_ho_DV_seed\model.pth
INFO:src.utils.logger:Model weights saved to results\ho\DV\20260305-054940_seed0_ho_DV_bl_layered_e1500_w300_4q_4l\checkpoints\2026-03-05_05-50-04-441757_ho_DV_seed\model_weights.pth
INFO:src.utils.logger:It: 775, Loss: 2.943e-02, Loss_res: 2.447e-02,  Loss_bcs: 4.213e-04, Loss_ut_ics: 2.251e-05, Loss_norm: 6.910e-06, Loss_gauge: 0.000e+00, w_pde: 1.00e+00, L^2_error: 6.930e-02, lr: 1.000e-03, Time: 2.87e+03
INFO:src.utils.logger:Model state saved to results\ho\DV\20260305-054940_seed0_ho_DV_bl_layered_e1500_w300_4q_4l\checkpoints\2026-03-05_05-50-04-441757_ho_DV_seed\model.pth
INFO:src.utils.logger:Model weights saved to results\ho\DV\20260305-054940_seed0_ho_DV_bl_layered_e1500_w300_4q_4l\checkpoints\2026-03-05_05-50-04-441757_ho_DV_seed\model_weights.pth
INFO:src.utils.logger:It: 776, Loss: 2.496e-02, Loss_res: 2.000e-02,  Loss_bcs: 4.233e-04, Loss_ut_ics: 2.249e-05, Loss_norm: 7.018e-06, Loss_gauge: 0.000e+00, w_pde: 1.00e+00, L^2_error: 6.920e-02, lr: 1.000e-03, Time: 2.87e+03
INFO:src.utils.logger:Model state saved to results\ho\DV\20260305-054940_seed0_ho_DV_bl_layered_e1500_w300_4q_4l\checkpoints\2026-03-05_05-50-04-441757_ho_DV_seed\model.pth
INFO:src.utils.logger:Model weights saved to results\ho\DV\20260305-054940_seed0_ho_DV_bl_layered_e1500_w300_4q_4l\checkpoints\2026-03-05_05-50-04-441757_ho_DV_seed\model_weights.pth
INFO:src.utils.logger:It: 777, Loss: 2.938e-02, Loss_res: 2.442e-02,  Loss_bcs: 4.208e-04, Loss_ut_ics: 2.250e-05, Loss_norm: 6.828e-06, Loss_gauge: 0.000e+00, w_pde: 1.00e+00, L^2_error: 6.910e-02, lr: 1.000e-03, Time: 2.88e+03
INFO:src.utils.logger:Model state saved to results\ho\DV\20260305-054940_seed0_ho_DV_bl_layered_e1500_w300_4q_4l\checkpoints\2026-03-05_05-50-04-441757_ho_DV_seed\model.pth
INFO:src.utils.logger:Model weights saved to results\ho\DV\20260305-054940_seed0_ho_DV_bl_layered_e1500_w300_4q_4l\checkpoints\2026-03-05_05-50-04-441757_ho_DV_seed\model_weights.pth
INFO:src.utils.logger:It: 778, Loss: 2.785e-02, Loss_res: 2.289e-02,  Loss_bcs: 4.281e-04, Loss_ut_ics: 2.252e-05, Loss_norm: 6.697e-06, Loss_gauge: 0.000e+00, w_pde: 1.00e+00, L^2_error: 6.899e-02, lr: 1.000e-03, Time: 2.88e+03
INFO:src.utils.logger:Model state saved to results\ho\DV\20260305-054940_seed0_ho_DV_bl_layered_e1500_w300_4q_4l\checkpoints\2026-03-05_05-50-04-441757_ho_DV_seed\model.pth
INFO:src.utils.logger:Model weights saved to results\ho\DV\20260305-054940_seed0_ho_DV_bl_layered_e1500_w300_4q_4l\checkpoints\2026-03-05_05-50-04-441757_ho_DV_seed\model_weights.pth
INFO:src.utils.logger:It: 779, Loss: 2.686e-02, Loss_res: 2.190e-02,  Loss_bcs: 4.256e-04, Loss_ut_ics: 2.251e-05, Loss_norm: 6.726e-06, Loss_gauge: 0.000e+00, w_pde: 1.00e+00, L^2_error: 6.887e-02, lr: 1.000e-03, Time: 2.89e+03
INFO:src.utils.logger:Model state saved to results\ho\DV\20260305-054940_seed0_ho_DV_bl_layered_e1500_w300_4q_4l\checkpoints\2026-03-05_05-50-04-441757_ho_DV_seed\model.pth
INFO:src.utils.logger:Model weights saved to results\ho\DV\20260305-054940_seed0_ho_DV_bl_layered_e1500_w300_4q_4l\checkpoints\2026-03-05_05-50-04-441757_ho_DV_seed\model_weights.pth
INFO:src.utils.logger:It: 780, Loss: 2.746e-02, Loss_res: 2.250e-02,  Loss_bcs: 4.265e-04, Loss_ut_ics: 2.251e-05, Loss_norm: 6.711e-06, Loss_gauge: 0.000e+00, w_pde: 1.00e+00, L^2_error: 6.875e-02, lr: 1.000e-03, Time: 2.89e+03
INFO:src.utils.logger:Model state saved to results\ho\DV\20260305-054940_seed0_ho_DV_bl_layered_e1500_w300_4q_4l\checkpoints\2026-03-05_05-50-04-441757_ho_DV_seed\model.pth
INFO:src.utils.logger:Model weights saved to results\ho\DV\20260305-054940_seed0_ho_DV_bl_layered_e1500_w300_4q_4l\checkpoints\2026-03-05_05-50-04-441757_ho_DV_seed\model_weights.pth
INFO:src.utils.logger:It: 781, Loss: 2.575e-02, Loss_res: 2.080e-02,  Loss_bcs: 4.240e-04, Loss_ut_ics: 2.248e-05, Loss_norm: 6.732e-06, Loss_gauge: 0.000e+00, w_pde: 1.00e+00, L^2_error: 6.864e-02, lr: 1.000e-03, Time: 2.89e+03
INFO:src.utils.logger:Model state saved to results\ho\DV\20260305-054940_seed0_ho_DV_bl_layered_e1500_w300_4q_4l\checkpoints\2026-03-05_05-50-04-441757_ho_DV_seed\model.pth
INFO:src.utils.logger:Model weights saved to results\ho\DV\20260305-054940_seed0_ho_DV_bl_layered_e1500_w300_4q_4l\checkpoints\2026-03-05_05-50-04-441757_ho_DV_seed\model_weights.pth
INFO:src.utils.logger:It: 782, Loss: 2.542e-02, Loss_res: 2.048e-02,  Loss_bcs: 4.206e-04, Loss_ut_ics: 2.243e-05, Loss_norm: 6.883e-06, Loss_gauge: 0.000e+00, w_pde: 1.00e+00, L^2_error: 6.853e-02, lr: 1.000e-03, Time: 2.90e+03
INFO:src.utils.logger:Model state saved to results\ho\DV\20260305-054940_seed0_ho_DV_bl_layered_e1500_w300_4q_4l\checkpoints\2026-03-05_05-50-04-441757_ho_DV_seed\model.pth
INFO:src.utils.logger:Model weights saved to results\ho\DV\20260305-054940_seed0_ho_DV_bl_layered_e1500_w300_4q_4l\checkpoints\2026-03-05_05-50-04-441757_ho_DV_seed\model_weights.pth
INFO:src.utils.logger:It: 783, Loss: 2.786e-02, Loss_res: 2.293e-02,  Loss_bcs: 4.165e-04, Loss_ut_ics: 2.238e-05, Loss_norm: 6.928e-06, Loss_gauge: 0.000e+00, w_pde: 1.00e+00, L^2_error: 6.844e-02, lr: 1.000e-03, Time: 2.90e+03
INFO:src.utils.logger:Model state saved to results\ho\DV\20260305-054940_seed0_ho_DV_bl_layered_e1500_w300_4q_4l\checkpoints\2026-03-05_05-50-04-441757_ho_DV_seed\model.pth
INFO:src.utils.logger:Model weights saved to results\ho\DV\20260305-054940_seed0_ho_DV_bl_layered_e1500_w300_4q_4l\checkpoints\2026-03-05_05-50-04-441757_ho_DV_seed\model_weights.pth
INFO:src.utils.logger:It: 784, Loss: 2.672e-02, Loss_res: 2.180e-02,  Loss_bcs: 4.195e-04, Loss_ut_ics: 2.234e-05, Loss_norm: 6.755e-06, Loss_gauge: 0.000e+00, w_pde: 1.00e+00, L^2_error: 6.835e-02, lr: 1.000e-03, Time: 2.90e+03
INFO:src.utils.logger:Model state saved to results\ho\DV\20260305-054940_seed0_ho_DV_bl_layered_e1500_w300_4q_4l\checkpoints\2026-03-05_05-50-04-441757_ho_DV_seed\model.pth
INFO:src.utils.logger:Model weights saved to results\ho\DV\20260305-054940_seed0_ho_DV_bl_layered_e1500_w300_4q_4l\checkpoints\2026-03-05_05-50-04-441757_ho_DV_seed\model_weights.pth
INFO:src.utils.logger:It: 785, Loss: 2.830e-02, Loss_res: 2.339e-02,  Loss_bcs: 4.197e-04, Loss_ut_ics: 2.229e-05, Loss_norm: 6.534e-06, Loss_gauge: 0.000e+00, w_pde: 1.00e+00, L^2_error: 6.826e-02, lr: 1.000e-03, Time: 2.91e+03
INFO:src.utils.logger:Model state saved to results\ho\DV\20260305-054940_seed0_ho_DV_bl_layered_e1500_w300_4q_4l\checkpoints\2026-03-05_05-50-04-441757_ho_DV_seed\model.pth
INFO:src.utils.logger:Model weights saved to results\ho\DV\20260305-054940_seed0_ho_DV_bl_layered_e1500_w300_4q_4l\checkpoints\2026-03-05_05-50-04-441757_ho_DV_seed\model_weights.pth
INFO:src.utils.logger:It: 786, Loss: 2.669e-02, Loss_res: 2.179e-02,  Loss_bcs: 4.187e-04, Loss_ut_ics: 2.222e-05, Loss_norm: 6.618e-06, Loss_gauge: 0.000e+00, w_pde: 1.00e+00, L^2_error: 6.819e-02, lr: 1.000e-03, Time: 2.91e+03
INFO:src.utils.logger:Model state saved to results\ho\DV\20260305-054940_seed0_ho_DV_bl_layered_e1500_w300_4q_4l\checkpoints\2026-03-05_05-50-04-441757_ho_DV_seed\model.pth
INFO:src.utils.logger:Model weights saved to results\ho\DV\20260305-054940_seed0_ho_DV_bl_layered_e1500_w300_4q_4l\checkpoints\2026-03-05_05-50-04-441757_ho_DV_seed\model_weights.pth
INFO:src.utils.logger:It: 787, Loss: 2.749e-02, Loss_res: 2.261e-02,  Loss_bcs: 4.168e-04, Loss_ut_ics: 2.215e-05, Loss_norm: 6.635e-06, Loss_gauge: 0.000e+00, w_pde: 1.00e+00, L^2_error: 6.812e-02, lr: 1.000e-03, Time: 2.92e+03
INFO:src.utils.logger:Model state saved to results\ho\DV\20260305-054940_seed0_ho_DV_bl_layered_e1500_w300_4q_4l\checkpoints\2026-03-05_05-50-04-441757_ho_DV_seed\model.pth
INFO:src.utils.logger:Model weights saved to results\ho\DV\20260305-054940_seed0_ho_DV_bl_layered_e1500_w300_4q_4l\checkpoints\2026-03-05_05-50-04-441757_ho_DV_seed\model_weights.pth
INFO:src.utils.logger:It: 788, Loss: 2.775e-02, Loss_res: 2.288e-02,  Loss_bcs: 4.145e-04, Loss_ut_ics: 2.210e-05, Loss_norm: 6.558e-06, Loss_gauge: 0.000e+00, w_pde: 1.00e+00, L^2_error: 6.804e-02, lr: 1.000e-03, Time: 2.92e+03
INFO:src.utils.logger:Model state saved to results\ho\DV\20260305-054940_seed0_ho_DV_bl_layered_e1500_w300_4q_4l\checkpoints\2026-03-05_05-50-04-441757_ho_DV_seed\model.pth
INFO:src.utils.logger:Model weights saved to results\ho\DV\20260305-054940_seed0_ho_DV_bl_layered_e1500_w300_4q_4l\checkpoints\2026-03-05_05-50-04-441757_ho_DV_seed\model_weights.pth
INFO:src.utils.logger:It: 789, Loss: 2.829e-02, Loss_res: 2.343e-02,  Loss_bcs: 4.139e-04, Loss_ut_ics: 2.208e-05, Loss_norm: 6.375e-06, Loss_gauge: 0.000e+00, w_pde: 1.00e+00, L^2_error: 6.796e-02, lr: 1.000e-03, Time: 2.92e+03
INFO:src.utils.logger:Model state saved to results\ho\DV\20260305-054940_seed0_ho_DV_bl_layered_e1500_w300_4q_4l\checkpoints\2026-03-05_05-50-04-441757_ho_DV_seed\model.pth
INFO:src.utils.logger:Model weights saved to results\ho\DV\20260305-054940_seed0_ho_DV_bl_layered_e1500_w300_4q_4l\checkpoints\2026-03-05_05-50-04-441757_ho_DV_seed\model_weights.pth
INFO:src.utils.logger:It: 790, Loss: 2.697e-02, Loss_res: 2.212e-02,  Loss_bcs: 4.115e-04, Loss_ut_ics: 2.206e-05, Loss_norm: 6.070e-06, Loss_gauge: 0.000e+00, w_pde: 1.00e+00, L^2_error: 6.787e-02, lr: 1.000e-03, Time: 2.93e+03
INFO:src.utils.logger:Model state saved to results\ho\DV\20260305-054940_seed0_ho_DV_bl_layered_e1500_w300_4q_4l\checkpoints\2026-03-05_05-50-04-441757_ho_DV_seed\model.pth
INFO:src.utils.logger:Model weights saved to results\ho\DV\20260305-054940_seed0_ho_DV_bl_layered_e1500_w300_4q_4l\checkpoints\2026-03-05_05-50-04-441757_ho_DV_seed\model_weights.pth
INFO:src.utils.logger:It: 791, Loss: 2.847e-02, Loss_res: 2.361e-02,  Loss_bcs: 4.117e-04, Loss_ut_ics: 2.207e-05, Loss_norm: 5.709e-06, Loss_gauge: 0.000e+00, w_pde: 1.00e+00, L^2_error: 6.777e-02, lr: 1.000e-03, Time: 2.93e+03
INFO:src.utils.logger:Model state saved to results\ho\DV\20260305-054940_seed0_ho_DV_bl_layered_e1500_w300_4q_4l\checkpoints\2026-03-05_05-50-04-441757_ho_DV_seed\model.pth
INFO:src.utils.logger:Model weights saved to results\ho\DV\20260305-054940_seed0_ho_DV_bl_layered_e1500_w300_4q_4l\checkpoints\2026-03-05_05-50-04-441757_ho_DV_seed\model_weights.pth
INFO:src.utils.logger:It: 792, Loss: 2.767e-02, Loss_res: 2.281e-02,  Loss_bcs: 4.175e-04, Loss_ut_ics: 2.207e-05, Loss_norm: 5.481e-06, Loss_gauge: 0.000e+00, w_pde: 1.00e+00, L^2_error: 6.766e-02, lr: 1.000e-03, Time: 2.93e+03
INFO:src.utils.logger:Model state saved to results\ho\DV\20260305-054940_seed0_ho_DV_bl_layered_e1500_w300_4q_4l\checkpoints\2026-03-05_05-50-04-441757_ho_DV_seed\model.pth
INFO:src.utils.logger:Model weights saved to results\ho\DV\20260305-054940_seed0_ho_DV_bl_layered_e1500_w300_4q_4l\checkpoints\2026-03-05_05-50-04-441757_ho_DV_seed\model_weights.pth
INFO:src.utils.logger:It: 793, Loss: 2.790e-02, Loss_res: 2.305e-02,  Loss_bcs: 4.119e-04, Loss_ut_ics: 2.205e-05, Loss_norm: 5.463e-06, Loss_gauge: 0.000e+00, w_pde: 1.00e+00, L^2_error: 6.754e-02, lr: 1.000e-03, Time: 2.94e+03
INFO:src.utils.logger:Model state saved to results\ho\DV\20260305-054940_seed0_ho_DV_bl_layered_e1500_w300_4q_4l\checkpoints\2026-03-05_05-50-04-441757_ho_DV_seed\model.pth
INFO:src.utils.logger:Model weights saved to results\ho\DV\20260305-054940_seed0_ho_DV_bl_layered_e1500_w300_4q_4l\checkpoints\2026-03-05_05-50-04-441757_ho_DV_seed\model_weights.pth
INFO:src.utils.logger:It: 794, Loss: 2.737e-02, Loss_res: 2.252e-02,  Loss_bcs: 4.121e-04, Loss_ut_ics: 2.203e-05, Loss_norm: 5.519e-06, Loss_gauge: 0.000e+00, w_pde: 1.00e+00, L^2_error: 6.743e-02, lr: 1.000e-03, Time: 2.94e+03
INFO:src.utils.logger:Model state saved to results\ho\DV\20260305-054940_seed0_ho_DV_bl_layered_e1500_w300_4q_4l\checkpoints\2026-03-05_05-50-04-441757_ho_DV_seed\model.pth
INFO:src.utils.logger:Model weights saved to results\ho\DV\20260305-054940_seed0_ho_DV_bl_layered_e1500_w300_4q_4l\checkpoints\2026-03-05_05-50-04-441757_ho_DV_seed\model_weights.pth
INFO:src.utils.logger:It: 795, Loss: 2.720e-02, Loss_res: 2.236e-02,  Loss_bcs: 4.112e-04, Loss_ut_ics: 2.202e-05, Loss_norm: 5.756e-06, Loss_gauge: 0.000e+00, w_pde: 1.00e+00, L^2_error: 6.732e-02, lr: 1.000e-03, Time: 2.95e+03
INFO:src.utils.logger:Model state saved to results\ho\DV\20260305-054940_seed0_ho_DV_bl_layered_e1500_w300_4q_4l\checkpoints\2026-03-05_05-50-04-441757_ho_DV_seed\model.pth
INFO:src.utils.logger:Model weights saved to results\ho\DV\20260305-054940_seed0_ho_DV_bl_layered_e1500_w300_4q_4l\checkpoints\2026-03-05_05-50-04-441757_ho_DV_seed\model_weights.pth
INFO:src.utils.logger:It: 796, Loss: 2.695e-02, Loss_res: 2.211e-02,  Loss_bcs: 4.094e-04, Loss_ut_ics: 2.200e-05, Loss_norm: 6.011e-06, Loss_gauge: 0.000e+00, w_pde: 1.00e+00, L^2_error: 6.722e-02, lr: 1.000e-03, Time: 2.95e+03
INFO:src.utils.logger:Model state saved to results\ho\DV\20260305-054940_seed0_ho_DV_bl_layered_e1500_w300_4q_4l\checkpoints\2026-03-05_05-50-04-441757_ho_DV_seed\model.pth
INFO:src.utils.logger:Model weights saved to results\ho\DV\20260305-054940_seed0_ho_DV_bl_layered_e1500_w300_4q_4l\checkpoints\2026-03-05_05-50-04-441757_ho_DV_seed\model_weights.pth
INFO:src.utils.logger:It: 797, Loss: 2.850e-02, Loss_res: 2.366e-02,  Loss_bcs: 4.115e-04, Loss_ut_ics: 2.198e-05, Loss_norm: 6.187e-06, Loss_gauge: 0.000e+00, w_pde: 1.00e+00, L^2_error: 6.712e-02, lr: 1.000e-03, Time: 2.95e+03
INFO:src.utils.logger:Model state saved to results\ho\DV\20260305-054940_seed0_ho_DV_bl_layered_e1500_w300_4q_4l\checkpoints\2026-03-05_05-50-04-441757_ho_DV_seed\model.pth
INFO:src.utils.logger:Model weights saved to results\ho\DV\20260305-054940_seed0_ho_DV_bl_layered_e1500_w300_4q_4l\checkpoints\2026-03-05_05-50-04-441757_ho_DV_seed\model_weights.pth
INFO:src.utils.logger:It: 798, Loss: 2.785e-02, Loss_res: 2.301e-02,  Loss_bcs: 4.123e-04, Loss_ut_ics: 2.196e-05, Loss_norm: 6.298e-06, Loss_gauge: 0.000e+00, w_pde: 1.00e+00, L^2_error: 6.704e-02, lr: 1.000e-03, Time: 2.96e+03
INFO:src.utils.logger:Model state saved to results\ho\DV\20260305-054940_seed0_ho_DV_bl_layered_e1500_w300_4q_4l\checkpoints\2026-03-05_05-50-04-441757_ho_DV_seed\model.pth
INFO:src.utils.logger:Model weights saved to results\ho\DV\20260305-054940_seed0_ho_DV_bl_layered_e1500_w300_4q_4l\checkpoints\2026-03-05_05-50-04-441757_ho_DV_seed\model_weights.pth
INFO:src.utils.logger:It: 799, Loss: 2.637e-02, Loss_res: 2.155e-02,  Loss_bcs: 4.072e-04, Loss_ut_ics: 2.194e-05, Loss_norm: 6.344e-06, Loss_gauge: 0.000e+00, w_pde: 1.00e+00, L^2_error: 6.696e-02, lr: 1.000e-03, Time: 2.96e+03
INFO:src.utils.logger:Model state saved to results\ho\DV\20260305-054940_seed0_ho_DV_bl_layered_e1500_w300_4q_4l\checkpoints\2026-03-05_05-50-04-441757_ho_DV_seed\model.pth
INFO:src.utils.logger:Model weights saved to results\ho\DV\20260305-054940_seed0_ho_DV_bl_layered_e1500_w300_4q_4l\checkpoints\2026-03-05_05-50-04-441757_ho_DV_seed\model_weights.pth
INFO:src.utils.logger:It: 800, Loss: 2.551e-02, Loss_res: 2.069e-02,  Loss_bcs: 4.064e-04, Loss_ut_ics: 2.191e-05, Loss_norm: 6.183e-06, Loss_gauge: 0.000e+00, w_pde: 1.00e+00, L^2_error: 6.688e-02, lr: 1.000e-03, Time: 2.97e+03
INFO:src.utils.logger:Model state saved to results\ho\DV\20260305-054940_seed0_ho_DV_bl_layered_e1500_w300_4q_4l\checkpoints\2026-03-05_05-50-04-441757_ho_DV_seed\model.pth
INFO:src.utils.logger:Model weights saved to results\ho\DV\20260305-054940_seed0_ho_DV_bl_layered_e1500_w300_4q_4l\checkpoints\2026-03-05_05-50-04-441757_ho_DV_seed\model_weights.pth
INFO:src.utils.logger:It: 801, Loss: 2.598e-02, Loss_res: 2.116e-02,  Loss_bcs: 4.152e-04, Loss_ut_ics: 2.190e-05, Loss_norm: 5.709e-06, Loss_gauge: 0.000e+00, w_pde: 1.00e+00, L^2_error: 6.680e-02, lr: 1.000e-03, Time: 2.97e+03
INFO:src.utils.logger:Model state saved to results\ho\DV\20260305-054940_seed0_ho_DV_bl_layered_e1500_w300_4q_4l\checkpoints\2026-03-05_05-50-04-441757_ho_DV_seed\model.pth
INFO:src.utils.logger:Model weights saved to results\ho\DV\20260305-054940_seed0_ho_DV_bl_layered_e1500_w300_4q_4l\checkpoints\2026-03-05_05-50-04-441757_ho_DV_seed\model_weights.pth
INFO:src.utils.logger:It: 802, Loss: 2.626e-02, Loss_res: 2.144e-02,  Loss_bcs: 4.125e-04, Loss_ut_ics: 2.186e-05, Loss_norm: 5.244e-06, Loss_gauge: 0.000e+00, w_pde: 1.00e+00, L^2_error: 6.673e-02, lr: 1.000e-03, Time: 2.97e+03
INFO:src.utils.logger:Model state saved to results\ho\DV\20260305-054940_seed0_ho_DV_bl_layered_e1500_w300_4q_4l\checkpoints\2026-03-05_05-50-04-441757_ho_DV_seed\model.pth
INFO:src.utils.logger:Model weights saved to results\ho\DV\20260305-054940_seed0_ho_DV_bl_layered_e1500_w300_4q_4l\checkpoints\2026-03-05_05-50-04-441757_ho_DV_seed\model_weights.pth
INFO:src.utils.logger:It: 803, Loss: 2.616e-02, Loss_res: 2.137e-02,  Loss_bcs: 4.077e-04, Loss_ut_ics: 2.182e-05, Loss_norm: 4.852e-06, Loss_gauge: 0.000e+00, w_pde: 1.00e+00, L^2_error: 6.665e-02, lr: 1.000e-03, Time: 2.98e+03
INFO:src.utils.logger:Model state saved to results\ho\DV\20260305-054940_seed0_ho_DV_bl_layered_e1500_w300_4q_4l\checkpoints\2026-03-05_05-50-04-441757_ho_DV_seed\model.pth
INFO:src.utils.logger:Model weights saved to results\ho\DV\20260305-054940_seed0_ho_DV_bl_layered_e1500_w300_4q_4l\checkpoints\2026-03-05_05-50-04-441757_ho_DV_seed\model_weights.pth
INFO:src.utils.logger:It: 804, Loss: 2.560e-02, Loss_res: 2.082e-02,  Loss_bcs: 4.035e-04, Loss_ut_ics: 2.176e-05, Loss_norm: 4.706e-06, Loss_gauge: 0.000e+00, w_pde: 1.00e+00, L^2_error: 6.657e-02, lr: 1.000e-03, Time: 2.98e+03
INFO:src.utils.logger:Model state saved to results\ho\DV\20260305-054940_seed0_ho_DV_bl_layered_e1500_w300_4q_4l\checkpoints\2026-03-05_05-50-04-441757_ho_DV_seed\model.pth
INFO:src.utils.logger:Model weights saved to results\ho\DV\20260305-054940_seed0_ho_DV_bl_layered_e1500_w300_4q_4l\checkpoints\2026-03-05_05-50-04-441757_ho_DV_seed\model_weights.pth
INFO:src.utils.logger:It: 805, Loss: 2.745e-02, Loss_res: 2.268e-02,  Loss_bcs: 4.098e-04, Loss_ut_ics: 2.169e-05, Loss_norm: 4.725e-06, Loss_gauge: 0.000e+00, w_pde: 1.00e+00, L^2_error: 6.648e-02, lr: 1.000e-03, Time: 2.98e+03
INFO:src.utils.logger:Model state saved to results\ho\DV\20260305-054940_seed0_ho_DV_bl_layered_e1500_w300_4q_4l\checkpoints\2026-03-05_05-50-04-441757_ho_DV_seed\model.pth
INFO:src.utils.logger:Model weights saved to results\ho\DV\20260305-054940_seed0_ho_DV_bl_layered_e1500_w300_4q_4l\checkpoints\2026-03-05_05-50-04-441757_ho_DV_seed\model_weights.pth
INFO:src.utils.logger:It: 806, Loss: 2.638e-02, Loss_res: 2.162e-02,  Loss_bcs: 4.049e-04, Loss_ut_ics: 2.166e-05, Loss_norm: 4.700e-06, Loss_gauge: 0.000e+00, w_pde: 1.00e+00, L^2_error: 6.639e-02, lr: 1.000e-03, Time: 2.99e+03
INFO:src.utils.logger:Model state saved to results\ho\DV\20260305-054940_seed0_ho_DV_bl_layered_e1500_w300_4q_4l\checkpoints\2026-03-05_05-50-04-441757_ho_DV_seed\model.pth
INFO:src.utils.logger:Model weights saved to results\ho\DV\20260305-054940_seed0_ho_DV_bl_layered_e1500_w300_4q_4l\checkpoints\2026-03-05_05-50-04-441757_ho_DV_seed\model_weights.pth
INFO:src.utils.logger:It: 807, Loss: 2.538e-02, Loss_res: 2.063e-02,  Loss_bcs: 4.040e-04, Loss_ut_ics: 2.162e-05, Loss_norm: 4.800e-06, Loss_gauge: 0.000e+00, w_pde: 1.00e+00, L^2_error: 6.630e-02, lr: 1.000e-03, Time: 2.99e+03
INFO:src.utils.logger:Model state saved to results\ho\DV\20260305-054940_seed0_ho_DV_bl_layered_e1500_w300_4q_4l\checkpoints\2026-03-05_05-50-04-441757_ho_DV_seed\model.pth
INFO:src.utils.logger:Model weights saved to results\ho\DV\20260305-054940_seed0_ho_DV_bl_layered_e1500_w300_4q_4l\checkpoints\2026-03-05_05-50-04-441757_ho_DV_seed\model_weights.pth
INFO:src.utils.logger:It: 808, Loss: 2.541e-02, Loss_res: 2.067e-02,  Loss_bcs: 4.007e-04, Loss_ut_ics: 2.159e-05, Loss_norm: 4.953e-06, Loss_gauge: 0.000e+00, w_pde: 1.00e+00, L^2_error: 6.621e-02, lr: 1.000e-03, Time: 2.99e+03
INFO:src.utils.logger:Model state saved to results\ho\DV\20260305-054940_seed0_ho_DV_bl_layered_e1500_w300_4q_4l\checkpoints\2026-03-05_05-50-04-441757_ho_DV_seed\model.pth
INFO:src.utils.logger:Model weights saved to results\ho\DV\20260305-054940_seed0_ho_DV_bl_layered_e1500_w300_4q_4l\checkpoints\2026-03-05_05-50-04-441757_ho_DV_seed\model_weights.pth
INFO:src.utils.logger:It: 809, Loss: 2.424e-02, Loss_res: 1.949e-02,  Loss_bcs: 4.107e-04, Loss_ut_ics: 2.158e-05, Loss_norm: 4.970e-06, Loss_gauge: 0.000e+00, w_pde: 1.00e+00, L^2_error: 6.612e-02, lr: 1.000e-03, Time: 3.00e+03
INFO:src.utils.logger:Model state saved to results\ho\DV\20260305-054940_seed0_ho_DV_bl_layered_e1500_w300_4q_4l\checkpoints\2026-03-05_05-50-04-441757_ho_DV_seed\model.pth
INFO:src.utils.logger:Model weights saved to results\ho\DV\20260305-054940_seed0_ho_DV_bl_layered_e1500_w300_4q_4l\checkpoints\2026-03-05_05-50-04-441757_ho_DV_seed\model_weights.pth
INFO:src.utils.logger:It: 810, Loss: 2.484e-02, Loss_res: 2.010e-02,  Loss_bcs: 4.020e-04, Loss_ut_ics: 2.158e-05, Loss_norm: 4.996e-06, Loss_gauge: 0.000e+00, w_pde: 1.00e+00, L^2_error: 6.603e-02, lr: 1.000e-03, Time: 3.00e+03
INFO:src.utils.logger:Model state saved to results\ho\DV\20260305-054940_seed0_ho_DV_bl_layered_e1500_w300_4q_4l\checkpoints\2026-03-05_05-50-04-441757_ho_DV_seed\model.pth
INFO:src.utils.logger:Model weights saved to results\ho\DV\20260305-054940_seed0_ho_DV_bl_layered_e1500_w300_4q_4l\checkpoints\2026-03-05_05-50-04-441757_ho_DV_seed\model_weights.pth
INFO:src.utils.logger:It: 811, Loss: 2.632e-02, Loss_res: 2.157e-02,  Loss_bcs: 4.041e-04, Loss_ut_ics: 2.158e-05, Loss_norm: 4.986e-06, Loss_gauge: 0.000e+00, w_pde: 1.00e+00, L^2_error: 6.594e-02, lr: 1.000e-03, Time: 3.01e+03
INFO:src.utils.logger:Model state saved to results\ho\DV\20260305-054940_seed0_ho_DV_bl_layered_e1500_w300_4q_4l\checkpoints\2026-03-05_05-50-04-441757_ho_DV_seed\model.pth
INFO:src.utils.logger:Model weights saved to results\ho\DV\20260305-054940_seed0_ho_DV_bl_layered_e1500_w300_4q_4l\checkpoints\2026-03-05_05-50-04-441757_ho_DV_seed\model_weights.pth
INFO:src.utils.logger:It: 812, Loss: 2.688e-02, Loss_res: 2.213e-02,  Loss_bcs: 4.051e-04, Loss_ut_ics: 2.159e-05, Loss_norm: 5.017e-06, Loss_gauge: 0.000e+00, w_pde: 1.00e+00, L^2_error: 6.585e-02, lr: 1.000e-03, Time: 3.01e+03
INFO:src.utils.logger:Model state saved to results\ho\DV\20260305-054940_seed0_ho_DV_bl_layered_e1500_w300_4q_4l\checkpoints\2026-03-05_05-50-04-441757_ho_DV_seed\model.pth
INFO:src.utils.logger:Model weights saved to results\ho\DV\20260305-054940_seed0_ho_DV_bl_layered_e1500_w300_4q_4l\checkpoints\2026-03-05_05-50-04-441757_ho_DV_seed\model_weights.pth
INFO:src.utils.logger:It: 813, Loss: 2.596e-02, Loss_res: 2.121e-02,  Loss_bcs: 4.076e-04, Loss_ut_ics: 2.158e-05, Loss_norm: 5.190e-06, Loss_gauge: 0.000e+00, w_pde: 1.00e+00, L^2_error: 6.576e-02, lr: 1.000e-03, Time: 3.01e+03
INFO:src.utils.logger:Model state saved to results\ho\DV\20260305-054940_seed0_ho_DV_bl_layered_e1500_w300_4q_4l\checkpoints\2026-03-05_05-50-04-441757_ho_DV_seed\model.pth
INFO:src.utils.logger:Model weights saved to results\ho\DV\20260305-054940_seed0_ho_DV_bl_layered_e1500_w300_4q_4l\checkpoints\2026-03-05_05-50-04-441757_ho_DV_seed\model_weights.pth
INFO:src.utils.logger:It: 814, Loss: 2.412e-02, Loss_res: 1.937e-02,  Loss_bcs: 4.078e-04, Loss_ut_ics: 2.158e-05, Loss_norm: 5.253e-06, Loss_gauge: 0.000e+00, w_pde: 1.00e+00, L^2_error: 6.567e-02, lr: 1.000e-03, Time: 3.02e+03
INFO:src.utils.logger:Model state saved to results\ho\DV\20260305-054940_seed0_ho_DV_bl_layered_e1500_w300_4q_4l\checkpoints\2026-03-05_05-50-04-441757_ho_DV_seed\model.pth
INFO:src.utils.logger:Model weights saved to results\ho\DV\20260305-054940_seed0_ho_DV_bl_layered_e1500_w300_4q_4l\checkpoints\2026-03-05_05-50-04-441757_ho_DV_seed\model_weights.pth
INFO:src.utils.logger:It: 815, Loss: 2.492e-02, Loss_res: 2.017e-02,  Loss_bcs: 4.127e-04, Loss_ut_ics: 2.156e-05, Loss_norm: 5.337e-06, Loss_gauge: 0.000e+00, w_pde: 1.00e+00, L^2_error: 6.559e-02, lr: 1.000e-03, Time: 3.02e+03
INFO:src.utils.logger:Model state saved to results\ho\DV\20260305-054940_seed0_ho_DV_bl_layered_e1500_w300_4q_4l\checkpoints\2026-03-05_05-50-04-441757_ho_DV_seed\model.pth
INFO:src.utils.logger:Model weights saved to results\ho\DV\20260305-054940_seed0_ho_DV_bl_layered_e1500_w300_4q_4l\checkpoints\2026-03-05_05-50-04-441757_ho_DV_seed\model_weights.pth
INFO:src.utils.logger:It: 816, Loss: 2.513e-02, Loss_res: 2.039e-02,  Loss_bcs: 4.101e-04, Loss_ut_ics: 2.152e-05, Loss_norm: 5.501e-06, Loss_gauge: 0.000e+00, w_pde: 1.00e+00, L^2_error: 6.551e-02, lr: 1.000e-03, Time: 3.02e+03
INFO:src.utils.logger:Model state saved to results\ho\DV\20260305-054940_seed0_ho_DV_bl_layered_e1500_w300_4q_4l\checkpoints\2026-03-05_05-50-04-441757_ho_DV_seed\model.pth
INFO:src.utils.logger:Model weights saved to results\ho\DV\20260305-054940_seed0_ho_DV_bl_layered_e1500_w300_4q_4l\checkpoints\2026-03-05_05-50-04-441757_ho_DV_seed\model_weights.pth
INFO:src.utils.logger:It: 817, Loss: 2.632e-02, Loss_res: 2.159e-02,  Loss_bcs: 4.103e-04, Loss_ut_ics: 2.148e-05, Loss_norm: 5.706e-06, Loss_gauge: 0.000e+00, w_pde: 1.00e+00, L^2_error: 6.543e-02, lr: 1.000e-03, Time: 3.03e+03
INFO:src.utils.logger:Model state saved to results\ho\DV\20260305-054940_seed0_ho_DV_bl_layered_e1500_w300_4q_4l\checkpoints\2026-03-05_05-50-04-441757_ho_DV_seed\model.pth
INFO:src.utils.logger:Model weights saved to results\ho\DV\20260305-054940_seed0_ho_DV_bl_layered_e1500_w300_4q_4l\checkpoints\2026-03-05_05-50-04-441757_ho_DV_seed\model_weights.pth
INFO:src.utils.logger:It: 818, Loss: 2.618e-02, Loss_res: 2.146e-02,  Loss_bcs: 4.070e-04, Loss_ut_ics: 2.143e-05, Loss_norm: 5.874e-06, Loss_gauge: 0.000e+00, w_pde: 1.00e+00, L^2_error: 6.536e-02, lr: 1.000e-03, Time: 3.03e+03
INFO:src.utils.logger:Model state saved to results\ho\DV\20260305-054940_seed0_ho_DV_bl_layered_e1500_w300_4q_4l\checkpoints\2026-03-05_05-50-04-441757_ho_DV_seed\model.pth
INFO:src.utils.logger:Model weights saved to results\ho\DV\20260305-054940_seed0_ho_DV_bl_layered_e1500_w300_4q_4l\checkpoints\2026-03-05_05-50-04-441757_ho_DV_seed\model_weights.pth
INFO:src.utils.logger:It: 819, Loss: 2.590e-02, Loss_res: 2.118e-02,  Loss_bcs: 4.072e-04, Loss_ut_ics: 2.140e-05, Loss_norm: 5.866e-06, Loss_gauge: 0.000e+00, w_pde: 1.00e+00, L^2_error: 6.528e-02, lr: 1.000e-03, Time: 3.04e+03
INFO:src.utils.logger:Model state saved to results\ho\DV\20260305-054940_seed0_ho_DV_bl_layered_e1500_w300_4q_4l\checkpoints\2026-03-05_05-50-04-441757_ho_DV_seed\model.pth
INFO:src.utils.logger:Model weights saved to results\ho\DV\20260305-054940_seed0_ho_DV_bl_layered_e1500_w300_4q_4l\checkpoints\2026-03-05_05-50-04-441757_ho_DV_seed\model_weights.pth
INFO:src.utils.logger:It: 820, Loss: 2.545e-02, Loss_res: 2.074e-02,  Loss_bcs: 4.062e-04, Loss_ut_ics: 2.137e-05, Loss_norm: 5.713e-06, Loss_gauge: 0.000e+00, w_pde: 1.00e+00, L^2_error: 6.520e-02, lr: 1.000e-03, Time: 3.04e+03
INFO:src.utils.logger:Model state saved to results\ho\DV\20260305-054940_seed0_ho_DV_bl_layered_e1500_w300_4q_4l\checkpoints\2026-03-05_05-50-04-441757_ho_DV_seed\model.pth
INFO:src.utils.logger:Model weights saved to results\ho\DV\20260305-054940_seed0_ho_DV_bl_layered_e1500_w300_4q_4l\checkpoints\2026-03-05_05-50-04-441757_ho_DV_seed\model_weights.pth
INFO:src.utils.logger:It: 821, Loss: 2.512e-02, Loss_res: 2.042e-02,  Loss_bcs: 4.055e-04, Loss_ut_ics: 2.133e-05, Loss_norm: 5.511e-06, Loss_gauge: 0.000e+00, w_pde: 1.00e+00, L^2_error: 6.512e-02, lr: 1.000e-03, Time: 3.04e+03
INFO:src.utils.logger:Model state saved to results\ho\DV\20260305-054940_seed0_ho_DV_bl_layered_e1500_w300_4q_4l\checkpoints\2026-03-05_05-50-04-441757_ho_DV_seed\model.pth
INFO:src.utils.logger:Model weights saved to results\ho\DV\20260305-054940_seed0_ho_DV_bl_layered_e1500_w300_4q_4l\checkpoints\2026-03-05_05-50-04-441757_ho_DV_seed\model_weights.pth
INFO:src.utils.logger:It: 822, Loss: 2.551e-02, Loss_res: 2.082e-02,  Loss_bcs: 4.056e-04, Loss_ut_ics: 2.128e-05, Loss_norm: 5.235e-06, Loss_gauge: 0.000e+00, w_pde: 1.00e+00, L^2_error: 6.504e-02, lr: 1.000e-03, Time: 3.05e+03
INFO:src.utils.logger:Model state saved to results\ho\DV\20260305-054940_seed0_ho_DV_bl_layered_e1500_w300_4q_4l\checkpoints\2026-03-05_05-50-04-441757_ho_DV_seed\model.pth
INFO:src.utils.logger:Model weights saved to results\ho\DV\20260305-054940_seed0_ho_DV_bl_layered_e1500_w300_4q_4l\checkpoints\2026-03-05_05-50-04-441757_ho_DV_seed\model_weights.pth
INFO:src.utils.logger:It: 823, Loss: 2.486e-02, Loss_res: 2.019e-02,  Loss_bcs: 4.019e-04, Loss_ut_ics: 2.122e-05, Loss_norm: 5.107e-06, Loss_gauge: 0.000e+00, w_pde: 1.00e+00, L^2_error: 6.497e-02, lr: 1.000e-03, Time: 3.05e+03
INFO:src.utils.logger:Model state saved to results\ho\DV\20260305-054940_seed0_ho_DV_bl_layered_e1500_w300_4q_4l\checkpoints\2026-03-05_05-50-04-441757_ho_DV_seed\model.pth
INFO:src.utils.logger:Model weights saved to results\ho\DV\20260305-054940_seed0_ho_DV_bl_layered_e1500_w300_4q_4l\checkpoints\2026-03-05_05-50-04-441757_ho_DV_seed\model_weights.pth
INFO:src.utils.logger:It: 824, Loss: 2.429e-02, Loss_res: 1.963e-02,  Loss_bcs: 4.003e-04, Loss_ut_ics: 2.118e-05, Loss_norm: 5.029e-06, Loss_gauge: 0.000e+00, w_pde: 1.00e+00, L^2_error: 6.490e-02, lr: 1.000e-03, Time: 3.05e+03
INFO:src.utils.logger:Model state saved to results\ho\DV\20260305-054940_seed0_ho_DV_bl_layered_e1500_w300_4q_4l\checkpoints\2026-03-05_05-50-04-441757_ho_DV_seed\model.pth
INFO:src.utils.logger:Model weights saved to results\ho\DV\20260305-054940_seed0_ho_DV_bl_layered_e1500_w300_4q_4l\checkpoints\2026-03-05_05-50-04-441757_ho_DV_seed\model_weights.pth
INFO:src.utils.logger:It: 825, Loss: 2.428e-02, Loss_res: 1.963e-02,  Loss_bcs: 4.033e-04, Loss_ut_ics: 2.114e-05, Loss_norm: 4.929e-06, Loss_gauge: 0.000e+00, w_pde: 1.00e+00, L^2_error: 6.483e-02, lr: 1.000e-03, Time: 3.06e+03
INFO:src.utils.logger:Model state saved to results\ho\DV\20260305-054940_seed0_ho_DV_bl_layered_e1500_w300_4q_4l\checkpoints\2026-03-05_05-50-04-441757_ho_DV_seed\model.pth
INFO:src.utils.logger:Model weights saved to results\ho\DV\20260305-054940_seed0_ho_DV_bl_layered_e1500_w300_4q_4l\checkpoints\2026-03-05_05-50-04-441757_ho_DV_seed\model_weights.pth
INFO:src.utils.logger:It: 826, Loss: 2.392e-02, Loss_res: 1.926e-02,  Loss_bcs: 4.040e-04, Loss_ut_ics: 2.114e-05, Loss_norm: 4.828e-06, Loss_gauge: 0.000e+00, w_pde: 1.00e+00, L^2_error: 6.477e-02, lr: 1.000e-03, Time: 3.06e+03
INFO:src.utils.logger:Model state saved to results\ho\DV\20260305-054940_seed0_ho_DV_bl_layered_e1500_w300_4q_4l\checkpoints\2026-03-05_05-50-04-441757_ho_DV_seed\model.pth
INFO:src.utils.logger:Model weights saved to results\ho\DV\20260305-054940_seed0_ho_DV_bl_layered_e1500_w300_4q_4l\checkpoints\2026-03-05_05-50-04-441757_ho_DV_seed\model_weights.pth
INFO:src.utils.logger:It: 827, Loss: 2.635e-02, Loss_res: 2.169e-02,  Loss_bcs: 4.033e-04, Loss_ut_ics: 2.114e-05, Loss_norm: 4.820e-06, Loss_gauge: 0.000e+00, w_pde: 1.00e+00, L^2_error: 6.470e-02, lr: 1.000e-03, Time: 3.07e+03
INFO:src.utils.logger:Model state saved to results\ho\DV\20260305-054940_seed0_ho_DV_bl_layered_e1500_w300_4q_4l\checkpoints\2026-03-05_05-50-04-441757_ho_DV_seed\model.pth
INFO:src.utils.logger:Model weights saved to results\ho\DV\20260305-054940_seed0_ho_DV_bl_layered_e1500_w300_4q_4l\checkpoints\2026-03-05_05-50-04-441757_ho_DV_seed\model_weights.pth
INFO:src.utils.logger:It: 828, Loss: 2.522e-02, Loss_res: 2.056e-02,  Loss_bcs: 4.080e-04, Loss_ut_ics: 2.114e-05, Loss_norm: 4.928e-06, Loss_gauge: 0.000e+00, w_pde: 1.00e+00, L^2_error: 6.463e-02, lr: 1.000e-03, Time: 3.07e+03
INFO:src.utils.logger:Model state saved to results\ho\DV\20260305-054940_seed0_ho_DV_bl_layered_e1500_w300_4q_4l\checkpoints\2026-03-05_05-50-04-441757_ho_DV_seed\model.pth
INFO:src.utils.logger:Model weights saved to results\ho\DV\20260305-054940_seed0_ho_DV_bl_layered_e1500_w300_4q_4l\checkpoints\2026-03-05_05-50-04-441757_ho_DV_seed\model_weights.pth
INFO:src.utils.logger:It: 829, Loss: 2.379e-02, Loss_res: 1.914e-02,  Loss_bcs: 4.042e-04, Loss_ut_ics: 2.114e-05, Loss_norm: 5.166e-06, Loss_gauge: 0.000e+00, w_pde: 1.00e+00, L^2_error: 6.456e-02, lr: 1.000e-03, Time: 3.07e+03
INFO:src.utils.logger:Model state saved to results\ho\DV\20260305-054940_seed0_ho_DV_bl_layered_e1500_w300_4q_4l\checkpoints\2026-03-05_05-50-04-441757_ho_DV_seed\model.pth
INFO:src.utils.logger:Model weights saved to results\ho\DV\20260305-054940_seed0_ho_DV_bl_layered_e1500_w300_4q_4l\checkpoints\2026-03-05_05-50-04-441757_ho_DV_seed\model_weights.pth
INFO:src.utils.logger:It: 830, Loss: 2.672e-02, Loss_res: 2.206e-02,  Loss_bcs: 4.072e-04, Loss_ut_ics: 2.112e-05, Loss_norm: 5.519e-06, Loss_gauge: 0.000e+00, w_pde: 1.00e+00, L^2_error: 6.448e-02, lr: 1.000e-03, Time: 3.08e+03
INFO:src.utils.logger:Model state saved to results\ho\DV\20260305-054940_seed0_ho_DV_bl_layered_e1500_w300_4q_4l\checkpoints\2026-03-05_05-50-04-441757_ho_DV_seed\model.pth
INFO:src.utils.logger:Model weights saved to results\ho\DV\20260305-054940_seed0_ho_DV_bl_layered_e1500_w300_4q_4l\checkpoints\2026-03-05_05-50-04-441757_ho_DV_seed\model_weights.pth
INFO:src.utils.logger:It: 831, Loss: 2.487e-02, Loss_res: 2.022e-02,  Loss_bcs: 3.998e-04, Loss_ut_ics: 2.109e-05, Loss_norm: 5.938e-06, Loss_gauge: 0.000e+00, w_pde: 1.00e+00, L^2_error: 6.440e-02, lr: 1.000e-03, Time: 3.08e+03
INFO:src.utils.logger:Model state saved to results\ho\DV\20260305-054940_seed0_ho_DV_bl_layered_e1500_w300_4q_4l\checkpoints\2026-03-05_05-50-04-441757_ho_DV_seed\model.pth
INFO:src.utils.logger:Model weights saved to results\ho\DV\20260305-054940_seed0_ho_DV_bl_layered_e1500_w300_4q_4l\checkpoints\2026-03-05_05-50-04-441757_ho_DV_seed\model_weights.pth
INFO:src.utils.logger:It: 832, Loss: 2.512e-02, Loss_res: 2.048e-02,  Loss_bcs: 4.030e-04, Loss_ut_ics: 2.107e-05, Loss_norm: 6.168e-06, Loss_gauge: 0.000e+00, w_pde: 1.00e+00, L^2_error: 6.432e-02, lr: 1.000e-03, Time: 3.08e+03
INFO:src.utils.logger:Model state saved to results\ho\DV\20260305-054940_seed0_ho_DV_bl_layered_e1500_w300_4q_4l\checkpoints\2026-03-05_05-50-04-441757_ho_DV_seed\model.pth
INFO:src.utils.logger:Model weights saved to results\ho\DV\20260305-054940_seed0_ho_DV_bl_layered_e1500_w300_4q_4l\checkpoints\2026-03-05_05-50-04-441757_ho_DV_seed\model_weights.pth
INFO:src.utils.logger:It: 833, Loss: 2.412e-02, Loss_res: 1.947e-02,  Loss_bcs: 4.033e-04, Loss_ut_ics: 2.105e-05, Loss_norm: 6.131e-06, Loss_gauge: 0.000e+00, w_pde: 1.00e+00, L^2_error: 6.423e-02, lr: 1.000e-03, Time: 3.09e+03
INFO:src.utils.logger:Model state saved to results\ho\DV\20260305-054940_seed0_ho_DV_bl_layered_e1500_w300_4q_4l\checkpoints\2026-03-05_05-50-04-441757_ho_DV_seed\model.pth
INFO:src.utils.logger:Model weights saved to results\ho\DV\20260305-054940_seed0_ho_DV_bl_layered_e1500_w300_4q_4l\checkpoints\2026-03-05_05-50-04-441757_ho_DV_seed\model_weights.pth
INFO:src.utils.logger:It: 834, Loss: 2.619e-02, Loss_res: 2.155e-02,  Loss_bcs: 4.008e-04, Loss_ut_ics: 2.106e-05, Loss_norm: 5.597e-06, Loss_gauge: 0.000e+00, w_pde: 1.00e+00, L^2_error: 6.414e-02, lr: 1.000e-03, Time: 3.09e+03
INFO:src.utils.logger:Model state saved to results\ho\DV\20260305-054940_seed0_ho_DV_bl_layered_e1500_w300_4q_4l\checkpoints\2026-03-05_05-50-04-441757_ho_DV_seed\model.pth
INFO:src.utils.logger:Model weights saved to results\ho\DV\20260305-054940_seed0_ho_DV_bl_layered_e1500_w300_4q_4l\checkpoints\2026-03-05_05-50-04-441757_ho_DV_seed\model_weights.pth
INFO:src.utils.logger:It: 835, Loss: 2.578e-02, Loss_res: 2.114e-02,  Loss_bcs: 3.994e-04, Loss_ut_ics: 2.107e-05, Loss_norm: 5.039e-06, Loss_gauge: 0.000e+00, w_pde: 1.00e+00, L^2_error: 6.406e-02, lr: 1.000e-03, Time: 3.09e+03
INFO:src.utils.logger:Model state saved to results\ho\DV\20260305-054940_seed0_ho_DV_bl_layered_e1500_w300_4q_4l\checkpoints\2026-03-05_05-50-04-441757_ho_DV_seed\model.pth
INFO:src.utils.logger:Model weights saved to results\ho\DV\20260305-054940_seed0_ho_DV_bl_layered_e1500_w300_4q_4l\checkpoints\2026-03-05_05-50-04-441757_ho_DV_seed\model_weights.pth
INFO:src.utils.logger:It: 836, Loss: 2.392e-02, Loss_res: 1.928e-02,  Loss_bcs: 4.026e-04, Loss_ut_ics: 2.105e-05, Loss_norm: 4.681e-06, Loss_gauge: 0.000e+00, w_pde: 1.00e+00, L^2_error: 6.398e-02, lr: 1.000e-03, Time: 3.10e+03
INFO:src.utils.logger:Model state saved to results\ho\DV\20260305-054940_seed0_ho_DV_bl_layered_e1500_w300_4q_4l\checkpoints\2026-03-05_05-50-04-441757_ho_DV_seed\model.pth
INFO:src.utils.logger:Model weights saved to results\ho\DV\20260305-054940_seed0_ho_DV_bl_layered_e1500_w300_4q_4l\checkpoints\2026-03-05_05-50-04-441757_ho_DV_seed\model_weights.pth
INFO:src.utils.logger:It: 837, Loss: 2.510e-02, Loss_res: 2.048e-02,  Loss_bcs: 3.970e-04, Loss_ut_ics: 2.099e-05, Loss_norm: 4.430e-06, Loss_gauge: 0.000e+00, w_pde: 1.00e+00, L^2_error: 6.391e-02, lr: 1.000e-03, Time: 3.10e+03
INFO:src.utils.logger:Model state saved to results\ho\DV\20260305-054940_seed0_ho_DV_bl_layered_e1500_w300_4q_4l\checkpoints\2026-03-05_05-50-04-441757_ho_DV_seed\model.pth
INFO:src.utils.logger:Model weights saved to results\ho\DV\20260305-054940_seed0_ho_DV_bl_layered_e1500_w300_4q_4l\checkpoints\2026-03-05_05-50-04-441757_ho_DV_seed\model_weights.pth
INFO:src.utils.logger:It: 838, Loss: 2.445e-02, Loss_res: 1.984e-02,  Loss_bcs: 3.997e-04, Loss_ut_ics: 2.095e-05, Loss_norm: 4.312e-06, Loss_gauge: 0.000e+00, w_pde: 1.00e+00, L^2_error: 6.385e-02, lr: 1.000e-03, Time: 3.11e+03
INFO:src.utils.logger:Model state saved to results\ho\DV\20260305-054940_seed0_ho_DV_bl_layered_e1500_w300_4q_4l\checkpoints\2026-03-05_05-50-04-441757_ho_DV_seed\model.pth
INFO:src.utils.logger:Model weights saved to results\ho\DV\20260305-054940_seed0_ho_DV_bl_layered_e1500_w300_4q_4l\checkpoints\2026-03-05_05-50-04-441757_ho_DV_seed\model_weights.pth
INFO:src.utils.logger:It: 839, Loss: 2.385e-02, Loss_res: 1.925e-02,  Loss_bcs: 3.990e-04, Loss_ut_ics: 2.091e-05, Loss_norm: 4.205e-06, Loss_gauge: 0.000e+00, w_pde: 1.00e+00, L^2_error: 6.380e-02, lr: 1.000e-03, Time: 3.11e+03
INFO:src.utils.logger:Model state saved to results\ho\DV\20260305-054940_seed0_ho_DV_bl_layered_e1500_w300_4q_4l\checkpoints\2026-03-05_05-50-04-441757_ho_DV_seed\model.pth
INFO:src.utils.logger:Model weights saved to results\ho\DV\20260305-054940_seed0_ho_DV_bl_layered_e1500_w300_4q_4l\checkpoints\2026-03-05_05-50-04-441757_ho_DV_seed\model_weights.pth
INFO:src.utils.logger:It: 840, Loss: 2.405e-02, Loss_res: 1.947e-02,  Loss_bcs: 3.939e-04, Loss_ut_ics: 2.085e-05, Loss_norm: 4.212e-06, Loss_gauge: 0.000e+00, w_pde: 1.00e+00, L^2_error: 6.376e-02, lr: 1.000e-03, Time: 3.11e+03
INFO:src.utils.logger:Model state saved to results\ho\DV\20260305-054940_seed0_ho_DV_bl_layered_e1500_w300_4q_4l\checkpoints\2026-03-05_05-50-04-441757_ho_DV_seed\model.pth
INFO:src.utils.logger:Model weights saved to results\ho\DV\20260305-054940_seed0_ho_DV_bl_layered_e1500_w300_4q_4l\checkpoints\2026-03-05_05-50-04-441757_ho_DV_seed\model_weights.pth
INFO:src.utils.logger:It: 841, Loss: 2.526e-02, Loss_res: 2.067e-02,  Loss_bcs: 3.978e-04, Loss_ut_ics: 2.083e-05, Loss_norm: 4.070e-06, Loss_gauge: 0.000e+00, w_pde: 1.00e+00, L^2_error: 6.372e-02, lr: 1.000e-03, Time: 3.12e+03
INFO:src.utils.logger:Model state saved to results\ho\DV\20260305-054940_seed0_ho_DV_bl_layered_e1500_w300_4q_4l\checkpoints\2026-03-05_05-50-04-441757_ho_DV_seed\model.pth
INFO:src.utils.logger:Model weights saved to results\ho\DV\20260305-054940_seed0_ho_DV_bl_layered_e1500_w300_4q_4l\checkpoints\2026-03-05_05-50-04-441757_ho_DV_seed\model_weights.pth
INFO:src.utils.logger:It: 842, Loss: 2.612e-02, Loss_res: 2.154e-02,  Loss_bcs: 3.973e-04, Loss_ut_ics: 2.084e-05, Loss_norm: 3.987e-06, Loss_gauge: 0.000e+00, w_pde: 1.00e+00, L^2_error: 6.368e-02, lr: 1.000e-03, Time: 3.12e+03
INFO:src.utils.logger:Model state saved to results\ho\DV\20260305-054940_seed0_ho_DV_bl_layered_e1500_w300_4q_4l\checkpoints\2026-03-05_05-50-04-441757_ho_DV_seed\model.pth
INFO:src.utils.logger:Model weights saved to results\ho\DV\20260305-054940_seed0_ho_DV_bl_layered_e1500_w300_4q_4l\checkpoints\2026-03-05_05-50-04-441757_ho_DV_seed\model_weights.pth
INFO:src.utils.logger:It: 843, Loss: 2.414e-02, Loss_res: 1.955e-02,  Loss_bcs: 4.002e-04, Loss_ut_ics: 2.086e-05, Loss_norm: 4.060e-06, Loss_gauge: 0.000e+00, w_pde: 1.00e+00, L^2_error: 6.363e-02, lr: 1.000e-03, Time: 3.12e+03
INFO:src.utils.logger:Model state saved to results\ho\DV\20260305-054940_seed0_ho_DV_bl_layered_e1500_w300_4q_4l\checkpoints\2026-03-05_05-50-04-441757_ho_DV_seed\model.pth
INFO:src.utils.logger:Model weights saved to results\ho\DV\20260305-054940_seed0_ho_DV_bl_layered_e1500_w300_4q_4l\checkpoints\2026-03-05_05-50-04-441757_ho_DV_seed\model_weights.pth
INFO:src.utils.logger:It: 844, Loss: 2.480e-02, Loss_res: 2.020e-02,  Loss_bcs: 3.971e-04, Loss_ut_ics: 2.092e-05, Loss_norm: 4.007e-06, Loss_gauge: 0.000e+00, w_pde: 1.00e+00, L^2_error: 6.357e-02, lr: 1.000e-03, Time: 3.13e+03
INFO:src.utils.logger:Model state saved to results\ho\DV\20260305-054940_seed0_ho_DV_bl_layered_e1500_w300_4q_4l\checkpoints\2026-03-05_05-50-04-441757_ho_DV_seed\model.pth
INFO:src.utils.logger:Model weights saved to results\ho\DV\20260305-054940_seed0_ho_DV_bl_layered_e1500_w300_4q_4l\checkpoints\2026-03-05_05-50-04-441757_ho_DV_seed\model_weights.pth
INFO:src.utils.logger:It: 845, Loss: 2.601e-02, Loss_res: 2.140e-02,  Loss_bcs: 3.995e-04, Loss_ut_ics: 2.094e-05, Loss_norm: 4.040e-06, Loss_gauge: 0.000e+00, w_pde: 1.00e+00, L^2_error: 6.350e-02, lr: 1.000e-03, Time: 3.13e+03
INFO:src.utils.logger:Model state saved to results\ho\DV\20260305-054940_seed0_ho_DV_bl_layered_e1500_w300_4q_4l\checkpoints\2026-03-05_05-50-04-441757_ho_DV_seed\model.pth
INFO:src.utils.logger:Model weights saved to results\ho\DV\20260305-054940_seed0_ho_DV_bl_layered_e1500_w300_4q_4l\checkpoints\2026-03-05_05-50-04-441757_ho_DV_seed\model_weights.pth
INFO:src.utils.logger:It: 846, Loss: 2.385e-02, Loss_res: 1.925e-02,  Loss_bcs: 3.985e-04, Loss_ut_ics: 2.090e-05, Loss_norm: 4.309e-06, Loss_gauge: 0.000e+00, w_pde: 1.00e+00, L^2_error: 6.342e-02, lr: 1.000e-03, Time: 3.14e+03
INFO:src.utils.logger:Model state saved to results\ho\DV\20260305-054940_seed0_ho_DV_bl_layered_e1500_w300_4q_4l\checkpoints\2026-03-05_05-50-04-441757_ho_DV_seed\model.pth
INFO:src.utils.logger:Model weights saved to results\ho\DV\20260305-054940_seed0_ho_DV_bl_layered_e1500_w300_4q_4l\checkpoints\2026-03-05_05-50-04-441757_ho_DV_seed\model_weights.pth
INFO:src.utils.logger:It: 847, Loss: 2.551e-02, Loss_res: 2.092e-02,  Loss_bcs: 3.981e-04, Loss_ut_ics: 2.086e-05, Loss_norm: 4.409e-06, Loss_gauge: 0.000e+00, w_pde: 1.00e+00, L^2_error: 6.334e-02, lr: 1.000e-03, Time: 3.14e+03
INFO:src.utils.logger:Model state saved to results\ho\DV\20260305-054940_seed0_ho_DV_bl_layered_e1500_w300_4q_4l\checkpoints\2026-03-05_05-50-04-441757_ho_DV_seed\model.pth
INFO:src.utils.logger:Model weights saved to results\ho\DV\20260305-054940_seed0_ho_DV_bl_layered_e1500_w300_4q_4l\checkpoints\2026-03-05_05-50-04-441757_ho_DV_seed\model_weights.pth
INFO:src.utils.logger:It: 848, Loss: 2.416e-02, Loss_res: 1.958e-02,  Loss_bcs: 3.963e-04, Loss_ut_ics: 2.081e-05, Loss_norm: 4.369e-06, Loss_gauge: 0.000e+00, w_pde: 1.00e+00, L^2_error: 6.326e-02, lr: 1.000e-03, Time: 3.14e+03
INFO:src.utils.logger:Model state saved to results\ho\DV\20260305-054940_seed0_ho_DV_bl_layered_e1500_w300_4q_4l\checkpoints\2026-03-05_05-50-04-441757_ho_DV_seed\model.pth
INFO:src.utils.logger:Model weights saved to results\ho\DV\20260305-054940_seed0_ho_DV_bl_layered_e1500_w300_4q_4l\checkpoints\2026-03-05_05-50-04-441757_ho_DV_seed\model_weights.pth
INFO:src.utils.logger:It: 849, Loss: 2.435e-02, Loss_res: 1.977e-02,  Loss_bcs: 3.994e-04, Loss_ut_ics: 2.078e-05, Loss_norm: 4.118e-06, Loss_gauge: 0.000e+00, w_pde: 1.00e+00, L^2_error: 6.319e-02, lr: 1.000e-03, Time: 3.15e+03
INFO:src.utils.logger:Model state saved to results\ho\DV\20260305-054940_seed0_ho_DV_bl_layered_e1500_w300_4q_4l\checkpoints\2026-03-05_05-50-04-441757_ho_DV_seed\model.pth
INFO:src.utils.logger:Model weights saved to results\ho\DV\20260305-054940_seed0_ho_DV_bl_layered_e1500_w300_4q_4l\checkpoints\2026-03-05_05-50-04-441757_ho_DV_seed\model_weights.pth
INFO:src.utils.logger:It: 850, Loss: 2.440e-02, Loss_res: 1.984e-02,  Loss_bcs: 3.930e-04, Loss_ut_ics: 2.075e-05, Loss_norm: 3.775e-06, Loss_gauge: 0.000e+00, w_pde: 1.00e+00, L^2_error: 6.313e-02, lr: 1.000e-03, Time: 3.15e+03
INFO:src.utils.logger:Model state saved to results\ho\DV\20260305-054940_seed0_ho_DV_bl_layered_e1500_w300_4q_4l\checkpoints\2026-03-05_05-50-04-441757_ho_DV_seed\model.pth
INFO:src.utils.logger:Model weights saved to results\ho\DV\20260305-054940_seed0_ho_DV_bl_layered_e1500_w300_4q_4l\checkpoints\2026-03-05_05-50-04-441757_ho_DV_seed\model_weights.pth
INFO:src.utils.logger:It: 851, Loss: 2.457e-02, Loss_res: 2.001e-02,  Loss_bcs: 4.030e-04, Loss_ut_ics: 2.073e-05, Loss_norm: 3.390e-06, Loss_gauge: 0.000e+00, w_pde: 1.00e+00, L^2_error: 6.308e-02, lr: 1.000e-03, Time: 3.15e+03
INFO:src.utils.logger:Model state saved to results\ho\DV\20260305-054940_seed0_ho_DV_bl_layered_e1500_w300_4q_4l\checkpoints\2026-03-05_05-50-04-441757_ho_DV_seed\model.pth
INFO:src.utils.logger:Model weights saved to results\ho\DV\20260305-054940_seed0_ho_DV_bl_layered_e1500_w300_4q_4l\checkpoints\2026-03-05_05-50-04-441757_ho_DV_seed\model_weights.pth
INFO:src.utils.logger:It: 852, Loss: 2.448e-02, Loss_res: 1.993e-02,  Loss_bcs: 3.933e-04, Loss_ut_ics: 2.072e-05, Loss_norm: 3.177e-06, Loss_gauge: 0.000e+00, w_pde: 1.00e+00, L^2_error: 6.303e-02, lr: 1.000e-03, Time: 3.16e+03
INFO:src.utils.logger:Model state saved to results\ho\DV\20260305-054940_seed0_ho_DV_bl_layered_e1500_w300_4q_4l\checkpoints\2026-03-05_05-50-04-441757_ho_DV_seed\model.pth
INFO:src.utils.logger:Model weights saved to results\ho\DV\20260305-054940_seed0_ho_DV_bl_layered_e1500_w300_4q_4l\checkpoints\2026-03-05_05-50-04-441757_ho_DV_seed\model_weights.pth
INFO:src.utils.logger:It: 853, Loss: 2.564e-02, Loss_res: 2.109e-02,  Loss_bcs: 4.012e-04, Loss_ut_ics: 2.069e-05, Loss_norm: 3.150e-06, Loss_gauge: 0.000e+00, w_pde: 1.00e+00, L^2_error: 6.297e-02, lr: 1.000e-03, Time: 3.16e+03
INFO:src.utils.logger:Model state saved to results\ho\DV\20260305-054940_seed0_ho_DV_bl_layered_e1500_w300_4q_4l\checkpoints\2026-03-05_05-50-04-441757_ho_DV_seed\model.pth
INFO:src.utils.logger:Model weights saved to results\ho\DV\20260305-054940_seed0_ho_DV_bl_layered_e1500_w300_4q_4l\checkpoints\2026-03-05_05-50-04-441757_ho_DV_seed\model_weights.pth
INFO:src.utils.logger:It: 854, Loss: 2.437e-02, Loss_res: 1.982e-02,  Loss_bcs: 3.980e-04, Loss_ut_ics: 2.069e-05, Loss_norm: 3.100e-06, Loss_gauge: 0.000e+00, w_pde: 1.00e+00, L^2_error: 6.292e-02, lr: 1.000e-03, Time: 3.17e+03
INFO:src.utils.logger:Model state saved to results\ho\DV\20260305-054940_seed0_ho_DV_bl_layered_e1500_w300_4q_4l\checkpoints\2026-03-05_05-50-04-441757_ho_DV_seed\model.pth
INFO:src.utils.logger:Model weights saved to results\ho\DV\20260305-054940_seed0_ho_DV_bl_layered_e1500_w300_4q_4l\checkpoints\2026-03-05_05-50-04-441757_ho_DV_seed\model_weights.pth
INFO:src.utils.logger:It: 855, Loss: 2.315e-02, Loss_res: 1.860e-02,  Loss_bcs: 4.001e-04, Loss_ut_ics: 2.067e-05, Loss_norm: 3.144e-06, Loss_gauge: 0.000e+00, w_pde: 1.00e+00, L^2_error: 6.286e-02, lr: 1.000e-03, Time: 3.17e+03
INFO:src.utils.logger:Model state saved to results\ho\DV\20260305-054940_seed0_ho_DV_bl_layered_e1500_w300_4q_4l\checkpoints\2026-03-05_05-50-04-441757_ho_DV_seed\model.pth
INFO:src.utils.logger:Model weights saved to results\ho\DV\20260305-054940_seed0_ho_DV_bl_layered_e1500_w300_4q_4l\checkpoints\2026-03-05_05-50-04-441757_ho_DV_seed\model_weights.pth
INFO:src.utils.logger:It: 856, Loss: 2.455e-02, Loss_res: 2.000e-02,  Loss_bcs: 3.995e-04, Loss_ut_ics: 2.065e-05, Loss_norm: 3.186e-06, Loss_gauge: 0.000e+00, w_pde: 1.00e+00, L^2_error: 6.280e-02, lr: 1.000e-03, Time: 3.17e+03
INFO:src.utils.logger:Model state saved to results\ho\DV\20260305-054940_seed0_ho_DV_bl_layered_e1500_w300_4q_4l\checkpoints\2026-03-05_05-50-04-441757_ho_DV_seed\model.pth
INFO:src.utils.logger:Model weights saved to results\ho\DV\20260305-054940_seed0_ho_DV_bl_layered_e1500_w300_4q_4l\checkpoints\2026-03-05_05-50-04-441757_ho_DV_seed\model_weights.pth
INFO:src.utils.logger:It: 857, Loss: 2.572e-02, Loss_res: 2.119e-02,  Loss_bcs: 3.903e-04, Loss_ut_ics: 2.061e-05, Loss_norm: 3.290e-06, Loss_gauge: 0.000e+00, w_pde: 1.00e+00, L^2_error: 6.272e-02, lr: 1.000e-03, Time: 3.18e+03
INFO:src.utils.logger:Model state saved to results\ho\DV\20260305-054940_seed0_ho_DV_bl_layered_e1500_w300_4q_4l\checkpoints\2026-03-05_05-50-04-441757_ho_DV_seed\model.pth
INFO:src.utils.logger:Model weights saved to results\ho\DV\20260305-054940_seed0_ho_DV_bl_layered_e1500_w300_4q_4l\checkpoints\2026-03-05_05-50-04-441757_ho_DV_seed\model_weights.pth
INFO:src.utils.logger:It: 858, Loss: 2.361e-02, Loss_res: 1.910e-02,  Loss_bcs: 3.892e-04, Loss_ut_ics: 2.054e-05, Loss_norm: 3.482e-06, Loss_gauge: 0.000e+00, w_pde: 1.00e+00, L^2_error: 6.265e-02, lr: 1.000e-03, Time: 3.18e+03
INFO:src.utils.logger:Model state saved to results\ho\DV\20260305-054940_seed0_ho_DV_bl_layered_e1500_w300_4q_4l\checkpoints\2026-03-05_05-50-04-441757_ho_DV_seed\model.pth
INFO:src.utils.logger:Model weights saved to results\ho\DV\20260305-054940_seed0_ho_DV_bl_layered_e1500_w300_4q_4l\checkpoints\2026-03-05_05-50-04-441757_ho_DV_seed\model_weights.pth
INFO:src.utils.logger:It: 859, Loss: 2.243e-02, Loss_res: 1.792e-02,  Loss_bcs: 3.942e-04, Loss_ut_ics: 2.049e-05, Loss_norm: 3.518e-06, Loss_gauge: 0.000e+00, w_pde: 1.00e+00, L^2_error: 6.258e-02, lr: 1.000e-03, Time: 3.18e+03
INFO:src.utils.logger:Model state saved to results\ho\DV\20260305-054940_seed0_ho_DV_bl_layered_e1500_w300_4q_4l\checkpoints\2026-03-05_05-50-04-441757_ho_DV_seed\model.pth
INFO:src.utils.logger:Model weights saved to results\ho\DV\20260305-054940_seed0_ho_DV_bl_layered_e1500_w300_4q_4l\checkpoints\2026-03-05_05-50-04-441757_ho_DV_seed\model_weights.pth
INFO:src.utils.logger:It: 860, Loss: 2.385e-02, Loss_res: 1.934e-02,  Loss_bcs: 3.949e-04, Loss_ut_ics: 2.050e-05, Loss_norm: 3.152e-06, Loss_gauge: 0.000e+00, w_pde: 1.00e+00, L^2_error: 6.252e-02, lr: 1.000e-03, Time: 3.19e+03
INFO:src.utils.logger:Model state saved to results\ho\DV\20260305-054940_seed0_ho_DV_bl_layered_e1500_w300_4q_4l\checkpoints\2026-03-05_05-50-04-441757_ho_DV_seed\model.pth
INFO:src.utils.logger:Model weights saved to results\ho\DV\20260305-054940_seed0_ho_DV_bl_layered_e1500_w300_4q_4l\checkpoints\2026-03-05_05-50-04-441757_ho_DV_seed\model_weights.pth
INFO:src.utils.logger:It: 861, Loss: 2.397e-02, Loss_res: 1.945e-02,  Loss_bcs: 3.960e-04, Loss_ut_ics: 2.054e-05, Loss_norm: 2.713e-06, Loss_gauge: 0.000e+00, w_pde: 1.00e+00, L^2_error: 6.246e-02, lr: 1.000e-03, Time: 3.19e+03
INFO:src.utils.logger:Model state saved to results\ho\DV\20260305-054940_seed0_ho_DV_bl_layered_e1500_w300_4q_4l\checkpoints\2026-03-05_05-50-04-441757_ho_DV_seed\model.pth
INFO:src.utils.logger:Model weights saved to results\ho\DV\20260305-054940_seed0_ho_DV_bl_layered_e1500_w300_4q_4l\checkpoints\2026-03-05_05-50-04-441757_ho_DV_seed\model_weights.pth
INFO:src.utils.logger:It: 862, Loss: 2.288e-02, Loss_res: 1.835e-02,  Loss_bcs: 4.016e-04, Loss_ut_ics: 2.058e-05, Loss_norm: 2.461e-06, Loss_gauge: 0.000e+00, w_pde: 1.00e+00, L^2_error: 6.242e-02, lr: 1.000e-03, Time: 3.20e+03
INFO:src.utils.logger:Model state saved to results\ho\DV\20260305-054940_seed0_ho_DV_bl_layered_e1500_w300_4q_4l\checkpoints\2026-03-05_05-50-04-441757_ho_DV_seed\model.pth
INFO:src.utils.logger:Model weights saved to results\ho\DV\20260305-054940_seed0_ho_DV_bl_layered_e1500_w300_4q_4l\checkpoints\2026-03-05_05-50-04-441757_ho_DV_seed\model_weights.pth
INFO:src.utils.logger:It: 863, Loss: 2.446e-02, Loss_res: 1.993e-02,  Loss_bcs: 4.022e-04, Loss_ut_ics: 2.058e-05, Loss_norm: 2.489e-06, Loss_gauge: 0.000e+00, w_pde: 1.00e+00, L^2_error: 6.237e-02, lr: 1.000e-03, Time: 3.20e+03
INFO:src.utils.logger:Model state saved to results\ho\DV\20260305-054940_seed0_ho_DV_bl_layered_e1500_w300_4q_4l\checkpoints\2026-03-05_05-50-04-441757_ho_DV_seed\model.pth
INFO:src.utils.logger:Model weights saved to results\ho\DV\20260305-054940_seed0_ho_DV_bl_layered_e1500_w300_4q_4l\checkpoints\2026-03-05_05-50-04-441757_ho_DV_seed\model_weights.pth
INFO:src.utils.logger:It: 864, Loss: 2.308e-02, Loss_res: 1.856e-02,  Loss_bcs: 4.006e-04, Loss_ut_ics: 2.054e-05, Loss_norm: 2.821e-06, Loss_gauge: 0.000e+00, w_pde: 1.00e+00, L^2_error: 6.233e-02, lr: 1.000e-03, Time: 3.20e+03
INFO:src.utils.logger:Model state saved to results\ho\DV\20260305-054940_seed0_ho_DV_bl_layered_e1500_w300_4q_4l\checkpoints\2026-03-05_05-50-04-441757_ho_DV_seed\model.pth
INFO:src.utils.logger:Model weights saved to results\ho\DV\20260305-054940_seed0_ho_DV_bl_layered_e1500_w300_4q_4l\checkpoints\2026-03-05_05-50-04-441757_ho_DV_seed\model_weights.pth
INFO:src.utils.logger:It: 865, Loss: 2.409e-02, Loss_res: 1.958e-02,  Loss_bcs: 3.918e-04, Loss_ut_ics: 2.048e-05, Loss_norm: 3.367e-06, Loss_gauge: 0.000e+00, w_pde: 1.00e+00, L^2_error: 6.229e-02, lr: 1.000e-03, Time: 3.21e+03
INFO:src.utils.logger:Model state saved to results\ho\DV\20260305-054940_seed0_ho_DV_bl_layered_e1500_w300_4q_4l\checkpoints\2026-03-05_05-50-04-441757_ho_DV_seed\model.pth
INFO:src.utils.logger:Model weights saved to results\ho\DV\20260305-054940_seed0_ho_DV_bl_layered_e1500_w300_4q_4l\checkpoints\2026-03-05_05-50-04-441757_ho_DV_seed\model_weights.pth
INFO:src.utils.logger:It: 866, Loss: 2.335e-02, Loss_res: 1.885e-02,  Loss_bcs: 3.981e-04, Loss_ut_ics: 2.044e-05, Loss_norm: 3.761e-06, Loss_gauge: 0.000e+00, w_pde: 1.00e+00, L^2_error: 6.225e-02, lr: 1.000e-03, Time: 3.21e+03
INFO:src.utils.logger:Model state saved to results\ho\DV\20260305-054940_seed0_ho_DV_bl_layered_e1500_w300_4q_4l\checkpoints\2026-03-05_05-50-04-441757_ho_DV_seed\model.pth
INFO:src.utils.logger:Model weights saved to results\ho\DV\20260305-054940_seed0_ho_DV_bl_layered_e1500_w300_4q_4l\checkpoints\2026-03-05_05-50-04-441757_ho_DV_seed\model_weights.pth
INFO:src.utils.logger:It: 867, Loss: 2.433e-02, Loss_res: 1.983e-02,  Loss_bcs: 3.981e-04, Loss_ut_ics: 2.041e-05, Loss_norm: 3.883e-06, Loss_gauge: 0.000e+00, w_pde: 1.00e+00, L^2_error: 6.220e-02, lr: 1.000e-03, Time: 3.21e+03
INFO:src.utils.logger:Model state saved to results\ho\DV\20260305-054940_seed0_ho_DV_bl_layered_e1500_w300_4q_4l\checkpoints\2026-03-05_05-50-04-441757_ho_DV_seed\model.pth
INFO:src.utils.logger:Model weights saved to results\ho\DV\20260305-054940_seed0_ho_DV_bl_layered_e1500_w300_4q_4l\checkpoints\2026-03-05_05-50-04-441757_ho_DV_seed\model_weights.pth
INFO:src.utils.logger:It: 868, Loss: 2.520e-02, Loss_res: 2.071e-02,  Loss_bcs: 3.922e-04, Loss_ut_ics: 2.037e-05, Loss_norm: 3.871e-06, Loss_gauge: 0.000e+00, w_pde: 1.00e+00, L^2_error: 6.215e-02, lr: 1.000e-03, Time: 3.22e+03
INFO:src.utils.logger:Model state saved to results\ho\DV\20260305-054940_seed0_ho_DV_bl_layered_e1500_w300_4q_4l\checkpoints\2026-03-05_05-50-04-441757_ho_DV_seed\model.pth
INFO:src.utils.logger:Model weights saved to results\ho\DV\20260305-054940_seed0_ho_DV_bl_layered_e1500_w300_4q_4l\checkpoints\2026-03-05_05-50-04-441757_ho_DV_seed\model_weights.pth
INFO:src.utils.logger:It: 869, Loss: 2.545e-02, Loss_res: 2.098e-02,  Loss_bcs: 3.944e-04, Loss_ut_ics: 2.032e-05, Loss_norm: 3.642e-06, Loss_gauge: 0.000e+00, w_pde: 1.00e+00, L^2_error: 6.209e-02, lr: 1.000e-03, Time: 3.22e+03
INFO:src.utils.logger:Model state saved to results\ho\DV\20260305-054940_seed0_ho_DV_bl_layered_e1500_w300_4q_4l\checkpoints\2026-03-05_05-50-04-441757_ho_DV_seed\model.pth
INFO:src.utils.logger:Model weights saved to results\ho\DV\20260305-054940_seed0_ho_DV_bl_layered_e1500_w300_4q_4l\checkpoints\2026-03-05_05-50-04-441757_ho_DV_seed\model_weights.pth
INFO:src.utils.logger:It: 870, Loss: 2.363e-02, Loss_res: 1.917e-02,  Loss_bcs: 3.863e-04, Loss_ut_ics: 2.026e-05, Loss_norm: 3.458e-06, Loss_gauge: 0.000e+00, w_pde: 1.00e+00, L^2_error: 6.204e-02, lr: 1.000e-03, Time: 3.23e+03
INFO:src.utils.logger:Model state saved to results\ho\DV\20260305-054940_seed0_ho_DV_bl_layered_e1500_w300_4q_4l\checkpoints\2026-03-05_05-50-04-441757_ho_DV_seed\model.pth
INFO:src.utils.logger:Model weights saved to results\ho\DV\20260305-054940_seed0_ho_DV_bl_layered_e1500_w300_4q_4l\checkpoints\2026-03-05_05-50-04-441757_ho_DV_seed\model_weights.pth
INFO:src.utils.logger:It: 871, Loss: 2.424e-02, Loss_res: 1.978e-02,  Loss_bcs: 3.966e-04, Loss_ut_ics: 2.021e-05, Loss_norm: 3.147e-06, Loss_gauge: 0.000e+00, w_pde: 1.00e+00, L^2_error: 6.198e-02, lr: 1.000e-03, Time: 3.23e+03
INFO:src.utils.logger:Model state saved to results\ho\DV\20260305-054940_seed0_ho_DV_bl_layered_e1500_w300_4q_4l\checkpoints\2026-03-05_05-50-04-441757_ho_DV_seed\model.pth
INFO:src.utils.logger:Model weights saved to results\ho\DV\20260305-054940_seed0_ho_DV_bl_layered_e1500_w300_4q_4l\checkpoints\2026-03-05_05-50-04-441757_ho_DV_seed\model_weights.pth
INFO:src.utils.logger:It: 872, Loss: 2.498e-02, Loss_res: 2.054e-02,  Loss_bcs: 3.885e-04, Loss_ut_ics: 2.018e-05, Loss_norm: 2.784e-06, Loss_gauge: 0.000e+00, w_pde: 1.00e+00, L^2_error: 6.192e-02, lr: 1.000e-03, Time: 3.23e+03
INFO:src.utils.logger:Model state saved to results\ho\DV\20260305-054940_seed0_ho_DV_bl_layered_e1500_w300_4q_4l\checkpoints\2026-03-05_05-50-04-441757_ho_DV_seed\model.pth
INFO:src.utils.logger:Model weights saved to results\ho\DV\20260305-054940_seed0_ho_DV_bl_layered_e1500_w300_4q_4l\checkpoints\2026-03-05_05-50-04-441757_ho_DV_seed\model_weights.pth
INFO:src.utils.logger:It: 873, Loss: 2.384e-02, Loss_res: 1.941e-02,  Loss_bcs: 3.834e-04, Loss_ut_ics: 2.019e-05, Loss_norm: 2.465e-06, Loss_gauge: 0.000e+00, w_pde: 1.00e+00, L^2_error: 6.187e-02, lr: 1.000e-03, Time: 3.24e+03
INFO:src.utils.logger:Model state saved to results\ho\DV\20260305-054940_seed0_ho_DV_bl_layered_e1500_w300_4q_4l\checkpoints\2026-03-05_05-50-04-441757_ho_DV_seed\model.pth
INFO:src.utils.logger:Model weights saved to results\ho\DV\20260305-054940_seed0_ho_DV_bl_layered_e1500_w300_4q_4l\checkpoints\2026-03-05_05-50-04-441757_ho_DV_seed\model_weights.pth
INFO:src.utils.logger:It: 874, Loss: 2.421e-02, Loss_res: 1.978e-02,  Loss_bcs: 3.854e-04, Loss_ut_ics: 2.017e-05, Loss_norm: 2.408e-06, Loss_gauge: 0.000e+00, w_pde: 1.00e+00, L^2_error: 6.182e-02, lr: 1.000e-03, Time: 3.24e+03
INFO:src.utils.logger:Model state saved to results\ho\DV\20260305-054940_seed0_ho_DV_bl_layered_e1500_w300_4q_4l\checkpoints\2026-03-05_05-50-04-441757_ho_DV_seed\model.pth
INFO:src.utils.logger:Model weights saved to results\ho\DV\20260305-054940_seed0_ho_DV_bl_layered_e1500_w300_4q_4l\checkpoints\2026-03-05_05-50-04-441757_ho_DV_seed\model_weights.pth
INFO:src.utils.logger:It: 875, Loss: 2.439e-02, Loss_res: 1.996e-02,  Loss_bcs: 3.935e-04, Loss_ut_ics: 2.015e-05, Loss_norm: 2.572e-06, Loss_gauge: 0.000e+00, w_pde: 1.00e+00, L^2_error: 6.176e-02, lr: 1.000e-03, Time: 3.24e+03
INFO:src.utils.logger:Model state saved to results\ho\DV\20260305-054940_seed0_ho_DV_bl_layered_e1500_w300_4q_4l\checkpoints\2026-03-05_05-50-04-441757_ho_DV_seed\model.pth
INFO:src.utils.logger:Model weights saved to results\ho\DV\20260305-054940_seed0_ho_DV_bl_layered_e1500_w300_4q_4l\checkpoints\2026-03-05_05-50-04-441757_ho_DV_seed\model_weights.pth
INFO:src.utils.logger:It: 876, Loss: 2.397e-02, Loss_res: 1.954e-02,  Loss_bcs: 3.894e-04, Loss_ut_ics: 2.014e-05, Loss_norm: 2.818e-06, Loss_gauge: 0.000e+00, w_pde: 1.00e+00, L^2_error: 6.171e-02, lr: 1.000e-03, Time: 3.25e+03
INFO:src.utils.logger:Model state saved to results\ho\DV\20260305-054940_seed0_ho_DV_bl_layered_e1500_w300_4q_4l\checkpoints\2026-03-05_05-50-04-441757_ho_DV_seed\model.pth
INFO:src.utils.logger:Model weights saved to results\ho\DV\20260305-054940_seed0_ho_DV_bl_layered_e1500_w300_4q_4l\checkpoints\2026-03-05_05-50-04-441757_ho_DV_seed\model_weights.pth
INFO:src.utils.logger:It: 877, Loss: 2.235e-02, Loss_res: 1.792e-02,  Loss_bcs: 3.876e-04, Loss_ut_ics: 2.014e-05, Loss_norm: 3.025e-06, Loss_gauge: 0.000e+00, w_pde: 1.00e+00, L^2_error: 6.166e-02, lr: 1.000e-03, Time: 3.25e+03
INFO:src.utils.logger:Model state saved to results\ho\DV\20260305-054940_seed0_ho_DV_bl_layered_e1500_w300_4q_4l\checkpoints\2026-03-05_05-50-04-441757_ho_DV_seed\model.pth
INFO:src.utils.logger:Model weights saved to results\ho\DV\20260305-054940_seed0_ho_DV_bl_layered_e1500_w300_4q_4l\checkpoints\2026-03-05_05-50-04-441757_ho_DV_seed\model_weights.pth
INFO:src.utils.logger:It: 878, Loss: 2.493e-02, Loss_res: 2.050e-02,  Loss_bcs: 3.899e-04, Loss_ut_ics: 2.015e-05, Loss_norm: 3.135e-06, Loss_gauge: 0.000e+00, w_pde: 1.00e+00, L^2_error: 6.161e-02, lr: 1.000e-03, Time: 3.26e+03
INFO:src.utils.logger:Model state saved to results\ho\DV\20260305-054940_seed0_ho_DV_bl_layered_e1500_w300_4q_4l\checkpoints\2026-03-05_05-50-04-441757_ho_DV_seed\model.pth
INFO:src.utils.logger:Model weights saved to results\ho\DV\20260305-054940_seed0_ho_DV_bl_layered_e1500_w300_4q_4l\checkpoints\2026-03-05_05-50-04-441757_ho_DV_seed\model_weights.pth
INFO:src.utils.logger:It: 879, Loss: 2.416e-02, Loss_res: 1.972e-02,  Loss_bcs: 3.917e-04, Loss_ut_ics: 2.016e-05, Loss_norm: 3.192e-06, Loss_gauge: 0.000e+00, w_pde: 1.00e+00, L^2_error: 6.156e-02, lr: 1.000e-03, Time: 3.26e+03
INFO:src.utils.logger:Model state saved to results\ho\DV\20260305-054940_seed0_ho_DV_bl_layered_e1500_w300_4q_4l\checkpoints\2026-03-05_05-50-04-441757_ho_DV_seed\model.pth
INFO:src.utils.logger:Model weights saved to results\ho\DV\20260305-054940_seed0_ho_DV_bl_layered_e1500_w300_4q_4l\checkpoints\2026-03-05_05-50-04-441757_ho_DV_seed\model_weights.pth
INFO:src.utils.logger:It: 880, Loss: 2.358e-02, Loss_res: 1.914e-02,  Loss_bcs: 3.862e-04, Loss_ut_ics: 2.019e-05, Loss_norm: 3.068e-06, Loss_gauge: 0.000e+00, w_pde: 1.00e+00, L^2_error: 6.152e-02, lr: 1.000e-03, Time: 3.26e+03
INFO:src.utils.logger:Model state saved to results\ho\DV\20260305-054940_seed0_ho_DV_bl_layered_e1500_w300_4q_4l\checkpoints\2026-03-05_05-50-04-441757_ho_DV_seed\model.pth
INFO:src.utils.logger:Model weights saved to results\ho\DV\20260305-054940_seed0_ho_DV_bl_layered_e1500_w300_4q_4l\checkpoints\2026-03-05_05-50-04-441757_ho_DV_seed\model_weights.pth
INFO:src.utils.logger:It: 881, Loss: 2.323e-02, Loss_res: 1.878e-02,  Loss_bcs: 3.945e-04, Loss_ut_ics: 2.024e-05, Loss_norm: 2.816e-06, Loss_gauge: 0.000e+00, w_pde: 1.00e+00, L^2_error: 6.147e-02, lr: 1.000e-03, Time: 3.27e+03
INFO:src.utils.logger:Model state saved to results\ho\DV\20260305-054940_seed0_ho_DV_bl_layered_e1500_w300_4q_4l\checkpoints\2026-03-05_05-50-04-441757_ho_DV_seed\model.pth
INFO:src.utils.logger:Model weights saved to results\ho\DV\20260305-054940_seed0_ho_DV_bl_layered_e1500_w300_4q_4l\checkpoints\2026-03-05_05-50-04-441757_ho_DV_seed\model_weights.pth
INFO:src.utils.logger:It: 882, Loss: 2.497e-02, Loss_res: 2.052e-02,  Loss_bcs: 3.900e-04, Loss_ut_ics: 2.024e-05, Loss_norm: 2.781e-06, Loss_gauge: 0.000e+00, w_pde: 1.00e+00, L^2_error: 6.143e-02, lr: 1.000e-03, Time: 3.27e+03
INFO:src.utils.logger:Model state saved to results\ho\DV\20260305-054940_seed0_ho_DV_bl_layered_e1500_w300_4q_4l\checkpoints\2026-03-05_05-50-04-441757_ho_DV_seed\model.pth
INFO:src.utils.logger:Model weights saved to results\ho\DV\20260305-054940_seed0_ho_DV_bl_layered_e1500_w300_4q_4l\checkpoints\2026-03-05_05-50-04-441757_ho_DV_seed\model_weights.pth
INFO:src.utils.logger:It: 883, Loss: 2.444e-02, Loss_res: 1.999e-02,  Loss_bcs: 3.934e-04, Loss_ut_ics: 2.018e-05, Loss_norm: 2.880e-06, Loss_gauge: 0.000e+00, w_pde: 1.00e+00, L^2_error: 6.139e-02, lr: 1.000e-03, Time: 3.27e+03
INFO:src.utils.logger:Model state saved to results\ho\DV\20260305-054940_seed0_ho_DV_bl_layered_e1500_w300_4q_4l\checkpoints\2026-03-05_05-50-04-441757_ho_DV_seed\model.pth
INFO:src.utils.logger:Model weights saved to results\ho\DV\20260305-054940_seed0_ho_DV_bl_layered_e1500_w300_4q_4l\checkpoints\2026-03-05_05-50-04-441757_ho_DV_seed\model_weights.pth
INFO:src.utils.logger:It: 884, Loss: 2.415e-02, Loss_res: 1.971e-02,  Loss_bcs: 3.914e-04, Loss_ut_ics: 2.015e-05, Loss_norm: 2.935e-06, Loss_gauge: 0.000e+00, w_pde: 1.00e+00, L^2_error: 6.134e-02, lr: 1.000e-03, Time: 3.28e+03
INFO:src.utils.logger:Model state saved to results\ho\DV\20260305-054940_seed0_ho_DV_bl_layered_e1500_w300_4q_4l\checkpoints\2026-03-05_05-50-04-441757_ho_DV_seed\model.pth
INFO:src.utils.logger:Model weights saved to results\ho\DV\20260305-054940_seed0_ho_DV_bl_layered_e1500_w300_4q_4l\checkpoints\2026-03-05_05-50-04-441757_ho_DV_seed\model_weights.pth
INFO:src.utils.logger:It: 885, Loss: 2.346e-02, Loss_res: 1.903e-02,  Loss_bcs: 3.910e-04, Loss_ut_ics: 2.013e-05, Loss_norm: 2.929e-06, Loss_gauge: 0.000e+00, w_pde: 1.00e+00, L^2_error: 6.129e-02, lr: 1.000e-03, Time: 3.28e+03
INFO:src.utils.logger:Model state saved to results\ho\DV\20260305-054940_seed0_ho_DV_bl_layered_e1500_w300_4q_4l\checkpoints\2026-03-05_05-50-04-441757_ho_DV_seed\model.pth
INFO:src.utils.logger:Model weights saved to results\ho\DV\20260305-054940_seed0_ho_DV_bl_layered_e1500_w300_4q_4l\checkpoints\2026-03-05_05-50-04-441757_ho_DV_seed\model_weights.pth
INFO:src.utils.logger:It: 886, Loss: 2.280e-02, Loss_res: 1.838e-02,  Loss_bcs: 3.876e-04, Loss_ut_ics: 2.009e-05, Loss_norm: 2.884e-06, Loss_gauge: 0.000e+00, w_pde: 1.00e+00, L^2_error: 6.124e-02, lr: 1.000e-03, Time: 3.29e+03
INFO:src.utils.logger:Model state saved to results\ho\DV\20260305-054940_seed0_ho_DV_bl_layered_e1500_w300_4q_4l\checkpoints\2026-03-05_05-50-04-441757_ho_DV_seed\model.pth
INFO:src.utils.logger:Model weights saved to results\ho\DV\20260305-054940_seed0_ho_DV_bl_layered_e1500_w300_4q_4l\checkpoints\2026-03-05_05-50-04-441757_ho_DV_seed\model_weights.pth
INFO:src.utils.logger:It: 887, Loss: 2.323e-02, Loss_res: 1.880e-02,  Loss_bcs: 3.984e-04, Loss_ut_ics: 2.005e-05, Loss_norm: 2.694e-06, Loss_gauge: 0.000e+00, w_pde: 1.00e+00, L^2_error: 6.119e-02, lr: 1.000e-03, Time: 3.29e+03
INFO:src.utils.logger:Model state saved to results\ho\DV\20260305-054940_seed0_ho_DV_bl_layered_e1500_w300_4q_4l\checkpoints\2026-03-05_05-50-04-441757_ho_DV_seed\model.pth
INFO:src.utils.logger:Model weights saved to results\ho\DV\20260305-054940_seed0_ho_DV_bl_layered_e1500_w300_4q_4l\checkpoints\2026-03-05_05-50-04-441757_ho_DV_seed\model_weights.pth
INFO:src.utils.logger:It: 888, Loss: 2.439e-02, Loss_res: 1.999e-02,  Loss_bcs: 3.882e-04, Loss_ut_ics: 1.998e-05, Loss_norm: 2.498e-06, Loss_gauge: 0.000e+00, w_pde: 1.00e+00, L^2_error: 6.114e-02, lr: 1.000e-03, Time: 3.29e+03
INFO:src.utils.logger:Model state saved to results\ho\DV\20260305-054940_seed0_ho_DV_bl_layered_e1500_w300_4q_4l\checkpoints\2026-03-05_05-50-04-441757_ho_DV_seed\model.pth
INFO:src.utils.logger:Model weights saved to results\ho\DV\20260305-054940_seed0_ho_DV_bl_layered_e1500_w300_4q_4l\checkpoints\2026-03-05_05-50-04-441757_ho_DV_seed\model_weights.pth
INFO:src.utils.logger:It: 889, Loss: 2.247e-02, Loss_res: 1.809e-02,  Loss_bcs: 3.871e-04, Loss_ut_ics: 1.991e-05, Loss_norm: 2.411e-06, Loss_gauge: 0.000e+00, w_pde: 1.00e+00, L^2_error: 6.108e-02, lr: 1.000e-03, Time: 3.30e+03
INFO:src.utils.logger:Model state saved to results\ho\DV\20260305-054940_seed0_ho_DV_bl_layered_e1500_w300_4q_4l\checkpoints\2026-03-05_05-50-04-441757_ho_DV_seed\model.pth
INFO:src.utils.logger:Model weights saved to results\ho\DV\20260305-054940_seed0_ho_DV_bl_layered_e1500_w300_4q_4l\checkpoints\2026-03-05_05-50-04-441757_ho_DV_seed\model_weights.pth
INFO:src.utils.logger:It: 890, Loss: 2.368e-02, Loss_res: 1.931e-02,  Loss_bcs: 3.849e-04, Loss_ut_ics: 1.986e-05, Loss_norm: 2.263e-06, Loss_gauge: 0.000e+00, w_pde: 1.00e+00, L^2_error: 6.104e-02, lr: 1.000e-03, Time: 3.30e+03
INFO:src.utils.logger:Model state saved to results\ho\DV\20260305-054940_seed0_ho_DV_bl_layered_e1500_w300_4q_4l\checkpoints\2026-03-05_05-50-04-441757_ho_DV_seed\model.pth
INFO:src.utils.logger:Model weights saved to results\ho\DV\20260305-054940_seed0_ho_DV_bl_layered_e1500_w300_4q_4l\checkpoints\2026-03-05_05-50-04-441757_ho_DV_seed\model_weights.pth
INFO:src.utils.logger:It: 891, Loss: 2.228e-02, Loss_res: 1.792e-02,  Loss_bcs: 3.857e-04, Loss_ut_ics: 1.982e-05, Loss_norm: 2.176e-06, Loss_gauge: 0.000e+00, w_pde: 1.00e+00, L^2_error: 6.099e-02, lr: 1.000e-03, Time: 3.30e+03
INFO:src.utils.logger:Model state saved to results\ho\DV\20260305-054940_seed0_ho_DV_bl_layered_e1500_w300_4q_4l\checkpoints\2026-03-05_05-50-04-441757_ho_DV_seed\model.pth
INFO:src.utils.logger:Model weights saved to results\ho\DV\20260305-054940_seed0_ho_DV_bl_layered_e1500_w300_4q_4l\checkpoints\2026-03-05_05-50-04-441757_ho_DV_seed\model_weights.pth
INFO:src.utils.logger:It: 892, Loss: 2.364e-02, Loss_res: 1.928e-02,  Loss_bcs: 3.863e-04, Loss_ut_ics: 1.979e-05, Loss_norm: 1.986e-06, Loss_gauge: 0.000e+00, w_pde: 1.00e+00, L^2_error: 6.095e-02, lr: 1.000e-03, Time: 3.31e+03
INFO:src.utils.logger:Model state saved to results\ho\DV\20260305-054940_seed0_ho_DV_bl_layered_e1500_w300_4q_4l\checkpoints\2026-03-05_05-50-04-441757_ho_DV_seed\model.pth
INFO:src.utils.logger:Model weights saved to results\ho\DV\20260305-054940_seed0_ho_DV_bl_layered_e1500_w300_4q_4l\checkpoints\2026-03-05_05-50-04-441757_ho_DV_seed\model_weights.pth
INFO:src.utils.logger:It: 893, Loss: 2.343e-02, Loss_res: 1.909e-02,  Loss_bcs: 3.828e-04, Loss_ut_ics: 1.979e-05, Loss_norm: 1.768e-06, Loss_gauge: 0.000e+00, w_pde: 1.00e+00, L^2_error: 6.092e-02, lr: 1.000e-03, Time: 3.31e+03
INFO:src.utils.logger:Model state saved to results\ho\DV\20260305-054940_seed0_ho_DV_bl_layered_e1500_w300_4q_4l\checkpoints\2026-03-05_05-50-04-441757_ho_DV_seed\model.pth
INFO:src.utils.logger:Model weights saved to results\ho\DV\20260305-054940_seed0_ho_DV_bl_layered_e1500_w300_4q_4l\checkpoints\2026-03-05_05-50-04-441757_ho_DV_seed\model_weights.pth
INFO:src.utils.logger:It: 894, Loss: 2.338e-02, Loss_res: 1.903e-02,  Loss_bcs: 3.839e-04, Loss_ut_ics: 1.979e-05, Loss_norm: 1.640e-06, Loss_gauge: 0.000e+00, w_pde: 1.00e+00, L^2_error: 6.089e-02, lr: 1.000e-03, Time: 3.32e+03
INFO:src.utils.logger:Model state saved to results\ho\DV\20260305-054940_seed0_ho_DV_bl_layered_e1500_w300_4q_4l\checkpoints\2026-03-05_05-50-04-441757_ho_DV_seed\model.pth
INFO:src.utils.logger:Model weights saved to results\ho\DV\20260305-054940_seed0_ho_DV_bl_layered_e1500_w300_4q_4l\checkpoints\2026-03-05_05-50-04-441757_ho_DV_seed\model_weights.pth
INFO:src.utils.logger:It: 895, Loss: 2.293e-02, Loss_res: 1.858e-02,  Loss_bcs: 3.839e-04, Loss_ut_ics: 1.977e-05, Loss_norm: 1.667e-06, Loss_gauge: 0.000e+00, w_pde: 1.00e+00, L^2_error: 6.086e-02, lr: 1.000e-03, Time: 3.32e+03
INFO:src.utils.logger:Model state saved to results\ho\DV\20260305-054940_seed0_ho_DV_bl_layered_e1500_w300_4q_4l\checkpoints\2026-03-05_05-50-04-441757_ho_DV_seed\model.pth
INFO:src.utils.logger:Model weights saved to results\ho\DV\20260305-054940_seed0_ho_DV_bl_layered_e1500_w300_4q_4l\checkpoints\2026-03-05_05-50-04-441757_ho_DV_seed\model_weights.pth
INFO:src.utils.logger:It: 896, Loss: 2.352e-02, Loss_res: 1.916e-02,  Loss_bcs: 3.873e-04, Loss_ut_ics: 1.978e-05, Loss_norm: 1.781e-06, Loss_gauge: 0.000e+00, w_pde: 1.00e+00, L^2_error: 6.083e-02, lr: 1.000e-03, Time: 3.32e+03
INFO:src.utils.logger:Model state saved to results\ho\DV\20260305-054940_seed0_ho_DV_bl_layered_e1500_w300_4q_4l\checkpoints\2026-03-05_05-50-04-441757_ho_DV_seed\model.pth
INFO:src.utils.logger:Model weights saved to results\ho\DV\20260305-054940_seed0_ho_DV_bl_layered_e1500_w300_4q_4l\checkpoints\2026-03-05_05-50-04-441757_ho_DV_seed\model_weights.pth
INFO:src.utils.logger:It: 897, Loss: 2.462e-02, Loss_res: 2.026e-02,  Loss_bcs: 3.855e-04, Loss_ut_ics: 1.980e-05, Loss_norm: 1.944e-06, Loss_gauge: 0.000e+00, w_pde: 1.00e+00, L^2_error: 6.079e-02, lr: 1.000e-03, Time: 3.33e+03
INFO:src.utils.logger:Model state saved to results\ho\DV\20260305-054940_seed0_ho_DV_bl_layered_e1500_w300_4q_4l\checkpoints\2026-03-05_05-50-04-441757_ho_DV_seed\model.pth
INFO:src.utils.logger:Model weights saved to results\ho\DV\20260305-054940_seed0_ho_DV_bl_layered_e1500_w300_4q_4l\checkpoints\2026-03-05_05-50-04-441757_ho_DV_seed\model_weights.pth
INFO:src.utils.logger:It: 898, Loss: 2.435e-02, Loss_res: 1.998e-02,  Loss_bcs: 3.875e-04, Loss_ut_ics: 1.984e-05, Loss_norm: 2.098e-06, Loss_gauge: 0.000e+00, w_pde: 1.00e+00, L^2_error: 6.075e-02, lr: 1.000e-03, Time: 3.33e+03
INFO:src.utils.logger:Model state saved to results\ho\DV\20260305-054940_seed0_ho_DV_bl_layered_e1500_w300_4q_4l\checkpoints\2026-03-05_05-50-04-441757_ho_DV_seed\model.pth
INFO:src.utils.logger:Model weights saved to results\ho\DV\20260305-054940_seed0_ho_DV_bl_layered_e1500_w300_4q_4l\checkpoints\2026-03-05_05-50-04-441757_ho_DV_seed\model_weights.pth
INFO:src.utils.logger:It: 899, Loss: 2.324e-02, Loss_res: 1.887e-02,  Loss_bcs: 3.837e-04, Loss_ut_ics: 1.986e-05, Loss_norm: 2.421e-06, Loss_gauge: 0.000e+00, w_pde: 1.00e+00, L^2_error: 6.071e-02, lr: 1.000e-03, Time: 3.33e+03
INFO:src.utils.logger:Model state saved to results\ho\DV\20260305-054940_seed0_ho_DV_bl_layered_e1500_w300_4q_4l\checkpoints\2026-03-05_05-50-04-441757_ho_DV_seed\model.pth
INFO:src.utils.logger:Model weights saved to results\ho\DV\20260305-054940_seed0_ho_DV_bl_layered_e1500_w300_4q_4l\checkpoints\2026-03-05_05-50-04-441757_ho_DV_seed\model_weights.pth
INFO:src.utils.logger:It: 900, Loss: 2.296e-02, Loss_res: 1.859e-02,  Loss_bcs: 3.879e-04, Loss_ut_ics: 1.986e-05, Loss_norm: 2.663e-06, Loss_gauge: 0.000e+00, w_pde: 1.00e+00, L^2_error: 6.066e-02, lr: 1.000e-03, Time: 3.34e+03
INFO:src.utils.logger:Model state saved to results\ho\DV\20260305-054940_seed0_ho_DV_bl_layered_e1500_w300_4q_4l\checkpoints\2026-03-05_05-50-04-441757_ho_DV_seed\model.pth
INFO:src.utils.logger:Model weights saved to results\ho\DV\20260305-054940_seed0_ho_DV_bl_layered_e1500_w300_4q_4l\checkpoints\2026-03-05_05-50-04-441757_ho_DV_seed\model_weights.pth
INFO:src.utils.logger:It: 901, Loss: 2.195e-02, Loss_res: 1.758e-02,  Loss_bcs: 3.870e-04, Loss_ut_ics: 1.985e-05, Loss_norm: 2.717e-06, Loss_gauge: 0.000e+00, w_pde: 1.00e+00, L^2_error: 6.061e-02, lr: 1.000e-03, Time: 3.34e+03
INFO:src.utils.logger:Model state saved to results\ho\DV\20260305-054940_seed0_ho_DV_bl_layered_e1500_w300_4q_4l\checkpoints\2026-03-05_05-50-04-441757_ho_DV_seed\model.pth
INFO:src.utils.logger:Model weights saved to results\ho\DV\20260305-054940_seed0_ho_DV_bl_layered_e1500_w300_4q_4l\checkpoints\2026-03-05_05-50-04-441757_ho_DV_seed\model_weights.pth
INFO:src.utils.logger:It: 902, Loss: 2.219e-02, Loss_res: 1.782e-02,  Loss_bcs: 3.891e-04, Loss_ut_ics: 1.984e-05, Loss_norm: 2.580e-06, Loss_gauge: 0.000e+00, w_pde: 1.00e+00, L^2_error: 6.056e-02, lr: 1.000e-03, Time: 3.35e+03
INFO:src.utils.logger:Model state saved to results\ho\DV\20260305-054940_seed0_ho_DV_bl_layered_e1500_w300_4q_4l\checkpoints\2026-03-05_05-50-04-441757_ho_DV_seed\model.pth
INFO:src.utils.logger:Model weights saved to results\ho\DV\20260305-054940_seed0_ho_DV_bl_layered_e1500_w300_4q_4l\checkpoints\2026-03-05_05-50-04-441757_ho_DV_seed\model_weights.pth
INFO:src.utils.logger:It: 903, Loss: 2.268e-02, Loss_res: 1.831e-02,  Loss_bcs: 3.876e-04, Loss_ut_ics: 1.983e-05, Loss_norm: 2.310e-06, Loss_gauge: 0.000e+00, w_pde: 1.00e+00, L^2_error: 6.052e-02, lr: 1.000e-03, Time: 3.35e+03
INFO:src.utils.logger:Model state saved to results\ho\DV\20260305-054940_seed0_ho_DV_bl_layered_e1500_w300_4q_4l\checkpoints\2026-03-05_05-50-04-441757_ho_DV_seed\model.pth
INFO:src.utils.logger:Model weights saved to results\ho\DV\20260305-054940_seed0_ho_DV_bl_layered_e1500_w300_4q_4l\checkpoints\2026-03-05_05-50-04-441757_ho_DV_seed\model_weights.pth
INFO:src.utils.logger:It: 904, Loss: 2.225e-02, Loss_res: 1.790e-02,  Loss_bcs: 3.822e-04, Loss_ut_ics: 1.979e-05, Loss_norm: 2.120e-06, Loss_gauge: 0.000e+00, w_pde: 1.00e+00, L^2_error: 6.048e-02, lr: 1.000e-03, Time: 3.35e+03
INFO:src.utils.logger:Model state saved to results\ho\DV\20260305-054940_seed0_ho_DV_bl_layered_e1500_w300_4q_4l\checkpoints\2026-03-05_05-50-04-441757_ho_DV_seed\model.pth
INFO:src.utils.logger:Model weights saved to results\ho\DV\20260305-054940_seed0_ho_DV_bl_layered_e1500_w300_4q_4l\checkpoints\2026-03-05_05-50-04-441757_ho_DV_seed\model_weights.pth
INFO:src.utils.logger:It: 905, Loss: 2.348e-02, Loss_res: 1.913e-02,  Loss_bcs: 3.868e-04, Loss_ut_ics: 1.974e-05, Loss_norm: 2.021e-06, Loss_gauge: 0.000e+00, w_pde: 1.00e+00, L^2_error: 6.044e-02, lr: 1.000e-03, Time: 3.36e+03
INFO:src.utils.logger:Model state saved to results\ho\DV\20260305-054940_seed0_ho_DV_bl_layered_e1500_w300_4q_4l\checkpoints\2026-03-05_05-50-04-441757_ho_DV_seed\model.pth
INFO:src.utils.logger:Model weights saved to results\ho\DV\20260305-054940_seed0_ho_DV_bl_layered_e1500_w300_4q_4l\checkpoints\2026-03-05_05-50-04-441757_ho_DV_seed\model_weights.pth
INFO:src.utils.logger:It: 906, Loss: 2.327e-02, Loss_res: 1.894e-02,  Loss_bcs: 3.865e-04, Loss_ut_ics: 1.967e-05, Loss_norm: 2.096e-06, Loss_gauge: 0.000e+00, w_pde: 1.00e+00, L^2_error: 6.039e-02, lr: 1.000e-03, Time: 3.36e+03
INFO:src.utils.logger:Model state saved to results\ho\DV\20260305-054940_seed0_ho_DV_bl_layered_e1500_w300_4q_4l\checkpoints\2026-03-05_05-50-04-441757_ho_DV_seed\model.pth
INFO:src.utils.logger:Model weights saved to results\ho\DV\20260305-054940_seed0_ho_DV_bl_layered_e1500_w300_4q_4l\checkpoints\2026-03-05_05-50-04-441757_ho_DV_seed\model_weights.pth
INFO:src.utils.logger:It: 907, Loss: 2.465e-02, Loss_res: 2.033e-02,  Loss_bcs: 3.844e-04, Loss_ut_ics: 1.964e-05, Loss_norm: 2.146e-06, Loss_gauge: 0.000e+00, w_pde: 1.00e+00, L^2_error: 6.035e-02, lr: 1.000e-03, Time: 3.36e+03
INFO:src.utils.logger:Model state saved to results\ho\DV\20260305-054940_seed0_ho_DV_bl_layered_e1500_w300_4q_4l\checkpoints\2026-03-05_05-50-04-441757_ho_DV_seed\model.pth
INFO:src.utils.logger:Model weights saved to results\ho\DV\20260305-054940_seed0_ho_DV_bl_layered_e1500_w300_4q_4l\checkpoints\2026-03-05_05-50-04-441757_ho_DV_seed\model_weights.pth
INFO:src.utils.logger:It: 908, Loss: 2.374e-02, Loss_res: 1.943e-02,  Loss_bcs: 3.762e-04, Loss_ut_ics: 1.957e-05, Loss_norm: 2.402e-06, Loss_gauge: 0.000e+00, w_pde: 1.00e+00, L^2_error: 6.030e-02, lr: 1.000e-03, Time: 3.37e+03
INFO:src.utils.logger:Model state saved to results\ho\DV\20260305-054940_seed0_ho_DV_bl_layered_e1500_w300_4q_4l\checkpoints\2026-03-05_05-50-04-441757_ho_DV_seed\model.pth
INFO:src.utils.logger:Model weights saved to results\ho\DV\20260305-054940_seed0_ho_DV_bl_layered_e1500_w300_4q_4l\checkpoints\2026-03-05_05-50-04-441757_ho_DV_seed\model_weights.pth
INFO:src.utils.logger:It: 909, Loss: 2.245e-02, Loss_res: 1.815e-02,  Loss_bcs: 3.740e-04, Loss_ut_ics: 1.954e-05, Loss_norm: 2.521e-06, Loss_gauge: 0.000e+00, w_pde: 1.00e+00, L^2_error: 6.026e-02, lr: 1.000e-03, Time: 3.37e+03
INFO:src.utils.logger:Model state saved to results\ho\DV\20260305-054940_seed0_ho_DV_bl_layered_e1500_w300_4q_4l\checkpoints\2026-03-05_05-50-04-441757_ho_DV_seed\model.pth
INFO:src.utils.logger:Model weights saved to results\ho\DV\20260305-054940_seed0_ho_DV_bl_layered_e1500_w300_4q_4l\checkpoints\2026-03-05_05-50-04-441757_ho_DV_seed\model_weights.pth
INFO:src.utils.logger:It: 910, Loss: 2.310e-02, Loss_res: 1.880e-02,  Loss_bcs: 3.738e-04, Loss_ut_ics: 1.954e-05, Loss_norm: 2.406e-06, Loss_gauge: 0.000e+00, w_pde: 1.00e+00, L^2_error: 6.021e-02, lr: 1.000e-03, Time: 3.38e+03
INFO:src.utils.logger:Model state saved to results\ho\DV\20260305-054940_seed0_ho_DV_bl_layered_e1500_w300_4q_4l\checkpoints\2026-03-05_05-50-04-441757_ho_DV_seed\model.pth
INFO:src.utils.logger:Model weights saved to results\ho\DV\20260305-054940_seed0_ho_DV_bl_layered_e1500_w300_4q_4l\checkpoints\2026-03-05_05-50-04-441757_ho_DV_seed\model_weights.pth
INFO:src.utils.logger:It: 911, Loss: 2.218e-02, Loss_res: 1.788e-02,  Loss_bcs: 3.775e-04, Loss_ut_ics: 1.956e-05, Loss_norm: 2.150e-06, Loss_gauge: 0.000e+00, w_pde: 1.00e+00, L^2_error: 6.016e-02, lr: 1.000e-03, Time: 3.38e+03
INFO:src.utils.logger:Model state saved to results\ho\DV\20260305-054940_seed0_ho_DV_bl_layered_e1500_w300_4q_4l\checkpoints\2026-03-05_05-50-04-441757_ho_DV_seed\model.pth
INFO:src.utils.logger:Model weights saved to results\ho\DV\20260305-054940_seed0_ho_DV_bl_layered_e1500_w300_4q_4l\checkpoints\2026-03-05_05-50-04-441757_ho_DV_seed\model_weights.pth
INFO:src.utils.logger:It: 912, Loss: 2.283e-02, Loss_res: 1.851e-02,  Loss_bcs: 3.870e-04, Loss_ut_ics: 1.960e-05, Loss_norm: 1.840e-06, Loss_gauge: 0.000e+00, w_pde: 1.00e+00, L^2_error: 6.013e-02, lr: 1.000e-03, Time: 3.38e+03
INFO:src.utils.logger:Model state saved to results\ho\DV\20260305-054940_seed0_ho_DV_bl_layered_e1500_w300_4q_4l\checkpoints\2026-03-05_05-50-04-441757_ho_DV_seed\model.pth
INFO:src.utils.logger:Model weights saved to results\ho\DV\20260305-054940_seed0_ho_DV_bl_layered_e1500_w300_4q_4l\checkpoints\2026-03-05_05-50-04-441757_ho_DV_seed\model_weights.pth
INFO:src.utils.logger:It: 913, Loss: 2.247e-02, Loss_res: 1.816e-02,  Loss_bcs: 3.768e-04, Loss_ut_ics: 1.959e-05, Loss_norm: 1.822e-06, Loss_gauge: 0.000e+00, w_pde: 1.00e+00, L^2_error: 6.010e-02, lr: 1.000e-03, Time: 3.39e+03
INFO:src.utils.logger:Model state saved to results\ho\DV\20260305-054940_seed0_ho_DV_bl_layered_e1500_w300_4q_4l\checkpoints\2026-03-05_05-50-04-441757_ho_DV_seed\model.pth
INFO:src.utils.logger:Model weights saved to results\ho\DV\20260305-054940_seed0_ho_DV_bl_layered_e1500_w300_4q_4l\checkpoints\2026-03-05_05-50-04-441757_ho_DV_seed\model_weights.pth
INFO:src.utils.logger:It: 914, Loss: 2.231e-02, Loss_res: 1.801e-02,  Loss_bcs: 3.825e-04, Loss_ut_ics: 1.958e-05, Loss_norm: 1.828e-06, Loss_gauge: 0.000e+00, w_pde: 1.00e+00, L^2_error: 6.007e-02, lr: 1.000e-03, Time: 3.39e+03
INFO:src.utils.logger:Model state saved to results\ho\DV\20260305-054940_seed0_ho_DV_bl_layered_e1500_w300_4q_4l\checkpoints\2026-03-05_05-50-04-441757_ho_DV_seed\model.pth
INFO:src.utils.logger:Model weights saved to results\ho\DV\20260305-054940_seed0_ho_DV_bl_layered_e1500_w300_4q_4l\checkpoints\2026-03-05_05-50-04-441757_ho_DV_seed\model_weights.pth
INFO:src.utils.logger:It: 915, Loss: 2.230e-02, Loss_res: 1.800e-02,  Loss_bcs: 3.830e-04, Loss_ut_ics: 1.951e-05, Loss_norm: 2.081e-06, Loss_gauge: 0.000e+00, w_pde: 1.00e+00, L^2_error: 6.005e-02, lr: 1.000e-03, Time: 3.39e+03
INFO:src.utils.logger:Model state saved to results\ho\DV\20260305-054940_seed0_ho_DV_bl_layered_e1500_w300_4q_4l\checkpoints\2026-03-05_05-50-04-441757_ho_DV_seed\model.pth
INFO:src.utils.logger:Model weights saved to results\ho\DV\20260305-054940_seed0_ho_DV_bl_layered_e1500_w300_4q_4l\checkpoints\2026-03-05_05-50-04-441757_ho_DV_seed\model_weights.pth
INFO:src.utils.logger:It: 916, Loss: 2.327e-02, Loss_res: 1.899e-02,  Loss_bcs: 3.864e-04, Loss_ut_ics: 1.943e-05, Loss_norm: 2.410e-06, Loss_gauge: 0.000e+00, w_pde: 1.00e+00, L^2_error: 6.003e-02, lr: 1.000e-03, Time: 3.40e+03
INFO:src.utils.logger:Model state saved to results\ho\DV\20260305-054940_seed0_ho_DV_bl_layered_e1500_w300_4q_4l\checkpoints\2026-03-05_05-50-04-441757_ho_DV_seed\model.pth
INFO:src.utils.logger:Model weights saved to results\ho\DV\20260305-054940_seed0_ho_DV_bl_layered_e1500_w300_4q_4l\checkpoints\2026-03-05_05-50-04-441757_ho_DV_seed\model_weights.pth
INFO:src.utils.logger:It: 917, Loss: 2.248e-02, Loss_res: 1.821e-02,  Loss_bcs: 3.760e-04, Loss_ut_ics: 1.937e-05, Loss_norm: 2.513e-06, Loss_gauge: 0.000e+00, w_pde: 1.00e+00, L^2_error: 6.001e-02, lr: 1.000e-03, Time: 3.40e+03
INFO:src.utils.logger:Model state saved to results\ho\DV\20260305-054940_seed0_ho_DV_bl_layered_e1500_w300_4q_4l\checkpoints\2026-03-05_05-50-04-441757_ho_DV_seed\model.pth
INFO:src.utils.logger:Model weights saved to results\ho\DV\20260305-054940_seed0_ho_DV_bl_layered_e1500_w300_4q_4l\checkpoints\2026-03-05_05-50-04-441757_ho_DV_seed\model_weights.pth
INFO:src.utils.logger:It: 918, Loss: 2.251e-02, Loss_res: 1.825e-02,  Loss_bcs: 3.803e-04, Loss_ut_ics: 1.933e-05, Loss_norm: 2.387e-06, Loss_gauge: 0.000e+00, w_pde: 1.00e+00, L^2_error: 5.998e-02, lr: 1.000e-03, Time: 3.41e+03
INFO:src.utils.logger:Model state saved to results\ho\DV\20260305-054940_seed0_ho_DV_bl_layered_e1500_w300_4q_4l\checkpoints\2026-03-05_05-50-04-441757_ho_DV_seed\model.pth
INFO:src.utils.logger:Model weights saved to results\ho\DV\20260305-054940_seed0_ho_DV_bl_layered_e1500_w300_4q_4l\checkpoints\2026-03-05_05-50-04-441757_ho_DV_seed\model_weights.pth
INFO:src.utils.logger:It: 919, Loss: 2.176e-02, Loss_res: 1.750e-02,  Loss_bcs: 3.849e-04, Loss_ut_ics: 1.933e-05, Loss_norm: 2.100e-06, Loss_gauge: 0.000e+00, w_pde: 1.00e+00, L^2_error: 5.996e-02, lr: 1.000e-03, Time: 3.41e+03
INFO:src.utils.logger:Model state saved to results\ho\DV\20260305-054940_seed0_ho_DV_bl_layered_e1500_w300_4q_4l\checkpoints\2026-03-05_05-50-04-441757_ho_DV_seed\model.pth
INFO:src.utils.logger:Model weights saved to results\ho\DV\20260305-054940_seed0_ho_DV_bl_layered_e1500_w300_4q_4l\checkpoints\2026-03-05_05-50-04-441757_ho_DV_seed\model_weights.pth
INFO:src.utils.logger:It: 920, Loss: 2.167e-02, Loss_res: 1.742e-02,  Loss_bcs: 3.804e-04, Loss_ut_ics: 1.932e-05, Loss_norm: 1.831e-06, Loss_gauge: 0.000e+00, w_pde: 1.00e+00, L^2_error: 5.993e-02, lr: 1.000e-03, Time: 3.41e+03
INFO:src.utils.logger:Model state saved to results\ho\DV\20260305-054940_seed0_ho_DV_bl_layered_e1500_w300_4q_4l\checkpoints\2026-03-05_05-50-04-441757_ho_DV_seed\model.pth
INFO:src.utils.logger:Model weights saved to results\ho\DV\20260305-054940_seed0_ho_DV_bl_layered_e1500_w300_4q_4l\checkpoints\2026-03-05_05-50-04-441757_ho_DV_seed\model_weights.pth
INFO:src.utils.logger:It: 921, Loss: 2.312e-02, Loss_res: 1.886e-02,  Loss_bcs: 3.832e-04, Loss_ut_ics: 1.932e-05, Loss_norm: 1.527e-06, Loss_gauge: 0.000e+00, w_pde: 1.00e+00, L^2_error: 5.990e-02, lr: 1.000e-03, Time: 3.42e+03
INFO:src.utils.logger:Model state saved to results\ho\DV\20260305-054940_seed0_ho_DV_bl_layered_e1500_w300_4q_4l\checkpoints\2026-03-05_05-50-04-441757_ho_DV_seed\model.pth
INFO:src.utils.logger:Model weights saved to results\ho\DV\20260305-054940_seed0_ho_DV_bl_layered_e1500_w300_4q_4l\checkpoints\2026-03-05_05-50-04-441757_ho_DV_seed\model_weights.pth
INFO:src.utils.logger:It: 922, Loss: 2.200e-02, Loss_res: 1.775e-02,  Loss_bcs: 3.761e-04, Loss_ut_ics: 1.935e-05, Loss_norm: 1.348e-06, Loss_gauge: 0.000e+00, w_pde: 1.00e+00, L^2_error: 5.987e-02, lr: 1.000e-03, Time: 3.42e+03
INFO:src.utils.logger:Model state saved to results\ho\DV\20260305-054940_seed0_ho_DV_bl_layered_e1500_w300_4q_4l\checkpoints\2026-03-05_05-50-04-441757_ho_DV_seed\model.pth
INFO:src.utils.logger:Model weights saved to results\ho\DV\20260305-054940_seed0_ho_DV_bl_layered_e1500_w300_4q_4l\checkpoints\2026-03-05_05-50-04-441757_ho_DV_seed\model_weights.pth
INFO:src.utils.logger:It: 923, Loss: 2.241e-02, Loss_res: 1.815e-02,  Loss_bcs: 3.846e-04, Loss_ut_ics: 1.937e-05, Loss_norm: 1.302e-06, Loss_gauge: 0.000e+00, w_pde: 1.00e+00, L^2_error: 5.983e-02, lr: 1.000e-03, Time: 3.42e+03
INFO:src.utils.logger:Model state saved to results\ho\DV\20260305-054940_seed0_ho_DV_bl_layered_e1500_w300_4q_4l\checkpoints\2026-03-05_05-50-04-441757_ho_DV_seed\model.pth
INFO:src.utils.logger:Model weights saved to results\ho\DV\20260305-054940_seed0_ho_DV_bl_layered_e1500_w300_4q_4l\checkpoints\2026-03-05_05-50-04-441757_ho_DV_seed\model_weights.pth
INFO:src.utils.logger:It: 924, Loss: 2.320e-02, Loss_res: 1.894e-02,  Loss_bcs: 3.807e-04, Loss_ut_ics: 1.937e-05, Loss_norm: 1.437e-06, Loss_gauge: 0.000e+00, w_pde: 1.00e+00, L^2_error: 5.979e-02, lr: 1.000e-03, Time: 3.43e+03
INFO:src.utils.logger:Model state saved to results\ho\DV\20260305-054940_seed0_ho_DV_bl_layered_e1500_w300_4q_4l\checkpoints\2026-03-05_05-50-04-441757_ho_DV_seed\model.pth
INFO:src.utils.logger:Model weights saved to results\ho\DV\20260305-054940_seed0_ho_DV_bl_layered_e1500_w300_4q_4l\checkpoints\2026-03-05_05-50-04-441757_ho_DV_seed\model_weights.pth
INFO:src.utils.logger:It: 925, Loss: 2.158e-02, Loss_res: 1.733e-02,  Loss_bcs: 3.817e-04, Loss_ut_ics: 1.933e-05, Loss_norm: 1.736e-06, Loss_gauge: 0.000e+00, w_pde: 1.00e+00, L^2_error: 5.975e-02, lr: 1.000e-03, Time: 3.43e+03
INFO:src.utils.logger:Model state saved to results\ho\DV\20260305-054940_seed0_ho_DV_bl_layered_e1500_w300_4q_4l\checkpoints\2026-03-05_05-50-04-441757_ho_DV_seed\model.pth
INFO:src.utils.logger:Model weights saved to results\ho\DV\20260305-054940_seed0_ho_DV_bl_layered_e1500_w300_4q_4l\checkpoints\2026-03-05_05-50-04-441757_ho_DV_seed\model_weights.pth
INFO:src.utils.logger:It: 926, Loss: 2.483e-02, Loss_res: 2.058e-02,  Loss_bcs: 3.807e-04, Loss_ut_ics: 1.929e-05, Loss_norm: 2.064e-06, Loss_gauge: 0.000e+00, w_pde: 1.00e+00, L^2_error: 5.971e-02, lr: 1.000e-03, Time: 3.43e+03
INFO:src.utils.logger:Model state saved to results\ho\DV\20260305-054940_seed0_ho_DV_bl_layered_e1500_w300_4q_4l\checkpoints\2026-03-05_05-50-04-441757_ho_DV_seed\model.pth
INFO:src.utils.logger:Model weights saved to results\ho\DV\20260305-054940_seed0_ho_DV_bl_layered_e1500_w300_4q_4l\checkpoints\2026-03-05_05-50-04-441757_ho_DV_seed\model_weights.pth
INFO:src.utils.logger:It: 927, Loss: 2.319e-02, Loss_res: 1.894e-02,  Loss_bcs: 3.796e-04, Loss_ut_ics: 1.927e-05, Loss_norm: 2.406e-06, Loss_gauge: 0.000e+00, w_pde: 1.00e+00, L^2_error: 5.967e-02, lr: 1.000e-03, Time: 3.44e+03
INFO:src.utils.logger:Model state saved to results\ho\DV\20260305-054940_seed0_ho_DV_bl_layered_e1500_w300_4q_4l\checkpoints\2026-03-05_05-50-04-441757_ho_DV_seed\model.pth
INFO:src.utils.logger:Model weights saved to results\ho\DV\20260305-054940_seed0_ho_DV_bl_layered_e1500_w300_4q_4l\checkpoints\2026-03-05_05-50-04-441757_ho_DV_seed\model_weights.pth
INFO:src.utils.logger:It: 928, Loss: 2.301e-02, Loss_res: 1.877e-02,  Loss_bcs: 3.777e-04, Loss_ut_ics: 1.925e-05, Loss_norm: 2.621e-06, Loss_gauge: 0.000e+00, w_pde: 1.00e+00, L^2_error: 5.964e-02, lr: 1.000e-03, Time: 3.44e+03
INFO:src.utils.logger:Model state saved to results\ho\DV\20260305-054940_seed0_ho_DV_bl_layered_e1500_w300_4q_4l\checkpoints\2026-03-05_05-50-04-441757_ho_DV_seed\model.pth
INFO:src.utils.logger:Model weights saved to results\ho\DV\20260305-054940_seed0_ho_DV_bl_layered_e1500_w300_4q_4l\checkpoints\2026-03-05_05-50-04-441757_ho_DV_seed\model_weights.pth
INFO:src.utils.logger:It: 929, Loss: 2.336e-02, Loss_res: 1.913e-02,  Loss_bcs: 3.746e-04, Loss_ut_ics: 1.922e-05, Loss_norm: 2.583e-06, Loss_gauge: 0.000e+00, w_pde: 1.00e+00, L^2_error: 5.960e-02, lr: 1.000e-03, Time: 3.45e+03
INFO:src.utils.logger:Model state saved to results\ho\DV\20260305-054940_seed0_ho_DV_bl_layered_e1500_w300_4q_4l\checkpoints\2026-03-05_05-50-04-441757_ho_DV_seed\model.pth
INFO:src.utils.logger:Model weights saved to results\ho\DV\20260305-054940_seed0_ho_DV_bl_layered_e1500_w300_4q_4l\checkpoints\2026-03-05_05-50-04-441757_ho_DV_seed\model_weights.pth
INFO:src.utils.logger:It: 930, Loss: 2.251e-02, Loss_res: 1.827e-02,  Loss_bcs: 3.813e-04, Loss_ut_ics: 1.919e-05, Loss_norm: 2.250e-06, Loss_gauge: 0.000e+00, w_pde: 1.00e+00, L^2_error: 5.957e-02, lr: 1.000e-03, Time: 3.45e+03
INFO:src.utils.logger:Model state saved to results\ho\DV\20260305-054940_seed0_ho_DV_bl_layered_e1500_w300_4q_4l\checkpoints\2026-03-05_05-50-04-441757_ho_DV_seed\model.pth
INFO:src.utils.logger:Model weights saved to results\ho\DV\20260305-054940_seed0_ho_DV_bl_layered_e1500_w300_4q_4l\checkpoints\2026-03-05_05-50-04-441757_ho_DV_seed\model_weights.pth
INFO:src.utils.logger:It: 931, Loss: 2.234e-02, Loss_res: 1.812e-02,  Loss_bcs: 3.720e-04, Loss_ut_ics: 1.919e-05, Loss_norm: 1.744e-06, Loss_gauge: 0.000e+00, w_pde: 1.00e+00, L^2_error: 5.954e-02, lr: 1.000e-03, Time: 3.45e+03
INFO:src.utils.logger:Model state saved to results\ho\DV\20260305-054940_seed0_ho_DV_bl_layered_e1500_w300_4q_4l\checkpoints\2026-03-05_05-50-04-441757_ho_DV_seed\model.pth
INFO:src.utils.logger:Model weights saved to results\ho\DV\20260305-054940_seed0_ho_DV_bl_layered_e1500_w300_4q_4l\checkpoints\2026-03-05_05-50-04-441757_ho_DV_seed\model_weights.pth
INFO:src.utils.logger:It: 932, Loss: 2.253e-02, Loss_res: 1.831e-02,  Loss_bcs: 3.853e-04, Loss_ut_ics: 1.915e-05, Loss_norm: 1.385e-06, Loss_gauge: 0.000e+00, w_pde: 1.00e+00, L^2_error: 5.952e-02, lr: 1.000e-03, Time: 3.46e+03
INFO:src.utils.logger:Model state saved to results\ho\DV\20260305-054940_seed0_ho_DV_bl_layered_e1500_w300_4q_4l\checkpoints\2026-03-05_05-50-04-441757_ho_DV_seed\model.pth
INFO:src.utils.logger:Model weights saved to results\ho\DV\20260305-054940_seed0_ho_DV_bl_layered_e1500_w300_4q_4l\checkpoints\2026-03-05_05-50-04-441757_ho_DV_seed\model_weights.pth
INFO:src.utils.logger:It: 933, Loss: 2.242e-02, Loss_res: 1.821e-02,  Loss_bcs: 3.814e-04, Loss_ut_ics: 1.911e-05, Loss_norm: 1.163e-06, Loss_gauge: 0.000e+00, w_pde: 1.00e+00, L^2_error: 5.949e-02, lr: 1.000e-03, Time: 3.46e+03
INFO:src.utils.logger:Model state saved to results\ho\DV\20260305-054940_seed0_ho_DV_bl_layered_e1500_w300_4q_4l\checkpoints\2026-03-05_05-50-04-441757_ho_DV_seed\model.pth
INFO:src.utils.logger:Model weights saved to results\ho\DV\20260305-054940_seed0_ho_DV_bl_layered_e1500_w300_4q_4l\checkpoints\2026-03-05_05-50-04-441757_ho_DV_seed\model_weights.pth
INFO:src.utils.logger:It: 934, Loss: 2.364e-02, Loss_res: 1.946e-02,  Loss_bcs: 3.679e-04, Loss_ut_ics: 1.906e-05, Loss_norm: 1.129e-06, Loss_gauge: 0.000e+00, w_pde: 1.00e+00, L^2_error: 5.947e-02, lr: 1.000e-03, Time: 3.46e+03
INFO:src.utils.logger:Model state saved to results\ho\DV\20260305-054940_seed0_ho_DV_bl_layered_e1500_w300_4q_4l\checkpoints\2026-03-05_05-50-04-441757_ho_DV_seed\model.pth
INFO:src.utils.logger:Model weights saved to results\ho\DV\20260305-054940_seed0_ho_DV_bl_layered_e1500_w300_4q_4l\checkpoints\2026-03-05_05-50-04-441757_ho_DV_seed\model_weights.pth
INFO:src.utils.logger:It: 935, Loss: 2.375e-02, Loss_res: 1.956e-02,  Loss_bcs: 3.801e-04, Loss_ut_ics: 1.901e-05, Loss_norm: 1.261e-06, Loss_gauge: 0.000e+00, w_pde: 1.00e+00, L^2_error: 5.944e-02, lr: 1.000e-03, Time: 3.47e+03
INFO:src.utils.logger:Model state saved to results\ho\DV\20260305-054940_seed0_ho_DV_bl_layered_e1500_w300_4q_4l\checkpoints\2026-03-05_05-50-04-441757_ho_DV_seed\model.pth
INFO:src.utils.logger:Model weights saved to results\ho\DV\20260305-054940_seed0_ho_DV_bl_layered_e1500_w300_4q_4l\checkpoints\2026-03-05_05-50-04-441757_ho_DV_seed\model_weights.pth
INFO:src.utils.logger:It: 936, Loss: 2.272e-02, Loss_res: 1.856e-02,  Loss_bcs: 3.651e-04, Loss_ut_ics: 1.895e-05, Loss_norm: 1.505e-06, Loss_gauge: 0.000e+00, w_pde: 1.00e+00, L^2_error: 5.940e-02, lr: 1.000e-03, Time: 3.47e+03
INFO:src.utils.logger:Model state saved to results\ho\DV\20260305-054940_seed0_ho_DV_bl_layered_e1500_w300_4q_4l\checkpoints\2026-03-05_05-50-04-441757_ho_DV_seed\model.pth
INFO:src.utils.logger:Model weights saved to results\ho\DV\20260305-054940_seed0_ho_DV_bl_layered_e1500_w300_4q_4l\checkpoints\2026-03-05_05-50-04-441757_ho_DV_seed\model_weights.pth
INFO:src.utils.logger:It: 937, Loss: 2.316e-02, Loss_res: 1.899e-02,  Loss_bcs: 3.711e-04, Loss_ut_ics: 1.895e-05, Loss_norm: 1.714e-06, Loss_gauge: 0.000e+00, w_pde: 1.00e+00, L^2_error: 5.936e-02, lr: 1.000e-03, Time: 3.48e+03
INFO:src.utils.logger:Model state saved to results\ho\DV\20260305-054940_seed0_ho_DV_bl_layered_e1500_w300_4q_4l\checkpoints\2026-03-05_05-50-04-441757_ho_DV_seed\model.pth
INFO:src.utils.logger:Model weights saved to results\ho\DV\20260305-054940_seed0_ho_DV_bl_layered_e1500_w300_4q_4l\checkpoints\2026-03-05_05-50-04-441757_ho_DV_seed\model_weights.pth
INFO:src.utils.logger:It: 938, Loss: 2.272e-02, Loss_res: 1.853e-02,  Loss_bcs: 3.806e-04, Loss_ut_ics: 1.899e-05, Loss_norm: 1.880e-06, Loss_gauge: 0.000e+00, w_pde: 1.00e+00, L^2_error: 5.931e-02, lr: 1.000e-03, Time: 3.48e+03
INFO:src.utils.logger:Model state saved to results\ho\DV\20260305-054940_seed0_ho_DV_bl_layered_e1500_w300_4q_4l\checkpoints\2026-03-05_05-50-04-441757_ho_DV_seed\model.pth
INFO:src.utils.logger:Model weights saved to results\ho\DV\20260305-054940_seed0_ho_DV_bl_layered_e1500_w300_4q_4l\checkpoints\2026-03-05_05-50-04-441757_ho_DV_seed\model_weights.pth
INFO:src.utils.logger:It: 939, Loss: 2.212e-02, Loss_res: 1.793e-02,  Loss_bcs: 3.704e-04, Loss_ut_ics: 1.902e-05, Loss_norm: 2.105e-06, Loss_gauge: 0.000e+00, w_pde: 1.00e+00, L^2_error: 5.926e-02, lr: 1.000e-03, Time: 3.48e+03
INFO:src.utils.logger:Model state saved to results\ho\DV\20260305-054940_seed0_ho_DV_bl_layered_e1500_w300_4q_4l\checkpoints\2026-03-05_05-50-04-441757_ho_DV_seed\model.pth
INFO:src.utils.logger:Model weights saved to results\ho\DV\20260305-054940_seed0_ho_DV_bl_layered_e1500_w300_4q_4l\checkpoints\2026-03-05_05-50-04-441757_ho_DV_seed\model_weights.pth
INFO:src.utils.logger:It: 940, Loss: 2.335e-02, Loss_res: 1.915e-02,  Loss_bcs: 3.796e-04, Loss_ut_ics: 1.905e-05, Loss_norm: 2.211e-06, Loss_gauge: 0.000e+00, w_pde: 1.00e+00, L^2_error: 5.922e-02, lr: 1.000e-03, Time: 3.49e+03
INFO:src.utils.logger:Model state saved to results\ho\DV\20260305-054940_seed0_ho_DV_bl_layered_e1500_w300_4q_4l\checkpoints\2026-03-05_05-50-04-441757_ho_DV_seed\model.pth
INFO:src.utils.logger:Model weights saved to results\ho\DV\20260305-054940_seed0_ho_DV_bl_layered_e1500_w300_4q_4l\checkpoints\2026-03-05_05-50-04-441757_ho_DV_seed\model_weights.pth
INFO:src.utils.logger:It: 941, Loss: 2.360e-02, Loss_res: 1.939e-02,  Loss_bcs: 3.899e-04, Loss_ut_ics: 1.904e-05, Loss_norm: 2.292e-06, Loss_gauge: 0.000e+00, w_pde: 1.00e+00, L^2_error: 5.918e-02, lr: 1.000e-03, Time: 3.49e+03
INFO:src.utils.logger:Model state saved to results\ho\DV\20260305-054940_seed0_ho_DV_bl_layered_e1500_w300_4q_4l\checkpoints\2026-03-05_05-50-04-441757_ho_DV_seed\model.pth
INFO:src.utils.logger:Model weights saved to results\ho\DV\20260305-054940_seed0_ho_DV_bl_layered_e1500_w300_4q_4l\checkpoints\2026-03-05_05-50-04-441757_ho_DV_seed\model_weights.pth
INFO:src.utils.logger:It: 942, Loss: 2.413e-02, Loss_res: 1.994e-02,  Loss_bcs: 3.693e-04, Loss_ut_ics: 1.903e-05, Loss_norm: 2.252e-06, Loss_gauge: 0.000e+00, w_pde: 1.00e+00, L^2_error: 5.914e-02, lr: 1.000e-03, Time: 3.49e+03
INFO:src.utils.logger:Model state saved to results\ho\DV\20260305-054940_seed0_ho_DV_bl_layered_e1500_w300_4q_4l\checkpoints\2026-03-05_05-50-04-441757_ho_DV_seed\model.pth
INFO:src.utils.logger:Model weights saved to results\ho\DV\20260305-054940_seed0_ho_DV_bl_layered_e1500_w300_4q_4l\checkpoints\2026-03-05_05-50-04-441757_ho_DV_seed\model_weights.pth
INFO:src.utils.logger:It: 943, Loss: 2.192e-02, Loss_res: 1.773e-02,  Loss_bcs: 3.736e-04, Loss_ut_ics: 1.899e-05, Loss_norm: 2.194e-06, Loss_gauge: 0.000e+00, w_pde: 1.00e+00, L^2_error: 5.911e-02, lr: 1.000e-03, Time: 3.50e+03
INFO:src.utils.logger:Model state saved to results\ho\DV\20260305-054940_seed0_ho_DV_bl_layered_e1500_w300_4q_4l\checkpoints\2026-03-05_05-50-04-441757_ho_DV_seed\model.pth
INFO:src.utils.logger:Model weights saved to results\ho\DV\20260305-054940_seed0_ho_DV_bl_layered_e1500_w300_4q_4l\checkpoints\2026-03-05_05-50-04-441757_ho_DV_seed\model_weights.pth
INFO:src.utils.logger:It: 944, Loss: 2.283e-02, Loss_res: 1.866e-02,  Loss_bcs: 3.646e-04, Loss_ut_ics: 1.899e-05, Loss_norm: 1.930e-06, Loss_gauge: 0.000e+00, w_pde: 1.00e+00, L^2_error: 5.908e-02, lr: 1.000e-03, Time: 3.50e+03
INFO:src.utils.logger:Model state saved to results\ho\DV\20260305-054940_seed0_ho_DV_bl_layered_e1500_w300_4q_4l\checkpoints\2026-03-05_05-50-04-441757_ho_DV_seed\model.pth
INFO:src.utils.logger:Model weights saved to results\ho\DV\20260305-054940_seed0_ho_DV_bl_layered_e1500_w300_4q_4l\checkpoints\2026-03-05_05-50-04-441757_ho_DV_seed\model_weights.pth
INFO:src.utils.logger:It: 945, Loss: 2.211e-02, Loss_res: 1.793e-02,  Loss_bcs: 3.735e-04, Loss_ut_ics: 1.898e-05, Loss_norm: 1.708e-06, Loss_gauge: 0.000e+00, w_pde: 1.00e+00, L^2_error: 5.906e-02, lr: 1.000e-03, Time: 3.51e+03
INFO:src.utils.logger:Model state saved to results\ho\DV\20260305-054940_seed0_ho_DV_bl_layered_e1500_w300_4q_4l\checkpoints\2026-03-05_05-50-04-441757_ho_DV_seed\model.pth
INFO:src.utils.logger:Model weights saved to results\ho\DV\20260305-054940_seed0_ho_DV_bl_layered_e1500_w300_4q_4l\checkpoints\2026-03-05_05-50-04-441757_ho_DV_seed\model_weights.pth
INFO:src.utils.logger:It: 946, Loss: 2.250e-02, Loss_res: 1.833e-02,  Loss_bcs: 3.684e-04, Loss_ut_ics: 1.896e-05, Loss_norm: 1.606e-06, Loss_gauge: 0.000e+00, w_pde: 1.00e+00, L^2_error: 5.904e-02, lr: 1.000e-03, Time: 3.51e+03
INFO:src.utils.logger:Model state saved to results\ho\DV\20260305-054940_seed0_ho_DV_bl_layered_e1500_w300_4q_4l\checkpoints\2026-03-05_05-50-04-441757_ho_DV_seed\model.pth
INFO:src.utils.logger:Model weights saved to results\ho\DV\20260305-054940_seed0_ho_DV_bl_layered_e1500_w300_4q_4l\checkpoints\2026-03-05_05-50-04-441757_ho_DV_seed\model_weights.pth
INFO:src.utils.logger:It: 947, Loss: 2.390e-02, Loss_res: 1.973e-02,  Loss_bcs: 3.729e-04, Loss_ut_ics: 1.893e-05, Loss_norm: 1.625e-06, Loss_gauge: 0.000e+00, w_pde: 1.00e+00, L^2_error: 5.902e-02, lr: 1.000e-03, Time: 3.51e+03
INFO:src.utils.logger:Model state saved to results\ho\DV\20260305-054940_seed0_ho_DV_bl_layered_e1500_w300_4q_4l\checkpoints\2026-03-05_05-50-04-441757_ho_DV_seed\model.pth
INFO:src.utils.logger:Model weights saved to results\ho\DV\20260305-054940_seed0_ho_DV_bl_layered_e1500_w300_4q_4l\checkpoints\2026-03-05_05-50-04-441757_ho_DV_seed\model_weights.pth
INFO:src.utils.logger:It: 948, Loss: 2.173e-02, Loss_res: 1.757e-02,  Loss_bcs: 3.739e-04, Loss_ut_ics: 1.892e-05, Loss_norm: 1.684e-06, Loss_gauge: 0.000e+00, w_pde: 1.00e+00, L^2_error: 5.900e-02, lr: 1.000e-03, Time: 3.52e+03
INFO:src.utils.logger:Model state saved to results\ho\DV\20260305-054940_seed0_ho_DV_bl_layered_e1500_w300_4q_4l\checkpoints\2026-03-05_05-50-04-441757_ho_DV_seed\model.pth
INFO:src.utils.logger:Model weights saved to results\ho\DV\20260305-054940_seed0_ho_DV_bl_layered_e1500_w300_4q_4l\checkpoints\2026-03-05_05-50-04-441757_ho_DV_seed\model_weights.pth
INFO:src.utils.logger:It: 949, Loss: 2.232e-02, Loss_res: 1.817e-02,  Loss_bcs: 3.642e-04, Loss_ut_ics: 1.889e-05, Loss_norm: 1.853e-06, Loss_gauge: 0.000e+00, w_pde: 1.00e+00, L^2_error: 5.897e-02, lr: 1.000e-03, Time: 3.52e+03
INFO:src.utils.logger:Model state saved to results\ho\DV\20260305-054940_seed0_ho_DV_bl_layered_e1500_w300_4q_4l\checkpoints\2026-03-05_05-50-04-441757_ho_DV_seed\model.pth
INFO:src.utils.logger:Model weights saved to results\ho\DV\20260305-054940_seed0_ho_DV_bl_layered_e1500_w300_4q_4l\checkpoints\2026-03-05_05-50-04-441757_ho_DV_seed\model_weights.pth
INFO:src.utils.logger:It: 950, Loss: 2.347e-02, Loss_res: 1.931e-02,  Loss_bcs: 3.752e-04, Loss_ut_ics: 1.884e-05, Loss_norm: 2.113e-06, Loss_gauge: 0.000e+00, w_pde: 1.00e+00, L^2_error: 5.893e-02, lr: 1.000e-03, Time: 3.52e+03
INFO:src.utils.logger:Model state saved to results\ho\DV\20260305-054940_seed0_ho_DV_bl_layered_e1500_w300_4q_4l\checkpoints\2026-03-05_05-50-04-441757_ho_DV_seed\model.pth
INFO:src.utils.logger:Model weights saved to results\ho\DV\20260305-054940_seed0_ho_DV_bl_layered_e1500_w300_4q_4l\checkpoints\2026-03-05_05-50-04-441757_ho_DV_seed\model_weights.pth
INFO:src.utils.logger:It: 951, Loss: 2.311e-02, Loss_res: 1.898e-02,  Loss_bcs: 3.712e-04, Loss_ut_ics: 1.877e-05, Loss_norm: 2.504e-06, Loss_gauge: 0.000e+00, w_pde: 1.00e+00, L^2_error: 5.888e-02, lr: 1.000e-03, Time: 3.53e+03
INFO:src.utils.logger:Model state saved to results\ho\DV\20260305-054940_seed0_ho_DV_bl_layered_e1500_w300_4q_4l\checkpoints\2026-03-05_05-50-04-441757_ho_DV_seed\model.pth
INFO:src.utils.logger:Model weights saved to results\ho\DV\20260305-054940_seed0_ho_DV_bl_layered_e1500_w300_4q_4l\checkpoints\2026-03-05_05-50-04-441757_ho_DV_seed\model_weights.pth
INFO:src.utils.logger:It: 952, Loss: 2.359e-02, Loss_res: 1.946e-02,  Loss_bcs: 3.673e-04, Loss_ut_ics: 1.873e-05, Loss_norm: 2.686e-06, Loss_gauge: 0.000e+00, w_pde: 1.00e+00, L^2_error: 5.883e-02, lr: 1.000e-03, Time: 3.53e+03
INFO:src.utils.logger:Model state saved to results\ho\DV\20260305-054940_seed0_ho_DV_bl_layered_e1500_w300_4q_4l\checkpoints\2026-03-05_05-50-04-441757_ho_DV_seed\model.pth
INFO:src.utils.logger:Model weights saved to results\ho\DV\20260305-054940_seed0_ho_DV_bl_layered_e1500_w300_4q_4l\checkpoints\2026-03-05_05-50-04-441757_ho_DV_seed\model_weights.pth
INFO:src.utils.logger:It: 953, Loss: 2.195e-02, Loss_res: 1.782e-02,  Loss_bcs: 3.651e-04, Loss_ut_ics: 1.873e-05, Loss_norm: 2.628e-06, Loss_gauge: 0.000e+00, w_pde: 1.00e+00, L^2_error: 5.877e-02, lr: 1.000e-03, Time: 3.54e+03
INFO:src.utils.logger:Model state saved to results\ho\DV\20260305-054940_seed0_ho_DV_bl_layered_e1500_w300_4q_4l\checkpoints\2026-03-05_05-50-04-441757_ho_DV_seed\model.pth
INFO:src.utils.logger:Model weights saved to results\ho\DV\20260305-054940_seed0_ho_DV_bl_layered_e1500_w300_4q_4l\checkpoints\2026-03-05_05-50-04-441757_ho_DV_seed\model_weights.pth
INFO:src.utils.logger:It: 954, Loss: 2.314e-02, Loss_res: 1.902e-02,  Loss_bcs: 3.675e-04, Loss_ut_ics: 1.875e-05, Loss_norm: 2.447e-06, Loss_gauge: 0.000e+00, w_pde: 1.00e+00, L^2_error: 5.871e-02, lr: 1.000e-03, Time: 3.54e+03
INFO:src.utils.logger:Model state saved to results\ho\DV\20260305-054940_seed0_ho_DV_bl_layered_e1500_w300_4q_4l\checkpoints\2026-03-05_05-50-04-441757_ho_DV_seed\model.pth
INFO:src.utils.logger:Model weights saved to results\ho\DV\20260305-054940_seed0_ho_DV_bl_layered_e1500_w300_4q_4l\checkpoints\2026-03-05_05-50-04-441757_ho_DV_seed\model_weights.pth
INFO:src.utils.logger:It: 955, Loss: 2.277e-02, Loss_res: 1.863e-02,  Loss_bcs: 3.696e-04, Loss_ut_ics: 1.877e-05, Loss_norm: 2.177e-06, Loss_gauge: 0.000e+00, w_pde: 1.00e+00, L^2_error: 5.866e-02, lr: 1.000e-03, Time: 3.54e+03
INFO:src.utils.logger:Model state saved to results\ho\DV\20260305-054940_seed0_ho_DV_bl_layered_e1500_w300_4q_4l\checkpoints\2026-03-05_05-50-04-441757_ho_DV_seed\model.pth
INFO:src.utils.logger:Model weights saved to results\ho\DV\20260305-054940_seed0_ho_DV_bl_layered_e1500_w300_4q_4l\checkpoints\2026-03-05_05-50-04-441757_ho_DV_seed\model_weights.pth
INFO:src.utils.logger:It: 956, Loss: 2.133e-02, Loss_res: 1.719e-02,  Loss_bcs: 3.656e-04, Loss_ut_ics: 1.881e-05, Loss_norm: 2.011e-06, Loss_gauge: 0.000e+00, w_pde: 1.00e+00, L^2_error: 5.862e-02, lr: 1.000e-03, Time: 3.55e+03
INFO:src.utils.logger:Model state saved to results\ho\DV\20260305-054940_seed0_ho_DV_bl_layered_e1500_w300_4q_4l\checkpoints\2026-03-05_05-50-04-441757_ho_DV_seed\model.pth
INFO:src.utils.logger:Model weights saved to results\ho\DV\20260305-054940_seed0_ho_DV_bl_layered_e1500_w300_4q_4l\checkpoints\2026-03-05_05-50-04-441757_ho_DV_seed\model_weights.pth
INFO:src.utils.logger:It: 957, Loss: 2.208e-02, Loss_res: 1.794e-02,  Loss_bcs: 3.692e-04, Loss_ut_ics: 1.882e-05, Loss_norm: 1.958e-06, Loss_gauge: 0.000e+00, w_pde: 1.00e+00, L^2_error: 5.859e-02, lr: 1.000e-03, Time: 3.55e+03
INFO:src.utils.logger:Model state saved to results\ho\DV\20260305-054940_seed0_ho_DV_bl_layered_e1500_w300_4q_4l\checkpoints\2026-03-05_05-50-04-441757_ho_DV_seed\model.pth
INFO:src.utils.logger:Model weights saved to results\ho\DV\20260305-054940_seed0_ho_DV_bl_layered_e1500_w300_4q_4l\checkpoints\2026-03-05_05-50-04-441757_ho_DV_seed\model_weights.pth
INFO:src.utils.logger:It: 958, Loss: 2.257e-02, Loss_res: 1.843e-02,  Loss_bcs: 3.666e-04, Loss_ut_ics: 1.881e-05, Loss_norm: 1.959e-06, Loss_gauge: 0.000e+00, w_pde: 1.00e+00, L^2_error: 5.857e-02, lr: 1.000e-03, Time: 3.55e+03
INFO:src.utils.logger:Model state saved to results\ho\DV\20260305-054940_seed0_ho_DV_bl_layered_e1500_w300_4q_4l\checkpoints\2026-03-05_05-50-04-441757_ho_DV_seed\model.pth
INFO:src.utils.logger:Model weights saved to results\ho\DV\20260305-054940_seed0_ho_DV_bl_layered_e1500_w300_4q_4l\checkpoints\2026-03-05_05-50-04-441757_ho_DV_seed\model_weights.pth
INFO:src.utils.logger:It: 959, Loss: 2.300e-02, Loss_res: 1.888e-02,  Loss_bcs: 3.631e-04, Loss_ut_ics: 1.874e-05, Loss_norm: 2.042e-06, Loss_gauge: 0.000e+00, w_pde: 1.00e+00, L^2_error: 5.856e-02, lr: 1.000e-03, Time: 3.56e+03
INFO:src.utils.logger:Model state saved to results\ho\DV\20260305-054940_seed0_ho_DV_bl_layered_e1500_w300_4q_4l\checkpoints\2026-03-05_05-50-04-441757_ho_DV_seed\model.pth
INFO:src.utils.logger:Model weights saved to results\ho\DV\20260305-054940_seed0_ho_DV_bl_layered_e1500_w300_4q_4l\checkpoints\2026-03-05_05-50-04-441757_ho_DV_seed\model_weights.pth
INFO:src.utils.logger:It: 960, Loss: 2.135e-02, Loss_res: 1.724e-02,  Loss_bcs: 3.682e-04, Loss_ut_ics: 1.866e-05, Loss_norm: 2.198e-06, Loss_gauge: 0.000e+00, w_pde: 1.00e+00, L^2_error: 5.856e-02, lr: 1.000e-03, Time: 3.56e+03
INFO:src.utils.logger:Model state saved to results\ho\DV\20260305-054940_seed0_ho_DV_bl_layered_e1500_w300_4q_4l\checkpoints\2026-03-05_05-50-04-441757_ho_DV_seed\model.pth
INFO:src.utils.logger:Model weights saved to results\ho\DV\20260305-054940_seed0_ho_DV_bl_layered_e1500_w300_4q_4l\checkpoints\2026-03-05_05-50-04-441757_ho_DV_seed\model_weights.pth
INFO:src.utils.logger:It: 961, Loss: 2.262e-02, Loss_res: 1.852e-02,  Loss_bcs: 3.664e-04, Loss_ut_ics: 1.859e-05, Loss_norm: 2.188e-06, Loss_gauge: 0.000e+00, w_pde: 1.00e+00, L^2_error: 5.855e-02, lr: 1.000e-03, Time: 3.57e+03
INFO:src.utils.logger:Model state saved to results\ho\DV\20260305-054940_seed0_ho_DV_bl_layered_e1500_w300_4q_4l\checkpoints\2026-03-05_05-50-04-441757_ho_DV_seed\model.pth
INFO:src.utils.logger:Model weights saved to results\ho\DV\20260305-054940_seed0_ho_DV_bl_layered_e1500_w300_4q_4l\checkpoints\2026-03-05_05-50-04-441757_ho_DV_seed\model_weights.pth
INFO:src.utils.logger:It: 962, Loss: 2.220e-02, Loss_res: 1.812e-02,  Loss_bcs: 3.669e-04, Loss_ut_ics: 1.854e-05, Loss_norm: 2.053e-06, Loss_gauge: 0.000e+00, w_pde: 1.00e+00, L^2_error: 5.854e-02, lr: 1.000e-03, Time: 3.57e+03
INFO:src.utils.logger:Model state saved to results\ho\DV\20260305-054940_seed0_ho_DV_bl_layered_e1500_w300_4q_4l\checkpoints\2026-03-05_05-50-04-441757_ho_DV_seed\model.pth
INFO:src.utils.logger:Model weights saved to results\ho\DV\20260305-054940_seed0_ho_DV_bl_layered_e1500_w300_4q_4l\checkpoints\2026-03-05_05-50-04-441757_ho_DV_seed\model_weights.pth
INFO:src.utils.logger:It: 963, Loss: 2.078e-02, Loss_res: 1.671e-02,  Loss_bcs: 3.606e-04, Loss_ut_ics: 1.852e-05, Loss_norm: 1.856e-06, Loss_gauge: 0.000e+00, w_pde: 1.00e+00, L^2_error: 5.853e-02, lr: 1.000e-03, Time: 3.57e+03
INFO:src.utils.logger:Model state saved to results\ho\DV\20260305-054940_seed0_ho_DV_bl_layered_e1500_w300_4q_4l\checkpoints\2026-03-05_05-50-04-441757_ho_DV_seed\model.pth
INFO:src.utils.logger:Model weights saved to results\ho\DV\20260305-054940_seed0_ho_DV_bl_layered_e1500_w300_4q_4l\checkpoints\2026-03-05_05-50-04-441757_ho_DV_seed\model_weights.pth
INFO:src.utils.logger:It: 964, Loss: 2.057e-02, Loss_res: 1.648e-02,  Loss_bcs: 3.757e-04, Loss_ut_ics: 1.853e-05, Loss_norm: 1.554e-06, Loss_gauge: 0.000e+00, w_pde: 1.00e+00, L^2_error: 5.851e-02, lr: 1.000e-03, Time: 3.58e+03
INFO:src.utils.logger:Model state saved to results\ho\DV\20260305-054940_seed0_ho_DV_bl_layered_e1500_w300_4q_4l\checkpoints\2026-03-05_05-50-04-441757_ho_DV_seed\model.pth
INFO:src.utils.logger:Model weights saved to results\ho\DV\20260305-054940_seed0_ho_DV_bl_layered_e1500_w300_4q_4l\checkpoints\2026-03-05_05-50-04-441757_ho_DV_seed\model_weights.pth
INFO:src.utils.logger:It: 965, Loss: 2.141e-02, Loss_res: 1.733e-02,  Loss_bcs: 3.611e-04, Loss_ut_ics: 1.852e-05, Loss_norm: 1.329e-06, Loss_gauge: 0.000e+00, w_pde: 1.00e+00, L^2_error: 5.850e-02, lr: 1.000e-03, Time: 3.58e+03
INFO:src.utils.logger:Model state saved to results\ho\DV\20260305-054940_seed0_ho_DV_bl_layered_e1500_w300_4q_4l\checkpoints\2026-03-05_05-50-04-441757_ho_DV_seed\model.pth
INFO:src.utils.logger:Model weights saved to results\ho\DV\20260305-054940_seed0_ho_DV_bl_layered_e1500_w300_4q_4l\checkpoints\2026-03-05_05-50-04-441757_ho_DV_seed\model_weights.pth
INFO:src.utils.logger:It: 966, Loss: 2.103e-02, Loss_res: 1.696e-02,  Loss_bcs: 3.663e-04, Loss_ut_ics: 1.849e-05, Loss_norm: 1.251e-06, Loss_gauge: 0.000e+00, w_pde: 1.00e+00, L^2_error: 5.848e-02, lr: 1.000e-03, Time: 3.58e+03
INFO:src.utils.logger:Model state saved to results\ho\DV\20260305-054940_seed0_ho_DV_bl_layered_e1500_w300_4q_4l\checkpoints\2026-03-05_05-50-04-441757_ho_DV_seed\model.pth
INFO:src.utils.logger:Model weights saved to results\ho\DV\20260305-054940_seed0_ho_DV_bl_layered_e1500_w300_4q_4l\checkpoints\2026-03-05_05-50-04-441757_ho_DV_seed\model_weights.pth
INFO:src.utils.logger:It: 967, Loss: 2.179e-02, Loss_res: 1.773e-02,  Loss_bcs: 3.626e-04, Loss_ut_ics: 1.845e-05, Loss_norm: 1.275e-06, Loss_gauge: 0.000e+00, w_pde: 1.00e+00, L^2_error: 5.845e-02, lr: 1.000e-03, Time: 3.59e+03
INFO:src.utils.logger:Model state saved to results\ho\DV\20260305-054940_seed0_ho_DV_bl_layered_e1500_w300_4q_4l\checkpoints\2026-03-05_05-50-04-441757_ho_DV_seed\model.pth
INFO:src.utils.logger:Model weights saved to results\ho\DV\20260305-054940_seed0_ho_DV_bl_layered_e1500_w300_4q_4l\checkpoints\2026-03-05_05-50-04-441757_ho_DV_seed\model_weights.pth
INFO:src.utils.logger:It: 968, Loss: 2.218e-02, Loss_res: 1.811e-02,  Loss_bcs: 3.771e-04, Loss_ut_ics: 1.843e-05, Loss_norm: 1.358e-06, Loss_gauge: 0.000e+00, w_pde: 1.00e+00, L^2_error: 5.842e-02, lr: 1.000e-03, Time: 3.59e+03
INFO:src.utils.logger:Model state saved to results\ho\DV\20260305-054940_seed0_ho_DV_bl_layered_e1500_w300_4q_4l\checkpoints\2026-03-05_05-50-04-441757_ho_DV_seed\model.pth
INFO:src.utils.logger:Model weights saved to results\ho\DV\20260305-054940_seed0_ho_DV_bl_layered_e1500_w300_4q_4l\checkpoints\2026-03-05_05-50-04-441757_ho_DV_seed\model_weights.pth
INFO:src.utils.logger:It: 969, Loss: 2.271e-02, Loss_res: 1.866e-02,  Loss_bcs: 3.574e-04, Loss_ut_ics: 1.842e-05, Loss_norm: 1.431e-06, Loss_gauge: 0.000e+00, w_pde: 1.00e+00, L^2_error: 5.837e-02, lr: 1.000e-03, Time: 3.60e+03
INFO:src.utils.logger:Model state saved to results\ho\DV\20260305-054940_seed0_ho_DV_bl_layered_e1500_w300_4q_4l\checkpoints\2026-03-05_05-50-04-441757_ho_DV_seed\model.pth
INFO:src.utils.logger:Model weights saved to results\ho\DV\20260305-054940_seed0_ho_DV_bl_layered_e1500_w300_4q_4l\checkpoints\2026-03-05_05-50-04-441757_ho_DV_seed\model_weights.pth
INFO:src.utils.logger:It: 970, Loss: 2.267e-02, Loss_res: 1.860e-02,  Loss_bcs: 3.738e-04, Loss_ut_ics: 1.845e-05, Loss_norm: 1.452e-06, Loss_gauge: 0.000e+00, w_pde: 1.00e+00, L^2_error: 5.833e-02, lr: 1.000e-03, Time: 3.60e+03
INFO:src.utils.logger:Model state saved to results\ho\DV\20260305-054940_seed0_ho_DV_bl_layered_e1500_w300_4q_4l\checkpoints\2026-03-05_05-50-04-441757_ho_DV_seed\model.pth
INFO:src.utils.logger:Model weights saved to results\ho\DV\20260305-054940_seed0_ho_DV_bl_layered_e1500_w300_4q_4l\checkpoints\2026-03-05_05-50-04-441757_ho_DV_seed\model_weights.pth
INFO:src.utils.logger:It: 971, Loss: 2.146e-02, Loss_res: 1.739e-02,  Loss_bcs: 3.730e-04, Loss_ut_ics: 1.846e-05, Loss_norm: 1.510e-06, Loss_gauge: 0.000e+00, w_pde: 1.00e+00, L^2_error: 5.830e-02, lr: 1.000e-03, Time: 3.60e+03
INFO:src.utils.logger:Model state saved to results\ho\DV\20260305-054940_seed0_ho_DV_bl_layered_e1500_w300_4q_4l\checkpoints\2026-03-05_05-50-04-441757_ho_DV_seed\model.pth
INFO:src.utils.logger:Model weights saved to results\ho\DV\20260305-054940_seed0_ho_DV_bl_layered_e1500_w300_4q_4l\checkpoints\2026-03-05_05-50-04-441757_ho_DV_seed\model_weights.pth
INFO:src.utils.logger:It: 972, Loss: 2.187e-02, Loss_res: 1.779e-02,  Loss_bcs: 3.746e-04, Loss_ut_ics: 1.845e-05, Loss_norm: 1.620e-06, Loss_gauge: 0.000e+00, w_pde: 1.00e+00, L^2_error: 5.827e-02, lr: 1.000e-03, Time: 3.61e+03
INFO:src.utils.logger:Model state saved to results\ho\DV\20260305-054940_seed0_ho_DV_bl_layered_e1500_w300_4q_4l\checkpoints\2026-03-05_05-50-04-441757_ho_DV_seed\model.pth
INFO:src.utils.logger:Model weights saved to results\ho\DV\20260305-054940_seed0_ho_DV_bl_layered_e1500_w300_4q_4l\checkpoints\2026-03-05_05-50-04-441757_ho_DV_seed\model_weights.pth
INFO:src.utils.logger:It: 973, Loss: 2.032e-02, Loss_res: 1.626e-02,  Loss_bcs: 3.669e-04, Loss_ut_ics: 1.845e-05, Loss_norm: 1.503e-06, Loss_gauge: 0.000e+00, w_pde: 1.00e+00, L^2_error: 5.826e-02, lr: 1.000e-03, Time: 3.61e+03
INFO:src.utils.logger:Model state saved to results\ho\DV\20260305-054940_seed0_ho_DV_bl_layered_e1500_w300_4q_4l\checkpoints\2026-03-05_05-50-04-441757_ho_DV_seed\model.pth
INFO:src.utils.logger:Model weights saved to results\ho\DV\20260305-054940_seed0_ho_DV_bl_layered_e1500_w300_4q_4l\checkpoints\2026-03-05_05-50-04-441757_ho_DV_seed\model_weights.pth
INFO:src.utils.logger:It: 974, Loss: 2.215e-02, Loss_res: 1.809e-02,  Loss_bcs: 3.717e-04, Loss_ut_ics: 1.841e-05, Loss_norm: 1.394e-06, Loss_gauge: 0.000e+00, w_pde: 1.00e+00, L^2_error: 5.825e-02, lr: 1.000e-03, Time: 3.61e+03
INFO:src.utils.logger:Model state saved to results\ho\DV\20260305-054940_seed0_ho_DV_bl_layered_e1500_w300_4q_4l\checkpoints\2026-03-05_05-50-04-441757_ho_DV_seed\model.pth
INFO:src.utils.logger:Model weights saved to results\ho\DV\20260305-054940_seed0_ho_DV_bl_layered_e1500_w300_4q_4l\checkpoints\2026-03-05_05-50-04-441757_ho_DV_seed\model_weights.pth
INFO:src.utils.logger:It: 975, Loss: 2.248e-02, Loss_res: 1.844e-02,  Loss_bcs: 3.631e-04, Loss_ut_ics: 1.834e-05, Loss_norm: 1.268e-06, Loss_gauge: 0.000e+00, w_pde: 1.00e+00, L^2_error: 5.824e-02, lr: 1.000e-03, Time: 3.62e+03
INFO:src.utils.logger:Model state saved to results\ho\DV\20260305-054940_seed0_ho_DV_bl_layered_e1500_w300_4q_4l\checkpoints\2026-03-05_05-50-04-441757_ho_DV_seed\model.pth
INFO:src.utils.logger:Model weights saved to results\ho\DV\20260305-054940_seed0_ho_DV_bl_layered_e1500_w300_4q_4l\checkpoints\2026-03-05_05-50-04-441757_ho_DV_seed\model_weights.pth
INFO:src.utils.logger:It: 976, Loss: 2.195e-02, Loss_res: 1.793e-02,  Loss_bcs: 3.670e-04, Loss_ut_ics: 1.826e-05, Loss_norm: 1.209e-06, Loss_gauge: 0.000e+00, w_pde: 1.00e+00, L^2_error: 5.824e-02, lr: 1.000e-03, Time: 3.62e+03
INFO:src.utils.logger:Model state saved to results\ho\DV\20260305-054940_seed0_ho_DV_bl_layered_e1500_w300_4q_4l\checkpoints\2026-03-05_05-50-04-441757_ho_DV_seed\model.pth
INFO:src.utils.logger:Model weights saved to results\ho\DV\20260305-054940_seed0_ho_DV_bl_layered_e1500_w300_4q_4l\checkpoints\2026-03-05_05-50-04-441757_ho_DV_seed\model_weights.pth
INFO:src.utils.logger:It: 977, Loss: 2.235e-02, Loss_res: 1.833e-02,  Loss_bcs: 3.708e-04, Loss_ut_ics: 1.822e-05, Loss_norm: 1.059e-06, Loss_gauge: 0.000e+00, w_pde: 1.00e+00, L^2_error: 5.824e-02, lr: 1.000e-03, Time: 3.63e+03
INFO:src.utils.logger:Model state saved to results\ho\DV\20260305-054940_seed0_ho_DV_bl_layered_e1500_w300_4q_4l\checkpoints\2026-03-05_05-50-04-441757_ho_DV_seed\model.pth
INFO:src.utils.logger:Model weights saved to results\ho\DV\20260305-054940_seed0_ho_DV_bl_layered_e1500_w300_4q_4l\checkpoints\2026-03-05_05-50-04-441757_ho_DV_seed\model_weights.pth
INFO:src.utils.logger:It: 978, Loss: 2.181e-02, Loss_res: 1.780e-02,  Loss_bcs: 3.654e-04, Loss_ut_ics: 1.818e-05, Loss_norm: 9.986e-07, Loss_gauge: 0.000e+00, w_pde: 1.00e+00, L^2_error: 5.823e-02, lr: 1.000e-03, Time: 3.63e+03
INFO:src.utils.logger:Model state saved to results\ho\DV\20260305-054940_seed0_ho_DV_bl_layered_e1500_w300_4q_4l\checkpoints\2026-03-05_05-50-04-441757_ho_DV_seed\model.pth
INFO:src.utils.logger:Model weights saved to results\ho\DV\20260305-054940_seed0_ho_DV_bl_layered_e1500_w300_4q_4l\checkpoints\2026-03-05_05-50-04-441757_ho_DV_seed\model_weights.pth
INFO:src.utils.logger:It: 979, Loss: 2.111e-02, Loss_res: 1.710e-02,  Loss_bcs: 3.660e-04, Loss_ut_ics: 1.817e-05, Loss_norm: 9.564e-07, Loss_gauge: 0.000e+00, w_pde: 1.00e+00, L^2_error: 5.822e-02, lr: 1.000e-03, Time: 3.63e+03
INFO:src.utils.logger:Model state saved to results\ho\DV\20260305-054940_seed0_ho_DV_bl_layered_e1500_w300_4q_4l\checkpoints\2026-03-05_05-50-04-441757_ho_DV_seed\model.pth
INFO:src.utils.logger:Model weights saved to results\ho\DV\20260305-054940_seed0_ho_DV_bl_layered_e1500_w300_4q_4l\checkpoints\2026-03-05_05-50-04-441757_ho_DV_seed\model_weights.pth
INFO:src.utils.logger:It: 980, Loss: 2.115e-02, Loss_res: 1.715e-02,  Loss_bcs: 3.608e-04, Loss_ut_ics: 1.817e-05, Loss_norm: 9.402e-07, Loss_gauge: 0.000e+00, w_pde: 1.00e+00, L^2_error: 5.821e-02, lr: 1.000e-03, Time: 3.64e+03
INFO:src.utils.logger:Model state saved to results\ho\DV\20260305-054940_seed0_ho_DV_bl_layered_e1500_w300_4q_4l\checkpoints\2026-03-05_05-50-04-441757_ho_DV_seed\model.pth
INFO:src.utils.logger:Model weights saved to results\ho\DV\20260305-054940_seed0_ho_DV_bl_layered_e1500_w300_4q_4l\checkpoints\2026-03-05_05-50-04-441757_ho_DV_seed\model_weights.pth
INFO:src.utils.logger:It: 981, Loss: 2.154e-02, Loss_res: 1.755e-02,  Loss_bcs: 3.543e-04, Loss_ut_ics: 1.813e-05, Loss_norm: 1.113e-06, Loss_gauge: 0.000e+00, w_pde: 1.00e+00, L^2_error: 5.818e-02, lr: 1.000e-03, Time: 3.64e+03
INFO:src.utils.logger:Model state saved to results\ho\DV\20260305-054940_seed0_ho_DV_bl_layered_e1500_w300_4q_4l\checkpoints\2026-03-05_05-50-04-441757_ho_DV_seed\model.pth
INFO:src.utils.logger:Model weights saved to results\ho\DV\20260305-054940_seed0_ho_DV_bl_layered_e1500_w300_4q_4l\checkpoints\2026-03-05_05-50-04-441757_ho_DV_seed\model_weights.pth
INFO:src.utils.logger:It: 982, Loss: 2.218e-02, Loss_res: 1.819e-02,  Loss_bcs: 3.644e-04, Loss_ut_ics: 1.810e-05, Loss_norm: 1.369e-06, Loss_gauge: 0.000e+00, w_pde: 1.00e+00, L^2_error: 5.815e-02, lr: 1.000e-03, Time: 3.64e+03
INFO:src.utils.logger:Model state saved to results\ho\DV\20260305-054940_seed0_ho_DV_bl_layered_e1500_w300_4q_4l\checkpoints\2026-03-05_05-50-04-441757_ho_DV_seed\model.pth
INFO:src.utils.logger:Model weights saved to results\ho\DV\20260305-054940_seed0_ho_DV_bl_layered_e1500_w300_4q_4l\checkpoints\2026-03-05_05-50-04-441757_ho_DV_seed\model_weights.pth
INFO:src.utils.logger:It: 983, Loss: 2.148e-02, Loss_res: 1.748e-02,  Loss_bcs: 3.706e-04, Loss_ut_ics: 1.810e-05, Loss_norm: 1.597e-06, Loss_gauge: 0.000e+00, w_pde: 1.00e+00, L^2_error: 5.810e-02, lr: 1.000e-03, Time: 3.65e+03
INFO:src.utils.logger:Model state saved to results\ho\DV\20260305-054940_seed0_ho_DV_bl_layered_e1500_w300_4q_4l\checkpoints\2026-03-05_05-50-04-441757_ho_DV_seed\model.pth
INFO:src.utils.logger:Model weights saved to results\ho\DV\20260305-054940_seed0_ho_DV_bl_layered_e1500_w300_4q_4l\checkpoints\2026-03-05_05-50-04-441757_ho_DV_seed\model_weights.pth
INFO:src.utils.logger:It: 984, Loss: 2.199e-02, Loss_res: 1.799e-02,  Loss_bcs: 3.642e-04, Loss_ut_ics: 1.815e-05, Loss_norm: 1.733e-06, Loss_gauge: 0.000e+00, w_pde: 1.00e+00, L^2_error: 5.805e-02, lr: 1.000e-03, Time: 3.65e+03
INFO:src.utils.logger:Model state saved to results\ho\DV\20260305-054940_seed0_ho_DV_bl_layered_e1500_w300_4q_4l\checkpoints\2026-03-05_05-50-04-441757_ho_DV_seed\model.pth
INFO:src.utils.logger:Model weights saved to results\ho\DV\20260305-054940_seed0_ho_DV_bl_layered_e1500_w300_4q_4l\checkpoints\2026-03-05_05-50-04-441757_ho_DV_seed\model_weights.pth
INFO:src.utils.logger:It: 985, Loss: 2.122e-02, Loss_res: 1.723e-02,  Loss_bcs: 3.536e-04, Loss_ut_ics: 1.814e-05, Loss_norm: 1.983e-06, Loss_gauge: 0.000e+00, w_pde: 1.00e+00, L^2_error: 5.799e-02, lr: 1.000e-03, Time: 3.66e+03
INFO:src.utils.logger:Model state saved to results\ho\DV\20260305-054940_seed0_ho_DV_bl_layered_e1500_w300_4q_4l\checkpoints\2026-03-05_05-50-04-441757_ho_DV_seed\model.pth
INFO:src.utils.logger:Model weights saved to results\ho\DV\20260305-054940_seed0_ho_DV_bl_layered_e1500_w300_4q_4l\checkpoints\2026-03-05_05-50-04-441757_ho_DV_seed\model_weights.pth
INFO:src.utils.logger:It: 986, Loss: 2.204e-02, Loss_res: 1.804e-02,  Loss_bcs: 3.637e-04, Loss_ut_ics: 1.815e-05, Loss_norm: 2.070e-06, Loss_gauge: 0.000e+00, w_pde: 1.00e+00, L^2_error: 5.792e-02, lr: 1.000e-03, Time: 3.66e+03
INFO:src.utils.logger:Model state saved to results\ho\DV\20260305-054940_seed0_ho_DV_bl_layered_e1500_w300_4q_4l\checkpoints\2026-03-05_05-50-04-441757_ho_DV_seed\model.pth
INFO:src.utils.logger:Model weights saved to results\ho\DV\20260305-054940_seed0_ho_DV_bl_layered_e1500_w300_4q_4l\checkpoints\2026-03-05_05-50-04-441757_ho_DV_seed\model_weights.pth
INFO:src.utils.logger:It: 987, Loss: 2.198e-02, Loss_res: 1.798e-02,  Loss_bcs: 3.630e-04, Loss_ut_ics: 1.816e-05, Loss_norm: 2.077e-06, Loss_gauge: 0.000e+00, w_pde: 1.00e+00, L^2_error: 5.785e-02, lr: 1.000e-03, Time: 3.66e+03
INFO:src.utils.logger:Model state saved to results\ho\DV\20260305-054940_seed0_ho_DV_bl_layered_e1500_w300_4q_4l\checkpoints\2026-03-05_05-50-04-441757_ho_DV_seed\model.pth
INFO:src.utils.logger:Model weights saved to results\ho\DV\20260305-054940_seed0_ho_DV_bl_layered_e1500_w300_4q_4l\checkpoints\2026-03-05_05-50-04-441757_ho_DV_seed\model_weights.pth
INFO:src.utils.logger:It: 988, Loss: 2.106e-02, Loss_res: 1.706e-02,  Loss_bcs: 3.591e-04, Loss_ut_ics: 1.814e-05, Loss_norm: 2.155e-06, Loss_gauge: 0.000e+00, w_pde: 1.00e+00, L^2_error: 5.779e-02, lr: 1.000e-03, Time: 3.67e+03
INFO:src.utils.logger:Model state saved to results\ho\DV\20260305-054940_seed0_ho_DV_bl_layered_e1500_w300_4q_4l\checkpoints\2026-03-05_05-50-04-441757_ho_DV_seed\model.pth
INFO:src.utils.logger:Model weights saved to results\ho\DV\20260305-054940_seed0_ho_DV_bl_layered_e1500_w300_4q_4l\checkpoints\2026-03-05_05-50-04-441757_ho_DV_seed\model_weights.pth
INFO:src.utils.logger:It: 989, Loss: 2.220e-02, Loss_res: 1.821e-02,  Loss_bcs: 3.585e-04, Loss_ut_ics: 1.811e-05, Loss_norm: 2.149e-06, Loss_gauge: 0.000e+00, w_pde: 1.00e+00, L^2_error: 5.774e-02, lr: 1.000e-03, Time: 3.67e+03
INFO:src.utils.logger:Model state saved to results\ho\DV\20260305-054940_seed0_ho_DV_bl_layered_e1500_w300_4q_4l\checkpoints\2026-03-05_05-50-04-441757_ho_DV_seed\model.pth
INFO:src.utils.logger:Model weights saved to results\ho\DV\20260305-054940_seed0_ho_DV_bl_layered_e1500_w300_4q_4l\checkpoints\2026-03-05_05-50-04-441757_ho_DV_seed\model_weights.pth
INFO:src.utils.logger:It: 990, Loss: 2.066e-02, Loss_res: 1.667e-02,  Loss_bcs: 3.577e-04, Loss_ut_ics: 1.807e-05, Loss_norm: 2.087e-06, Loss_gauge: 0.000e+00, w_pde: 1.00e+00, L^2_error: 5.771e-02, lr: 1.000e-03, Time: 3.67e+03
INFO:src.utils.logger:Model state saved to results\ho\DV\20260305-054940_seed0_ho_DV_bl_layered_e1500_w300_4q_4l\checkpoints\2026-03-05_05-50-04-441757_ho_DV_seed\model.pth
INFO:src.utils.logger:Model weights saved to results\ho\DV\20260305-054940_seed0_ho_DV_bl_layered_e1500_w300_4q_4l\checkpoints\2026-03-05_05-50-04-441757_ho_DV_seed\model_weights.pth
INFO:src.utils.logger:It: 991, Loss: 2.211e-02, Loss_res: 1.812e-02,  Loss_bcs: 3.667e-04, Loss_ut_ics: 1.804e-05, Loss_norm: 1.954e-06, Loss_gauge: 0.000e+00, w_pde: 1.00e+00, L^2_error: 5.770e-02, lr: 1.000e-03, Time: 3.68e+03
INFO:src.utils.logger:Model state saved to results\ho\DV\20260305-054940_seed0_ho_DV_bl_layered_e1500_w300_4q_4l\checkpoints\2026-03-05_05-50-04-441757_ho_DV_seed\model.pth
INFO:src.utils.logger:Model weights saved to results\ho\DV\20260305-054940_seed0_ho_DV_bl_layered_e1500_w300_4q_4l\checkpoints\2026-03-05_05-50-04-441757_ho_DV_seed\model_weights.pth
INFO:src.utils.logger:It: 992, Loss: 2.162e-02, Loss_res: 1.765e-02,  Loss_bcs: 3.631e-04, Loss_ut_ics: 1.800e-05, Loss_norm: 1.957e-06, Loss_gauge: 0.000e+00, w_pde: 1.00e+00, L^2_error: 5.770e-02, lr: 1.000e-03, Time: 3.68e+03
INFO:src.utils.logger:Model state saved to results\ho\DV\20260305-054940_seed0_ho_DV_bl_layered_e1500_w300_4q_4l\checkpoints\2026-03-05_05-50-04-441757_ho_DV_seed\model.pth
INFO:src.utils.logger:Model weights saved to results\ho\DV\20260305-054940_seed0_ho_DV_bl_layered_e1500_w300_4q_4l\checkpoints\2026-03-05_05-50-04-441757_ho_DV_seed\model_weights.pth
INFO:src.utils.logger:It: 993, Loss: 2.179e-02, Loss_res: 1.783e-02,  Loss_bcs: 3.616e-04, Loss_ut_ics: 1.792e-05, Loss_norm: 2.032e-06, Loss_gauge: 0.000e+00, w_pde: 1.00e+00, L^2_error: 5.769e-02, lr: 1.000e-03, Time: 3.69e+03
INFO:src.utils.logger:Model state saved to results\ho\DV\20260305-054940_seed0_ho_DV_bl_layered_e1500_w300_4q_4l\checkpoints\2026-03-05_05-50-04-441757_ho_DV_seed\model.pth
INFO:src.utils.logger:Model weights saved to results\ho\DV\20260305-054940_seed0_ho_DV_bl_layered_e1500_w300_4q_4l\checkpoints\2026-03-05_05-50-04-441757_ho_DV_seed\model_weights.pth
INFO:src.utils.logger:It: 994, Loss: 2.094e-02, Loss_res: 1.701e-02,  Loss_bcs: 3.504e-04, Loss_ut_ics: 1.787e-05, Loss_norm: 2.110e-06, Loss_gauge: 0.000e+00, w_pde: 1.00e+00, L^2_error: 5.770e-02, lr: 1.000e-03, Time: 3.69e+03
INFO:src.utils.logger:Model state saved to results\ho\DV\20260305-054940_seed0_ho_DV_bl_layered_e1500_w300_4q_4l\checkpoints\2026-03-05_05-50-04-441757_ho_DV_seed\model.pth
INFO:src.utils.logger:Model weights saved to results\ho\DV\20260305-054940_seed0_ho_DV_bl_layered_e1500_w300_4q_4l\checkpoints\2026-03-05_05-50-04-441757_ho_DV_seed\model_weights.pth
INFO:src.utils.logger:It: 995, Loss: 2.174e-02, Loss_res: 1.781e-02,  Loss_bcs: 3.526e-04, Loss_ut_ics: 1.783e-05, Loss_norm: 2.096e-06, Loss_gauge: 0.000e+00, w_pde: 1.00e+00, L^2_error: 5.770e-02, lr: 1.000e-03, Time: 3.69e+03
INFO:src.utils.logger:Model state saved to results\ho\DV\20260305-054940_seed0_ho_DV_bl_layered_e1500_w300_4q_4l\checkpoints\2026-03-05_05-50-04-441757_ho_DV_seed\model.pth
INFO:src.utils.logger:Model weights saved to results\ho\DV\20260305-054940_seed0_ho_DV_bl_layered_e1500_w300_4q_4l\checkpoints\2026-03-05_05-50-04-441757_ho_DV_seed\model_weights.pth
INFO:src.utils.logger:It: 996, Loss: 2.141e-02, Loss_res: 1.748e-02,  Loss_bcs: 3.506e-04, Loss_ut_ics: 1.784e-05, Loss_norm: 1.933e-06, Loss_gauge: 0.000e+00, w_pde: 1.00e+00, L^2_error: 5.770e-02, lr: 1.000e-03, Time: 3.70e+03
INFO:src.utils.logger:Model state saved to results\ho\DV\20260305-054940_seed0_ho_DV_bl_layered_e1500_w300_4q_4l\checkpoints\2026-03-05_05-50-04-441757_ho_DV_seed\model.pth
INFO:src.utils.logger:Model weights saved to results\ho\DV\20260305-054940_seed0_ho_DV_bl_layered_e1500_w300_4q_4l\checkpoints\2026-03-05_05-50-04-441757_ho_DV_seed\model_weights.pth
INFO:src.utils.logger:It: 997, Loss: 2.150e-02, Loss_res: 1.758e-02,  Loss_bcs: 3.536e-04, Loss_ut_ics: 1.782e-05, Loss_norm: 1.917e-06, Loss_gauge: 0.000e+00, w_pde: 1.00e+00, L^2_error: 5.769e-02, lr: 1.000e-03, Time: 3.70e+03
INFO:src.utils.logger:Model state saved to results\ho\DV\20260305-054940_seed0_ho_DV_bl_layered_e1500_w300_4q_4l\checkpoints\2026-03-05_05-50-04-441757_ho_DV_seed\model.pth
INFO:src.utils.logger:Model weights saved to results\ho\DV\20260305-054940_seed0_ho_DV_bl_layered_e1500_w300_4q_4l\checkpoints\2026-03-05_05-50-04-441757_ho_DV_seed\model_weights.pth
INFO:src.utils.logger:It: 998, Loss: 2.113e-02, Loss_res: 1.721e-02,  Loss_bcs: 3.539e-04, Loss_ut_ics: 1.779e-05, Loss_norm: 1.981e-06, Loss_gauge: 0.000e+00, w_pde: 1.00e+00, L^2_error: 5.767e-02, lr: 1.000e-03, Time: 3.70e+03
INFO:src.utils.logger:Model state saved to results\ho\DV\20260305-054940_seed0_ho_DV_bl_layered_e1500_w300_4q_4l\checkpoints\2026-03-05_05-50-04-441757_ho_DV_seed\model.pth
INFO:src.utils.logger:Model weights saved to results\ho\DV\20260305-054940_seed0_ho_DV_bl_layered_e1500_w300_4q_4l\checkpoints\2026-03-05_05-50-04-441757_ho_DV_seed\model_weights.pth
INFO:src.utils.logger:It: 999, Loss: 2.042e-02, Loss_res: 1.650e-02,  Loss_bcs: 3.502e-04, Loss_ut_ics: 1.780e-05, Loss_norm: 2.021e-06, Loss_gauge: 0.000e+00, w_pde: 1.00e+00, L^2_error: 5.766e-02, lr: 1.000e-03, Time: 3.71e+03
INFO:src.utils.logger:Model state saved to results\ho\DV\20260305-054940_seed0_ho_DV_bl_layered_e1500_w300_4q_4l\checkpoints\2026-03-05_05-50-04-441757_ho_DV_seed\model.pth
INFO:src.utils.logger:Model weights saved to results\ho\DV\20260305-054940_seed0_ho_DV_bl_layered_e1500_w300_4q_4l\checkpoints\2026-03-05_05-50-04-441757_ho_DV_seed\model_weights.pth
INFO:src.utils.logger:It: 1000, Loss: 2.206e-02, Loss_res: 1.813e-02,  Loss_bcs: 3.543e-04, Loss_ut_ics: 1.777e-05, Loss_norm: 2.208e-06, Loss_gauge: 0.000e+00, w_pde: 1.00e+00, L^2_error: 5.765e-02, lr: 1.000e-03, Time: 3.71e+03
INFO:src.utils.logger:Model state saved to results\ho\DV\20260305-054940_seed0_ho_DV_bl_layered_e1500_w300_4q_4l\checkpoints\2026-03-05_05-50-04-441757_ho_DV_seed\model.pth
INFO:src.utils.logger:Model weights saved to results\ho\DV\20260305-054940_seed0_ho_DV_bl_layered_e1500_w300_4q_4l\checkpoints\2026-03-05_05-50-04-441757_ho_DV_seed\model_weights.pth
INFO:src.utils.logger:It: 1001, Loss: 2.174e-02, Loss_res: 1.781e-02,  Loss_bcs: 3.633e-04, Loss_ut_ics: 1.774e-05, Loss_norm: 2.466e-06, Loss_gauge: 0.000e+00, w_pde: 1.00e+00, L^2_error: 5.763e-02, lr: 1.000e-03, Time: 3.72e+03
INFO:src.utils.logger:Model state saved to results\ho\DV\20260305-054940_seed0_ho_DV_bl_layered_e1500_w300_4q_4l\checkpoints\2026-03-05_05-50-04-441757_ho_DV_seed\model.pth
INFO:src.utils.logger:Model weights saved to results\ho\DV\20260305-054940_seed0_ho_DV_bl_layered_e1500_w300_4q_4l\checkpoints\2026-03-05_05-50-04-441757_ho_DV_seed\model_weights.pth
INFO:src.utils.logger:It: 1002, Loss: 2.169e-02, Loss_res: 1.779e-02,  Loss_bcs: 3.541e-04, Loss_ut_ics: 1.770e-05, Loss_norm: 2.779e-06, Loss_gauge: 0.000e+00, w_pde: 1.00e+00, L^2_error: 5.761e-02, lr: 1.000e-03, Time: 3.72e+03
INFO:src.utils.logger:Model state saved to results\ho\DV\20260305-054940_seed0_ho_DV_bl_layered_e1500_w300_4q_4l\checkpoints\2026-03-05_05-50-04-441757_ho_DV_seed\model.pth
INFO:src.utils.logger:Model weights saved to results\ho\DV\20260305-054940_seed0_ho_DV_bl_layered_e1500_w300_4q_4l\checkpoints\2026-03-05_05-50-04-441757_ho_DV_seed\model_weights.pth
INFO:src.utils.logger:It: 1003, Loss: 2.159e-02, Loss_res: 1.769e-02,  Loss_bcs: 3.606e-04, Loss_ut_ics: 1.763e-05, Loss_norm: 3.077e-06, Loss_gauge: 0.000e+00, w_pde: 1.00e+00, L^2_error: 5.759e-02, lr: 1.000e-03, Time: 3.72e+03
INFO:src.utils.logger:Model state saved to results\ho\DV\20260305-054940_seed0_ho_DV_bl_layered_e1500_w300_4q_4l\checkpoints\2026-03-05_05-50-04-441757_ho_DV_seed\model.pth
INFO:src.utils.logger:Model weights saved to results\ho\DV\20260305-054940_seed0_ho_DV_bl_layered_e1500_w300_4q_4l\checkpoints\2026-03-05_05-50-04-441757_ho_DV_seed\model_weights.pth
INFO:src.utils.logger:It: 1004, Loss: 2.148e-02, Loss_res: 1.758e-02,  Loss_bcs: 3.581e-04, Loss_ut_ics: 1.764e-05, Loss_norm: 2.800e-06, Loss_gauge: 0.000e+00, w_pde: 1.00e+00, L^2_error: 5.755e-02, lr: 1.000e-03, Time: 3.73e+03
INFO:src.utils.logger:Model state saved to results\ho\DV\20260305-054940_seed0_ho_DV_bl_layered_e1500_w300_4q_4l\checkpoints\2026-03-05_05-50-04-441757_ho_DV_seed\model.pth
INFO:src.utils.logger:Model weights saved to results\ho\DV\20260305-054940_seed0_ho_DV_bl_layered_e1500_w300_4q_4l\checkpoints\2026-03-05_05-50-04-441757_ho_DV_seed\model_weights.pth
INFO:src.utils.logger:It: 1005, Loss: 2.204e-02, Loss_res: 1.814e-02,  Loss_bcs: 3.510e-04, Loss_ut_ics: 1.769e-05, Loss_norm: 2.246e-06, Loss_gauge: 0.000e+00, w_pde: 1.00e+00, L^2_error: 5.751e-02, lr: 1.000e-03, Time: 3.73e+03
INFO:src.utils.logger:Model state saved to results\ho\DV\20260305-054940_seed0_ho_DV_bl_layered_e1500_w300_4q_4l\checkpoints\2026-03-05_05-50-04-441757_ho_DV_seed\model.pth
INFO:src.utils.logger:Model weights saved to results\ho\DV\20260305-054940_seed0_ho_DV_bl_layered_e1500_w300_4q_4l\checkpoints\2026-03-05_05-50-04-441757_ho_DV_seed\model_weights.pth
INFO:src.utils.logger:It: 1006, Loss: 2.258e-02, Loss_res: 1.866e-02,  Loss_bcs: 3.636e-04, Loss_ut_ics: 1.774e-05, Loss_norm: 1.800e-06, Loss_gauge: 0.000e+00, w_pde: 1.00e+00, L^2_error: 5.747e-02, lr: 1.000e-03, Time: 3.73e+03
INFO:src.utils.logger:Model state saved to results\ho\DV\20260305-054940_seed0_ho_DV_bl_layered_e1500_w300_4q_4l\checkpoints\2026-03-05_05-50-04-441757_ho_DV_seed\model.pth
INFO:src.utils.logger:Model weights saved to results\ho\DV\20260305-054940_seed0_ho_DV_bl_layered_e1500_w300_4q_4l\checkpoints\2026-03-05_05-50-04-441757_ho_DV_seed\model_weights.pth
INFO:src.utils.logger:It: 1007, Loss: 2.166e-02, Loss_res: 1.775e-02,  Loss_bcs: 3.477e-04, Loss_ut_ics: 1.776e-05, Loss_norm: 1.553e-06, Loss_gauge: 0.000e+00, w_pde: 1.00e+00, L^2_error: 5.743e-02, lr: 1.000e-03, Time: 3.74e+03
INFO:src.utils.logger:Model state saved to results\ho\DV\20260305-054940_seed0_ho_DV_bl_layered_e1500_w300_4q_4l\checkpoints\2026-03-05_05-50-04-441757_ho_DV_seed\model.pth
INFO:src.utils.logger:Model weights saved to results\ho\DV\20260305-054940_seed0_ho_DV_bl_layered_e1500_w300_4q_4l\checkpoints\2026-03-05_05-50-04-441757_ho_DV_seed\model_weights.pth
INFO:src.utils.logger:It: 1008, Loss: 2.089e-02, Loss_res: 1.699e-02,  Loss_bcs: 3.490e-04, Loss_ut_ics: 1.771e-05, Loss_norm: 1.566e-06, Loss_gauge: 0.000e+00, w_pde: 1.00e+00, L^2_error: 5.740e-02, lr: 1.000e-03, Time: 3.74e+03
INFO:src.utils.logger:Model state saved to results\ho\DV\20260305-054940_seed0_ho_DV_bl_layered_e1500_w300_4q_4l\checkpoints\2026-03-05_05-50-04-441757_ho_DV_seed\model.pth
INFO:src.utils.logger:Model weights saved to results\ho\DV\20260305-054940_seed0_ho_DV_bl_layered_e1500_w300_4q_4l\checkpoints\2026-03-05_05-50-04-441757_ho_DV_seed\model_weights.pth
INFO:src.utils.logger:It: 1009, Loss: 2.136e-02, Loss_res: 1.748e-02,  Loss_bcs: 3.476e-04, Loss_ut_ics: 1.763e-05, Loss_norm: 1.666e-06, Loss_gauge: 0.000e+00, w_pde: 1.00e+00, L^2_error: 5.737e-02, lr: 1.000e-03, Time: 3.74e+03
INFO:src.utils.logger:Model state saved to results\ho\DV\20260305-054940_seed0_ho_DV_bl_layered_e1500_w300_4q_4l\checkpoints\2026-03-05_05-50-04-441757_ho_DV_seed\model.pth
INFO:src.utils.logger:Model weights saved to results\ho\DV\20260305-054940_seed0_ho_DV_bl_layered_e1500_w300_4q_4l\checkpoints\2026-03-05_05-50-04-441757_ho_DV_seed\model_weights.pth
INFO:src.utils.logger:It: 1010, Loss: 2.206e-02, Loss_res: 1.818e-02,  Loss_bcs: 3.571e-04, Loss_ut_ics: 1.754e-05, Loss_norm: 1.871e-06, Loss_gauge: 0.000e+00, w_pde: 1.00e+00, L^2_error: 5.735e-02, lr: 1.000e-03, Time: 3.75e+03
INFO:src.utils.logger:Model state saved to results\ho\DV\20260305-054940_seed0_ho_DV_bl_layered_e1500_w300_4q_4l\checkpoints\2026-03-05_05-50-04-441757_ho_DV_seed\model.pth
INFO:src.utils.logger:Model weights saved to results\ho\DV\20260305-054940_seed0_ho_DV_bl_layered_e1500_w300_4q_4l\checkpoints\2026-03-05_05-50-04-441757_ho_DV_seed\model_weights.pth
INFO:src.utils.logger:It: 1011, Loss: 2.140e-02, Loss_res: 1.755e-02,  Loss_bcs: 3.470e-04, Loss_ut_ics: 1.748e-05, Loss_norm: 1.937e-06, Loss_gauge: 0.000e+00, w_pde: 1.00e+00, L^2_error: 5.733e-02, lr: 1.000e-03, Time: 3.75e+03
INFO:src.utils.logger:Model state saved to results\ho\DV\20260305-054940_seed0_ho_DV_bl_layered_e1500_w300_4q_4l\checkpoints\2026-03-05_05-50-04-441757_ho_DV_seed\model.pth
INFO:src.utils.logger:Model weights saved to results\ho\DV\20260305-054940_seed0_ho_DV_bl_layered_e1500_w300_4q_4l\checkpoints\2026-03-05_05-50-04-441757_ho_DV_seed\model_weights.pth
INFO:src.utils.logger:It: 1012, Loss: 2.232e-02, Loss_res: 1.847e-02,  Loss_bcs: 3.490e-04, Loss_ut_ics: 1.746e-05, Loss_norm: 1.755e-06, Loss_gauge: 0.000e+00, w_pde: 1.00e+00, L^2_error: 5.732e-02, lr: 1.000e-03, Time: 3.76e+03
INFO:src.utils.logger:Model state saved to results\ho\DV\20260305-054940_seed0_ho_DV_bl_layered_e1500_w300_4q_4l\checkpoints\2026-03-05_05-50-04-441757_ho_DV_seed\model.pth
INFO:src.utils.logger:Model weights saved to results\ho\DV\20260305-054940_seed0_ho_DV_bl_layered_e1500_w300_4q_4l\checkpoints\2026-03-05_05-50-04-441757_ho_DV_seed\model_weights.pth
INFO:src.utils.logger:It: 1013, Loss: 2.236e-02, Loss_res: 1.852e-02,  Loss_bcs: 3.407e-04, Loss_ut_ics: 1.746e-05, Loss_norm: 1.489e-06, Loss_gauge: 0.000e+00, w_pde: 1.00e+00, L^2_error: 5.730e-02, lr: 1.000e-03, Time: 3.76e+03
INFO:src.utils.logger:Model state saved to results\ho\DV\20260305-054940_seed0_ho_DV_bl_layered_e1500_w300_4q_4l\checkpoints\2026-03-05_05-50-04-441757_ho_DV_seed\model.pth
INFO:src.utils.logger:Model weights saved to results\ho\DV\20260305-054940_seed0_ho_DV_bl_layered_e1500_w300_4q_4l\checkpoints\2026-03-05_05-50-04-441757_ho_DV_seed\model_weights.pth
INFO:src.utils.logger:It: 1014, Loss: 2.079e-02, Loss_res: 1.692e-02,  Loss_bcs: 3.561e-04, Loss_ut_ics: 1.750e-05, Loss_norm: 1.195e-06, Loss_gauge: 0.000e+00, w_pde: 1.00e+00, L^2_error: 5.728e-02, lr: 1.000e-03, Time: 3.76e+03
INFO:src.utils.logger:Model state saved to results\ho\DV\20260305-054940_seed0_ho_DV_bl_layered_e1500_w300_4q_4l\checkpoints\2026-03-05_05-50-04-441757_ho_DV_seed\model.pth
INFO:src.utils.logger:Model weights saved to results\ho\DV\20260305-054940_seed0_ho_DV_bl_layered_e1500_w300_4q_4l\checkpoints\2026-03-05_05-50-04-441757_ho_DV_seed\model_weights.pth
INFO:src.utils.logger:It: 1015, Loss: 2.252e-02, Loss_res: 1.866e-02,  Loss_bcs: 3.401e-04, Loss_ut_ics: 1.758e-05, Loss_norm: 9.335e-07, Loss_gauge: 0.000e+00, w_pde: 1.00e+00, L^2_error: 5.725e-02, lr: 1.000e-03, Time: 3.77e+03
INFO:src.utils.logger:Model state saved to results\ho\DV\20260305-054940_seed0_ho_DV_bl_layered_e1500_w300_4q_4l\checkpoints\2026-03-05_05-50-04-441757_ho_DV_seed\model.pth
INFO:src.utils.logger:Model weights saved to results\ho\DV\20260305-054940_seed0_ho_DV_bl_layered_e1500_w300_4q_4l\checkpoints\2026-03-05_05-50-04-441757_ho_DV_seed\model_weights.pth
INFO:src.utils.logger:It: 1016, Loss: 2.207e-02, Loss_res: 1.819e-02,  Loss_bcs: 3.489e-04, Loss_ut_ics: 1.766e-05, Loss_norm: 9.110e-07, Loss_gauge: 0.000e+00, w_pde: 1.00e+00, L^2_error: 5.722e-02, lr: 1.000e-03, Time: 3.77e+03
INFO:src.utils.logger:Model state saved to results\ho\DV\20260305-054940_seed0_ho_DV_bl_layered_e1500_w300_4q_4l\checkpoints\2026-03-05_05-50-04-441757_ho_DV_seed\model.pth
INFO:src.utils.logger:Model weights saved to results\ho\DV\20260305-054940_seed0_ho_DV_bl_layered_e1500_w300_4q_4l\checkpoints\2026-03-05_05-50-04-441757_ho_DV_seed\model_weights.pth
INFO:src.utils.logger:It: 1017, Loss: 2.110e-02, Loss_res: 1.722e-02,  Loss_bcs: 3.461e-04, Loss_ut_ics: 1.763e-05, Loss_norm: 1.221e-06, Loss_gauge: 0.000e+00, w_pde: 1.00e+00, L^2_error: 5.720e-02, lr: 1.000e-03, Time: 3.77e+03
INFO:src.utils.logger:Model state saved to results\ho\DV\20260305-054940_seed0_ho_DV_bl_layered_e1500_w300_4q_4l\checkpoints\2026-03-05_05-50-04-441757_ho_DV_seed\model.pth
INFO:src.utils.logger:Model weights saved to results\ho\DV\20260305-054940_seed0_ho_DV_bl_layered_e1500_w300_4q_4l\checkpoints\2026-03-05_05-50-04-441757_ho_DV_seed\model_weights.pth
INFO:src.utils.logger:It: 1018, Loss: 2.064e-02, Loss_res: 1.678e-02,  Loss_bcs: 3.460e-04, Loss_ut_ics: 1.752e-05, Loss_norm: 1.609e-06, Loss_gauge: 0.000e+00, w_pde: 1.00e+00, L^2_error: 5.719e-02, lr: 1.000e-03, Time: 3.78e+03
INFO:src.utils.logger:Model state saved to results\ho\DV\20260305-054940_seed0_ho_DV_bl_layered_e1500_w300_4q_4l\checkpoints\2026-03-05_05-50-04-441757_ho_DV_seed\model.pth
INFO:src.utils.logger:Model weights saved to results\ho\DV\20260305-054940_seed0_ho_DV_bl_layered_e1500_w300_4q_4l\checkpoints\2026-03-05_05-50-04-441757_ho_DV_seed\model_weights.pth
INFO:src.utils.logger:It: 1019, Loss: 2.125e-02, Loss_res: 1.742e-02,  Loss_bcs: 3.423e-04, Loss_ut_ics: 1.740e-05, Loss_norm: 1.904e-06, Loss_gauge: 0.000e+00, w_pde: 1.00e+00, L^2_error: 5.718e-02, lr: 1.000e-03, Time: 3.78e+03
INFO:src.utils.logger:Model state saved to results\ho\DV\20260305-054940_seed0_ho_DV_bl_layered_e1500_w300_4q_4l\checkpoints\2026-03-05_05-50-04-441757_ho_DV_seed\model.pth
INFO:src.utils.logger:Model weights saved to results\ho\DV\20260305-054940_seed0_ho_DV_bl_layered_e1500_w300_4q_4l\checkpoints\2026-03-05_05-50-04-441757_ho_DV_seed\model_weights.pth
INFO:src.utils.logger:It: 1020, Loss: 2.086e-02, Loss_res: 1.704e-02,  Loss_bcs: 3.444e-04, Loss_ut_ics: 1.733e-05, Loss_norm: 1.793e-06, Loss_gauge: 0.000e+00, w_pde: 1.00e+00, L^2_error: 5.718e-02, lr: 1.000e-03, Time: 3.79e+03
INFO:src.utils.logger:Model state saved to results\ho\DV\20260305-054940_seed0_ho_DV_bl_layered_e1500_w300_4q_4l\checkpoints\2026-03-05_05-50-04-441757_ho_DV_seed\model.pth
INFO:src.utils.logger:Model weights saved to results\ho\DV\20260305-054940_seed0_ho_DV_bl_layered_e1500_w300_4q_4l\checkpoints\2026-03-05_05-50-04-441757_ho_DV_seed\model_weights.pth
INFO:src.utils.logger:It: 1021, Loss: 2.060e-02, Loss_res: 1.679e-02,  Loss_bcs: 3.426e-04, Loss_ut_ics: 1.730e-05, Loss_norm: 1.374e-06, Loss_gauge: 0.000e+00, w_pde: 1.00e+00, L^2_error: 5.717e-02, lr: 1.000e-03, Time: 3.79e+03
INFO:src.utils.logger:Model state saved to results\ho\DV\20260305-054940_seed0_ho_DV_bl_layered_e1500_w300_4q_4l\checkpoints\2026-03-05_05-50-04-441757_ho_DV_seed\model.pth
INFO:src.utils.logger:Model weights saved to results\ho\DV\20260305-054940_seed0_ho_DV_bl_layered_e1500_w300_4q_4l\checkpoints\2026-03-05_05-50-04-441757_ho_DV_seed\model_weights.pth
INFO:src.utils.logger:It: 1022, Loss: 2.157e-02, Loss_res: 1.777e-02,  Loss_bcs: 3.366e-04, Loss_ut_ics: 1.729e-05, Loss_norm: 8.978e-07, Loss_gauge: 0.000e+00, w_pde: 1.00e+00, L^2_error: 5.716e-02, lr: 1.000e-03, Time: 3.79e+03
INFO:src.utils.logger:Model state saved to results\ho\DV\20260305-054940_seed0_ho_DV_bl_layered_e1500_w300_4q_4l\checkpoints\2026-03-05_05-50-04-441757_ho_DV_seed\model.pth
INFO:src.utils.logger:Model weights saved to results\ho\DV\20260305-054940_seed0_ho_DV_bl_layered_e1500_w300_4q_4l\checkpoints\2026-03-05_05-50-04-441757_ho_DV_seed\model_weights.pth
INFO:src.utils.logger:It: 1023, Loss: 2.207e-02, Loss_res: 1.826e-02,  Loss_bcs: 3.441e-04, Loss_ut_ics: 1.729e-05, Loss_norm: 5.711e-07, Loss_gauge: 0.000e+00, w_pde: 1.00e+00, L^2_error: 5.715e-02, lr: 1.000e-03, Time: 3.80e+03
INFO:src.utils.logger:Model state saved to results\ho\DV\20260305-054940_seed0_ho_DV_bl_layered_e1500_w300_4q_4l\checkpoints\2026-03-05_05-50-04-441757_ho_DV_seed\model.pth
INFO:src.utils.logger:Model weights saved to results\ho\DV\20260305-054940_seed0_ho_DV_bl_layered_e1500_w300_4q_4l\checkpoints\2026-03-05_05-50-04-441757_ho_DV_seed\model_weights.pth
INFO:src.utils.logger:It: 1024, Loss: 2.173e-02, Loss_res: 1.794e-02,  Loss_bcs: 3.387e-04, Loss_ut_ics: 1.727e-05, Loss_norm: 5.424e-07, Loss_gauge: 0.000e+00, w_pde: 1.00e+00, L^2_error: 5.713e-02, lr: 1.000e-03, Time: 3.80e+03
INFO:src.utils.logger:Model state saved to results\ho\DV\20260305-054940_seed0_ho_DV_bl_layered_e1500_w300_4q_4l\checkpoints\2026-03-05_05-50-04-441757_ho_DV_seed\model.pth
INFO:src.utils.logger:Model weights saved to results\ho\DV\20260305-054940_seed0_ho_DV_bl_layered_e1500_w300_4q_4l\checkpoints\2026-03-05_05-50-04-441757_ho_DV_seed\model_weights.pth
INFO:src.utils.logger:It: 1025, Loss: 2.004e-02, Loss_res: 1.624e-02,  Loss_bcs: 3.487e-04, Loss_ut_ics: 1.723e-05, Loss_norm: 6.838e-07, Loss_gauge: 0.000e+00, w_pde: 1.00e+00, L^2_error: 5.710e-02, lr: 1.000e-03, Time: 3.80e+03
INFO:src.utils.logger:Model state saved to results\ho\DV\20260305-054940_seed0_ho_DV_bl_layered_e1500_w300_4q_4l\checkpoints\2026-03-05_05-50-04-441757_ho_DV_seed\model.pth
INFO:src.utils.logger:Model weights saved to results\ho\DV\20260305-054940_seed0_ho_DV_bl_layered_e1500_w300_4q_4l\checkpoints\2026-03-05_05-50-04-441757_ho_DV_seed\model_weights.pth
INFO:src.utils.logger:It: 1026, Loss: 2.164e-02, Loss_res: 1.784e-02,  Loss_bcs: 3.478e-04, Loss_ut_ics: 1.722e-05, Loss_norm: 8.633e-07, Loss_gauge: 0.000e+00, w_pde: 1.00e+00, L^2_error: 5.706e-02, lr: 1.000e-03, Time: 3.81e+03
INFO:src.utils.logger:Model state saved to results\ho\DV\20260305-054940_seed0_ho_DV_bl_layered_e1500_w300_4q_4l\checkpoints\2026-03-05_05-50-04-441757_ho_DV_seed\model.pth
INFO:src.utils.logger:Model weights saved to results\ho\DV\20260305-054940_seed0_ho_DV_bl_layered_e1500_w300_4q_4l\checkpoints\2026-03-05_05-50-04-441757_ho_DV_seed\model_weights.pth
INFO:src.utils.logger:It: 1027, Loss: 2.263e-02, Loss_res: 1.885e-02,  Loss_bcs: 3.393e-04, Loss_ut_ics: 1.720e-05, Loss_norm: 1.149e-06, Loss_gauge: 0.000e+00, w_pde: 1.00e+00, L^2_error: 5.701e-02, lr: 1.000e-03, Time: 3.81e+03
INFO:src.utils.logger:Model state saved to results\ho\DV\20260305-054940_seed0_ho_DV_bl_layered_e1500_w300_4q_4l\checkpoints\2026-03-05_05-50-04-441757_ho_DV_seed\model.pth
INFO:src.utils.logger:Model weights saved to results\ho\DV\20260305-054940_seed0_ho_DV_bl_layered_e1500_w300_4q_4l\checkpoints\2026-03-05_05-50-04-441757_ho_DV_seed\model_weights.pth
INFO:src.utils.logger:It: 1028, Loss: 2.123e-02, Loss_res: 1.744e-02,  Loss_bcs: 3.396e-04, Loss_ut_ics: 1.721e-05, Loss_norm: 1.381e-06, Loss_gauge: 0.000e+00, w_pde: 1.00e+00, L^2_error: 5.696e-02, lr: 1.000e-03, Time: 3.82e+03
INFO:src.utils.logger:Model state saved to results\ho\DV\20260305-054940_seed0_ho_DV_bl_layered_e1500_w300_4q_4l\checkpoints\2026-03-05_05-50-04-441757_ho_DV_seed\model.pth
INFO:src.utils.logger:Model weights saved to results\ho\DV\20260305-054940_seed0_ho_DV_bl_layered_e1500_w300_4q_4l\checkpoints\2026-03-05_05-50-04-441757_ho_DV_seed\model_weights.pth
INFO:src.utils.logger:It: 1029, Loss: 1.996e-02, Loss_res: 1.616e-02,  Loss_bcs: 3.488e-04, Loss_ut_ics: 1.722e-05, Loss_norm: 1.541e-06, Loss_gauge: 0.000e+00, w_pde: 1.00e+00, L^2_error: 5.691e-02, lr: 1.000e-03, Time: 3.82e+03
INFO:src.utils.logger:Model state saved to results\ho\DV\20260305-054940_seed0_ho_DV_bl_layered_e1500_w300_4q_4l\checkpoints\2026-03-05_05-50-04-441757_ho_DV_seed\model.pth
INFO:src.utils.logger:Model weights saved to results\ho\DV\20260305-054940_seed0_ho_DV_bl_layered_e1500_w300_4q_4l\checkpoints\2026-03-05_05-50-04-441757_ho_DV_seed\model_weights.pth
INFO:src.utils.logger:It: 1030, Loss: 2.038e-02, Loss_res: 1.657e-02,  Loss_bcs: 3.477e-04, Loss_ut_ics: 1.726e-05, Loss_norm: 1.446e-06, Loss_gauge: 0.000e+00, w_pde: 1.00e+00, L^2_error: 5.687e-02, lr: 1.000e-03, Time: 3.82e+03
INFO:src.utils.logger:Model state saved to results\ho\DV\20260305-054940_seed0_ho_DV_bl_layered_e1500_w300_4q_4l\checkpoints\2026-03-05_05-50-04-441757_ho_DV_seed\model.pth
INFO:src.utils.logger:Model weights saved to results\ho\DV\20260305-054940_seed0_ho_DV_bl_layered_e1500_w300_4q_4l\checkpoints\2026-03-05_05-50-04-441757_ho_DV_seed\model_weights.pth
INFO:src.utils.logger:It: 1031, Loss: 2.087e-02, Loss_res: 1.706e-02,  Loss_bcs: 3.469e-04, Loss_ut_ics: 1.729e-05, Loss_norm: 1.342e-06, Loss_gauge: 0.000e+00, w_pde: 1.00e+00, L^2_error: 5.683e-02, lr: 1.000e-03, Time: 3.83e+03
INFO:src.utils.logger:Model state saved to results\ho\DV\20260305-054940_seed0_ho_DV_bl_layered_e1500_w300_4q_4l\checkpoints\2026-03-05_05-50-04-441757_ho_DV_seed\model.pth
INFO:src.utils.logger:Model weights saved to results\ho\DV\20260305-054940_seed0_ho_DV_bl_layered_e1500_w300_4q_4l\checkpoints\2026-03-05_05-50-04-441757_ho_DV_seed\model_weights.pth
INFO:src.utils.logger:It: 1032, Loss: 2.271e-02, Loss_res: 1.890e-02,  Loss_bcs: 3.470e-04, Loss_ut_ics: 1.731e-05, Loss_norm: 1.243e-06, Loss_gauge: 0.000e+00, w_pde: 1.00e+00, L^2_error: 5.679e-02, lr: 1.000e-03, Time: 3.83e+03
INFO:src.utils.logger:Model state saved to results\ho\DV\20260305-054940_seed0_ho_DV_bl_layered_e1500_w300_4q_4l\checkpoints\2026-03-05_05-50-04-441757_ho_DV_seed\model.pth
INFO:src.utils.logger:Model weights saved to results\ho\DV\20260305-054940_seed0_ho_DV_bl_layered_e1500_w300_4q_4l\checkpoints\2026-03-05_05-50-04-441757_ho_DV_seed\model_weights.pth
INFO:src.utils.logger:It: 1033, Loss: 2.191e-02, Loss_res: 1.809e-02,  Loss_bcs: 3.486e-04, Loss_ut_ics: 1.730e-05, Loss_norm: 1.256e-06, Loss_gauge: 0.000e+00, w_pde: 1.00e+00, L^2_error: 5.676e-02, lr: 1.000e-03, Time: 3.83e+03
INFO:src.utils.logger:Model state saved to results\ho\DV\20260305-054940_seed0_ho_DV_bl_layered_e1500_w300_4q_4l\checkpoints\2026-03-05_05-50-04-441757_ho_DV_seed\model.pth
INFO:src.utils.logger:Model weights saved to results\ho\DV\20260305-054940_seed0_ho_DV_bl_layered_e1500_w300_4q_4l\checkpoints\2026-03-05_05-50-04-441757_ho_DV_seed\model_weights.pth
INFO:src.utils.logger:It: 1034, Loss: 2.125e-02, Loss_res: 1.744e-02,  Loss_bcs: 3.485e-04, Loss_ut_ics: 1.724e-05, Loss_norm: 1.438e-06, Loss_gauge: 0.000e+00, w_pde: 1.00e+00, L^2_error: 5.674e-02, lr: 1.000e-03, Time: 3.84e+03
INFO:src.utils.logger:Model state saved to results\ho\DV\20260305-054940_seed0_ho_DV_bl_layered_e1500_w300_4q_4l\checkpoints\2026-03-05_05-50-04-441757_ho_DV_seed\model.pth
INFO:src.utils.logger:Model weights saved to results\ho\DV\20260305-054940_seed0_ho_DV_bl_layered_e1500_w300_4q_4l\checkpoints\2026-03-05_05-50-04-441757_ho_DV_seed\model_weights.pth
INFO:src.utils.logger:It: 1035, Loss: 2.139e-02, Loss_res: 1.761e-02,  Loss_bcs: 3.415e-04, Loss_ut_ics: 1.713e-05, Loss_norm: 1.725e-06, Loss_gauge: 0.000e+00, w_pde: 1.00e+00, L^2_error: 5.672e-02, lr: 1.000e-03, Time: 3.84e+03
INFO:src.utils.logger:Model state saved to results\ho\DV\20260305-054940_seed0_ho_DV_bl_layered_e1500_w300_4q_4l\checkpoints\2026-03-05_05-50-04-441757_ho_DV_seed\model.pth
INFO:src.utils.logger:Model weights saved to results\ho\DV\20260305-054940_seed0_ho_DV_bl_layered_e1500_w300_4q_4l\checkpoints\2026-03-05_05-50-04-441757_ho_DV_seed\model_weights.pth
INFO:src.utils.logger:It: 1036, Loss: 2.057e-02, Loss_res: 1.681e-02,  Loss_bcs: 3.422e-04, Loss_ut_ics: 1.708e-05, Loss_norm: 1.678e-06, Loss_gauge: 0.000e+00, w_pde: 1.00e+00, L^2_error: 5.670e-02, lr: 1.000e-03, Time: 3.85e+03
INFO:src.utils.logger:Model state saved to results\ho\DV\20260305-054940_seed0_ho_DV_bl_layered_e1500_w300_4q_4l\checkpoints\2026-03-05_05-50-04-441757_ho_DV_seed\model.pth
INFO:src.utils.logger:Model weights saved to results\ho\DV\20260305-054940_seed0_ho_DV_bl_layered_e1500_w300_4q_4l\checkpoints\2026-03-05_05-50-04-441757_ho_DV_seed\model_weights.pth
INFO:src.utils.logger:It: 1037, Loss: 2.012e-02, Loss_res: 1.635e-02,  Loss_bcs: 3.460e-04, Loss_ut_ics: 1.707e-05, Loss_norm: 1.416e-06, Loss_gauge: 0.000e+00, w_pde: 1.00e+00, L^2_error: 5.670e-02, lr: 1.000e-03, Time: 3.85e+03
INFO:src.utils.logger:Model state saved to results\ho\DV\20260305-054940_seed0_ho_DV_bl_layered_e1500_w300_4q_4l\checkpoints\2026-03-05_05-50-04-441757_ho_DV_seed\model.pth
INFO:src.utils.logger:Model weights saved to results\ho\DV\20260305-054940_seed0_ho_DV_bl_layered_e1500_w300_4q_4l\checkpoints\2026-03-05_05-50-04-441757_ho_DV_seed\model_weights.pth
INFO:src.utils.logger:It: 1038, Loss: 2.039e-02, Loss_res: 1.664e-02,  Loss_bcs: 3.402e-04, Loss_ut_ics: 1.704e-05, Loss_norm: 1.180e-06, Loss_gauge: 0.000e+00, w_pde: 1.00e+00, L^2_error: 5.670e-02, lr: 1.000e-03, Time: 3.85e+03
INFO:src.utils.logger:Model state saved to results\ho\DV\20260305-054940_seed0_ho_DV_bl_layered_e1500_w300_4q_4l\checkpoints\2026-03-05_05-50-04-441757_ho_DV_seed\model.pth
INFO:src.utils.logger:Model weights saved to results\ho\DV\20260305-054940_seed0_ho_DV_bl_layered_e1500_w300_4q_4l\checkpoints\2026-03-05_05-50-04-441757_ho_DV_seed\model_weights.pth
INFO:src.utils.logger:It: 1039, Loss: 2.113e-02, Loss_res: 1.738e-02,  Loss_bcs: 3.405e-04, Loss_ut_ics: 1.702e-05, Loss_norm: 1.051e-06, Loss_gauge: 0.000e+00, w_pde: 1.00e+00, L^2_error: 5.670e-02, lr: 1.000e-03, Time: 3.86e+03
INFO:src.utils.logger:Model state saved to results\ho\DV\20260305-054940_seed0_ho_DV_bl_layered_e1500_w300_4q_4l\checkpoints\2026-03-05_05-50-04-441757_ho_DV_seed\model.pth
INFO:src.utils.logger:Model weights saved to results\ho\DV\20260305-054940_seed0_ho_DV_bl_layered_e1500_w300_4q_4l\checkpoints\2026-03-05_05-50-04-441757_ho_DV_seed\model_weights.pth
INFO:src.utils.logger:It: 1040, Loss: 2.110e-02, Loss_res: 1.736e-02,  Loss_bcs: 3.449e-04, Loss_ut_ics: 1.694e-05, Loss_norm: 1.153e-06, Loss_gauge: 0.000e+00, w_pde: 1.00e+00, L^2_error: 5.669e-02, lr: 1.000e-03, Time: 3.86e+03
INFO:src.utils.logger:Model state saved to results\ho\DV\20260305-054940_seed0_ho_DV_bl_layered_e1500_w300_4q_4l\checkpoints\2026-03-05_05-50-04-441757_ho_DV_seed\model.pth
INFO:src.utils.logger:Model weights saved to results\ho\DV\20260305-054940_seed0_ho_DV_bl_layered_e1500_w300_4q_4l\checkpoints\2026-03-05_05-50-04-441757_ho_DV_seed\model_weights.pth
INFO:src.utils.logger:It: 1041, Loss: 2.001e-02, Loss_res: 1.628e-02,  Loss_bcs: 3.452e-04, Loss_ut_ics: 1.687e-05, Loss_norm: 1.449e-06, Loss_gauge: 0.000e+00, w_pde: 1.00e+00, L^2_error: 5.668e-02, lr: 1.000e-03, Time: 3.86e+03
INFO:src.utils.logger:Model state saved to results\ho\DV\20260305-054940_seed0_ho_DV_bl_layered_e1500_w300_4q_4l\checkpoints\2026-03-05_05-50-04-441757_ho_DV_seed\model.pth
INFO:src.utils.logger:Model weights saved to results\ho\DV\20260305-054940_seed0_ho_DV_bl_layered_e1500_w300_4q_4l\checkpoints\2026-03-05_05-50-04-441757_ho_DV_seed\model_weights.pth
INFO:src.utils.logger:It: 1042, Loss: 2.032e-02, Loss_res: 1.662e-02,  Loss_bcs: 3.379e-04, Loss_ut_ics: 1.678e-05, Loss_norm: 1.912e-06, Loss_gauge: 0.000e+00, w_pde: 1.00e+00, L^2_error: 5.667e-02, lr: 1.000e-03, Time: 3.87e+03
INFO:src.utils.logger:Model state saved to results\ho\DV\20260305-054940_seed0_ho_DV_bl_layered_e1500_w300_4q_4l\checkpoints\2026-03-05_05-50-04-441757_ho_DV_seed\model.pth
INFO:src.utils.logger:Model weights saved to results\ho\DV\20260305-054940_seed0_ho_DV_bl_layered_e1500_w300_4q_4l\checkpoints\2026-03-05_05-50-04-441757_ho_DV_seed\model_weights.pth
INFO:src.utils.logger:It: 1043, Loss: 2.008e-02, Loss_res: 1.638e-02,  Loss_bcs: 3.446e-04, Loss_ut_ics: 1.673e-05, Loss_norm: 2.228e-06, Loss_gauge: 0.000e+00, w_pde: 1.00e+00, L^2_error: 5.664e-02, lr: 1.000e-03, Time: 3.87e+03
INFO:src.utils.logger:Model state saved to results\ho\DV\20260305-054940_seed0_ho_DV_bl_layered_e1500_w300_4q_4l\checkpoints\2026-03-05_05-50-04-441757_ho_DV_seed\model.pth
INFO:src.utils.logger:Model weights saved to results\ho\DV\20260305-054940_seed0_ho_DV_bl_layered_e1500_w300_4q_4l\checkpoints\2026-03-05_05-50-04-441757_ho_DV_seed\model_weights.pth
INFO:src.utils.logger:It: 1044, Loss: 2.148e-02, Loss_res: 1.778e-02,  Loss_bcs: 3.409e-04, Loss_ut_ics: 1.672e-05, Loss_norm: 2.273e-06, Loss_gauge: 0.000e+00, w_pde: 1.00e+00, L^2_error: 5.660e-02, lr: 1.000e-03, Time: 3.88e+03
INFO:src.utils.logger:Model state saved to results\ho\DV\20260305-054940_seed0_ho_DV_bl_layered_e1500_w300_4q_4l\checkpoints\2026-03-05_05-50-04-441757_ho_DV_seed\model.pth
INFO:src.utils.logger:Model weights saved to results\ho\DV\20260305-054940_seed0_ho_DV_bl_layered_e1500_w300_4q_4l\checkpoints\2026-03-05_05-50-04-441757_ho_DV_seed\model_weights.pth
INFO:src.utils.logger:It: 1045, Loss: 2.024e-02, Loss_res: 1.653e-02,  Loss_bcs: 3.433e-04, Loss_ut_ics: 1.678e-05, Loss_norm: 2.053e-06, Loss_gauge: 0.000e+00, w_pde: 1.00e+00, L^2_error: 5.655e-02, lr: 1.000e-03, Time: 3.88e+03
INFO:src.utils.logger:Model state saved to results\ho\DV\20260305-054940_seed0_ho_DV_bl_layered_e1500_w300_4q_4l\checkpoints\2026-03-05_05-50-04-441757_ho_DV_seed\model.pth
INFO:src.utils.logger:Model weights saved to results\ho\DV\20260305-054940_seed0_ho_DV_bl_layered_e1500_w300_4q_4l\checkpoints\2026-03-05_05-50-04-441757_ho_DV_seed\model_weights.pth
INFO:src.utils.logger:It: 1046, Loss: 2.059e-02, Loss_res: 1.687e-02,  Loss_bcs: 3.441e-04, Loss_ut_ics: 1.684e-05, Loss_norm: 1.945e-06, Loss_gauge: 0.000e+00, w_pde: 1.00e+00, L^2_error: 5.649e-02, lr: 1.000e-03, Time: 3.88e+03
INFO:src.utils.logger:Model state saved to results\ho\DV\20260305-054940_seed0_ho_DV_bl_layered_e1500_w300_4q_4l\checkpoints\2026-03-05_05-50-04-441757_ho_DV_seed\model.pth
INFO:src.utils.logger:Model weights saved to results\ho\DV\20260305-054940_seed0_ho_DV_bl_layered_e1500_w300_4q_4l\checkpoints\2026-03-05_05-50-04-441757_ho_DV_seed\model_weights.pth
INFO:src.utils.logger:It: 1047, Loss: 2.064e-02, Loss_res: 1.692e-02,  Loss_bcs: 3.359e-04, Loss_ut_ics: 1.687e-05, Loss_norm: 1.908e-06, Loss_gauge: 0.000e+00, w_pde: 1.00e+00, L^2_error: 5.644e-02, lr: 1.000e-03, Time: 3.89e+03
INFO:src.utils.logger:Model state saved to results\ho\DV\20260305-054940_seed0_ho_DV_bl_layered_e1500_w300_4q_4l\checkpoints\2026-03-05_05-50-04-441757_ho_DV_seed\model.pth
INFO:src.utils.logger:Model weights saved to results\ho\DV\20260305-054940_seed0_ho_DV_bl_layered_e1500_w300_4q_4l\checkpoints\2026-03-05_05-50-04-441757_ho_DV_seed\model_weights.pth
INFO:src.utils.logger:It: 1048, Loss: 2.071e-02, Loss_res: 1.699e-02,  Loss_bcs: 3.356e-04, Loss_ut_ics: 1.685e-05, Loss_norm: 2.108e-06, Loss_gauge: 0.000e+00, w_pde: 1.00e+00, L^2_error: 5.640e-02, lr: 1.000e-03, Time: 3.89e+03
INFO:src.utils.logger:Model state saved to results\ho\DV\20260305-054940_seed0_ho_DV_bl_layered_e1500_w300_4q_4l\checkpoints\2026-03-05_05-50-04-441757_ho_DV_seed\model.pth
INFO:src.utils.logger:Model weights saved to results\ho\DV\20260305-054940_seed0_ho_DV_bl_layered_e1500_w300_4q_4l\checkpoints\2026-03-05_05-50-04-441757_ho_DV_seed\model_weights.pth
INFO:src.utils.logger:It: 1049, Loss: 2.054e-02, Loss_res: 1.683e-02,  Loss_bcs: 3.450e-04, Loss_ut_ics: 1.677e-05, Loss_norm: 2.546e-06, Loss_gauge: 0.000e+00, w_pde: 1.00e+00, L^2_error: 5.636e-02, lr: 1.000e-03, Time: 3.89e+03
INFO:src.utils.logger:Model state saved to results\ho\DV\20260305-054940_seed0_ho_DV_bl_layered_e1500_w300_4q_4l\checkpoints\2026-03-05_05-50-04-441757_ho_DV_seed\model.pth
INFO:src.utils.logger:Model weights saved to results\ho\DV\20260305-054940_seed0_ho_DV_bl_layered_e1500_w300_4q_4l\checkpoints\2026-03-05_05-50-04-441757_ho_DV_seed\model_weights.pth
INFO:src.utils.logger:It: 1050, Loss: 2.104e-02, Loss_res: 1.736e-02,  Loss_bcs: 3.339e-04, Loss_ut_ics: 1.670e-05, Loss_norm: 2.935e-06, Loss_gauge: 0.000e+00, w_pde: 1.00e+00, L^2_error: 5.633e-02, lr: 1.000e-03, Time: 3.90e+03
INFO:src.utils.logger:Model state saved to results\ho\DV\20260305-054940_seed0_ho_DV_bl_layered_e1500_w300_4q_4l\checkpoints\2026-03-05_05-50-04-441757_ho_DV_seed\model.pth
INFO:src.utils.logger:Model weights saved to results\ho\DV\20260305-054940_seed0_ho_DV_bl_layered_e1500_w300_4q_4l\checkpoints\2026-03-05_05-50-04-441757_ho_DV_seed\model_weights.pth
INFO:src.utils.logger:It: 1051, Loss: 2.072e-02, Loss_res: 1.704e-02,  Loss_bcs: 3.357e-04, Loss_ut_ics: 1.666e-05, Loss_norm: 3.069e-06, Loss_gauge: 0.000e+00, w_pde: 1.00e+00, L^2_error: 5.630e-02, lr: 1.000e-03, Time: 3.90e+03
INFO:src.utils.logger:Model state saved to results\ho\DV\20260305-054940_seed0_ho_DV_bl_layered_e1500_w300_4q_4l\checkpoints\2026-03-05_05-50-04-441757_ho_DV_seed\model.pth
INFO:src.utils.logger:Model weights saved to results\ho\DV\20260305-054940_seed0_ho_DV_bl_layered_e1500_w300_4q_4l\checkpoints\2026-03-05_05-50-04-441757_ho_DV_seed\model_weights.pth
INFO:src.utils.logger:It: 1052, Loss: 2.089e-02, Loss_res: 1.722e-02,  Loss_bcs: 3.317e-04, Loss_ut_ics: 1.664e-05, Loss_norm: 2.973e-06, Loss_gauge: 0.000e+00, w_pde: 1.00e+00, L^2_error: 5.629e-02, lr: 1.000e-03, Time: 3.91e+03
INFO:src.utils.logger:Model state saved to results\ho\DV\20260305-054940_seed0_ho_DV_bl_layered_e1500_w300_4q_4l\checkpoints\2026-03-05_05-50-04-441757_ho_DV_seed\model.pth
INFO:src.utils.logger:Model weights saved to results\ho\DV\20260305-054940_seed0_ho_DV_bl_layered_e1500_w300_4q_4l\checkpoints\2026-03-05_05-50-04-441757_ho_DV_seed\model_weights.pth
INFO:src.utils.logger:It: 1053, Loss: 2.047e-02, Loss_res: 1.680e-02,  Loss_bcs: 3.361e-04, Loss_ut_ics: 1.664e-05, Loss_norm: 2.662e-06, Loss_gauge: 0.000e+00, w_pde: 1.00e+00, L^2_error: 5.628e-02, lr: 1.000e-03, Time: 3.91e+03
INFO:src.utils.logger:Model state saved to results\ho\DV\20260305-054940_seed0_ho_DV_bl_layered_e1500_w300_4q_4l\checkpoints\2026-03-05_05-50-04-441757_ho_DV_seed\model.pth
INFO:src.utils.logger:Model weights saved to results\ho\DV\20260305-054940_seed0_ho_DV_bl_layered_e1500_w300_4q_4l\checkpoints\2026-03-05_05-50-04-441757_ho_DV_seed\model_weights.pth
INFO:src.utils.logger:It: 1054, Loss: 2.179e-02, Loss_res: 1.813e-02,  Loss_bcs: 3.291e-04, Loss_ut_ics: 1.663e-05, Loss_norm: 2.288e-06, Loss_gauge: 0.000e+00, w_pde: 1.00e+00, L^2_error: 5.628e-02, lr: 1.000e-03, Time: 3.91e+03
INFO:src.utils.logger:Model state saved to results\ho\DV\20260305-054940_seed0_ho_DV_bl_layered_e1500_w300_4q_4l\checkpoints\2026-03-05_05-50-04-441757_ho_DV_seed\model.pth
INFO:src.utils.logger:Model weights saved to results\ho\DV\20260305-054940_seed0_ho_DV_bl_layered_e1500_w300_4q_4l\checkpoints\2026-03-05_05-50-04-441757_ho_DV_seed\model_weights.pth
INFO:src.utils.logger:It: 1055, Loss: 1.974e-02, Loss_res: 1.607e-02,  Loss_bcs: 3.408e-04, Loss_ut_ics: 1.662e-05, Loss_norm: 2.038e-06, Loss_gauge: 0.000e+00, w_pde: 1.00e+00, L^2_error: 5.629e-02, lr: 1.000e-03, Time: 3.92e+03
INFO:src.utils.logger:Model state saved to results\ho\DV\20260305-054940_seed0_ho_DV_bl_layered_e1500_w300_4q_4l\checkpoints\2026-03-05_05-50-04-441757_ho_DV_seed\model.pth
INFO:src.utils.logger:Model weights saved to results\ho\DV\20260305-054940_seed0_ho_DV_bl_layered_e1500_w300_4q_4l\checkpoints\2026-03-05_05-50-04-441757_ho_DV_seed\model_weights.pth
INFO:src.utils.logger:It: 1056, Loss: 2.096e-02, Loss_res: 1.730e-02,  Loss_bcs: 3.346e-04, Loss_ut_ics: 1.657e-05, Loss_norm: 1.893e-06, Loss_gauge: 0.000e+00, w_pde: 1.00e+00, L^2_error: 5.630e-02, lr: 1.000e-03, Time: 3.92e+03
INFO:src.utils.logger:Model state saved to results\ho\DV\20260305-054940_seed0_ho_DV_bl_layered_e1500_w300_4q_4l\checkpoints\2026-03-05_05-50-04-441757_ho_DV_seed\model.pth
INFO:src.utils.logger:Model weights saved to results\ho\DV\20260305-054940_seed0_ho_DV_bl_layered_e1500_w300_4q_4l\checkpoints\2026-03-05_05-50-04-441757_ho_DV_seed\model_weights.pth
INFO:src.utils.logger:It: 1057, Loss: 2.066e-02, Loss_res: 1.702e-02,  Loss_bcs: 3.307e-04, Loss_ut_ics: 1.651e-05, Loss_norm: 1.936e-06, Loss_gauge: 0.000e+00, w_pde: 1.00e+00, L^2_error: 5.631e-02, lr: 1.000e-03, Time: 3.92e+03
INFO:src.utils.logger:Model state saved to results\ho\DV\20260305-054940_seed0_ho_DV_bl_layered_e1500_w300_4q_4l\checkpoints\2026-03-05_05-50-04-441757_ho_DV_seed\model.pth
INFO:src.utils.logger:Model weights saved to results\ho\DV\20260305-054940_seed0_ho_DV_bl_layered_e1500_w300_4q_4l\checkpoints\2026-03-05_05-50-04-441757_ho_DV_seed\model_weights.pth
INFO:src.utils.logger:It: 1058, Loss: 2.211e-02, Loss_res: 1.848e-02,  Loss_bcs: 3.329e-04, Loss_ut_ics: 1.644e-05, Loss_norm: 2.079e-06, Loss_gauge: 0.000e+00, w_pde: 1.00e+00, L^2_error: 5.630e-02, lr: 1.000e-03, Time: 3.93e+03
INFO:src.utils.logger:Model state saved to results\ho\DV\20260305-054940_seed0_ho_DV_bl_layered_e1500_w300_4q_4l\checkpoints\2026-03-05_05-50-04-441757_ho_DV_seed\model.pth
INFO:src.utils.logger:Model weights saved to results\ho\DV\20260305-054940_seed0_ho_DV_bl_layered_e1500_w300_4q_4l\checkpoints\2026-03-05_05-50-04-441757_ho_DV_seed\model_weights.pth
INFO:src.utils.logger:It: 1059, Loss: 2.049e-02, Loss_res: 1.687e-02,  Loss_bcs: 3.197e-04, Loss_ut_ics: 1.643e-05, Loss_norm: 2.134e-06, Loss_gauge: 0.000e+00, w_pde: 1.00e+00, L^2_error: 5.628e-02, lr: 1.000e-03, Time: 3.93e+03
INFO:src.utils.logger:Model state saved to results\ho\DV\20260305-054940_seed0_ho_DV_bl_layered_e1500_w300_4q_4l\checkpoints\2026-03-05_05-50-04-441757_ho_DV_seed\model.pth
INFO:src.utils.logger:Model weights saved to results\ho\DV\20260305-054940_seed0_ho_DV_bl_layered_e1500_w300_4q_4l\checkpoints\2026-03-05_05-50-04-441757_ho_DV_seed\model_weights.pth
INFO:src.utils.logger:It: 1060, Loss: 2.161e-02, Loss_res: 1.797e-02,  Loss_bcs: 3.371e-04, Loss_ut_ics: 1.645e-05, Loss_norm: 2.054e-06, Loss_gauge: 0.000e+00, w_pde: 1.00e+00, L^2_error: 5.624e-02, lr: 1.000e-03, Time: 3.94e+03
INFO:src.utils.logger:Model state saved to results\ho\DV\20260305-054940_seed0_ho_DV_bl_layered_e1500_w300_4q_4l\checkpoints\2026-03-05_05-50-04-441757_ho_DV_seed\model.pth
INFO:src.utils.logger:Model weights saved to results\ho\DV\20260305-054940_seed0_ho_DV_bl_layered_e1500_w300_4q_4l\checkpoints\2026-03-05_05-50-04-441757_ho_DV_seed\model_weights.pth
INFO:src.utils.logger:It: 1061, Loss: 2.160e-02, Loss_res: 1.795e-02,  Loss_bcs: 3.312e-04, Loss_ut_ics: 1.654e-05, Loss_norm: 1.920e-06, Loss_gauge: 0.000e+00, w_pde: 1.00e+00, L^2_error: 5.618e-02, lr: 1.000e-03, Time: 3.94e+03
INFO:src.utils.logger:Model state saved to results\ho\DV\20260305-054940_seed0_ho_DV_bl_layered_e1500_w300_4q_4l\checkpoints\2026-03-05_05-50-04-441757_ho_DV_seed\model.pth
INFO:src.utils.logger:Model weights saved to results\ho\DV\20260305-054940_seed0_ho_DV_bl_layered_e1500_w300_4q_4l\checkpoints\2026-03-05_05-50-04-441757_ho_DV_seed\model_weights.pth
INFO:src.utils.logger:It: 1062, Loss: 2.165e-02, Loss_res: 1.797e-02,  Loss_bcs: 3.457e-04, Loss_ut_ics: 1.661e-05, Loss_norm: 1.878e-06, Loss_gauge: 0.000e+00, w_pde: 1.00e+00, L^2_error: 5.612e-02, lr: 1.000e-03, Time: 3.94e+03
INFO:src.utils.logger:Model state saved to results\ho\DV\20260305-054940_seed0_ho_DV_bl_layered_e1500_w300_4q_4l\checkpoints\2026-03-05_05-50-04-441757_ho_DV_seed\model.pth
INFO:src.utils.logger:Model weights saved to results\ho\DV\20260305-054940_seed0_ho_DV_bl_layered_e1500_w300_4q_4l\checkpoints\2026-03-05_05-50-04-441757_ho_DV_seed\model_weights.pth
INFO:src.utils.logger:It: 1063, Loss: 2.089e-02, Loss_res: 1.721e-02,  Loss_bcs: 3.463e-04, Loss_ut_ics: 1.663e-05, Loss_norm: 2.028e-06, Loss_gauge: 0.000e+00, w_pde: 1.00e+00, L^2_error: 5.606e-02, lr: 1.000e-03, Time: 3.95e+03
INFO:src.utils.logger:Model state saved to results\ho\DV\20260305-054940_seed0_ho_DV_bl_layered_e1500_w300_4q_4l\checkpoints\2026-03-05_05-50-04-441757_ho_DV_seed\model.pth
INFO:src.utils.logger:Model weights saved to results\ho\DV\20260305-054940_seed0_ho_DV_bl_layered_e1500_w300_4q_4l\checkpoints\2026-03-05_05-50-04-441757_ho_DV_seed\model_weights.pth
INFO:src.utils.logger:It: 1064, Loss: 2.088e-02, Loss_res: 1.721e-02,  Loss_bcs: 3.442e-04, Loss_ut_ics: 1.658e-05, Loss_norm: 2.279e-06, Loss_gauge: 0.000e+00, w_pde: 1.00e+00, L^2_error: 5.601e-02, lr: 1.000e-03, Time: 3.95e+03
INFO:src.utils.logger:Model state saved to results\ho\DV\20260305-054940_seed0_ho_DV_bl_layered_e1500_w300_4q_4l\checkpoints\2026-03-05_05-50-04-441757_ho_DV_seed\model.pth
INFO:src.utils.logger:Model weights saved to results\ho\DV\20260305-054940_seed0_ho_DV_bl_layered_e1500_w300_4q_4l\checkpoints\2026-03-05_05-50-04-441757_ho_DV_seed\model_weights.pth
INFO:src.utils.logger:It: 1065, Loss: 2.083e-02, Loss_res: 1.719e-02,  Loss_bcs: 3.209e-04, Loss_ut_ics: 1.655e-05, Loss_norm: 2.292e-06, Loss_gauge: 0.000e+00, w_pde: 1.00e+00, L^2_error: 5.596e-02, lr: 1.000e-03, Time: 3.95e+03
INFO:src.utils.logger:Model state saved to results\ho\DV\20260305-054940_seed0_ho_DV_bl_layered_e1500_w300_4q_4l\checkpoints\2026-03-05_05-50-04-441757_ho_DV_seed\model.pth
INFO:src.utils.logger:Model weights saved to results\ho\DV\20260305-054940_seed0_ho_DV_bl_layered_e1500_w300_4q_4l\checkpoints\2026-03-05_05-50-04-441757_ho_DV_seed\model_weights.pth
INFO:src.utils.logger:It: 1066, Loss: 2.032e-02, Loss_res: 1.666e-02,  Loss_bcs: 3.324e-04, Loss_ut_ics: 1.655e-05, Loss_norm: 1.986e-06, Loss_gauge: 0.000e+00, w_pde: 1.00e+00, L^2_error: 5.591e-02, lr: 1.000e-03, Time: 3.96e+03
INFO:src.utils.logger:Model state saved to results\ho\DV\20260305-054940_seed0_ho_DV_bl_layered_e1500_w300_4q_4l\checkpoints\2026-03-05_05-50-04-441757_ho_DV_seed\model.pth
INFO:src.utils.logger:Model weights saved to results\ho\DV\20260305-054940_seed0_ho_DV_bl_layered_e1500_w300_4q_4l\checkpoints\2026-03-05_05-50-04-441757_ho_DV_seed\model_weights.pth
INFO:src.utils.logger:It: 1067, Loss: 2.113e-02, Loss_res: 1.748e-02,  Loss_bcs: 3.378e-04, Loss_ut_ics: 1.654e-05, Loss_norm: 1.566e-06, Loss_gauge: 0.000e+00, w_pde: 1.00e+00, L^2_error: 5.588e-02, lr: 1.000e-03, Time: 3.96e+03
INFO:src.utils.logger:Model state saved to results\ho\DV\20260305-054940_seed0_ho_DV_bl_layered_e1500_w300_4q_4l\checkpoints\2026-03-05_05-50-04-441757_ho_DV_seed\model.pth
INFO:src.utils.logger:Model weights saved to results\ho\DV\20260305-054940_seed0_ho_DV_bl_layered_e1500_w300_4q_4l\checkpoints\2026-03-05_05-50-04-441757_ho_DV_seed\model_weights.pth
INFO:src.utils.logger:It: 1068, Loss: 2.180e-02, Loss_res: 1.816e-02,  Loss_bcs: 3.357e-04, Loss_ut_ics: 1.652e-05, Loss_norm: 1.190e-06, Loss_gauge: 0.000e+00, w_pde: 1.00e+00, L^2_error: 5.587e-02, lr: 1.000e-03, Time: 3.97e+03
INFO:src.utils.logger:Model state saved to results\ho\DV\20260305-054940_seed0_ho_DV_bl_layered_e1500_w300_4q_4l\checkpoints\2026-03-05_05-50-04-441757_ho_DV_seed\model.pth
INFO:src.utils.logger:Model weights saved to results\ho\DV\20260305-054940_seed0_ho_DV_bl_layered_e1500_w300_4q_4l\checkpoints\2026-03-05_05-50-04-441757_ho_DV_seed\model_weights.pth
INFO:src.utils.logger:It: 1069, Loss: 2.126e-02, Loss_res: 1.762e-02,  Loss_bcs: 3.345e-04, Loss_ut_ics: 1.648e-05, Loss_norm: 1.019e-06, Loss_gauge: 0.000e+00, w_pde: 1.00e+00, L^2_error: 5.586e-02, lr: 1.000e-03, Time: 3.97e+03
INFO:src.utils.logger:Model state saved to results\ho\DV\20260305-054940_seed0_ho_DV_bl_layered_e1500_w300_4q_4l\checkpoints\2026-03-05_05-50-04-441757_ho_DV_seed\model.pth
INFO:src.utils.logger:Model weights saved to results\ho\DV\20260305-054940_seed0_ho_DV_bl_layered_e1500_w300_4q_4l\checkpoints\2026-03-05_05-50-04-441757_ho_DV_seed\model_weights.pth
INFO:src.utils.logger:It: 1070, Loss: 2.140e-02, Loss_res: 1.778e-02,  Loss_bcs: 3.294e-04, Loss_ut_ics: 1.643e-05, Loss_norm: 9.663e-07, Loss_gauge: 0.000e+00, w_pde: 1.00e+00, L^2_error: 5.586e-02, lr: 1.000e-03, Time: 3.97e+03
INFO:src.utils.logger:Model state saved to results\ho\DV\20260305-054940_seed0_ho_DV_bl_layered_e1500_w300_4q_4l\checkpoints\2026-03-05_05-50-04-441757_ho_DV_seed\model.pth
INFO:src.utils.logger:Model weights saved to results\ho\DV\20260305-054940_seed0_ho_DV_bl_layered_e1500_w300_4q_4l\checkpoints\2026-03-05_05-50-04-441757_ho_DV_seed\model_weights.pth
INFO:src.utils.logger:It: 1071, Loss: 1.982e-02, Loss_res: 1.620e-02,  Loss_bcs: 3.390e-04, Loss_ut_ics: 1.639e-05, Loss_norm: 9.492e-07, Loss_gauge: 0.000e+00, w_pde: 1.00e+00, L^2_error: 5.586e-02, lr: 1.000e-03, Time: 3.98e+03
INFO:src.utils.logger:Model state saved to results\ho\DV\20260305-054940_seed0_ho_DV_bl_layered_e1500_w300_4q_4l\checkpoints\2026-03-05_05-50-04-441757_ho_DV_seed\model.pth
INFO:src.utils.logger:Model weights saved to results\ho\DV\20260305-054940_seed0_ho_DV_bl_layered_e1500_w300_4q_4l\checkpoints\2026-03-05_05-50-04-441757_ho_DV_seed\model_weights.pth
INFO:src.utils.logger:It: 1072, Loss: 2.091e-02, Loss_res: 1.730e-02,  Loss_bcs: 3.280e-04, Loss_ut_ics: 1.636e-05, Loss_norm: 9.621e-07, Loss_gauge: 0.000e+00, w_pde: 1.00e+00, L^2_error: 5.587e-02, lr: 1.000e-03, Time: 3.98e+03
INFO:src.utils.logger:Model state saved to results\ho\DV\20260305-054940_seed0_ho_DV_bl_layered_e1500_w300_4q_4l\checkpoints\2026-03-05_05-50-04-441757_ho_DV_seed\model.pth
INFO:src.utils.logger:Model weights saved to results\ho\DV\20260305-054940_seed0_ho_DV_bl_layered_e1500_w300_4q_4l\checkpoints\2026-03-05_05-50-04-441757_ho_DV_seed\model_weights.pth
INFO:src.utils.logger:It: 1073, Loss: 2.050e-02, Loss_res: 1.690e-02,  Loss_bcs: 3.339e-04, Loss_ut_ics: 1.632e-05, Loss_norm: 1.074e-06, Loss_gauge: 0.000e+00, w_pde: 1.00e+00, L^2_error: 5.587e-02, lr: 1.000e-03, Time: 3.98e+03
INFO:src.utils.logger:Model state saved to results\ho\DV\20260305-054940_seed0_ho_DV_bl_layered_e1500_w300_4q_4l\checkpoints\2026-03-05_05-50-04-441757_ho_DV_seed\model.pth
INFO:src.utils.logger:Model weights saved to results\ho\DV\20260305-054940_seed0_ho_DV_bl_layered_e1500_w300_4q_4l\checkpoints\2026-03-05_05-50-04-441757_ho_DV_seed\model_weights.pth
INFO:src.utils.logger:It: 1074, Loss: 1.939e-02, Loss_res: 1.581e-02,  Loss_bcs: 3.237e-04, Loss_ut_ics: 1.628e-05, Loss_norm: 1.186e-06, Loss_gauge: 0.000e+00, w_pde: 1.00e+00, L^2_error: 5.587e-02, lr: 1.000e-03, Time: 3.99e+03
INFO:src.utils.logger:Model state saved to results\ho\DV\20260305-054940_seed0_ho_DV_bl_layered_e1500_w300_4q_4l\checkpoints\2026-03-05_05-50-04-441757_ho_DV_seed\model.pth
INFO:src.utils.logger:Model weights saved to results\ho\DV\20260305-054940_seed0_ho_DV_bl_layered_e1500_w300_4q_4l\checkpoints\2026-03-05_05-50-04-441757_ho_DV_seed\model_weights.pth
INFO:src.utils.logger:It: 1075, Loss: 2.145e-02, Loss_res: 1.787e-02,  Loss_bcs: 3.277e-04, Loss_ut_ics: 1.623e-05, Loss_norm: 1.248e-06, Loss_gauge: 0.000e+00, w_pde: 1.00e+00, L^2_error: 5.586e-02, lr: 1.000e-03, Time: 3.99e+03
INFO:src.utils.logger:Model state saved to results\ho\DV\20260305-054940_seed0_ho_DV_bl_layered_e1500_w300_4q_4l\checkpoints\2026-03-05_05-50-04-441757_ho_DV_seed\model.pth
INFO:src.utils.logger:Model weights saved to results\ho\DV\20260305-054940_seed0_ho_DV_bl_layered_e1500_w300_4q_4l\checkpoints\2026-03-05_05-50-04-441757_ho_DV_seed\model_weights.pth
INFO:src.utils.logger:It: 1076, Loss: 1.905e-02, Loss_res: 1.548e-02,  Loss_bcs: 3.244e-04, Loss_ut_ics: 1.619e-05, Loss_norm: 1.301e-06, Loss_gauge: 0.000e+00, w_pde: 1.00e+00, L^2_error: 5.584e-02, lr: 1.000e-03, Time: 4.00e+03
INFO:src.utils.logger:Model state saved to results\ho\DV\20260305-054940_seed0_ho_DV_bl_layered_e1500_w300_4q_4l\checkpoints\2026-03-05_05-50-04-441757_ho_DV_seed\model.pth
INFO:src.utils.logger:Model weights saved to results\ho\DV\20260305-054940_seed0_ho_DV_bl_layered_e1500_w300_4q_4l\checkpoints\2026-03-05_05-50-04-441757_ho_DV_seed\model_weights.pth
INFO:src.utils.logger:It: 1077, Loss: 2.039e-02, Loss_res: 1.683e-02,  Loss_bcs: 3.246e-04, Loss_ut_ics: 1.616e-05, Loss_norm: 1.212e-06, Loss_gauge: 0.000e+00, w_pde: 1.00e+00, L^2_error: 5.581e-02, lr: 1.000e-03, Time: 4.00e+03
INFO:src.utils.logger:Model state saved to results\ho\DV\20260305-054940_seed0_ho_DV_bl_layered_e1500_w300_4q_4l\checkpoints\2026-03-05_05-50-04-441757_ho_DV_seed\model.pth
INFO:src.utils.logger:Model weights saved to results\ho\DV\20260305-054940_seed0_ho_DV_bl_layered_e1500_w300_4q_4l\checkpoints\2026-03-05_05-50-04-441757_ho_DV_seed\model_weights.pth
INFO:src.utils.logger:It: 1078, Loss: 1.972e-02, Loss_res: 1.616e-02,  Loss_bcs: 3.265e-04, Loss_ut_ics: 1.616e-05, Loss_norm: 1.089e-06, Loss_gauge: 0.000e+00, w_pde: 1.00e+00, L^2_error: 5.577e-02, lr: 1.000e-03, Time: 4.00e+03
INFO:src.utils.logger:Model state saved to results\ho\DV\20260305-054940_seed0_ho_DV_bl_layered_e1500_w300_4q_4l\checkpoints\2026-03-05_05-50-04-441757_ho_DV_seed\model.pth
INFO:src.utils.logger:Model weights saved to results\ho\DV\20260305-054940_seed0_ho_DV_bl_layered_e1500_w300_4q_4l\checkpoints\2026-03-05_05-50-04-441757_ho_DV_seed\model_weights.pth
INFO:src.utils.logger:It: 1079, Loss: 1.979e-02, Loss_res: 1.622e-02,  Loss_bcs: 3.258e-04, Loss_ut_ics: 1.619e-05, Loss_norm: 9.653e-07, Loss_gauge: 0.000e+00, w_pde: 1.00e+00, L^2_error: 5.574e-02, lr: 1.000e-03, Time: 4.01e+03
INFO:src.utils.logger:Model state saved to results\ho\DV\20260305-054940_seed0_ho_DV_bl_layered_e1500_w300_4q_4l\checkpoints\2026-03-05_05-50-04-441757_ho_DV_seed\model.pth
INFO:src.utils.logger:Model weights saved to results\ho\DV\20260305-054940_seed0_ho_DV_bl_layered_e1500_w300_4q_4l\checkpoints\2026-03-05_05-50-04-441757_ho_DV_seed\model_weights.pth
INFO:src.utils.logger:It: 1080, Loss: 1.956e-02, Loss_res: 1.598e-02,  Loss_bcs: 3.261e-04, Loss_ut_ics: 1.622e-05, Loss_norm: 9.346e-07, Loss_gauge: 0.000e+00, w_pde: 1.00e+00, L^2_error: 5.570e-02, lr: 1.000e-03, Time: 4.01e+03
INFO:src.utils.logger:Model state saved to results\ho\DV\20260305-054940_seed0_ho_DV_bl_layered_e1500_w300_4q_4l\checkpoints\2026-03-05_05-50-04-441757_ho_DV_seed\model.pth
INFO:src.utils.logger:Model weights saved to results\ho\DV\20260305-054940_seed0_ho_DV_bl_layered_e1500_w300_4q_4l\checkpoints\2026-03-05_05-50-04-441757_ho_DV_seed\model_weights.pth
INFO:src.utils.logger:It: 1081, Loss: 2.031e-02, Loss_res: 1.673e-02,  Loss_bcs: 3.338e-04, Loss_ut_ics: 1.622e-05, Loss_norm: 1.023e-06, Loss_gauge: 0.000e+00, w_pde: 1.00e+00, L^2_error: 5.567e-02, lr: 1.000e-03, Time: 4.01e+03
INFO:src.utils.logger:Model state saved to results\ho\DV\20260305-054940_seed0_ho_DV_bl_layered_e1500_w300_4q_4l\checkpoints\2026-03-05_05-50-04-441757_ho_DV_seed\model.pth
INFO:src.utils.logger:Model weights saved to results\ho\DV\20260305-054940_seed0_ho_DV_bl_layered_e1500_w300_4q_4l\checkpoints\2026-03-05_05-50-04-441757_ho_DV_seed\model_weights.pth
INFO:src.utils.logger:It: 1082, Loss: 1.997e-02, Loss_res: 1.639e-02,  Loss_bcs: 3.309e-04, Loss_ut_ics: 1.619e-05, Loss_norm: 1.300e-06, Loss_gauge: 0.000e+00, w_pde: 1.00e+00, L^2_error: 5.563e-02, lr: 1.000e-03, Time: 4.02e+03
INFO:src.utils.logger:Model state saved to results\ho\DV\20260305-054940_seed0_ho_DV_bl_layered_e1500_w300_4q_4l\checkpoints\2026-03-05_05-50-04-441757_ho_DV_seed\model.pth
INFO:src.utils.logger:Model weights saved to results\ho\DV\20260305-054940_seed0_ho_DV_bl_layered_e1500_w300_4q_4l\checkpoints\2026-03-05_05-50-04-441757_ho_DV_seed\model_weights.pth
INFO:src.utils.logger:It: 1083, Loss: 1.956e-02, Loss_res: 1.600e-02,  Loss_bcs: 3.285e-04, Loss_ut_ics: 1.613e-05, Loss_norm: 1.674e-06, Loss_gauge: 0.000e+00, w_pde: 1.00e+00, L^2_error: 5.561e-02, lr: 1.000e-03, Time: 4.02e+03
INFO:src.utils.logger:Model state saved to results\ho\DV\20260305-054940_seed0_ho_DV_bl_layered_e1500_w300_4q_4l\checkpoints\2026-03-05_05-50-04-441757_ho_DV_seed\model.pth
INFO:src.utils.logger:Model weights saved to results\ho\DV\20260305-054940_seed0_ho_DV_bl_layered_e1500_w300_4q_4l\checkpoints\2026-03-05_05-50-04-441757_ho_DV_seed\model_weights.pth
INFO:src.utils.logger:It: 1084, Loss: 1.925e-02, Loss_res: 1.571e-02,  Loss_bcs: 3.216e-04, Loss_ut_ics: 1.604e-05, Loss_norm: 2.038e-06, Loss_gauge: 0.000e+00, w_pde: 1.00e+00, L^2_error: 5.559e-02, lr: 1.000e-03, Time: 4.03e+03
INFO:src.utils.logger:Model state saved to results\ho\DV\20260305-054940_seed0_ho_DV_bl_layered_e1500_w300_4q_4l\checkpoints\2026-03-05_05-50-04-441757_ho_DV_seed\model.pth
INFO:src.utils.logger:Model weights saved to results\ho\DV\20260305-054940_seed0_ho_DV_bl_layered_e1500_w300_4q_4l\checkpoints\2026-03-05_05-50-04-441757_ho_DV_seed\model_weights.pth
INFO:src.utils.logger:It: 1085, Loss: 2.043e-02, Loss_res: 1.690e-02,  Loss_bcs: 3.258e-04, Loss_ut_ics: 1.595e-05, Loss_norm: 2.387e-06, Loss_gauge: 0.000e+00, w_pde: 1.00e+00, L^2_error: 5.557e-02, lr: 1.000e-03, Time: 4.03e+03
INFO:src.utils.logger:Model state saved to results\ho\DV\20260305-054940_seed0_ho_DV_bl_layered_e1500_w300_4q_4l\checkpoints\2026-03-05_05-50-04-441757_ho_DV_seed\model.pth
INFO:src.utils.logger:Model weights saved to results\ho\DV\20260305-054940_seed0_ho_DV_bl_layered_e1500_w300_4q_4l\checkpoints\2026-03-05_05-50-04-441757_ho_DV_seed\model_weights.pth
INFO:src.utils.logger:It: 1086, Loss: 2.026e-02, Loss_res: 1.674e-02,  Loss_bcs: 3.294e-04, Loss_ut_ics: 1.588e-05, Loss_norm: 2.545e-06, Loss_gauge: 0.000e+00, w_pde: 1.00e+00, L^2_error: 5.554e-02, lr: 1.000e-03, Time: 4.03e+03
INFO:src.utils.logger:Model state saved to results\ho\DV\20260305-054940_seed0_ho_DV_bl_layered_e1500_w300_4q_4l\checkpoints\2026-03-05_05-50-04-441757_ho_DV_seed\model.pth
INFO:src.utils.logger:Model weights saved to results\ho\DV\20260305-054940_seed0_ho_DV_bl_layered_e1500_w300_4q_4l\checkpoints\2026-03-05_05-50-04-441757_ho_DV_seed\model_weights.pth
INFO:src.utils.logger:It: 1087, Loss: 2.029e-02, Loss_res: 1.677e-02,  Loss_bcs: 3.312e-04, Loss_ut_ics: 1.587e-05, Loss_norm: 2.407e-06, Loss_gauge: 0.000e+00, w_pde: 1.00e+00, L^2_error: 5.552e-02, lr: 1.000e-03, Time: 4.04e+03
INFO:src.utils.logger:Model state saved to results\ho\DV\20260305-054940_seed0_ho_DV_bl_layered_e1500_w300_4q_4l\checkpoints\2026-03-05_05-50-04-441757_ho_DV_seed\model.pth
INFO:src.utils.logger:Model weights saved to results\ho\DV\20260305-054940_seed0_ho_DV_bl_layered_e1500_w300_4q_4l\checkpoints\2026-03-05_05-50-04-441757_ho_DV_seed\model_weights.pth
INFO:src.utils.logger:It: 1088, Loss: 1.940e-02, Loss_res: 1.590e-02,  Loss_bcs: 3.200e-04, Loss_ut_ics: 1.586e-05, Loss_norm: 2.174e-06, Loss_gauge: 0.000e+00, w_pde: 1.00e+00, L^2_error: 5.550e-02, lr: 1.000e-03, Time: 4.04e+03
INFO:src.utils.logger:Model state saved to results\ho\DV\20260305-054940_seed0_ho_DV_bl_layered_e1500_w300_4q_4l\checkpoints\2026-03-05_05-50-04-441757_ho_DV_seed\model.pth
INFO:src.utils.logger:Model weights saved to results\ho\DV\20260305-054940_seed0_ho_DV_bl_layered_e1500_w300_4q_4l\checkpoints\2026-03-05_05-50-04-441757_ho_DV_seed\model_weights.pth
INFO:src.utils.logger:It: 1089, Loss: 2.068e-02, Loss_res: 1.717e-02,  Loss_bcs: 3.272e-04, Loss_ut_ics: 1.587e-05, Loss_norm: 1.860e-06, Loss_gauge: 0.000e+00, w_pde: 1.00e+00, L^2_error: 5.547e-02, lr: 1.000e-03, Time: 4.04e+03
INFO:src.utils.logger:Model state saved to results\ho\DV\20260305-054940_seed0_ho_DV_bl_layered_e1500_w300_4q_4l\checkpoints\2026-03-05_05-50-04-441757_ho_DV_seed\model.pth
INFO:src.utils.logger:Model weights saved to results\ho\DV\20260305-054940_seed0_ho_DV_bl_layered_e1500_w300_4q_4l\checkpoints\2026-03-05_05-50-04-441757_ho_DV_seed\model_weights.pth
INFO:src.utils.logger:It: 1090, Loss: 1.993e-02, Loss_res: 1.643e-02,  Loss_bcs: 3.171e-04, Loss_ut_ics: 1.587e-05, Loss_norm: 1.675e-06, Loss_gauge: 0.000e+00, w_pde: 1.00e+00, L^2_error: 5.544e-02, lr: 1.000e-03, Time: 4.05e+03
INFO:src.utils.logger:Model state saved to results\ho\DV\20260305-054940_seed0_ho_DV_bl_layered_e1500_w300_4q_4l\checkpoints\2026-03-05_05-50-04-441757_ho_DV_seed\model.pth
INFO:src.utils.logger:Model weights saved to results\ho\DV\20260305-054940_seed0_ho_DV_bl_layered_e1500_w300_4q_4l\checkpoints\2026-03-05_05-50-04-441757_ho_DV_seed\model_weights.pth
INFO:src.utils.logger:It: 1091, Loss: 2.053e-02, Loss_res: 1.703e-02,  Loss_bcs: 3.164e-04, Loss_ut_ics: 1.588e-05, Loss_norm: 1.554e-06, Loss_gauge: 0.000e+00, w_pde: 1.00e+00, L^2_error: 5.542e-02, lr: 1.000e-03, Time: 4.05e+03
INFO:src.utils.logger:Model state saved to results\ho\DV\20260305-054940_seed0_ho_DV_bl_layered_e1500_w300_4q_4l\checkpoints\2026-03-05_05-50-04-441757_ho_DV_seed\model.pth
INFO:src.utils.logger:Model weights saved to results\ho\DV\20260305-054940_seed0_ho_DV_bl_layered_e1500_w300_4q_4l\checkpoints\2026-03-05_05-50-04-441757_ho_DV_seed\model_weights.pth
INFO:src.utils.logger:It: 1092, Loss: 2.041e-02, Loss_res: 1.690e-02,  Loss_bcs: 3.245e-04, Loss_ut_ics: 1.589e-05, Loss_norm: 1.525e-06, Loss_gauge: 0.000e+00, w_pde: 1.00e+00, L^2_error: 5.539e-02, lr: 1.000e-03, Time: 4.06e+03
INFO:src.utils.logger:Model state saved to results\ho\DV\20260305-054940_seed0_ho_DV_bl_layered_e1500_w300_4q_4l\checkpoints\2026-03-05_05-50-04-441757_ho_DV_seed\model.pth
INFO:src.utils.logger:Model weights saved to results\ho\DV\20260305-054940_seed0_ho_DV_bl_layered_e1500_w300_4q_4l\checkpoints\2026-03-05_05-50-04-441757_ho_DV_seed\model_weights.pth
INFO:src.utils.logger:It: 1093, Loss: 1.980e-02, Loss_res: 1.630e-02,  Loss_bcs: 3.181e-04, Loss_ut_ics: 1.587e-05, Loss_norm: 1.682e-06, Loss_gauge: 0.000e+00, w_pde: 1.00e+00, L^2_error: 5.537e-02, lr: 1.000e-03, Time: 4.06e+03
INFO:src.utils.logger:Model state saved to results\ho\DV\20260305-054940_seed0_ho_DV_bl_layered_e1500_w300_4q_4l\checkpoints\2026-03-05_05-50-04-441757_ho_DV_seed\model.pth
INFO:src.utils.logger:Model weights saved to results\ho\DV\20260305-054940_seed0_ho_DV_bl_layered_e1500_w300_4q_4l\checkpoints\2026-03-05_05-50-04-441757_ho_DV_seed\model_weights.pth
INFO:src.utils.logger:It: 1094, Loss: 1.890e-02, Loss_res: 1.540e-02,  Loss_bcs: 3.220e-04, Loss_ut_ics: 1.584e-05, Loss_norm: 1.890e-06, Loss_gauge: 0.000e+00, w_pde: 1.00e+00, L^2_error: 5.535e-02, lr: 1.000e-03, Time: 4.06e+03
INFO:src.utils.logger:Model state saved to results\ho\DV\20260305-054940_seed0_ho_DV_bl_layered_e1500_w300_4q_4l\checkpoints\2026-03-05_05-50-04-441757_ho_DV_seed\model.pth
INFO:src.utils.logger:Model weights saved to results\ho\DV\20260305-054940_seed0_ho_DV_bl_layered_e1500_w300_4q_4l\checkpoints\2026-03-05_05-50-04-441757_ho_DV_seed\model_weights.pth
INFO:src.utils.logger:It: 1095, Loss: 1.940e-02, Loss_res: 1.590e-02,  Loss_bcs: 3.220e-04, Loss_ut_ics: 1.584e-05, Loss_norm: 1.968e-06, Loss_gauge: 0.000e+00, w_pde: 1.00e+00, L^2_error: 5.534e-02, lr: 1.000e-03, Time: 4.07e+03
INFO:src.utils.logger:Model state saved to results\ho\DV\20260305-054940_seed0_ho_DV_bl_layered_e1500_w300_4q_4l\checkpoints\2026-03-05_05-50-04-441757_ho_DV_seed\model.pth
INFO:src.utils.logger:Model weights saved to results\ho\DV\20260305-054940_seed0_ho_DV_bl_layered_e1500_w300_4q_4l\checkpoints\2026-03-05_05-50-04-441757_ho_DV_seed\model_weights.pth
INFO:src.utils.logger:It: 1096, Loss: 2.123e-02, Loss_res: 1.773e-02,  Loss_bcs: 3.255e-04, Loss_ut_ics: 1.586e-05, Loss_norm: 1.791e-06, Loss_gauge: 0.000e+00, w_pde: 1.00e+00, L^2_error: 5.533e-02, lr: 1.000e-03, Time: 4.07e+03
INFO:src.utils.logger:Model state saved to results\ho\DV\20260305-054940_seed0_ho_DV_bl_layered_e1500_w300_4q_4l\checkpoints\2026-03-05_05-50-04-441757_ho_DV_seed\model.pth
INFO:src.utils.logger:Model weights saved to results\ho\DV\20260305-054940_seed0_ho_DV_bl_layered_e1500_w300_4q_4l\checkpoints\2026-03-05_05-50-04-441757_ho_DV_seed\model_weights.pth
INFO:src.utils.logger:It: 1097, Loss: 2.053e-02, Loss_res: 1.702e-02,  Loss_bcs: 3.309e-04, Loss_ut_ics: 1.586e-05, Loss_norm: 1.736e-06, Loss_gauge: 0.000e+00, w_pde: 1.00e+00, L^2_error: 5.532e-02, lr: 1.000e-03, Time: 4.07e+03
INFO:src.utils.logger:Model state saved to results\ho\DV\20260305-054940_seed0_ho_DV_bl_layered_e1500_w300_4q_4l\checkpoints\2026-03-05_05-50-04-441757_ho_DV_seed\model.pth
INFO:src.utils.logger:Model weights saved to results\ho\DV\20260305-054940_seed0_ho_DV_bl_layered_e1500_w300_4q_4l\checkpoints\2026-03-05_05-50-04-441757_ho_DV_seed\model_weights.pth
INFO:src.utils.logger:It: 1098, Loss: 1.965e-02, Loss_res: 1.614e-02,  Loss_bcs: 3.327e-04, Loss_ut_ics: 1.580e-05, Loss_norm: 1.880e-06, Loss_gauge: 0.000e+00, w_pde: 1.00e+00, L^2_error: 5.531e-02, lr: 1.000e-03, Time: 4.08e+03
INFO:src.utils.logger:Model state saved to results\ho\DV\20260305-054940_seed0_ho_DV_bl_layered_e1500_w300_4q_4l\checkpoints\2026-03-05_05-50-04-441757_ho_DV_seed\model.pth
INFO:src.utils.logger:Model weights saved to results\ho\DV\20260305-054940_seed0_ho_DV_bl_layered_e1500_w300_4q_4l\checkpoints\2026-03-05_05-50-04-441757_ho_DV_seed\model_weights.pth
INFO:src.utils.logger:It: 1099, Loss: 1.919e-02, Loss_res: 1.571e-02,  Loss_bcs: 3.212e-04, Loss_ut_ics: 1.573e-05, Loss_norm: 2.047e-06, Loss_gauge: 0.000e+00, w_pde: 1.00e+00, L^2_error: 5.531e-02, lr: 1.000e-03, Time: 4.08e+03
INFO:src.utils.logger:Model state saved to results\ho\DV\20260305-054940_seed0_ho_DV_bl_layered_e1500_w300_4q_4l\checkpoints\2026-03-05_05-50-04-441757_ho_DV_seed\model.pth
INFO:src.utils.logger:Model weights saved to results\ho\DV\20260305-054940_seed0_ho_DV_bl_layered_e1500_w300_4q_4l\checkpoints\2026-03-05_05-50-04-441757_ho_DV_seed\model_weights.pth
INFO:src.utils.logger:It: 1100, Loss: 1.940e-02, Loss_res: 1.592e-02,  Loss_bcs: 3.285e-04, Loss_ut_ics: 1.570e-05, Loss_norm: 1.911e-06, Loss_gauge: 0.000e+00, w_pde: 1.00e+00, L^2_error: 5.530e-02, lr: 1.000e-03, Time: 4.09e+03
INFO:src.utils.logger:Model state saved to results\ho\DV\20260305-054940_seed0_ho_DV_bl_layered_e1500_w300_4q_4l\checkpoints\2026-03-05_05-50-04-441757_ho_DV_seed\model.pth
INFO:src.utils.logger:Model weights saved to results\ho\DV\20260305-054940_seed0_ho_DV_bl_layered_e1500_w300_4q_4l\checkpoints\2026-03-05_05-50-04-441757_ho_DV_seed\model_weights.pth
INFO:src.utils.logger:It: 1101, Loss: 1.955e-02, Loss_res: 1.608e-02,  Loss_bcs: 3.243e-04, Loss_ut_ics: 1.567e-05, Loss_norm: 1.609e-06, Loss_gauge: 0.000e+00, w_pde: 1.00e+00, L^2_error: 5.528e-02, lr: 1.000e-03, Time: 4.09e+03
INFO:src.utils.logger:Model state saved to results\ho\DV\20260305-054940_seed0_ho_DV_bl_layered_e1500_w300_4q_4l\checkpoints\2026-03-05_05-50-04-441757_ho_DV_seed\model.pth
INFO:src.utils.logger:Model weights saved to results\ho\DV\20260305-054940_seed0_ho_DV_bl_layered_e1500_w300_4q_4l\checkpoints\2026-03-05_05-50-04-441757_ho_DV_seed\model_weights.pth
INFO:src.utils.logger:It: 1102, Loss: 1.985e-02, Loss_res: 1.638e-02,  Loss_bcs: 3.248e-04, Loss_ut_ics: 1.567e-05, Loss_norm: 1.255e-06, Loss_gauge: 0.000e+00, w_pde: 1.00e+00, L^2_error: 5.526e-02, lr: 1.000e-03, Time: 4.09e+03
INFO:src.utils.logger:Model state saved to results\ho\DV\20260305-054940_seed0_ho_DV_bl_layered_e1500_w300_4q_4l\checkpoints\2026-03-05_05-50-04-441757_ho_DV_seed\model.pth
INFO:src.utils.logger:Model weights saved to results\ho\DV\20260305-054940_seed0_ho_DV_bl_layered_e1500_w300_4q_4l\checkpoints\2026-03-05_05-50-04-441757_ho_DV_seed\model_weights.pth
INFO:src.utils.logger:It: 1103, Loss: 2.025e-02, Loss_res: 1.681e-02,  Loss_bcs: 3.123e-04, Loss_ut_ics: 1.563e-05, Loss_norm: 1.125e-06, Loss_gauge: 0.000e+00, w_pde: 1.00e+00, L^2_error: 5.523e-02, lr: 1.000e-03, Time: 4.10e+03
INFO:src.utils.logger:Model state saved to results\ho\DV\20260305-054940_seed0_ho_DV_bl_layered_e1500_w300_4q_4l\checkpoints\2026-03-05_05-50-04-441757_ho_DV_seed\model.pth
INFO:src.utils.logger:Model weights saved to results\ho\DV\20260305-054940_seed0_ho_DV_bl_layered_e1500_w300_4q_4l\checkpoints\2026-03-05_05-50-04-441757_ho_DV_seed\model_weights.pth
INFO:src.utils.logger:It: 1104, Loss: 1.982e-02, Loss_res: 1.639e-02,  Loss_bcs: 3.167e-04, Loss_ut_ics: 1.555e-05, Loss_norm: 1.178e-06, Loss_gauge: 0.000e+00, w_pde: 1.00e+00, L^2_error: 5.519e-02, lr: 1.000e-03, Time: 4.10e+03
INFO:src.utils.logger:Model state saved to results\ho\DV\20260305-054940_seed0_ho_DV_bl_layered_e1500_w300_4q_4l\checkpoints\2026-03-05_05-50-04-441757_ho_DV_seed\model.pth
INFO:src.utils.logger:Model weights saved to results\ho\DV\20260305-054940_seed0_ho_DV_bl_layered_e1500_w300_4q_4l\checkpoints\2026-03-05_05-50-04-441757_ho_DV_seed\model_weights.pth
INFO:src.utils.logger:It: 1105, Loss: 1.926e-02, Loss_res: 1.583e-02,  Loss_bcs: 3.266e-04, Loss_ut_ics: 1.549e-05, Loss_norm: 1.243e-06, Loss_gauge: 0.000e+00, w_pde: 1.00e+00, L^2_error: 5.515e-02, lr: 1.000e-03, Time: 4.11e+03
INFO:src.utils.logger:Model state saved to results\ho\DV\20260305-054940_seed0_ho_DV_bl_layered_e1500_w300_4q_4l\checkpoints\2026-03-05_05-50-04-441757_ho_DV_seed\model.pth
INFO:src.utils.logger:Model weights saved to results\ho\DV\20260305-054940_seed0_ho_DV_bl_layered_e1500_w300_4q_4l\checkpoints\2026-03-05_05-50-04-441757_ho_DV_seed\model_weights.pth
INFO:src.utils.logger:It: 1106, Loss: 1.912e-02, Loss_res: 1.570e-02,  Loss_bcs: 3.239e-04, Loss_ut_ics: 1.545e-05, Loss_norm: 1.352e-06, Loss_gauge: 0.000e+00, w_pde: 1.00e+00, L^2_error: 5.511e-02, lr: 1.000e-03, Time: 4.11e+03
INFO:src.utils.logger:Model state saved to results\ho\DV\20260305-054940_seed0_ho_DV_bl_layered_e1500_w300_4q_4l\checkpoints\2026-03-05_05-50-04-441757_ho_DV_seed\model.pth
INFO:src.utils.logger:Model weights saved to results\ho\DV\20260305-054940_seed0_ho_DV_bl_layered_e1500_w300_4q_4l\checkpoints\2026-03-05_05-50-04-441757_ho_DV_seed\model_weights.pth
INFO:src.utils.logger:It: 1107, Loss: 1.964e-02, Loss_res: 1.624e-02,  Loss_bcs: 3.056e-04, Loss_ut_ics: 1.545e-05, Loss_norm: 1.396e-06, Loss_gauge: 0.000e+00, w_pde: 1.00e+00, L^2_error: 5.507e-02, lr: 1.000e-03, Time: 4.11e+03
INFO:src.utils.logger:Model state saved to results\ho\DV\20260305-054940_seed0_ho_DV_bl_layered_e1500_w300_4q_4l\checkpoints\2026-03-05_05-50-04-441757_ho_DV_seed\model.pth
INFO:src.utils.logger:Model weights saved to results\ho\DV\20260305-054940_seed0_ho_DV_bl_layered_e1500_w300_4q_4l\checkpoints\2026-03-05_05-50-04-441757_ho_DV_seed\model_weights.pth
INFO:src.utils.logger:It: 1108, Loss: 1.879e-02, Loss_res: 1.536e-02,  Loss_bcs: 3.230e-04, Loss_ut_ics: 1.548e-05, Loss_norm: 1.404e-06, Loss_gauge: 0.000e+00, w_pde: 1.00e+00, L^2_error: 5.504e-02, lr: 1.000e-03, Time: 4.12e+03
INFO:src.utils.logger:Model state saved to results\ho\DV\20260305-054940_seed0_ho_DV_bl_layered_e1500_w300_4q_4l\checkpoints\2026-03-05_05-50-04-441757_ho_DV_seed\model.pth
INFO:src.utils.logger:Model weights saved to results\ho\DV\20260305-054940_seed0_ho_DV_bl_layered_e1500_w300_4q_4l\checkpoints\2026-03-05_05-50-04-441757_ho_DV_seed\model_weights.pth
INFO:src.utils.logger:It: 1109, Loss: 1.956e-02, Loss_res: 1.614e-02,  Loss_bcs: 3.160e-04, Loss_ut_ics: 1.548e-05, Loss_norm: 1.471e-06, Loss_gauge: 0.000e+00, w_pde: 1.00e+00, L^2_error: 5.502e-02, lr: 1.000e-03, Time: 4.12e+03
INFO:src.utils.logger:Model state saved to results\ho\DV\20260305-054940_seed0_ho_DV_bl_layered_e1500_w300_4q_4l\checkpoints\2026-03-05_05-50-04-441757_ho_DV_seed\model.pth
INFO:src.utils.logger:Model weights saved to results\ho\DV\20260305-054940_seed0_ho_DV_bl_layered_e1500_w300_4q_4l\checkpoints\2026-03-05_05-50-04-441757_ho_DV_seed\model_weights.pth
INFO:src.utils.logger:It: 1110, Loss: 2.079e-02, Loss_res: 1.735e-02,  Loss_bcs: 3.267e-04, Loss_ut_ics: 1.550e-05, Loss_norm: 1.501e-06, Loss_gauge: 0.000e+00, w_pde: 1.00e+00, L^2_error: 5.499e-02, lr: 1.000e-03, Time: 4.12e+03
INFO:src.utils.logger:Model state saved to results\ho\DV\20260305-054940_seed0_ho_DV_bl_layered_e1500_w300_4q_4l\checkpoints\2026-03-05_05-50-04-441757_ho_DV_seed\model.pth
INFO:src.utils.logger:Model weights saved to results\ho\DV\20260305-054940_seed0_ho_DV_bl_layered_e1500_w300_4q_4l\checkpoints\2026-03-05_05-50-04-441757_ho_DV_seed\model_weights.pth
INFO:src.utils.logger:It: 1111, Loss: 1.988e-02, Loss_res: 1.645e-02,  Loss_bcs: 3.184e-04, Loss_ut_ics: 1.551e-05, Loss_norm: 1.585e-06, Loss_gauge: 0.000e+00, w_pde: 1.00e+00, L^2_error: 5.496e-02, lr: 1.000e-03, Time: 4.13e+03
INFO:src.utils.logger:Model state saved to results\ho\DV\20260305-054940_seed0_ho_DV_bl_layered_e1500_w300_4q_4l\checkpoints\2026-03-05_05-50-04-441757_ho_DV_seed\model.pth
INFO:src.utils.logger:Model weights saved to results\ho\DV\20260305-054940_seed0_ho_DV_bl_layered_e1500_w300_4q_4l\checkpoints\2026-03-05_05-50-04-441757_ho_DV_seed\model_weights.pth
INFO:src.utils.logger:It: 1112, Loss: 1.932e-02, Loss_res: 1.588e-02,  Loss_bcs: 3.199e-04, Loss_ut_ics: 1.554e-05, Loss_norm: 1.630e-06, Loss_gauge: 0.000e+00, w_pde: 1.00e+00, L^2_error: 5.494e-02, lr: 1.000e-03, Time: 4.13e+03
INFO:src.utils.logger:Model state saved to results\ho\DV\20260305-054940_seed0_ho_DV_bl_layered_e1500_w300_4q_4l\checkpoints\2026-03-05_05-50-04-441757_ho_DV_seed\model.pth
INFO:src.utils.logger:Model weights saved to results\ho\DV\20260305-054940_seed0_ho_DV_bl_layered_e1500_w300_4q_4l\checkpoints\2026-03-05_05-50-04-441757_ho_DV_seed\model_weights.pth
INFO:src.utils.logger:It: 1113, Loss: 1.918e-02, Loss_res: 1.575e-02,  Loss_bcs: 3.182e-04, Loss_ut_ics: 1.554e-05, Loss_norm: 1.707e-06, Loss_gauge: 0.000e+00, w_pde: 1.00e+00, L^2_error: 5.493e-02, lr: 1.000e-03, Time: 4.14e+03
INFO:src.utils.logger:Model state saved to results\ho\DV\20260305-054940_seed0_ho_DV_bl_layered_e1500_w300_4q_4l\checkpoints\2026-03-05_05-50-04-441757_ho_DV_seed\model.pth
INFO:src.utils.logger:Model weights saved to results\ho\DV\20260305-054940_seed0_ho_DV_bl_layered_e1500_w300_4q_4l\checkpoints\2026-03-05_05-50-04-441757_ho_DV_seed\model_weights.pth
INFO:src.utils.logger:It: 1114, Loss: 2.009e-02, Loss_res: 1.666e-02,  Loss_bcs: 3.247e-04, Loss_ut_ics: 1.549e-05, Loss_norm: 1.799e-06, Loss_gauge: 0.000e+00, w_pde: 1.00e+00, L^2_error: 5.492e-02, lr: 1.000e-03, Time: 4.14e+03
INFO:src.utils.logger:Model state saved to results\ho\DV\20260305-054940_seed0_ho_DV_bl_layered_e1500_w300_4q_4l\checkpoints\2026-03-05_05-50-04-441757_ho_DV_seed\model.pth
INFO:src.utils.logger:Model weights saved to results\ho\DV\20260305-054940_seed0_ho_DV_bl_layered_e1500_w300_4q_4l\checkpoints\2026-03-05_05-50-04-441757_ho_DV_seed\model_weights.pth
INFO:src.utils.logger:It: 1115, Loss: 2.024e-02, Loss_res: 1.682e-02,  Loss_bcs: 3.144e-04, Loss_ut_ics: 1.545e-05, Loss_norm: 1.894e-06, Loss_gauge: 0.000e+00, w_pde: 1.00e+00, L^2_error: 5.491e-02, lr: 1.000e-03, Time: 4.14e+03
INFO:src.utils.logger:Model state saved to results\ho\DV\20260305-054940_seed0_ho_DV_bl_layered_e1500_w300_4q_4l\checkpoints\2026-03-05_05-50-04-441757_ho_DV_seed\model.pth
INFO:src.utils.logger:Model weights saved to results\ho\DV\20260305-054940_seed0_ho_DV_bl_layered_e1500_w300_4q_4l\checkpoints\2026-03-05_05-50-04-441757_ho_DV_seed\model_weights.pth
INFO:src.utils.logger:It: 1116, Loss: 1.829e-02, Loss_res: 1.488e-02,  Loss_bcs: 3.205e-04, Loss_ut_ics: 1.542e-05, Loss_norm: 1.836e-06, Loss_gauge: 0.000e+00, w_pde: 1.00e+00, L^2_error: 5.490e-02, lr: 1.000e-03, Time: 4.15e+03
INFO:src.utils.logger:Model state saved to results\ho\DV\20260305-054940_seed0_ho_DV_bl_layered_e1500_w300_4q_4l\checkpoints\2026-03-05_05-50-04-441757_ho_DV_seed\model.pth
INFO:src.utils.logger:Model weights saved to results\ho\DV\20260305-054940_seed0_ho_DV_bl_layered_e1500_w300_4q_4l\checkpoints\2026-03-05_05-50-04-441757_ho_DV_seed\model_weights.pth
INFO:src.utils.logger:It: 1117, Loss: 1.946e-02, Loss_res: 1.604e-02,  Loss_bcs: 3.211e-04, Loss_ut_ics: 1.542e-05, Loss_norm: 1.508e-06, Loss_gauge: 0.000e+00, w_pde: 1.00e+00, L^2_error: 5.490e-02, lr: 1.000e-03, Time: 4.15e+03
INFO:src.utils.logger:Model state saved to results\ho\DV\20260305-054940_seed0_ho_DV_bl_layered_e1500_w300_4q_4l\checkpoints\2026-03-05_05-50-04-441757_ho_DV_seed\model.pth
INFO:src.utils.logger:Model weights saved to results\ho\DV\20260305-054940_seed0_ho_DV_bl_layered_e1500_w300_4q_4l\checkpoints\2026-03-05_05-50-04-441757_ho_DV_seed\model_weights.pth
INFO:src.utils.logger:It: 1118, Loss: 1.993e-02, Loss_res: 1.653e-02,  Loss_bcs: 3.198e-04, Loss_ut_ics: 1.540e-05, Loss_norm: 1.345e-06, Loss_gauge: 0.000e+00, w_pde: 1.00e+00, L^2_error: 5.489e-02, lr: 1.000e-03, Time: 4.15e+03
INFO:src.utils.logger:Model state saved to results\ho\DV\20260305-054940_seed0_ho_DV_bl_layered_e1500_w300_4q_4l\checkpoints\2026-03-05_05-50-04-441757_ho_DV_seed\model.pth
INFO:src.utils.logger:Model weights saved to results\ho\DV\20260305-054940_seed0_ho_DV_bl_layered_e1500_w300_4q_4l\checkpoints\2026-03-05_05-50-04-441757_ho_DV_seed\model_weights.pth
INFO:src.utils.logger:It: 1119, Loss: 1.886e-02, Loss_res: 1.547e-02,  Loss_bcs: 3.124e-04, Loss_ut_ics: 1.536e-05, Loss_norm: 1.335e-06, Loss_gauge: 0.000e+00, w_pde: 1.00e+00, L^2_error: 5.487e-02, lr: 1.000e-03, Time: 4.16e+03
INFO:src.utils.logger:Model state saved to results\ho\DV\20260305-054940_seed0_ho_DV_bl_layered_e1500_w300_4q_4l\checkpoints\2026-03-05_05-50-04-441757_ho_DV_seed\model.pth
INFO:src.utils.logger:Model weights saved to results\ho\DV\20260305-054940_seed0_ho_DV_bl_layered_e1500_w300_4q_4l\checkpoints\2026-03-05_05-50-04-441757_ho_DV_seed\model_weights.pth
INFO:src.utils.logger:It: 1120, Loss: 1.977e-02, Loss_res: 1.638e-02,  Loss_bcs: 3.182e-04, Loss_ut_ics: 1.534e-05, Loss_norm: 1.244e-06, Loss_gauge: 0.000e+00, w_pde: 1.00e+00, L^2_error: 5.487e-02, lr: 1.000e-03, Time: 4.16e+03
INFO:src.utils.logger:Model state saved to results\ho\DV\20260305-054940_seed0_ho_DV_bl_layered_e1500_w300_4q_4l\checkpoints\2026-03-05_05-50-04-441757_ho_DV_seed\model.pth
INFO:src.utils.logger:Model weights saved to results\ho\DV\20260305-054940_seed0_ho_DV_bl_layered_e1500_w300_4q_4l\checkpoints\2026-03-05_05-50-04-441757_ho_DV_seed\model_weights.pth
INFO:src.utils.logger:It: 1121, Loss: 2.069e-02, Loss_res: 1.731e-02,  Loss_bcs: 3.134e-04, Loss_ut_ics: 1.530e-05, Loss_norm: 1.224e-06, Loss_gauge: 0.000e+00, w_pde: 1.00e+00, L^2_error: 5.485e-02, lr: 1.000e-03, Time: 4.17e+03
INFO:src.utils.logger:Model state saved to results\ho\DV\20260305-054940_seed0_ho_DV_bl_layered_e1500_w300_4q_4l\checkpoints\2026-03-05_05-50-04-441757_ho_DV_seed\model.pth
INFO:src.utils.logger:Model weights saved to results\ho\DV\20260305-054940_seed0_ho_DV_bl_layered_e1500_w300_4q_4l\checkpoints\2026-03-05_05-50-04-441757_ho_DV_seed\model_weights.pth
INFO:src.utils.logger:It: 1122, Loss: 1.945e-02, Loss_res: 1.608e-02,  Loss_bcs: 3.146e-04, Loss_ut_ics: 1.525e-05, Loss_norm: 1.254e-06, Loss_gauge: 0.000e+00, w_pde: 1.00e+00, L^2_error: 5.483e-02, lr: 1.000e-03, Time: 4.17e+03
INFO:src.utils.logger:Model state saved to results\ho\DV\20260305-054940_seed0_ho_DV_bl_layered_e1500_w300_4q_4l\checkpoints\2026-03-05_05-50-04-441757_ho_DV_seed\model.pth
INFO:src.utils.logger:Model weights saved to results\ho\DV\20260305-054940_seed0_ho_DV_bl_layered_e1500_w300_4q_4l\checkpoints\2026-03-05_05-50-04-441757_ho_DV_seed\model_weights.pth
INFO:src.utils.logger:It: 1123, Loss: 1.927e-02, Loss_res: 1.591e-02,  Loss_bcs: 3.176e-04, Loss_ut_ics: 1.520e-05, Loss_norm: 1.297e-06, Loss_gauge: 0.000e+00, w_pde: 1.00e+00, L^2_error: 5.481e-02, lr: 1.000e-03, Time: 4.17e+03
INFO:src.utils.logger:Model state saved to results\ho\DV\20260305-054940_seed0_ho_DV_bl_layered_e1500_w300_4q_4l\checkpoints\2026-03-05_05-50-04-441757_ho_DV_seed\model.pth
INFO:src.utils.logger:Model weights saved to results\ho\DV\20260305-054940_seed0_ho_DV_bl_layered_e1500_w300_4q_4l\checkpoints\2026-03-05_05-50-04-441757_ho_DV_seed\model_weights.pth
INFO:src.utils.logger:It: 1124, Loss: 2.005e-02, Loss_res: 1.670e-02,  Loss_bcs: 3.198e-04, Loss_ut_ics: 1.514e-05, Loss_norm: 1.367e-06, Loss_gauge: 0.000e+00, w_pde: 1.00e+00, L^2_error: 5.479e-02, lr: 1.000e-03, Time: 4.18e+03
INFO:src.utils.logger:Model state saved to results\ho\DV\20260305-054940_seed0_ho_DV_bl_layered_e1500_w300_4q_4l\checkpoints\2026-03-05_05-50-04-441757_ho_DV_seed\model.pth
INFO:src.utils.logger:Model weights saved to results\ho\DV\20260305-054940_seed0_ho_DV_bl_layered_e1500_w300_4q_4l\checkpoints\2026-03-05_05-50-04-441757_ho_DV_seed\model_weights.pth
INFO:src.utils.logger:It: 1125, Loss: 1.944e-02, Loss_res: 1.611e-02,  Loss_bcs: 3.081e-04, Loss_ut_ics: 1.509e-05, Loss_norm: 1.359e-06, Loss_gauge: 0.000e+00, w_pde: 1.00e+00, L^2_error: 5.477e-02, lr: 1.000e-03, Time: 4.18e+03
INFO:src.utils.logger:Model state saved to results\ho\DV\20260305-054940_seed0_ho_DV_bl_layered_e1500_w300_4q_4l\checkpoints\2026-03-05_05-50-04-441757_ho_DV_seed\model.pth
INFO:src.utils.logger:Model weights saved to results\ho\DV\20260305-054940_seed0_ho_DV_bl_layered_e1500_w300_4q_4l\checkpoints\2026-03-05_05-50-04-441757_ho_DV_seed\model_weights.pth
INFO:src.utils.logger:It: 1126, Loss: 1.942e-02, Loss_res: 1.609e-02,  Loss_bcs: 3.105e-04, Loss_ut_ics: 1.503e-05, Loss_norm: 1.303e-06, Loss_gauge: 0.000e+00, w_pde: 1.00e+00, L^2_error: 5.475e-02, lr: 1.000e-03, Time: 4.18e+03
INFO:src.utils.logger:Model state saved to results\ho\DV\20260305-054940_seed0_ho_DV_bl_layered_e1500_w300_4q_4l\checkpoints\2026-03-05_05-50-04-441757_ho_DV_seed\model.pth
INFO:src.utils.logger:Model weights saved to results\ho\DV\20260305-054940_seed0_ho_DV_bl_layered_e1500_w300_4q_4l\checkpoints\2026-03-05_05-50-04-441757_ho_DV_seed\model_weights.pth
INFO:src.utils.logger:It: 1127, Loss: 1.937e-02, Loss_res: 1.606e-02,  Loss_bcs: 3.073e-04, Loss_ut_ics: 1.501e-05, Loss_norm: 1.133e-06, Loss_gauge: 0.000e+00, w_pde: 1.00e+00, L^2_error: 5.473e-02, lr: 1.000e-03, Time: 4.19e+03
INFO:src.utils.logger:Model state saved to results\ho\DV\20260305-054940_seed0_ho_DV_bl_layered_e1500_w300_4q_4l\checkpoints\2026-03-05_05-50-04-441757_ho_DV_seed\model.pth
INFO:src.utils.logger:Model weights saved to results\ho\DV\20260305-054940_seed0_ho_DV_bl_layered_e1500_w300_4q_4l\checkpoints\2026-03-05_05-50-04-441757_ho_DV_seed\model_weights.pth
INFO:src.utils.logger:It: 1128, Loss: 1.978e-02, Loss_res: 1.647e-02,  Loss_bcs: 3.079e-04, Loss_ut_ics: 1.503e-05, Loss_norm: 9.054e-07, Loss_gauge: 0.000e+00, w_pde: 1.00e+00, L^2_error: 5.470e-02, lr: 1.000e-03, Time: 4.19e+03
INFO:src.utils.logger:Model state saved to results\ho\DV\20260305-054940_seed0_ho_DV_bl_layered_e1500_w300_4q_4l\checkpoints\2026-03-05_05-50-04-441757_ho_DV_seed\model.pth
INFO:src.utils.logger:Model weights saved to results\ho\DV\20260305-054940_seed0_ho_DV_bl_layered_e1500_w300_4q_4l\checkpoints\2026-03-05_05-50-04-441757_ho_DV_seed\model_weights.pth
INFO:src.utils.logger:It: 1129, Loss: 2.084e-02, Loss_res: 1.751e-02,  Loss_bcs: 3.116e-04, Loss_ut_ics: 1.508e-05, Loss_norm: 7.913e-07, Loss_gauge: 0.000e+00, w_pde: 1.00e+00, L^2_error: 5.467e-02, lr: 1.000e-03, Time: 4.20e+03
INFO:src.utils.logger:Model state saved to results\ho\DV\20260305-054940_seed0_ho_DV_bl_layered_e1500_w300_4q_4l\checkpoints\2026-03-05_05-50-04-441757_ho_DV_seed\model.pth
INFO:src.utils.logger:Model weights saved to results\ho\DV\20260305-054940_seed0_ho_DV_bl_layered_e1500_w300_4q_4l\checkpoints\2026-03-05_05-50-04-441757_ho_DV_seed\model_weights.pth
INFO:src.utils.logger:It: 1130, Loss: 1.973e-02, Loss_res: 1.640e-02,  Loss_bcs: 3.148e-04, Loss_ut_ics: 1.507e-05, Loss_norm: 8.709e-07, Loss_gauge: 0.000e+00, w_pde: 1.00e+00, L^2_error: 5.464e-02, lr: 1.000e-03, Time: 4.20e+03
INFO:src.utils.logger:Model state saved to results\ho\DV\20260305-054940_seed0_ho_DV_bl_layered_e1500_w300_4q_4l\checkpoints\2026-03-05_05-50-04-441757_ho_DV_seed\model.pth
INFO:src.utils.logger:Model weights saved to results\ho\DV\20260305-054940_seed0_ho_DV_bl_layered_e1500_w300_4q_4l\checkpoints\2026-03-05_05-50-04-441757_ho_DV_seed\model_weights.pth
INFO:src.utils.logger:It: 1131, Loss: 1.925e-02, Loss_res: 1.593e-02,  Loss_bcs: 3.026e-04, Loss_ut_ics: 1.506e-05, Loss_norm: 1.031e-06, Loss_gauge: 0.000e+00, w_pde: 1.00e+00, L^2_error: 5.461e-02, lr: 1.000e-03, Time: 4.20e+03
INFO:src.utils.logger:Model state saved to results\ho\DV\20260305-054940_seed0_ho_DV_bl_layered_e1500_w300_4q_4l\checkpoints\2026-03-05_05-50-04-441757_ho_DV_seed\model.pth
INFO:src.utils.logger:Model weights saved to results\ho\DV\20260305-054940_seed0_ho_DV_bl_layered_e1500_w300_4q_4l\checkpoints\2026-03-05_05-50-04-441757_ho_DV_seed\model_weights.pth
INFO:src.utils.logger:It: 1132, Loss: 2.006e-02, Loss_res: 1.674e-02,  Loss_bcs: 3.131e-04, Loss_ut_ics: 1.505e-05, Loss_norm: 1.217e-06, Loss_gauge: 0.000e+00, w_pde: 1.00e+00, L^2_error: 5.458e-02, lr: 1.000e-03, Time: 4.21e+03
INFO:src.utils.logger:Model state saved to results\ho\DV\20260305-054940_seed0_ho_DV_bl_layered_e1500_w300_4q_4l\checkpoints\2026-03-05_05-50-04-441757_ho_DV_seed\model.pth
INFO:src.utils.logger:Model weights saved to results\ho\DV\20260305-054940_seed0_ho_DV_bl_layered_e1500_w300_4q_4l\checkpoints\2026-03-05_05-50-04-441757_ho_DV_seed\model_weights.pth
INFO:src.utils.logger:It: 1133, Loss: 1.987e-02, Loss_res: 1.654e-02,  Loss_bcs: 3.090e-04, Loss_ut_ics: 1.506e-05, Loss_norm: 1.384e-06, Loss_gauge: 0.000e+00, w_pde: 1.00e+00, L^2_error: 5.454e-02, lr: 1.000e-03, Time: 4.21e+03
INFO:src.utils.logger:Model state saved to results\ho\DV\20260305-054940_seed0_ho_DV_bl_layered_e1500_w300_4q_4l\checkpoints\2026-03-05_05-50-04-441757_ho_DV_seed\model.pth
INFO:src.utils.logger:Model weights saved to results\ho\DV\20260305-054940_seed0_ho_DV_bl_layered_e1500_w300_4q_4l\checkpoints\2026-03-05_05-50-04-441757_ho_DV_seed\model_weights.pth
INFO:src.utils.logger:It: 1134, Loss: 1.983e-02, Loss_res: 1.650e-02,  Loss_bcs: 3.061e-04, Loss_ut_ics: 1.507e-05, Loss_norm: 1.495e-06, Loss_gauge: 0.000e+00, w_pde: 1.00e+00, L^2_error: 5.451e-02, lr: 1.000e-03, Time: 4.21e+03
INFO:src.utils.logger:Model state saved to results\ho\DV\20260305-054940_seed0_ho_DV_bl_layered_e1500_w300_4q_4l\checkpoints\2026-03-05_05-50-04-441757_ho_DV_seed\model.pth
INFO:src.utils.logger:Model weights saved to results\ho\DV\20260305-054940_seed0_ho_DV_bl_layered_e1500_w300_4q_4l\checkpoints\2026-03-05_05-50-04-441757_ho_DV_seed\model_weights.pth
INFO:src.utils.logger:It: 1135, Loss: 1.844e-02, Loss_res: 1.512e-02,  Loss_bcs: 3.079e-04, Loss_ut_ics: 1.506e-05, Loss_norm: 1.580e-06, Loss_gauge: 0.000e+00, w_pde: 1.00e+00, L^2_error: 5.448e-02, lr: 1.000e-03, Time: 4.22e+03
INFO:src.utils.logger:Model state saved to results\ho\DV\20260305-054940_seed0_ho_DV_bl_layered_e1500_w300_4q_4l\checkpoints\2026-03-05_05-50-04-441757_ho_DV_seed\model.pth
INFO:src.utils.logger:Model weights saved to results\ho\DV\20260305-054940_seed0_ho_DV_bl_layered_e1500_w300_4q_4l\checkpoints\2026-03-05_05-50-04-441757_ho_DV_seed\model_weights.pth
INFO:src.utils.logger:It: 1136, Loss: 2.036e-02, Loss_res: 1.704e-02,  Loss_bcs: 3.064e-04, Loss_ut_ics: 1.503e-05, Loss_norm: 1.545e-06, Loss_gauge: 0.000e+00, w_pde: 1.00e+00, L^2_error: 5.445e-02, lr: 1.000e-03, Time: 4.22e+03
INFO:src.utils.logger:Model state saved to results\ho\DV\20260305-054940_seed0_ho_DV_bl_layered_e1500_w300_4q_4l\checkpoints\2026-03-05_05-50-04-441757_ho_DV_seed\model.pth
INFO:src.utils.logger:Model weights saved to results\ho\DV\20260305-054940_seed0_ho_DV_bl_layered_e1500_w300_4q_4l\checkpoints\2026-03-05_05-50-04-441757_ho_DV_seed\model_weights.pth
INFO:src.utils.logger:It: 1137, Loss: 1.970e-02, Loss_res: 1.639e-02,  Loss_bcs: 3.045e-04, Loss_ut_ics: 1.500e-05, Loss_norm: 1.457e-06, Loss_gauge: 0.000e+00, w_pde: 1.00e+00, L^2_error: 5.441e-02, lr: 1.000e-03, Time: 4.23e+03
INFO:src.utils.logger:Model state saved to results\ho\DV\20260305-054940_seed0_ho_DV_bl_layered_e1500_w300_4q_4l\checkpoints\2026-03-05_05-50-04-441757_ho_DV_seed\model.pth
INFO:src.utils.logger:Model weights saved to results\ho\DV\20260305-054940_seed0_ho_DV_bl_layered_e1500_w300_4q_4l\checkpoints\2026-03-05_05-50-04-441757_ho_DV_seed\model_weights.pth
INFO:src.utils.logger:It: 1138, Loss: 1.855e-02, Loss_res: 1.524e-02,  Loss_bcs: 3.096e-04, Loss_ut_ics: 1.499e-05, Loss_norm: 1.242e-06, Loss_gauge: 0.000e+00, w_pde: 1.00e+00, L^2_error: 5.438e-02, lr: 1.000e-03, Time: 4.23e+03
INFO:src.utils.logger:Model state saved to results\ho\DV\20260305-054940_seed0_ho_DV_bl_layered_e1500_w300_4q_4l\checkpoints\2026-03-05_05-50-04-441757_ho_DV_seed\model.pth
INFO:src.utils.logger:Model weights saved to results\ho\DV\20260305-054940_seed0_ho_DV_bl_layered_e1500_w300_4q_4l\checkpoints\2026-03-05_05-50-04-441757_ho_DV_seed\model_weights.pth
INFO:src.utils.logger:It: 1139, Loss: 1.926e-02, Loss_res: 1.596e-02,  Loss_bcs: 2.991e-04, Loss_ut_ics: 1.496e-05, Loss_norm: 1.093e-06, Loss_gauge: 0.000e+00, w_pde: 1.00e+00, L^2_error: 5.436e-02, lr: 1.000e-03, Time: 4.23e+03
INFO:src.utils.logger:Model state saved to results\ho\DV\20260305-054940_seed0_ho_DV_bl_layered_e1500_w300_4q_4l\checkpoints\2026-03-05_05-50-04-441757_ho_DV_seed\model.pth
INFO:src.utils.logger:Model weights saved to results\ho\DV\20260305-054940_seed0_ho_DV_bl_layered_e1500_w300_4q_4l\checkpoints\2026-03-05_05-50-04-441757_ho_DV_seed\model_weights.pth
INFO:src.utils.logger:It: 1140, Loss: 1.921e-02, Loss_res: 1.592e-02,  Loss_bcs: 2.968e-04, Loss_ut_ics: 1.490e-05, Loss_norm: 1.047e-06, Loss_gauge: 0.000e+00, w_pde: 1.00e+00, L^2_error: 5.434e-02, lr: 1.000e-03, Time: 4.24e+03
INFO:src.utils.logger:Model state saved to results\ho\DV\20260305-054940_seed0_ho_DV_bl_layered_e1500_w300_4q_4l\checkpoints\2026-03-05_05-50-04-441757_ho_DV_seed\model.pth
INFO:src.utils.logger:Model weights saved to results\ho\DV\20260305-054940_seed0_ho_DV_bl_layered_e1500_w300_4q_4l\checkpoints\2026-03-05_05-50-04-441757_ho_DV_seed\model_weights.pth
INFO:src.utils.logger:It: 1141, Loss: 1.896e-02, Loss_res: 1.566e-02,  Loss_bcs: 3.120e-04, Loss_ut_ics: 1.491e-05, Loss_norm: 1.003e-06, Loss_gauge: 0.000e+00, w_pde: 1.00e+00, L^2_error: 5.432e-02, lr: 1.000e-03, Time: 4.24e+03
INFO:src.utils.logger:Model state saved to results\ho\DV\20260305-054940_seed0_ho_DV_bl_layered_e1500_w300_4q_4l\checkpoints\2026-03-05_05-50-04-441757_ho_DV_seed\model.pth
INFO:src.utils.logger:Model weights saved to results\ho\DV\20260305-054940_seed0_ho_DV_bl_layered_e1500_w300_4q_4l\checkpoints\2026-03-05_05-50-04-441757_ho_DV_seed\model_weights.pth
INFO:src.utils.logger:It: 1142, Loss: 1.930e-02, Loss_res: 1.602e-02,  Loss_bcs: 2.997e-04, Loss_ut_ics: 1.489e-05, Loss_norm: 1.121e-06, Loss_gauge: 0.000e+00, w_pde: 1.00e+00, L^2_error: 5.431e-02, lr: 1.000e-03, Time: 4.24e+03
INFO:src.utils.logger:Model state saved to results\ho\DV\20260305-054940_seed0_ho_DV_bl_layered_e1500_w300_4q_4l\checkpoints\2026-03-05_05-50-04-441757_ho_DV_seed\model.pth
INFO:src.utils.logger:Model weights saved to results\ho\DV\20260305-054940_seed0_ho_DV_bl_layered_e1500_w300_4q_4l\checkpoints\2026-03-05_05-50-04-441757_ho_DV_seed\model_weights.pth
INFO:src.utils.logger:It: 1143, Loss: 1.983e-02, Loss_res: 1.655e-02,  Loss_bcs: 3.027e-04, Loss_ut_ics: 1.487e-05, Loss_norm: 1.345e-06, Loss_gauge: 0.000e+00, w_pde: 1.00e+00, L^2_error: 5.428e-02, lr: 1.000e-03, Time: 4.25e+03
INFO:src.utils.logger:Model state saved to results\ho\DV\20260305-054940_seed0_ho_DV_bl_layered_e1500_w300_4q_4l\checkpoints\2026-03-05_05-50-04-441757_ho_DV_seed\model.pth
INFO:src.utils.logger:Model weights saved to results\ho\DV\20260305-054940_seed0_ho_DV_bl_layered_e1500_w300_4q_4l\checkpoints\2026-03-05_05-50-04-441757_ho_DV_seed\model_weights.pth
INFO:src.utils.logger:It: 1144, Loss: 1.907e-02, Loss_res: 1.579e-02,  Loss_bcs: 3.010e-04, Loss_ut_ics: 1.486e-05, Loss_norm: 1.643e-06, Loss_gauge: 0.000e+00, w_pde: 1.00e+00, L^2_error: 5.425e-02, lr: 1.000e-03, Time: 4.25e+03
INFO:src.utils.logger:Model state saved to results\ho\DV\20260305-054940_seed0_ho_DV_bl_layered_e1500_w300_4q_4l\checkpoints\2026-03-05_05-50-04-441757_ho_DV_seed\model.pth
INFO:src.utils.logger:Model weights saved to results\ho\DV\20260305-054940_seed0_ho_DV_bl_layered_e1500_w300_4q_4l\checkpoints\2026-03-05_05-50-04-441757_ho_DV_seed\model_weights.pth
INFO:src.utils.logger:It: 1145, Loss: 1.992e-02, Loss_res: 1.663e-02,  Loss_bcs: 3.033e-04, Loss_ut_ics: 1.488e-05, Loss_norm: 1.897e-06, Loss_gauge: 0.000e+00, w_pde: 1.00e+00, L^2_error: 5.421e-02, lr: 1.000e-03, Time: 4.26e+03
INFO:src.utils.logger:Model state saved to results\ho\DV\20260305-054940_seed0_ho_DV_bl_layered_e1500_w300_4q_4l\checkpoints\2026-03-05_05-50-04-441757_ho_DV_seed\model.pth
INFO:src.utils.logger:Model weights saved to results\ho\DV\20260305-054940_seed0_ho_DV_bl_layered_e1500_w300_4q_4l\checkpoints\2026-03-05_05-50-04-441757_ho_DV_seed\model_weights.pth
INFO:src.utils.logger:It: 1146, Loss: 1.906e-02, Loss_res: 1.576e-02,  Loss_bcs: 3.041e-04, Loss_ut_ics: 1.493e-05, Loss_norm: 1.932e-06, Loss_gauge: 0.000e+00, w_pde: 1.00e+00, L^2_error: 5.417e-02, lr: 1.000e-03, Time: 4.26e+03
INFO:src.utils.logger:Model state saved to results\ho\DV\20260305-054940_seed0_ho_DV_bl_layered_e1500_w300_4q_4l\checkpoints\2026-03-05_05-50-04-441757_ho_DV_seed\model.pth
INFO:src.utils.logger:Model weights saved to results\ho\DV\20260305-054940_seed0_ho_DV_bl_layered_e1500_w300_4q_4l\checkpoints\2026-03-05_05-50-04-441757_ho_DV_seed\model_weights.pth
INFO:src.utils.logger:It: 1147, Loss: 1.940e-02, Loss_res: 1.609e-02,  Loss_bcs: 3.094e-04, Loss_ut_ics: 1.497e-05, Loss_norm: 1.713e-06, Loss_gauge: 0.000e+00, w_pde: 1.00e+00, L^2_error: 5.413e-02, lr: 1.000e-03, Time: 4.26e+03
INFO:src.utils.logger:Model state saved to results\ho\DV\20260305-054940_seed0_ho_DV_bl_layered_e1500_w300_4q_4l\checkpoints\2026-03-05_05-50-04-441757_ho_DV_seed\model.pth
INFO:src.utils.logger:Model weights saved to results\ho\DV\20260305-054940_seed0_ho_DV_bl_layered_e1500_w300_4q_4l\checkpoints\2026-03-05_05-50-04-441757_ho_DV_seed\model_weights.pth
INFO:src.utils.logger:It: 1148, Loss: 1.902e-02, Loss_res: 1.571e-02,  Loss_bcs: 3.019e-04, Loss_ut_ics: 1.503e-05, Loss_norm: 1.461e-06, Loss_gauge: 0.000e+00, w_pde: 1.00e+00, L^2_error: 5.411e-02, lr: 1.000e-03, Time: 4.27e+03
INFO:src.utils.logger:Model state saved to results\ho\DV\20260305-054940_seed0_ho_DV_bl_layered_e1500_w300_4q_4l\checkpoints\2026-03-05_05-50-04-441757_ho_DV_seed\model.pth
INFO:src.utils.logger:Model weights saved to results\ho\DV\20260305-054940_seed0_ho_DV_bl_layered_e1500_w300_4q_4l\checkpoints\2026-03-05_05-50-04-441757_ho_DV_seed\model_weights.pth
INFO:src.utils.logger:It: 1149, Loss: 1.928e-02, Loss_res: 1.597e-02,  Loss_bcs: 3.023e-04, Loss_ut_ics: 1.502e-05, Loss_norm: 1.348e-06, Loss_gauge: 0.000e+00, w_pde: 1.00e+00, L^2_error: 5.410e-02, lr: 1.000e-03, Time: 4.27e+03
INFO:src.utils.logger:Model state saved to results\ho\DV\20260305-054940_seed0_ho_DV_bl_layered_e1500_w300_4q_4l\checkpoints\2026-03-05_05-50-04-441757_ho_DV_seed\model.pth
INFO:src.utils.logger:Model weights saved to results\ho\DV\20260305-054940_seed0_ho_DV_bl_layered_e1500_w300_4q_4l\checkpoints\2026-03-05_05-50-04-441757_ho_DV_seed\model_weights.pth
INFO:src.utils.logger:It: 1150, Loss: 1.966e-02, Loss_res: 1.636e-02,  Loss_bcs: 3.045e-04, Loss_ut_ics: 1.494e-05, Loss_norm: 1.381e-06, Loss_gauge: 0.000e+00, w_pde: 1.00e+00, L^2_error: 5.410e-02, lr: 1.000e-03, Time: 4.27e+03
INFO:src.utils.logger:Model state saved to results\ho\DV\20260305-054940_seed0_ho_DV_bl_layered_e1500_w300_4q_4l\checkpoints\2026-03-05_05-50-04-441757_ho_DV_seed\model.pth
INFO:src.utils.logger:Model weights saved to results\ho\DV\20260305-054940_seed0_ho_DV_bl_layered_e1500_w300_4q_4l\checkpoints\2026-03-05_05-50-04-441757_ho_DV_seed\model_weights.pth
INFO:src.utils.logger:It: 1151, Loss: 1.929e-02, Loss_res: 1.601e-02,  Loss_bcs: 3.139e-04, Loss_ut_ics: 1.484e-05, Loss_norm: 1.414e-06, Loss_gauge: 0.000e+00, w_pde: 1.00e+00, L^2_error: 5.412e-02, lr: 1.000e-03, Time: 4.28e+03
INFO:src.utils.logger:Model state saved to results\ho\DV\20260305-054940_seed0_ho_DV_bl_layered_e1500_w300_4q_4l\checkpoints\2026-03-05_05-50-04-441757_ho_DV_seed\model.pth
INFO:src.utils.logger:Model weights saved to results\ho\DV\20260305-054940_seed0_ho_DV_bl_layered_e1500_w300_4q_4l\checkpoints\2026-03-05_05-50-04-441757_ho_DV_seed\model_weights.pth
INFO:src.utils.logger:It: 1152, Loss: 1.900e-02, Loss_res: 1.574e-02,  Loss_bcs: 3.070e-04, Loss_ut_ics: 1.472e-05, Loss_norm: 1.462e-06, Loss_gauge: 0.000e+00, w_pde: 1.00e+00, L^2_error: 5.414e-02, lr: 1.000e-03, Time: 4.28e+03
INFO:src.utils.logger:Model state saved to results\ho\DV\20260305-054940_seed0_ho_DV_bl_layered_e1500_w300_4q_4l\checkpoints\2026-03-05_05-50-04-441757_ho_DV_seed\model.pth
INFO:src.utils.logger:Model weights saved to results\ho\DV\20260305-054940_seed0_ho_DV_bl_layered_e1500_w300_4q_4l\checkpoints\2026-03-05_05-50-04-441757_ho_DV_seed\model_weights.pth
INFO:src.utils.logger:It: 1153, Loss: 1.920e-02, Loss_res: 1.597e-02,  Loss_bcs: 3.091e-04, Loss_ut_ics: 1.459e-05, Loss_norm: 1.549e-06, Loss_gauge: 0.000e+00, w_pde: 1.00e+00, L^2_error: 5.415e-02, lr: 1.000e-03, Time: 4.29e+03
INFO:src.utils.logger:Model state saved to results\ho\DV\20260305-054940_seed0_ho_DV_bl_layered_e1500_w300_4q_4l\checkpoints\2026-03-05_05-50-04-441757_ho_DV_seed\model.pth
INFO:src.utils.logger:Model weights saved to results\ho\DV\20260305-054940_seed0_ho_DV_bl_layered_e1500_w300_4q_4l\checkpoints\2026-03-05_05-50-04-441757_ho_DV_seed\model_weights.pth
INFO:src.utils.logger:It: 1154, Loss: 1.907e-02, Loss_res: 1.586e-02,  Loss_bcs: 3.037e-04, Loss_ut_ics: 1.452e-05, Loss_norm: 1.447e-06, Loss_gauge: 0.000e+00, w_pde: 1.00e+00, L^2_error: 5.415e-02, lr: 1.000e-03, Time: 4.29e+03
INFO:src.utils.logger:Model state saved to results\ho\DV\20260305-054940_seed0_ho_DV_bl_layered_e1500_w300_4q_4l\checkpoints\2026-03-05_05-50-04-441757_ho_DV_seed\model.pth
INFO:src.utils.logger:Model weights saved to results\ho\DV\20260305-054940_seed0_ho_DV_bl_layered_e1500_w300_4q_4l\checkpoints\2026-03-05_05-50-04-441757_ho_DV_seed\model_weights.pth
INFO:src.utils.logger:It: 1155, Loss: 1.883e-02, Loss_res: 1.563e-02,  Loss_bcs: 2.993e-04, Loss_ut_ics: 1.449e-05, Loss_norm: 1.271e-06, Loss_gauge: 0.000e+00, w_pde: 1.00e+00, L^2_error: 5.414e-02, lr: 1.000e-03, Time: 4.29e+03
INFO:src.utils.logger:Model state saved to results\ho\DV\20260305-054940_seed0_ho_DV_bl_layered_e1500_w300_4q_4l\checkpoints\2026-03-05_05-50-04-441757_ho_DV_seed\model.pth
INFO:src.utils.logger:Model weights saved to results\ho\DV\20260305-054940_seed0_ho_DV_bl_layered_e1500_w300_4q_4l\checkpoints\2026-03-05_05-50-04-441757_ho_DV_seed\model_weights.pth
INFO:src.utils.logger:It: 1156, Loss: 1.932e-02, Loss_res: 1.611e-02,  Loss_bcs: 3.032e-04, Loss_ut_ics: 1.451e-05, Loss_norm: 1.071e-06, Loss_gauge: 0.000e+00, w_pde: 1.00e+00, L^2_error: 5.411e-02, lr: 1.000e-03, Time: 4.30e+03
INFO:src.utils.logger:Model state saved to results\ho\DV\20260305-054940_seed0_ho_DV_bl_layered_e1500_w300_4q_4l\checkpoints\2026-03-05_05-50-04-441757_ho_DV_seed\model.pth
INFO:src.utils.logger:Model weights saved to results\ho\DV\20260305-054940_seed0_ho_DV_bl_layered_e1500_w300_4q_4l\checkpoints\2026-03-05_05-50-04-441757_ho_DV_seed\model_weights.pth
INFO:src.utils.logger:It: 1157, Loss: 1.895e-02, Loss_res: 1.574e-02,  Loss_bcs: 3.059e-04, Loss_ut_ics: 1.452e-05, Loss_norm: 9.714e-07, Loss_gauge: 0.000e+00, w_pde: 1.00e+00, L^2_error: 5.408e-02, lr: 1.000e-03, Time: 4.30e+03
INFO:src.utils.logger:Model state saved to results\ho\DV\20260305-054940_seed0_ho_DV_bl_layered_e1500_w300_4q_4l\checkpoints\2026-03-05_05-50-04-441757_ho_DV_seed\model.pth
INFO:src.utils.logger:Model weights saved to results\ho\DV\20260305-054940_seed0_ho_DV_bl_layered_e1500_w300_4q_4l\checkpoints\2026-03-05_05-50-04-441757_ho_DV_seed\model_weights.pth
INFO:src.utils.logger:It: 1158, Loss: 1.966e-02, Loss_res: 1.645e-02,  Loss_bcs: 3.024e-04, Loss_ut_ics: 1.452e-05, Loss_norm: 1.052e-06, Loss_gauge: 0.000e+00, w_pde: 1.00e+00, L^2_error: 5.404e-02, lr: 1.000e-03, Time: 4.30e+03
INFO:src.utils.logger:Model state saved to results\ho\DV\20260305-054940_seed0_ho_DV_bl_layered_e1500_w300_4q_4l\checkpoints\2026-03-05_05-50-04-441757_ho_DV_seed\model.pth
INFO:src.utils.logger:Model weights saved to results\ho\DV\20260305-054940_seed0_ho_DV_bl_layered_e1500_w300_4q_4l\checkpoints\2026-03-05_05-50-04-441757_ho_DV_seed\model_weights.pth
INFO:src.utils.logger:It: 1159, Loss: 1.920e-02, Loss_res: 1.600e-02,  Loss_bcs: 2.999e-04, Loss_ut_ics: 1.448e-05, Loss_norm: 1.376e-06, Loss_gauge: 0.000e+00, w_pde: 1.00e+00, L^2_error: 5.398e-02, lr: 1.000e-03, Time: 4.31e+03
INFO:src.utils.logger:Model state saved to results\ho\DV\20260305-054940_seed0_ho_DV_bl_layered_e1500_w300_4q_4l\checkpoints\2026-03-05_05-50-04-441757_ho_DV_seed\model.pth
INFO:src.utils.logger:Model weights saved to results\ho\DV\20260305-054940_seed0_ho_DV_bl_layered_e1500_w300_4q_4l\checkpoints\2026-03-05_05-50-04-441757_ho_DV_seed\model_weights.pth
INFO:src.utils.logger:It: 1160, Loss: 1.969e-02, Loss_res: 1.647e-02,  Loss_bcs: 3.122e-04, Loss_ut_ics: 1.446e-05, Loss_norm: 1.791e-06, Loss_gauge: 0.000e+00, w_pde: 1.00e+00, L^2_error: 5.392e-02, lr: 1.000e-03, Time: 4.31e+03
INFO:src.utils.logger:Model state saved to results\ho\DV\20260305-054940_seed0_ho_DV_bl_layered_e1500_w300_4q_4l\checkpoints\2026-03-05_05-50-04-441757_ho_DV_seed\model.pth
INFO:src.utils.logger:Model weights saved to results\ho\DV\20260305-054940_seed0_ho_DV_bl_layered_e1500_w300_4q_4l\checkpoints\2026-03-05_05-50-04-441757_ho_DV_seed\model_weights.pth
INFO:src.utils.logger:It: 1161, Loss: 1.813e-02, Loss_res: 1.494e-02,  Loss_bcs: 2.966e-04, Loss_ut_ics: 1.446e-05, Loss_norm: 1.997e-06, Loss_gauge: 0.000e+00, w_pde: 1.00e+00, L^2_error: 5.387e-02, lr: 1.000e-03, Time: 4.31e+03
INFO:src.utils.logger:Model state saved to results\ho\DV\20260305-054940_seed0_ho_DV_bl_layered_e1500_w300_4q_4l\checkpoints\2026-03-05_05-50-04-441757_ho_DV_seed\model.pth
INFO:src.utils.logger:Model weights saved to results\ho\DV\20260305-054940_seed0_ho_DV_bl_layered_e1500_w300_4q_4l\checkpoints\2026-03-05_05-50-04-441757_ho_DV_seed\model_weights.pth
INFO:src.utils.logger:It: 1162, Loss: 1.850e-02, Loss_res: 1.530e-02,  Loss_bcs: 2.936e-04, Loss_ut_ics: 1.449e-05, Loss_norm: 1.933e-06, Loss_gauge: 0.000e+00, w_pde: 1.00e+00, L^2_error: 5.382e-02, lr: 1.000e-03, Time: 4.32e+03
INFO:src.utils.logger:Model state saved to results\ho\DV\20260305-054940_seed0_ho_DV_bl_layered_e1500_w300_4q_4l\checkpoints\2026-03-05_05-50-04-441757_ho_DV_seed\model.pth
INFO:src.utils.logger:Model weights saved to results\ho\DV\20260305-054940_seed0_ho_DV_bl_layered_e1500_w300_4q_4l\checkpoints\2026-03-05_05-50-04-441757_ho_DV_seed\model_weights.pth
INFO:src.utils.logger:It: 1163, Loss: 1.962e-02, Loss_res: 1.640e-02,  Loss_bcs: 2.983e-04, Loss_ut_ics: 1.454e-05, Loss_norm: 1.557e-06, Loss_gauge: 0.000e+00, w_pde: 1.00e+00, L^2_error: 5.380e-02, lr: 1.000e-03, Time: 4.32e+03
INFO:src.utils.logger:Model state saved to results\ho\DV\20260305-054940_seed0_ho_DV_bl_layered_e1500_w300_4q_4l\checkpoints\2026-03-05_05-50-04-441757_ho_DV_seed\model.pth
INFO:src.utils.logger:Model weights saved to results\ho\DV\20260305-054940_seed0_ho_DV_bl_layered_e1500_w300_4q_4l\checkpoints\2026-03-05_05-50-04-441757_ho_DV_seed\model_weights.pth
INFO:src.utils.logger:It: 1164, Loss: 1.952e-02, Loss_res: 1.630e-02,  Loss_bcs: 2.946e-04, Loss_ut_ics: 1.459e-05, Loss_norm: 1.198e-06, Loss_gauge: 0.000e+00, w_pde: 1.00e+00, L^2_error: 5.378e-02, lr: 1.000e-03, Time: 4.33e+03
INFO:src.utils.logger:Model state saved to results\ho\DV\20260305-054940_seed0_ho_DV_bl_layered_e1500_w300_4q_4l\checkpoints\2026-03-05_05-50-04-441757_ho_DV_seed\model.pth
INFO:src.utils.logger:Model weights saved to results\ho\DV\20260305-054940_seed0_ho_DV_bl_layered_e1500_w300_4q_4l\checkpoints\2026-03-05_05-50-04-441757_ho_DV_seed\model_weights.pth
INFO:src.utils.logger:It: 1165, Loss: 1.894e-02, Loss_res: 1.570e-02,  Loss_bcs: 3.131e-04, Loss_ut_ics: 1.457e-05, Loss_norm: 1.068e-06, Loss_gauge: 0.000e+00, w_pde: 1.00e+00, L^2_error: 5.378e-02, lr: 1.000e-03, Time: 4.33e+03
INFO:src.utils.logger:Model state saved to results\ho\DV\20260305-054940_seed0_ho_DV_bl_layered_e1500_w300_4q_4l\checkpoints\2026-03-05_05-50-04-441757_ho_DV_seed\model.pth
INFO:src.utils.logger:Model weights saved to results\ho\DV\20260305-054940_seed0_ho_DV_bl_layered_e1500_w300_4q_4l\checkpoints\2026-03-05_05-50-04-441757_ho_DV_seed\model_weights.pth
INFO:src.utils.logger:It: 1166, Loss: 1.870e-02, Loss_res: 1.549e-02,  Loss_bcs: 2.968e-04, Loss_ut_ics: 1.451e-05, Loss_norm: 1.048e-06, Loss_gauge: 0.000e+00, w_pde: 1.00e+00, L^2_error: 5.380e-02, lr: 1.000e-03, Time: 4.33e+03
INFO:src.utils.logger:Model state saved to results\ho\DV\20260305-054940_seed0_ho_DV_bl_layered_e1500_w300_4q_4l\checkpoints\2026-03-05_05-50-04-441757_ho_DV_seed\model.pth
INFO:src.utils.logger:Model weights saved to results\ho\DV\20260305-054940_seed0_ho_DV_bl_layered_e1500_w300_4q_4l\checkpoints\2026-03-05_05-50-04-441757_ho_DV_seed\model_weights.pth
INFO:src.utils.logger:It: 1167, Loss: 1.785e-02, Loss_res: 1.466e-02,  Loss_bcs: 2.984e-04, Loss_ut_ics: 1.441e-05, Loss_norm: 1.132e-06, Loss_gauge: 0.000e+00, w_pde: 1.00e+00, L^2_error: 5.382e-02, lr: 1.000e-03, Time: 4.34e+03
INFO:src.utils.logger:Model state saved to results\ho\DV\20260305-054940_seed0_ho_DV_bl_layered_e1500_w300_4q_4l\checkpoints\2026-03-05_05-50-04-441757_ho_DV_seed\model.pth
INFO:src.utils.logger:Model weights saved to results\ho\DV\20260305-054940_seed0_ho_DV_bl_layered_e1500_w300_4q_4l\checkpoints\2026-03-05_05-50-04-441757_ho_DV_seed\model_weights.pth
INFO:src.utils.logger:It: 1168, Loss: 1.907e-02, Loss_res: 1.591e-02,  Loss_bcs: 2.976e-04, Loss_ut_ics: 1.431e-05, Loss_norm: 1.268e-06, Loss_gauge: 0.000e+00, w_pde: 1.00e+00, L^2_error: 5.383e-02, lr: 1.000e-03, Time: 4.34e+03
INFO:src.utils.logger:Model state saved to results\ho\DV\20260305-054940_seed0_ho_DV_bl_layered_e1500_w300_4q_4l\checkpoints\2026-03-05_05-50-04-441757_ho_DV_seed\model.pth
INFO:src.utils.logger:Model weights saved to results\ho\DV\20260305-054940_seed0_ho_DV_bl_layered_e1500_w300_4q_4l\checkpoints\2026-03-05_05-50-04-441757_ho_DV_seed\model_weights.pth
INFO:src.utils.logger:It: 1169, Loss: 1.968e-02, Loss_res: 1.654e-02,  Loss_bcs: 2.905e-04, Loss_ut_ics: 1.421e-05, Loss_norm: 1.371e-06, Loss_gauge: 0.000e+00, w_pde: 1.00e+00, L^2_error: 5.383e-02, lr: 1.000e-03, Time: 4.34e+03
INFO:src.utils.logger:Model state saved to results\ho\DV\20260305-054940_seed0_ho_DV_bl_layered_e1500_w300_4q_4l\checkpoints\2026-03-05_05-50-04-441757_ho_DV_seed\model.pth
INFO:src.utils.logger:Model weights saved to results\ho\DV\20260305-054940_seed0_ho_DV_bl_layered_e1500_w300_4q_4l\checkpoints\2026-03-05_05-50-04-441757_ho_DV_seed\model_weights.pth
INFO:src.utils.logger:It: 1170, Loss: 1.903e-02, Loss_res: 1.590e-02,  Loss_bcs: 2.901e-04, Loss_ut_ics: 1.416e-05, Loss_norm: 1.387e-06, Loss_gauge: 0.000e+00, w_pde: 1.00e+00, L^2_error: 5.381e-02, lr: 1.000e-03, Time: 4.35e+03
INFO:src.utils.logger:Model state saved to results\ho\DV\20260305-054940_seed0_ho_DV_bl_layered_e1500_w300_4q_4l\checkpoints\2026-03-05_05-50-04-441757_ho_DV_seed\model.pth
INFO:src.utils.logger:Model weights saved to results\ho\DV\20260305-054940_seed0_ho_DV_bl_layered_e1500_w300_4q_4l\checkpoints\2026-03-05_05-50-04-441757_ho_DV_seed\model_weights.pth
INFO:src.utils.logger:It: 1171, Loss: 1.850e-02, Loss_res: 1.538e-02,  Loss_bcs: 2.853e-04, Loss_ut_ics: 1.415e-05, Loss_norm: 1.202e-06, Loss_gauge: 0.000e+00, w_pde: 1.00e+00, L^2_error: 5.377e-02, lr: 1.000e-03, Time: 4.35e+03
INFO:src.utils.logger:Model state saved to results\ho\DV\20260305-054940_seed0_ho_DV_bl_layered_e1500_w300_4q_4l\checkpoints\2026-03-05_05-50-04-441757_ho_DV_seed\model.pth
INFO:src.utils.logger:Model weights saved to results\ho\DV\20260305-054940_seed0_ho_DV_bl_layered_e1500_w300_4q_4l\checkpoints\2026-03-05_05-50-04-441757_ho_DV_seed\model_weights.pth
INFO:src.utils.logger:It: 1172, Loss: 1.993e-02, Loss_res: 1.680e-02,  Loss_bcs: 2.903e-04, Loss_ut_ics: 1.418e-05, Loss_norm: 9.735e-07, Loss_gauge: 0.000e+00, w_pde: 1.00e+00, L^2_error: 5.372e-02, lr: 1.000e-03, Time: 4.36e+03
INFO:src.utils.logger:Model state saved to results\ho\DV\20260305-054940_seed0_ho_DV_bl_layered_e1500_w300_4q_4l\checkpoints\2026-03-05_05-50-04-441757_ho_DV_seed\model.pth
INFO:src.utils.logger:Model weights saved to results\ho\DV\20260305-054940_seed0_ho_DV_bl_layered_e1500_w300_4q_4l\checkpoints\2026-03-05_05-50-04-441757_ho_DV_seed\model_weights.pth
INFO:src.utils.logger:It: 1173, Loss: 1.886e-02, Loss_res: 1.572e-02,  Loss_bcs: 2.923e-04, Loss_ut_ics: 1.424e-05, Loss_norm: 8.505e-07, Loss_gauge: 0.000e+00, w_pde: 1.00e+00, L^2_error: 5.366e-02, lr: 1.000e-03, Time: 4.36e+03
INFO:src.utils.logger:Model state saved to results\ho\DV\20260305-054940_seed0_ho_DV_bl_layered_e1500_w300_4q_4l\checkpoints\2026-03-05_05-50-04-441757_ho_DV_seed\model.pth
INFO:src.utils.logger:Model weights saved to results\ho\DV\20260305-054940_seed0_ho_DV_bl_layered_e1500_w300_4q_4l\checkpoints\2026-03-05_05-50-04-441757_ho_DV_seed\model_weights.pth
INFO:src.utils.logger:It: 1174, Loss: 1.980e-02, Loss_res: 1.664e-02,  Loss_bcs: 2.991e-04, Loss_ut_ics: 1.431e-05, Loss_norm: 8.381e-07, Loss_gauge: 0.000e+00, w_pde: 1.00e+00, L^2_error: 5.361e-02, lr: 1.000e-03, Time: 4.36e+03
INFO:src.utils.logger:Model state saved to results\ho\DV\20260305-054940_seed0_ho_DV_bl_layered_e1500_w300_4q_4l\checkpoints\2026-03-05_05-50-04-441757_ho_DV_seed\model.pth
INFO:src.utils.logger:Model weights saved to results\ho\DV\20260305-054940_seed0_ho_DV_bl_layered_e1500_w300_4q_4l\checkpoints\2026-03-05_05-50-04-441757_ho_DV_seed\model_weights.pth
INFO:src.utils.logger:It: 1175, Loss: 1.858e-02, Loss_res: 1.543e-02,  Loss_bcs: 2.894e-04, Loss_ut_ics: 1.428e-05, Loss_norm: 1.164e-06, Loss_gauge: 0.000e+00, w_pde: 1.00e+00, L^2_error: 5.357e-02, lr: 1.000e-03, Time: 4.37e+03
INFO:src.utils.logger:Model state saved to results\ho\DV\20260305-054940_seed0_ho_DV_bl_layered_e1500_w300_4q_4l\checkpoints\2026-03-05_05-50-04-441757_ho_DV_seed\model.pth
INFO:src.utils.logger:Model weights saved to results\ho\DV\20260305-054940_seed0_ho_DV_bl_layered_e1500_w300_4q_4l\checkpoints\2026-03-05_05-50-04-441757_ho_DV_seed\model_weights.pth
INFO:src.utils.logger:It: 1176, Loss: 1.936e-02, Loss_res: 1.621e-02,  Loss_bcs: 2.957e-04, Loss_ut_ics: 1.424e-05, Loss_norm: 1.674e-06, Loss_gauge: 0.000e+00, w_pde: 1.00e+00, L^2_error: 5.353e-02, lr: 1.000e-03, Time: 4.37e+03
INFO:src.utils.logger:Model state saved to results\ho\DV\20260305-054940_seed0_ho_DV_bl_layered_e1500_w300_4q_4l\checkpoints\2026-03-05_05-50-04-441757_ho_DV_seed\model.pth
INFO:src.utils.logger:Model weights saved to results\ho\DV\20260305-054940_seed0_ho_DV_bl_layered_e1500_w300_4q_4l\checkpoints\2026-03-05_05-50-04-441757_ho_DV_seed\model_weights.pth
INFO:src.utils.logger:It: 1177, Loss: 1.811e-02, Loss_res: 1.495e-02,  Loss_bcs: 3.015e-04, Loss_ut_ics: 1.421e-05, Loss_norm: 2.150e-06, Loss_gauge: 0.000e+00, w_pde: 1.00e+00, L^2_error: 5.350e-02, lr: 1.000e-03, Time: 4.38e+03
INFO:src.utils.logger:Model state saved to results\ho\DV\20260305-054940_seed0_ho_DV_bl_layered_e1500_w300_4q_4l\checkpoints\2026-03-05_05-50-04-441757_ho_DV_seed\model.pth
INFO:src.utils.logger:Model weights saved to results\ho\DV\20260305-054940_seed0_ho_DV_bl_layered_e1500_w300_4q_4l\checkpoints\2026-03-05_05-50-04-441757_ho_DV_seed\model_weights.pth
INFO:src.utils.logger:It: 1178, Loss: 1.843e-02, Loss_res: 1.528e-02,  Loss_bcs: 2.943e-04, Loss_ut_ics: 1.422e-05, Loss_norm: 2.225e-06, Loss_gauge: 0.000e+00, w_pde: 1.00e+00, L^2_error: 5.348e-02, lr: 1.000e-03, Time: 4.38e+03
INFO:src.utils.logger:Model state saved to results\ho\DV\20260305-054940_seed0_ho_DV_bl_layered_e1500_w300_4q_4l\checkpoints\2026-03-05_05-50-04-441757_ho_DV_seed\model.pth
INFO:src.utils.logger:Model weights saved to results\ho\DV\20260305-054940_seed0_ho_DV_bl_layered_e1500_w300_4q_4l\checkpoints\2026-03-05_05-50-04-441757_ho_DV_seed\model_weights.pth
INFO:src.utils.logger:It: 1179, Loss: 1.983e-02, Loss_res: 1.668e-02,  Loss_bcs: 2.995e-04, Loss_ut_ics: 1.420e-05, Loss_norm: 2.108e-06, Loss_gauge: 0.000e+00, w_pde: 1.00e+00, L^2_error: 5.345e-02, lr: 1.000e-03, Time: 4.38e+03
INFO:src.utils.logger:Model state saved to results\ho\DV\20260305-054940_seed0_ho_DV_bl_layered_e1500_w300_4q_4l\checkpoints\2026-03-05_05-50-04-441757_ho_DV_seed\model.pth
INFO:src.utils.logger:Model weights saved to results\ho\DV\20260305-054940_seed0_ho_DV_bl_layered_e1500_w300_4q_4l\checkpoints\2026-03-05_05-50-04-441757_ho_DV_seed\model_weights.pth
INFO:src.utils.logger:It: 1180, Loss: 1.780e-02, Loss_res: 1.467e-02,  Loss_bcs: 2.829e-04, Loss_ut_ics: 1.417e-05, Loss_norm: 1.935e-06, Loss_gauge: 0.000e+00, w_pde: 1.00e+00, L^2_error: 5.344e-02, lr: 1.000e-03, Time: 4.39e+03
INFO:src.utils.logger:Model state saved to results\ho\DV\20260305-054940_seed0_ho_DV_bl_layered_e1500_w300_4q_4l\checkpoints\2026-03-05_05-50-04-441757_ho_DV_seed\model.pth
INFO:src.utils.logger:Model weights saved to results\ho\DV\20260305-054940_seed0_ho_DV_bl_layered_e1500_w300_4q_4l\checkpoints\2026-03-05_05-50-04-441757_ho_DV_seed\model_weights.pth
INFO:src.utils.logger:It: 1181, Loss: 1.862e-02, Loss_res: 1.549e-02,  Loss_bcs: 2.905e-04, Loss_ut_ics: 1.414e-05, Loss_norm: 1.680e-06, Loss_gauge: 0.000e+00, w_pde: 1.00e+00, L^2_error: 5.343e-02, lr: 1.000e-03, Time: 4.39e+03
INFO:src.utils.logger:Model state saved to results\ho\DV\20260305-054940_seed0_ho_DV_bl_layered_e1500_w300_4q_4l\checkpoints\2026-03-05_05-50-04-441757_ho_DV_seed\model.pth
INFO:src.utils.logger:Model weights saved to results\ho\DV\20260305-054940_seed0_ho_DV_bl_layered_e1500_w300_4q_4l\checkpoints\2026-03-05_05-50-04-441757_ho_DV_seed\model_weights.pth
INFO:src.utils.logger:It: 1182, Loss: 1.974e-02, Loss_res: 1.662e-02,  Loss_bcs: 2.926e-04, Loss_ut_ics: 1.409e-05, Loss_norm: 1.454e-06, Loss_gauge: 0.000e+00, w_pde: 1.00e+00, L^2_error: 5.342e-02, lr: 1.000e-03, Time: 4.39e+03
INFO:src.utils.logger:Model state saved to results\ho\DV\20260305-054940_seed0_ho_DV_bl_layered_e1500_w300_4q_4l\checkpoints\2026-03-05_05-50-04-441757_ho_DV_seed\model.pth
INFO:src.utils.logger:Model weights saved to results\ho\DV\20260305-054940_seed0_ho_DV_bl_layered_e1500_w300_4q_4l\checkpoints\2026-03-05_05-50-04-441757_ho_DV_seed\model_weights.pth
INFO:src.utils.logger:It: 1183, Loss: 1.788e-02, Loss_res: 1.479e-02,  Loss_bcs: 2.810e-04, Loss_ut_ics: 1.401e-05, Loss_norm: 1.435e-06, Loss_gauge: 0.000e+00, w_pde: 1.00e+00, L^2_error: 5.340e-02, lr: 1.000e-03, Time: 4.40e+03
INFO:src.utils.logger:Model state saved to results\ho\DV\20260305-054940_seed0_ho_DV_bl_layered_e1500_w300_4q_4l\checkpoints\2026-03-05_05-50-04-441757_ho_DV_seed\model.pth
INFO:src.utils.logger:Model weights saved to results\ho\DV\20260305-054940_seed0_ho_DV_bl_layered_e1500_w300_4q_4l\checkpoints\2026-03-05_05-50-04-441757_ho_DV_seed\model_weights.pth
INFO:src.utils.logger:It: 1184, Loss: 1.903e-02, Loss_res: 1.594e-02,  Loss_bcs: 2.904e-04, Loss_ut_ics: 1.398e-05, Loss_norm: 1.330e-06, Loss_gauge: 0.000e+00, w_pde: 1.00e+00, L^2_error: 5.338e-02, lr: 1.000e-03, Time: 4.40e+03
INFO:src.utils.logger:Model state saved to results\ho\DV\20260305-054940_seed0_ho_DV_bl_layered_e1500_w300_4q_4l\checkpoints\2026-03-05_05-50-04-441757_ho_DV_seed\model.pth
INFO:src.utils.logger:Model weights saved to results\ho\DV\20260305-054940_seed0_ho_DV_bl_layered_e1500_w300_4q_4l\checkpoints\2026-03-05_05-50-04-441757_ho_DV_seed\model_weights.pth
INFO:src.utils.logger:It: 1185, Loss: 1.907e-02, Loss_res: 1.599e-02,  Loss_bcs: 2.844e-04, Loss_ut_ics: 1.394e-05, Loss_norm: 1.331e-06, Loss_gauge: 0.000e+00, w_pde: 1.00e+00, L^2_error: 5.336e-02, lr: 1.000e-03, Time: 4.41e+03
INFO:src.utils.logger:Model state saved to results\ho\DV\20260305-054940_seed0_ho_DV_bl_layered_e1500_w300_4q_4l\checkpoints\2026-03-05_05-50-04-441757_ho_DV_seed\model.pth
INFO:src.utils.logger:Model weights saved to results\ho\DV\20260305-054940_seed0_ho_DV_bl_layered_e1500_w300_4q_4l\checkpoints\2026-03-05_05-50-04-441757_ho_DV_seed\model_weights.pth
INFO:src.utils.logger:It: 1186, Loss: 1.868e-02, Loss_res: 1.561e-02,  Loss_bcs: 2.927e-04, Loss_ut_ics: 1.387e-05, Loss_norm: 1.466e-06, Loss_gauge: 0.000e+00, w_pde: 1.00e+00, L^2_error: 5.333e-02, lr: 1.000e-03, Time: 4.41e+03
INFO:src.utils.logger:Model state saved to results\ho\DV\20260305-054940_seed0_ho_DV_bl_layered_e1500_w300_4q_4l\checkpoints\2026-03-05_05-50-04-441757_ho_DV_seed\model.pth
INFO:src.utils.logger:Model weights saved to results\ho\DV\20260305-054940_seed0_ho_DV_bl_layered_e1500_w300_4q_4l\checkpoints\2026-03-05_05-50-04-441757_ho_DV_seed\model_weights.pth
INFO:src.utils.logger:It: 1187, Loss: 1.968e-02, Loss_res: 1.662e-02,  Loss_bcs: 2.853e-04, Loss_ut_ics: 1.384e-05, Loss_norm: 1.512e-06, Loss_gauge: 0.000e+00, w_pde: 1.00e+00, L^2_error: 5.330e-02, lr: 1.000e-03, Time: 4.41e+03
INFO:src.utils.logger:Model state saved to results\ho\DV\20260305-054940_seed0_ho_DV_bl_layered_e1500_w300_4q_4l\checkpoints\2026-03-05_05-50-04-441757_ho_DV_seed\model.pth
INFO:src.utils.logger:Model weights saved to results\ho\DV\20260305-054940_seed0_ho_DV_bl_layered_e1500_w300_4q_4l\checkpoints\2026-03-05_05-50-04-441757_ho_DV_seed\model_weights.pth
INFO:src.utils.logger:It: 1188, Loss: 1.881e-02, Loss_res: 1.574e-02,  Loss_bcs: 2.866e-04, Loss_ut_ics: 1.386e-05, Loss_norm: 1.493e-06, Loss_gauge: 0.000e+00, w_pde: 1.00e+00, L^2_error: 5.326e-02, lr: 1.000e-03, Time: 4.42e+03
INFO:src.utils.logger:Model state saved to results\ho\DV\20260305-054940_seed0_ho_DV_bl_layered_e1500_w300_4q_4l\checkpoints\2026-03-05_05-50-04-441757_ho_DV_seed\model.pth
INFO:src.utils.logger:Model weights saved to results\ho\DV\20260305-054940_seed0_ho_DV_bl_layered_e1500_w300_4q_4l\checkpoints\2026-03-05_05-50-04-441757_ho_DV_seed\model_weights.pth
INFO:src.utils.logger:It: 1189, Loss: 1.843e-02, Loss_res: 1.535e-02,  Loss_bcs: 2.921e-04, Loss_ut_ics: 1.389e-05, Loss_norm: 1.441e-06, Loss_gauge: 0.000e+00, w_pde: 1.00e+00, L^2_error: 5.324e-02, lr: 1.000e-03, Time: 4.42e+03
INFO:src.utils.logger:Model state saved to results\ho\DV\20260305-054940_seed0_ho_DV_bl_layered_e1500_w300_4q_4l\checkpoints\2026-03-05_05-50-04-441757_ho_DV_seed\model.pth
INFO:src.utils.logger:Model weights saved to results\ho\DV\20260305-054940_seed0_ho_DV_bl_layered_e1500_w300_4q_4l\checkpoints\2026-03-05_05-50-04-441757_ho_DV_seed\model_weights.pth
INFO:src.utils.logger:It: 1190, Loss: 1.775e-02, Loss_res: 1.467e-02,  Loss_bcs: 2.914e-04, Loss_ut_ics: 1.391e-05, Loss_norm: 1.379e-06, Loss_gauge: 0.000e+00, w_pde: 1.00e+00, L^2_error: 5.321e-02, lr: 1.000e-03, Time: 4.43e+03
INFO:src.utils.logger:Model state saved to results\ho\DV\20260305-054940_seed0_ho_DV_bl_layered_e1500_w300_4q_4l\checkpoints\2026-03-05_05-50-04-441757_ho_DV_seed\model.pth
INFO:src.utils.logger:Model weights saved to results\ho\DV\20260305-054940_seed0_ho_DV_bl_layered_e1500_w300_4q_4l\checkpoints\2026-03-05_05-50-04-441757_ho_DV_seed\model_weights.pth
INFO:src.utils.logger:It: 1191, Loss: 1.877e-02, Loss_res: 1.568e-02,  Loss_bcs: 2.935e-04, Loss_ut_ics: 1.396e-05, Loss_norm: 1.259e-06, Loss_gauge: 0.000e+00, w_pde: 1.00e+00, L^2_error: 5.319e-02, lr: 1.000e-03, Time: 4.43e+03
INFO:src.utils.logger:Model state saved to results\ho\DV\20260305-054940_seed0_ho_DV_bl_layered_e1500_w300_4q_4l\checkpoints\2026-03-05_05-50-04-441757_ho_DV_seed\model.pth
INFO:src.utils.logger:Model weights saved to results\ho\DV\20260305-054940_seed0_ho_DV_bl_layered_e1500_w300_4q_4l\checkpoints\2026-03-05_05-50-04-441757_ho_DV_seed\model_weights.pth
INFO:src.utils.logger:It: 1192, Loss: 1.886e-02, Loss_res: 1.576e-02,  Loss_bcs: 3.004e-04, Loss_ut_ics: 1.396e-05, Loss_norm: 1.313e-06, Loss_gauge: 0.000e+00, w_pde: 1.00e+00, L^2_error: 5.317e-02, lr: 1.000e-03, Time: 4.43e+03
INFO:src.utils.logger:Model state saved to results\ho\DV\20260305-054940_seed0_ho_DV_bl_layered_e1500_w300_4q_4l\checkpoints\2026-03-05_05-50-04-441757_ho_DV_seed\model.pth
INFO:src.utils.logger:Model weights saved to results\ho\DV\20260305-054940_seed0_ho_DV_bl_layered_e1500_w300_4q_4l\checkpoints\2026-03-05_05-50-04-441757_ho_DV_seed\model_weights.pth
INFO:src.utils.logger:It: 1193, Loss: 1.840e-02, Loss_res: 1.532e-02,  Loss_bcs: 2.927e-04, Loss_ut_ics: 1.393e-05, Loss_norm: 1.560e-06, Loss_gauge: 0.000e+00, w_pde: 1.00e+00, L^2_error: 5.315e-02, lr: 1.000e-03, Time: 4.44e+03
INFO:src.utils.logger:Model state saved to results\ho\DV\20260305-054940_seed0_ho_DV_bl_layered_e1500_w300_4q_4l\checkpoints\2026-03-05_05-50-04-441757_ho_DV_seed\model.pth
INFO:src.utils.logger:Model weights saved to results\ho\DV\20260305-054940_seed0_ho_DV_bl_layered_e1500_w300_4q_4l\checkpoints\2026-03-05_05-50-04-441757_ho_DV_seed\model_weights.pth
INFO:src.utils.logger:It: 1194, Loss: 1.841e-02, Loss_res: 1.533e-02,  Loss_bcs: 2.962e-04, Loss_ut_ics: 1.389e-05, Loss_norm: 1.797e-06, Loss_gauge: 0.000e+00, w_pde: 1.00e+00, L^2_error: 5.313e-02, lr: 1.000e-03, Time: 4.44e+03
INFO:src.utils.logger:Model state saved to results\ho\DV\20260305-054940_seed0_ho_DV_bl_layered_e1500_w300_4q_4l\checkpoints\2026-03-05_05-50-04-441757_ho_DV_seed\model.pth
INFO:src.utils.logger:Model weights saved to results\ho\DV\20260305-054940_seed0_ho_DV_bl_layered_e1500_w300_4q_4l\checkpoints\2026-03-05_05-50-04-441757_ho_DV_seed\model_weights.pth
INFO:src.utils.logger:It: 1195, Loss: 1.819e-02, Loss_res: 1.511e-02,  Loss_bcs: 2.920e-04, Loss_ut_ics: 1.389e-05, Loss_norm: 1.771e-06, Loss_gauge: 0.000e+00, w_pde: 1.00e+00, L^2_error: 5.310e-02, lr: 1.000e-03, Time: 4.44e+03
INFO:src.utils.logger:Model state saved to results\ho\DV\20260305-054940_seed0_ho_DV_bl_layered_e1500_w300_4q_4l\checkpoints\2026-03-05_05-50-04-441757_ho_DV_seed\model.pth
INFO:src.utils.logger:Model weights saved to results\ho\DV\20260305-054940_seed0_ho_DV_bl_layered_e1500_w300_4q_4l\checkpoints\2026-03-05_05-50-04-441757_ho_DV_seed\model_weights.pth
INFO:src.utils.logger:It: 1196, Loss: 1.829e-02, Loss_res: 1.521e-02,  Loss_bcs: 2.964e-04, Loss_ut_ics: 1.390e-05, Loss_norm: 1.698e-06, Loss_gauge: 0.000e+00, w_pde: 1.00e+00, L^2_error: 5.307e-02, lr: 1.000e-03, Time: 4.45e+03
INFO:src.utils.logger:Model state saved to results\ho\DV\20260305-054940_seed0_ho_DV_bl_layered_e1500_w300_4q_4l\checkpoints\2026-03-05_05-50-04-441757_ho_DV_seed\model.pth
INFO:src.utils.logger:Model weights saved to results\ho\DV\20260305-054940_seed0_ho_DV_bl_layered_e1500_w300_4q_4l\checkpoints\2026-03-05_05-50-04-441757_ho_DV_seed\model_weights.pth
INFO:src.utils.logger:It: 1197, Loss: 1.842e-02, Loss_res: 1.535e-02,  Loss_bcs: 2.867e-04, Loss_ut_ics: 1.389e-05, Loss_norm: 1.648e-06, Loss_gauge: 0.000e+00, w_pde: 1.00e+00, L^2_error: 5.304e-02, lr: 1.000e-03, Time: 4.45e+03
INFO:src.utils.logger:Model state saved to results\ho\DV\20260305-054940_seed0_ho_DV_bl_layered_e1500_w300_4q_4l\checkpoints\2026-03-05_05-50-04-441757_ho_DV_seed\model.pth
INFO:src.utils.logger:Model weights saved to results\ho\DV\20260305-054940_seed0_ho_DV_bl_layered_e1500_w300_4q_4l\checkpoints\2026-03-05_05-50-04-441757_ho_DV_seed\model_weights.pth
INFO:src.utils.logger:It: 1198, Loss: 1.862e-02, Loss_res: 1.556e-02,  Loss_bcs: 2.827e-04, Loss_ut_ics: 1.382e-05, Loss_norm: 1.624e-06, Loss_gauge: 0.000e+00, w_pde: 1.00e+00, L^2_error: 5.301e-02, lr: 1.000e-03, Time: 4.46e+03
INFO:src.utils.logger:Model state saved to results\ho\DV\20260305-054940_seed0_ho_DV_bl_layered_e1500_w300_4q_4l\checkpoints\2026-03-05_05-50-04-441757_ho_DV_seed\model.pth
INFO:src.utils.logger:Model weights saved to results\ho\DV\20260305-054940_seed0_ho_DV_bl_layered_e1500_w300_4q_4l\checkpoints\2026-03-05_05-50-04-441757_ho_DV_seed\model_weights.pth
INFO:src.utils.logger:It: 1199, Loss: 2.021e-02, Loss_res: 1.716e-02,  Loss_bcs: 2.866e-04, Loss_ut_ics: 1.378e-05, Loss_norm: 1.444e-06, Loss_gauge: 0.000e+00, w_pde: 1.00e+00, L^2_error: 5.298e-02, lr: 1.000e-03, Time: 4.46e+03
INFO:src.utils.logger:Model state saved to results\ho\DV\20260305-054940_seed0_ho_DV_bl_layered_e1500_w300_4q_4l\checkpoints\2026-03-05_05-50-04-441757_ho_DV_seed\model.pth
INFO:src.utils.logger:Model weights saved to results\ho\DV\20260305-054940_seed0_ho_DV_bl_layered_e1500_w300_4q_4l\checkpoints\2026-03-05_05-50-04-441757_ho_DV_seed\model_weights.pth
INFO:src.utils.logger:It: 1200, Loss: 1.851e-02, Loss_res: 1.546e-02,  Loss_bcs: 2.918e-04, Loss_ut_ics: 1.373e-05, Loss_norm: 1.309e-06, Loss_gauge: 0.000e+00, w_pde: 1.00e+00, L^2_error: 5.295e-02, lr: 1.000e-03, Time: 4.46e+03
INFO:src.utils.logger:Model state saved to results\ho\DV\20260305-054940_seed0_ho_DV_bl_layered_e1500_w300_4q_4l\checkpoints\2026-03-05_05-50-04-441757_ho_DV_seed\model.pth
INFO:src.utils.logger:Model weights saved to results\ho\DV\20260305-054940_seed0_ho_DV_bl_layered_e1500_w300_4q_4l\checkpoints\2026-03-05_05-50-04-441757_ho_DV_seed\model_weights.pth
INFO:src.utils.logger:It: 1201, Loss: 1.974e-02, Loss_res: 1.672e-02,  Loss_bcs: 2.833e-04, Loss_ut_ics: 1.365e-05, Loss_norm: 1.288e-06, Loss_gauge: 0.000e+00, w_pde: 1.00e+00, L^2_error: 5.292e-02, lr: 1.000e-03, Time: 4.47e+03
INFO:src.utils.logger:Model state saved to results\ho\DV\20260305-054940_seed0_ho_DV_bl_layered_e1500_w300_4q_4l\checkpoints\2026-03-05_05-50-04-441757_ho_DV_seed\model.pth
INFO:src.utils.logger:Model weights saved to results\ho\DV\20260305-054940_seed0_ho_DV_bl_layered_e1500_w300_4q_4l\checkpoints\2026-03-05_05-50-04-441757_ho_DV_seed\model_weights.pth
INFO:src.utils.logger:It: 1202, Loss: 1.830e-02, Loss_res: 1.530e-02,  Loss_bcs: 2.809e-04, Loss_ut_ics: 1.356e-05, Loss_norm: 1.336e-06, Loss_gauge: 0.000e+00, w_pde: 1.00e+00, L^2_error: 5.289e-02, lr: 1.000e-03, Time: 4.47e+03
INFO:src.utils.logger:Model state saved to results\ho\DV\20260305-054940_seed0_ho_DV_bl_layered_e1500_w300_4q_4l\checkpoints\2026-03-05_05-50-04-441757_ho_DV_seed\model.pth
INFO:src.utils.logger:Model weights saved to results\ho\DV\20260305-054940_seed0_ho_DV_bl_layered_e1500_w300_4q_4l\checkpoints\2026-03-05_05-50-04-441757_ho_DV_seed\model_weights.pth
INFO:src.utils.logger:It: 1203, Loss: 1.772e-02, Loss_res: 1.473e-02,  Loss_bcs: 2.873e-04, Loss_ut_ics: 1.351e-05, Loss_norm: 1.281e-06, Loss_gauge: 0.000e+00, w_pde: 1.00e+00, L^2_error: 5.286e-02, lr: 1.000e-03, Time: 4.47e+03
INFO:src.utils.logger:Model state saved to results\ho\DV\20260305-054940_seed0_ho_DV_bl_layered_e1500_w300_4q_4l\checkpoints\2026-03-05_05-50-04-441757_ho_DV_seed\model.pth
INFO:src.utils.logger:Model weights saved to results\ho\DV\20260305-054940_seed0_ho_DV_bl_layered_e1500_w300_4q_4l\checkpoints\2026-03-05_05-50-04-441757_ho_DV_seed\model_weights.pth
INFO:src.utils.logger:It: 1204, Loss: 1.829e-02, Loss_res: 1.530e-02,  Loss_bcs: 2.755e-04, Loss_ut_ics: 1.351e-05, Loss_norm: 1.144e-06, Loss_gauge: 0.000e+00, w_pde: 1.00e+00, L^2_error: 5.284e-02, lr: 1.000e-03, Time: 4.48e+03
INFO:src.utils.logger:Model state saved to results\ho\DV\20260305-054940_seed0_ho_DV_bl_layered_e1500_w300_4q_4l\checkpoints\2026-03-05_05-50-04-441757_ho_DV_seed\model.pth
INFO:src.utils.logger:Model weights saved to results\ho\DV\20260305-054940_seed0_ho_DV_bl_layered_e1500_w300_4q_4l\checkpoints\2026-03-05_05-50-04-441757_ho_DV_seed\model_weights.pth
INFO:src.utils.logger:It: 1205, Loss: 1.929e-02, Loss_res: 1.630e-02,  Loss_bcs: 2.848e-04, Loss_ut_ics: 1.355e-05, Loss_norm: 9.829e-07, Loss_gauge: 0.000e+00, w_pde: 1.00e+00, L^2_error: 5.280e-02, lr: 1.000e-03, Time: 4.48e+03
INFO:src.utils.logger:Model state saved to results\ho\DV\20260305-054940_seed0_ho_DV_bl_layered_e1500_w300_4q_4l\checkpoints\2026-03-05_05-50-04-441757_ho_DV_seed\model.pth
INFO:src.utils.logger:Model weights saved to results\ho\DV\20260305-054940_seed0_ho_DV_bl_layered_e1500_w300_4q_4l\checkpoints\2026-03-05_05-50-04-441757_ho_DV_seed\model_weights.pth
INFO:src.utils.logger:It: 1206, Loss: 1.869e-02, Loss_res: 1.568e-02,  Loss_bcs: 2.876e-04, Loss_ut_ics: 1.362e-05, Loss_norm: 8.833e-07, Loss_gauge: 0.000e+00, w_pde: 1.00e+00, L^2_error: 5.276e-02, lr: 1.000e-03, Time: 4.49e+03
INFO:src.utils.logger:Model state saved to results\ho\DV\20260305-054940_seed0_ho_DV_bl_layered_e1500_w300_4q_4l\checkpoints\2026-03-05_05-50-04-441757_ho_DV_seed\model.pth
INFO:src.utils.logger:Model weights saved to results\ho\DV\20260305-054940_seed0_ho_DV_bl_layered_e1500_w300_4q_4l\checkpoints\2026-03-05_05-50-04-441757_ho_DV_seed\model_weights.pth
INFO:src.utils.logger:It: 1207, Loss: 1.842e-02, Loss_res: 1.541e-02,  Loss_bcs: 2.780e-04, Loss_ut_ics: 1.365e-05, Loss_norm: 9.741e-07, Loss_gauge: 0.000e+00, w_pde: 1.00e+00, L^2_error: 5.273e-02, lr: 1.000e-03, Time: 4.49e+03
INFO:src.utils.logger:Model state saved to results\ho\DV\20260305-054940_seed0_ho_DV_bl_layered_e1500_w300_4q_4l\checkpoints\2026-03-05_05-50-04-441757_ho_DV_seed\model.pth
INFO:src.utils.logger:Model weights saved to results\ho\DV\20260305-054940_seed0_ho_DV_bl_layered_e1500_w300_4q_4l\checkpoints\2026-03-05_05-50-04-441757_ho_DV_seed\model_weights.pth
INFO:src.utils.logger:It: 1208, Loss: 1.766e-02, Loss_res: 1.464e-02,  Loss_bcs: 2.832e-04, Loss_ut_ics: 1.364e-05, Loss_norm: 1.245e-06, Loss_gauge: 0.000e+00, w_pde: 1.00e+00, L^2_error: 5.271e-02, lr: 1.000e-03, Time: 4.49e+03
INFO:src.utils.logger:Model state saved to results\ho\DV\20260305-054940_seed0_ho_DV_bl_layered_e1500_w300_4q_4l\checkpoints\2026-03-05_05-50-04-441757_ho_DV_seed\model.pth
INFO:src.utils.logger:Model weights saved to results\ho\DV\20260305-054940_seed0_ho_DV_bl_layered_e1500_w300_4q_4l\checkpoints\2026-03-05_05-50-04-441757_ho_DV_seed\model_weights.pth
INFO:src.utils.logger:It: 1209, Loss: 1.817e-02, Loss_res: 1.516e-02,  Loss_bcs: 2.802e-04, Loss_ut_ics: 1.361e-05, Loss_norm: 1.562e-06, Loss_gauge: 0.000e+00, w_pde: 1.00e+00, L^2_error: 5.269e-02, lr: 1.000e-03, Time: 4.50e+03
INFO:src.utils.logger:Model state saved to results\ho\DV\20260305-054940_seed0_ho_DV_bl_layered_e1500_w300_4q_4l\checkpoints\2026-03-05_05-50-04-441757_ho_DV_seed\model.pth
INFO:src.utils.logger:Model weights saved to results\ho\DV\20260305-054940_seed0_ho_DV_bl_layered_e1500_w300_4q_4l\checkpoints\2026-03-05_05-50-04-441757_ho_DV_seed\model_weights.pth
INFO:src.utils.logger:It: 1210, Loss: 1.692e-02, Loss_res: 1.391e-02,  Loss_bcs: 2.875e-04, Loss_ut_ics: 1.356e-05, Loss_norm: 1.929e-06, Loss_gauge: 0.000e+00, w_pde: 1.00e+00, L^2_error: 5.267e-02, lr: 1.000e-03, Time: 4.50e+03
INFO:src.utils.logger:Model state saved to results\ho\DV\20260305-054940_seed0_ho_DV_bl_layered_e1500_w300_4q_4l\checkpoints\2026-03-05_05-50-04-441757_ho_DV_seed\model.pth
INFO:src.utils.logger:Model weights saved to results\ho\DV\20260305-054940_seed0_ho_DV_bl_layered_e1500_w300_4q_4l\checkpoints\2026-03-05_05-50-04-441757_ho_DV_seed\model_weights.pth
INFO:src.utils.logger:It: 1211, Loss: 1.905e-02, Loss_res: 1.604e-02,  Loss_bcs: 2.852e-04, Loss_ut_ics: 1.358e-05, Loss_norm: 1.859e-06, Loss_gauge: 0.000e+00, w_pde: 1.00e+00, L^2_error: 5.265e-02, lr: 1.000e-03, Time: 4.50e+03
INFO:src.utils.logger:Model state saved to results\ho\DV\20260305-054940_seed0_ho_DV_bl_layered_e1500_w300_4q_4l\checkpoints\2026-03-05_05-50-04-441757_ho_DV_seed\model.pth
INFO:src.utils.logger:Model weights saved to results\ho\DV\20260305-054940_seed0_ho_DV_bl_layered_e1500_w300_4q_4l\checkpoints\2026-03-05_05-50-04-441757_ho_DV_seed\model_weights.pth
INFO:src.utils.logger:It: 1212, Loss: 1.867e-02, Loss_res: 1.566e-02,  Loss_bcs: 2.851e-04, Loss_ut_ics: 1.357e-05, Loss_norm: 1.804e-06, Loss_gauge: 0.000e+00, w_pde: 1.00e+00, L^2_error: 5.262e-02, lr: 1.000e-03, Time: 4.51e+03
INFO:src.utils.logger:Model state saved to results\ho\DV\20260305-054940_seed0_ho_DV_bl_layered_e1500_w300_4q_4l\checkpoints\2026-03-05_05-50-04-441757_ho_DV_seed\model.pth
INFO:src.utils.logger:Model weights saved to results\ho\DV\20260305-054940_seed0_ho_DV_bl_layered_e1500_w300_4q_4l\checkpoints\2026-03-05_05-50-04-441757_ho_DV_seed\model_weights.pth
INFO:src.utils.logger:It: 1213, Loss: 1.865e-02, Loss_res: 1.564e-02,  Loss_bcs: 2.783e-04, Loss_ut_ics: 1.358e-05, Loss_norm: 1.633e-06, Loss_gauge: 0.000e+00, w_pde: 1.00e+00, L^2_error: 5.259e-02, lr: 1.000e-03, Time: 4.51e+03
INFO:src.utils.logger:Model state saved to results\ho\DV\20260305-054940_seed0_ho_DV_bl_layered_e1500_w300_4q_4l\checkpoints\2026-03-05_05-50-04-441757_ho_DV_seed\model.pth
INFO:src.utils.logger:Model weights saved to results\ho\DV\20260305-054940_seed0_ho_DV_bl_layered_e1500_w300_4q_4l\checkpoints\2026-03-05_05-50-04-441757_ho_DV_seed\model_weights.pth
INFO:src.utils.logger:It: 1214, Loss: 1.735e-02, Loss_res: 1.434e-02,  Loss_bcs: 2.813e-04, Loss_ut_ics: 1.356e-05, Loss_norm: 1.451e-06, Loss_gauge: 0.000e+00, w_pde: 1.00e+00, L^2_error: 5.257e-02, lr: 1.000e-03, Time: 4.51e+03
INFO:src.utils.logger:Model state saved to results\ho\DV\20260305-054940_seed0_ho_DV_bl_layered_e1500_w300_4q_4l\checkpoints\2026-03-05_05-50-04-441757_ho_DV_seed\model.pth
INFO:src.utils.logger:Model weights saved to results\ho\DV\20260305-054940_seed0_ho_DV_bl_layered_e1500_w300_4q_4l\checkpoints\2026-03-05_05-50-04-441757_ho_DV_seed\model_weights.pth
INFO:src.utils.logger:It: 1215, Loss: 1.695e-02, Loss_res: 1.397e-02,  Loss_bcs: 2.849e-04, Loss_ut_ics: 1.347e-05, Loss_norm: 1.423e-06, Loss_gauge: 0.000e+00, w_pde: 1.00e+00, L^2_error: 5.254e-02, lr: 1.000e-03, Time: 4.52e+03
INFO:src.utils.logger:Model state saved to results\ho\DV\20260305-054940_seed0_ho_DV_bl_layered_e1500_w300_4q_4l\checkpoints\2026-03-05_05-50-04-441757_ho_DV_seed\model.pth
INFO:src.utils.logger:Model weights saved to results\ho\DV\20260305-054940_seed0_ho_DV_bl_layered_e1500_w300_4q_4l\checkpoints\2026-03-05_05-50-04-441757_ho_DV_seed\model_weights.pth
INFO:src.utils.logger:It: 1216, Loss: 1.822e-02, Loss_res: 1.525e-02,  Loss_bcs: 2.789e-04, Loss_ut_ics: 1.340e-05, Loss_norm: 1.224e-06, Loss_gauge: 0.000e+00, w_pde: 1.00e+00, L^2_error: 5.252e-02, lr: 1.000e-03, Time: 4.52e+03
INFO:src.utils.logger:Model state saved to results\ho\DV\20260305-054940_seed0_ho_DV_bl_layered_e1500_w300_4q_4l\checkpoints\2026-03-05_05-50-04-441757_ho_DV_seed\model.pth
INFO:src.utils.logger:Model weights saved to results\ho\DV\20260305-054940_seed0_ho_DV_bl_layered_e1500_w300_4q_4l\checkpoints\2026-03-05_05-50-04-441757_ho_DV_seed\model_weights.pth
INFO:src.utils.logger:It: 1217, Loss: 1.793e-02, Loss_res: 1.498e-02,  Loss_bcs: 2.796e-04, Loss_ut_ics: 1.335e-05, Loss_norm: 1.051e-06, Loss_gauge: 0.000e+00, w_pde: 1.00e+00, L^2_error: 5.250e-02, lr: 1.000e-03, Time: 4.53e+03
INFO:src.utils.logger:Model state saved to results\ho\DV\20260305-054940_seed0_ho_DV_bl_layered_e1500_w300_4q_4l\checkpoints\2026-03-05_05-50-04-441757_ho_DV_seed\model.pth
INFO:src.utils.logger:Model weights saved to results\ho\DV\20260305-054940_seed0_ho_DV_bl_layered_e1500_w300_4q_4l\checkpoints\2026-03-05_05-50-04-441757_ho_DV_seed\model_weights.pth
INFO:src.utils.logger:It: 1218, Loss: 1.776e-02, Loss_res: 1.482e-02,  Loss_bcs: 2.762e-04, Loss_ut_ics: 1.332e-05, Loss_norm: 9.425e-07, Loss_gauge: 0.000e+00, w_pde: 1.00e+00, L^2_error: 5.250e-02, lr: 1.000e-03, Time: 4.53e+03
INFO:src.utils.logger:Model state saved to results\ho\DV\20260305-054940_seed0_ho_DV_bl_layered_e1500_w300_4q_4l\checkpoints\2026-03-05_05-50-04-441757_ho_DV_seed\model.pth
INFO:src.utils.logger:Model weights saved to results\ho\DV\20260305-054940_seed0_ho_DV_bl_layered_e1500_w300_4q_4l\checkpoints\2026-03-05_05-50-04-441757_ho_DV_seed\model_weights.pth
INFO:src.utils.logger:It: 1219, Loss: 1.783e-02, Loss_res: 1.489e-02,  Loss_bcs: 2.809e-04, Loss_ut_ics: 1.327e-05, Loss_norm: 9.635e-07, Loss_gauge: 0.000e+00, w_pde: 1.00e+00, L^2_error: 5.248e-02, lr: 1.000e-03, Time: 4.53e+03
INFO:src.utils.logger:Model state saved to results\ho\DV\20260305-054940_seed0_ho_DV_bl_layered_e1500_w300_4q_4l\checkpoints\2026-03-05_05-50-04-441757_ho_DV_seed\model.pth
INFO:src.utils.logger:Model weights saved to results\ho\DV\20260305-054940_seed0_ho_DV_bl_layered_e1500_w300_4q_4l\checkpoints\2026-03-05_05-50-04-441757_ho_DV_seed\model_weights.pth
INFO:src.utils.logger:It: 1220, Loss: 1.986e-02, Loss_res: 1.693e-02,  Loss_bcs: 2.799e-04, Loss_ut_ics: 1.326e-05, Loss_norm: 9.559e-07, Loss_gauge: 0.000e+00, w_pde: 1.00e+00, L^2_error: 5.247e-02, lr: 1.000e-03, Time: 4.54e+03
INFO:src.utils.logger:Model state saved to results\ho\DV\20260305-054940_seed0_ho_DV_bl_layered_e1500_w300_4q_4l\checkpoints\2026-03-05_05-50-04-441757_ho_DV_seed\model.pth
INFO:src.utils.logger:Model weights saved to results\ho\DV\20260305-054940_seed0_ho_DV_bl_layered_e1500_w300_4q_4l\checkpoints\2026-03-05_05-50-04-441757_ho_DV_seed\model_weights.pth
INFO:src.utils.logger:It: 1221, Loss: 1.815e-02, Loss_res: 1.523e-02,  Loss_bcs: 2.754e-04, Loss_ut_ics: 1.320e-05, Loss_norm: 1.196e-06, Loss_gauge: 0.000e+00, w_pde: 1.00e+00, L^2_error: 5.244e-02, lr: 1.000e-03, Time: 4.54e+03
INFO:src.utils.logger:Model state saved to results\ho\DV\20260305-054940_seed0_ho_DV_bl_layered_e1500_w300_4q_4l\checkpoints\2026-03-05_05-50-04-441757_ho_DV_seed\model.pth
INFO:src.utils.logger:Model weights saved to results\ho\DV\20260305-054940_seed0_ho_DV_bl_layered_e1500_w300_4q_4l\checkpoints\2026-03-05_05-50-04-441757_ho_DV_seed\model_weights.pth
INFO:src.utils.logger:It: 1222, Loss: 1.789e-02, Loss_res: 1.497e-02,  Loss_bcs: 2.790e-04, Loss_ut_ics: 1.320e-05, Loss_norm: 1.240e-06, Loss_gauge: 0.000e+00, w_pde: 1.00e+00, L^2_error: 5.241e-02, lr: 1.000e-03, Time: 4.54e+03
INFO:src.utils.logger:Model state saved to results\ho\DV\20260305-054940_seed0_ho_DV_bl_layered_e1500_w300_4q_4l\checkpoints\2026-03-05_05-50-04-441757_ho_DV_seed\model.pth
INFO:src.utils.logger:Model weights saved to results\ho\DV\20260305-054940_seed0_ho_DV_bl_layered_e1500_w300_4q_4l\checkpoints\2026-03-05_05-50-04-441757_ho_DV_seed\model_weights.pth
INFO:src.utils.logger:It: 1223, Loss: 1.730e-02, Loss_res: 1.438e-02,  Loss_bcs: 2.682e-04, Loss_ut_ics: 1.321e-05, Loss_norm: 1.267e-06, Loss_gauge: 0.000e+00, w_pde: 1.00e+00, L^2_error: 5.238e-02, lr: 1.000e-03, Time: 4.55e+03
INFO:src.utils.logger:Model state saved to results\ho\DV\20260305-054940_seed0_ho_DV_bl_layered_e1500_w300_4q_4l\checkpoints\2026-03-05_05-50-04-441757_ho_DV_seed\model.pth
INFO:src.utils.logger:Model weights saved to results\ho\DV\20260305-054940_seed0_ho_DV_bl_layered_e1500_w300_4q_4l\checkpoints\2026-03-05_05-50-04-441757_ho_DV_seed\model_weights.pth
INFO:src.utils.logger:It: 1224, Loss: 1.745e-02, Loss_res: 1.452e-02,  Loss_bcs: 2.699e-04, Loss_ut_ics: 1.330e-05, Loss_norm: 1.124e-06, Loss_gauge: 0.000e+00, w_pde: 1.00e+00, L^2_error: 5.235e-02, lr: 1.000e-03, Time: 4.55e+03
INFO:src.utils.logger:Model state saved to results\ho\DV\20260305-054940_seed0_ho_DV_bl_layered_e1500_w300_4q_4l\checkpoints\2026-03-05_05-50-04-441757_ho_DV_seed\model.pth
INFO:src.utils.logger:Model weights saved to results\ho\DV\20260305-054940_seed0_ho_DV_bl_layered_e1500_w300_4q_4l\checkpoints\2026-03-05_05-50-04-441757_ho_DV_seed\model_weights.pth
INFO:src.utils.logger:It: 1225, Loss: 1.791e-02, Loss_res: 1.494e-02,  Loss_bcs: 2.847e-04, Loss_ut_ics: 1.342e-05, Loss_norm: 9.587e-07, Loss_gauge: 0.000e+00, w_pde: 1.00e+00, L^2_error: 5.232e-02, lr: 1.000e-03, Time: 4.56e+03
INFO:src.utils.logger:Model state saved to results\ho\DV\20260305-054940_seed0_ho_DV_bl_layered_e1500_w300_4q_4l\checkpoints\2026-03-05_05-50-04-441757_ho_DV_seed\model.pth
INFO:src.utils.logger:Model weights saved to results\ho\DV\20260305-054940_seed0_ho_DV_bl_layered_e1500_w300_4q_4l\checkpoints\2026-03-05_05-50-04-441757_ho_DV_seed\model_weights.pth
INFO:src.utils.logger:It: 1226, Loss: 1.805e-02, Loss_res: 1.507e-02,  Loss_bcs: 2.813e-04, Loss_ut_ics: 1.347e-05, Loss_norm: 1.030e-06, Loss_gauge: 0.000e+00, w_pde: 1.00e+00, L^2_error: 5.228e-02, lr: 1.000e-03, Time: 4.56e+03
INFO:src.utils.logger:Model state saved to results\ho\DV\20260305-054940_seed0_ho_DV_bl_layered_e1500_w300_4q_4l\checkpoints\2026-03-05_05-50-04-441757_ho_DV_seed\model.pth
INFO:src.utils.logger:Model weights saved to results\ho\DV\20260305-054940_seed0_ho_DV_bl_layered_e1500_w300_4q_4l\checkpoints\2026-03-05_05-50-04-441757_ho_DV_seed\model_weights.pth
INFO:src.utils.logger:It: 1227, Loss: 1.865e-02, Loss_res: 1.566e-02,  Loss_bcs: 2.827e-04, Loss_ut_ics: 1.348e-05, Loss_norm: 1.387e-06, Loss_gauge: 0.000e+00, w_pde: 1.00e+00, L^2_error: 5.225e-02, lr: 1.000e-03, Time: 4.56e+03
INFO:src.utils.logger:Model state saved to results\ho\DV\20260305-054940_seed0_ho_DV_bl_layered_e1500_w300_4q_4l\checkpoints\2026-03-05_05-50-04-441757_ho_DV_seed\model.pth
INFO:src.utils.logger:Model weights saved to results\ho\DV\20260305-054940_seed0_ho_DV_bl_layered_e1500_w300_4q_4l\checkpoints\2026-03-05_05-50-04-441757_ho_DV_seed\model_weights.pth
INFO:src.utils.logger:It: 1228, Loss: 1.826e-02, Loss_res: 1.528e-02,  Loss_bcs: 2.821e-04, Loss_ut_ics: 1.343e-05, Loss_norm: 1.822e-06, Loss_gauge: 0.000e+00, w_pde: 1.00e+00, L^2_error: 5.222e-02, lr: 1.000e-03, Time: 4.57e+03
INFO:src.utils.logger:Model state saved to results\ho\DV\20260305-054940_seed0_ho_DV_bl_layered_e1500_w300_4q_4l\checkpoints\2026-03-05_05-50-04-441757_ho_DV_seed\model.pth
INFO:src.utils.logger:Model weights saved to results\ho\DV\20260305-054940_seed0_ho_DV_bl_layered_e1500_w300_4q_4l\checkpoints\2026-03-05_05-50-04-441757_ho_DV_seed\model_weights.pth
INFO:src.utils.logger:It: 1229, Loss: 1.760e-02, Loss_res: 1.464e-02,  Loss_bcs: 2.856e-04, Loss_ut_ics: 1.334e-05, Loss_norm: 2.293e-06, Loss_gauge: 0.000e+00, w_pde: 1.00e+00, L^2_error: 5.221e-02, lr: 1.000e-03, Time: 4.57e+03
INFO:src.utils.logger:Model state saved to results\ho\DV\20260305-054940_seed0_ho_DV_bl_layered_e1500_w300_4q_4l\checkpoints\2026-03-05_05-50-04-441757_ho_DV_seed\model.pth
INFO:src.utils.logger:Model weights saved to results\ho\DV\20260305-054940_seed0_ho_DV_bl_layered_e1500_w300_4q_4l\checkpoints\2026-03-05_05-50-04-441757_ho_DV_seed\model_weights.pth
INFO:src.utils.logger:It: 1230, Loss: 1.759e-02, Loss_res: 1.465e-02,  Loss_bcs: 2.793e-04, Loss_ut_ics: 1.326e-05, Loss_norm: 2.425e-06, Loss_gauge: 0.000e+00, w_pde: 1.00e+00, L^2_error: 5.220e-02, lr: 1.000e-03, Time: 4.58e+03
INFO:src.utils.logger:Model state saved to results\ho\DV\20260305-054940_seed0_ho_DV_bl_layered_e1500_w300_4q_4l\checkpoints\2026-03-05_05-50-04-441757_ho_DV_seed\model.pth
INFO:src.utils.logger:Model weights saved to results\ho\DV\20260305-054940_seed0_ho_DV_bl_layered_e1500_w300_4q_4l\checkpoints\2026-03-05_05-50-04-441757_ho_DV_seed\model_weights.pth
INFO:src.utils.logger:It: 1231, Loss: 1.826e-02, Loss_res: 1.533e-02,  Loss_bcs: 2.777e-04, Loss_ut_ics: 1.321e-05, Loss_norm: 2.099e-06, Loss_gauge: 0.000e+00, w_pde: 1.00e+00, L^2_error: 5.219e-02, lr: 1.000e-03, Time: 4.58e+03
INFO:src.utils.logger:Model state saved to results\ho\DV\20260305-054940_seed0_ho_DV_bl_layered_e1500_w300_4q_4l\checkpoints\2026-03-05_05-50-04-441757_ho_DV_seed\model.pth
INFO:src.utils.logger:Model weights saved to results\ho\DV\20260305-054940_seed0_ho_DV_bl_layered_e1500_w300_4q_4l\checkpoints\2026-03-05_05-50-04-441757_ho_DV_seed\model_weights.pth
INFO:src.utils.logger:It: 1232, Loss: 1.734e-02, Loss_res: 1.442e-02,  Loss_bcs: 2.759e-04, Loss_ut_ics: 1.316e-05, Loss_norm: 1.504e-06, Loss_gauge: 0.000e+00, w_pde: 1.00e+00, L^2_error: 5.219e-02, lr: 1.000e-03, Time: 4.58e+03
INFO:src.utils.logger:Model state saved to results\ho\DV\20260305-054940_seed0_ho_DV_bl_layered_e1500_w300_4q_4l\checkpoints\2026-03-05_05-50-04-441757_ho_DV_seed\model.pth
INFO:src.utils.logger:Model weights saved to results\ho\DV\20260305-054940_seed0_ho_DV_bl_layered_e1500_w300_4q_4l\checkpoints\2026-03-05_05-50-04-441757_ho_DV_seed\model_weights.pth
INFO:src.utils.logger:It: 1233, Loss: 1.778e-02, Loss_res: 1.487e-02,  Loss_bcs: 2.794e-04, Loss_ut_ics: 1.312e-05, Loss_norm: 9.287e-07, Loss_gauge: 0.000e+00, w_pde: 1.00e+00, L^2_error: 5.218e-02, lr: 1.000e-03, Time: 4.59e+03
INFO:src.utils.logger:Model state saved to results\ho\DV\20260305-054940_seed0_ho_DV_bl_layered_e1500_w300_4q_4l\checkpoints\2026-03-05_05-50-04-441757_ho_DV_seed\model.pth
INFO:src.utils.logger:Model weights saved to results\ho\DV\20260305-054940_seed0_ho_DV_bl_layered_e1500_w300_4q_4l\checkpoints\2026-03-05_05-50-04-441757_ho_DV_seed\model_weights.pth
INFO:src.utils.logger:It: 1234, Loss: 1.790e-02, Loss_res: 1.501e-02,  Loss_bcs: 2.720e-04, Loss_ut_ics: 1.308e-05, Loss_norm: 6.637e-07, Loss_gauge: 0.000e+00, w_pde: 1.00e+00, L^2_error: 5.217e-02, lr: 1.000e-03, Time: 4.59e+03
INFO:src.utils.logger:Model state saved to results\ho\DV\20260305-054940_seed0_ho_DV_bl_layered_e1500_w300_4q_4l\checkpoints\2026-03-05_05-50-04-441757_ho_DV_seed\model.pth
INFO:src.utils.logger:Model weights saved to results\ho\DV\20260305-054940_seed0_ho_DV_bl_layered_e1500_w300_4q_4l\checkpoints\2026-03-05_05-50-04-441757_ho_DV_seed\model_weights.pth
INFO:src.utils.logger:It: 1235, Loss: 1.770e-02, Loss_res: 1.482e-02,  Loss_bcs: 2.770e-04, Loss_ut_ics: 1.301e-05, Loss_norm: 6.355e-07, Loss_gauge: 0.000e+00, w_pde: 1.00e+00, L^2_error: 5.216e-02, lr: 1.000e-03, Time: 4.59e+03
INFO:src.utils.logger:Model state saved to results\ho\DV\20260305-054940_seed0_ho_DV_bl_layered_e1500_w300_4q_4l\checkpoints\2026-03-05_05-50-04-441757_ho_DV_seed\model.pth
INFO:src.utils.logger:Model weights saved to results\ho\DV\20260305-054940_seed0_ho_DV_bl_layered_e1500_w300_4q_4l\checkpoints\2026-03-05_05-50-04-441757_ho_DV_seed\model_weights.pth
INFO:src.utils.logger:It: 1236, Loss: 1.796e-02, Loss_res: 1.509e-02,  Loss_bcs: 2.732e-04, Loss_ut_ics: 1.293e-05, Loss_norm: 7.629e-07, Loss_gauge: 0.000e+00, w_pde: 1.00e+00, L^2_error: 5.214e-02, lr: 1.000e-03, Time: 4.60e+03
INFO:src.utils.logger:Model state saved to results\ho\DV\20260305-054940_seed0_ho_DV_bl_layered_e1500_w300_4q_4l\checkpoints\2026-03-05_05-50-04-441757_ho_DV_seed\model.pth
INFO:src.utils.logger:Model weights saved to results\ho\DV\20260305-054940_seed0_ho_DV_bl_layered_e1500_w300_4q_4l\checkpoints\2026-03-05_05-50-04-441757_ho_DV_seed\model_weights.pth
INFO:src.utils.logger:It: 1237, Loss: 1.779e-02, Loss_res: 1.494e-02,  Loss_bcs: 2.679e-04, Loss_ut_ics: 1.286e-05, Loss_norm: 1.095e-06, Loss_gauge: 0.000e+00, w_pde: 1.00e+00, L^2_error: 5.211e-02, lr: 1.000e-03, Time: 4.60e+03
INFO:src.utils.logger:Model state saved to results\ho\DV\20260305-054940_seed0_ho_DV_bl_layered_e1500_w300_4q_4l\checkpoints\2026-03-05_05-50-04-441757_ho_DV_seed\model.pth
INFO:src.utils.logger:Model weights saved to results\ho\DV\20260305-054940_seed0_ho_DV_bl_layered_e1500_w300_4q_4l\checkpoints\2026-03-05_05-50-04-441757_ho_DV_seed\model_weights.pth
INFO:src.utils.logger:It: 1238, Loss: 1.792e-02, Loss_res: 1.507e-02,  Loss_bcs: 2.723e-04, Loss_ut_ics: 1.285e-05, Loss_norm: 1.400e-06, Loss_gauge: 0.000e+00, w_pde: 1.00e+00, L^2_error: 5.206e-02, lr: 1.000e-03, Time: 4.60e+03
INFO:src.utils.logger:Model state saved to results\ho\DV\20260305-054940_seed0_ho_DV_bl_layered_e1500_w300_4q_4l\checkpoints\2026-03-05_05-50-04-441757_ho_DV_seed\model.pth
INFO:src.utils.logger:Model weights saved to results\ho\DV\20260305-054940_seed0_ho_DV_bl_layered_e1500_w300_4q_4l\checkpoints\2026-03-05_05-50-04-441757_ho_DV_seed\model_weights.pth
INFO:src.utils.logger:It: 1239, Loss: 1.899e-02, Loss_res: 1.613e-02,  Loss_bcs: 2.758e-04, Loss_ut_ics: 1.288e-05, Loss_norm: 1.609e-06, Loss_gauge: 0.000e+00, w_pde: 1.00e+00, L^2_error: 5.200e-02, lr: 1.000e-03, Time: 4.61e+03
INFO:src.utils.logger:Model state saved to results\ho\DV\20260305-054940_seed0_ho_DV_bl_layered_e1500_w300_4q_4l\checkpoints\2026-03-05_05-50-04-441757_ho_DV_seed\model.pth
INFO:src.utils.logger:Model weights saved to results\ho\DV\20260305-054940_seed0_ho_DV_bl_layered_e1500_w300_4q_4l\checkpoints\2026-03-05_05-50-04-441757_ho_DV_seed\model_weights.pth
INFO:src.utils.logger:It: 1240, Loss: 1.721e-02, Loss_res: 1.434e-02,  Loss_bcs: 2.757e-04, Loss_ut_ics: 1.295e-05, Loss_norm: 1.790e-06, Loss_gauge: 0.000e+00, w_pde: 1.00e+00, L^2_error: 5.193e-02, lr: 1.000e-03, Time: 4.61e+03
INFO:src.utils.logger:Model state saved to results\ho\DV\20260305-054940_seed0_ho_DV_bl_layered_e1500_w300_4q_4l\checkpoints\2026-03-05_05-50-04-441757_ho_DV_seed\model.pth
INFO:src.utils.logger:Model weights saved to results\ho\DV\20260305-054940_seed0_ho_DV_bl_layered_e1500_w300_4q_4l\checkpoints\2026-03-05_05-50-04-441757_ho_DV_seed\model_weights.pth
INFO:src.utils.logger:It: 1241, Loss: 1.830e-02, Loss_res: 1.540e-02,  Loss_bcs: 2.735e-04, Loss_ut_ics: 1.308e-05, Loss_norm: 1.765e-06, Loss_gauge: 0.000e+00, w_pde: 1.00e+00, L^2_error: 5.186e-02, lr: 1.000e-03, Time: 4.62e+03
INFO:src.utils.logger:Model state saved to results\ho\DV\20260305-054940_seed0_ho_DV_bl_layered_e1500_w300_4q_4l\checkpoints\2026-03-05_05-50-04-441757_ho_DV_seed\model.pth
INFO:src.utils.logger:Model weights saved to results\ho\DV\20260305-054940_seed0_ho_DV_bl_layered_e1500_w300_4q_4l\checkpoints\2026-03-05_05-50-04-441757_ho_DV_seed\model_weights.pth
INFO:src.utils.logger:It: 1242, Loss: 1.835e-02, Loss_res: 1.543e-02,  Loss_bcs: 2.742e-04, Loss_ut_ics: 1.317e-05, Loss_norm: 1.848e-06, Loss_gauge: 0.000e+00, w_pde: 1.00e+00, L^2_error: 5.180e-02, lr: 1.000e-03, Time: 4.62e+03
INFO:src.utils.logger:Model state saved to results\ho\DV\20260305-054940_seed0_ho_DV_bl_layered_e1500_w300_4q_4l\checkpoints\2026-03-05_05-50-04-441757_ho_DV_seed\model.pth
INFO:src.utils.logger:Model weights saved to results\ho\DV\20260305-054940_seed0_ho_DV_bl_layered_e1500_w300_4q_4l\checkpoints\2026-03-05_05-50-04-441757_ho_DV_seed\model_weights.pth
INFO:src.utils.logger:It: 1243, Loss: 1.786e-02, Loss_res: 1.493e-02,  Loss_bcs: 2.781e-04, Loss_ut_ics: 1.317e-05, Loss_norm: 2.200e-06, Loss_gauge: 0.000e+00, w_pde: 1.00e+00, L^2_error: 5.175e-02, lr: 1.000e-03, Time: 4.62e+03
INFO:src.utils.logger:Model state saved to results\ho\DV\20260305-054940_seed0_ho_DV_bl_layered_e1500_w300_4q_4l\checkpoints\2026-03-05_05-50-04-441757_ho_DV_seed\model.pth
INFO:src.utils.logger:Model weights saved to results\ho\DV\20260305-054940_seed0_ho_DV_bl_layered_e1500_w300_4q_4l\checkpoints\2026-03-05_05-50-04-441757_ho_DV_seed\model_weights.pth
INFO:src.utils.logger:It: 1244, Loss: 1.667e-02, Loss_res: 1.376e-02,  Loss_bcs: 2.694e-04, Loss_ut_ics: 1.313e-05, Loss_norm: 2.483e-06, Loss_gauge: 0.000e+00, w_pde: 1.00e+00, L^2_error: 5.170e-02, lr: 1.000e-03, Time: 4.63e+03
INFO:src.utils.logger:Model state saved to results\ho\DV\20260305-054940_seed0_ho_DV_bl_layered_e1500_w300_4q_4l\checkpoints\2026-03-05_05-50-04-441757_ho_DV_seed\model.pth
INFO:src.utils.logger:Model weights saved to results\ho\DV\20260305-054940_seed0_ho_DV_bl_layered_e1500_w300_4q_4l\checkpoints\2026-03-05_05-50-04-441757_ho_DV_seed\model_weights.pth
INFO:src.utils.logger:It: 1245, Loss: 1.636e-02, Loss_res: 1.346e-02,  Loss_bcs: 2.711e-04, Loss_ut_ics: 1.307e-05, Loss_norm: 2.431e-06, Loss_gauge: 0.000e+00, w_pde: 1.00e+00, L^2_error: 5.168e-02, lr: 1.000e-03, Time: 4.63e+03
INFO:src.utils.logger:Model state saved to results\ho\DV\20260305-054940_seed0_ho_DV_bl_layered_e1500_w300_4q_4l\checkpoints\2026-03-05_05-50-04-441757_ho_DV_seed\model.pth
INFO:src.utils.logger:Model weights saved to results\ho\DV\20260305-054940_seed0_ho_DV_bl_layered_e1500_w300_4q_4l\checkpoints\2026-03-05_05-50-04-441757_ho_DV_seed\model_weights.pth
INFO:src.utils.logger:It: 1246, Loss: 1.769e-02, Loss_res: 1.481e-02,  Loss_bcs: 2.698e-04, Loss_ut_ics: 1.301e-05, Loss_norm: 2.130e-06, Loss_gauge: 0.000e+00, w_pde: 1.00e+00, L^2_error: 5.168e-02, lr: 1.000e-03, Time: 4.63e+03
INFO:src.utils.logger:Model state saved to results\ho\DV\20260305-054940_seed0_ho_DV_bl_layered_e1500_w300_4q_4l\checkpoints\2026-03-05_05-50-04-441757_ho_DV_seed\model.pth
INFO:src.utils.logger:Model weights saved to results\ho\DV\20260305-054940_seed0_ho_DV_bl_layered_e1500_w300_4q_4l\checkpoints\2026-03-05_05-50-04-441757_ho_DV_seed\model_weights.pth
INFO:src.utils.logger:It: 1247, Loss: 1.871e-02, Loss_res: 1.584e-02,  Loss_bcs: 2.766e-04, Loss_ut_ics: 1.290e-05, Loss_norm: 1.771e-06, Loss_gauge: 0.000e+00, w_pde: 1.00e+00, L^2_error: 5.168e-02, lr: 1.000e-03, Time: 4.64e+03
INFO:src.utils.logger:Model state saved to results\ho\DV\20260305-054940_seed0_ho_DV_bl_layered_e1500_w300_4q_4l\checkpoints\2026-03-05_05-50-04-441757_ho_DV_seed\model.pth
INFO:src.utils.logger:Model weights saved to results\ho\DV\20260305-054940_seed0_ho_DV_bl_layered_e1500_w300_4q_4l\checkpoints\2026-03-05_05-50-04-441757_ho_DV_seed\model_weights.pth
INFO:src.utils.logger:It: 1248, Loss: 1.763e-02, Loss_res: 1.478e-02,  Loss_bcs: 2.697e-04, Loss_ut_ics: 1.282e-05, Loss_norm: 1.435e-06, Loss_gauge: 0.000e+00, w_pde: 1.00e+00, L^2_error: 5.169e-02, lr: 1.000e-03, Time: 4.64e+03
INFO:src.utils.logger:Model state saved to results\ho\DV\20260305-054940_seed0_ho_DV_bl_layered_e1500_w300_4q_4l\checkpoints\2026-03-05_05-50-04-441757_ho_DV_seed\model.pth
INFO:src.utils.logger:Model weights saved to results\ho\DV\20260305-054940_seed0_ho_DV_bl_layered_e1500_w300_4q_4l\checkpoints\2026-03-05_05-50-04-441757_ho_DV_seed\model_weights.pth
INFO:src.utils.logger:It: 1249, Loss: 1.784e-02, Loss_res: 1.501e-02,  Loss_bcs: 2.681e-04, Loss_ut_ics: 1.274e-05, Loss_norm: 1.187e-06, Loss_gauge: 0.000e+00, w_pde: 1.00e+00, L^2_error: 5.170e-02, lr: 1.000e-03, Time: 4.65e+03
INFO:src.utils.logger:Model state saved to results\ho\DV\20260305-054940_seed0_ho_DV_bl_layered_e1500_w300_4q_4l\checkpoints\2026-03-05_05-50-04-441757_ho_DV_seed\model.pth
INFO:src.utils.logger:Model weights saved to results\ho\DV\20260305-054940_seed0_ho_DV_bl_layered_e1500_w300_4q_4l\checkpoints\2026-03-05_05-50-04-441757_ho_DV_seed\model_weights.pth
INFO:src.utils.logger:It: 1250, Loss: 1.652e-02, Loss_res: 1.372e-02,  Loss_bcs: 2.604e-04, Loss_ut_ics: 1.271e-05, Loss_norm: 1.007e-06, Loss_gauge: 0.000e+00, w_pde: 1.00e+00, L^2_error: 5.171e-02, lr: 1.000e-03, Time: 4.65e+03
INFO:src.utils.logger:Model state saved to results\ho\DV\20260305-054940_seed0_ho_DV_bl_layered_e1500_w300_4q_4l\checkpoints\2026-03-05_05-50-04-441757_ho_DV_seed\model.pth
INFO:src.utils.logger:Model weights saved to results\ho\DV\20260305-054940_seed0_ho_DV_bl_layered_e1500_w300_4q_4l\checkpoints\2026-03-05_05-50-04-441757_ho_DV_seed\model_weights.pth
INFO:src.utils.logger:It: 1251, Loss: 1.815e-02, Loss_res: 1.534e-02,  Loss_bcs: 2.689e-04, Loss_ut_ics: 1.269e-05, Loss_norm: 9.470e-07, Loss_gauge: 0.000e+00, w_pde: 1.00e+00, L^2_error: 5.171e-02, lr: 1.000e-03, Time: 4.65e+03
INFO:src.utils.logger:Model state saved to results\ho\DV\20260305-054940_seed0_ho_DV_bl_layered_e1500_w300_4q_4l\checkpoints\2026-03-05_05-50-04-441757_ho_DV_seed\model.pth
INFO:src.utils.logger:Model weights saved to results\ho\DV\20260305-054940_seed0_ho_DV_bl_layered_e1500_w300_4q_4l\checkpoints\2026-03-05_05-50-04-441757_ho_DV_seed\model_weights.pth
INFO:src.utils.logger:It: 1252, Loss: 1.839e-02, Loss_res: 1.557e-02,  Loss_bcs: 2.662e-04, Loss_ut_ics: 1.273e-05, Loss_norm: 9.229e-07, Loss_gauge: 0.000e+00, w_pde: 1.00e+00, L^2_error: 5.170e-02, lr: 1.000e-03, Time: 4.66e+03
INFO:src.utils.logger:Model state saved to results\ho\DV\20260305-054940_seed0_ho_DV_bl_layered_e1500_w300_4q_4l\checkpoints\2026-03-05_05-50-04-441757_ho_DV_seed\model.pth
INFO:src.utils.logger:Model weights saved to results\ho\DV\20260305-054940_seed0_ho_DV_bl_layered_e1500_w300_4q_4l\checkpoints\2026-03-05_05-50-04-441757_ho_DV_seed\model_weights.pth
INFO:src.utils.logger:It: 1253, Loss: 1.754e-02, Loss_res: 1.471e-02,  Loss_bcs: 2.766e-04, Loss_ut_ics: 1.273e-05, Loss_norm: 1.150e-06, Loss_gauge: 0.000e+00, w_pde: 1.00e+00, L^2_error: 5.169e-02, lr: 1.000e-03, Time: 4.66e+03
INFO:src.utils.logger:Model state saved to results\ho\DV\20260305-054940_seed0_ho_DV_bl_layered_e1500_w300_4q_4l\checkpoints\2026-03-05_05-50-04-441757_ho_DV_seed\model.pth
INFO:src.utils.logger:Model weights saved to results\ho\DV\20260305-054940_seed0_ho_DV_bl_layered_e1500_w300_4q_4l\checkpoints\2026-03-05_05-50-04-441757_ho_DV_seed\model_weights.pth
INFO:src.utils.logger:It: 1254, Loss: 1.784e-02, Loss_res: 1.502e-02,  Loss_bcs: 2.663e-04, Loss_ut_ics: 1.272e-05, Loss_norm: 1.512e-06, Loss_gauge: 0.000e+00, w_pde: 1.00e+00, L^2_error: 5.166e-02, lr: 1.000e-03, Time: 4.66e+03
INFO:src.utils.logger:Model state saved to results\ho\DV\20260305-054940_seed0_ho_DV_bl_layered_e1500_w300_4q_4l\checkpoints\2026-03-05_05-50-04-441757_ho_DV_seed\model.pth
INFO:src.utils.logger:Model weights saved to results\ho\DV\20260305-054940_seed0_ho_DV_bl_layered_e1500_w300_4q_4l\checkpoints\2026-03-05_05-50-04-441757_ho_DV_seed\model_weights.pth
INFO:src.utils.logger:It: 1255, Loss: 1.650e-02, Loss_res: 1.368e-02,  Loss_bcs: 2.657e-04, Loss_ut_ics: 1.273e-05, Loss_norm: 1.927e-06, Loss_gauge: 0.000e+00, w_pde: 1.00e+00, L^2_error: 5.162e-02, lr: 1.000e-03, Time: 4.67e+03
INFO:src.utils.logger:Model state saved to results\ho\DV\20260305-054940_seed0_ho_DV_bl_layered_e1500_w300_4q_4l\checkpoints\2026-03-05_05-50-04-441757_ho_DV_seed\model.pth
INFO:src.utils.logger:Model weights saved to results\ho\DV\20260305-054940_seed0_ho_DV_bl_layered_e1500_w300_4q_4l\checkpoints\2026-03-05_05-50-04-441757_ho_DV_seed\model_weights.pth
INFO:src.utils.logger:It: 1256, Loss: 1.746e-02, Loss_res: 1.464e-02,  Loss_bcs: 2.667e-04, Loss_ut_ics: 1.275e-05, Loss_norm: 2.023e-06, Loss_gauge: 0.000e+00, w_pde: 1.00e+00, L^2_error: 5.158e-02, lr: 1.000e-03, Time: 4.67e+03
INFO:src.utils.logger:Model state saved to results\ho\DV\20260305-054940_seed0_ho_DV_bl_layered_e1500_w300_4q_4l\checkpoints\2026-03-05_05-50-04-441757_ho_DV_seed\model.pth
INFO:src.utils.logger:Model weights saved to results\ho\DV\20260305-054940_seed0_ho_DV_bl_layered_e1500_w300_4q_4l\checkpoints\2026-03-05_05-50-04-441757_ho_DV_seed\model_weights.pth
INFO:src.utils.logger:It: 1257, Loss: 1.793e-02, Loss_res: 1.509e-02,  Loss_bcs: 2.789e-04, Loss_ut_ics: 1.276e-05, Loss_norm: 1.824e-06, Loss_gauge: 0.000e+00, w_pde: 1.00e+00, L^2_error: 5.153e-02, lr: 1.000e-03, Time: 4.68e+03
INFO:src.utils.logger:Model state saved to results\ho\DV\20260305-054940_seed0_ho_DV_bl_layered_e1500_w300_4q_4l\checkpoints\2026-03-05_05-50-04-441757_ho_DV_seed\model.pth
INFO:src.utils.logger:Model weights saved to results\ho\DV\20260305-054940_seed0_ho_DV_bl_layered_e1500_w300_4q_4l\checkpoints\2026-03-05_05-50-04-441757_ho_DV_seed\model_weights.pth
INFO:src.utils.logger:It: 1258, Loss: 1.700e-02, Loss_res: 1.416e-02,  Loss_bcs: 2.695e-04, Loss_ut_ics: 1.279e-05, Loss_norm: 1.423e-06, Loss_gauge: 0.000e+00, w_pde: 1.00e+00, L^2_error: 5.150e-02, lr: 1.000e-03, Time: 4.68e+03
INFO:src.utils.logger:Model state saved to results\ho\DV\20260305-054940_seed0_ho_DV_bl_layered_e1500_w300_4q_4l\checkpoints\2026-03-05_05-50-04-441757_ho_DV_seed\model.pth
INFO:src.utils.logger:Model weights saved to results\ho\DV\20260305-054940_seed0_ho_DV_bl_layered_e1500_w300_4q_4l\checkpoints\2026-03-05_05-50-04-441757_ho_DV_seed\model_weights.pth
INFO:src.utils.logger:It: 1259, Loss: 1.728e-02, Loss_res: 1.445e-02,  Loss_bcs: 2.638e-04, Loss_ut_ics: 1.278e-05, Loss_norm: 1.141e-06, Loss_gauge: 0.000e+00, w_pde: 1.00e+00, L^2_error: 5.147e-02, lr: 1.000e-03, Time: 4.68e+03
INFO:src.utils.logger:Model state saved to results\ho\DV\20260305-054940_seed0_ho_DV_bl_layered_e1500_w300_4q_4l\checkpoints\2026-03-05_05-50-04-441757_ho_DV_seed\model.pth
INFO:src.utils.logger:Model weights saved to results\ho\DV\20260305-054940_seed0_ho_DV_bl_layered_e1500_w300_4q_4l\checkpoints\2026-03-05_05-50-04-441757_ho_DV_seed\model_weights.pth
INFO:src.utils.logger:It: 1260, Loss: 1.806e-02, Loss_res: 1.524e-02,  Loss_bcs: 2.658e-04, Loss_ut_ics: 1.272e-05, Loss_norm: 9.963e-07, Loss_gauge: 0.000e+00, w_pde: 1.00e+00, L^2_error: 5.144e-02, lr: 1.000e-03, Time: 4.69e+03
INFO:src.utils.logger:Model state saved to results\ho\DV\20260305-054940_seed0_ho_DV_bl_layered_e1500_w300_4q_4l\checkpoints\2026-03-05_05-50-04-441757_ho_DV_seed\model.pth
INFO:src.utils.logger:Model weights saved to results\ho\DV\20260305-054940_seed0_ho_DV_bl_layered_e1500_w300_4q_4l\checkpoints\2026-03-05_05-50-04-441757_ho_DV_seed\model_weights.pth
INFO:src.utils.logger:It: 1261, Loss: 1.673e-02, Loss_res: 1.393e-02,  Loss_bcs: 2.649e-04, Loss_ut_ics: 1.266e-05, Loss_norm: 9.242e-07, Loss_gauge: 0.000e+00, w_pde: 1.00e+00, L^2_error: 5.142e-02, lr: 1.000e-03, Time: 4.69e+03
INFO:src.utils.logger:Model state saved to results\ho\DV\20260305-054940_seed0_ho_DV_bl_layered_e1500_w300_4q_4l\checkpoints\2026-03-05_05-50-04-441757_ho_DV_seed\model.pth
INFO:src.utils.logger:Model weights saved to results\ho\DV\20260305-054940_seed0_ho_DV_bl_layered_e1500_w300_4q_4l\checkpoints\2026-03-05_05-50-04-441757_ho_DV_seed\model_weights.pth
INFO:src.utils.logger:It: 1262, Loss: 1.779e-02, Loss_res: 1.500e-02,  Loss_bcs: 2.692e-04, Loss_ut_ics: 1.262e-05, Loss_norm: 8.750e-07, Loss_gauge: 0.000e+00, w_pde: 1.00e+00, L^2_error: 5.140e-02, lr: 1.000e-03, Time: 4.69e+03
INFO:src.utils.logger:Model state saved to results\ho\DV\20260305-054940_seed0_ho_DV_bl_layered_e1500_w300_4q_4l\checkpoints\2026-03-05_05-50-04-441757_ho_DV_seed\model.pth
INFO:src.utils.logger:Model weights saved to results\ho\DV\20260305-054940_seed0_ho_DV_bl_layered_e1500_w300_4q_4l\checkpoints\2026-03-05_05-50-04-441757_ho_DV_seed\model_weights.pth
INFO:src.utils.logger:It: 1263, Loss: 1.669e-02, Loss_res: 1.390e-02,  Loss_bcs: 2.615e-04, Loss_ut_ics: 1.261e-05, Loss_norm: 8.444e-07, Loss_gauge: 0.000e+00, w_pde: 1.00e+00, L^2_error: 5.140e-02, lr: 1.000e-03, Time: 4.70e+03
INFO:src.utils.logger:Model state saved to results\ho\DV\20260305-054940_seed0_ho_DV_bl_layered_e1500_w300_4q_4l\checkpoints\2026-03-05_05-50-04-441757_ho_DV_seed\model.pth
INFO:src.utils.logger:Model weights saved to results\ho\DV\20260305-054940_seed0_ho_DV_bl_layered_e1500_w300_4q_4l\checkpoints\2026-03-05_05-50-04-441757_ho_DV_seed\model_weights.pth
INFO:src.utils.logger:It: 1264, Loss: 1.767e-02, Loss_res: 1.486e-02,  Loss_bcs: 2.746e-04, Loss_ut_ics: 1.265e-05, Loss_norm: 8.325e-07, Loss_gauge: 0.000e+00, w_pde: 1.00e+00, L^2_error: 5.138e-02, lr: 1.000e-03, Time: 4.70e+03
INFO:src.utils.logger:Model state saved to results\ho\DV\20260305-054940_seed0_ho_DV_bl_layered_e1500_w300_4q_4l\checkpoints\2026-03-05_05-50-04-441757_ho_DV_seed\model.pth
INFO:src.utils.logger:Model weights saved to results\ho\DV\20260305-054940_seed0_ho_DV_bl_layered_e1500_w300_4q_4l\checkpoints\2026-03-05_05-50-04-441757_ho_DV_seed\model_weights.pth
INFO:src.utils.logger:It: 1265, Loss: 1.756e-02, Loss_res: 1.476e-02,  Loss_bcs: 2.676e-04, Loss_ut_ics: 1.265e-05, Loss_norm: 9.710e-07, Loss_gauge: 0.000e+00, w_pde: 1.00e+00, L^2_error: 5.136e-02, lr: 1.000e-03, Time: 4.71e+03
INFO:src.utils.logger:Model state saved to results\ho\DV\20260305-054940_seed0_ho_DV_bl_layered_e1500_w300_4q_4l\checkpoints\2026-03-05_05-50-04-441757_ho_DV_seed\model.pth
INFO:src.utils.logger:Model weights saved to results\ho\DV\20260305-054940_seed0_ho_DV_bl_layered_e1500_w300_4q_4l\checkpoints\2026-03-05_05-50-04-441757_ho_DV_seed\model_weights.pth
INFO:src.utils.logger:It: 1266, Loss: 1.705e-02, Loss_res: 1.424e-02,  Loss_bcs: 2.683e-04, Loss_ut_ics: 1.268e-05, Loss_norm: 1.207e-06, Loss_gauge: 0.000e+00, w_pde: 1.00e+00, L^2_error: 5.134e-02, lr: 1.000e-03, Time: 4.71e+03
INFO:src.utils.logger:Model state saved to results\ho\DV\20260305-054940_seed0_ho_DV_bl_layered_e1500_w300_4q_4l\checkpoints\2026-03-05_05-50-04-441757_ho_DV_seed\model.pth
INFO:src.utils.logger:Model weights saved to results\ho\DV\20260305-054940_seed0_ho_DV_bl_layered_e1500_w300_4q_4l\checkpoints\2026-03-05_05-50-04-441757_ho_DV_seed\model_weights.pth
INFO:src.utils.logger:It: 1267, Loss: 1.726e-02, Loss_res: 1.446e-02,  Loss_bcs: 2.635e-04, Loss_ut_ics: 1.266e-05, Loss_norm: 1.524e-06, Loss_gauge: 0.000e+00, w_pde: 1.00e+00, L^2_error: 5.131e-02, lr: 1.000e-03, Time: 4.71e+03
INFO:src.utils.logger:Model state saved to results\ho\DV\20260305-054940_seed0_ho_DV_bl_layered_e1500_w300_4q_4l\checkpoints\2026-03-05_05-50-04-441757_ho_DV_seed\model.pth
INFO:src.utils.logger:Model weights saved to results\ho\DV\20260305-054940_seed0_ho_DV_bl_layered_e1500_w300_4q_4l\checkpoints\2026-03-05_05-50-04-441757_ho_DV_seed\model_weights.pth
INFO:src.utils.logger:It: 1268, Loss: 1.706e-02, Loss_res: 1.426e-02,  Loss_bcs: 2.659e-04, Loss_ut_ics: 1.265e-05, Loss_norm: 1.687e-06, Loss_gauge: 0.000e+00, w_pde: 1.00e+00, L^2_error: 5.129e-02, lr: 1.000e-03, Time: 4.72e+03
INFO:src.utils.logger:Model state saved to results\ho\DV\20260305-054940_seed0_ho_DV_bl_layered_e1500_w300_4q_4l\checkpoints\2026-03-05_05-50-04-441757_ho_DV_seed\model.pth
INFO:src.utils.logger:Model weights saved to results\ho\DV\20260305-054940_seed0_ho_DV_bl_layered_e1500_w300_4q_4l\checkpoints\2026-03-05_05-50-04-441757_ho_DV_seed\model_weights.pth
INFO:src.utils.logger:It: 1269, Loss: 1.669e-02, Loss_res: 1.389e-02,  Loss_bcs: 2.654e-04, Loss_ut_ics: 1.263e-05, Loss_norm: 1.683e-06, Loss_gauge: 0.000e+00, w_pde: 1.00e+00, L^2_error: 5.126e-02, lr: 1.000e-03, Time: 4.72e+03
INFO:src.utils.logger:Model state saved to results\ho\DV\20260305-054940_seed0_ho_DV_bl_layered_e1500_w300_4q_4l\checkpoints\2026-03-05_05-50-04-441757_ho_DV_seed\model.pth
INFO:src.utils.logger:Model weights saved to results\ho\DV\20260305-054940_seed0_ho_DV_bl_layered_e1500_w300_4q_4l\checkpoints\2026-03-05_05-50-04-441757_ho_DV_seed\model_weights.pth
INFO:src.utils.logger:It: 1270, Loss: 1.759e-02, Loss_res: 1.480e-02,  Loss_bcs: 2.635e-04, Loss_ut_ics: 1.260e-05, Loss_norm: 1.506e-06, Loss_gauge: 0.000e+00, w_pde: 1.00e+00, L^2_error: 5.123e-02, lr: 1.000e-03, Time: 4.73e+03
INFO:src.utils.logger:Model state saved to results\ho\DV\20260305-054940_seed0_ho_DV_bl_layered_e1500_w300_4q_4l\checkpoints\2026-03-05_05-50-04-441757_ho_DV_seed\model.pth
INFO:src.utils.logger:Model weights saved to results\ho\DV\20260305-054940_seed0_ho_DV_bl_layered_e1500_w300_4q_4l\checkpoints\2026-03-05_05-50-04-441757_ho_DV_seed\model_weights.pth
INFO:src.utils.logger:It: 1271, Loss: 1.725e-02, Loss_res: 1.447e-02,  Loss_bcs: 2.639e-04, Loss_ut_ics: 1.255e-05, Loss_norm: 1.396e-06, Loss_gauge: 0.000e+00, w_pde: 1.00e+00, L^2_error: 5.120e-02, lr: 1.000e-03, Time: 4.73e+03
INFO:src.utils.logger:Model state saved to results\ho\DV\20260305-054940_seed0_ho_DV_bl_layered_e1500_w300_4q_4l\checkpoints\2026-03-05_05-50-04-441757_ho_DV_seed\model.pth
INFO:src.utils.logger:Model weights saved to results\ho\DV\20260305-054940_seed0_ho_DV_bl_layered_e1500_w300_4q_4l\checkpoints\2026-03-05_05-50-04-441757_ho_DV_seed\model_weights.pth
INFO:src.utils.logger:It: 1272, Loss: 1.787e-02, Loss_res: 1.510e-02,  Loss_bcs: 2.659e-04, Loss_ut_ics: 1.249e-05, Loss_norm: 1.317e-06, Loss_gauge: 0.000e+00, w_pde: 1.00e+00, L^2_error: 5.117e-02, lr: 1.000e-03, Time: 4.73e+03
INFO:src.utils.logger:Model state saved to results\ho\DV\20260305-054940_seed0_ho_DV_bl_layered_e1500_w300_4q_4l\checkpoints\2026-03-05_05-50-04-441757_ho_DV_seed\model.pth
INFO:src.utils.logger:Model weights saved to results\ho\DV\20260305-054940_seed0_ho_DV_bl_layered_e1500_w300_4q_4l\checkpoints\2026-03-05_05-50-04-441757_ho_DV_seed\model_weights.pth
INFO:src.utils.logger:It: 1273, Loss: 1.656e-02, Loss_res: 1.381e-02,  Loss_bcs: 2.634e-04, Loss_ut_ics: 1.242e-05, Loss_norm: 1.309e-06, Loss_gauge: 0.000e+00, w_pde: 1.00e+00, L^2_error: 5.115e-02, lr: 1.000e-03, Time: 4.74e+03
INFO:src.utils.logger:Model state saved to results\ho\DV\20260305-054940_seed0_ho_DV_bl_layered_e1500_w300_4q_4l\checkpoints\2026-03-05_05-50-04-441757_ho_DV_seed\model.pth
INFO:src.utils.logger:Model weights saved to results\ho\DV\20260305-054940_seed0_ho_DV_bl_layered_e1500_w300_4q_4l\checkpoints\2026-03-05_05-50-04-441757_ho_DV_seed\model_weights.pth
INFO:src.utils.logger:It: 1274, Loss: 1.718e-02, Loss_res: 1.443e-02,  Loss_bcs: 2.654e-04, Loss_ut_ics: 1.236e-05, Loss_norm: 1.307e-06, Loss_gauge: 0.000e+00, w_pde: 1.00e+00, L^2_error: 5.113e-02, lr: 1.000e-03, Time: 4.74e+03
INFO:src.utils.logger:Model state saved to results\ho\DV\20260305-054940_seed0_ho_DV_bl_layered_e1500_w300_4q_4l\checkpoints\2026-03-05_05-50-04-441757_ho_DV_seed\model.pth
INFO:src.utils.logger:Model weights saved to results\ho\DV\20260305-054940_seed0_ho_DV_bl_layered_e1500_w300_4q_4l\checkpoints\2026-03-05_05-50-04-441757_ho_DV_seed\model_weights.pth
INFO:src.utils.logger:It: 1275, Loss: 1.730e-02, Loss_res: 1.457e-02,  Loss_bcs: 2.590e-04, Loss_ut_ics: 1.236e-05, Loss_norm: 1.263e-06, Loss_gauge: 0.000e+00, w_pde: 1.00e+00, L^2_error: 5.109e-02, lr: 1.000e-03, Time: 4.75e+03
INFO:src.utils.logger:Model state saved to results\ho\DV\20260305-054940_seed0_ho_DV_bl_layered_e1500_w300_4q_4l\checkpoints\2026-03-05_05-50-04-441757_ho_DV_seed\model.pth
INFO:src.utils.logger:Model weights saved to results\ho\DV\20260305-054940_seed0_ho_DV_bl_layered_e1500_w300_4q_4l\checkpoints\2026-03-05_05-50-04-441757_ho_DV_seed\model_weights.pth
INFO:src.utils.logger:It: 1276, Loss: 1.784e-02, Loss_res: 1.510e-02,  Loss_bcs: 2.642e-04, Loss_ut_ics: 1.236e-05, Loss_norm: 1.335e-06, Loss_gauge: 0.000e+00, w_pde: 1.00e+00, L^2_error: 5.106e-02, lr: 1.000e-03, Time: 4.75e+03
INFO:src.utils.logger:Model state saved to results\ho\DV\20260305-054940_seed0_ho_DV_bl_layered_e1500_w300_4q_4l\checkpoints\2026-03-05_05-50-04-441757_ho_DV_seed\model.pth
INFO:src.utils.logger:Model weights saved to results\ho\DV\20260305-054940_seed0_ho_DV_bl_layered_e1500_w300_4q_4l\checkpoints\2026-03-05_05-50-04-441757_ho_DV_seed\model_weights.pth
INFO:src.utils.logger:It: 1277, Loss: 1.665e-02, Loss_res: 1.393e-02,  Loss_bcs: 2.649e-04, Loss_ut_ics: 1.228e-05, Loss_norm: 1.700e-06, Loss_gauge: 0.000e+00, w_pde: 1.00e+00, L^2_error: 5.103e-02, lr: 1.000e-03, Time: 4.75e+03
INFO:src.utils.logger:Model state saved to results\ho\DV\20260305-054940_seed0_ho_DV_bl_layered_e1500_w300_4q_4l\checkpoints\2026-03-05_05-50-04-441757_ho_DV_seed\model.pth
INFO:src.utils.logger:Model weights saved to results\ho\DV\20260305-054940_seed0_ho_DV_bl_layered_e1500_w300_4q_4l\checkpoints\2026-03-05_05-50-04-441757_ho_DV_seed\model_weights.pth
INFO:src.utils.logger:It: 1278, Loss: 1.753e-02, Loss_res: 1.482e-02,  Loss_bcs: 2.567e-04, Loss_ut_ics: 1.221e-05, Loss_norm: 2.074e-06, Loss_gauge: 0.000e+00, w_pde: 1.00e+00, L^2_error: 5.100e-02, lr: 1.000e-03, Time: 4.76e+03
INFO:src.utils.logger:Model state saved to results\ho\DV\20260305-054940_seed0_ho_DV_bl_layered_e1500_w300_4q_4l\checkpoints\2026-03-05_05-50-04-441757_ho_DV_seed\model.pth
INFO:src.utils.logger:Model weights saved to results\ho\DV\20260305-054940_seed0_ho_DV_bl_layered_e1500_w300_4q_4l\checkpoints\2026-03-05_05-50-04-441757_ho_DV_seed\model_weights.pth
INFO:src.utils.logger:It: 1279, Loss: 1.684e-02, Loss_res: 1.414e-02,  Loss_bcs: 2.517e-04, Loss_ut_ics: 1.217e-05, Loss_norm: 2.229e-06, Loss_gauge: 0.000e+00, w_pde: 1.00e+00, L^2_error: 5.096e-02, lr: 1.000e-03, Time: 4.76e+03
INFO:src.utils.logger:Model state saved to results\ho\DV\20260305-054940_seed0_ho_DV_bl_layered_e1500_w300_4q_4l\checkpoints\2026-03-05_05-50-04-441757_ho_DV_seed\model.pth
INFO:src.utils.logger:Model weights saved to results\ho\DV\20260305-054940_seed0_ho_DV_bl_layered_e1500_w300_4q_4l\checkpoints\2026-03-05_05-50-04-441757_ho_DV_seed\model_weights.pth
INFO:src.utils.logger:It: 1280, Loss: 1.721e-02, Loss_res: 1.449e-02,  Loss_bcs: 2.653e-04, Loss_ut_ics: 1.220e-05, Loss_norm: 1.914e-06, Loss_gauge: 0.000e+00, w_pde: 1.00e+00, L^2_error: 5.091e-02, lr: 1.000e-03, Time: 4.76e+03
INFO:src.utils.logger:Model state saved to results\ho\DV\20260305-054940_seed0_ho_DV_bl_layered_e1500_w300_4q_4l\checkpoints\2026-03-05_05-50-04-441757_ho_DV_seed\model.pth
INFO:src.utils.logger:Model weights saved to results\ho\DV\20260305-054940_seed0_ho_DV_bl_layered_e1500_w300_4q_4l\checkpoints\2026-03-05_05-50-04-441757_ho_DV_seed\model_weights.pth
INFO:src.utils.logger:It: 1281, Loss: 1.687e-02, Loss_res: 1.415e-02,  Loss_bcs: 2.571e-04, Loss_ut_ics: 1.228e-05, Loss_norm: 1.552e-06, Loss_gauge: 0.000e+00, w_pde: 1.00e+00, L^2_error: 5.088e-02, lr: 1.000e-03, Time: 4.77e+03
INFO:src.utils.logger:Model state saved to results\ho\DV\20260305-054940_seed0_ho_DV_bl_layered_e1500_w300_4q_4l\checkpoints\2026-03-05_05-50-04-441757_ho_DV_seed\model.pth
INFO:src.utils.logger:Model weights saved to results\ho\DV\20260305-054940_seed0_ho_DV_bl_layered_e1500_w300_4q_4l\checkpoints\2026-03-05_05-50-04-441757_ho_DV_seed\model_weights.pth
INFO:src.utils.logger:It: 1282, Loss: 1.718e-02, Loss_res: 1.445e-02,  Loss_bcs: 2.619e-04, Loss_ut_ics: 1.233e-05, Loss_norm: 1.372e-06, Loss_gauge: 0.000e+00, w_pde: 1.00e+00, L^2_error: 5.085e-02, lr: 1.000e-03, Time: 4.77e+03
INFO:src.utils.logger:Model state saved to results\ho\DV\20260305-054940_seed0_ho_DV_bl_layered_e1500_w300_4q_4l\checkpoints\2026-03-05_05-50-04-441757_ho_DV_seed\model.pth
INFO:src.utils.logger:Model weights saved to results\ho\DV\20260305-054940_seed0_ho_DV_bl_layered_e1500_w300_4q_4l\checkpoints\2026-03-05_05-50-04-441757_ho_DV_seed\model_weights.pth
INFO:src.utils.logger:It: 1283, Loss: 1.678e-02, Loss_res: 1.404e-02,  Loss_bcs: 2.590e-04, Loss_ut_ics: 1.235e-05, Loss_norm: 1.341e-06, Loss_gauge: 0.000e+00, w_pde: 1.00e+00, L^2_error: 5.084e-02, lr: 1.000e-03, Time: 4.78e+03
INFO:src.utils.logger:Model state saved to results\ho\DV\20260305-054940_seed0_ho_DV_bl_layered_e1500_w300_4q_4l\checkpoints\2026-03-05_05-50-04-441757_ho_DV_seed\model.pth
INFO:src.utils.logger:Model weights saved to results\ho\DV\20260305-054940_seed0_ho_DV_bl_layered_e1500_w300_4q_4l\checkpoints\2026-03-05_05-50-04-441757_ho_DV_seed\model_weights.pth
INFO:src.utils.logger:It: 1284, Loss: 1.691e-02, Loss_res: 1.418e-02,  Loss_bcs: 2.612e-04, Loss_ut_ics: 1.231e-05, Loss_norm: 1.477e-06, Loss_gauge: 0.000e+00, w_pde: 1.00e+00, L^2_error: 5.084e-02, lr: 1.000e-03, Time: 4.78e+03
INFO:src.utils.logger:Model state saved to results\ho\DV\20260305-054940_seed0_ho_DV_bl_layered_e1500_w300_4q_4l\checkpoints\2026-03-05_05-50-04-441757_ho_DV_seed\model.pth
INFO:src.utils.logger:Model weights saved to results\ho\DV\20260305-054940_seed0_ho_DV_bl_layered_e1500_w300_4q_4l\checkpoints\2026-03-05_05-50-04-441757_ho_DV_seed\model_weights.pth
INFO:src.utils.logger:It: 1285, Loss: 1.708e-02, Loss_res: 1.437e-02,  Loss_bcs: 2.577e-04, Loss_ut_ics: 1.224e-05, Loss_norm: 1.721e-06, Loss_gauge: 0.000e+00, w_pde: 1.00e+00, L^2_error: 5.084e-02, lr: 1.000e-03, Time: 4.78e+03
INFO:src.utils.logger:Model state saved to results\ho\DV\20260305-054940_seed0_ho_DV_bl_layered_e1500_w300_4q_4l\checkpoints\2026-03-05_05-50-04-441757_ho_DV_seed\model.pth
INFO:src.utils.logger:Model weights saved to results\ho\DV\20260305-054940_seed0_ho_DV_bl_layered_e1500_w300_4q_4l\checkpoints\2026-03-05_05-50-04-441757_ho_DV_seed\model_weights.pth
INFO:src.utils.logger:It: 1286, Loss: 1.671e-02, Loss_res: 1.402e-02,  Loss_bcs: 2.578e-04, Loss_ut_ics: 1.213e-05, Loss_norm: 2.091e-06, Loss_gauge: 0.000e+00, w_pde: 1.00e+00, L^2_error: 5.085e-02, lr: 1.000e-03, Time: 4.79e+03
INFO:src.utils.logger:Model state saved to results\ho\DV\20260305-054940_seed0_ho_DV_bl_layered_e1500_w300_4q_4l\checkpoints\2026-03-05_05-50-04-441757_ho_DV_seed\model.pth
INFO:src.utils.logger:Model weights saved to results\ho\DV\20260305-054940_seed0_ho_DV_bl_layered_e1500_w300_4q_4l\checkpoints\2026-03-05_05-50-04-441757_ho_DV_seed\model_weights.pth
INFO:src.utils.logger:It: 1287, Loss: 1.725e-02, Loss_res: 1.457e-02,  Loss_bcs: 2.546e-04, Loss_ut_ics: 1.204e-05, Loss_norm: 2.287e-06, Loss_gauge: 0.000e+00, w_pde: 1.00e+00, L^2_error: 5.085e-02, lr: 1.000e-03, Time: 4.79e+03
INFO:src.utils.logger:Model state saved to results\ho\DV\20260305-054940_seed0_ho_DV_bl_layered_e1500_w300_4q_4l\checkpoints\2026-03-05_05-50-04-441757_ho_DV_seed\model.pth
INFO:src.utils.logger:Model weights saved to results\ho\DV\20260305-054940_seed0_ho_DV_bl_layered_e1500_w300_4q_4l\checkpoints\2026-03-05_05-50-04-441757_ho_DV_seed\model_weights.pth
INFO:src.utils.logger:It: 1288, Loss: 1.611e-02, Loss_res: 1.344e-02,  Loss_bcs: 2.520e-04, Loss_ut_ics: 1.205e-05, Loss_norm: 1.969e-06, Loss_gauge: 0.000e+00, w_pde: 1.00e+00, L^2_error: 5.084e-02, lr: 1.000e-03, Time: 4.79e+03
INFO:src.utils.logger:Model state saved to results\ho\DV\20260305-054940_seed0_ho_DV_bl_layered_e1500_w300_4q_4l\checkpoints\2026-03-05_05-50-04-441757_ho_DV_seed\model.pth
INFO:src.utils.logger:Model weights saved to results\ho\DV\20260305-054940_seed0_ho_DV_bl_layered_e1500_w300_4q_4l\checkpoints\2026-03-05_05-50-04-441757_ho_DV_seed\model_weights.pth
INFO:src.utils.logger:It: 1289, Loss: 1.665e-02, Loss_res: 1.397e-02,  Loss_bcs: 2.585e-04, Loss_ut_ics: 1.208e-05, Loss_norm: 1.493e-06, Loss_gauge: 0.000e+00, w_pde: 1.00e+00, L^2_error: 5.082e-02, lr: 1.000e-03, Time: 4.80e+03
INFO:src.utils.logger:Model state saved to results\ho\DV\20260305-054940_seed0_ho_DV_bl_layered_e1500_w300_4q_4l\checkpoints\2026-03-05_05-50-04-441757_ho_DV_seed\model.pth
INFO:src.utils.logger:Model weights saved to results\ho\DV\20260305-054940_seed0_ho_DV_bl_layered_e1500_w300_4q_4l\checkpoints\2026-03-05_05-50-04-441757_ho_DV_seed\model_weights.pth
INFO:src.utils.logger:It: 1290, Loss: 1.777e-02, Loss_res: 1.509e-02,  Loss_bcs: 2.481e-04, Loss_ut_ics: 1.214e-05, Loss_norm: 1.167e-06, Loss_gauge: 0.000e+00, w_pde: 1.00e+00, L^2_error: 5.078e-02, lr: 1.000e-03, Time: 4.80e+03
INFO:src.utils.logger:Model state saved to results\ho\DV\20260305-054940_seed0_ho_DV_bl_layered_e1500_w300_4q_4l\checkpoints\2026-03-05_05-50-04-441757_ho_DV_seed\model.pth
INFO:src.utils.logger:Model weights saved to results\ho\DV\20260305-054940_seed0_ho_DV_bl_layered_e1500_w300_4q_4l\checkpoints\2026-03-05_05-50-04-441757_ho_DV_seed\model_weights.pth
INFO:src.utils.logger:It: 1291, Loss: 1.746e-02, Loss_res: 1.476e-02,  Loss_bcs: 2.601e-04, Loss_ut_ics: 1.215e-05, Loss_norm: 1.144e-06, Loss_gauge: 0.000e+00, w_pde: 1.00e+00, L^2_error: 5.073e-02, lr: 1.000e-03, Time: 4.81e+03
INFO:src.utils.logger:Model state saved to results\ho\DV\20260305-054940_seed0_ho_DV_bl_layered_e1500_w300_4q_4l\checkpoints\2026-03-05_05-50-04-441757_ho_DV_seed\model.pth
INFO:src.utils.logger:Model weights saved to results\ho\DV\20260305-054940_seed0_ho_DV_bl_layered_e1500_w300_4q_4l\checkpoints\2026-03-05_05-50-04-441757_ho_DV_seed\model_weights.pth
INFO:src.utils.logger:It: 1292, Loss: 1.719e-02, Loss_res: 1.449e-02,  Loss_bcs: 2.639e-04, Loss_ut_ics: 1.215e-05, Loss_norm: 1.270e-06, Loss_gauge: 0.000e+00, w_pde: 1.00e+00, L^2_error: 5.067e-02, lr: 1.000e-03, Time: 4.81e+03
INFO:src.utils.logger:Model state saved to results\ho\DV\20260305-054940_seed0_ho_DV_bl_layered_e1500_w300_4q_4l\checkpoints\2026-03-05_05-50-04-441757_ho_DV_seed\model.pth
INFO:src.utils.logger:Model weights saved to results\ho\DV\20260305-054940_seed0_ho_DV_bl_layered_e1500_w300_4q_4l\checkpoints\2026-03-05_05-50-04-441757_ho_DV_seed\model_weights.pth
INFO:src.utils.logger:It: 1293, Loss: 1.633e-02, Loss_res: 1.363e-02,  Loss_bcs: 2.611e-04, Loss_ut_ics: 1.214e-05, Loss_norm: 1.521e-06, Loss_gauge: 0.000e+00, w_pde: 1.00e+00, L^2_error: 5.062e-02, lr: 1.000e-03, Time: 4.81e+03
INFO:src.utils.logger:Model state saved to results\ho\DV\20260305-054940_seed0_ho_DV_bl_layered_e1500_w300_4q_4l\checkpoints\2026-03-05_05-50-04-441757_ho_DV_seed\model.pth
INFO:src.utils.logger:Model weights saved to results\ho\DV\20260305-054940_seed0_ho_DV_bl_layered_e1500_w300_4q_4l\checkpoints\2026-03-05_05-50-04-441757_ho_DV_seed\model_weights.pth
INFO:src.utils.logger:It: 1294, Loss: 1.771e-02, Loss_res: 1.503e-02,  Loss_bcs: 2.443e-04, Loss_ut_ics: 1.211e-05, Loss_norm: 1.821e-06, Loss_gauge: 0.000e+00, w_pde: 1.00e+00, L^2_error: 5.059e-02, lr: 1.000e-03, Time: 4.82e+03
INFO:src.utils.logger:Model state saved to results\ho\DV\20260305-054940_seed0_ho_DV_bl_layered_e1500_w300_4q_4l\checkpoints\2026-03-05_05-50-04-441757_ho_DV_seed\model.pth
INFO:src.utils.logger:Model weights saved to results\ho\DV\20260305-054940_seed0_ho_DV_bl_layered_e1500_w300_4q_4l\checkpoints\2026-03-05_05-50-04-441757_ho_DV_seed\model_weights.pth
INFO:src.utils.logger:It: 1295, Loss: 1.670e-02, Loss_res: 1.402e-02,  Loss_bcs: 2.569e-04, Loss_ut_ics: 1.208e-05, Loss_norm: 1.842e-06, Loss_gauge: 0.000e+00, w_pde: 1.00e+00, L^2_error: 5.055e-02, lr: 1.000e-03, Time: 4.82e+03
INFO:src.utils.logger:Model state saved to results\ho\DV\20260305-054940_seed0_ho_DV_bl_layered_e1500_w300_4q_4l\checkpoints\2026-03-05_05-50-04-441757_ho_DV_seed\model.pth
INFO:src.utils.logger:Model weights saved to results\ho\DV\20260305-054940_seed0_ho_DV_bl_layered_e1500_w300_4q_4l\checkpoints\2026-03-05_05-50-04-441757_ho_DV_seed\model_weights.pth
INFO:src.utils.logger:It: 1296, Loss: 1.718e-02, Loss_res: 1.449e-02,  Loss_bcs: 2.577e-04, Loss_ut_ics: 1.210e-05, Loss_norm: 1.516e-06, Loss_gauge: 0.000e+00, w_pde: 1.00e+00, L^2_error: 5.053e-02, lr: 1.000e-03, Time: 4.82e+03
INFO:src.utils.logger:Model state saved to results\ho\DV\20260305-054940_seed0_ho_DV_bl_layered_e1500_w300_4q_4l\checkpoints\2026-03-05_05-50-04-441757_ho_DV_seed\model.pth
INFO:src.utils.logger:Model weights saved to results\ho\DV\20260305-054940_seed0_ho_DV_bl_layered_e1500_w300_4q_4l\checkpoints\2026-03-05_05-50-04-441757_ho_DV_seed\model_weights.pth
INFO:src.utils.logger:It: 1297, Loss: 1.647e-02, Loss_res: 1.379e-02,  Loss_bcs: 2.621e-04, Loss_ut_ics: 1.210e-05, Loss_norm: 1.165e-06, Loss_gauge: 0.000e+00, w_pde: 1.00e+00, L^2_error: 5.051e-02, lr: 1.000e-03, Time: 4.83e+03
INFO:src.utils.logger:Model state saved to results\ho\DV\20260305-054940_seed0_ho_DV_bl_layered_e1500_w300_4q_4l\checkpoints\2026-03-05_05-50-04-441757_ho_DV_seed\model.pth
INFO:src.utils.logger:Model weights saved to results\ho\DV\20260305-054940_seed0_ho_DV_bl_layered_e1500_w300_4q_4l\checkpoints\2026-03-05_05-50-04-441757_ho_DV_seed\model_weights.pth
INFO:src.utils.logger:It: 1298, Loss: 1.621e-02, Loss_res: 1.353e-02,  Loss_bcs: 2.573e-04, Loss_ut_ics: 1.208e-05, Loss_norm: 8.843e-07, Loss_gauge: 0.000e+00, w_pde: 1.00e+00, L^2_error: 5.051e-02, lr: 1.000e-03, Time: 4.83e+03
INFO:src.utils.logger:Model state saved to results\ho\DV\20260305-054940_seed0_ho_DV_bl_layered_e1500_w300_4q_4l\checkpoints\2026-03-05_05-50-04-441757_ho_DV_seed\model.pth
INFO:src.utils.logger:Model weights saved to results\ho\DV\20260305-054940_seed0_ho_DV_bl_layered_e1500_w300_4q_4l\checkpoints\2026-03-05_05-50-04-441757_ho_DV_seed\model_weights.pth
INFO:src.utils.logger:It: 1299, Loss: 1.633e-02, Loss_res: 1.366e-02,  Loss_bcs: 2.515e-04, Loss_ut_ics: 1.207e-05, Loss_norm: 7.360e-07, Loss_gauge: 0.000e+00, w_pde: 1.00e+00, L^2_error: 5.051e-02, lr: 1.000e-03, Time: 4.84e+03
INFO:src.utils.logger:Model state saved to results\ho\DV\20260305-054940_seed0_ho_DV_bl_layered_e1500_w300_4q_4l\checkpoints\2026-03-05_05-50-04-441757_ho_DV_seed\model.pth
INFO:src.utils.logger:Model weights saved to results\ho\DV\20260305-054940_seed0_ho_DV_bl_layered_e1500_w300_4q_4l\checkpoints\2026-03-05_05-50-04-441757_ho_DV_seed\model_weights.pth
INFO:src.utils.logger:It: 1300, Loss: 1.696e-02, Loss_res: 1.430e-02,  Loss_bcs: 2.543e-04, Loss_ut_ics: 1.200e-05, Loss_norm: 7.919e-07, Loss_gauge: 0.000e+00, w_pde: 1.00e+00, L^2_error: 5.052e-02, lr: 1.000e-03, Time: 4.84e+03
INFO:src.utils.logger:Model state saved to results\ho\DV\20260305-054940_seed0_ho_DV_bl_layered_e1500_w300_4q_4l\checkpoints\2026-03-05_05-50-04-441757_ho_DV_seed\model.pth
INFO:src.utils.logger:Model weights saved to results\ho\DV\20260305-054940_seed0_ho_DV_bl_layered_e1500_w300_4q_4l\checkpoints\2026-03-05_05-50-04-441757_ho_DV_seed\model_weights.pth
INFO:src.utils.logger:It: 1301, Loss: 1.634e-02, Loss_res: 1.370e-02,  Loss_bcs: 2.525e-04, Loss_ut_ics: 1.191e-05, Loss_norm: 9.715e-07, Loss_gauge: 0.000e+00, w_pde: 1.00e+00, L^2_error: 5.052e-02, lr: 1.000e-03, Time: 4.84e+03
INFO:src.utils.logger:Model state saved to results\ho\DV\20260305-054940_seed0_ho_DV_bl_layered_e1500_w300_4q_4l\checkpoints\2026-03-05_05-50-04-441757_ho_DV_seed\model.pth
INFO:src.utils.logger:Model weights saved to results\ho\DV\20260305-054940_seed0_ho_DV_bl_layered_e1500_w300_4q_4l\checkpoints\2026-03-05_05-50-04-441757_ho_DV_seed\model_weights.pth
INFO:src.utils.logger:It: 1302, Loss: 1.608e-02, Loss_res: 1.346e-02,  Loss_bcs: 2.475e-04, Loss_ut_ics: 1.181e-05, Loss_norm: 1.212e-06, Loss_gauge: 0.000e+00, w_pde: 1.00e+00, L^2_error: 5.052e-02, lr: 1.000e-03, Time: 4.85e+03
INFO:src.utils.logger:Model state saved to results\ho\DV\20260305-054940_seed0_ho_DV_bl_layered_e1500_w300_4q_4l\checkpoints\2026-03-05_05-50-04-441757_ho_DV_seed\model.pth
INFO:src.utils.logger:Model weights saved to results\ho\DV\20260305-054940_seed0_ho_DV_bl_layered_e1500_w300_4q_4l\checkpoints\2026-03-05_05-50-04-441757_ho_DV_seed\model_weights.pth
INFO:src.utils.logger:It: 1303, Loss: 1.662e-02, Loss_res: 1.401e-02,  Loss_bcs: 2.552e-04, Loss_ut_ics: 1.173e-05, Loss_norm: 1.386e-06, Loss_gauge: 0.000e+00, w_pde: 1.00e+00, L^2_error: 5.050e-02, lr: 1.000e-03, Time: 4.85e+03
INFO:src.utils.logger:Model state saved to results\ho\DV\20260305-054940_seed0_ho_DV_bl_layered_e1500_w300_4q_4l\checkpoints\2026-03-05_05-50-04-441757_ho_DV_seed\model.pth
INFO:src.utils.logger:Model weights saved to results\ho\DV\20260305-054940_seed0_ho_DV_bl_layered_e1500_w300_4q_4l\checkpoints\2026-03-05_05-50-04-441757_ho_DV_seed\model_weights.pth
INFO:src.utils.logger:It: 1304, Loss: 1.671e-02, Loss_res: 1.411e-02,  Loss_bcs: 2.511e-04, Loss_ut_ics: 1.172e-05, Loss_norm: 1.148e-06, Loss_gauge: 0.000e+00, w_pde: 1.00e+00, L^2_error: 5.048e-02, lr: 1.000e-03, Time: 4.85e+03
INFO:src.utils.logger:Model state saved to results\ho\DV\20260305-054940_seed0_ho_DV_bl_layered_e1500_w300_4q_4l\checkpoints\2026-03-05_05-50-04-441757_ho_DV_seed\model.pth
INFO:src.utils.logger:Model weights saved to results\ho\DV\20260305-054940_seed0_ho_DV_bl_layered_e1500_w300_4q_4l\checkpoints\2026-03-05_05-50-04-441757_ho_DV_seed\model_weights.pth
INFO:src.utils.logger:It: 1305, Loss: 1.570e-02, Loss_res: 1.309e-02,  Loss_bcs: 2.529e-04, Loss_ut_ics: 1.176e-05, Loss_norm: 8.867e-07, Loss_gauge: 0.000e+00, w_pde: 1.00e+00, L^2_error: 5.044e-02, lr: 1.000e-03, Time: 4.86e+03
INFO:src.utils.logger:Model state saved to results\ho\DV\20260305-054940_seed0_ho_DV_bl_layered_e1500_w300_4q_4l\checkpoints\2026-03-05_05-50-04-441757_ho_DV_seed\model.pth
INFO:src.utils.logger:Model weights saved to results\ho\DV\20260305-054940_seed0_ho_DV_bl_layered_e1500_w300_4q_4l\checkpoints\2026-03-05_05-50-04-441757_ho_DV_seed\model_weights.pth
INFO:src.utils.logger:It: 1306, Loss: 1.735e-02, Loss_res: 1.474e-02,  Loss_bcs: 2.518e-04, Loss_ut_ics: 1.180e-05, Loss_norm: 7.195e-07, Loss_gauge: 0.000e+00, w_pde: 1.00e+00, L^2_error: 5.040e-02, lr: 1.000e-03, Time: 4.86e+03
INFO:src.utils.logger:Model state saved to results\ho\DV\20260305-054940_seed0_ho_DV_bl_layered_e1500_w300_4q_4l\checkpoints\2026-03-05_05-50-04-441757_ho_DV_seed\model.pth
INFO:src.utils.logger:Model weights saved to results\ho\DV\20260305-054940_seed0_ho_DV_bl_layered_e1500_w300_4q_4l\checkpoints\2026-03-05_05-50-04-441757_ho_DV_seed\model_weights.pth
INFO:src.utils.logger:It: 1307, Loss: 1.710e-02, Loss_res: 1.448e-02,  Loss_bcs: 2.576e-04, Loss_ut_ics: 1.181e-05, Loss_norm: 7.538e-07, Loss_gauge: 0.000e+00, w_pde: 1.00e+00, L^2_error: 5.037e-02, lr: 1.000e-03, Time: 4.87e+03
INFO:src.utils.logger:Model state saved to results\ho\DV\20260305-054940_seed0_ho_DV_bl_layered_e1500_w300_4q_4l\checkpoints\2026-03-05_05-50-04-441757_ho_DV_seed\model.pth
INFO:src.utils.logger:Model weights saved to results\ho\DV\20260305-054940_seed0_ho_DV_bl_layered_e1500_w300_4q_4l\checkpoints\2026-03-05_05-50-04-441757_ho_DV_seed\model_weights.pth
INFO:src.utils.logger:It: 1308, Loss: 1.733e-02, Loss_res: 1.472e-02,  Loss_bcs: 2.560e-04, Loss_ut_ics: 1.176e-05, Loss_norm: 1.012e-06, Loss_gauge: 0.000e+00, w_pde: 1.00e+00, L^2_error: 5.032e-02, lr: 1.000e-03, Time: 4.87e+03
INFO:src.utils.logger:Model state saved to results\ho\DV\20260305-054940_seed0_ho_DV_bl_layered_e1500_w300_4q_4l\checkpoints\2026-03-05_05-50-04-441757_ho_DV_seed\model.pth
INFO:src.utils.logger:Model weights saved to results\ho\DV\20260305-054940_seed0_ho_DV_bl_layered_e1500_w300_4q_4l\checkpoints\2026-03-05_05-50-04-441757_ho_DV_seed\model_weights.pth
INFO:src.utils.logger:It: 1309, Loss: 1.596e-02, Loss_res: 1.336e-02,  Loss_bcs: 2.482e-04, Loss_ut_ics: 1.171e-05, Loss_norm: 1.483e-06, Loss_gauge: 0.000e+00, w_pde: 1.00e+00, L^2_error: 5.027e-02, lr: 1.000e-03, Time: 4.87e+03
INFO:src.utils.logger:Model state saved to results\ho\DV\20260305-054940_seed0_ho_DV_bl_layered_e1500_w300_4q_4l\checkpoints\2026-03-05_05-50-04-441757_ho_DV_seed\model.pth
INFO:src.utils.logger:Model weights saved to results\ho\DV\20260305-054940_seed0_ho_DV_bl_layered_e1500_w300_4q_4l\checkpoints\2026-03-05_05-50-04-441757_ho_DV_seed\model_weights.pth
INFO:src.utils.logger:It: 1310, Loss: 1.683e-02, Loss_res: 1.423e-02,  Loss_bcs: 2.529e-04, Loss_ut_ics: 1.169e-05, Loss_norm: 1.857e-06, Loss_gauge: 0.000e+00, w_pde: 1.00e+00, L^2_error: 5.021e-02, lr: 1.000e-03, Time: 4.88e+03
INFO:src.utils.logger:Model state saved to results\ho\DV\20260305-054940_seed0_ho_DV_bl_layered_e1500_w300_4q_4l\checkpoints\2026-03-05_05-50-04-441757_ho_DV_seed\model.pth
INFO:src.utils.logger:Model weights saved to results\ho\DV\20260305-054940_seed0_ho_DV_bl_layered_e1500_w300_4q_4l\checkpoints\2026-03-05_05-50-04-441757_ho_DV_seed\model_weights.pth
INFO:src.utils.logger:It: 1311, Loss: 1.590e-02, Loss_res: 1.329e-02,  Loss_bcs: 2.515e-04, Loss_ut_ics: 1.173e-05, Loss_norm: 1.849e-06, Loss_gauge: 0.000e+00, w_pde: 1.00e+00, L^2_error: 5.016e-02, lr: 1.000e-03, Time: 4.88e+03
INFO:src.utils.logger:Model state saved to results\ho\DV\20260305-054940_seed0_ho_DV_bl_layered_e1500_w300_4q_4l\checkpoints\2026-03-05_05-50-04-441757_ho_DV_seed\model.pth
INFO:src.utils.logger:Model weights saved to results\ho\DV\20260305-054940_seed0_ho_DV_bl_layered_e1500_w300_4q_4l\checkpoints\2026-03-05_05-50-04-441757_ho_DV_seed\model_weights.pth
INFO:src.utils.logger:It: 1312, Loss: 1.666e-02, Loss_res: 1.404e-02,  Loss_bcs: 2.551e-04, Loss_ut_ics: 1.177e-05, Loss_norm: 1.587e-06, Loss_gauge: 0.000e+00, w_pde: 1.00e+00, L^2_error: 5.012e-02, lr: 1.000e-03, Time: 4.88e+03
INFO:src.utils.logger:Model state saved to results\ho\DV\20260305-054940_seed0_ho_DV_bl_layered_e1500_w300_4q_4l\checkpoints\2026-03-05_05-50-04-441757_ho_DV_seed\model.pth
INFO:src.utils.logger:Model weights saved to results\ho\DV\20260305-054940_seed0_ho_DV_bl_layered_e1500_w300_4q_4l\checkpoints\2026-03-05_05-50-04-441757_ho_DV_seed\model_weights.pth
INFO:src.utils.logger:It: 1313, Loss: 1.675e-02, Loss_res: 1.413e-02,  Loss_bcs: 2.599e-04, Loss_ut_ics: 1.176e-05, Loss_norm: 1.379e-06, Loss_gauge: 0.000e+00, w_pde: 1.00e+00, L^2_error: 5.009e-02, lr: 1.000e-03, Time: 4.89e+03
INFO:src.utils.logger:Model state saved to results\ho\DV\20260305-054940_seed0_ho_DV_bl_layered_e1500_w300_4q_4l\checkpoints\2026-03-05_05-50-04-441757_ho_DV_seed\model.pth
INFO:src.utils.logger:Model weights saved to results\ho\DV\20260305-054940_seed0_ho_DV_bl_layered_e1500_w300_4q_4l\checkpoints\2026-03-05_05-50-04-441757_ho_DV_seed\model_weights.pth
INFO:src.utils.logger:It: 1314, Loss: 1.681e-02, Loss_res: 1.421e-02,  Loss_bcs: 2.510e-04, Loss_ut_ics: 1.173e-05, Loss_norm: 1.273e-06, Loss_gauge: 0.000e+00, w_pde: 1.00e+00, L^2_error: 5.006e-02, lr: 1.000e-03, Time: 4.89e+03
INFO:src.utils.logger:Model state saved to results\ho\DV\20260305-054940_seed0_ho_DV_bl_layered_e1500_w300_4q_4l\checkpoints\2026-03-05_05-50-04-441757_ho_DV_seed\model.pth
INFO:src.utils.logger:Model weights saved to results\ho\DV\20260305-054940_seed0_ho_DV_bl_layered_e1500_w300_4q_4l\checkpoints\2026-03-05_05-50-04-441757_ho_DV_seed\model_weights.pth
INFO:src.utils.logger:It: 1315, Loss: 1.648e-02, Loss_res: 1.388e-02,  Loss_bcs: 2.535e-04, Loss_ut_ics: 1.171e-05, Loss_norm: 1.254e-06, Loss_gauge: 0.000e+00, w_pde: 1.00e+00, L^2_error: 5.004e-02, lr: 1.000e-03, Time: 4.90e+03
INFO:src.utils.logger:Model state saved to results\ho\DV\20260305-054940_seed0_ho_DV_bl_layered_e1500_w300_4q_4l\checkpoints\2026-03-05_05-50-04-441757_ho_DV_seed\model.pth
INFO:src.utils.logger:Model weights saved to results\ho\DV\20260305-054940_seed0_ho_DV_bl_layered_e1500_w300_4q_4l\checkpoints\2026-03-05_05-50-04-441757_ho_DV_seed\model_weights.pth
INFO:src.utils.logger:It: 1316, Loss: 1.700e-02, Loss_res: 1.441e-02,  Loss_bcs: 2.494e-04, Loss_ut_ics: 1.164e-05, Loss_norm: 1.414e-06, Loss_gauge: 0.000e+00, w_pde: 1.00e+00, L^2_error: 5.003e-02, lr: 1.000e-03, Time: 4.90e+03
INFO:src.utils.logger:Model state saved to results\ho\DV\20260305-054940_seed0_ho_DV_bl_layered_e1500_w300_4q_4l\checkpoints\2026-03-05_05-50-04-441757_ho_DV_seed\model.pth
INFO:src.utils.logger:Model weights saved to results\ho\DV\20260305-054940_seed0_ho_DV_bl_layered_e1500_w300_4q_4l\checkpoints\2026-03-05_05-50-04-441757_ho_DV_seed\model_weights.pth
INFO:src.utils.logger:It: 1317, Loss: 1.703e-02, Loss_res: 1.446e-02,  Loss_bcs: 2.483e-04, Loss_ut_ics: 1.156e-05, Loss_norm: 1.722e-06, Loss_gauge: 0.000e+00, w_pde: 1.00e+00, L^2_error: 5.003e-02, lr: 1.000e-03, Time: 4.90e+03
INFO:src.utils.logger:Model state saved to results\ho\DV\20260305-054940_seed0_ho_DV_bl_layered_e1500_w300_4q_4l\checkpoints\2026-03-05_05-50-04-441757_ho_DV_seed\model.pth
INFO:src.utils.logger:Model weights saved to results\ho\DV\20260305-054940_seed0_ho_DV_bl_layered_e1500_w300_4q_4l\checkpoints\2026-03-05_05-50-04-441757_ho_DV_seed\model_weights.pth
INFO:src.utils.logger:It: 1318, Loss: 1.623e-02, Loss_res: 1.367e-02,  Loss_bcs: 2.483e-04, Loss_ut_ics: 1.150e-05, Loss_norm: 1.914e-06, Loss_gauge: 0.000e+00, w_pde: 1.00e+00, L^2_error: 5.003e-02, lr: 1.000e-03, Time: 4.91e+03
INFO:src.utils.logger:Model state saved to results\ho\DV\20260305-054940_seed0_ho_DV_bl_layered_e1500_w300_4q_4l\checkpoints\2026-03-05_05-50-04-441757_ho_DV_seed\model.pth
INFO:src.utils.logger:Model weights saved to results\ho\DV\20260305-054940_seed0_ho_DV_bl_layered_e1500_w300_4q_4l\checkpoints\2026-03-05_05-50-04-441757_ho_DV_seed\model_weights.pth
INFO:src.utils.logger:It: 1319, Loss: 1.613e-02, Loss_res: 1.358e-02,  Loss_bcs: 2.418e-04, Loss_ut_ics: 1.150e-05, Loss_norm: 1.818e-06, Loss_gauge: 0.000e+00, w_pde: 1.00e+00, L^2_error: 5.001e-02, lr: 1.000e-03, Time: 4.91e+03
INFO:src.utils.logger:Model state saved to results\ho\DV\20260305-054940_seed0_ho_DV_bl_layered_e1500_w300_4q_4l\checkpoints\2026-03-05_05-50-04-441757_ho_DV_seed\model.pth
INFO:src.utils.logger:Model weights saved to results\ho\DV\20260305-054940_seed0_ho_DV_bl_layered_e1500_w300_4q_4l\checkpoints\2026-03-05_05-50-04-441757_ho_DV_seed\model_weights.pth
INFO:src.utils.logger:It: 1320, Loss: 1.734e-02, Loss_res: 1.478e-02,  Loss_bcs: 2.468e-04, Loss_ut_ics: 1.153e-05, Loss_norm: 1.524e-06, Loss_gauge: 0.000e+00, w_pde: 1.00e+00, L^2_error: 5.000e-02, lr: 1.000e-03, Time: 4.91e+03
INFO:src.utils.logger:Model state saved to results\ho\DV\20260305-054940_seed0_ho_DV_bl_layered_e1500_w300_4q_4l\checkpoints\2026-03-05_05-50-04-441757_ho_DV_seed\model.pth
INFO:src.utils.logger:Model weights saved to results\ho\DV\20260305-054940_seed0_ho_DV_bl_layered_e1500_w300_4q_4l\checkpoints\2026-03-05_05-50-04-441757_ho_DV_seed\model_weights.pth
INFO:src.utils.logger:It: 1321, Loss: 1.625e-02, Loss_res: 1.368e-02,  Loss_bcs: 2.488e-04, Loss_ut_ics: 1.156e-05, Loss_norm: 1.267e-06, Loss_gauge: 0.000e+00, w_pde: 1.00e+00, L^2_error: 4.998e-02, lr: 1.000e-03, Time: 4.92e+03
INFO:src.utils.logger:Model state saved to results\ho\DV\20260305-054940_seed0_ho_DV_bl_layered_e1500_w300_4q_4l\checkpoints\2026-03-05_05-50-04-441757_ho_DV_seed\model.pth
INFO:src.utils.logger:Model weights saved to results\ho\DV\20260305-054940_seed0_ho_DV_bl_layered_e1500_w300_4q_4l\checkpoints\2026-03-05_05-50-04-441757_ho_DV_seed\model_weights.pth
INFO:src.utils.logger:It: 1322, Loss: 1.643e-02, Loss_res: 1.387e-02,  Loss_bcs: 2.444e-04, Loss_ut_ics: 1.154e-05, Loss_norm: 1.174e-06, Loss_gauge: 0.000e+00, w_pde: 1.00e+00, L^2_error: 4.997e-02, lr: 1.000e-03, Time: 4.92e+03
INFO:src.utils.logger:Model state saved to results\ho\DV\20260305-054940_seed0_ho_DV_bl_layered_e1500_w300_4q_4l\checkpoints\2026-03-05_05-50-04-441757_ho_DV_seed\model.pth
INFO:src.utils.logger:Model weights saved to results\ho\DV\20260305-054940_seed0_ho_DV_bl_layered_e1500_w300_4q_4l\checkpoints\2026-03-05_05-50-04-441757_ho_DV_seed\model_weights.pth
INFO:src.utils.logger:It: 1323, Loss: 1.568e-02, Loss_res: 1.312e-02,  Loss_bcs: 2.538e-04, Loss_ut_ics: 1.151e-05, Loss_norm: 1.227e-06, Loss_gauge: 0.000e+00, w_pde: 1.00e+00, L^2_error: 4.994e-02, lr: 1.000e-03, Time: 4.93e+03
INFO:src.utils.logger:Model state saved to results\ho\DV\20260305-054940_seed0_ho_DV_bl_layered_e1500_w300_4q_4l\checkpoints\2026-03-05_05-50-04-441757_ho_DV_seed\model.pth
INFO:src.utils.logger:Model weights saved to results\ho\DV\20260305-054940_seed0_ho_DV_bl_layered_e1500_w300_4q_4l\checkpoints\2026-03-05_05-50-04-441757_ho_DV_seed\model_weights.pth
INFO:src.utils.logger:It: 1324, Loss: 1.725e-02, Loss_res: 1.469e-02,  Loss_bcs: 2.569e-04, Loss_ut_ics: 1.151e-05, Loss_norm: 1.184e-06, Loss_gauge: 0.000e+00, w_pde: 1.00e+00, L^2_error: 4.992e-02, lr: 1.000e-03, Time: 4.93e+03
INFO:src.utils.logger:Model state saved to results\ho\DV\20260305-054940_seed0_ho_DV_bl_layered_e1500_w300_4q_4l\checkpoints\2026-03-05_05-50-04-441757_ho_DV_seed\model.pth
INFO:src.utils.logger:Model weights saved to results\ho\DV\20260305-054940_seed0_ho_DV_bl_layered_e1500_w300_4q_4l\checkpoints\2026-03-05_05-50-04-441757_ho_DV_seed\model_weights.pth
INFO:src.utils.logger:It: 1325, Loss: 1.692e-02, Loss_res: 1.437e-02,  Loss_bcs: 2.477e-04, Loss_ut_ics: 1.147e-05, Loss_norm: 1.247e-06, Loss_gauge: 0.000e+00, w_pde: 1.00e+00, L^2_error: 4.990e-02, lr: 1.000e-03, Time: 4.93e+03
INFO:src.utils.logger:Model state saved to results\ho\DV\20260305-054940_seed0_ho_DV_bl_layered_e1500_w300_4q_4l\checkpoints\2026-03-05_05-50-04-441757_ho_DV_seed\model.pth
INFO:src.utils.logger:Model weights saved to results\ho\DV\20260305-054940_seed0_ho_DV_bl_layered_e1500_w300_4q_4l\checkpoints\2026-03-05_05-50-04-441757_ho_DV_seed\model_weights.pth
INFO:src.utils.logger:It: 1326, Loss: 1.632e-02, Loss_res: 1.379e-02,  Loss_bcs: 2.515e-04, Loss_ut_ics: 1.138e-05, Loss_norm: 1.434e-06, Loss_gauge: 0.000e+00, w_pde: 1.00e+00, L^2_error: 4.987e-02, lr: 1.000e-03, Time: 4.94e+03
INFO:src.utils.logger:Model state saved to results\ho\DV\20260305-054940_seed0_ho_DV_bl_layered_e1500_w300_4q_4l\checkpoints\2026-03-05_05-50-04-441757_ho_DV_seed\model.pth
INFO:src.utils.logger:Model weights saved to results\ho\DV\20260305-054940_seed0_ho_DV_bl_layered_e1500_w300_4q_4l\checkpoints\2026-03-05_05-50-04-441757_ho_DV_seed\model_weights.pth
INFO:src.utils.logger:It: 1327, Loss: 1.553e-02, Loss_res: 1.300e-02,  Loss_bcs: 2.504e-04, Loss_ut_ics: 1.134e-05, Loss_norm: 1.464e-06, Loss_gauge: 0.000e+00, w_pde: 1.00e+00, L^2_error: 4.983e-02, lr: 1.000e-03, Time: 4.94e+03
INFO:src.utils.logger:Model state saved to results\ho\DV\20260305-054940_seed0_ho_DV_bl_layered_e1500_w300_4q_4l\checkpoints\2026-03-05_05-50-04-441757_ho_DV_seed\model.pth
INFO:src.utils.logger:Model weights saved to results\ho\DV\20260305-054940_seed0_ho_DV_bl_layered_e1500_w300_4q_4l\checkpoints\2026-03-05_05-50-04-441757_ho_DV_seed\model_weights.pth
INFO:src.utils.logger:It: 1328, Loss: 1.643e-02, Loss_res: 1.391e-02,  Loss_bcs: 2.428e-04, Loss_ut_ics: 1.136e-05, Loss_norm: 1.230e-06, Loss_gauge: 0.000e+00, w_pde: 1.00e+00, L^2_error: 4.980e-02, lr: 1.000e-03, Time: 4.94e+03
INFO:src.utils.logger:Model state saved to results\ho\DV\20260305-054940_seed0_ho_DV_bl_layered_e1500_w300_4q_4l\checkpoints\2026-03-05_05-50-04-441757_ho_DV_seed\model.pth
INFO:src.utils.logger:Model weights saved to results\ho\DV\20260305-054940_seed0_ho_DV_bl_layered_e1500_w300_4q_4l\checkpoints\2026-03-05_05-50-04-441757_ho_DV_seed\model_weights.pth
INFO:src.utils.logger:It: 1329, Loss: 1.664e-02, Loss_res: 1.410e-02,  Loss_bcs: 2.491e-04, Loss_ut_ics: 1.144e-05, Loss_norm: 9.540e-07, Loss_gauge: 0.000e+00, w_pde: 1.00e+00, L^2_error: 4.976e-02, lr: 1.000e-03, Time: 4.95e+03
INFO:src.utils.logger:Model state saved to results\ho\DV\20260305-054940_seed0_ho_DV_bl_layered_e1500_w300_4q_4l\checkpoints\2026-03-05_05-50-04-441757_ho_DV_seed\model.pth
INFO:src.utils.logger:Model weights saved to results\ho\DV\20260305-054940_seed0_ho_DV_bl_layered_e1500_w300_4q_4l\checkpoints\2026-03-05_05-50-04-441757_ho_DV_seed\model_weights.pth
INFO:src.utils.logger:It: 1330, Loss: 1.563e-02, Loss_res: 1.309e-02,  Loss_bcs: 2.471e-04, Loss_ut_ics: 1.148e-05, Loss_norm: 9.322e-07, Loss_gauge: 0.000e+00, w_pde: 1.00e+00, L^2_error: 4.972e-02, lr: 1.000e-03, Time: 4.95e+03
INFO:src.utils.logger:Model state saved to results\ho\DV\20260305-054940_seed0_ho_DV_bl_layered_e1500_w300_4q_4l\checkpoints\2026-03-05_05-50-04-441757_ho_DV_seed\model.pth
INFO:src.utils.logger:Model weights saved to results\ho\DV\20260305-054940_seed0_ho_DV_bl_layered_e1500_w300_4q_4l\checkpoints\2026-03-05_05-50-04-441757_ho_DV_seed\model_weights.pth
INFO:src.utils.logger:It: 1331, Loss: 1.561e-02, Loss_res: 1.307e-02,  Loss_bcs: 2.453e-04, Loss_ut_ics: 1.144e-05, Loss_norm: 1.195e-06, Loss_gauge: 0.000e+00, w_pde: 1.00e+00, L^2_error: 4.969e-02, lr: 1.000e-03, Time: 4.96e+03
INFO:src.utils.logger:Model state saved to results\ho\DV\20260305-054940_seed0_ho_DV_bl_layered_e1500_w300_4q_4l\checkpoints\2026-03-05_05-50-04-441757_ho_DV_seed\model.pth
INFO:src.utils.logger:Model weights saved to results\ho\DV\20260305-054940_seed0_ho_DV_bl_layered_e1500_w300_4q_4l\checkpoints\2026-03-05_05-50-04-441757_ho_DV_seed\model_weights.pth
INFO:src.utils.logger:It: 1332, Loss: 1.609e-02, Loss_res: 1.357e-02,  Loss_bcs: 2.444e-04, Loss_ut_ics: 1.136e-05, Loss_norm: 1.594e-06, Loss_gauge: 0.000e+00, w_pde: 1.00e+00, L^2_error: 4.966e-02, lr: 1.000e-03, Time: 4.96e+03
INFO:src.utils.logger:Model state saved to results\ho\DV\20260305-054940_seed0_ho_DV_bl_layered_e1500_w300_4q_4l\checkpoints\2026-03-05_05-50-04-441757_ho_DV_seed\model.pth
INFO:src.utils.logger:Model weights saved to results\ho\DV\20260305-054940_seed0_ho_DV_bl_layered_e1500_w300_4q_4l\checkpoints\2026-03-05_05-50-04-441757_ho_DV_seed\model_weights.pth
INFO:src.utils.logger:It: 1333, Loss: 1.619e-02, Loss_res: 1.368e-02,  Loss_bcs: 2.434e-04, Loss_ut_ics: 1.129e-05, Loss_norm: 2.101e-06, Loss_gauge: 0.000e+00, w_pde: 1.00e+00, L^2_error: 4.965e-02, lr: 1.000e-03, Time: 4.96e+03
INFO:src.utils.logger:Model state saved to results\ho\DV\20260305-054940_seed0_ho_DV_bl_layered_e1500_w300_4q_4l\checkpoints\2026-03-05_05-50-04-441757_ho_DV_seed\model.pth
INFO:src.utils.logger:Model weights saved to results\ho\DV\20260305-054940_seed0_ho_DV_bl_layered_e1500_w300_4q_4l\checkpoints\2026-03-05_05-50-04-441757_ho_DV_seed\model_weights.pth
INFO:src.utils.logger:It: 1334, Loss: 1.615e-02, Loss_res: 1.366e-02,  Loss_bcs: 2.420e-04, Loss_ut_ics: 1.121e-05, Loss_norm: 2.370e-06, Loss_gauge: 0.000e+00, w_pde: 1.00e+00, L^2_error: 4.964e-02, lr: 1.000e-03, Time: 4.97e+03
INFO:src.utils.logger:Model state saved to results\ho\DV\20260305-054940_seed0_ho_DV_bl_layered_e1500_w300_4q_4l\checkpoints\2026-03-05_05-50-04-441757_ho_DV_seed\model.pth
INFO:src.utils.logger:Model weights saved to results\ho\DV\20260305-054940_seed0_ho_DV_bl_layered_e1500_w300_4q_4l\checkpoints\2026-03-05_05-50-04-441757_ho_DV_seed\model_weights.pth
INFO:src.utils.logger:It: 1335, Loss: 1.687e-02, Loss_res: 1.437e-02,  Loss_bcs: 2.509e-04, Loss_ut_ics: 1.120e-05, Loss_norm: 2.057e-06, Loss_gauge: 0.000e+00, w_pde: 1.00e+00, L^2_error: 4.963e-02, lr: 1.000e-03, Time: 4.97e+03
INFO:src.utils.logger:Model state saved to results\ho\DV\20260305-054940_seed0_ho_DV_bl_layered_e1500_w300_4q_4l\checkpoints\2026-03-05_05-50-04-441757_ho_DV_seed\model.pth
INFO:src.utils.logger:Model weights saved to results\ho\DV\20260305-054940_seed0_ho_DV_bl_layered_e1500_w300_4q_4l\checkpoints\2026-03-05_05-50-04-441757_ho_DV_seed\model_weights.pth
INFO:src.utils.logger:It: 1336, Loss: 1.641e-02, Loss_res: 1.392e-02,  Loss_bcs: 2.395e-04, Loss_ut_ics: 1.120e-05, Loss_norm: 1.512e-06, Loss_gauge: 0.000e+00, w_pde: 1.00e+00, L^2_error: 4.963e-02, lr: 1.000e-03, Time: 4.98e+03
INFO:src.utils.logger:Model state saved to results\ho\DV\20260305-054940_seed0_ho_DV_bl_layered_e1500_w300_4q_4l\checkpoints\2026-03-05_05-50-04-441757_ho_DV_seed\model.pth
INFO:src.utils.logger:Model weights saved to results\ho\DV\20260305-054940_seed0_ho_DV_bl_layered_e1500_w300_4q_4l\checkpoints\2026-03-05_05-50-04-441757_ho_DV_seed\model_weights.pth
INFO:src.utils.logger:It: 1337, Loss: 1.630e-02, Loss_res: 1.381e-02,  Loss_bcs: 2.430e-04, Loss_ut_ics: 1.122e-05, Loss_norm: 9.819e-07, Loss_gauge: 0.000e+00, w_pde: 1.00e+00, L^2_error: 4.963e-02, lr: 1.000e-03, Time: 4.98e+03
INFO:src.utils.logger:Model state saved to results\ho\DV\20260305-054940_seed0_ho_DV_bl_layered_e1500_w300_4q_4l\checkpoints\2026-03-05_05-50-04-441757_ho_DV_seed\model.pth
INFO:src.utils.logger:Model weights saved to results\ho\DV\20260305-054940_seed0_ho_DV_bl_layered_e1500_w300_4q_4l\checkpoints\2026-03-05_05-50-04-441757_ho_DV_seed\model_weights.pth
INFO:src.utils.logger:It: 1338, Loss: 1.588e-02, Loss_res: 1.339e-02,  Loss_bcs: 2.467e-04, Loss_ut_ics: 1.120e-05, Loss_norm: 7.763e-07, Loss_gauge: 0.000e+00, w_pde: 1.00e+00, L^2_error: 4.963e-02, lr: 1.000e-03, Time: 4.98e+03
INFO:src.utils.logger:Model state saved to results\ho\DV\20260305-054940_seed0_ho_DV_bl_layered_e1500_w300_4q_4l\checkpoints\2026-03-05_05-50-04-441757_ho_DV_seed\model.pth
INFO:src.utils.logger:Model weights saved to results\ho\DV\20260305-054940_seed0_ho_DV_bl_layered_e1500_w300_4q_4l\checkpoints\2026-03-05_05-50-04-441757_ho_DV_seed\model_weights.pth
INFO:src.utils.logger:It: 1339, Loss: 1.623e-02, Loss_res: 1.377e-02,  Loss_bcs: 2.373e-04, Loss_ut_ics: 1.114e-05, Loss_norm: 7.788e-07, Loss_gauge: 0.000e+00, w_pde: 1.00e+00, L^2_error: 4.962e-02, lr: 1.000e-03, Time: 4.99e+03
INFO:src.utils.logger:Model state saved to results\ho\DV\20260305-054940_seed0_ho_DV_bl_layered_e1500_w300_4q_4l\checkpoints\2026-03-05_05-50-04-441757_ho_DV_seed\model.pth
INFO:src.utils.logger:Model weights saved to results\ho\DV\20260305-054940_seed0_ho_DV_bl_layered_e1500_w300_4q_4l\checkpoints\2026-03-05_05-50-04-441757_ho_DV_seed\model_weights.pth
INFO:src.utils.logger:It: 1340, Loss: 1.650e-02, Loss_res: 1.404e-02,  Loss_bcs: 2.328e-04, Loss_ut_ics: 1.109e-05, Loss_norm: 9.548e-07, Loss_gauge: 0.000e+00, w_pde: 1.00e+00, L^2_error: 4.959e-02, lr: 1.000e-03, Time: 4.99e+03
INFO:src.utils.logger:Model state saved to results\ho\DV\20260305-054940_seed0_ho_DV_bl_layered_e1500_w300_4q_4l\checkpoints\2026-03-05_05-50-04-441757_ho_DV_seed\model.pth
INFO:src.utils.logger:Model weights saved to results\ho\DV\20260305-054940_seed0_ho_DV_bl_layered_e1500_w300_4q_4l\checkpoints\2026-03-05_05-50-04-441757_ho_DV_seed\model_weights.pth
INFO:src.utils.logger:It: 1341, Loss: 1.605e-02, Loss_res: 1.360e-02,  Loss_bcs: 2.327e-04, Loss_ut_ics: 1.105e-05, Loss_norm: 1.212e-06, Loss_gauge: 0.000e+00, w_pde: 1.00e+00, L^2_error: 4.955e-02, lr: 1.000e-03, Time: 4.99e+03
INFO:src.utils.logger:Model state saved to results\ho\DV\20260305-054940_seed0_ho_DV_bl_layered_e1500_w300_4q_4l\checkpoints\2026-03-05_05-50-04-441757_ho_DV_seed\model.pth
INFO:src.utils.logger:Model weights saved to results\ho\DV\20260305-054940_seed0_ho_DV_bl_layered_e1500_w300_4q_4l\checkpoints\2026-03-05_05-50-04-441757_ho_DV_seed\model_weights.pth
INFO:src.utils.logger:It: 1342, Loss: 1.559e-02, Loss_res: 1.314e-02,  Loss_bcs: 2.375e-04, Loss_ut_ics: 1.105e-05, Loss_norm: 1.411e-06, Loss_gauge: 0.000e+00, w_pde: 1.00e+00, L^2_error: 4.950e-02, lr: 1.000e-03, Time: 5.00e+03
INFO:src.utils.logger:Model state saved to results\ho\DV\20260305-054940_seed0_ho_DV_bl_layered_e1500_w300_4q_4l\checkpoints\2026-03-05_05-50-04-441757_ho_DV_seed\model.pth
INFO:src.utils.logger:Model weights saved to results\ho\DV\20260305-054940_seed0_ho_DV_bl_layered_e1500_w300_4q_4l\checkpoints\2026-03-05_05-50-04-441757_ho_DV_seed\model_weights.pth
INFO:src.utils.logger:It: 1343, Loss: 1.587e-02, Loss_res: 1.341e-02,  Loss_bcs: 2.450e-04, Loss_ut_ics: 1.106e-05, Loss_norm: 1.499e-06, Loss_gauge: 0.000e+00, w_pde: 1.00e+00, L^2_error: 4.945e-02, lr: 1.000e-03, Time: 5.00e+03
INFO:src.utils.logger:Model state saved to results\ho\DV\20260305-054940_seed0_ho_DV_bl_layered_e1500_w300_4q_4l\checkpoints\2026-03-05_05-50-04-441757_ho_DV_seed\model.pth
INFO:src.utils.logger:Model weights saved to results\ho\DV\20260305-054940_seed0_ho_DV_bl_layered_e1500_w300_4q_4l\checkpoints\2026-03-05_05-50-04-441757_ho_DV_seed\model_weights.pth
INFO:src.utils.logger:It: 1344, Loss: 1.552e-02, Loss_res: 1.305e-02,  Loss_bcs: 2.415e-04, Loss_ut_ics: 1.112e-05, Loss_norm: 1.361e-06, Loss_gauge: 0.000e+00, w_pde: 1.00e+00, L^2_error: 4.939e-02, lr: 1.000e-03, Time: 5.01e+03
INFO:src.utils.logger:Model state saved to results\ho\DV\20260305-054940_seed0_ho_DV_bl_layered_e1500_w300_4q_4l\checkpoints\2026-03-05_05-50-04-441757_ho_DV_seed\model.pth
INFO:src.utils.logger:Model weights saved to results\ho\DV\20260305-054940_seed0_ho_DV_bl_layered_e1500_w300_4q_4l\checkpoints\2026-03-05_05-50-04-441757_ho_DV_seed\model_weights.pth
INFO:src.utils.logger:It: 1345, Loss: 1.669e-02, Loss_res: 1.420e-02,  Loss_bcs: 2.433e-04, Loss_ut_ics: 1.118e-05, Loss_norm: 1.219e-06, Loss_gauge: 0.000e+00, w_pde: 1.00e+00, L^2_error: 4.934e-02, lr: 1.000e-03, Time: 5.01e+03
INFO:src.utils.logger:Model state saved to results\ho\DV\20260305-054940_seed0_ho_DV_bl_layered_e1500_w300_4q_4l\checkpoints\2026-03-05_05-50-04-441757_ho_DV_seed\model.pth
INFO:src.utils.logger:Model weights saved to results\ho\DV\20260305-054940_seed0_ho_DV_bl_layered_e1500_w300_4q_4l\checkpoints\2026-03-05_05-50-04-441757_ho_DV_seed\model_weights.pth
INFO:src.utils.logger:It: 1346, Loss: 1.535e-02, Loss_res: 1.285e-02,  Loss_bcs: 2.394e-04, Loss_ut_ics: 1.125e-05, Loss_norm: 1.208e-06, Loss_gauge: 0.000e+00, w_pde: 1.00e+00, L^2_error: 4.930e-02, lr: 1.000e-03, Time: 5.01e+03
INFO:src.utils.logger:Model state saved to results\ho\DV\20260305-054940_seed0_ho_DV_bl_layered_e1500_w300_4q_4l\checkpoints\2026-03-05_05-50-04-441757_ho_DV_seed\model.pth
INFO:src.utils.logger:Model weights saved to results\ho\DV\20260305-054940_seed0_ho_DV_bl_layered_e1500_w300_4q_4l\checkpoints\2026-03-05_05-50-04-441757_ho_DV_seed\model_weights.pth
INFO:src.utils.logger:It: 1347, Loss: 1.606e-02, Loss_res: 1.355e-02,  Loss_bcs: 2.436e-04, Loss_ut_ics: 1.126e-05, Loss_norm: 1.416e-06, Loss_gauge: 0.000e+00, w_pde: 1.00e+00, L^2_error: 4.927e-02, lr: 1.000e-03, Time: 5.02e+03
INFO:src.utils.logger:Model state saved to results\ho\DV\20260305-054940_seed0_ho_DV_bl_layered_e1500_w300_4q_4l\checkpoints\2026-03-05_05-50-04-441757_ho_DV_seed\model.pth
INFO:src.utils.logger:Model weights saved to results\ho\DV\20260305-054940_seed0_ho_DV_bl_layered_e1500_w300_4q_4l\checkpoints\2026-03-05_05-50-04-441757_ho_DV_seed\model_weights.pth
INFO:src.utils.logger:It: 1348, Loss: 1.622e-02, Loss_res: 1.372e-02,  Loss_bcs: 2.409e-04, Loss_ut_ics: 1.122e-05, Loss_norm: 1.712e-06, Loss_gauge: 0.000e+00, w_pde: 1.00e+00, L^2_error: 4.925e-02, lr: 1.000e-03, Time: 5.02e+03
INFO:src.utils.logger:Model state saved to results\ho\DV\20260305-054940_seed0_ho_DV_bl_layered_e1500_w300_4q_4l\checkpoints\2026-03-05_05-50-04-441757_ho_DV_seed\model.pth
INFO:src.utils.logger:Model weights saved to results\ho\DV\20260305-054940_seed0_ho_DV_bl_layered_e1500_w300_4q_4l\checkpoints\2026-03-05_05-50-04-441757_ho_DV_seed\model_weights.pth
INFO:src.utils.logger:It: 1349, Loss: 1.690e-02, Loss_res: 1.442e-02,  Loss_bcs: 2.370e-04, Loss_ut_ics: 1.115e-05, Loss_norm: 1.970e-06, Loss_gauge: 0.000e+00, w_pde: 1.00e+00, L^2_error: 4.924e-02, lr: 1.000e-03, Time: 5.02e+03
INFO:src.utils.logger:Model state saved to results\ho\DV\20260305-054940_seed0_ho_DV_bl_layered_e1500_w300_4q_4l\checkpoints\2026-03-05_05-50-04-441757_ho_DV_seed\model.pth
INFO:src.utils.logger:Model weights saved to results\ho\DV\20260305-054940_seed0_ho_DV_bl_layered_e1500_w300_4q_4l\checkpoints\2026-03-05_05-50-04-441757_ho_DV_seed\model_weights.pth
INFO:src.utils.logger:It: 1350, Loss: 1.684e-02, Loss_res: 1.438e-02,  Loss_bcs: 2.373e-04, Loss_ut_ics: 1.108e-05, Loss_norm: 2.047e-06, Loss_gauge: 0.000e+00, w_pde: 1.00e+00, L^2_error: 4.922e-02, lr: 1.000e-03, Time: 5.03e+03
INFO:src.utils.logger:Model state saved to results\ho\DV\20260305-054940_seed0_ho_DV_bl_layered_e1500_w300_4q_4l\checkpoints\2026-03-05_05-50-04-441757_ho_DV_seed\model.pth
INFO:src.utils.logger:Model weights saved to results\ho\DV\20260305-054940_seed0_ho_DV_bl_layered_e1500_w300_4q_4l\checkpoints\2026-03-05_05-50-04-441757_ho_DV_seed\model_weights.pth
INFO:src.utils.logger:It: 1351, Loss: 1.611e-02, Loss_res: 1.367e-02,  Loss_bcs: 2.288e-04, Loss_ut_ics: 1.101e-05, Loss_norm: 1.832e-06, Loss_gauge: 0.000e+00, w_pde: 1.00e+00, L^2_error: 4.921e-02, lr: 1.000e-03, Time: 5.03e+03
INFO:src.utils.logger:Model state saved to results\ho\DV\20260305-054940_seed0_ho_DV_bl_layered_e1500_w300_4q_4l\checkpoints\2026-03-05_05-50-04-441757_ho_DV_seed\model.pth
INFO:src.utils.logger:Model weights saved to results\ho\DV\20260305-054940_seed0_ho_DV_bl_layered_e1500_w300_4q_4l\checkpoints\2026-03-05_05-50-04-441757_ho_DV_seed\model_weights.pth
INFO:src.utils.logger:It: 1352, Loss: 1.525e-02, Loss_res: 1.283e-02,  Loss_bcs: 2.279e-04, Loss_ut_ics: 1.093e-05, Loss_norm: 1.444e-06, Loss_gauge: 0.000e+00, w_pde: 1.00e+00, L^2_error: 4.919e-02, lr: 1.000e-03, Time: 5.04e+03
INFO:src.utils.logger:Model state saved to results\ho\DV\20260305-054940_seed0_ho_DV_bl_layered_e1500_w300_4q_4l\checkpoints\2026-03-05_05-50-04-441757_ho_DV_seed\model.pth
INFO:src.utils.logger:Model weights saved to results\ho\DV\20260305-054940_seed0_ho_DV_bl_layered_e1500_w300_4q_4l\checkpoints\2026-03-05_05-50-04-441757_ho_DV_seed\model_weights.pth
INFO:src.utils.logger:It: 1353, Loss: 1.548e-02, Loss_res: 1.306e-02,  Loss_bcs: 2.321e-04, Loss_ut_ics: 1.090e-05, Loss_norm: 1.003e-06, Loss_gauge: 0.000e+00, w_pde: 1.00e+00, L^2_error: 4.917e-02, lr: 1.000e-03, Time: 5.04e+03
INFO:src.utils.logger:Model state saved to results\ho\DV\20260305-054940_seed0_ho_DV_bl_layered_e1500_w300_4q_4l\checkpoints\2026-03-05_05-50-04-441757_ho_DV_seed\model.pth
INFO:src.utils.logger:Model weights saved to results\ho\DV\20260305-054940_seed0_ho_DV_bl_layered_e1500_w300_4q_4l\checkpoints\2026-03-05_05-50-04-441757_ho_DV_seed\model_weights.pth
INFO:src.utils.logger:It: 1354, Loss: 1.607e-02, Loss_res: 1.366e-02,  Loss_bcs: 2.377e-04, Loss_ut_ics: 1.086e-05, Loss_norm: 8.366e-07, Loss_gauge: 0.000e+00, w_pde: 1.00e+00, L^2_error: 4.914e-02, lr: 1.000e-03, Time: 5.04e+03
INFO:src.utils.logger:Model state saved to results\ho\DV\20260305-054940_seed0_ho_DV_bl_layered_e1500_w300_4q_4l\checkpoints\2026-03-05_05-50-04-441757_ho_DV_seed\model.pth
INFO:src.utils.logger:Model weights saved to results\ho\DV\20260305-054940_seed0_ho_DV_bl_layered_e1500_w300_4q_4l\checkpoints\2026-03-05_05-50-04-441757_ho_DV_seed\model_weights.pth
INFO:src.utils.logger:It: 1355, Loss: 1.575e-02, Loss_res: 1.335e-02,  Loss_bcs: 2.312e-04, Loss_ut_ics: 1.083e-05, Loss_norm: 8.634e-07, Loss_gauge: 0.000e+00, w_pde: 1.00e+00, L^2_error: 4.912e-02, lr: 1.000e-03, Time: 5.05e+03
INFO:src.utils.logger:Model state saved to results\ho\DV\20260305-054940_seed0_ho_DV_bl_layered_e1500_w300_4q_4l\checkpoints\2026-03-05_05-50-04-441757_ho_DV_seed\model.pth
INFO:src.utils.logger:Model weights saved to results\ho\DV\20260305-054940_seed0_ho_DV_bl_layered_e1500_w300_4q_4l\checkpoints\2026-03-05_05-50-04-441757_ho_DV_seed\model_weights.pth
INFO:src.utils.logger:It: 1356, Loss: 1.566e-02, Loss_res: 1.327e-02,  Loss_bcs: 2.346e-04, Loss_ut_ics: 1.078e-05, Loss_norm: 1.100e-06, Loss_gauge: 0.000e+00, w_pde: 1.00e+00, L^2_error: 4.909e-02, lr: 1.000e-03, Time: 5.05e+03
INFO:src.utils.logger:Model state saved to results\ho\DV\20260305-054940_seed0_ho_DV_bl_layered_e1500_w300_4q_4l\checkpoints\2026-03-05_05-50-04-441757_ho_DV_seed\model.pth
INFO:src.utils.logger:Model weights saved to results\ho\DV\20260305-054940_seed0_ho_DV_bl_layered_e1500_w300_4q_4l\checkpoints\2026-03-05_05-50-04-441757_ho_DV_seed\model_weights.pth
INFO:src.utils.logger:It: 1357, Loss: 1.548e-02, Loss_res: 1.308e-02,  Loss_bcs: 2.368e-04, Loss_ut_ics: 1.078e-05, Loss_norm: 1.450e-06, Loss_gauge: 0.000e+00, w_pde: 1.00e+00, L^2_error: 4.905e-02, lr: 1.000e-03, Time: 5.05e+03
INFO:src.utils.logger:Model state saved to results\ho\DV\20260305-054940_seed0_ho_DV_bl_layered_e1500_w300_4q_4l\checkpoints\2026-03-05_05-50-04-441757_ho_DV_seed\model.pth
INFO:src.utils.logger:Model weights saved to results\ho\DV\20260305-054940_seed0_ho_DV_bl_layered_e1500_w300_4q_4l\checkpoints\2026-03-05_05-50-04-441757_ho_DV_seed\model_weights.pth
INFO:src.utils.logger:It: 1358, Loss: 1.645e-02, Loss_res: 1.404e-02,  Loss_bcs: 2.391e-04, Loss_ut_ics: 1.082e-05, Loss_norm: 1.736e-06, Loss_gauge: 0.000e+00, w_pde: 1.00e+00, L^2_error: 4.901e-02, lr: 1.000e-03, Time: 5.06e+03
INFO:src.utils.logger:Model state saved to results\ho\DV\20260305-054940_seed0_ho_DV_bl_layered_e1500_w300_4q_4l\checkpoints\2026-03-05_05-50-04-441757_ho_DV_seed\model.pth
INFO:src.utils.logger:Model weights saved to results\ho\DV\20260305-054940_seed0_ho_DV_bl_layered_e1500_w300_4q_4l\checkpoints\2026-03-05_05-50-04-441757_ho_DV_seed\model_weights.pth
INFO:src.utils.logger:It: 1359, Loss: 1.603e-02, Loss_res: 1.360e-02,  Loss_bcs: 2.431e-04, Loss_ut_ics: 1.089e-05, Loss_norm: 1.733e-06, Loss_gauge: 0.000e+00, w_pde: 1.00e+00, L^2_error: 4.898e-02, lr: 1.000e-03, Time: 5.06e+03
INFO:src.utils.logger:Model state saved to results\ho\DV\20260305-054940_seed0_ho_DV_bl_layered_e1500_w300_4q_4l\checkpoints\2026-03-05_05-50-04-441757_ho_DV_seed\model.pth
INFO:src.utils.logger:Model weights saved to results\ho\DV\20260305-054940_seed0_ho_DV_bl_layered_e1500_w300_4q_4l\checkpoints\2026-03-05_05-50-04-441757_ho_DV_seed\model_weights.pth
INFO:src.utils.logger:It: 1360, Loss: 1.645e-02, Loss_res: 1.401e-02,  Loss_bcs: 2.336e-04, Loss_ut_ics: 1.094e-05, Loss_norm: 1.754e-06, Loss_gauge: 0.000e+00, w_pde: 1.00e+00, L^2_error: 4.895e-02, lr: 1.000e-03, Time: 5.07e+03
INFO:src.utils.logger:Model state saved to results\ho\DV\20260305-054940_seed0_ho_DV_bl_layered_e1500_w300_4q_4l\checkpoints\2026-03-05_05-50-04-441757_ho_DV_seed\model.pth
INFO:src.utils.logger:Model weights saved to results\ho\DV\20260305-054940_seed0_ho_DV_bl_layered_e1500_w300_4q_4l\checkpoints\2026-03-05_05-50-04-441757_ho_DV_seed\model_weights.pth
INFO:src.utils.logger:It: 1361, Loss: 1.518e-02, Loss_res: 1.275e-02,  Loss_bcs: 2.301e-04, Loss_ut_ics: 1.094e-05, Loss_norm: 1.828e-06, Loss_gauge: 0.000e+00, w_pde: 1.00e+00, L^2_error: 4.894e-02, lr: 1.000e-03, Time: 5.07e+03
INFO:src.utils.logger:Model state saved to results\ho\DV\20260305-054940_seed0_ho_DV_bl_layered_e1500_w300_4q_4l\checkpoints\2026-03-05_05-50-04-441757_ho_DV_seed\model.pth
INFO:src.utils.logger:Model weights saved to results\ho\DV\20260305-054940_seed0_ho_DV_bl_layered_e1500_w300_4q_4l\checkpoints\2026-03-05_05-50-04-441757_ho_DV_seed\model_weights.pth
INFO:src.utils.logger:It: 1362, Loss: 1.572e-02, Loss_res: 1.329e-02,  Loss_bcs: 2.386e-04, Loss_ut_ics: 1.090e-05, Loss_norm: 1.739e-06, Loss_gauge: 0.000e+00, w_pde: 1.00e+00, L^2_error: 4.893e-02, lr: 1.000e-03, Time: 5.07e+03
INFO:src.utils.logger:Model state saved to results\ho\DV\20260305-054940_seed0_ho_DV_bl_layered_e1500_w300_4q_4l\checkpoints\2026-03-05_05-50-04-441757_ho_DV_seed\model.pth
INFO:src.utils.logger:Model weights saved to results\ho\DV\20260305-054940_seed0_ho_DV_bl_layered_e1500_w300_4q_4l\checkpoints\2026-03-05_05-50-04-441757_ho_DV_seed\model_weights.pth
INFO:src.utils.logger:It: 1363, Loss: 1.618e-02, Loss_res: 1.377e-02,  Loss_bcs: 2.382e-04, Loss_ut_ics: 1.085e-05, Loss_norm: 1.608e-06, Loss_gauge: 0.000e+00, w_pde: 1.00e+00, L^2_error: 4.893e-02, lr: 1.000e-03, Time: 5.08e+03
INFO:src.utils.logger:Model state saved to results\ho\DV\20260305-054940_seed0_ho_DV_bl_layered_e1500_w300_4q_4l\checkpoints\2026-03-05_05-50-04-441757_ho_DV_seed\model.pth
INFO:src.utils.logger:Model weights saved to results\ho\DV\20260305-054940_seed0_ho_DV_bl_layered_e1500_w300_4q_4l\checkpoints\2026-03-05_05-50-04-441757_ho_DV_seed\model_weights.pth
INFO:src.utils.logger:It: 1364, Loss: 1.576e-02, Loss_res: 1.336e-02,  Loss_bcs: 2.338e-04, Loss_ut_ics: 1.078e-05, Loss_norm: 1.414e-06, Loss_gauge: 0.000e+00, w_pde: 1.00e+00, L^2_error: 4.893e-02, lr: 1.000e-03, Time: 5.08e+03
INFO:src.utils.logger:Model state saved to results\ho\DV\20260305-054940_seed0_ho_DV_bl_layered_e1500_w300_4q_4l\checkpoints\2026-03-05_05-50-04-441757_ho_DV_seed\model.pth
INFO:src.utils.logger:Model weights saved to results\ho\DV\20260305-054940_seed0_ho_DV_bl_layered_e1500_w300_4q_4l\checkpoints\2026-03-05_05-50-04-441757_ho_DV_seed\model_weights.pth
INFO:src.utils.logger:It: 1365, Loss: 1.566e-02, Loss_res: 1.327e-02,  Loss_bcs: 2.372e-04, Loss_ut_ics: 1.071e-05, Loss_norm: 1.249e-06, Loss_gauge: 0.000e+00, w_pde: 1.00e+00, L^2_error: 4.891e-02, lr: 1.000e-03, Time: 5.08e+03
INFO:src.utils.logger:Model state saved to results\ho\DV\20260305-054940_seed0_ho_DV_bl_layered_e1500_w300_4q_4l\checkpoints\2026-03-05_05-50-04-441757_ho_DV_seed\model.pth
INFO:src.utils.logger:Model weights saved to results\ho\DV\20260305-054940_seed0_ho_DV_bl_layered_e1500_w300_4q_4l\checkpoints\2026-03-05_05-50-04-441757_ho_DV_seed\model_weights.pth
INFO:src.utils.logger:It: 1366, Loss: 1.629e-02, Loss_res: 1.391e-02,  Loss_bcs: 2.375e-04, Loss_ut_ics: 1.071e-05, Loss_norm: 8.793e-07, Loss_gauge: 0.000e+00, w_pde: 1.00e+00, L^2_error: 4.888e-02, lr: 1.000e-03, Time: 5.09e+03
INFO:src.utils.logger:Model state saved to results\ho\DV\20260305-054940_seed0_ho_DV_bl_layered_e1500_w300_4q_4l\checkpoints\2026-03-05_05-50-04-441757_ho_DV_seed\model.pth
INFO:src.utils.logger:Model weights saved to results\ho\DV\20260305-054940_seed0_ho_DV_bl_layered_e1500_w300_4q_4l\checkpoints\2026-03-05_05-50-04-441757_ho_DV_seed\model_weights.pth
INFO:src.utils.logger:It: 1367, Loss: 1.626e-02, Loss_res: 1.387e-02,  Loss_bcs: 2.361e-04, Loss_ut_ics: 1.075e-05, Loss_norm: 6.855e-07, Loss_gauge: 0.000e+00, w_pde: 1.00e+00, L^2_error: 4.883e-02, lr: 1.000e-03, Time: 5.09e+03
INFO:src.utils.logger:Model state saved to results\ho\DV\20260305-054940_seed0_ho_DV_bl_layered_e1500_w300_4q_4l\checkpoints\2026-03-05_05-50-04-441757_ho_DV_seed\model.pth
INFO:src.utils.logger:Model weights saved to results\ho\DV\20260305-054940_seed0_ho_DV_bl_layered_e1500_w300_4q_4l\checkpoints\2026-03-05_05-50-04-441757_ho_DV_seed\model_weights.pth
INFO:src.utils.logger:It: 1368, Loss: 1.627e-02, Loss_res: 1.388e-02,  Loss_bcs: 2.312e-04, Loss_ut_ics: 1.077e-05, Loss_norm: 6.677e-07, Loss_gauge: 0.000e+00, w_pde: 1.00e+00, L^2_error: 4.879e-02, lr: 1.000e-03, Time: 5.10e+03
INFO:src.utils.logger:Model state saved to results\ho\DV\20260305-054940_seed0_ho_DV_bl_layered_e1500_w300_4q_4l\checkpoints\2026-03-05_05-50-04-441757_ho_DV_seed\model.pth
INFO:src.utils.logger:Model weights saved to results\ho\DV\20260305-054940_seed0_ho_DV_bl_layered_e1500_w300_4q_4l\checkpoints\2026-03-05_05-50-04-441757_ho_DV_seed\model_weights.pth
INFO:src.utils.logger:It: 1369, Loss: 1.576e-02, Loss_res: 1.337e-02,  Loss_bcs: 2.356e-04, Loss_ut_ics: 1.075e-05, Loss_norm: 9.033e-07, Loss_gauge: 0.000e+00, w_pde: 1.00e+00, L^2_error: 4.875e-02, lr: 1.000e-03, Time: 5.10e+03
INFO:src.utils.logger:Model state saved to results\ho\DV\20260305-054940_seed0_ho_DV_bl_layered_e1500_w300_4q_4l\checkpoints\2026-03-05_05-50-04-441757_ho_DV_seed\model.pth
INFO:src.utils.logger:Model weights saved to results\ho\DV\20260305-054940_seed0_ho_DV_bl_layered_e1500_w300_4q_4l\checkpoints\2026-03-05_05-50-04-441757_ho_DV_seed\model_weights.pth
INFO:src.utils.logger:It: 1370, Loss: 1.559e-02, Loss_res: 1.321e-02,  Loss_bcs: 2.300e-04, Loss_ut_ics: 1.070e-05, Loss_norm: 1.372e-06, Loss_gauge: 0.000e+00, w_pde: 1.00e+00, L^2_error: 4.870e-02, lr: 1.000e-03, Time: 5.10e+03
INFO:src.utils.logger:Model state saved to results\ho\DV\20260305-054940_seed0_ho_DV_bl_layered_e1500_w300_4q_4l\checkpoints\2026-03-05_05-50-04-441757_ho_DV_seed\model.pth
INFO:src.utils.logger:Model weights saved to results\ho\DV\20260305-054940_seed0_ho_DV_bl_layered_e1500_w300_4q_4l\checkpoints\2026-03-05_05-50-04-441757_ho_DV_seed\model_weights.pth
INFO:src.utils.logger:It: 1371, Loss: 1.522e-02, Loss_res: 1.284e-02,  Loss_bcs: 2.371e-04, Loss_ut_ics: 1.066e-05, Loss_norm: 1.782e-06, Loss_gauge: 0.000e+00, w_pde: 1.00e+00, L^2_error: 4.865e-02, lr: 1.000e-03, Time: 5.11e+03
INFO:src.utils.logger:Model state saved to results\ho\DV\20260305-054940_seed0_ho_DV_bl_layered_e1500_w300_4q_4l\checkpoints\2026-03-05_05-50-04-441757_ho_DV_seed\model.pth
INFO:src.utils.logger:Model weights saved to results\ho\DV\20260305-054940_seed0_ho_DV_bl_layered_e1500_w300_4q_4l\checkpoints\2026-03-05_05-50-04-441757_ho_DV_seed\model_weights.pth
INFO:src.utils.logger:It: 1372, Loss: 1.509e-02, Loss_res: 1.271e-02,  Loss_bcs: 2.397e-04, Loss_ut_ics: 1.067e-05, Loss_norm: 1.724e-06, Loss_gauge: 0.000e+00, w_pde: 1.00e+00, L^2_error: 4.861e-02, lr: 1.000e-03, Time: 5.11e+03
INFO:src.utils.logger:Model state saved to results\ho\DV\20260305-054940_seed0_ho_DV_bl_layered_e1500_w300_4q_4l\checkpoints\2026-03-05_05-50-04-441757_ho_DV_seed\model.pth
INFO:src.utils.logger:Model weights saved to results\ho\DV\20260305-054940_seed0_ho_DV_bl_layered_e1500_w300_4q_4l\checkpoints\2026-03-05_05-50-04-441757_ho_DV_seed\model_weights.pth
INFO:src.utils.logger:It: 1373, Loss: 1.562e-02, Loss_res: 1.326e-02,  Loss_bcs: 2.269e-04, Loss_ut_ics: 1.067e-05, Loss_norm: 1.398e-06, Loss_gauge: 0.000e+00, w_pde: 1.00e+00, L^2_error: 4.857e-02, lr: 1.000e-03, Time: 5.12e+03
INFO:src.utils.logger:Model state saved to results\ho\DV\20260305-054940_seed0_ho_DV_bl_layered_e1500_w300_4q_4l\checkpoints\2026-03-05_05-50-04-441757_ho_DV_seed\model.pth
INFO:src.utils.logger:Model weights saved to results\ho\DV\20260305-054940_seed0_ho_DV_bl_layered_e1500_w300_4q_4l\checkpoints\2026-03-05_05-50-04-441757_ho_DV_seed\model_weights.pth
INFO:src.utils.logger:It: 1374, Loss: 1.541e-02, Loss_res: 1.303e-02,  Loss_bcs: 2.376e-04, Loss_ut_ics: 1.069e-05, Loss_norm: 9.881e-07, Loss_gauge: 0.000e+00, w_pde: 1.00e+00, L^2_error: 4.854e-02, lr: 1.000e-03, Time: 5.12e+03
INFO:src.utils.logger:Model state saved to results\ho\DV\20260305-054940_seed0_ho_DV_bl_layered_e1500_w300_4q_4l\checkpoints\2026-03-05_05-50-04-441757_ho_DV_seed\model.pth
INFO:src.utils.logger:Model weights saved to results\ho\DV\20260305-054940_seed0_ho_DV_bl_layered_e1500_w300_4q_4l\checkpoints\2026-03-05_05-50-04-441757_ho_DV_seed\model_weights.pth
INFO:src.utils.logger:It: 1375, Loss: 1.628e-02, Loss_res: 1.390e-02,  Loss_bcs: 2.321e-04, Loss_ut_ics: 1.068e-05, Loss_norm: 7.875e-07, Loss_gauge: 0.000e+00, w_pde: 1.00e+00, L^2_error: 4.852e-02, lr: 1.000e-03, Time: 5.12e+03
INFO:src.utils.logger:Model state saved to results\ho\DV\20260305-054940_seed0_ho_DV_bl_layered_e1500_w300_4q_4l\checkpoints\2026-03-05_05-50-04-441757_ho_DV_seed\model.pth
INFO:src.utils.logger:Model weights saved to results\ho\DV\20260305-054940_seed0_ho_DV_bl_layered_e1500_w300_4q_4l\checkpoints\2026-03-05_05-50-04-441757_ho_DV_seed\model_weights.pth
INFO:src.utils.logger:It: 1376, Loss: 1.578e-02, Loss_res: 1.342e-02,  Loss_bcs: 2.287e-04, Loss_ut_ics: 1.060e-05, Loss_norm: 8.602e-07, Loss_gauge: 0.000e+00, w_pde: 1.00e+00, L^2_error: 4.850e-02, lr: 1.000e-03, Time: 5.13e+03
INFO:src.utils.logger:Model state saved to results\ho\DV\20260305-054940_seed0_ho_DV_bl_layered_e1500_w300_4q_4l\checkpoints\2026-03-05_05-50-04-441757_ho_DV_seed\model.pth
INFO:src.utils.logger:Model weights saved to results\ho\DV\20260305-054940_seed0_ho_DV_bl_layered_e1500_w300_4q_4l\checkpoints\2026-03-05_05-50-04-441757_ho_DV_seed\model_weights.pth
INFO:src.utils.logger:It: 1377, Loss: 1.565e-02, Loss_res: 1.331e-02,  Loss_bcs: 2.254e-04, Loss_ut_ics: 1.053e-05, Loss_norm: 9.997e-07, Loss_gauge: 0.000e+00, w_pde: 1.00e+00, L^2_error: 4.848e-02, lr: 1.000e-03, Time: 5.13e+03
INFO:src.utils.logger:Model state saved to results\ho\DV\20260305-054940_seed0_ho_DV_bl_layered_e1500_w300_4q_4l\checkpoints\2026-03-05_05-50-04-441757_ho_DV_seed\model.pth
INFO:src.utils.logger:Model weights saved to results\ho\DV\20260305-054940_seed0_ho_DV_bl_layered_e1500_w300_4q_4l\checkpoints\2026-03-05_05-50-04-441757_ho_DV_seed\model_weights.pth
INFO:src.utils.logger:It: 1378, Loss: 1.501e-02, Loss_res: 1.269e-02,  Loss_bcs: 2.264e-04, Loss_ut_ics: 1.046e-05, Loss_norm: 1.238e-06, Loss_gauge: 0.000e+00, w_pde: 1.00e+00, L^2_error: 4.846e-02, lr: 1.000e-03, Time: 5.13e+03
INFO:src.utils.logger:Model state saved to results\ho\DV\20260305-054940_seed0_ho_DV_bl_layered_e1500_w300_4q_4l\checkpoints\2026-03-05_05-50-04-441757_ho_DV_seed\model.pth
INFO:src.utils.logger:Model weights saved to results\ho\DV\20260305-054940_seed0_ho_DV_bl_layered_e1500_w300_4q_4l\checkpoints\2026-03-05_05-50-04-441757_ho_DV_seed\model_weights.pth
INFO:src.utils.logger:It: 1379, Loss: 1.550e-02, Loss_res: 1.318e-02,  Loss_bcs: 2.302e-04, Loss_ut_ics: 1.044e-05, Loss_norm: 1.202e-06, Loss_gauge: 0.000e+00, w_pde: 1.00e+00, L^2_error: 4.844e-02, lr: 1.000e-03, Time: 5.14e+03
INFO:src.utils.logger:Model state saved to results\ho\DV\20260305-054940_seed0_ho_DV_bl_layered_e1500_w300_4q_4l\checkpoints\2026-03-05_05-50-04-441757_ho_DV_seed\model.pth
INFO:src.utils.logger:Model weights saved to results\ho\DV\20260305-054940_seed0_ho_DV_bl_layered_e1500_w300_4q_4l\checkpoints\2026-03-05_05-50-04-441757_ho_DV_seed\model_weights.pth
INFO:src.utils.logger:It: 1380, Loss: 1.595e-02, Loss_res: 1.363e-02,  Loss_bcs: 2.214e-04, Loss_ut_ics: 1.046e-05, Loss_norm: 9.412e-07, Loss_gauge: 0.000e+00, w_pde: 1.00e+00, L^2_error: 4.842e-02, lr: 1.000e-03, Time: 5.14e+03
INFO:src.utils.logger:Model state saved to results\ho\DV\20260305-054940_seed0_ho_DV_bl_layered_e1500_w300_4q_4l\checkpoints\2026-03-05_05-50-04-441757_ho_DV_seed\model.pth
INFO:src.utils.logger:Model weights saved to results\ho\DV\20260305-054940_seed0_ho_DV_bl_layered_e1500_w300_4q_4l\checkpoints\2026-03-05_05-50-04-441757_ho_DV_seed\model_weights.pth
INFO:src.utils.logger:It: 1381, Loss: 1.497e-02, Loss_res: 1.264e-02,  Loss_bcs: 2.266e-04, Loss_ut_ics: 1.047e-05, Loss_norm: 7.625e-07, Loss_gauge: 0.000e+00, w_pde: 1.00e+00, L^2_error: 4.841e-02, lr: 1.000e-03, Time: 5.14e+03
INFO:src.utils.logger:Model state saved to results\ho\DV\20260305-054940_seed0_ho_DV_bl_layered_e1500_w300_4q_4l\checkpoints\2026-03-05_05-50-04-441757_ho_DV_seed\model.pth
INFO:src.utils.logger:Model weights saved to results\ho\DV\20260305-054940_seed0_ho_DV_bl_layered_e1500_w300_4q_4l\checkpoints\2026-03-05_05-50-04-441757_ho_DV_seed\model_weights.pth
INFO:src.utils.logger:It: 1382, Loss: 1.590e-02, Loss_res: 1.358e-02,  Loss_bcs: 2.258e-04, Loss_ut_ics: 1.049e-05, Loss_norm: 7.109e-07, Loss_gauge: 0.000e+00, w_pde: 1.00e+00, L^2_error: 4.839e-02, lr: 1.000e-03, Time: 5.15e+03
INFO:src.utils.logger:Model state saved to results\ho\DV\20260305-054940_seed0_ho_DV_bl_layered_e1500_w300_4q_4l\checkpoints\2026-03-05_05-50-04-441757_ho_DV_seed\model.pth
INFO:src.utils.logger:Model weights saved to results\ho\DV\20260305-054940_seed0_ho_DV_bl_layered_e1500_w300_4q_4l\checkpoints\2026-03-05_05-50-04-441757_ho_DV_seed\model_weights.pth
INFO:src.utils.logger:It: 1383, Loss: 1.658e-02, Loss_res: 1.425e-02,  Loss_bcs: 2.247e-04, Loss_ut_ics: 1.051e-05, Loss_norm: 7.753e-07, Loss_gauge: 0.000e+00, w_pde: 1.00e+00, L^2_error: 4.836e-02, lr: 1.000e-03, Time: 5.15e+03
INFO:src.utils.logger:Model state saved to results\ho\DV\20260305-054940_seed0_ho_DV_bl_layered_e1500_w300_4q_4l\checkpoints\2026-03-05_05-50-04-441757_ho_DV_seed\model.pth
INFO:src.utils.logger:Model weights saved to results\ho\DV\20260305-054940_seed0_ho_DV_bl_layered_e1500_w300_4q_4l\checkpoints\2026-03-05_05-50-04-441757_ho_DV_seed\model_weights.pth
INFO:src.utils.logger:It: 1384, Loss: 1.488e-02, Loss_res: 1.255e-02,  Loss_bcs: 2.261e-04, Loss_ut_ics: 1.050e-05, Loss_norm: 1.162e-06, Loss_gauge: 0.000e+00, w_pde: 1.00e+00, L^2_error: 4.833e-02, lr: 1.000e-03, Time: 5.16e+03
INFO:src.utils.logger:Model state saved to results\ho\DV\20260305-054940_seed0_ho_DV_bl_layered_e1500_w300_4q_4l\checkpoints\2026-03-05_05-50-04-441757_ho_DV_seed\model.pth
INFO:src.utils.logger:Model weights saved to results\ho\DV\20260305-054940_seed0_ho_DV_bl_layered_e1500_w300_4q_4l\checkpoints\2026-03-05_05-50-04-441757_ho_DV_seed\model_weights.pth
INFO:src.utils.logger:It: 1385, Loss: 1.599e-02, Loss_res: 1.366e-02,  Loss_bcs: 2.287e-04, Loss_ut_ics: 1.047e-05, Loss_norm: 1.692e-06, Loss_gauge: 0.000e+00, w_pde: 1.00e+00, L^2_error: 4.831e-02, lr: 1.000e-03, Time: 5.16e+03
INFO:src.utils.logger:Model state saved to results\ho\DV\20260305-054940_seed0_ho_DV_bl_layered_e1500_w300_4q_4l\checkpoints\2026-03-05_05-50-04-441757_ho_DV_seed\model.pth
INFO:src.utils.logger:Model weights saved to results\ho\DV\20260305-054940_seed0_ho_DV_bl_layered_e1500_w300_4q_4l\checkpoints\2026-03-05_05-50-04-441757_ho_DV_seed\model_weights.pth
INFO:src.utils.logger:It: 1386, Loss: 1.605e-02, Loss_res: 1.373e-02,  Loss_bcs: 2.259e-04, Loss_ut_ics: 1.042e-05, Loss_norm: 2.105e-06, Loss_gauge: 0.000e+00, w_pde: 1.00e+00, L^2_error: 4.827e-02, lr: 1.000e-03, Time: 5.16e+03
INFO:src.utils.logger:Model state saved to results\ho\DV\20260305-054940_seed0_ho_DV_bl_layered_e1500_w300_4q_4l\checkpoints\2026-03-05_05-50-04-441757_ho_DV_seed\model.pth
INFO:src.utils.logger:Model weights saved to results\ho\DV\20260305-054940_seed0_ho_DV_bl_layered_e1500_w300_4q_4l\checkpoints\2026-03-05_05-50-04-441757_ho_DV_seed\model_weights.pth
INFO:src.utils.logger:It: 1387, Loss: 1.482e-02, Loss_res: 1.251e-02,  Loss_bcs: 2.252e-04, Loss_ut_ics: 1.040e-05, Loss_norm: 2.054e-06, Loss_gauge: 0.000e+00, w_pde: 1.00e+00, L^2_error: 4.824e-02, lr: 1.000e-03, Time: 5.17e+03
INFO:src.utils.logger:Model state saved to results\ho\DV\20260305-054940_seed0_ho_DV_bl_layered_e1500_w300_4q_4l\checkpoints\2026-03-05_05-50-04-441757_ho_DV_seed\model.pth
INFO:src.utils.logger:Model weights saved to results\ho\DV\20260305-054940_seed0_ho_DV_bl_layered_e1500_w300_4q_4l\checkpoints\2026-03-05_05-50-04-441757_ho_DV_seed\model_weights.pth
INFO:src.utils.logger:It: 1388, Loss: 1.543e-02, Loss_res: 1.311e-02,  Loss_bcs: 2.303e-04, Loss_ut_ics: 1.039e-05, Loss_norm: 1.769e-06, Loss_gauge: 0.000e+00, w_pde: 1.00e+00, L^2_error: 4.820e-02, lr: 1.000e-03, Time: 5.17e+03
INFO:src.utils.logger:Model state saved to results\ho\DV\20260305-054940_seed0_ho_DV_bl_layered_e1500_w300_4q_4l\checkpoints\2026-03-05_05-50-04-441757_ho_DV_seed\model.pth
INFO:src.utils.logger:Model weights saved to results\ho\DV\20260305-054940_seed0_ho_DV_bl_layered_e1500_w300_4q_4l\checkpoints\2026-03-05_05-50-04-441757_ho_DV_seed\model_weights.pth
INFO:src.utils.logger:It: 1389, Loss: 1.455e-02, Loss_res: 1.224e-02,  Loss_bcs: 2.213e-04, Loss_ut_ics: 1.043e-05, Loss_norm: 1.305e-06, Loss_gauge: 0.000e+00, w_pde: 1.00e+00, L^2_error: 4.817e-02, lr: 1.000e-03, Time: 5.17e+03
INFO:src.utils.logger:Model state saved to results\ho\DV\20260305-054940_seed0_ho_DV_bl_layered_e1500_w300_4q_4l\checkpoints\2026-03-05_05-50-04-441757_ho_DV_seed\model.pth
INFO:src.utils.logger:Model weights saved to results\ho\DV\20260305-054940_seed0_ho_DV_bl_layered_e1500_w300_4q_4l\checkpoints\2026-03-05_05-50-04-441757_ho_DV_seed\model_weights.pth
INFO:src.utils.logger:It: 1390, Loss: 1.545e-02, Loss_res: 1.313e-02,  Loss_bcs: 2.272e-04, Loss_ut_ics: 1.042e-05, Loss_norm: 1.094e-06, Loss_gauge: 0.000e+00, w_pde: 1.00e+00, L^2_error: 4.814e-02, lr: 1.000e-03, Time: 5.18e+03
INFO:src.utils.logger:Model state saved to results\ho\DV\20260305-054940_seed0_ho_DV_bl_layered_e1500_w300_4q_4l\checkpoints\2026-03-05_05-50-04-441757_ho_DV_seed\model.pth
INFO:src.utils.logger:Model weights saved to results\ho\DV\20260305-054940_seed0_ho_DV_bl_layered_e1500_w300_4q_4l\checkpoints\2026-03-05_05-50-04-441757_ho_DV_seed\model_weights.pth
INFO:src.utils.logger:It: 1391, Loss: 1.578e-02, Loss_res: 1.347e-02,  Loss_bcs: 2.303e-04, Loss_ut_ics: 1.036e-05, Loss_norm: 1.102e-06, Loss_gauge: 0.000e+00, w_pde: 1.00e+00, L^2_error: 4.812e-02, lr: 1.000e-03, Time: 5.18e+03
INFO:src.utils.logger:Model state saved to results\ho\DV\20260305-054940_seed0_ho_DV_bl_layered_e1500_w300_4q_4l\checkpoints\2026-03-05_05-50-04-441757_ho_DV_seed\model.pth
INFO:src.utils.logger:Model weights saved to results\ho\DV\20260305-054940_seed0_ho_DV_bl_layered_e1500_w300_4q_4l\checkpoints\2026-03-05_05-50-04-441757_ho_DV_seed\model_weights.pth
INFO:src.utils.logger:It: 1392, Loss: 1.539e-02, Loss_res: 1.310e-02,  Loss_bcs: 2.249e-04, Loss_ut_ics: 1.028e-05, Loss_norm: 1.338e-06, Loss_gauge: 0.000e+00, w_pde: 1.00e+00, L^2_error: 4.808e-02, lr: 1.000e-03, Time: 5.19e+03
INFO:src.utils.logger:Model state saved to results\ho\DV\20260305-054940_seed0_ho_DV_bl_layered_e1500_w300_4q_4l\checkpoints\2026-03-05_05-50-04-441757_ho_DV_seed\model.pth
INFO:src.utils.logger:Model weights saved to results\ho\DV\20260305-054940_seed0_ho_DV_bl_layered_e1500_w300_4q_4l\checkpoints\2026-03-05_05-50-04-441757_ho_DV_seed\model_weights.pth
INFO:src.utils.logger:It: 1393, Loss: 1.527e-02, Loss_res: 1.299e-02,  Loss_bcs: 2.266e-04, Loss_ut_ics: 1.025e-05, Loss_norm: 1.595e-06, Loss_gauge: 0.000e+00, w_pde: 1.00e+00, L^2_error: 4.804e-02, lr: 1.000e-03, Time: 5.19e+03
INFO:src.utils.logger:Model state saved to results\ho\DV\20260305-054940_seed0_ho_DV_bl_layered_e1500_w300_4q_4l\checkpoints\2026-03-05_05-50-04-441757_ho_DV_seed\model.pth
INFO:src.utils.logger:Model weights saved to results\ho\DV\20260305-054940_seed0_ho_DV_bl_layered_e1500_w300_4q_4l\checkpoints\2026-03-05_05-50-04-441757_ho_DV_seed\model_weights.pth
INFO:src.utils.logger:It: 1394, Loss: 1.489e-02, Loss_res: 1.260e-02,  Loss_bcs: 2.232e-04, Loss_ut_ics: 1.026e-05, Loss_norm: 1.690e-06, Loss_gauge: 0.000e+00, w_pde: 1.00e+00, L^2_error: 4.800e-02, lr: 1.000e-03, Time: 5.19e+03
INFO:src.utils.logger:Model state saved to results\ho\DV\20260305-054940_seed0_ho_DV_bl_layered_e1500_w300_4q_4l\checkpoints\2026-03-05_05-50-04-441757_ho_DV_seed\model.pth
INFO:src.utils.logger:Model weights saved to results\ho\DV\20260305-054940_seed0_ho_DV_bl_layered_e1500_w300_4q_4l\checkpoints\2026-03-05_05-50-04-441757_ho_DV_seed\model_weights.pth
INFO:src.utils.logger:It: 1395, Loss: 1.492e-02, Loss_res: 1.263e-02,  Loss_bcs: 2.211e-04, Loss_ut_ics: 1.032e-05, Loss_norm: 1.538e-06, Loss_gauge: 0.000e+00, w_pde: 1.00e+00, L^2_error: 4.797e-02, lr: 1.000e-03, Time: 5.20e+03
INFO:src.utils.logger:Model state saved to results\ho\DV\20260305-054940_seed0_ho_DV_bl_layered_e1500_w300_4q_4l\checkpoints\2026-03-05_05-50-04-441757_ho_DV_seed\model.pth
INFO:src.utils.logger:Model weights saved to results\ho\DV\20260305-054940_seed0_ho_DV_bl_layered_e1500_w300_4q_4l\checkpoints\2026-03-05_05-50-04-441757_ho_DV_seed\model_weights.pth
INFO:src.utils.logger:It: 1396, Loss: 1.476e-02, Loss_res: 1.246e-02,  Loss_bcs: 2.206e-04, Loss_ut_ics: 1.036e-05, Loss_norm: 1.371e-06, Loss_gauge: 0.000e+00, w_pde: 1.00e+00, L^2_error: 4.795e-02, lr: 1.000e-03, Time: 5.20e+03
INFO:src.utils.logger:Model state saved to results\ho\DV\20260305-054940_seed0_ho_DV_bl_layered_e1500_w300_4q_4l\checkpoints\2026-03-05_05-50-04-441757_ho_DV_seed\model.pth
INFO:src.utils.logger:Model weights saved to results\ho\DV\20260305-054940_seed0_ho_DV_bl_layered_e1500_w300_4q_4l\checkpoints\2026-03-05_05-50-04-441757_ho_DV_seed\model_weights.pth
INFO:src.utils.logger:It: 1397, Loss: 1.494e-02, Loss_res: 1.264e-02,  Loss_bcs: 2.246e-04, Loss_ut_ics: 1.035e-05, Loss_norm: 1.306e-06, Loss_gauge: 0.000e+00, w_pde: 1.00e+00, L^2_error: 4.794e-02, lr: 1.000e-03, Time: 5.21e+03
INFO:src.utils.logger:Model state saved to results\ho\DV\20260305-054940_seed0_ho_DV_bl_layered_e1500_w300_4q_4l\checkpoints\2026-03-05_05-50-04-441757_ho_DV_seed\model.pth
INFO:src.utils.logger:Model weights saved to results\ho\DV\20260305-054940_seed0_ho_DV_bl_layered_e1500_w300_4q_4l\checkpoints\2026-03-05_05-50-04-441757_ho_DV_seed\model_weights.pth
INFO:src.utils.logger:It: 1398, Loss: 1.625e-02, Loss_res: 1.397e-02,  Loss_bcs: 2.185e-04, Loss_ut_ics: 1.026e-05, Loss_norm: 1.375e-06, Loss_gauge: 0.000e+00, w_pde: 1.00e+00, L^2_error: 4.793e-02, lr: 1.000e-03, Time: 5.21e+03
INFO:src.utils.logger:Model state saved to results\ho\DV\20260305-054940_seed0_ho_DV_bl_layered_e1500_w300_4q_4l\checkpoints\2026-03-05_05-50-04-441757_ho_DV_seed\model.pth
INFO:src.utils.logger:Model weights saved to results\ho\DV\20260305-054940_seed0_ho_DV_bl_layered_e1500_w300_4q_4l\checkpoints\2026-03-05_05-50-04-441757_ho_DV_seed\model_weights.pth
INFO:src.utils.logger:It: 1399, Loss: 1.573e-02, Loss_res: 1.346e-02,  Loss_bcs: 2.231e-04, Loss_ut_ics: 1.017e-05, Loss_norm: 1.425e-06, Loss_gauge: 0.000e+00, w_pde: 1.00e+00, L^2_error: 4.790e-02, lr: 1.000e-03, Time: 5.21e+03
INFO:src.utils.logger:Model state saved to results\ho\DV\20260305-054940_seed0_ho_DV_bl_layered_e1500_w300_4q_4l\checkpoints\2026-03-05_05-50-04-441757_ho_DV_seed\model.pth
INFO:src.utils.logger:Model weights saved to results\ho\DV\20260305-054940_seed0_ho_DV_bl_layered_e1500_w300_4q_4l\checkpoints\2026-03-05_05-50-04-441757_ho_DV_seed\model_weights.pth
INFO:src.utils.logger:It: 1400, Loss: 1.424e-02, Loss_res: 1.199e-02,  Loss_bcs: 2.239e-04, Loss_ut_ics: 1.010e-05, Loss_norm: 1.440e-06, Loss_gauge: 0.000e+00, w_pde: 1.00e+00, L^2_error: 4.789e-02, lr: 1.000e-03, Time: 5.22e+03
INFO:src.utils.logger:Model state saved to results\ho\DV\20260305-054940_seed0_ho_DV_bl_layered_e1500_w300_4q_4l\checkpoints\2026-03-05_05-50-04-441757_ho_DV_seed\model.pth
INFO:src.utils.logger:Model weights saved to results\ho\DV\20260305-054940_seed0_ho_DV_bl_layered_e1500_w300_4q_4l\checkpoints\2026-03-05_05-50-04-441757_ho_DV_seed\model_weights.pth
INFO:src.utils.logger:It: 1401, Loss: 1.539e-02, Loss_res: 1.314e-02,  Loss_bcs: 2.258e-04, Loss_ut_ics: 1.007e-05, Loss_norm: 1.226e-06, Loss_gauge: 0.000e+00, w_pde: 1.00e+00, L^2_error: 4.786e-02, lr: 1.000e-03, Time: 5.22e+03
INFO:src.utils.logger:Model state saved to results\ho\DV\20260305-054940_seed0_ho_DV_bl_layered_e1500_w300_4q_4l\checkpoints\2026-03-05_05-50-04-441757_ho_DV_seed\model.pth
INFO:src.utils.logger:Model weights saved to results\ho\DV\20260305-054940_seed0_ho_DV_bl_layered_e1500_w300_4q_4l\checkpoints\2026-03-05_05-50-04-441757_ho_DV_seed\model_weights.pth
INFO:src.utils.logger:It: 1402, Loss: 1.362e-02, Loss_res: 1.137e-02,  Loss_bcs: 2.241e-04, Loss_ut_ics: 1.011e-05, Loss_norm: 9.348e-07, Loss_gauge: 0.000e+00, w_pde: 1.00e+00, L^2_error: 4.783e-02, lr: 1.000e-03, Time: 5.22e+03
INFO:src.utils.logger:Model state saved to results\ho\DV\20260305-054940_seed0_ho_DV_bl_layered_e1500_w300_4q_4l\checkpoints\2026-03-05_05-50-04-441757_ho_DV_seed\model.pth
INFO:src.utils.logger:Model weights saved to results\ho\DV\20260305-054940_seed0_ho_DV_bl_layered_e1500_w300_4q_4l\checkpoints\2026-03-05_05-50-04-441757_ho_DV_seed\model_weights.pth
INFO:src.utils.logger:It: 1403, Loss: 1.535e-02, Loss_res: 1.309e-02,  Loss_bcs: 2.268e-04, Loss_ut_ics: 1.014e-05, Loss_norm: 7.796e-07, Loss_gauge: 0.000e+00, w_pde: 1.00e+00, L^2_error: 4.781e-02, lr: 1.000e-03, Time: 5.23e+03
INFO:src.utils.logger:Model state saved to results\ho\DV\20260305-054940_seed0_ho_DV_bl_layered_e1500_w300_4q_4l\checkpoints\2026-03-05_05-50-04-441757_ho_DV_seed\model.pth
INFO:src.utils.logger:Model weights saved to results\ho\DV\20260305-054940_seed0_ho_DV_bl_layered_e1500_w300_4q_4l\checkpoints\2026-03-05_05-50-04-441757_ho_DV_seed\model_weights.pth
INFO:src.utils.logger:It: 1404, Loss: 1.515e-02, Loss_res: 1.290e-02,  Loss_bcs: 2.246e-04, Loss_ut_ics: 1.010e-05, Loss_norm: 9.313e-07, Loss_gauge: 0.000e+00, w_pde: 1.00e+00, L^2_error: 4.778e-02, lr: 1.000e-03, Time: 5.23e+03
INFO:src.utils.logger:Model state saved to results\ho\DV\20260305-054940_seed0_ho_DV_bl_layered_e1500_w300_4q_4l\checkpoints\2026-03-05_05-50-04-441757_ho_DV_seed\model.pth
INFO:src.utils.logger:Model weights saved to results\ho\DV\20260305-054940_seed0_ho_DV_bl_layered_e1500_w300_4q_4l\checkpoints\2026-03-05_05-50-04-441757_ho_DV_seed\model_weights.pth
INFO:src.utils.logger:It: 1405, Loss: 1.600e-02, Loss_res: 1.377e-02,  Loss_bcs: 2.205e-04, Loss_ut_ics: 1.003e-05, Loss_norm: 1.223e-06, Loss_gauge: 0.000e+00, w_pde: 1.00e+00, L^2_error: 4.774e-02, lr: 1.000e-03, Time: 5.24e+03
INFO:src.utils.logger:Model state saved to results\ho\DV\20260305-054940_seed0_ho_DV_bl_layered_e1500_w300_4q_4l\checkpoints\2026-03-05_05-50-04-441757_ho_DV_seed\model.pth
INFO:src.utils.logger:Model weights saved to results\ho\DV\20260305-054940_seed0_ho_DV_bl_layered_e1500_w300_4q_4l\checkpoints\2026-03-05_05-50-04-441757_ho_DV_seed\model_weights.pth
INFO:src.utils.logger:It: 1406, Loss: 1.475e-02, Loss_res: 1.253e-02,  Loss_bcs: 2.221e-04, Loss_ut_ics: 9.992e-06, Loss_norm: 1.496e-06, Loss_gauge: 0.000e+00, w_pde: 1.00e+00, L^2_error: 4.768e-02, lr: 1.000e-03, Time: 5.24e+03
INFO:src.utils.logger:Model state saved to results\ho\DV\20260305-054940_seed0_ho_DV_bl_layered_e1500_w300_4q_4l\checkpoints\2026-03-05_05-50-04-441757_ho_DV_seed\model.pth
INFO:src.utils.logger:Model weights saved to results\ho\DV\20260305-054940_seed0_ho_DV_bl_layered_e1500_w300_4q_4l\checkpoints\2026-03-05_05-50-04-441757_ho_DV_seed\model_weights.pth
INFO:src.utils.logger:It: 1407, Loss: 1.443e-02, Loss_res: 1.219e-02,  Loss_bcs: 2.216e-04, Loss_ut_ics: 1.003e-05, Loss_norm: 1.496e-06, Loss_gauge: 0.000e+00, w_pde: 1.00e+00, L^2_error: 4.762e-02, lr: 1.000e-03, Time: 5.24e+03
INFO:src.utils.logger:Model state saved to results\ho\DV\20260305-054940_seed0_ho_DV_bl_layered_e1500_w300_4q_4l\checkpoints\2026-03-05_05-50-04-441757_ho_DV_seed\model.pth
INFO:src.utils.logger:Model weights saved to results\ho\DV\20260305-054940_seed0_ho_DV_bl_layered_e1500_w300_4q_4l\checkpoints\2026-03-05_05-50-04-441757_ho_DV_seed\model_weights.pth
INFO:src.utils.logger:It: 1408, Loss: 1.509e-02, Loss_res: 1.285e-02,  Loss_bcs: 2.195e-04, Loss_ut_ics: 1.009e-05, Loss_norm: 1.239e-06, Loss_gauge: 0.000e+00, w_pde: 1.00e+00, L^2_error: 4.757e-02, lr: 1.000e-03, Time: 5.25e+03
INFO:src.utils.logger:Model state saved to results\ho\DV\20260305-054940_seed0_ho_DV_bl_layered_e1500_w300_4q_4l\checkpoints\2026-03-05_05-50-04-441757_ho_DV_seed\model.pth
INFO:src.utils.logger:Model weights saved to results\ho\DV\20260305-054940_seed0_ho_DV_bl_layered_e1500_w300_4q_4l\checkpoints\2026-03-05_05-50-04-441757_ho_DV_seed\model_weights.pth
INFO:src.utils.logger:It: 1409, Loss: 1.519e-02, Loss_res: 1.293e-02,  Loss_bcs: 2.253e-04, Loss_ut_ics: 1.016e-05, Loss_norm: 9.804e-07, Loss_gauge: 0.000e+00, w_pde: 1.00e+00, L^2_error: 4.753e-02, lr: 1.000e-03, Time: 5.25e+03
INFO:src.utils.logger:Model state saved to results\ho\DV\20260305-054940_seed0_ho_DV_bl_layered_e1500_w300_4q_4l\checkpoints\2026-03-05_05-50-04-441757_ho_DV_seed\model.pth
INFO:src.utils.logger:Model weights saved to results\ho\DV\20260305-054940_seed0_ho_DV_bl_layered_e1500_w300_4q_4l\checkpoints\2026-03-05_05-50-04-441757_ho_DV_seed\model_weights.pth
INFO:src.utils.logger:It: 1410, Loss: 1.548e-02, Loss_res: 1.321e-02,  Loss_bcs: 2.270e-04, Loss_ut_ics: 1.018e-05, Loss_norm: 8.952e-07, Loss_gauge: 0.000e+00, w_pde: 1.00e+00, L^2_error: 4.750e-02, lr: 1.000e-03, Time: 5.25e+03
INFO:src.utils.logger:Model state saved to results\ho\DV\20260305-054940_seed0_ho_DV_bl_layered_e1500_w300_4q_4l\checkpoints\2026-03-05_05-50-04-441757_ho_DV_seed\model.pth
INFO:src.utils.logger:Model weights saved to results\ho\DV\20260305-054940_seed0_ho_DV_bl_layered_e1500_w300_4q_4l\checkpoints\2026-03-05_05-50-04-441757_ho_DV_seed\model_weights.pth
INFO:src.utils.logger:It: 1411, Loss: 1.564e-02, Loss_res: 1.338e-02,  Loss_bcs: 2.252e-04, Loss_ut_ics: 1.014e-05, Loss_norm: 9.610e-07, Loss_gauge: 0.000e+00, w_pde: 1.00e+00, L^2_error: 4.748e-02, lr: 1.000e-03, Time: 5.26e+03
INFO:src.utils.logger:Model state saved to results\ho\DV\20260305-054940_seed0_ho_DV_bl_layered_e1500_w300_4q_4l\checkpoints\2026-03-05_05-50-04-441757_ho_DV_seed\model.pth
INFO:src.utils.logger:Model weights saved to results\ho\DV\20260305-054940_seed0_ho_DV_bl_layered_e1500_w300_4q_4l\checkpoints\2026-03-05_05-50-04-441757_ho_DV_seed\model_weights.pth
INFO:src.utils.logger:It: 1412, Loss: 1.565e-02, Loss_res: 1.341e-02,  Loss_bcs: 2.222e-04, Loss_ut_ics: 1.008e-05, Loss_norm: 1.060e-06, Loss_gauge: 0.000e+00, w_pde: 1.00e+00, L^2_error: 4.746e-02, lr: 1.000e-03, Time: 5.26e+03
INFO:src.utils.logger:Model state saved to results\ho\DV\20260305-054940_seed0_ho_DV_bl_layered_e1500_w300_4q_4l\checkpoints\2026-03-05_05-50-04-441757_ho_DV_seed\model.pth
INFO:src.utils.logger:Model weights saved to results\ho\DV\20260305-054940_seed0_ho_DV_bl_layered_e1500_w300_4q_4l\checkpoints\2026-03-05_05-50-04-441757_ho_DV_seed\model_weights.pth
INFO:src.utils.logger:It: 1413, Loss: 1.516e-02, Loss_res: 1.293e-02,  Loss_bcs: 2.229e-04, Loss_ut_ics: 1.002e-05, Loss_norm: 1.184e-06, Loss_gauge: 0.000e+00, w_pde: 1.00e+00, L^2_error: 4.745e-02, lr: 1.000e-03, Time: 5.27e+03
INFO:src.utils.logger:Model state saved to results\ho\DV\20260305-054940_seed0_ho_DV_bl_layered_e1500_w300_4q_4l\checkpoints\2026-03-05_05-50-04-441757_ho_DV_seed\model.pth
INFO:src.utils.logger:Model weights saved to results\ho\DV\20260305-054940_seed0_ho_DV_bl_layered_e1500_w300_4q_4l\checkpoints\2026-03-05_05-50-04-441757_ho_DV_seed\model_weights.pth
INFO:src.utils.logger:It: 1414, Loss: 1.579e-02, Loss_res: 1.357e-02,  Loss_bcs: 2.197e-04, Loss_ut_ics: 9.967e-06, Loss_norm: 1.159e-06, Loss_gauge: 0.000e+00, w_pde: 1.00e+00, L^2_error: 4.744e-02, lr: 1.000e-03, Time: 5.27e+03
INFO:src.utils.logger:Model state saved to results\ho\DV\20260305-054940_seed0_ho_DV_bl_layered_e1500_w300_4q_4l\checkpoints\2026-03-05_05-50-04-441757_ho_DV_seed\model.pth
INFO:src.utils.logger:Model weights saved to results\ho\DV\20260305-054940_seed0_ho_DV_bl_layered_e1500_w300_4q_4l\checkpoints\2026-03-05_05-50-04-441757_ho_DV_seed\model_weights.pth
INFO:src.utils.logger:It: 1415, Loss: 1.577e-02, Loss_res: 1.356e-02,  Loss_bcs: 2.145e-04, Loss_ut_ics: 9.935e-06, Loss_norm: 9.447e-07, Loss_gauge: 0.000e+00, w_pde: 1.00e+00, L^2_error: 4.744e-02, lr: 1.000e-03, Time: 5.27e+03
INFO:src.utils.logger:Model state saved to results\ho\DV\20260305-054940_seed0_ho_DV_bl_layered_e1500_w300_4q_4l\checkpoints\2026-03-05_05-50-04-441757_ho_DV_seed\model.pth
INFO:src.utils.logger:Model weights saved to results\ho\DV\20260305-054940_seed0_ho_DV_bl_layered_e1500_w300_4q_4l\checkpoints\2026-03-05_05-50-04-441757_ho_DV_seed\model_weights.pth
INFO:src.utils.logger:It: 1416, Loss: 1.482e-02, Loss_res: 1.262e-02,  Loss_bcs: 2.146e-04, Loss_ut_ics: 9.879e-06, Loss_norm: 7.827e-07, Loss_gauge: 0.000e+00, w_pde: 1.00e+00, L^2_error: 4.742e-02, lr: 1.000e-03, Time: 5.28e+03
INFO:src.utils.logger:Model state saved to results\ho\DV\20260305-054940_seed0_ho_DV_bl_layered_e1500_w300_4q_4l\checkpoints\2026-03-05_05-50-04-441757_ho_DV_seed\model.pth
INFO:src.utils.logger:Model weights saved to results\ho\DV\20260305-054940_seed0_ho_DV_bl_layered_e1500_w300_4q_4l\checkpoints\2026-03-05_05-50-04-441757_ho_DV_seed\model_weights.pth
INFO:src.utils.logger:It: 1417, Loss: 1.598e-02, Loss_res: 1.378e-02,  Loss_bcs: 2.234e-04, Loss_ut_ics: 9.881e-06, Loss_norm: 4.850e-07, Loss_gauge: 0.000e+00, w_pde: 1.00e+00, L^2_error: 4.740e-02, lr: 1.000e-03, Time: 5.28e+03
INFO:src.utils.logger:Model state saved to results\ho\DV\20260305-054940_seed0_ho_DV_bl_layered_e1500_w300_4q_4l\checkpoints\2026-03-05_05-50-04-441757_ho_DV_seed\model.pth
INFO:src.utils.logger:Model weights saved to results\ho\DV\20260305-054940_seed0_ho_DV_bl_layered_e1500_w300_4q_4l\checkpoints\2026-03-05_05-50-04-441757_ho_DV_seed\model_weights.pth
INFO:src.utils.logger:It: 1418, Loss: 1.552e-02, Loss_res: 1.332e-02,  Loss_bcs: 2.198e-04, Loss_ut_ics: 9.876e-06, Loss_norm: 3.307e-07, Loss_gauge: 0.000e+00, w_pde: 1.00e+00, L^2_error: 4.737e-02, lr: 1.000e-03, Time: 5.29e+03
INFO:src.utils.logger:Model state saved to results\ho\DV\20260305-054940_seed0_ho_DV_bl_layered_e1500_w300_4q_4l\checkpoints\2026-03-05_05-50-04-441757_ho_DV_seed\model.pth
INFO:src.utils.logger:Model weights saved to results\ho\DV\20260305-054940_seed0_ho_DV_bl_layered_e1500_w300_4q_4l\checkpoints\2026-03-05_05-50-04-441757_ho_DV_seed\model_weights.pth
INFO:src.utils.logger:It: 1419, Loss: 1.448e-02, Loss_res: 1.229e-02,  Loss_bcs: 2.171e-04, Loss_ut_ics: 9.858e-06, Loss_norm: 3.505e-07, Loss_gauge: 0.000e+00, w_pde: 1.00e+00, L^2_error: 4.733e-02, lr: 1.000e-03, Time: 5.29e+03
INFO:src.utils.logger:Model state saved to results\ho\DV\20260305-054940_seed0_ho_DV_bl_layered_e1500_w300_4q_4l\checkpoints\2026-03-05_05-50-04-441757_ho_DV_seed\model.pth
INFO:src.utils.logger:Model weights saved to results\ho\DV\20260305-054940_seed0_ho_DV_bl_layered_e1500_w300_4q_4l\checkpoints\2026-03-05_05-50-04-441757_ho_DV_seed\model_weights.pth
INFO:src.utils.logger:It: 1420, Loss: 1.478e-02, Loss_res: 1.259e-02,  Loss_bcs: 2.143e-04, Loss_ut_ics: 9.856e-06, Loss_norm: 4.728e-07, Loss_gauge: 0.000e+00, w_pde: 1.00e+00, L^2_error: 4.729e-02, lr: 1.000e-03, Time: 5.29e+03
INFO:src.utils.logger:Model state saved to results\ho\DV\20260305-054940_seed0_ho_DV_bl_layered_e1500_w300_4q_4l\checkpoints\2026-03-05_05-50-04-441757_ho_DV_seed\model.pth
INFO:src.utils.logger:Model weights saved to results\ho\DV\20260305-054940_seed0_ho_DV_bl_layered_e1500_w300_4q_4l\checkpoints\2026-03-05_05-50-04-441757_ho_DV_seed\model_weights.pth
INFO:src.utils.logger:It: 1421, Loss: 1.451e-02, Loss_res: 1.232e-02,  Loss_bcs: 2.204e-04, Loss_ut_ics: 9.837e-06, Loss_norm: 6.601e-07, Loss_gauge: 0.000e+00, w_pde: 1.00e+00, L^2_error: 4.725e-02, lr: 1.000e-03, Time: 5.30e+03
INFO:src.utils.logger:Model state saved to results\ho\DV\20260305-054940_seed0_ho_DV_bl_layered_e1500_w300_4q_4l\checkpoints\2026-03-05_05-50-04-441757_ho_DV_seed\model.pth
INFO:src.utils.logger:Model weights saved to results\ho\DV\20260305-054940_seed0_ho_DV_bl_layered_e1500_w300_4q_4l\checkpoints\2026-03-05_05-50-04-441757_ho_DV_seed\model_weights.pth
INFO:src.utils.logger:It: 1422, Loss: 1.375e-02, Loss_res: 1.155e-02,  Loss_bcs: 2.178e-04, Loss_ut_ics: 9.878e-06, Loss_norm: 7.097e-07, Loss_gauge: 0.000e+00, w_pde: 1.00e+00, L^2_error: 4.720e-02, lr: 1.000e-03, Time: 5.30e+03
INFO:src.utils.logger:Model state saved to results\ho\DV\20260305-054940_seed0_ho_DV_bl_layered_e1500_w300_4q_4l\checkpoints\2026-03-05_05-50-04-441757_ho_DV_seed\model.pth
INFO:src.utils.logger:Model weights saved to results\ho\DV\20260305-054940_seed0_ho_DV_bl_layered_e1500_w300_4q_4l\checkpoints\2026-03-05_05-50-04-441757_ho_DV_seed\model_weights.pth
INFO:src.utils.logger:It: 1423, Loss: 1.536e-02, Loss_res: 1.315e-02,  Loss_bcs: 2.170e-04, Loss_ut_ics: 9.938e-06, Loss_norm: 7.392e-07, Loss_gauge: 0.000e+00, w_pde: 1.00e+00, L^2_error: 4.713e-02, lr: 1.000e-03, Time: 5.30e+03
INFO:src.utils.logger:Model state saved to results\ho\DV\20260305-054940_seed0_ho_DV_bl_layered_e1500_w300_4q_4l\checkpoints\2026-03-05_05-50-04-441757_ho_DV_seed\model.pth
INFO:src.utils.logger:Model weights saved to results\ho\DV\20260305-054940_seed0_ho_DV_bl_layered_e1500_w300_4q_4l\checkpoints\2026-03-05_05-50-04-441757_ho_DV_seed\model_weights.pth
INFO:src.utils.logger:It: 1424, Loss: 1.544e-02, Loss_res: 1.322e-02,  Loss_bcs: 2.164e-04, Loss_ut_ics: 9.981e-06, Loss_norm: 8.357e-07, Loss_gauge: 0.000e+00, w_pde: 1.00e+00, L^2_error: 4.707e-02, lr: 1.000e-03, Time: 5.31e+03
INFO:src.utils.logger:Model state saved to results\ho\DV\20260305-054940_seed0_ho_DV_bl_layered_e1500_w300_4q_4l\checkpoints\2026-03-05_05-50-04-441757_ho_DV_seed\model.pth
INFO:src.utils.logger:Model weights saved to results\ho\DV\20260305-054940_seed0_ho_DV_bl_layered_e1500_w300_4q_4l\checkpoints\2026-03-05_05-50-04-441757_ho_DV_seed\model_weights.pth
INFO:src.utils.logger:It: 1425, Loss: 1.478e-02, Loss_res: 1.257e-02,  Loss_bcs: 2.205e-04, Loss_ut_ics: 9.944e-06, Loss_norm: 1.063e-06, Loss_gauge: 0.000e+00, w_pde: 1.00e+00, L^2_error: 4.703e-02, lr: 1.000e-03, Time: 5.31e+03
INFO:src.utils.logger:Model state saved to results\ho\DV\20260305-054940_seed0_ho_DV_bl_layered_e1500_w300_4q_4l\checkpoints\2026-03-05_05-50-04-441757_ho_DV_seed\model.pth
INFO:src.utils.logger:Model weights saved to results\ho\DV\20260305-054940_seed0_ho_DV_bl_layered_e1500_w300_4q_4l\checkpoints\2026-03-05_05-50-04-441757_ho_DV_seed\model_weights.pth
INFO:src.utils.logger:It: 1426, Loss: 1.482e-02, Loss_res: 1.262e-02,  Loss_bcs: 2.203e-04, Loss_ut_ics: 9.862e-06, Loss_norm: 1.313e-06, Loss_gauge: 0.000e+00, w_pde: 1.00e+00, L^2_error: 4.699e-02, lr: 1.000e-03, Time: 5.32e+03
INFO:src.utils.logger:Model state saved to results\ho\DV\20260305-054940_seed0_ho_DV_bl_layered_e1500_w300_4q_4l\checkpoints\2026-03-05_05-50-04-441757_ho_DV_seed\model.pth
INFO:src.utils.logger:Model weights saved to results\ho\DV\20260305-054940_seed0_ho_DV_bl_layered_e1500_w300_4q_4l\checkpoints\2026-03-05_05-50-04-441757_ho_DV_seed\model_weights.pth
INFO:src.utils.logger:It: 1427, Loss: 1.461e-02, Loss_res: 1.242e-02,  Loss_bcs: 2.136e-04, Loss_ut_ics: 9.803e-06, Loss_norm: 1.345e-06, Loss_gauge: 0.000e+00, w_pde: 1.00e+00, L^2_error: 4.697e-02, lr: 1.000e-03, Time: 5.32e+03
INFO:src.utils.logger:Model state saved to results\ho\DV\20260305-054940_seed0_ho_DV_bl_layered_e1500_w300_4q_4l\checkpoints\2026-03-05_05-50-04-441757_ho_DV_seed\model.pth
INFO:src.utils.logger:Model weights saved to results\ho\DV\20260305-054940_seed0_ho_DV_bl_layered_e1500_w300_4q_4l\checkpoints\2026-03-05_05-50-04-441757_ho_DV_seed\model_weights.pth
INFO:src.utils.logger:It: 1428, Loss: 1.544e-02, Loss_res: 1.327e-02,  Loss_bcs: 2.137e-04, Loss_ut_ics: 9.765e-06, Loss_norm: 1.175e-06, Loss_gauge: 0.000e+00, w_pde: 1.00e+00, L^2_error: 4.694e-02, lr: 1.000e-03, Time: 5.32e+03
INFO:src.utils.logger:Model state saved to results\ho\DV\20260305-054940_seed0_ho_DV_bl_layered_e1500_w300_4q_4l\checkpoints\2026-03-05_05-50-04-441757_ho_DV_seed\model.pth
INFO:src.utils.logger:Model weights saved to results\ho\DV\20260305-054940_seed0_ho_DV_bl_layered_e1500_w300_4q_4l\checkpoints\2026-03-05_05-50-04-441757_ho_DV_seed\model_weights.pth
INFO:src.utils.logger:It: 1429, Loss: 1.484e-02, Loss_res: 1.267e-02,  Loss_bcs: 2.122e-04, Loss_ut_ics: 9.773e-06, Loss_norm: 9.355e-07, Loss_gauge: 0.000e+00, w_pde: 1.00e+00, L^2_error: 4.693e-02, lr: 1.000e-03, Time: 5.33e+03
INFO:src.utils.logger:Model state saved to results\ho\DV\20260305-054940_seed0_ho_DV_bl_layered_e1500_w300_4q_4l\checkpoints\2026-03-05_05-50-04-441757_ho_DV_seed\model.pth
INFO:src.utils.logger:Model weights saved to results\ho\DV\20260305-054940_seed0_ho_DV_bl_layered_e1500_w300_4q_4l\checkpoints\2026-03-05_05-50-04-441757_ho_DV_seed\model_weights.pth
INFO:src.utils.logger:It: 1430, Loss: 1.491e-02, Loss_res: 1.275e-02,  Loss_bcs: 2.099e-04, Loss_ut_ics: 9.741e-06, Loss_norm: 8.080e-07, Loss_gauge: 0.000e+00, w_pde: 1.00e+00, L^2_error: 4.692e-02, lr: 1.000e-03, Time: 5.33e+03
INFO:src.utils.logger:Model state saved to results\ho\DV\20260305-054940_seed0_ho_DV_bl_layered_e1500_w300_4q_4l\checkpoints\2026-03-05_05-50-04-441757_ho_DV_seed\model.pth
INFO:src.utils.logger:Model weights saved to results\ho\DV\20260305-054940_seed0_ho_DV_bl_layered_e1500_w300_4q_4l\checkpoints\2026-03-05_05-50-04-441757_ho_DV_seed\model_weights.pth
INFO:src.utils.logger:It: 1431, Loss: 1.501e-02, Loss_res: 1.285e-02,  Loss_bcs: 2.147e-04, Loss_ut_ics: 9.713e-06, Loss_norm: 7.895e-07, Loss_gauge: 0.000e+00, w_pde: 1.00e+00, L^2_error: 4.689e-02, lr: 1.000e-03, Time: 5.33e+03
INFO:src.utils.logger:Model state saved to results\ho\DV\20260305-054940_seed0_ho_DV_bl_layered_e1500_w300_4q_4l\checkpoints\2026-03-05_05-50-04-441757_ho_DV_seed\model.pth
INFO:src.utils.logger:Model weights saved to results\ho\DV\20260305-054940_seed0_ho_DV_bl_layered_e1500_w300_4q_4l\checkpoints\2026-03-05_05-50-04-441757_ho_DV_seed\model_weights.pth
INFO:src.utils.logger:It: 1432, Loss: 1.464e-02, Loss_res: 1.249e-02,  Loss_bcs: 2.075e-04, Loss_ut_ics: 9.691e-06, Loss_norm: 9.065e-07, Loss_gauge: 0.000e+00, w_pde: 1.00e+00, L^2_error: 4.687e-02, lr: 1.000e-03, Time: 5.34e+03
INFO:src.utils.logger:Model state saved to results\ho\DV\20260305-054940_seed0_ho_DV_bl_layered_e1500_w300_4q_4l\checkpoints\2026-03-05_05-50-04-441757_ho_DV_seed\model.pth
INFO:src.utils.logger:Model weights saved to results\ho\DV\20260305-054940_seed0_ho_DV_bl_layered_e1500_w300_4q_4l\checkpoints\2026-03-05_05-50-04-441757_ho_DV_seed\model_weights.pth
INFO:src.utils.logger:It: 1433, Loss: 1.500e-02, Loss_res: 1.285e-02,  Loss_bcs: 2.092e-04, Loss_ut_ics: 9.682e-06, Loss_norm: 1.103e-06, Loss_gauge: 0.000e+00, w_pde: 1.00e+00, L^2_error: 4.684e-02, lr: 1.000e-03, Time: 5.34e+03
INFO:src.utils.logger:Model state saved to results\ho\DV\20260305-054940_seed0_ho_DV_bl_layered_e1500_w300_4q_4l\checkpoints\2026-03-05_05-50-04-441757_ho_DV_seed\model.pth
INFO:src.utils.logger:Model weights saved to results\ho\DV\20260305-054940_seed0_ho_DV_bl_layered_e1500_w300_4q_4l\checkpoints\2026-03-05_05-50-04-441757_ho_DV_seed\model_weights.pth
INFO:src.utils.logger:It: 1434, Loss: 1.390e-02, Loss_res: 1.175e-02,  Loss_bcs: 2.120e-04, Loss_ut_ics: 9.674e-06, Loss_norm: 1.334e-06, Loss_gauge: 0.000e+00, w_pde: 1.00e+00, L^2_error: 4.680e-02, lr: 1.000e-03, Time: 5.35e+03
INFO:src.utils.logger:Model state saved to results\ho\DV\20260305-054940_seed0_ho_DV_bl_layered_e1500_w300_4q_4l\checkpoints\2026-03-05_05-50-04-441757_ho_DV_seed\model.pth
INFO:src.utils.logger:Model weights saved to results\ho\DV\20260305-054940_seed0_ho_DV_bl_layered_e1500_w300_4q_4l\checkpoints\2026-03-05_05-50-04-441757_ho_DV_seed\model_weights.pth
INFO:src.utils.logger:It: 1435, Loss: 1.465e-02, Loss_res: 1.251e-02,  Loss_bcs: 2.106e-04, Loss_ut_ics: 9.632e-06, Loss_norm: 1.549e-06, Loss_gauge: 0.000e+00, w_pde: 1.00e+00, L^2_error: 4.677e-02, lr: 1.000e-03, Time: 5.35e+03
INFO:src.utils.logger:Model state saved to results\ho\DV\20260305-054940_seed0_ho_DV_bl_layered_e1500_w300_4q_4l\checkpoints\2026-03-05_05-50-04-441757_ho_DV_seed\model.pth
INFO:src.utils.logger:Model weights saved to results\ho\DV\20260305-054940_seed0_ho_DV_bl_layered_e1500_w300_4q_4l\checkpoints\2026-03-05_05-50-04-441757_ho_DV_seed\model_weights.pth
INFO:src.utils.logger:It: 1436, Loss: 1.428e-02, Loss_res: 1.214e-02,  Loss_bcs: 2.151e-04, Loss_ut_ics: 9.582e-06, Loss_norm: 1.715e-06, Loss_gauge: 0.000e+00, w_pde: 1.00e+00, L^2_error: 4.672e-02, lr: 1.000e-03, Time: 5.35e+03
INFO:src.utils.logger:Model state saved to results\ho\DV\20260305-054940_seed0_ho_DV_bl_layered_e1500_w300_4q_4l\checkpoints\2026-03-05_05-50-04-441757_ho_DV_seed\model.pth
INFO:src.utils.logger:Model weights saved to results\ho\DV\20260305-054940_seed0_ho_DV_bl_layered_e1500_w300_4q_4l\checkpoints\2026-03-05_05-50-04-441757_ho_DV_seed\model_weights.pth
INFO:src.utils.logger:It: 1437, Loss: 1.504e-02, Loss_res: 1.290e-02,  Loss_bcs: 2.147e-04, Loss_ut_ics: 9.574e-06, Loss_norm: 1.588e-06, Loss_gauge: 0.000e+00, w_pde: 1.00e+00, L^2_error: 4.667e-02, lr: 1.000e-03, Time: 5.36e+03
INFO:src.utils.logger:Model state saved to results\ho\DV\20260305-054940_seed0_ho_DV_bl_layered_e1500_w300_4q_4l\checkpoints\2026-03-05_05-50-04-441757_ho_DV_seed\model.pth
INFO:src.utils.logger:Model weights saved to results\ho\DV\20260305-054940_seed0_ho_DV_bl_layered_e1500_w300_4q_4l\checkpoints\2026-03-05_05-50-04-441757_ho_DV_seed\model_weights.pth
INFO:src.utils.logger:It: 1438, Loss: 1.446e-02, Loss_res: 1.232e-02,  Loss_bcs: 2.116e-04, Loss_ut_ics: 9.585e-06, Loss_norm: 1.331e-06, Loss_gauge: 0.000e+00, w_pde: 1.00e+00, L^2_error: 4.662e-02, lr: 1.000e-03, Time: 5.36e+03
INFO:src.utils.logger:Model state saved to results\ho\DV\20260305-054940_seed0_ho_DV_bl_layered_e1500_w300_4q_4l\checkpoints\2026-03-05_05-50-04-441757_ho_DV_seed\model.pth
INFO:src.utils.logger:Model weights saved to results\ho\DV\20260305-054940_seed0_ho_DV_bl_layered_e1500_w300_4q_4l\checkpoints\2026-03-05_05-50-04-441757_ho_DV_seed\model_weights.pth
INFO:src.utils.logger:It: 1439, Loss: 1.437e-02, Loss_res: 1.223e-02,  Loss_bcs: 2.071e-04, Loss_ut_ics: 9.614e-06, Loss_norm: 1.130e-06, Loss_gauge: 0.000e+00, w_pde: 1.00e+00, L^2_error: 4.659e-02, lr: 1.000e-03, Time: 5.36e+03
INFO:src.utils.logger:Model state saved to results\ho\DV\20260305-054940_seed0_ho_DV_bl_layered_e1500_w300_4q_4l\checkpoints\2026-03-05_05-50-04-441757_ho_DV_seed\model.pth
INFO:src.utils.logger:Model weights saved to results\ho\DV\20260305-054940_seed0_ho_DV_bl_layered_e1500_w300_4q_4l\checkpoints\2026-03-05_05-50-04-441757_ho_DV_seed\model_weights.pth
INFO:src.utils.logger:It: 1440, Loss: 1.416e-02, Loss_res: 1.202e-02,  Loss_bcs: 2.103e-04, Loss_ut_ics: 9.627e-06, Loss_norm: 1.050e-06, Loss_gauge: 0.000e+00, w_pde: 1.00e+00, L^2_error: 4.659e-02, lr: 1.000e-03, Time: 5.37e+03
INFO:src.utils.logger:Model state saved to results\ho\DV\20260305-054940_seed0_ho_DV_bl_layered_e1500_w300_4q_4l\checkpoints\2026-03-05_05-50-04-441757_ho_DV_seed\model.pth
INFO:src.utils.logger:Model weights saved to results\ho\DV\20260305-054940_seed0_ho_DV_bl_layered_e1500_w300_4q_4l\checkpoints\2026-03-05_05-50-04-441757_ho_DV_seed\model_weights.pth
INFO:src.utils.logger:It: 1441, Loss: 1.473e-02, Loss_res: 1.261e-02,  Loss_bcs: 2.093e-04, Loss_ut_ics: 9.552e-06, Loss_norm: 1.160e-06, Loss_gauge: 0.000e+00, w_pde: 1.00e+00, L^2_error: 4.658e-02, lr: 1.000e-03, Time: 5.37e+03
INFO:src.utils.logger:Model state saved to results\ho\DV\20260305-054940_seed0_ho_DV_bl_layered_e1500_w300_4q_4l\checkpoints\2026-03-05_05-50-04-441757_ho_DV_seed\model.pth
INFO:src.utils.logger:Model weights saved to results\ho\DV\20260305-054940_seed0_ho_DV_bl_layered_e1500_w300_4q_4l\checkpoints\2026-03-05_05-50-04-441757_ho_DV_seed\model_weights.pth
INFO:src.utils.logger:It: 1442, Loss: 1.420e-02, Loss_res: 1.209e-02,  Loss_bcs: 2.070e-04, Loss_ut_ics: 9.485e-06, Loss_norm: 1.234e-06, Loss_gauge: 0.000e+00, w_pde: 1.00e+00, L^2_error: 4.658e-02, lr: 1.000e-03, Time: 5.38e+03
INFO:src.utils.logger:Model state saved to results\ho\DV\20260305-054940_seed0_ho_DV_bl_layered_e1500_w300_4q_4l\checkpoints\2026-03-05_05-50-04-441757_ho_DV_seed\model.pth
INFO:src.utils.logger:Model weights saved to results\ho\DV\20260305-054940_seed0_ho_DV_bl_layered_e1500_w300_4q_4l\checkpoints\2026-03-05_05-50-04-441757_ho_DV_seed\model_weights.pth
INFO:src.utils.logger:It: 1443, Loss: 1.522e-02, Loss_res: 1.311e-02,  Loss_bcs: 2.111e-04, Loss_ut_ics: 9.416e-06, Loss_norm: 1.347e-06, Loss_gauge: 0.000e+00, w_pde: 1.00e+00, L^2_error: 4.657e-02, lr: 1.000e-03, Time: 5.38e+03
INFO:src.utils.logger:Model state saved to results\ho\DV\20260305-054940_seed0_ho_DV_bl_layered_e1500_w300_4q_4l\checkpoints\2026-03-05_05-50-04-441757_ho_DV_seed\model.pth
INFO:src.utils.logger:Model weights saved to results\ho\DV\20260305-054940_seed0_ho_DV_bl_layered_e1500_w300_4q_4l\checkpoints\2026-03-05_05-50-04-441757_ho_DV_seed\model_weights.pth
INFO:src.utils.logger:It: 1444, Loss: 1.441e-02, Loss_res: 1.231e-02,  Loss_bcs: 2.073e-04, Loss_ut_ics: 9.407e-06, Loss_norm: 1.291e-06, Loss_gauge: 0.000e+00, w_pde: 1.00e+00, L^2_error: 4.653e-02, lr: 1.000e-03, Time: 5.38e+03
INFO:src.utils.logger:Model state saved to results\ho\DV\20260305-054940_seed0_ho_DV_bl_layered_e1500_w300_4q_4l\checkpoints\2026-03-05_05-50-04-441757_ho_DV_seed\model.pth
INFO:src.utils.logger:Model weights saved to results\ho\DV\20260305-054940_seed0_ho_DV_bl_layered_e1500_w300_4q_4l\checkpoints\2026-03-05_05-50-04-441757_ho_DV_seed\model_weights.pth
INFO:src.utils.logger:It: 1445, Loss: 1.464e-02, Loss_res: 1.252e-02,  Loss_bcs: 2.112e-04, Loss_ut_ics: 9.510e-06, Loss_norm: 1.008e-06, Loss_gauge: 0.000e+00, w_pde: 1.00e+00, L^2_error: 4.649e-02, lr: 1.000e-03, Time: 5.39e+03
INFO:src.utils.logger:Model state saved to results\ho\DV\20260305-054940_seed0_ho_DV_bl_layered_e1500_w300_4q_4l\checkpoints\2026-03-05_05-50-04-441757_ho_DV_seed\model.pth
INFO:src.utils.logger:Model weights saved to results\ho\DV\20260305-054940_seed0_ho_DV_bl_layered_e1500_w300_4q_4l\checkpoints\2026-03-05_05-50-04-441757_ho_DV_seed\model_weights.pth
INFO:src.utils.logger:It: 1446, Loss: 1.542e-02, Loss_res: 1.329e-02,  Loss_bcs: 2.124e-04, Loss_ut_ics: 9.597e-06, Loss_norm: 8.574e-07, Loss_gauge: 0.000e+00, w_pde: 1.00e+00, L^2_error: 4.646e-02, lr: 1.000e-03, Time: 5.39e+03
INFO:src.utils.logger:Model state saved to results\ho\DV\20260305-054940_seed0_ho_DV_bl_layered_e1500_w300_4q_4l\checkpoints\2026-03-05_05-50-04-441757_ho_DV_seed\model.pth
INFO:src.utils.logger:Model weights saved to results\ho\DV\20260305-054940_seed0_ho_DV_bl_layered_e1500_w300_4q_4l\checkpoints\2026-03-05_05-50-04-441757_ho_DV_seed\model_weights.pth
INFO:src.utils.logger:It: 1447, Loss: 1.486e-02, Loss_res: 1.273e-02,  Loss_bcs: 2.143e-04, Loss_ut_ics: 9.573e-06, Loss_norm: 9.350e-07, Loss_gauge: 0.000e+00, w_pde: 1.00e+00, L^2_error: 4.643e-02, lr: 1.000e-03, Time: 5.39e+03
INFO:src.utils.logger:Model state saved to results\ho\DV\20260305-054940_seed0_ho_DV_bl_layered_e1500_w300_4q_4l\checkpoints\2026-03-05_05-50-04-441757_ho_DV_seed\model.pth
INFO:src.utils.logger:Model weights saved to results\ho\DV\20260305-054940_seed0_ho_DV_bl_layered_e1500_w300_4q_4l\checkpoints\2026-03-05_05-50-04-441757_ho_DV_seed\model_weights.pth
INFO:src.utils.logger:It: 1448, Loss: 1.503e-02, Loss_res: 1.291e-02,  Loss_bcs: 2.146e-04, Loss_ut_ics: 9.472e-06, Loss_norm: 1.264e-06, Loss_gauge: 0.000e+00, w_pde: 1.00e+00, L^2_error: 4.639e-02, lr: 1.000e-03, Time: 5.40e+03
INFO:src.utils.logger:Model state saved to results\ho\DV\20260305-054940_seed0_ho_DV_bl_layered_e1500_w300_4q_4l\checkpoints\2026-03-05_05-50-04-441757_ho_DV_seed\model.pth
INFO:src.utils.logger:Model weights saved to results\ho\DV\20260305-054940_seed0_ho_DV_bl_layered_e1500_w300_4q_4l\checkpoints\2026-03-05_05-50-04-441757_ho_DV_seed\model_weights.pth
INFO:src.utils.logger:It: 1449, Loss: 1.404e-02, Loss_res: 1.195e-02,  Loss_bcs: 2.068e-04, Loss_ut_ics: 9.381e-06, Loss_norm: 1.678e-06, Loss_gauge: 0.000e+00, w_pde: 1.00e+00, L^2_error: 4.636e-02, lr: 1.000e-03, Time: 5.40e+03
INFO:src.utils.logger:Model state saved to results\ho\DV\20260305-054940_seed0_ho_DV_bl_layered_e1500_w300_4q_4l\checkpoints\2026-03-05_05-50-04-441757_ho_DV_seed\model.pth
INFO:src.utils.logger:Model weights saved to results\ho\DV\20260305-054940_seed0_ho_DV_bl_layered_e1500_w300_4q_4l\checkpoints\2026-03-05_05-50-04-441757_ho_DV_seed\model_weights.pth
INFO:src.utils.logger:It: 1450, Loss: 1.427e-02, Loss_res: 1.218e-02,  Loss_bcs: 2.062e-04, Loss_ut_ics: 9.347e-06, Loss_norm: 1.628e-06, Loss_gauge: 0.000e+00, w_pde: 1.00e+00, L^2_error: 4.632e-02, lr: 1.000e-03, Time: 5.41e+03
INFO:src.utils.logger:Model state saved to results\ho\DV\20260305-054940_seed0_ho_DV_bl_layered_e1500_w300_4q_4l\checkpoints\2026-03-05_05-50-04-441757_ho_DV_seed\model.pth
INFO:src.utils.logger:Model weights saved to results\ho\DV\20260305-054940_seed0_ho_DV_bl_layered_e1500_w300_4q_4l\checkpoints\2026-03-05_05-50-04-441757_ho_DV_seed\model_weights.pth
INFO:src.utils.logger:It: 1451, Loss: 1.495e-02, Loss_res: 1.287e-02,  Loss_bcs: 2.090e-04, Loss_ut_ics: 9.369e-06, Loss_norm: 1.198e-06, Loss_gauge: 0.000e+00, w_pde: 1.00e+00, L^2_error: 4.629e-02, lr: 1.000e-03, Time: 5.41e+03
INFO:src.utils.logger:Model state saved to results\ho\DV\20260305-054940_seed0_ho_DV_bl_layered_e1500_w300_4q_4l\checkpoints\2026-03-05_05-50-04-441757_ho_DV_seed\model.pth
INFO:src.utils.logger:Model weights saved to results\ho\DV\20260305-054940_seed0_ho_DV_bl_layered_e1500_w300_4q_4l\checkpoints\2026-03-05_05-50-04-441757_ho_DV_seed\model_weights.pth
INFO:src.utils.logger:It: 1452, Loss: 1.467e-02, Loss_res: 1.257e-02,  Loss_bcs: 2.096e-04, Loss_ut_ics: 9.413e-06, Loss_norm: 7.217e-07, Loss_gauge: 0.000e+00, w_pde: 1.00e+00, L^2_error: 4.627e-02, lr: 1.000e-03, Time: 5.41e+03
INFO:src.utils.logger:Model state saved to results\ho\DV\20260305-054940_seed0_ho_DV_bl_layered_e1500_w300_4q_4l\checkpoints\2026-03-05_05-50-04-441757_ho_DV_seed\model.pth
INFO:src.utils.logger:Model weights saved to results\ho\DV\20260305-054940_seed0_ho_DV_bl_layered_e1500_w300_4q_4l\checkpoints\2026-03-05_05-50-04-441757_ho_DV_seed\model_weights.pth
INFO:src.utils.logger:It: 1453, Loss: 1.400e-02, Loss_res: 1.190e-02,  Loss_bcs: 2.083e-04, Loss_ut_ics: 9.432e-06, Loss_norm: 4.368e-07, Loss_gauge: 0.000e+00, w_pde: 1.00e+00, L^2_error: 4.626e-02, lr: 1.000e-03, Time: 5.42e+03
INFO:src.utils.logger:Model state saved to results\ho\DV\20260305-054940_seed0_ho_DV_bl_layered_e1500_w300_4q_4l\checkpoints\2026-03-05_05-50-04-441757_ho_DV_seed\model.pth
INFO:src.utils.logger:Model weights saved to results\ho\DV\20260305-054940_seed0_ho_DV_bl_layered_e1500_w300_4q_4l\checkpoints\2026-03-05_05-50-04-441757_ho_DV_seed\model_weights.pth
INFO:src.utils.logger:It: 1454, Loss: 1.440e-02, Loss_res: 1.231e-02,  Loss_bcs: 2.046e-04, Loss_ut_ics: 9.456e-06, Loss_norm: 2.664e-07, Loss_gauge: 0.000e+00, w_pde: 1.00e+00, L^2_error: 4.626e-02, lr: 1.000e-03, Time: 5.42e+03
INFO:src.utils.logger:Model state saved to results\ho\DV\20260305-054940_seed0_ho_DV_bl_layered_e1500_w300_4q_4l\checkpoints\2026-03-05_05-50-04-441757_ho_DV_seed\model.pth
INFO:src.utils.logger:Model weights saved to results\ho\DV\20260305-054940_seed0_ho_DV_bl_layered_e1500_w300_4q_4l\checkpoints\2026-03-05_05-50-04-441757_ho_DV_seed\model_weights.pth
INFO:src.utils.logger:It: 1455, Loss: 1.482e-02, Loss_res: 1.272e-02,  Loss_bcs: 2.111e-04, Loss_ut_ics: 9.442e-06, Loss_norm: 2.535e-07, Loss_gauge: 0.000e+00, w_pde: 1.00e+00, L^2_error: 4.625e-02, lr: 1.000e-03, Time: 5.43e+03
INFO:src.utils.logger:Model state saved to results\ho\DV\20260305-054940_seed0_ho_DV_bl_layered_e1500_w300_4q_4l\checkpoints\2026-03-05_05-50-04-441757_ho_DV_seed\model.pth
INFO:src.utils.logger:Model weights saved to results\ho\DV\20260305-054940_seed0_ho_DV_bl_layered_e1500_w300_4q_4l\checkpoints\2026-03-05_05-50-04-441757_ho_DV_seed\model_weights.pth
INFO:src.utils.logger:It: 1456, Loss: 1.395e-02, Loss_res: 1.186e-02,  Loss_bcs: 2.053e-04, Loss_ut_ics: 9.388e-06, Loss_norm: 4.329e-07, Loss_gauge: 0.000e+00, w_pde: 1.00e+00, L^2_error: 4.623e-02, lr: 1.000e-03, Time: 5.43e+03
INFO:src.utils.logger:Model state saved to results\ho\DV\20260305-054940_seed0_ho_DV_bl_layered_e1500_w300_4q_4l\checkpoints\2026-03-05_05-50-04-441757_ho_DV_seed\model.pth
INFO:src.utils.logger:Model weights saved to results\ho\DV\20260305-054940_seed0_ho_DV_bl_layered_e1500_w300_4q_4l\checkpoints\2026-03-05_05-50-04-441757_ho_DV_seed\model_weights.pth
INFO:src.utils.logger:It: 1457, Loss: 1.539e-02, Loss_res: 1.331e-02,  Loss_bcs: 2.061e-04, Loss_ut_ics: 9.355e-06, Loss_norm: 6.528e-07, Loss_gauge: 0.000e+00, w_pde: 1.00e+00, L^2_error: 4.620e-02, lr: 1.000e-03, Time: 5.43e+03
INFO:src.utils.logger:Model state saved to results\ho\DV\20260305-054940_seed0_ho_DV_bl_layered_e1500_w300_4q_4l\checkpoints\2026-03-05_05-50-04-441757_ho_DV_seed\model.pth
INFO:src.utils.logger:Model weights saved to results\ho\DV\20260305-054940_seed0_ho_DV_bl_layered_e1500_w300_4q_4l\checkpoints\2026-03-05_05-50-04-441757_ho_DV_seed\model_weights.pth
INFO:src.utils.logger:It: 1458, Loss: 1.438e-02, Loss_res: 1.230e-02,  Loss_bcs: 2.045e-04, Loss_ut_ics: 9.324e-06, Loss_norm: 9.578e-07, Loss_gauge: 0.000e+00, w_pde: 1.00e+00, L^2_error: 4.616e-02, lr: 1.000e-03, Time: 5.44e+03
INFO:src.utils.logger:Model state saved to results\ho\DV\20260305-054940_seed0_ho_DV_bl_layered_e1500_w300_4q_4l\checkpoints\2026-03-05_05-50-04-441757_ho_DV_seed\model.pth
INFO:src.utils.logger:Model weights saved to results\ho\DV\20260305-054940_seed0_ho_DV_bl_layered_e1500_w300_4q_4l\checkpoints\2026-03-05_05-50-04-441757_ho_DV_seed\model_weights.pth
INFO:src.utils.logger:It: 1459, Loss: 1.391e-02, Loss_res: 1.183e-02,  Loss_bcs: 2.066e-04, Loss_ut_ics: 9.331e-06, Loss_norm: 9.818e-07, Loss_gauge: 0.000e+00, w_pde: 1.00e+00, L^2_error: 4.610e-02, lr: 1.000e-03, Time: 5.44e+03
INFO:src.utils.logger:Model state saved to results\ho\DV\20260305-054940_seed0_ho_DV_bl_layered_e1500_w300_4q_4l\checkpoints\2026-03-05_05-50-04-441757_ho_DV_seed\model.pth
INFO:src.utils.logger:Model weights saved to results\ho\DV\20260305-054940_seed0_ho_DV_bl_layered_e1500_w300_4q_4l\checkpoints\2026-03-05_05-50-04-441757_ho_DV_seed\model_weights.pth
INFO:src.utils.logger:It: 1460, Loss: 1.460e-02, Loss_res: 1.250e-02,  Loss_bcs: 2.092e-04, Loss_ut_ics: 9.427e-06, Loss_norm: 6.528e-07, Loss_gauge: 0.000e+00, w_pde: 1.00e+00, L^2_error: 4.603e-02, lr: 1.000e-03, Time: 5.44e+03
INFO:src.utils.logger:Model state saved to results\ho\DV\20260305-054940_seed0_ho_DV_bl_layered_e1500_w300_4q_4l\checkpoints\2026-03-05_05-50-04-441757_ho_DV_seed\model.pth
INFO:src.utils.logger:Model weights saved to results\ho\DV\20260305-054940_seed0_ho_DV_bl_layered_e1500_w300_4q_4l\checkpoints\2026-03-05_05-50-04-441757_ho_DV_seed\model_weights.pth
INFO:src.utils.logger:It: 1461, Loss: 1.414e-02, Loss_res: 1.203e-02,  Loss_bcs: 2.058e-04, Loss_ut_ics: 9.506e-06, Loss_norm: 4.605e-07, Loss_gauge: 0.000e+00, w_pde: 1.00e+00, L^2_error: 4.597e-02, lr: 1.000e-03, Time: 5.45e+03
INFO:src.utils.logger:Model state saved to results\ho\DV\20260305-054940_seed0_ho_DV_bl_layered_e1500_w300_4q_4l\checkpoints\2026-03-05_05-50-04-441757_ho_DV_seed\model.pth
INFO:src.utils.logger:Model weights saved to results\ho\DV\20260305-054940_seed0_ho_DV_bl_layered_e1500_w300_4q_4l\checkpoints\2026-03-05_05-50-04-441757_ho_DV_seed\model_weights.pth
INFO:src.utils.logger:It: 1462, Loss: 1.563e-02, Loss_res: 1.352e-02,  Loss_bcs: 2.080e-04, Loss_ut_ics: 9.507e-06, Loss_norm: 4.677e-07, Loss_gauge: 0.000e+00, w_pde: 1.00e+00, L^2_error: 4.592e-02, lr: 1.000e-03, Time: 5.45e+03
INFO:src.utils.logger:Model state saved to results\ho\DV\20260305-054940_seed0_ho_DV_bl_layered_e1500_w300_4q_4l\checkpoints\2026-03-05_05-50-04-441757_ho_DV_seed\model.pth
INFO:src.utils.logger:Model weights saved to results\ho\DV\20260305-054940_seed0_ho_DV_bl_layered_e1500_w300_4q_4l\checkpoints\2026-03-05_05-50-04-441757_ho_DV_seed\model_weights.pth
INFO:src.utils.logger:It: 1463, Loss: 1.414e-02, Loss_res: 1.205e-02,  Loss_bcs: 2.086e-04, Loss_ut_ics: 9.387e-06, Loss_norm: 8.177e-07, Loss_gauge: 0.000e+00, w_pde: 1.00e+00, L^2_error: 4.590e-02, lr: 1.000e-03, Time: 5.46e+03
INFO:src.utils.logger:Model state saved to results\ho\DV\20260305-054940_seed0_ho_DV_bl_layered_e1500_w300_4q_4l\checkpoints\2026-03-05_05-50-04-441757_ho_DV_seed\model.pth
INFO:src.utils.logger:Model weights saved to results\ho\DV\20260305-054940_seed0_ho_DV_bl_layered_e1500_w300_4q_4l\checkpoints\2026-03-05_05-50-04-441757_ho_DV_seed\model_weights.pth
INFO:src.utils.logger:It: 1464, Loss: 1.405e-02, Loss_res: 1.199e-02,  Loss_bcs: 2.057e-04, Loss_ut_ics: 9.265e-06, Loss_norm: 1.257e-06, Loss_gauge: 0.000e+00, w_pde: 1.00e+00, L^2_error: 4.587e-02, lr: 1.000e-03, Time: 5.46e+03
INFO:src.utils.logger:Model state saved to results\ho\DV\20260305-054940_seed0_ho_DV_bl_layered_e1500_w300_4q_4l\checkpoints\2026-03-05_05-50-04-441757_ho_DV_seed\model.pth
INFO:src.utils.logger:Model weights saved to results\ho\DV\20260305-054940_seed0_ho_DV_bl_layered_e1500_w300_4q_4l\checkpoints\2026-03-05_05-50-04-441757_ho_DV_seed\model_weights.pth
INFO:src.utils.logger:It: 1465, Loss: 1.376e-02, Loss_res: 1.171e-02,  Loss_bcs: 2.056e-04, Loss_ut_ics: 9.196e-06, Loss_norm: 1.306e-06, Loss_gauge: 0.000e+00, w_pde: 1.00e+00, L^2_error: 4.586e-02, lr: 1.000e-03, Time: 5.46e+03
INFO:src.utils.logger:Model state saved to results\ho\DV\20260305-054940_seed0_ho_DV_bl_layered_e1500_w300_4q_4l\checkpoints\2026-03-05_05-50-04-441757_ho_DV_seed\model.pth
INFO:src.utils.logger:Model weights saved to results\ho\DV\20260305-054940_seed0_ho_DV_bl_layered_e1500_w300_4q_4l\checkpoints\2026-03-05_05-50-04-441757_ho_DV_seed\model_weights.pth
INFO:src.utils.logger:It: 1466, Loss: 1.391e-02, Loss_res: 1.187e-02,  Loss_bcs: 2.057e-04, Loss_ut_ics: 9.169e-06, Loss_norm: 1.024e-06, Loss_gauge: 0.000e+00, w_pde: 1.00e+00, L^2_error: 4.585e-02, lr: 1.000e-03, Time: 5.47e+03
INFO:src.utils.logger:Model state saved to results\ho\DV\20260305-054940_seed0_ho_DV_bl_layered_e1500_w300_4q_4l\checkpoints\2026-03-05_05-50-04-441757_ho_DV_seed\model.pth
INFO:src.utils.logger:Model weights saved to results\ho\DV\20260305-054940_seed0_ho_DV_bl_layered_e1500_w300_4q_4l\checkpoints\2026-03-05_05-50-04-441757_ho_DV_seed\model_weights.pth
INFO:src.utils.logger:It: 1467, Loss: 1.332e-02, Loss_res: 1.127e-02,  Loss_bcs: 2.017e-04, Loss_ut_ics: 9.190e-06, Loss_norm: 6.317e-07, Loss_gauge: 0.000e+00, w_pde: 1.00e+00, L^2_error: 4.584e-02, lr: 1.000e-03, Time: 5.47e+03
INFO:src.utils.logger:Model state saved to results\ho\DV\20260305-054940_seed0_ho_DV_bl_layered_e1500_w300_4q_4l\checkpoints\2026-03-05_05-50-04-441757_ho_DV_seed\model.pth
INFO:src.utils.logger:Model weights saved to results\ho\DV\20260305-054940_seed0_ho_DV_bl_layered_e1500_w300_4q_4l\checkpoints\2026-03-05_05-50-04-441757_ho_DV_seed\model_weights.pth
INFO:src.utils.logger:It: 1468, Loss: 1.427e-02, Loss_res: 1.221e-02,  Loss_bcs: 2.082e-04, Loss_ut_ics: 9.234e-06, Loss_norm: 4.156e-07, Loss_gauge: 0.000e+00, w_pde: 1.00e+00, L^2_error: 4.582e-02, lr: 1.000e-03, Time: 5.47e+03
INFO:src.utils.logger:Model state saved to results\ho\DV\20260305-054940_seed0_ho_DV_bl_layered_e1500_w300_4q_4l\checkpoints\2026-03-05_05-50-04-441757_ho_DV_seed\model.pth
INFO:src.utils.logger:Model weights saved to results\ho\DV\20260305-054940_seed0_ho_DV_bl_layered_e1500_w300_4q_4l\checkpoints\2026-03-05_05-50-04-441757_ho_DV_seed\model_weights.pth
INFO:src.utils.logger:It: 1469, Loss: 1.394e-02, Loss_res: 1.190e-02,  Loss_bcs: 2.025e-04, Loss_ut_ics: 9.188e-06, Loss_norm: 4.412e-07, Loss_gauge: 0.000e+00, w_pde: 1.00e+00, L^2_error: 4.580e-02, lr: 1.000e-03, Time: 5.48e+03
INFO:src.utils.logger:Model state saved to results\ho\DV\20260305-054940_seed0_ho_DV_bl_layered_e1500_w300_4q_4l\checkpoints\2026-03-05_05-50-04-441757_ho_DV_seed\model.pth
INFO:src.utils.logger:Model weights saved to results\ho\DV\20260305-054940_seed0_ho_DV_bl_layered_e1500_w300_4q_4l\checkpoints\2026-03-05_05-50-04-441757_ho_DV_seed\model_weights.pth
INFO:src.utils.logger:It: 1470, Loss: 1.474e-02, Loss_res: 1.271e-02,  Loss_bcs: 2.015e-04, Loss_ut_ics: 9.101e-06, Loss_norm: 6.397e-07, Loss_gauge: 0.000e+00, w_pde: 1.00e+00, L^2_error: 4.578e-02, lr: 1.000e-03, Time: 5.48e+03
INFO:src.utils.logger:Model state saved to results\ho\DV\20260305-054940_seed0_ho_DV_bl_layered_e1500_w300_4q_4l\checkpoints\2026-03-05_05-50-04-441757_ho_DV_seed\model.pth
INFO:src.utils.logger:Model weights saved to results\ho\DV\20260305-054940_seed0_ho_DV_bl_layered_e1500_w300_4q_4l\checkpoints\2026-03-05_05-50-04-441757_ho_DV_seed\model_weights.pth
INFO:src.utils.logger:It: 1471, Loss: 1.389e-02, Loss_res: 1.189e-02,  Loss_bcs: 1.967e-04, Loss_ut_ics: 8.987e-06, Loss_norm: 1.123e-06, Loss_gauge: 0.000e+00, w_pde: 1.00e+00, L^2_error: 4.576e-02, lr: 1.000e-03, Time: 5.49e+03
INFO:src.utils.logger:Model state saved to results\ho\DV\20260305-054940_seed0_ho_DV_bl_layered_e1500_w300_4q_4l\checkpoints\2026-03-05_05-50-04-441757_ho_DV_seed\model.pth
INFO:src.utils.logger:Model weights saved to results\ho\DV\20260305-054940_seed0_ho_DV_bl_layered_e1500_w300_4q_4l\checkpoints\2026-03-05_05-50-04-441757_ho_DV_seed\model_weights.pth
INFO:src.utils.logger:It: 1472, Loss: 1.390e-02, Loss_res: 1.190e-02,  Loss_bcs: 1.998e-04, Loss_ut_ics: 8.921e-06, Loss_norm: 1.423e-06, Loss_gauge: 0.000e+00, w_pde: 1.00e+00, L^2_error: 4.574e-02, lr: 1.000e-03, Time: 5.49e+03
INFO:src.utils.logger:Model state saved to results\ho\DV\20260305-054940_seed0_ho_DV_bl_layered_e1500_w300_4q_4l\checkpoints\2026-03-05_05-50-04-441757_ho_DV_seed\model.pth
INFO:src.utils.logger:Model weights saved to results\ho\DV\20260305-054940_seed0_ho_DV_bl_layered_e1500_w300_4q_4l\checkpoints\2026-03-05_05-50-04-441757_ho_DV_seed\model_weights.pth
INFO:src.utils.logger:It: 1473, Loss: 1.401e-02, Loss_res: 1.202e-02,  Loss_bcs: 2.015e-04, Loss_ut_ics: 8.915e-06, Loss_norm: 1.266e-06, Loss_gauge: 0.000e+00, w_pde: 1.00e+00, L^2_error: 4.571e-02, lr: 1.000e-03, Time: 5.49e+03
INFO:src.utils.logger:Model state saved to results\ho\DV\20260305-054940_seed0_ho_DV_bl_layered_e1500_w300_4q_4l\checkpoints\2026-03-05_05-50-04-441757_ho_DV_seed\model.pth
INFO:src.utils.logger:Model weights saved to results\ho\DV\20260305-054940_seed0_ho_DV_bl_layered_e1500_w300_4q_4l\checkpoints\2026-03-05_05-50-04-441757_ho_DV_seed\model_weights.pth
INFO:src.utils.logger:It: 1474, Loss: 1.440e-02, Loss_res: 1.240e-02,  Loss_bcs: 1.993e-04, Loss_ut_ics: 8.983e-06, Loss_norm: 8.315e-07, Loss_gauge: 0.000e+00, w_pde: 1.00e+00, L^2_error: 4.569e-02, lr: 1.000e-03, Time: 5.50e+03
INFO:src.utils.logger:Model state saved to results\ho\DV\20260305-054940_seed0_ho_DV_bl_layered_e1500_w300_4q_4l\checkpoints\2026-03-05_05-50-04-441757_ho_DV_seed\model.pth
INFO:src.utils.logger:Model weights saved to results\ho\DV\20260305-054940_seed0_ho_DV_bl_layered_e1500_w300_4q_4l\checkpoints\2026-03-05_05-50-04-441757_ho_DV_seed\model_weights.pth
INFO:src.utils.logger:It: 1475, Loss: 1.466e-02, Loss_res: 1.265e-02,  Loss_bcs: 1.986e-04, Loss_ut_ics: 9.047e-06, Loss_norm: 5.871e-07, Loss_gauge: 0.000e+00, w_pde: 1.00e+00, L^2_error: 4.567e-02, lr: 1.000e-03, Time: 5.50e+03
INFO:src.utils.logger:Model state saved to results\ho\DV\20260305-054940_seed0_ho_DV_bl_layered_e1500_w300_4q_4l\checkpoints\2026-03-05_05-50-04-441757_ho_DV_seed\model.pth
INFO:src.utils.logger:Model weights saved to results\ho\DV\20260305-054940_seed0_ho_DV_bl_layered_e1500_w300_4q_4l\checkpoints\2026-03-05_05-50-04-441757_ho_DV_seed\model_weights.pth
INFO:src.utils.logger:It: 1476, Loss: 1.409e-02, Loss_res: 1.206e-02,  Loss_bcs: 2.047e-04, Loss_ut_ics: 9.107e-06, Loss_norm: 5.501e-07, Loss_gauge: 0.000e+00, w_pde: 1.00e+00, L^2_error: 4.563e-02, lr: 1.000e-03, Time: 5.50e+03
INFO:src.utils.logger:Model state saved to results\ho\DV\20260305-054940_seed0_ho_DV_bl_layered_e1500_w300_4q_4l\checkpoints\2026-03-05_05-50-04-441757_ho_DV_seed\model.pth
INFO:src.utils.logger:Model weights saved to results\ho\DV\20260305-054940_seed0_ho_DV_bl_layered_e1500_w300_4q_4l\checkpoints\2026-03-05_05-50-04-441757_ho_DV_seed\model_weights.pth
INFO:src.utils.logger:It: 1477, Loss: 1.431e-02, Loss_res: 1.227e-02,  Loss_bcs: 2.037e-04, Loss_ut_ics: 9.133e-06, Loss_norm: 7.633e-07, Loss_gauge: 0.000e+00, w_pde: 1.00e+00, L^2_error: 4.560e-02, lr: 1.000e-03, Time: 5.51e+03
INFO:src.utils.logger:Model state saved to results\ho\DV\20260305-054940_seed0_ho_DV_bl_layered_e1500_w300_4q_4l\checkpoints\2026-03-05_05-50-04-441757_ho_DV_seed\model.pth
INFO:src.utils.logger:Model weights saved to results\ho\DV\20260305-054940_seed0_ho_DV_bl_layered_e1500_w300_4q_4l\checkpoints\2026-03-05_05-50-04-441757_ho_DV_seed\model_weights.pth
INFO:src.utils.logger:It: 1478, Loss: 1.368e-02, Loss_res: 1.164e-02,  Loss_bcs: 2.021e-04, Loss_ut_ics: 9.173e-06, Loss_norm: 1.131e-06, Loss_gauge: 0.000e+00, w_pde: 1.00e+00, L^2_error: 4.558e-02, lr: 1.000e-03, Time: 5.51e+03
INFO:src.utils.logger:Model state saved to results\ho\DV\20260305-054940_seed0_ho_DV_bl_layered_e1500_w300_4q_4l\checkpoints\2026-03-05_05-50-04-441757_ho_DV_seed\model.pth
INFO:src.utils.logger:Model weights saved to results\ho\DV\20260305-054940_seed0_ho_DV_bl_layered_e1500_w300_4q_4l\checkpoints\2026-03-05_05-50-04-441757_ho_DV_seed\model_weights.pth
INFO:src.utils.logger:It: 1479, Loss: 1.342e-02, Loss_res: 1.138e-02,  Loss_bcs: 1.982e-04, Loss_ut_ics: 9.146e-06, Loss_norm: 1.709e-06, Loss_gauge: 0.000e+00, w_pde: 1.00e+00, L^2_error: 4.556e-02, lr: 1.000e-03, Time: 5.52e+03
INFO:src.utils.logger:Model state saved to results\ho\DV\20260305-054940_seed0_ho_DV_bl_layered_e1500_w300_4q_4l\checkpoints\2026-03-05_05-50-04-441757_ho_DV_seed\model.pth
INFO:src.utils.logger:Model weights saved to results\ho\DV\20260305-054940_seed0_ho_DV_bl_layered_e1500_w300_4q_4l\checkpoints\2026-03-05_05-50-04-441757_ho_DV_seed\model_weights.pth
INFO:src.utils.logger:It: 1480, Loss: 1.426e-02, Loss_res: 1.224e-02,  Loss_bcs: 1.996e-04, Loss_ut_ics: 9.091e-06, Loss_norm: 2.103e-06, Loss_gauge: 0.000e+00, w_pde: 1.00e+00, L^2_error: 4.554e-02, lr: 1.000e-03, Time: 5.52e+03
INFO:src.utils.logger:Model state saved to results\ho\DV\20260305-054940_seed0_ho_DV_bl_layered_e1500_w300_4q_4l\checkpoints\2026-03-05_05-50-04-441757_ho_DV_seed\model.pth
INFO:src.utils.logger:Model weights saved to results\ho\DV\20260305-054940_seed0_ho_DV_bl_layered_e1500_w300_4q_4l\checkpoints\2026-03-05_05-50-04-441757_ho_DV_seed\model_weights.pth
INFO:src.utils.logger:It: 1481, Loss: 1.305e-02, Loss_res: 1.104e-02,  Loss_bcs: 1.993e-04, Loss_ut_ics: 8.993e-06, Loss_norm: 2.143e-06, Loss_gauge: 0.000e+00, w_pde: 1.00e+00, L^2_error: 4.552e-02, lr: 1.000e-03, Time: 5.52e+03
INFO:src.utils.logger:Model state saved to results\ho\DV\20260305-054940_seed0_ho_DV_bl_layered_e1500_w300_4q_4l\checkpoints\2026-03-05_05-50-04-441757_ho_DV_seed\model.pth
INFO:src.utils.logger:Model weights saved to results\ho\DV\20260305-054940_seed0_ho_DV_bl_layered_e1500_w300_4q_4l\checkpoints\2026-03-05_05-50-04-441757_ho_DV_seed\model_weights.pth
INFO:src.utils.logger:It: 1482, Loss: 1.402e-02, Loss_res: 1.204e-02,  Loss_bcs: 1.941e-04, Loss_ut_ics: 8.925e-06, Loss_norm: 1.617e-06, Loss_gauge: 0.000e+00, w_pde: 1.00e+00, L^2_error: 4.550e-02, lr: 1.000e-03, Time: 5.53e+03
INFO:src.utils.logger:Model state saved to results\ho\DV\20260305-054940_seed0_ho_DV_bl_layered_e1500_w300_4q_4l\checkpoints\2026-03-05_05-50-04-441757_ho_DV_seed\model.pth
INFO:src.utils.logger:Model weights saved to results\ho\DV\20260305-054940_seed0_ho_DV_bl_layered_e1500_w300_4q_4l\checkpoints\2026-03-05_05-50-04-441757_ho_DV_seed\model_weights.pth
INFO:src.utils.logger:It: 1483, Loss: 1.451e-02, Loss_res: 1.253e-02,  Loss_bcs: 1.970e-04, Loss_ut_ics: 8.879e-06, Loss_norm: 1.057e-06, Loss_gauge: 0.000e+00, w_pde: 1.00e+00, L^2_error: 4.544e-02, lr: 1.000e-03, Time: 5.53e+03
INFO:src.utils.logger:Model state saved to results\ho\DV\20260305-054940_seed0_ho_DV_bl_layered_e1500_w300_4q_4l\checkpoints\2026-03-05_05-50-04-441757_ho_DV_seed\model.pth
INFO:src.utils.logger:Model weights saved to results\ho\DV\20260305-054940_seed0_ho_DV_bl_layered_e1500_w300_4q_4l\checkpoints\2026-03-05_05-50-04-441757_ho_DV_seed\model_weights.pth
INFO:src.utils.logger:It: 1484, Loss: 1.482e-02, Loss_res: 1.284e-02,  Loss_bcs: 1.955e-04, Loss_ut_ics: 8.872e-06, Loss_norm: 6.978e-07, Loss_gauge: 0.000e+00, w_pde: 1.00e+00, L^2_error: 4.538e-02, lr: 1.000e-03, Time: 5.53e+03
INFO:src.utils.logger:Model state saved to results\ho\DV\20260305-054940_seed0_ho_DV_bl_layered_e1500_w300_4q_4l\checkpoints\2026-03-05_05-50-04-441757_ho_DV_seed\model.pth
INFO:src.utils.logger:Model weights saved to results\ho\DV\20260305-054940_seed0_ho_DV_bl_layered_e1500_w300_4q_4l\checkpoints\2026-03-05_05-50-04-441757_ho_DV_seed\model_weights.pth
INFO:src.utils.logger:It: 1485, Loss: 1.420e-02, Loss_res: 1.223e-02,  Loss_bcs: 1.939e-04, Loss_ut_ics: 8.886e-06, Loss_norm: 5.796e-07, Loss_gauge: 0.000e+00, w_pde: 1.00e+00, L^2_error: 4.531e-02, lr: 1.000e-03, Time: 5.54e+03
INFO:src.utils.logger:Model state saved to results\ho\DV\20260305-054940_seed0_ho_DV_bl_layered_e1500_w300_4q_4l\checkpoints\2026-03-05_05-50-04-441757_ho_DV_seed\model.pth
INFO:src.utils.logger:Model weights saved to results\ho\DV\20260305-054940_seed0_ho_DV_bl_layered_e1500_w300_4q_4l\checkpoints\2026-03-05_05-50-04-441757_ho_DV_seed\model_weights.pth
INFO:src.utils.logger:It: 1486, Loss: 1.385e-02, Loss_res: 1.187e-02,  Loss_bcs: 1.979e-04, Loss_ut_ics: 8.890e-06, Loss_norm: 6.912e-07, Loss_gauge: 0.000e+00, w_pde: 1.00e+00, L^2_error: 4.525e-02, lr: 1.000e-03, Time: 5.54e+03
INFO:src.utils.logger:Model state saved to results\ho\DV\20260305-054940_seed0_ho_DV_bl_layered_e1500_w300_4q_4l\checkpoints\2026-03-05_05-50-04-441757_ho_DV_seed\model.pth
INFO:src.utils.logger:Model weights saved to results\ho\DV\20260305-054940_seed0_ho_DV_bl_layered_e1500_w300_4q_4l\checkpoints\2026-03-05_05-50-04-441757_ho_DV_seed\model_weights.pth
INFO:src.utils.logger:It: 1487, Loss: 1.395e-02, Loss_res: 1.198e-02,  Loss_bcs: 1.919e-04, Loss_ut_ics: 8.865e-06, Loss_norm: 1.017e-06, Loss_gauge: 0.000e+00, w_pde: 1.00e+00, L^2_error: 4.521e-02, lr: 1.000e-03, Time: 5.55e+03
INFO:src.utils.logger:Model state saved to results\ho\DV\20260305-054940_seed0_ho_DV_bl_layered_e1500_w300_4q_4l\checkpoints\2026-03-05_05-50-04-441757_ho_DV_seed\model.pth
INFO:src.utils.logger:Model weights saved to results\ho\DV\20260305-054940_seed0_ho_DV_bl_layered_e1500_w300_4q_4l\checkpoints\2026-03-05_05-50-04-441757_ho_DV_seed\model_weights.pth
INFO:src.utils.logger:It: 1488, Loss: 1.356e-02, Loss_res: 1.159e-02,  Loss_bcs: 1.936e-04, Loss_ut_ics: 8.822e-06, Loss_norm: 1.373e-06, Loss_gauge: 0.000e+00, w_pde: 1.00e+00, L^2_error: 4.518e-02, lr: 1.000e-03, Time: 5.55e+03
INFO:src.utils.logger:Model state saved to results\ho\DV\20260305-054940_seed0_ho_DV_bl_layered_e1500_w300_4q_4l\checkpoints\2026-03-05_05-50-04-441757_ho_DV_seed\model.pth
INFO:src.utils.logger:Model weights saved to results\ho\DV\20260305-054940_seed0_ho_DV_bl_layered_e1500_w300_4q_4l\checkpoints\2026-03-05_05-50-04-441757_ho_DV_seed\model_weights.pth
INFO:src.utils.logger:It: 1489, Loss: 1.386e-02, Loss_res: 1.188e-02,  Loss_bcs: 1.992e-04, Loss_ut_ics: 8.846e-06, Loss_norm: 1.364e-06, Loss_gauge: 0.000e+00, w_pde: 1.00e+00, L^2_error: 4.515e-02, lr: 1.000e-03, Time: 5.55e+03
INFO:src.utils.logger:Model state saved to results\ho\DV\20260305-054940_seed0_ho_DV_bl_layered_e1500_w300_4q_4l\checkpoints\2026-03-05_05-50-04-441757_ho_DV_seed\model.pth
INFO:src.utils.logger:Model weights saved to results\ho\DV\20260305-054940_seed0_ho_DV_bl_layered_e1500_w300_4q_4l\checkpoints\2026-03-05_05-50-04-441757_ho_DV_seed\model_weights.pth
INFO:src.utils.logger:It: 1490, Loss: 1.396e-02, Loss_res: 1.198e-02,  Loss_bcs: 1.958e-04, Loss_ut_ics: 8.902e-06, Loss_norm: 1.144e-06, Loss_gauge: 0.000e+00, w_pde: 1.00e+00, L^2_error: 4.514e-02, lr: 1.000e-03, Time: 5.56e+03
INFO:src.utils.logger:Model state saved to results\ho\DV\20260305-054940_seed0_ho_DV_bl_layered_e1500_w300_4q_4l\checkpoints\2026-03-05_05-50-04-441757_ho_DV_seed\model.pth
INFO:src.utils.logger:Model weights saved to results\ho\DV\20260305-054940_seed0_ho_DV_bl_layered_e1500_w300_4q_4l\checkpoints\2026-03-05_05-50-04-441757_ho_DV_seed\model_weights.pth
INFO:src.utils.logger:It: 1491, Loss: 1.427e-02, Loss_res: 1.227e-02,  Loss_bcs: 2.018e-04, Loss_ut_ics: 8.943e-06, Loss_norm: 9.447e-07, Loss_gauge: 0.000e+00, w_pde: 1.00e+00, L^2_error: 4.513e-02, lr: 1.000e-03, Time: 5.56e+03
INFO:src.utils.logger:Model state saved to results\ho\DV\20260305-054940_seed0_ho_DV_bl_layered_e1500_w300_4q_4l\checkpoints\2026-03-05_05-50-04-441757_ho_DV_seed\model.pth
INFO:src.utils.logger:Model weights saved to results\ho\DV\20260305-054940_seed0_ho_DV_bl_layered_e1500_w300_4q_4l\checkpoints\2026-03-05_05-50-04-441757_ho_DV_seed\model_weights.pth
INFO:src.utils.logger:It: 1492, Loss: 1.308e-02, Loss_res: 1.110e-02,  Loss_bcs: 1.955e-04, Loss_ut_ics: 8.921e-06, Loss_norm: 9.024e-07, Loss_gauge: 0.000e+00, w_pde: 1.00e+00, L^2_error: 4.513e-02, lr: 1.000e-03, Time: 5.56e+03
INFO:src.utils.logger:Model state saved to results\ho\DV\20260305-054940_seed0_ho_DV_bl_layered_e1500_w300_4q_4l\checkpoints\2026-03-05_05-50-04-441757_ho_DV_seed\model.pth
INFO:src.utils.logger:Model weights saved to results\ho\DV\20260305-054940_seed0_ho_DV_bl_layered_e1500_w300_4q_4l\checkpoints\2026-03-05_05-50-04-441757_ho_DV_seed\model_weights.pth
INFO:src.utils.logger:It: 1493, Loss: 1.378e-02, Loss_res: 1.181e-02,  Loss_bcs: 1.982e-04, Loss_ut_ics: 8.836e-06, Loss_norm: 9.538e-07, Loss_gauge: 0.000e+00, w_pde: 1.00e+00, L^2_error: 4.514e-02, lr: 1.000e-03, Time: 5.57e+03
INFO:src.utils.logger:Model state saved to results\ho\DV\20260305-054940_seed0_ho_DV_bl_layered_e1500_w300_4q_4l\checkpoints\2026-03-05_05-50-04-441757_ho_DV_seed\model.pth
INFO:src.utils.logger:Model weights saved to results\ho\DV\20260305-054940_seed0_ho_DV_bl_layered_e1500_w300_4q_4l\checkpoints\2026-03-05_05-50-04-441757_ho_DV_seed\model_weights.pth
INFO:src.utils.logger:It: 1494, Loss: 1.385e-02, Loss_res: 1.190e-02,  Loss_bcs: 1.932e-04, Loss_ut_ics: 8.782e-06, Loss_norm: 9.547e-07, Loss_gauge: 0.000e+00, w_pde: 1.00e+00, L^2_error: 4.513e-02, lr: 1.000e-03, Time: 5.57e+03
INFO:src.utils.logger:Model state saved to results\ho\DV\20260305-054940_seed0_ho_DV_bl_layered_e1500_w300_4q_4l\checkpoints\2026-03-05_05-50-04-441757_ho_DV_seed\model.pth
INFO:src.utils.logger:Model weights saved to results\ho\DV\20260305-054940_seed0_ho_DV_bl_layered_e1500_w300_4q_4l\checkpoints\2026-03-05_05-50-04-441757_ho_DV_seed\model_weights.pth
INFO:src.utils.logger:It: 1495, Loss: 1.271e-02, Loss_res: 1.076e-02,  Loss_bcs: 1.939e-04, Loss_ut_ics: 8.745e-06, Loss_norm: 9.456e-07, Loss_gauge: 0.000e+00, w_pde: 1.00e+00, L^2_error: 4.510e-02, lr: 1.000e-03, Time: 5.58e+03
INFO:src.utils.logger:Model state saved to results\ho\DV\20260305-054940_seed0_ho_DV_bl_layered_e1500_w300_4q_4l\checkpoints\2026-03-05_05-50-04-441757_ho_DV_seed\model.pth
INFO:src.utils.logger:Model weights saved to results\ho\DV\20260305-054940_seed0_ho_DV_bl_layered_e1500_w300_4q_4l\checkpoints\2026-03-05_05-50-04-441757_ho_DV_seed\model_weights.pth
INFO:src.utils.logger:It: 1496, Loss: 1.339e-02, Loss_res: 1.145e-02,  Loss_bcs: 1.916e-04, Loss_ut_ics: 8.694e-06, Loss_norm: 8.600e-07, Loss_gauge: 0.000e+00, w_pde: 1.00e+00, L^2_error: 4.506e-02, lr: 1.000e-03, Time: 5.58e+03
INFO:src.utils.logger:Model state saved to results\ho\DV\20260305-054940_seed0_ho_DV_bl_layered_e1500_w300_4q_4l\checkpoints\2026-03-05_05-50-04-441757_ho_DV_seed\model.pth
INFO:src.utils.logger:Model weights saved to results\ho\DV\20260305-054940_seed0_ho_DV_bl_layered_e1500_w300_4q_4l\checkpoints\2026-03-05_05-50-04-441757_ho_DV_seed\model_weights.pth
INFO:src.utils.logger:It: 1497, Loss: 1.444e-02, Loss_res: 1.250e-02,  Loss_bcs: 1.944e-04, Loss_ut_ics: 8.677e-06, Loss_norm: 7.369e-07, Loss_gauge: 0.000e+00, w_pde: 1.00e+00, L^2_error: 4.500e-02, lr: 1.000e-03, Time: 5.58e+03
INFO:src.utils.logger:Model state saved to results\ho\DV\20260305-054940_seed0_ho_DV_bl_layered_e1500_w300_4q_4l\checkpoints\2026-03-05_05-50-04-441757_ho_DV_seed\model.pth
INFO:src.utils.logger:Model weights saved to results\ho\DV\20260305-054940_seed0_ho_DV_bl_layered_e1500_w300_4q_4l\checkpoints\2026-03-05_05-50-04-441757_ho_DV_seed\model_weights.pth
INFO:src.utils.logger:It: 1498, Loss: 1.314e-02, Loss_res: 1.120e-02,  Loss_bcs: 1.961e-04, Loss_ut_ics: 8.697e-06, Loss_norm: 5.933e-07, Loss_gauge: 0.000e+00, w_pde: 1.00e+00, L^2_error: 4.493e-02, lr: 1.000e-03, Time: 5.59e+03
INFO:src.utils.logger:Model state saved to results\ho\DV\20260305-054940_seed0_ho_DV_bl_layered_e1500_w300_4q_4l\checkpoints\2026-03-05_05-50-04-441757_ho_DV_seed\model.pth
INFO:src.utils.logger:Model weights saved to results\ho\DV\20260305-054940_seed0_ho_DV_bl_layered_e1500_w300_4q_4l\checkpoints\2026-03-05_05-50-04-441757_ho_DV_seed\model_weights.pth
INFO:src.utils.logger:It: 1499, Loss: 1.384e-02, Loss_res: 1.190e-02,  Loss_bcs: 1.907e-04, Loss_ut_ics: 8.724e-06, Loss_norm: 5.426e-07, Loss_gauge: 0.000e+00, w_pde: 1.00e+00, L^2_error: 4.487e-02, lr: 1.000e-03, Time: 5.59e+03
INFO:src.utils.logger:Model state saved to results\ho\DV\20260305-054940_seed0_ho_DV_bl_layered_e1500_w300_4q_4l\checkpoints\2026-03-05_05-50-04-441757_ho_DV_seed\model.pth
INFO:src.utils.logger:Model weights saved to results\ho\DV\20260305-054940_seed0_ho_DV_bl_layered_e1500_w300_4q_4l\checkpoints\2026-03-05_05-50-04-441757_ho_DV_seed\model_weights.pth
INFO:src.utils.logger:It: 1500, Loss: 1.389e-02, Loss_res: 1.195e-02,  Loss_bcs: 1.951e-04, Loss_ut_ics: 8.692e-06, Loss_norm: 6.951e-07, Loss_gauge: 0.000e+00, w_pde: 1.00e+00, L^2_error: 4.483e-02, lr: 1.000e-03, Time: 5.60e+03
INFO:src.utils.logger:Model state saved to results\ho\DV\20260305-054940_seed0_ho_DV_bl_layered_e1500_w300_4q_4l\checkpoints\2026-03-05_05-50-04-441757_ho_DV_seed\model.pth
INFO:src.utils.logger:Model weights saved to results\ho\DV\20260305-054940_seed0_ho_DV_bl_layered_e1500_w300_4q_4l\checkpoints\2026-03-05_05-50-04-441757_ho_DV_seed\model_weights.pth
