INFO:src.utils.logger:It: 1, Loss: 2.512e+01, Loss_res: 6.435e-02,  Loss_bcs: 1.104e-02, Loss_ut_ics: 1.049e-01, Loss_norm: 8.248e-01, Loss_gauge: 0.000e+00, w_pde: 8.33e-03, L^2_error: 7.086e-01, lr: 1.000e-03, Time: 3.05e+00
INFO:src.utils.logger:Model state saved to results\ho\DV\20260301-174503_seed0_ho_DV_b1_layered_e600_w120_4q_2l\checkpoints\2026-03-01_17-45-19-696925_ho_DV_seed\model.pth
INFO:src.utils.logger:Model weights saved to results\ho\DV\20260301-174503_seed0_ho_DV_b1_layered_e600_w120_4q_2l\checkpoints\2026-03-01_17-45-19-696925_ho_DV_seed\model_weights.pth
INFO:src.utils.logger:It: 2, Loss: 2.061e+01, Loss_res: 1.363e-01,  Loss_bcs: 2.146e-02, Loss_ut_ics: 8.581e-02, Loss_norm: 6.852e-01, Loss_gauge: 0.000e+00, w_pde: 1.67e-02, L^2_error: 6.541e-01, lr: 1.000e-03, Time: 6.16e+00
INFO:src.utils.logger:Model state saved to results\ho\DV\20260301-174503_seed0_ho_DV_b1_layered_e600_w120_4q_2l\checkpoints\2026-03-01_17-45-19-696925_ho_DV_seed\model.pth
INFO:src.utils.logger:Model weights saved to results\ho\DV\20260301-174503_seed0_ho_DV_b1_layered_e600_w120_4q_2l\checkpoints\2026-03-01_17-45-19-696925_ho_DV_seed\model_weights.pth
INFO:src.utils.logger:It: 3, Loss: 1.725e+01, Loss_res: 2.248e-01,  Loss_bcs: 3.628e-02, Loss_ut_ics: 7.326e-02, Loss_norm: 5.122e-01, Loss_gauge: 0.000e+00, w_pde: 2.50e-02, L^2_error: 6.206e-01, lr: 1.000e-03, Time: 9.27e+00
INFO:src.utils.logger:Model state saved to results\ho\DV\20260301-174503_seed0_ho_DV_b1_layered_e600_w120_4q_2l\checkpoints\2026-03-01_17-45-19-696925_ho_DV_seed\model.pth
INFO:src.utils.logger:Model weights saved to results\ho\DV\20260301-174503_seed0_ho_DV_b1_layered_e600_w120_4q_2l\checkpoints\2026-03-01_17-45-19-696925_ho_DV_seed\model_weights.pth
INFO:src.utils.logger:It: 4, Loss: 1.470e+01, Loss_res: 2.989e-01,  Loss_bcs: 5.400e-02, Loss_ut_ics: 6.471e-02, Loss_norm: 3.379e-01, Loss_gauge: 0.000e+00, w_pde: 3.33e-02, L^2_error: 6.062e-01, lr: 1.000e-03, Time: 1.22e+01
INFO:src.utils.logger:Model state saved to results\ho\DV\20260301-174503_seed0_ho_DV_b1_layered_e600_w120_4q_2l\checkpoints\2026-03-01_17-45-19-696925_ho_DV_seed\model.pth
INFO:src.utils.logger:Model weights saved to results\ho\DV\20260301-174503_seed0_ho_DV_b1_layered_e600_w120_4q_2l\checkpoints\2026-03-01_17-45-19-696925_ho_DV_seed\model_weights.pth
INFO:src.utils.logger:It: 5, Loss: 1.309e+01, Loss_res: 3.595e-01,  Loss_bcs: 7.213e-02, Loss_ut_ics: 6.032e-02, Loss_norm: 1.873e-01, Loss_gauge: 0.000e+00, w_pde: 4.17e-02, L^2_error: 6.072e-01, lr: 1.000e-03, Time: 1.53e+01
INFO:src.utils.logger:Model state saved to results\ho\DV\20260301-174503_seed0_ho_DV_b1_layered_e600_w120_4q_2l\checkpoints\2026-03-01_17-45-19-696925_ho_DV_seed\model.pth
INFO:src.utils.logger:Model weights saved to results\ho\DV\20260301-174503_seed0_ho_DV_b1_layered_e600_w120_4q_2l\checkpoints\2026-03-01_17-45-19-696925_ho_DV_seed\model_weights.pth
INFO:src.utils.logger:It: 6, Loss: 1.244e+01, Loss_res: 4.566e-01,  Loss_bcs: 8.973e-02, Loss_ut_ics: 5.971e-02, Loss_norm: 7.759e-02, Loss_gauge: 0.000e+00, w_pde: 5.00e-02, L^2_error: 6.165e-01, lr: 1.000e-03, Time: 1.87e+01
INFO:src.utils.logger:Model state saved to results\ho\DV\20260301-174503_seed0_ho_DV_b1_layered_e600_w120_4q_2l\checkpoints\2026-03-01_17-45-19-696925_ho_DV_seed\model.pth
INFO:src.utils.logger:Model weights saved to results\ho\DV\20260301-174503_seed0_ho_DV_b1_layered_e600_w120_4q_2l\checkpoints\2026-03-01_17-45-19-696925_ho_DV_seed\model_weights.pth
INFO:src.utils.logger:It: 7, Loss: 1.247e+01, Loss_res: 5.245e-01,  Loss_bcs: 1.050e-01, Loss_ut_ics: 6.120e-02, Loss_norm: 1.790e-02, Loss_gauge: 0.000e+00, w_pde: 5.83e-02, L^2_error: 6.262e-01, lr: 1.000e-03, Time: 2.26e+01
INFO:src.utils.logger:Model state saved to results\ho\DV\20260301-174503_seed0_ho_DV_b1_layered_e600_w120_4q_2l\checkpoints\2026-03-01_17-45-19-696925_ho_DV_seed\model.pth
INFO:src.utils.logger:Model weights saved to results\ho\DV\20260301-174503_seed0_ho_DV_b1_layered_e600_w120_4q_2l\checkpoints\2026-03-01_17-45-19-696925_ho_DV_seed\model_weights.pth
INFO:src.utils.logger:It: 8, Loss: 1.278e+01, Loss_res: 6.552e-01,  Loss_bcs: 1.161e-01, Loss_ut_ics: 6.310e-02, Loss_norm: 3.555e-04, Loss_gauge: 0.000e+00, w_pde: 6.67e-02, L^2_error: 6.313e-01, lr: 1.000e-03, Time: 2.65e+01
INFO:src.utils.logger:Model state saved to results\ho\DV\20260301-174503_seed0_ho_DV_b1_layered_e600_w120_4q_2l\checkpoints\2026-03-01_17-45-19-696925_ho_DV_seed\model.pth
INFO:src.utils.logger:Model weights saved to results\ho\DV\20260301-174503_seed0_ho_DV_b1_layered_e600_w120_4q_2l\checkpoints\2026-03-01_17-45-19-696925_ho_DV_seed\model_weights.pth
INFO:src.utils.logger:It: 9, Loss: 1.307e+01, Loss_res: 6.718e-01,  Loss_bcs: 1.214e-01, Loss_ut_ics: 6.439e-02, Loss_norm: 4.486e-03, Loss_gauge: 0.000e+00, w_pde: 7.50e-02, L^2_error: 6.291e-01, lr: 1.000e-03, Time: 3.03e+01
INFO:src.utils.logger:Model state saved to results\ho\DV\20260301-174503_seed0_ho_DV_b1_layered_e600_w120_4q_2l\checkpoints\2026-03-01_17-45-19-696925_ho_DV_seed\model.pth
INFO:src.utils.logger:Model weights saved to results\ho\DV\20260301-174503_seed0_ho_DV_b1_layered_e600_w120_4q_2l\checkpoints\2026-03-01_17-45-19-696925_ho_DV_seed\model_weights.pth
INFO:src.utils.logger:It: 10, Loss: 1.308e+01, Loss_res: 6.654e-01,  Loss_bcs: 1.205e-01, Loss_ut_ics: 6.425e-02, Loss_norm: 1.056e-02, Loss_gauge: 0.000e+00, w_pde: 8.33e-02, L^2_error: 6.195e-01, lr: 1.000e-03, Time: 3.37e+01
INFO:src.utils.logger:Model state saved to results\ho\DV\20260301-174503_seed0_ho_DV_b1_layered_e600_w120_4q_2l\checkpoints\2026-03-01_17-45-19-696925_ho_DV_seed\model.pth
INFO:src.utils.logger:Model weights saved to results\ho\DV\20260301-174503_seed0_ho_DV_b1_layered_e600_w120_4q_2l\checkpoints\2026-03-01_17-45-19-696925_ho_DV_seed\model_weights.pth
INFO:src.utils.logger:It: 11, Loss: 1.269e+01, Loss_res: 6.373e-01,  Loss_bcs: 1.141e-01, Loss_ut_ics: 6.234e-02, Loss_norm: 9.695e-03, Loss_gauge: 0.000e+00, w_pde: 9.17e-02, L^2_error: 6.039e-01, lr: 1.000e-03, Time: 3.68e+01
INFO:src.utils.logger:Model state saved to results\ho\DV\20260301-174503_seed0_ho_DV_b1_layered_e600_w120_4q_2l\checkpoints\2026-03-01_17-45-19-696925_ho_DV_seed\model.pth
INFO:src.utils.logger:Model weights saved to results\ho\DV\20260301-174503_seed0_ho_DV_b1_layered_e600_w120_4q_2l\checkpoints\2026-03-01_17-45-19-696925_ho_DV_seed\model_weights.pth
INFO:src.utils.logger:It: 12, Loss: 1.199e+01, Loss_res: 5.985e-01,  Loss_bcs: 1.045e-01, Loss_ut_ics: 5.905e-02, Loss_norm: 3.973e-03, Loss_gauge: 0.000e+00, w_pde: 1.00e-01, L^2_error: 5.848e-01, lr: 1.000e-03, Time: 3.98e+01
INFO:src.utils.logger:Model state saved to results\ho\DV\20260301-174503_seed0_ho_DV_b1_layered_e600_w120_4q_2l\checkpoints\2026-03-01_17-45-19-696925_ho_DV_seed\model.pth
INFO:src.utils.logger:Model weights saved to results\ho\DV\20260301-174503_seed0_ho_DV_b1_layered_e600_w120_4q_2l\checkpoints\2026-03-01_17-45-19-696925_ho_DV_seed\model_weights.pth
INFO:src.utils.logger:It: 13, Loss: 1.118e+01, Loss_res: 5.324e-01,  Loss_bcs: 9.195e-02, Loss_ut_ics: 5.516e-02, Loss_norm: 1.865e-04, Loss_gauge: 0.000e+00, w_pde: 1.08e-01, L^2_error: 5.640e-01, lr: 1.000e-03, Time: 4.33e+01
INFO:src.utils.logger:Model state saved to results\ho\DV\20260301-174503_seed0_ho_DV_b1_layered_e600_w120_4q_2l\checkpoints\2026-03-01_17-45-19-696925_ho_DV_seed\model.pth
INFO:src.utils.logger:Model weights saved to results\ho\DV\20260301-174503_seed0_ho_DV_b1_layered_e600_w120_4q_2l\checkpoints\2026-03-01_17-45-19-696925_ho_DV_seed\model_weights.pth
INFO:src.utils.logger:It: 14, Loss: 1.041e+01, Loss_res: 5.027e-01,  Loss_bcs: 7.918e-02, Loss_ut_ics: 5.125e-02, Loss_norm: 4.285e-03, Loss_gauge: 0.000e+00, w_pde: 1.17e-01, L^2_error: 5.434e-01, lr: 1.000e-03, Time: 4.64e+01
INFO:src.utils.logger:Model state saved to results\ho\DV\20260301-174503_seed0_ho_DV_b1_layered_e600_w120_4q_2l\checkpoints\2026-03-01_17-45-19-696925_ho_DV_seed\model.pth
INFO:src.utils.logger:Model weights saved to results\ho\DV\20260301-174503_seed0_ho_DV_b1_layered_e600_w120_4q_2l\checkpoints\2026-03-01_17-45-19-696925_ho_DV_seed\model_weights.pth
INFO:src.utils.logger:It: 15, Loss: 9.746e+00, Loss_res: 4.491e-01,  Loss_bcs: 6.658e-02, Loss_ut_ics: 4.765e-02, Loss_norm: 1.880e-02, Loss_gauge: 0.000e+00, w_pde: 1.25e-01, L^2_error: 5.240e-01, lr: 1.000e-03, Time: 4.99e+01
INFO:src.utils.logger:Model state saved to results\ho\DV\20260301-174503_seed0_ho_DV_b1_layered_e600_w120_4q_2l\checkpoints\2026-03-01_17-45-19-696925_ho_DV_seed\model.pth
INFO:src.utils.logger:Model weights saved to results\ho\DV\20260301-174503_seed0_ho_DV_b1_layered_e600_w120_4q_2l\checkpoints\2026-03-01_17-45-19-696925_ho_DV_seed\model_weights.pth
INFO:src.utils.logger:It: 16, Loss: 9.222e+00, Loss_res: 3.956e-01,  Loss_bcs: 5.553e-02, Loss_ut_ics: 4.450e-02, Loss_norm: 4.258e-02, Loss_gauge: 0.000e+00, w_pde: 1.33e-01, L^2_error: 5.066e-01, lr: 1.000e-03, Time: 5.38e+01
INFO:src.utils.logger:Model state saved to results\ho\DV\20260301-174503_seed0_ho_DV_b1_layered_e600_w120_4q_2l\checkpoints\2026-03-01_17-45-19-696925_ho_DV_seed\model.pth
INFO:src.utils.logger:Model weights saved to results\ho\DV\20260301-174503_seed0_ho_DV_b1_layered_e600_w120_4q_2l\checkpoints\2026-03-01_17-45-19-696925_ho_DV_seed\model_weights.pth
INFO:src.utils.logger:It: 17, Loss: 8.833e+00, Loss_res: 3.330e-01,  Loss_bcs: 4.559e-02, Loss_ut_ics: 4.190e-02, Loss_norm: 7.189e-02, Loss_gauge: 0.000e+00, w_pde: 1.42e-01, L^2_error: 4.915e-01, lr: 1.000e-03, Time: 5.72e+01
INFO:src.utils.logger:Model state saved to results\ho\DV\20260301-174503_seed0_ho_DV_b1_layered_e600_w120_4q_2l\checkpoints\2026-03-01_17-45-19-696925_ho_DV_seed\model.pth
INFO:src.utils.logger:Model weights saved to results\ho\DV\20260301-174503_seed0_ho_DV_b1_layered_e600_w120_4q_2l\checkpoints\2026-03-01_17-45-19-696925_ho_DV_seed\model_weights.pth
INFO:src.utils.logger:It: 18, Loss: 8.554e+00, Loss_res: 3.144e-01,  Loss_bcs: 3.739e-02, Loss_ut_ics: 3.980e-02, Loss_norm: 1.020e-01, Loss_gauge: 0.000e+00, w_pde: 1.50e-01, L^2_error: 4.782e-01, lr: 1.000e-03, Time: 6.03e+01
INFO:src.utils.logger:Model state saved to results\ho\DV\20260301-174503_seed0_ho_DV_b1_layered_e600_w120_4q_2l\checkpoints\2026-03-01_17-45-19-696925_ho_DV_seed\model.pth
INFO:src.utils.logger:Model weights saved to results\ho\DV\20260301-174503_seed0_ho_DV_b1_layered_e600_w120_4q_2l\checkpoints\2026-03-01_17-45-19-696925_ho_DV_seed\model_weights.pth
INFO:src.utils.logger:It: 19, Loss: 8.316e+00, Loss_res: 2.920e-01,  Loss_bcs: 3.042e-02, Loss_ut_ics: 3.798e-02, Loss_norm: 1.285e-01, Loss_gauge: 0.000e+00, w_pde: 1.58e-01, L^2_error: 4.658e-01, lr: 1.000e-03, Time: 6.34e+01
INFO:src.utils.logger:Model state saved to results\ho\DV\20260301-174503_seed0_ho_DV_b1_layered_e600_w120_4q_2l\checkpoints\2026-03-01_17-45-19-696925_ho_DV_seed\model.pth
INFO:src.utils.logger:Model weights saved to results\ho\DV\20260301-174503_seed0_ho_DV_b1_layered_e600_w120_4q_2l\checkpoints\2026-03-01_17-45-19-696925_ho_DV_seed\model_weights.pth
INFO:src.utils.logger:It: 20, Loss: 8.051e+00, Loss_res: 2.417e-01,  Loss_bcs: 2.486e-02, Loss_ut_ics: 3.622e-02, Loss_norm: 1.483e-01, Loss_gauge: 0.000e+00, w_pde: 1.67e-01, L^2_error: 4.535e-01, lr: 1.000e-03, Time: 6.66e+01
INFO:src.utils.logger:Model state saved to results\ho\DV\20260301-174503_seed0_ho_DV_b1_layered_e600_w120_4q_2l\checkpoints\2026-03-01_17-45-19-696925_ho_DV_seed\model.pth
INFO:src.utils.logger:Model weights saved to results\ho\DV\20260301-174503_seed0_ho_DV_b1_layered_e600_w120_4q_2l\checkpoints\2026-03-01_17-45-19-696925_ho_DV_seed\model_weights.pth
INFO:src.utils.logger:It: 21, Loss: 7.735e+00, Loss_res: 2.431e-01,  Loss_bcs: 2.015e-02, Loss_ut_ics: 3.436e-02, Loss_norm: 1.599e-01, Loss_gauge: 0.000e+00, w_pde: 1.75e-01, L^2_error: 4.403e-01, lr: 1.000e-03, Time: 6.94e+01
INFO:src.utils.logger:Model state saved to results\ho\DV\20260301-174503_seed0_ho_DV_b1_layered_e600_w120_4q_2l\checkpoints\2026-03-01_17-45-19-696925_ho_DV_seed\model.pth
INFO:src.utils.logger:Model weights saved to results\ho\DV\20260301-174503_seed0_ho_DV_b1_layered_e600_w120_4q_2l\checkpoints\2026-03-01_17-45-19-696925_ho_DV_seed\model_weights.pth
INFO:src.utils.logger:It: 22, Loss: 7.342e+00, Loss_res: 2.239e-01,  Loss_bcs: 1.703e-02, Loss_ut_ics: 3.235e-02, Loss_norm: 1.628e-01, Loss_gauge: 0.000e+00, w_pde: 1.83e-01, L^2_error: 4.259e-01, lr: 1.000e-03, Time: 7.22e+01
INFO:src.utils.logger:Model state saved to results\ho\DV\20260301-174503_seed0_ho_DV_b1_layered_e600_w120_4q_2l\checkpoints\2026-03-01_17-45-19-696925_ho_DV_seed\model.pth
INFO:src.utils.logger:Model weights saved to results\ho\DV\20260301-174503_seed0_ho_DV_b1_layered_e600_w120_4q_2l\checkpoints\2026-03-01_17-45-19-696925_ho_DV_seed\model_weights.pth
INFO:src.utils.logger:It: 23, Loss: 6.880e+00, Loss_res: 2.138e-01,  Loss_bcs: 1.410e-02, Loss_ut_ics: 3.019e-02, Loss_norm: 1.575e-01, Loss_gauge: 0.000e+00, w_pde: 1.92e-01, L^2_error: 4.098e-01, lr: 1.000e-03, Time: 7.49e+01
INFO:src.utils.logger:Model state saved to results\ho\DV\20260301-174503_seed0_ho_DV_b1_layered_e600_w120_4q_2l\checkpoints\2026-03-01_17-45-19-696925_ho_DV_seed\model.pth
INFO:src.utils.logger:Model weights saved to results\ho\DV\20260301-174503_seed0_ho_DV_b1_layered_e600_w120_4q_2l\checkpoints\2026-03-01_17-45-19-696925_ho_DV_seed\model_weights.pth
INFO:src.utils.logger:It: 24, Loss: 6.355e+00, Loss_res: 2.095e-01,  Loss_bcs: 1.169e-02, Loss_ut_ics: 2.787e-02, Loss_norm: 1.454e-01, Loss_gauge: 0.000e+00, w_pde: 2.00e-01, L^2_error: 3.923e-01, lr: 1.000e-03, Time: 7.78e+01
INFO:src.utils.logger:Model state saved to results\ho\DV\20260301-174503_seed0_ho_DV_b1_layered_e600_w120_4q_2l\checkpoints\2026-03-01_17-45-19-696925_ho_DV_seed\model.pth
INFO:src.utils.logger:Model weights saved to results\ho\DV\20260301-174503_seed0_ho_DV_b1_layered_e600_w120_4q_2l\checkpoints\2026-03-01_17-45-19-696925_ho_DV_seed\model_weights.pth
INFO:src.utils.logger:It: 25, Loss: 5.785e+00, Loss_res: 2.043e-01,  Loss_bcs: 1.002e-02, Loss_ut_ics: 2.545e-02, Loss_norm: 1.283e-01, Loss_gauge: 0.000e+00, w_pde: 2.08e-01, L^2_error: 3.736e-01, lr: 1.000e-03, Time: 8.07e+01
INFO:src.utils.logger:Model state saved to results\ho\DV\20260301-174503_seed0_ho_DV_b1_layered_e600_w120_4q_2l\checkpoints\2026-03-01_17-45-19-696925_ho_DV_seed\model.pth
INFO:src.utils.logger:Model weights saved to results\ho\DV\20260301-174503_seed0_ho_DV_b1_layered_e600_w120_4q_2l\checkpoints\2026-03-01_17-45-19-696925_ho_DV_seed\model_weights.pth
INFO:src.utils.logger:It: 26, Loss: 5.196e+00, Loss_res: 2.064e-01,  Loss_bcs: 8.404e-03, Loss_ut_ics: 2.301e-02, Loss_norm: 1.081e-01, Loss_gauge: 0.000e+00, w_pde: 2.17e-01, L^2_error: 3.544e-01, lr: 1.000e-03, Time: 8.36e+01
INFO:src.utils.logger:Model state saved to results\ho\DV\20260301-174503_seed0_ho_DV_b1_layered_e600_w120_4q_2l\checkpoints\2026-03-01_17-45-19-696925_ho_DV_seed\model.pth
INFO:src.utils.logger:Model weights saved to results\ho\DV\20260301-174503_seed0_ho_DV_b1_layered_e600_w120_4q_2l\checkpoints\2026-03-01_17-45-19-696925_ho_DV_seed\model_weights.pth
INFO:src.utils.logger:It: 27, Loss: 4.615e+00, Loss_res: 1.975e-01,  Loss_bcs: 7.122e-03, Loss_ut_ics: 2.065e-02, Loss_norm: 8.674e-02, Loss_gauge: 0.000e+00, w_pde: 2.25e-01, L^2_error: 3.353e-01, lr: 1.000e-03, Time: 8.66e+01
INFO:src.utils.logger:Model state saved to results\ho\DV\20260301-174503_seed0_ho_DV_b1_layered_e600_w120_4q_2l\checkpoints\2026-03-01_17-45-19-696925_ho_DV_seed\model.pth
INFO:src.utils.logger:Model weights saved to results\ho\DV\20260301-174503_seed0_ho_DV_b1_layered_e600_w120_4q_2l\checkpoints\2026-03-01_17-45-19-696925_ho_DV_seed\model_weights.pth
INFO:src.utils.logger:It: 28, Loss: 4.068e+00, Loss_res: 1.978e-01,  Loss_bcs: 5.985e-03, Loss_ut_ics: 1.843e-02, Loss_norm: 6.603e-02, Loss_gauge: 0.000e+00, w_pde: 2.33e-01, L^2_error: 3.169e-01, lr: 1.000e-03, Time: 8.98e+01
INFO:src.utils.logger:Model state saved to results\ho\DV\20260301-174503_seed0_ho_DV_b1_layered_e600_w120_4q_2l\checkpoints\2026-03-01_17-45-19-696925_ho_DV_seed\model.pth
INFO:src.utils.logger:Model weights saved to results\ho\DV\20260301-174503_seed0_ho_DV_b1_layered_e600_w120_4q_2l\checkpoints\2026-03-01_17-45-19-696925_ho_DV_seed\model_weights.pth
INFO:src.utils.logger:It: 29, Loss: 3.567e+00, Loss_res: 1.949e-01,  Loss_bcs: 4.832e-03, Loss_ut_ics: 1.639e-02, Loss_norm: 4.744e-02, Loss_gauge: 0.000e+00, w_pde: 2.42e-01, L^2_error: 2.994e-01, lr: 1.000e-03, Time: 9.28e+01
INFO:src.utils.logger:Model state saved to results\ho\DV\20260301-174503_seed0_ho_DV_b1_layered_e600_w120_4q_2l\checkpoints\2026-03-01_17-45-19-696925_ho_DV_seed\model.pth
INFO:src.utils.logger:Model weights saved to results\ho\DV\20260301-174503_seed0_ho_DV_b1_layered_e600_w120_4q_2l\checkpoints\2026-03-01_17-45-19-696925_ho_DV_seed\model_weights.pth
INFO:src.utils.logger:It: 30, Loss: 3.121e+00, Loss_res: 2.078e-01,  Loss_bcs: 3.796e-03, Loss_ut_ics: 1.453e-02, Loss_norm: 3.196e-02, Loss_gauge: 0.000e+00, w_pde: 2.50e-01, L^2_error: 2.828e-01, lr: 1.000e-03, Time: 9.59e+01
INFO:src.utils.logger:Model state saved to results\ho\DV\20260301-174503_seed0_ho_DV_b1_layered_e600_w120_4q_2l\checkpoints\2026-03-01_17-45-19-696925_ho_DV_seed\model.pth
INFO:src.utils.logger:Model weights saved to results\ho\DV\20260301-174503_seed0_ho_DV_b1_layered_e600_w120_4q_2l\checkpoints\2026-03-01_17-45-19-696925_ho_DV_seed\model_weights.pth
INFO:src.utils.logger:It: 31, Loss: 2.723e+00, Loss_res: 2.033e-01,  Loss_bcs: 2.905e-03, Loss_ut_ics: 1.284e-02, Loss_norm: 2.003e-02, Loss_gauge: 0.000e+00, w_pde: 2.58e-01, L^2_error: 2.671e-01, lr: 1.000e-03, Time: 9.88e+01
INFO:src.utils.logger:Model state saved to results\ho\DV\20260301-174503_seed0_ho_DV_b1_layered_e600_w120_4q_2l\checkpoints\2026-03-01_17-45-19-696925_ho_DV_seed\model.pth
INFO:src.utils.logger:Model weights saved to results\ho\DV\20260301-174503_seed0_ho_DV_b1_layered_e600_w120_4q_2l\checkpoints\2026-03-01_17-45-19-696925_ho_DV_seed\model_weights.pth
INFO:src.utils.logger:It: 32, Loss: 2.376e+00, Loss_res: 2.017e-01,  Loss_bcs: 2.166e-03, Loss_ut_ics: 1.131e-02, Loss_norm: 1.155e-02, Loss_gauge: 0.000e+00, w_pde: 2.67e-01, L^2_error: 2.518e-01, lr: 1.000e-03, Time: 1.02e+02
INFO:src.utils.logger:Model state saved to results\ho\DV\20260301-174503_seed0_ho_DV_b1_layered_e600_w120_4q_2l\checkpoints\2026-03-01_17-45-19-696925_ho_DV_seed\model.pth
INFO:src.utils.logger:Model weights saved to results\ho\DV\20260301-174503_seed0_ho_DV_b1_layered_e600_w120_4q_2l\checkpoints\2026-03-01_17-45-19-696925_ho_DV_seed\model_weights.pth
INFO:src.utils.logger:It: 33, Loss: 2.078e+00, Loss_res: 2.113e-01,  Loss_bcs: 1.612e-03, Loss_ut_ics: 9.941e-03, Loss_norm: 6.061e-03, Loss_gauge: 0.000e+00, w_pde: 2.75e-01, L^2_error: 2.367e-01, lr: 1.000e-03, Time: 1.05e+02
INFO:src.utils.logger:Model state saved to results\ho\DV\20260301-174503_seed0_ho_DV_b1_layered_e600_w120_4q_2l\checkpoints\2026-03-01_17-45-19-696925_ho_DV_seed\model.pth
INFO:src.utils.logger:Model weights saved to results\ho\DV\20260301-174503_seed0_ho_DV_b1_layered_e600_w120_4q_2l\checkpoints\2026-03-01_17-45-19-696925_ho_DV_seed\model_weights.pth
INFO:src.utils.logger:It: 34, Loss: 1.813e+00, Loss_res: 2.018e-01,  Loss_bcs: 1.419e-03, Loss_ut_ics: 8.698e-03, Loss_norm: 2.856e-03, Loss_gauge: 0.000e+00, w_pde: 2.83e-01, L^2_error: 2.218e-01, lr: 1.000e-03, Time: 1.07e+02
INFO:src.utils.logger:Model state saved to results\ho\DV\20260301-174503_seed0_ho_DV_b1_layered_e600_w120_4q_2l\checkpoints\2026-03-01_17-45-19-696925_ho_DV_seed\model.pth
INFO:src.utils.logger:Model weights saved to results\ho\DV\20260301-174503_seed0_ho_DV_b1_layered_e600_w120_4q_2l\checkpoints\2026-03-01_17-45-19-696925_ho_DV_seed\model_weights.pth
INFO:src.utils.logger:It: 35, Loss: 1.580e+00, Loss_res: 1.988e-01,  Loss_bcs: 1.526e-03, Loss_ut_ics: 7.570e-03, Loss_norm: 1.206e-03, Loss_gauge: 0.000e+00, w_pde: 2.92e-01, L^2_error: 2.074e-01, lr: 1.000e-03, Time: 1.10e+02
INFO:src.utils.logger:Model state saved to results\ho\DV\20260301-174503_seed0_ho_DV_b1_layered_e600_w120_4q_2l\checkpoints\2026-03-01_17-45-19-696925_ho_DV_seed\model.pth
INFO:src.utils.logger:Model weights saved to results\ho\DV\20260301-174503_seed0_ho_DV_b1_layered_e600_w120_4q_2l\checkpoints\2026-03-01_17-45-19-696925_ho_DV_seed\model_weights.pth
INFO:src.utils.logger:It: 36, Loss: 1.377e+00, Loss_res: 2.031e-01,  Loss_bcs: 1.955e-03, Loss_ut_ics: 6.561e-03, Loss_norm: 4.861e-04, Loss_gauge: 0.000e+00, w_pde: 3.00e-01, L^2_error: 1.941e-01, lr: 1.000e-03, Time: 1.13e+02
INFO:src.utils.logger:Model state saved to results\ho\DV\20260301-174503_seed0_ho_DV_b1_layered_e600_w120_4q_2l\checkpoints\2026-03-01_17-45-19-696925_ho_DV_seed\model.pth
INFO:src.utils.logger:Model weights saved to results\ho\DV\20260301-174503_seed0_ho_DV_b1_layered_e600_w120_4q_2l\checkpoints\2026-03-01_17-45-19-696925_ho_DV_seed\model_weights.pth
INFO:src.utils.logger:It: 37, Loss: 1.204e+00, Loss_res: 2.070e-01,  Loss_bcs: 2.712e-03, Loss_ut_ics: 5.682e-03, Loss_norm: 2.403e-04, Loss_gauge: 0.000e+00, w_pde: 3.08e-01, L^2_error: 1.826e-01, lr: 1.000e-03, Time: 1.16e+02
INFO:src.utils.logger:Model state saved to results\ho\DV\20260301-174503_seed0_ho_DV_b1_layered_e600_w120_4q_2l\checkpoints\2026-03-01_17-45-19-696925_ho_DV_seed\model.pth
INFO:src.utils.logger:Model weights saved to results\ho\DV\20260301-174503_seed0_ho_DV_b1_layered_e600_w120_4q_2l\checkpoints\2026-03-01_17-45-19-696925_ho_DV_seed\model_weights.pth
INFO:src.utils.logger:It: 38, Loss: 1.058e+00, Loss_res: 1.994e-01,  Loss_bcs: 3.970e-03, Loss_ut_ics: 4.947e-03, Loss_norm: 1.905e-04, Loss_gauge: 0.000e+00, w_pde: 3.17e-01, L^2_error: 1.736e-01, lr: 1.000e-03, Time: 1.19e+02
INFO:src.utils.logger:Model state saved to results\ho\DV\20260301-174503_seed0_ho_DV_b1_layered_e600_w120_4q_2l\checkpoints\2026-03-01_17-45-19-696925_ho_DV_seed\model.pth
INFO:src.utils.logger:Model weights saved to results\ho\DV\20260301-174503_seed0_ho_DV_b1_layered_e600_w120_4q_2l\checkpoints\2026-03-01_17-45-19-696925_ho_DV_seed\model_weights.pth
INFO:src.utils.logger:It: 39, Loss: 9.428e-01, Loss_res: 2.012e-01,  Loss_bcs: 5.292e-03, Loss_ut_ics: 4.355e-03, Loss_norm: 1.965e-04, Loss_gauge: 0.000e+00, w_pde: 3.25e-01, L^2_error: 1.675e-01, lr: 1.000e-03, Time: 1.22e+02
INFO:src.utils.logger:Model state saved to results\ho\DV\20260301-174503_seed0_ho_DV_b1_layered_e600_w120_4q_2l\checkpoints\2026-03-01_17-45-19-696925_ho_DV_seed\model.pth
INFO:src.utils.logger:Model weights saved to results\ho\DV\20260301-174503_seed0_ho_DV_b1_layered_e600_w120_4q_2l\checkpoints\2026-03-01_17-45-19-696925_ho_DV_seed\model_weights.pth
INFO:src.utils.logger:It: 40, Loss: 8.507e-01, Loss_res: 1.904e-01,  Loss_bcs: 6.786e-03, Loss_ut_ics: 3.897e-03, Loss_norm: 2.046e-04, Loss_gauge: 0.000e+00, w_pde: 3.33e-01, L^2_error: 1.641e-01, lr: 1.000e-03, Time: 1.24e+02
INFO:src.utils.logger:Model state saved to results\ho\DV\20260301-174503_seed0_ho_DV_b1_layered_e600_w120_4q_2l\checkpoints\2026-03-01_17-45-19-696925_ho_DV_seed\model.pth
INFO:src.utils.logger:Model weights saved to results\ho\DV\20260301-174503_seed0_ho_DV_b1_layered_e600_w120_4q_2l\checkpoints\2026-03-01_17-45-19-696925_ho_DV_seed\model_weights.pth
INFO:src.utils.logger:It: 41, Loss: 7.860e-01, Loss_res: 1.935e-01,  Loss_bcs: 7.948e-03, Loss_ut_ics: 3.555e-03, Loss_norm: 2.041e-04, Loss_gauge: 0.000e+00, w_pde: 3.42e-01, L^2_error: 1.625e-01, lr: 1.000e-03, Time: 1.27e+02
INFO:src.utils.logger:Model state saved to results\ho\DV\20260301-174503_seed0_ho_DV_b1_layered_e600_w120_4q_2l\checkpoints\2026-03-01_17-45-19-696925_ho_DV_seed\model.pth
INFO:src.utils.logger:Model weights saved to results\ho\DV\20260301-174503_seed0_ho_DV_b1_layered_e600_w120_4q_2l\checkpoints\2026-03-01_17-45-19-696925_ho_DV_seed\model_weights.pth
INFO:src.utils.logger:It: 42, Loss: 7.363e-01, Loss_res: 1.870e-01,  Loss_bcs: 8.821e-03, Loss_ut_ics: 3.305e-03, Loss_norm: 1.984e-04, Loss_gauge: 0.000e+00, w_pde: 3.50e-01, L^2_error: 1.620e-01, lr: 1.000e-03, Time: 1.30e+02
INFO:src.utils.logger:Model state saved to results\ho\DV\20260301-174503_seed0_ho_DV_b1_layered_e600_w120_4q_2l\checkpoints\2026-03-01_17-45-19-696925_ho_DV_seed\model.pth
INFO:src.utils.logger:Model weights saved to results\ho\DV\20260301-174503_seed0_ho_DV_b1_layered_e600_w120_4q_2l\checkpoints\2026-03-01_17-45-19-696925_ho_DV_seed\model_weights.pth
INFO:src.utils.logger:It: 43, Loss: 6.994e-01, Loss_res: 1.830e-01,  Loss_bcs: 9.373e-03, Loss_ut_ics: 3.117e-03, Loss_norm: 1.925e-04, Loss_gauge: 0.000e+00, w_pde: 3.58e-01, L^2_error: 1.614e-01, lr: 1.000e-03, Time: 1.33e+02
INFO:src.utils.logger:Model state saved to results\ho\DV\20260301-174503_seed0_ho_DV_b1_layered_e600_w120_4q_2l\checkpoints\2026-03-01_17-45-19-696925_ho_DV_seed\model.pth
INFO:src.utils.logger:Model weights saved to results\ho\DV\20260301-174503_seed0_ho_DV_b1_layered_e600_w120_4q_2l\checkpoints\2026-03-01_17-45-19-696925_ho_DV_seed\model_weights.pth
INFO:src.utils.logger:It: 44, Loss: 6.665e-01, Loss_res: 1.760e-01,  Loss_bcs: 9.348e-03, Loss_ut_ics: 2.958e-03, Loss_norm: 1.897e-04, Loss_gauge: 0.000e+00, w_pde: 3.67e-01, L^2_error: 1.600e-01, lr: 1.000e-03, Time: 1.36e+02
INFO:src.utils.logger:Model state saved to results\ho\DV\20260301-174503_seed0_ho_DV_b1_layered_e600_w120_4q_2l\checkpoints\2026-03-01_17-45-19-696925_ho_DV_seed\model.pth
INFO:src.utils.logger:Model weights saved to results\ho\DV\20260301-174503_seed0_ho_DV_b1_layered_e600_w120_4q_2l\checkpoints\2026-03-01_17-45-19-696925_ho_DV_seed\model_weights.pth
INFO:src.utils.logger:It: 45, Loss: 6.303e-01, Loss_res: 1.625e-01,  Loss_bcs: 9.174e-03, Loss_ut_ics: 2.796e-03, Loss_norm: 1.928e-04, Loss_gauge: 0.000e+00, w_pde: 3.75e-01, L^2_error: 1.573e-01, lr: 1.000e-03, Time: 1.39e+02
INFO:src.utils.logger:Model state saved to results\ho\DV\20260301-174503_seed0_ho_DV_b1_layered_e600_w120_4q_2l\checkpoints\2026-03-01_17-45-19-696925_ho_DV_seed\model.pth
INFO:src.utils.logger:Model weights saved to results\ho\DV\20260301-174503_seed0_ho_DV_b1_layered_e600_w120_4q_2l\checkpoints\2026-03-01_17-45-19-696925_ho_DV_seed\model_weights.pth
INFO:src.utils.logger:It: 46, Loss: 5.896e-01, Loss_res: 1.532e-01,  Loss_bcs: 8.162e-03, Loss_ut_ics: 2.608e-03, Loss_norm: 2.060e-04, Loss_gauge: 0.000e+00, w_pde: 3.83e-01, L^2_error: 1.532e-01, lr: 1.000e-03, Time: 1.42e+02
INFO:src.utils.logger:Model state saved to results\ho\DV\20260301-174503_seed0_ho_DV_b1_layered_e600_w120_4q_2l\checkpoints\2026-03-01_17-45-19-696925_ho_DV_seed\model.pth
INFO:src.utils.logger:Model weights saved to results\ho\DV\20260301-174503_seed0_ho_DV_b1_layered_e600_w120_4q_2l\checkpoints\2026-03-01_17-45-19-696925_ho_DV_seed\model_weights.pth
INFO:src.utils.logger:It: 47, Loss: 5.431e-01, Loss_res: 1.472e-01,  Loss_bcs: 7.140e-03, Loss_ut_ics: 2.386e-03, Loss_norm: 2.339e-04, Loss_gauge: 0.000e+00, w_pde: 3.92e-01, L^2_error: 1.479e-01, lr: 1.000e-03, Time: 1.44e+02
INFO:src.utils.logger:Model state saved to results\ho\DV\20260301-174503_seed0_ho_DV_b1_layered_e600_w120_4q_2l\checkpoints\2026-03-01_17-45-19-696925_ho_DV_seed\model.pth
INFO:src.utils.logger:Model weights saved to results\ho\DV\20260301-174503_seed0_ho_DV_b1_layered_e600_w120_4q_2l\checkpoints\2026-03-01_17-45-19-696925_ho_DV_seed\model_weights.pth
INFO:src.utils.logger:It: 48, Loss: 4.878e-01, Loss_res: 1.360e-01,  Loss_bcs: 5.762e-03, Loss_ut_ics: 2.131e-03, Loss_norm: 2.807e-04, Loss_gauge: 0.000e+00, w_pde: 4.00e-01, L^2_error: 1.416e-01, lr: 1.000e-03, Time: 1.47e+02
INFO:src.utils.logger:Model state saved to results\ho\DV\20260301-174503_seed0_ho_DV_b1_layered_e600_w120_4q_2l\checkpoints\2026-03-01_17-45-19-696925_ho_DV_seed\model.pth
INFO:src.utils.logger:Model weights saved to results\ho\DV\20260301-174503_seed0_ho_DV_b1_layered_e600_w120_4q_2l\checkpoints\2026-03-01_17-45-19-696925_ho_DV_seed\model_weights.pth
INFO:src.utils.logger:It: 49, Loss: 4.279e-01, Loss_res: 1.244e-01,  Loss_bcs: 4.390e-03, Loss_ut_ics: 1.855e-03, Loss_norm: 3.477e-04, Loss_gauge: 0.000e+00, w_pde: 4.08e-01, L^2_error: 1.349e-01, lr: 1.000e-03, Time: 1.50e+02
INFO:src.utils.logger:Model state saved to results\ho\DV\20260301-174503_seed0_ho_DV_b1_layered_e600_w120_4q_2l\checkpoints\2026-03-01_17-45-19-696925_ho_DV_seed\model.pth
INFO:src.utils.logger:Model weights saved to results\ho\DV\20260301-174503_seed0_ho_DV_b1_layered_e600_w120_4q_2l\checkpoints\2026-03-01_17-45-19-696925_ho_DV_seed\model_weights.pth
INFO:src.utils.logger:It: 50, Loss: 3.674e-01, Loss_res: 1.136e-01,  Loss_bcs: 3.162e-03, Loss_ut_ics: 1.573e-03, Loss_norm: 4.315e-04, Loss_gauge: 0.000e+00, w_pde: 4.17e-01, L^2_error: 1.282e-01, lr: 1.000e-03, Time: 1.53e+02
INFO:src.utils.logger:Model state saved to results\ho\DV\20260301-174503_seed0_ho_DV_b1_layered_e600_w120_4q_2l\checkpoints\2026-03-01_17-45-19-696925_ho_DV_seed\model.pth
INFO:src.utils.logger:Model weights saved to results\ho\DV\20260301-174503_seed0_ho_DV_b1_layered_e600_w120_4q_2l\checkpoints\2026-03-01_17-45-19-696925_ho_DV_seed\model_weights.pth
INFO:src.utils.logger:It: 51, Loss: 3.095e-01, Loss_res: 1.031e-01,  Loss_bcs: 2.101e-03, Loss_ut_ics: 1.305e-03, Loss_norm: 5.227e-04, Loss_gauge: 0.000e+00, w_pde: 4.25e-01, L^2_error: 1.219e-01, lr: 1.000e-03, Time: 1.56e+02
INFO:src.utils.logger:Model state saved to results\ho\DV\20260301-174503_seed0_ho_DV_b1_layered_e600_w120_4q_2l\checkpoints\2026-03-01_17-45-19-696925_ho_DV_seed\model.pth
INFO:src.utils.logger:Model weights saved to results\ho\DV\20260301-174503_seed0_ho_DV_b1_layered_e600_w120_4q_2l\checkpoints\2026-03-01_17-45-19-696925_ho_DV_seed\model_weights.pth
INFO:src.utils.logger:It: 52, Loss: 2.592e-01, Loss_res: 9.634e-02,  Loss_bcs: 1.324e-03, Loss_ut_ics: 1.066e-03, Loss_norm: 6.072e-04, Loss_gauge: 0.000e+00, w_pde: 4.33e-01, L^2_error: 1.160e-01, lr: 1.000e-03, Time: 1.59e+02
INFO:src.utils.logger:Model state saved to results\ho\DV\20260301-174503_seed0_ho_DV_b1_layered_e600_w120_4q_2l\checkpoints\2026-03-01_17-45-19-696925_ho_DV_seed\model.pth
INFO:src.utils.logger:Model weights saved to results\ho\DV\20260301-174503_seed0_ho_DV_b1_layered_e600_w120_4q_2l\checkpoints\2026-03-01_17-45-19-696925_ho_DV_seed\model_weights.pth
INFO:src.utils.logger:It: 53, Loss: 2.131e-01, Loss_res: 8.058e-02,  Loss_bcs: 7.797e-04, Loss_ut_ics: 8.668e-04, Loss_norm: 6.686e-04, Loss_gauge: 0.000e+00, w_pde: 4.42e-01, L^2_error: 1.109e-01, lr: 1.000e-03, Time: 1.62e+02
INFO:src.utils.logger:Model state saved to results\ho\DV\20260301-174503_seed0_ho_DV_b1_layered_e600_w120_4q_2l\checkpoints\2026-03-01_17-45-19-696925_ho_DV_seed\model.pth
INFO:src.utils.logger:Model weights saved to results\ho\DV\20260301-174503_seed0_ho_DV_b1_layered_e600_w120_4q_2l\checkpoints\2026-03-01_17-45-19-696925_ho_DV_seed\model_weights.pth
INFO:src.utils.logger:It: 54, Loss: 1.815e-01, Loss_res: 7.738e-02,  Loss_bcs: 5.473e-04, Loss_ut_ics: 7.133e-04, Loss_norm: 6.930e-04, Loss_gauge: 0.000e+00, w_pde: 4.50e-01, L^2_error: 1.064e-01, lr: 1.000e-03, Time: 1.65e+02
INFO:src.utils.logger:Model state saved to results\ho\DV\20260301-174503_seed0_ho_DV_b1_layered_e600_w120_4q_2l\checkpoints\2026-03-01_17-45-19-696925_ho_DV_seed\model.pth
INFO:src.utils.logger:Model weights saved to results\ho\DV\20260301-174503_seed0_ho_DV_b1_layered_e600_w120_4q_2l\checkpoints\2026-03-01_17-45-19-696925_ho_DV_seed\model_weights.pth
INFO:src.utils.logger:It: 55, Loss: 1.585e-01, Loss_res: 7.347e-02,  Loss_bcs: 5.346e-04, Loss_ut_ics: 6.045e-04, Loss_norm: 6.729e-04, Loss_gauge: 0.000e+00, w_pde: 4.58e-01, L^2_error: 1.026e-01, lr: 1.000e-03, Time: 1.67e+02
INFO:src.utils.logger:Model state saved to results\ho\DV\20260301-174503_seed0_ho_DV_b1_layered_e600_w120_4q_2l\checkpoints\2026-03-01_17-45-19-696925_ho_DV_seed\model.pth
INFO:src.utils.logger:Model weights saved to results\ho\DV\20260301-174503_seed0_ho_DV_b1_layered_e600_w120_4q_2l\checkpoints\2026-03-01_17-45-19-696925_ho_DV_seed\model_weights.pth
INFO:src.utils.logger:It: 56, Loss: 1.439e-01, Loss_res: 7.064e-02,  Loss_bcs: 7.342e-04, Loss_ut_ics: 5.355e-04, Loss_norm: 6.096e-04, Loss_gauge: 0.000e+00, w_pde: 4.67e-01, L^2_error: 9.958e-02, lr: 1.000e-03, Time: 1.70e+02
INFO:src.utils.logger:Model state saved to results\ho\DV\20260301-174503_seed0_ho_DV_b1_layered_e600_w120_4q_2l\checkpoints\2026-03-01_17-45-19-696925_ho_DV_seed\model.pth
INFO:src.utils.logger:Model weights saved to results\ho\DV\20260301-174503_seed0_ho_DV_b1_layered_e600_w120_4q_2l\checkpoints\2026-03-01_17-45-19-696925_ho_DV_seed\model_weights.pth
INFO:src.utils.logger:It: 57, Loss: 1.358e-01, Loss_res: 6.772e-02,  Loss_bcs: 1.050e-03, Loss_ut_ics: 4.999e-04, Loss_norm: 5.132e-04, Loss_gauge: 0.000e+00, w_pde: 4.75e-01, L^2_error: 9.737e-02, lr: 1.000e-03, Time: 1.73e+02
INFO:src.utils.logger:Model state saved to results\ho\DV\20260301-174503_seed0_ho_DV_b1_layered_e600_w120_4q_2l\checkpoints\2026-03-01_17-45-19-696925_ho_DV_seed\model.pth
INFO:src.utils.logger:Model weights saved to results\ho\DV\20260301-174503_seed0_ho_DV_b1_layered_e600_w120_4q_2l\checkpoints\2026-03-01_17-45-19-696925_ho_DV_seed\model_weights.pth
INFO:src.utils.logger:It: 58, Loss: 1.335e-01, Loss_res: 6.603e-02,  Loss_bcs: 1.491e-03, Loss_ut_ics: 4.904e-04, Loss_norm: 4.002e-04, Loss_gauge: 0.000e+00, w_pde: 4.83e-01, L^2_error: 9.598e-02, lr: 1.000e-03, Time: 1.76e+02
INFO:src.utils.logger:Model state saved to results\ho\DV\20260301-174503_seed0_ho_DV_b1_layered_e600_w120_4q_2l\checkpoints\2026-03-01_17-45-19-696925_ho_DV_seed\model.pth
INFO:src.utils.logger:Model weights saved to results\ho\DV\20260301-174503_seed0_ho_DV_b1_layered_e600_w120_4q_2l\checkpoints\2026-03-01_17-45-19-696925_ho_DV_seed\model_weights.pth
INFO:src.utils.logger:It: 59, Loss: 1.330e-01, Loss_res: 6.043e-02,  Loss_bcs: 2.004e-03, Loss_ut_ics: 4.994e-04, Loss_norm: 2.888e-04, Loss_gauge: 0.000e+00, w_pde: 4.92e-01, L^2_error: 9.536e-02, lr: 1.000e-03, Time: 1.79e+02
INFO:src.utils.logger:Model state saved to results\ho\DV\20260301-174503_seed0_ho_DV_b1_layered_e600_w120_4q_2l\checkpoints\2026-03-01_17-45-19-696925_ho_DV_seed\model.pth
INFO:src.utils.logger:Model weights saved to results\ho\DV\20260301-174503_seed0_ho_DV_b1_layered_e600_w120_4q_2l\checkpoints\2026-03-01_17-45-19-696925_ho_DV_seed\model_weights.pth
INFO:src.utils.logger:It: 60, Loss: 1.370e-01, Loss_res: 5.927e-02,  Loss_bcs: 2.416e-03, Loss_ut_ics: 5.197e-04, Loss_norm: 1.954e-04, Loss_gauge: 0.000e+00, w_pde: 5.00e-01, L^2_error: 9.540e-02, lr: 1.000e-03, Time: 1.81e+02
INFO:src.utils.logger:Model state saved to results\ho\DV\20260301-174503_seed0_ho_DV_b1_layered_e600_w120_4q_2l\checkpoints\2026-03-01_17-45-19-696925_ho_DV_seed\model.pth
INFO:src.utils.logger:Model weights saved to results\ho\DV\20260301-174503_seed0_ho_DV_b1_layered_e600_w120_4q_2l\checkpoints\2026-03-01_17-45-19-696925_ho_DV_seed\model_weights.pth
INFO:src.utils.logger:It: 61, Loss: 1.462e-01, Loss_res: 6.606e-02,  Loss_bcs: 2.906e-03, Loss_ut_ics: 5.452e-04, Loss_norm: 1.303e-04, Loss_gauge: 0.000e+00, w_pde: 5.08e-01, L^2_error: 9.593e-02, lr: 1.000e-03, Time: 1.84e+02
INFO:src.utils.logger:Model state saved to results\ho\DV\20260301-174503_seed0_ho_DV_b1_layered_e600_w120_4q_2l\checkpoints\2026-03-01_17-45-19-696925_ho_DV_seed\model.pth
INFO:src.utils.logger:Model weights saved to results\ho\DV\20260301-174503_seed0_ho_DV_b1_layered_e600_w120_4q_2l\checkpoints\2026-03-01_17-45-19-696925_ho_DV_seed\model_weights.pth
INFO:src.utils.logger:It: 62, Loss: 1.495e-01, Loss_res: 6.077e-02,  Loss_bcs: 3.376e-03, Loss_ut_ics: 5.712e-04, Loss_norm: 9.646e-05, Loss_gauge: 0.000e+00, w_pde: 5.17e-01, L^2_error: 9.672e-02, lr: 1.000e-03, Time: 1.87e+02
INFO:src.utils.logger:Model state saved to results\ho\DV\20260301-174503_seed0_ho_DV_b1_layered_e600_w120_4q_2l\checkpoints\2026-03-01_17-45-19-696925_ho_DV_seed\model.pth
INFO:src.utils.logger:Model weights saved to results\ho\DV\20260301-174503_seed0_ho_DV_b1_layered_e600_w120_4q_2l\checkpoints\2026-03-01_17-45-19-696925_ho_DV_seed\model_weights.pth
INFO:src.utils.logger:It: 63, Loss: 1.531e-01, Loss_res: 5.744e-02,  Loss_bcs: 3.676e-03, Loss_ut_ics: 5.940e-04, Loss_norm: 8.977e-05, Loss_gauge: 0.000e+00, w_pde: 5.25e-01, L^2_error: 9.753e-02, lr: 1.000e-03, Time: 1.90e+02
INFO:src.utils.logger:Model state saved to results\ho\DV\20260301-174503_seed0_ho_DV_b1_layered_e600_w120_4q_2l\checkpoints\2026-03-01_17-45-19-696925_ho_DV_seed\model.pth
INFO:src.utils.logger:Model weights saved to results\ho\DV\20260301-174503_seed0_ho_DV_b1_layered_e600_w120_4q_2l\checkpoints\2026-03-01_17-45-19-696925_ho_DV_seed\model_weights.pth
INFO:src.utils.logger:It: 64, Loss: 1.590e-01, Loss_res: 6.056e-02,  Loss_bcs: 3.937e-03, Loss_ut_ics: 6.111e-04, Loss_norm: 1.012e-04, Loss_gauge: 0.000e+00, w_pde: 5.33e-01, L^2_error: 9.821e-02, lr: 1.000e-03, Time: 1.94e+02
INFO:src.utils.logger:Model state saved to results\ho\DV\20260301-174503_seed0_ho_DV_b1_layered_e600_w120_4q_2l\checkpoints\2026-03-01_17-45-19-696925_ho_DV_seed\model.pth
INFO:src.utils.logger:Model weights saved to results\ho\DV\20260301-174503_seed0_ho_DV_b1_layered_e600_w120_4q_2l\checkpoints\2026-03-01_17-45-19-696925_ho_DV_seed\model_weights.pth
INFO:src.utils.logger:It: 65, Loss: 1.605e-01, Loss_res: 5.847e-02,  Loss_bcs: 4.106e-03, Loss_ut_ics: 6.204e-04, Loss_norm: 1.199e-04, Loss_gauge: 0.000e+00, w_pde: 5.42e-01, L^2_error: 9.867e-02, lr: 1.000e-03, Time: 1.97e+02
INFO:src.utils.logger:Model state saved to results\ho\DV\20260301-174503_seed0_ho_DV_b1_layered_e600_w120_4q_2l\checkpoints\2026-03-01_17-45-19-696925_ho_DV_seed\model.pth
INFO:src.utils.logger:Model weights saved to results\ho\DV\20260301-174503_seed0_ho_DV_b1_layered_e600_w120_4q_2l\checkpoints\2026-03-01_17-45-19-696925_ho_DV_seed\model_weights.pth
INFO:src.utils.logger:It: 66, Loss: 1.636e-01, Loss_res: 6.249e-02,  Loss_bcs: 4.303e-03, Loss_ut_ics: 6.211e-04, Loss_norm: 1.356e-04, Loss_gauge: 0.000e+00, w_pde: 5.50e-01, L^2_error: 9.890e-02, lr: 1.000e-03, Time: 2.00e+02
INFO:src.utils.logger:Model state saved to results\ho\DV\20260301-174503_seed0_ho_DV_b1_layered_e600_w120_4q_2l\checkpoints\2026-03-01_17-45-19-696925_ho_DV_seed\model.pth
INFO:src.utils.logger:Model weights saved to results\ho\DV\20260301-174503_seed0_ho_DV_b1_layered_e600_w120_4q_2l\checkpoints\2026-03-01_17-45-19-696925_ho_DV_seed\model_weights.pth
INFO:src.utils.logger:It: 67, Loss: 1.609e-01, Loss_res: 5.942e-02,  Loss_bcs: 4.321e-03, Loss_ut_ics: 6.134e-04, Loss_norm: 1.420e-04, Loss_gauge: 0.000e+00, w_pde: 5.58e-01, L^2_error: 9.895e-02, lr: 1.000e-03, Time: 2.02e+02
INFO:src.utils.logger:Model state saved to results\ho\DV\20260301-174503_seed0_ho_DV_b1_layered_e600_w120_4q_2l\checkpoints\2026-03-01_17-45-19-696925_ho_DV_seed\model.pth
INFO:src.utils.logger:Model weights saved to results\ho\DV\20260301-174503_seed0_ho_DV_b1_layered_e600_w120_4q_2l\checkpoints\2026-03-01_17-45-19-696925_ho_DV_seed\model_weights.pth
INFO:src.utils.logger:It: 68, Loss: 1.609e-01, Loss_res: 6.412e-02,  Loss_bcs: 4.216e-03, Loss_ut_ics: 5.981e-04, Loss_norm: 1.371e-04, Loss_gauge: 0.000e+00, w_pde: 5.67e-01, L^2_error: 9.890e-02, lr: 1.000e-03, Time: 2.05e+02
INFO:src.utils.logger:Model state saved to results\ho\DV\20260301-174503_seed0_ho_DV_b1_layered_e600_w120_4q_2l\checkpoints\2026-03-01_17-45-19-696925_ho_DV_seed\model.pth
INFO:src.utils.logger:Model weights saved to results\ho\DV\20260301-174503_seed0_ho_DV_b1_layered_e600_w120_4q_2l\checkpoints\2026-03-01_17-45-19-696925_ho_DV_seed\model_weights.pth
INFO:src.utils.logger:It: 69, Loss: 1.520e-01, Loss_res: 5.552e-02,  Loss_bcs: 4.130e-03, Loss_ut_ics: 5.766e-04, Loss_norm: 1.229e-04, Loss_gauge: 0.000e+00, w_pde: 5.75e-01, L^2_error: 9.881e-02, lr: 1.000e-03, Time: 2.08e+02
INFO:src.utils.logger:Model state saved to results\ho\DV\20260301-174503_seed0_ho_DV_b1_layered_e600_w120_4q_2l\checkpoints\2026-03-01_17-45-19-696925_ho_DV_seed\model.pth
INFO:src.utils.logger:Model weights saved to results\ho\DV\20260301-174503_seed0_ho_DV_b1_layered_e600_w120_4q_2l\checkpoints\2026-03-01_17-45-19-696925_ho_DV_seed\model_weights.pth
INFO:src.utils.logger:It: 70, Loss: 1.471e-01, Loss_res: 5.562e-02,  Loss_bcs: 4.009e-03, Loss_ut_ics: 5.505e-04, Loss_norm: 1.051e-04, Loss_gauge: 0.000e+00, w_pde: 5.83e-01, L^2_error: 9.870e-02, lr: 1.000e-03, Time: 2.11e+02
INFO:src.utils.logger:Model state saved to results\ho\DV\20260301-174503_seed0_ho_DV_b1_layered_e600_w120_4q_2l\checkpoints\2026-03-01_17-45-19-696925_ho_DV_seed\model.pth
INFO:src.utils.logger:Model weights saved to results\ho\DV\20260301-174503_seed0_ho_DV_b1_layered_e600_w120_4q_2l\checkpoints\2026-03-01_17-45-19-696925_ho_DV_seed\model_weights.pth
INFO:src.utils.logger:It: 71, Loss: 1.410e-01, Loss_res: 5.490e-02,  Loss_bcs: 3.795e-03, Loss_ut_ics: 5.214e-04, Loss_norm: 9.036e-05, Loss_gauge: 0.000e+00, w_pde: 5.92e-01, L^2_error: 9.861e-02, lr: 1.000e-03, Time: 2.14e+02
INFO:src.utils.logger:Model state saved to results\ho\DV\20260301-174503_seed0_ho_DV_b1_layered_e600_w120_4q_2l\checkpoints\2026-03-01_17-45-19-696925_ho_DV_seed\model.pth
INFO:src.utils.logger:Model weights saved to results\ho\DV\20260301-174503_seed0_ho_DV_b1_layered_e600_w120_4q_2l\checkpoints\2026-03-01_17-45-19-696925_ho_DV_seed\model_weights.pth
INFO:src.utils.logger:It: 72, Loss: 1.353e-01, Loss_res: 5.521e-02,  Loss_bcs: 3.521e-03, Loss_ut_ics: 4.909e-04, Loss_norm: 8.439e-05, Loss_gauge: 0.000e+00, w_pde: 6.00e-01, L^2_error: 9.851e-02, lr: 1.000e-03, Time: 2.17e+02
INFO:src.utils.logger:Model state saved to results\ho\DV\20260301-174503_seed0_ho_DV_b1_layered_e600_w120_4q_2l\checkpoints\2026-03-01_17-45-19-696925_ho_DV_seed\model.pth
INFO:src.utils.logger:Model weights saved to results\ho\DV\20260301-174503_seed0_ho_DV_b1_layered_e600_w120_4q_2l\checkpoints\2026-03-01_17-45-19-696925_ho_DV_seed\model_weights.pth
INFO:src.utils.logger:It: 73, Loss: 1.279e-01, Loss_res: 5.257e-02,  Loss_bcs: 3.374e-03, Loss_ut_ics: 4.604e-04, Loss_norm: 9.050e-05, Loss_gauge: 0.000e+00, w_pde: 6.08e-01, L^2_error: 9.835e-02, lr: 1.000e-03, Time: 2.19e+02
INFO:src.utils.logger:Model state saved to results\ho\DV\20260301-174503_seed0_ho_DV_b1_layered_e600_w120_4q_2l\checkpoints\2026-03-01_17-45-19-696925_ho_DV_seed\model.pth
INFO:src.utils.logger:Model weights saved to results\ho\DV\20260301-174503_seed0_ho_DV_b1_layered_e600_w120_4q_2l\checkpoints\2026-03-01_17-45-19-696925_ho_DV_seed\model_weights.pth
INFO:src.utils.logger:It: 74, Loss: 1.243e-01, Loss_res: 5.597e-02,  Loss_bcs: 3.043e-03, Loss_ut_ics: 4.311e-04, Loss_norm: 1.090e-04, Loss_gauge: 0.000e+00, w_pde: 6.17e-01, L^2_error: 9.814e-02, lr: 1.000e-03, Time: 2.22e+02
INFO:src.utils.logger:Model state saved to results\ho\DV\20260301-174503_seed0_ho_DV_b1_layered_e600_w120_4q_2l\checkpoints\2026-03-01_17-45-19-696925_ho_DV_seed\model.pth
INFO:src.utils.logger:Model weights saved to results\ho\DV\20260301-174503_seed0_ho_DV_b1_layered_e600_w120_4q_2l\checkpoints\2026-03-01_17-45-19-696925_ho_DV_seed\model_weights.pth
INFO:src.utils.logger:It: 75, Loss: 1.169e-01, Loss_res: 5.224e-02,  Loss_bcs: 2.812e-03, Loss_ut_ics: 4.036e-04, Loss_norm: 1.369e-04, Loss_gauge: 0.000e+00, w_pde: 6.25e-01, L^2_error: 9.783e-02, lr: 1.000e-03, Time: 2.25e+02
INFO:src.utils.logger:Model state saved to results\ho\DV\20260301-174503_seed0_ho_DV_b1_layered_e600_w120_4q_2l\checkpoints\2026-03-01_17-45-19-696925_ho_DV_seed\model.pth
INFO:src.utils.logger:Model weights saved to results\ho\DV\20260301-174503_seed0_ho_DV_b1_layered_e600_w120_4q_2l\checkpoints\2026-03-01_17-45-19-696925_ho_DV_seed\model_weights.pth
INFO:src.utils.logger:It: 76, Loss: 1.108e-01, Loss_res: 4.993e-02,  Loss_bcs: 2.580e-03, Loss_ut_ics: 3.787e-04, Loss_norm: 1.694e-04, Loss_gauge: 0.000e+00, w_pde: 6.33e-01, L^2_error: 9.747e-02, lr: 1.000e-03, Time: 2.28e+02
INFO:src.utils.logger:Model state saved to results\ho\DV\20260301-174503_seed0_ho_DV_b1_layered_e600_w120_4q_2l\checkpoints\2026-03-01_17-45-19-696925_ho_DV_seed\model.pth
INFO:src.utils.logger:Model weights saved to results\ho\DV\20260301-174503_seed0_ho_DV_b1_layered_e600_w120_4q_2l\checkpoints\2026-03-01_17-45-19-696925_ho_DV_seed\model_weights.pth
INFO:src.utils.logger:It: 77, Loss: 1.094e-01, Loss_res: 5.406e-02,  Loss_bcs: 2.336e-03, Loss_ut_ics: 3.566e-04, Loss_norm: 2.007e-04, Loss_gauge: 0.000e+00, w_pde: 6.42e-01, L^2_error: 9.711e-02, lr: 1.000e-03, Time: 2.31e+02
INFO:src.utils.logger:Model state saved to results\ho\DV\20260301-174503_seed0_ho_DV_b1_layered_e600_w120_4q_2l\checkpoints\2026-03-01_17-45-19-696925_ho_DV_seed\model.pth
INFO:src.utils.logger:Model weights saved to results\ho\DV\20260301-174503_seed0_ho_DV_b1_layered_e600_w120_4q_2l\checkpoints\2026-03-01_17-45-19-696925_ho_DV_seed\model_weights.pth
INFO:src.utils.logger:It: 78, Loss: 1.045e-01, Loss_res: 5.193e-02,  Loss_bcs: 2.072e-03, Loss_ut_ics: 3.378e-04, Loss_norm: 2.254e-04, Loss_gauge: 0.000e+00, w_pde: 6.50e-01, L^2_error: 9.678e-02, lr: 1.000e-03, Time: 2.34e+02
INFO:src.utils.logger:Model state saved to results\ho\DV\20260301-174503_seed0_ho_DV_b1_layered_e600_w120_4q_2l\checkpoints\2026-03-01_17-45-19-696925_ho_DV_seed\model.pth
INFO:src.utils.logger:Model weights saved to results\ho\DV\20260301-174503_seed0_ho_DV_b1_layered_e600_w120_4q_2l\checkpoints\2026-03-01_17-45-19-696925_ho_DV_seed\model_weights.pth
INFO:src.utils.logger:It: 79, Loss: 9.937e-02, Loss_res: 4.839e-02,  Loss_bcs: 1.836e-03, Loss_ut_ics: 3.224e-04, Loss_norm: 2.398e-04, Loss_gauge: 0.000e+00, w_pde: 6.58e-01, L^2_error: 9.655e-02, lr: 1.000e-03, Time: 2.37e+02
INFO:src.utils.logger:Model state saved to results\ho\DV\20260301-174503_seed0_ho_DV_b1_layered_e600_w120_4q_2l\checkpoints\2026-03-01_17-45-19-696925_ho_DV_seed\model.pth
INFO:src.utils.logger:Model weights saved to results\ho\DV\20260301-174503_seed0_ho_DV_b1_layered_e600_w120_4q_2l\checkpoints\2026-03-01_17-45-19-696925_ho_DV_seed\model_weights.pth
INFO:src.utils.logger:It: 80, Loss: 9.809e-02, Loss_res: 4.982e-02,  Loss_bcs: 1.608e-03, Loss_ut_ics: 3.103e-04, Loss_norm: 2.429e-04, Loss_gauge: 0.000e+00, w_pde: 6.67e-01, L^2_error: 9.641e-02, lr: 1.000e-03, Time: 2.40e+02
INFO:src.utils.logger:Model state saved to results\ho\DV\20260301-174503_seed0_ho_DV_b1_layered_e600_w120_4q_2l\checkpoints\2026-03-01_17-45-19-696925_ho_DV_seed\model.pth
INFO:src.utils.logger:Model weights saved to results\ho\DV\20260301-174503_seed0_ho_DV_b1_layered_e600_w120_4q_2l\checkpoints\2026-03-01_17-45-19-696925_ho_DV_seed\model_weights.pth
INFO:src.utils.logger:It: 81, Loss: 9.602e-02, Loss_res: 4.916e-02,  Loss_bcs: 1.420e-03, Loss_ut_ics: 3.012e-04, Loss_norm: 2.353e-04, Loss_gauge: 0.000e+00, w_pde: 6.75e-01, L^2_error: 9.637e-02, lr: 1.000e-03, Time: 2.42e+02
INFO:src.utils.logger:Model state saved to results\ho\DV\20260301-174503_seed0_ho_DV_b1_layered_e600_w120_4q_2l\checkpoints\2026-03-01_17-45-19-696925_ho_DV_seed\model.pth
INFO:src.utils.logger:Model weights saved to results\ho\DV\20260301-174503_seed0_ho_DV_b1_layered_e600_w120_4q_2l\checkpoints\2026-03-01_17-45-19-696925_ho_DV_seed\model_weights.pth
INFO:src.utils.logger:It: 82, Loss: 9.712e-02, Loss_res: 5.241e-02,  Loss_bcs: 1.246e-03, Loss_ut_ics: 2.948e-04, Loss_norm: 2.197e-04, Loss_gauge: 0.000e+00, w_pde: 6.83e-01, L^2_error: 9.643e-02, lr: 1.000e-03, Time: 2.45e+02
INFO:src.utils.logger:Model state saved to results\ho\DV\20260301-174503_seed0_ho_DV_b1_layered_e600_w120_4q_2l\checkpoints\2026-03-01_17-45-19-696925_ho_DV_seed\model.pth
INFO:src.utils.logger:Model weights saved to results\ho\DV\20260301-174503_seed0_ho_DV_b1_layered_e600_w120_4q_2l\checkpoints\2026-03-01_17-45-19-696925_ho_DV_seed\model_weights.pth
INFO:src.utils.logger:It: 83, Loss: 9.452e-02, Loss_res: 4.958e-02,  Loss_bcs: 1.116e-03, Loss_ut_ics: 2.906e-04, Loss_norm: 1.993e-04, Loss_gauge: 0.000e+00, w_pde: 6.92e-01, L^2_error: 9.653e-02, lr: 1.000e-03, Time: 2.48e+02
INFO:src.utils.logger:Model state saved to results\ho\DV\20260301-174503_seed0_ho_DV_b1_layered_e600_w120_4q_2l\checkpoints\2026-03-01_17-45-19-696925_ho_DV_seed\model.pth
INFO:src.utils.logger:Model weights saved to results\ho\DV\20260301-174503_seed0_ho_DV_b1_layered_e600_w120_4q_2l\checkpoints\2026-03-01_17-45-19-696925_ho_DV_seed\model_weights.pth
INFO:src.utils.logger:It: 84, Loss: 9.305e-02, Loss_res: 4.801e-02,  Loss_bcs: 9.848e-04, Loss_ut_ics: 2.879e-04, Loss_norm: 1.774e-04, Loss_gauge: 0.000e+00, w_pde: 7.00e-01, L^2_error: 9.662e-02, lr: 1.000e-03, Time: 2.51e+02
INFO:src.utils.logger:Model state saved to results\ho\DV\20260301-174503_seed0_ho_DV_b1_layered_e600_w120_4q_2l\checkpoints\2026-03-01_17-45-19-696925_ho_DV_seed\model.pth
INFO:src.utils.logger:Model weights saved to results\ho\DV\20260301-174503_seed0_ho_DV_b1_layered_e600_w120_4q_2l\checkpoints\2026-03-01_17-45-19-696925_ho_DV_seed\model_weights.pth
INFO:src.utils.logger:It: 85, Loss: 9.165e-02, Loss_res: 4.628e-02,  Loss_bcs: 8.994e-04, Loss_ut_ics: 2.859e-04, Loss_norm: 1.567e-04, Loss_gauge: 0.000e+00, w_pde: 7.08e-01, L^2_error: 9.666e-02, lr: 1.000e-03, Time: 2.54e+02
INFO:src.utils.logger:Model state saved to results\ho\DV\20260301-174503_seed0_ho_DV_b1_layered_e600_w120_4q_2l\checkpoints\2026-03-01_17-45-19-696925_ho_DV_seed\model.pth
INFO:src.utils.logger:Model weights saved to results\ho\DV\20260301-174503_seed0_ho_DV_b1_layered_e600_w120_4q_2l\checkpoints\2026-03-01_17-45-19-696925_ho_DV_seed\model_weights.pth
INFO:src.utils.logger:It: 86, Loss: 9.051e-02, Loss_res: 4.486e-02,  Loss_bcs: 8.272e-04, Loss_ut_ics: 2.842e-04, Loss_norm: 1.389e-04, Loss_gauge: 0.000e+00, w_pde: 7.17e-01, L^2_error: 9.669e-02, lr: 1.000e-03, Time: 2.57e+02
INFO:src.utils.logger:Model state saved to results\ho\DV\20260301-174503_seed0_ho_DV_b1_layered_e600_w120_4q_2l\checkpoints\2026-03-01_17-45-19-696925_ho_DV_seed\model.pth
INFO:src.utils.logger:Model weights saved to results\ho\DV\20260301-174503_seed0_ho_DV_b1_layered_e600_w120_4q_2l\checkpoints\2026-03-01_17-45-19-696925_ho_DV_seed\model_weights.pth
INFO:src.utils.logger:It: 87, Loss: 8.864e-02, Loss_res: 4.254e-02,  Loss_bcs: 7.541e-04, Loss_ut_ics: 2.821e-04, Loss_norm: 1.248e-04, Loss_gauge: 0.000e+00, w_pde: 7.25e-01, L^2_error: 9.671e-02, lr: 1.000e-03, Time: 2.60e+02
INFO:src.utils.logger:Model state saved to results\ho\DV\20260301-174503_seed0_ho_DV_b1_layered_e600_w120_4q_2l\checkpoints\2026-03-01_17-45-19-696925_ho_DV_seed\model.pth
INFO:src.utils.logger:Model weights saved to results\ho\DV\20260301-174503_seed0_ho_DV_b1_layered_e600_w120_4q_2l\checkpoints\2026-03-01_17-45-19-696925_ho_DV_seed\model_weights.pth
INFO:src.utils.logger:It: 88, Loss: 9.332e-02, Loss_res: 4.931e-02,  Loss_bcs: 7.124e-04, Loss_ut_ics: 2.794e-04, Loss_norm: 1.143e-04, Loss_gauge: 0.000e+00, w_pde: 7.33e-01, L^2_error: 9.676e-02, lr: 1.000e-03, Time: 2.62e+02
INFO:src.utils.logger:Model state saved to results\ho\DV\20260301-174503_seed0_ho_DV_b1_layered_e600_w120_4q_2l\checkpoints\2026-03-01_17-45-19-696925_ho_DV_seed\model.pth
INFO:src.utils.logger:Model weights saved to results\ho\DV\20260301-174503_seed0_ho_DV_b1_layered_e600_w120_4q_2l\checkpoints\2026-03-01_17-45-19-696925_ho_DV_seed\model_weights.pth
INFO:src.utils.logger:It: 89, Loss: 8.962e-02, Loss_res: 4.483e-02,  Loss_bcs: 6.867e-04, Loss_ut_ics: 2.758e-04, Loss_norm: 1.070e-04, Loss_gauge: 0.000e+00, w_pde: 7.42e-01, L^2_error: 9.687e-02, lr: 1.000e-03, Time: 2.65e+02
INFO:src.utils.logger:Model state saved to results\ho\DV\20260301-174503_seed0_ho_DV_b1_layered_e600_w120_4q_2l\checkpoints\2026-03-01_17-45-19-696925_ho_DV_seed\model.pth
INFO:src.utils.logger:Model weights saved to results\ho\DV\20260301-174503_seed0_ho_DV_b1_layered_e600_w120_4q_2l\checkpoints\2026-03-01_17-45-19-696925_ho_DV_seed\model_weights.pth
INFO:src.utils.logger:It: 90, Loss: 9.253e-02, Loss_res: 4.944e-02,  Loss_bcs: 6.900e-04, Loss_ut_ics: 2.713e-04, Loss_norm: 1.022e-04, Loss_gauge: 0.000e+00, w_pde: 7.50e-01, L^2_error: 9.702e-02, lr: 1.000e-03, Time: 2.68e+02
INFO:src.utils.logger:Model state saved to results\ho\DV\20260301-174503_seed0_ho_DV_b1_layered_e600_w120_4q_2l\checkpoints\2026-03-01_17-45-19-696925_ho_DV_seed\model.pth
INFO:src.utils.logger:Model weights saved to results\ho\DV\20260301-174503_seed0_ho_DV_b1_layered_e600_w120_4q_2l\checkpoints\2026-03-01_17-45-19-696925_ho_DV_seed\model_weights.pth
INFO:src.utils.logger:It: 91, Loss: 8.945e-02, Loss_res: 4.626e-02,  Loss_bcs: 6.745e-04, Loss_ut_ics: 2.660e-04, Loss_norm: 9.956e-05, Loss_gauge: 0.000e+00, w_pde: 7.58e-01, L^2_error: 9.722e-02, lr: 1.000e-03, Time: 2.71e+02
INFO:src.utils.logger:Model state saved to results\ho\DV\20260301-174503_seed0_ho_DV_b1_layered_e600_w120_4q_2l\checkpoints\2026-03-01_17-45-19-696925_ho_DV_seed\model.pth
INFO:src.utils.logger:Model weights saved to results\ho\DV\20260301-174503_seed0_ho_DV_b1_layered_e600_w120_4q_2l\checkpoints\2026-03-01_17-45-19-696925_ho_DV_seed\model_weights.pth
INFO:src.utils.logger:It: 92, Loss: 8.696e-02, Loss_res: 4.402e-02,  Loss_bcs: 6.875e-04, Loss_ut_ics: 2.602e-04, Loss_norm: 9.847e-05, Loss_gauge: 0.000e+00, w_pde: 7.67e-01, L^2_error: 9.741e-02, lr: 1.000e-03, Time: 2.74e+02
INFO:src.utils.logger:Model state saved to results\ho\DV\20260301-174503_seed0_ho_DV_b1_layered_e600_w120_4q_2l\checkpoints\2026-03-01_17-45-19-696925_ho_DV_seed\model.pth
INFO:src.utils.logger:Model weights saved to results\ho\DV\20260301-174503_seed0_ho_DV_b1_layered_e600_w120_4q_2l\checkpoints\2026-03-01_17-45-19-696925_ho_DV_seed\model_weights.pth
INFO:src.utils.logger:It: 93, Loss: 8.856e-02, Loss_res: 4.716e-02,  Loss_bcs: 7.112e-04, Loss_ut_ics: 2.540e-04, Loss_norm: 9.857e-05, Loss_gauge: 0.000e+00, w_pde: 7.75e-01, L^2_error: 9.756e-02, lr: 1.000e-03, Time: 2.77e+02
INFO:src.utils.logger:Model state saved to results\ho\DV\20260301-174503_seed0_ho_DV_b1_layered_e600_w120_4q_2l\checkpoints\2026-03-01_17-45-19-696925_ho_DV_seed\model.pth
INFO:src.utils.logger:Model weights saved to results\ho\DV\20260301-174503_seed0_ho_DV_b1_layered_e600_w120_4q_2l\checkpoints\2026-03-01_17-45-19-696925_ho_DV_seed\model_weights.pth
INFO:src.utils.logger:It: 94, Loss: 8.565e-02, Loss_res: 4.448e-02,  Loss_bcs: 7.367e-04, Loss_ut_ics: 2.479e-04, Loss_norm: 9.920e-05, Loss_gauge: 0.000e+00, w_pde: 7.83e-01, L^2_error: 9.767e-02, lr: 1.000e-03, Time: 2.80e+02
INFO:src.utils.logger:Model state saved to results\ho\DV\20260301-174503_seed0_ho_DV_b1_layered_e600_w120_4q_2l\checkpoints\2026-03-01_17-45-19-696925_ho_DV_seed\model.pth
INFO:src.utils.logger:Model weights saved to results\ho\DV\20260301-174503_seed0_ho_DV_b1_layered_e600_w120_4q_2l\checkpoints\2026-03-01_17-45-19-696925_ho_DV_seed\model_weights.pth
INFO:src.utils.logger:It: 95, Loss: 8.544e-02, Loss_res: 4.522e-02,  Loss_bcs: 7.683e-04, Loss_ut_ics: 2.419e-04, Loss_norm: 9.994e-05, Loss_gauge: 0.000e+00, w_pde: 7.92e-01, L^2_error: 9.772e-02, lr: 1.000e-03, Time: 2.83e+02
INFO:src.utils.logger:Model state saved to results\ho\DV\20260301-174503_seed0_ho_DV_b1_layered_e600_w120_4q_2l\checkpoints\2026-03-01_17-45-19-696925_ho_DV_seed\model.pth
INFO:src.utils.logger:Model weights saved to results\ho\DV\20260301-174503_seed0_ho_DV_b1_layered_e600_w120_4q_2l\checkpoints\2026-03-01_17-45-19-696925_ho_DV_seed\model_weights.pth
INFO:src.utils.logger:It: 96, Loss: 8.396e-02, Loss_res: 4.429e-02,  Loss_bcs: 8.024e-04, Loss_ut_ics: 2.361e-04, Loss_norm: 1.001e-04, Loss_gauge: 0.000e+00, w_pde: 8.00e-01, L^2_error: 9.773e-02, lr: 1.000e-03, Time: 2.85e+02
INFO:src.utils.logger:Model state saved to results\ho\DV\20260301-174503_seed0_ho_DV_b1_layered_e600_w120_4q_2l\checkpoints\2026-03-01_17-45-19-696925_ho_DV_seed\model.pth
INFO:src.utils.logger:Model weights saved to results\ho\DV\20260301-174503_seed0_ho_DV_b1_layered_e600_w120_4q_2l\checkpoints\2026-03-01_17-45-19-696925_ho_DV_seed\model_weights.pth
INFO:src.utils.logger:It: 97, Loss: 8.460e-02, Loss_res: 4.588e-02,  Loss_bcs: 8.571e-04, Loss_ut_ics: 2.308e-04, Loss_norm: 9.913e-05, Loss_gauge: 0.000e+00, w_pde: 8.08e-01, L^2_error: 9.770e-02, lr: 1.000e-03, Time: 2.88e+02
INFO:src.utils.logger:Model state saved to results\ho\DV\20260301-174503_seed0_ho_DV_b1_layered_e600_w120_4q_2l\checkpoints\2026-03-01_17-45-19-696925_ho_DV_seed\model.pth
INFO:src.utils.logger:Model weights saved to results\ho\DV\20260301-174503_seed0_ho_DV_b1_layered_e600_w120_4q_2l\checkpoints\2026-03-01_17-45-19-696925_ho_DV_seed\model_weights.pth
INFO:src.utils.logger:It: 98, Loss: 8.361e-02, Loss_res: 4.538e-02,  Loss_bcs: 8.901e-04, Loss_ut_ics: 2.259e-04, Loss_norm: 9.651e-05, Loss_gauge: 0.000e+00, w_pde: 8.17e-01, L^2_error: 9.767e-02, lr: 1.000e-03, Time: 2.91e+02
INFO:src.utils.logger:Model state saved to results\ho\DV\20260301-174503_seed0_ho_DV_b1_layered_e600_w120_4q_2l\checkpoints\2026-03-01_17-45-19-696925_ho_DV_seed\model.pth
INFO:src.utils.logger:Model weights saved to results\ho\DV\20260301-174503_seed0_ho_DV_b1_layered_e600_w120_4q_2l\checkpoints\2026-03-01_17-45-19-696925_ho_DV_seed\model_weights.pth
INFO:src.utils.logger:It: 99, Loss: 8.310e-02, Loss_res: 4.535e-02,  Loss_bcs: 9.435e-04, Loss_ut_ics: 2.214e-04, Loss_norm: 9.225e-05, Loss_gauge: 0.000e+00, w_pde: 8.25e-01, L^2_error: 9.766e-02, lr: 1.000e-03, Time: 2.94e+02
INFO:src.utils.logger:Model state saved to results\ho\DV\20260301-174503_seed0_ho_DV_b1_layered_e600_w120_4q_2l\checkpoints\2026-03-01_17-45-19-696925_ho_DV_seed\model.pth
INFO:src.utils.logger:Model weights saved to results\ho\DV\20260301-174503_seed0_ho_DV_b1_layered_e600_w120_4q_2l\checkpoints\2026-03-01_17-45-19-696925_ho_DV_seed\model_weights.pth
INFO:src.utils.logger:It: 100, Loss: 8.108e-02, Loss_res: 4.338e-02,  Loss_bcs: 1.006e-03, Loss_ut_ics: 2.174e-04, Loss_norm: 8.676e-05, Loss_gauge: 0.000e+00, w_pde: 8.33e-01, L^2_error: 9.767e-02, lr: 1.000e-03, Time: 2.97e+02
INFO:src.utils.logger:Model state saved to results\ho\DV\20260301-174503_seed0_ho_DV_b1_layered_e600_w120_4q_2l\checkpoints\2026-03-01_17-45-19-696925_ho_DV_seed\model.pth
INFO:src.utils.logger:Model weights saved to results\ho\DV\20260301-174503_seed0_ho_DV_b1_layered_e600_w120_4q_2l\checkpoints\2026-03-01_17-45-19-696925_ho_DV_seed\model_weights.pth
INFO:src.utils.logger:It: 101, Loss: 8.181e-02, Loss_res: 4.466e-02,  Loss_bcs: 1.041e-03, Loss_ut_ics: 2.139e-04, Loss_norm: 8.045e-05, Loss_gauge: 0.000e+00, w_pde: 8.42e-01, L^2_error: 9.769e-02, lr: 1.000e-03, Time: 3.00e+02
INFO:src.utils.logger:Model state saved to results\ho\DV\20260301-174503_seed0_ho_DV_b1_layered_e600_w120_4q_2l\checkpoints\2026-03-01_17-45-19-696925_ho_DV_seed\model.pth
INFO:src.utils.logger:Model weights saved to results\ho\DV\20260301-174503_seed0_ho_DV_b1_layered_e600_w120_4q_2l\checkpoints\2026-03-01_17-45-19-696925_ho_DV_seed\model_weights.pth
INFO:src.utils.logger:It: 102, Loss: 8.100e-02, Loss_res: 4.399e-02,  Loss_bcs: 1.096e-03, Loss_ut_ics: 2.107e-04, Loss_norm: 7.411e-05, Loss_gauge: 0.000e+00, w_pde: 8.50e-01, L^2_error: 9.768e-02, lr: 1.000e-03, Time: 3.02e+02
INFO:src.utils.logger:Model state saved to results\ho\DV\20260301-174503_seed0_ho_DV_b1_layered_e600_w120_4q_2l\checkpoints\2026-03-01_17-45-19-696925_ho_DV_seed\model.pth
INFO:src.utils.logger:Model weights saved to results\ho\DV\20260301-174503_seed0_ho_DV_b1_layered_e600_w120_4q_2l\checkpoints\2026-03-01_17-45-19-696925_ho_DV_seed\model_weights.pth
INFO:src.utils.logger:It: 103, Loss: 7.876e-02, Loss_res: 4.160e-02,  Loss_bcs: 1.133e-03, Loss_ut_ics: 2.079e-04, Loss_norm: 6.836e-05, Loss_gauge: 0.000e+00, w_pde: 8.58e-01, L^2_error: 9.762e-02, lr: 1.000e-03, Time: 3.05e+02
INFO:src.utils.logger:Model state saved to results\ho\DV\20260301-174503_seed0_ho_DV_b1_layered_e600_w120_4q_2l\checkpoints\2026-03-01_17-45-19-696925_ho_DV_seed\model.pth
INFO:src.utils.logger:Model weights saved to results\ho\DV\20260301-174503_seed0_ho_DV_b1_layered_e600_w120_4q_2l\checkpoints\2026-03-01_17-45-19-696925_ho_DV_seed\model_weights.pth
INFO:src.utils.logger:It: 104, Loss: 8.210e-02, Loss_res: 4.563e-02,  Loss_bcs: 1.177e-03, Loss_ut_ics: 2.053e-04, Loss_norm: 6.361e-05, Loss_gauge: 0.000e+00, w_pde: 8.67e-01, L^2_error: 9.752e-02, lr: 1.000e-03, Time: 3.08e+02
INFO:src.utils.logger:Model state saved to results\ho\DV\20260301-174503_seed0_ho_DV_b1_layered_e600_w120_4q_2l\checkpoints\2026-03-01_17-45-19-696925_ho_DV_seed\model.pth
INFO:src.utils.logger:Model weights saved to results\ho\DV\20260301-174503_seed0_ho_DV_b1_layered_e600_w120_4q_2l\checkpoints\2026-03-01_17-45-19-696925_ho_DV_seed\model_weights.pth
INFO:src.utils.logger:It: 105, Loss: 7.833e-02, Loss_res: 4.141e-02,  Loss_bcs: 1.217e-03, Loss_ut_ics: 2.029e-04, Loss_norm: 5.995e-05, Loss_gauge: 0.000e+00, w_pde: 8.75e-01, L^2_error: 9.742e-02, lr: 1.000e-03, Time: 3.11e+02
INFO:src.utils.logger:Model state saved to results\ho\DV\20260301-174503_seed0_ho_DV_b1_layered_e600_w120_4q_2l\checkpoints\2026-03-01_17-45-19-696925_ho_DV_seed\model.pth
INFO:src.utils.logger:Model weights saved to results\ho\DV\20260301-174503_seed0_ho_DV_b1_layered_e600_w120_4q_2l\checkpoints\2026-03-01_17-45-19-696925_ho_DV_seed\model_weights.pth
INFO:src.utils.logger:It: 106, Loss: 7.950e-02, Loss_res: 4.282e-02,  Loss_bcs: 1.251e-03, Loss_ut_ics: 2.007e-04, Loss_norm: 5.738e-05, Loss_gauge: 0.000e+00, w_pde: 8.83e-01, L^2_error: 9.733e-02, lr: 1.000e-03, Time: 3.14e+02
INFO:src.utils.logger:Model state saved to results\ho\DV\20260301-174503_seed0_ho_DV_b1_layered_e600_w120_4q_2l\checkpoints\2026-03-01_17-45-19-696925_ho_DV_seed\model.pth
INFO:src.utils.logger:Model weights saved to results\ho\DV\20260301-174503_seed0_ho_DV_b1_layered_e600_w120_4q_2l\checkpoints\2026-03-01_17-45-19-696925_ho_DV_seed\model_weights.pth
INFO:src.utils.logger:It: 107, Loss: 7.675e-02, Loss_res: 3.980e-02,  Loss_bcs: 1.284e-03, Loss_ut_ics: 1.985e-04, Loss_norm: 5.565e-05, Loss_gauge: 0.000e+00, w_pde: 8.92e-01, L^2_error: 9.729e-02, lr: 1.000e-03, Time: 3.17e+02
INFO:src.utils.logger:Model state saved to results\ho\DV\20260301-174503_seed0_ho_DV_b1_layered_e600_w120_4q_2l\checkpoints\2026-03-01_17-45-19-696925_ho_DV_seed\model.pth
INFO:src.utils.logger:Model weights saved to results\ho\DV\20260301-174503_seed0_ho_DV_b1_layered_e600_w120_4q_2l\checkpoints\2026-03-01_17-45-19-696925_ho_DV_seed\model_weights.pth
INFO:src.utils.logger:It: 108, Loss: 8.102e-02, Loss_res: 4.463e-02,  Loss_bcs: 1.306e-03, Loss_ut_ics: 1.964e-04, Loss_norm: 5.447e-05, Loss_gauge: 0.000e+00, w_pde: 9.00e-01, L^2_error: 9.731e-02, lr: 1.000e-03, Time: 3.20e+02
INFO:src.utils.logger:Model state saved to results\ho\DV\20260301-174503_seed0_ho_DV_b1_layered_e600_w120_4q_2l\checkpoints\2026-03-01_17-45-19-696925_ho_DV_seed\model.pth
INFO:src.utils.logger:Model weights saved to results\ho\DV\20260301-174503_seed0_ho_DV_b1_layered_e600_w120_4q_2l\checkpoints\2026-03-01_17-45-19-696925_ho_DV_seed\model_weights.pth
INFO:src.utils.logger:It: 109, Loss: 8.204e-02, Loss_res: 4.580e-02,  Loss_bcs: 1.326e-03, Loss_ut_ics: 1.942e-04, Loss_norm: 5.351e-05, Loss_gauge: 0.000e+00, w_pde: 9.08e-01, L^2_error: 9.737e-02, lr: 1.000e-03, Time: 3.23e+02
INFO:src.utils.logger:Model state saved to results\ho\DV\20260301-174503_seed0_ho_DV_b1_layered_e600_w120_4q_2l\checkpoints\2026-03-01_17-45-19-696925_ho_DV_seed\model.pth
INFO:src.utils.logger:Model weights saved to results\ho\DV\20260301-174503_seed0_ho_DV_b1_layered_e600_w120_4q_2l\checkpoints\2026-03-01_17-45-19-696925_ho_DV_seed\model_weights.pth
INFO:src.utils.logger:It: 110, Loss: 8.063e-02, Loss_res: 4.431e-02,  Loss_bcs: 1.345e-03, Loss_ut_ics: 1.920e-04, Loss_norm: 5.256e-05, Loss_gauge: 0.000e+00, w_pde: 9.17e-01, L^2_error: 9.743e-02, lr: 1.000e-03, Time: 3.26e+02
INFO:src.utils.logger:Model state saved to results\ho\DV\20260301-174503_seed0_ho_DV_b1_layered_e600_w120_4q_2l\checkpoints\2026-03-01_17-45-19-696925_ho_DV_seed\model.pth
INFO:src.utils.logger:Model weights saved to results\ho\DV\20260301-174503_seed0_ho_DV_b1_layered_e600_w120_4q_2l\checkpoints\2026-03-01_17-45-19-696925_ho_DV_seed\model_weights.pth
INFO:src.utils.logger:It: 111, Loss: 7.777e-02, Loss_res: 4.132e-02,  Loss_bcs: 1.351e-03, Loss_ut_ics: 1.897e-04, Loss_norm: 5.155e-05, Loss_gauge: 0.000e+00, w_pde: 9.25e-01, L^2_error: 9.748e-02, lr: 1.000e-03, Time: 3.28e+02
INFO:src.utils.logger:Model state saved to results\ho\DV\20260301-174503_seed0_ho_DV_b1_layered_e600_w120_4q_2l\checkpoints\2026-03-01_17-45-19-696925_ho_DV_seed\model.pth
INFO:src.utils.logger:Model weights saved to results\ho\DV\20260301-174503_seed0_ho_DV_b1_layered_e600_w120_4q_2l\checkpoints\2026-03-01_17-45-19-696925_ho_DV_seed\model_weights.pth
INFO:src.utils.logger:It: 112, Loss: 7.962e-02, Loss_res: 4.345e-02,  Loss_bcs: 1.353e-03, Loss_ut_ics: 1.873e-04, Loss_norm: 5.055e-05, Loss_gauge: 0.000e+00, w_pde: 9.33e-01, L^2_error: 9.750e-02, lr: 1.000e-03, Time: 3.31e+02
INFO:src.utils.logger:Model state saved to results\ho\DV\20260301-174503_seed0_ho_DV_b1_layered_e600_w120_4q_2l\checkpoints\2026-03-01_17-45-19-696925_ho_DV_seed\model.pth
INFO:src.utils.logger:Model weights saved to results\ho\DV\20260301-174503_seed0_ho_DV_b1_layered_e600_w120_4q_2l\checkpoints\2026-03-01_17-45-19-696925_ho_DV_seed\model_weights.pth
INFO:src.utils.logger:It: 113, Loss: 7.789e-02, Loss_res: 4.173e-02,  Loss_bcs: 1.362e-03, Loss_ut_ics: 1.849e-04, Loss_norm: 4.968e-05, Loss_gauge: 0.000e+00, w_pde: 9.42e-01, L^2_error: 9.752e-02, lr: 1.000e-03, Time: 3.34e+02
INFO:src.utils.logger:Model state saved to results\ho\DV\20260301-174503_seed0_ho_DV_b1_layered_e600_w120_4q_2l\checkpoints\2026-03-01_17-45-19-696925_ho_DV_seed\model.pth
INFO:src.utils.logger:Model weights saved to results\ho\DV\20260301-174503_seed0_ho_DV_b1_layered_e600_w120_4q_2l\checkpoints\2026-03-01_17-45-19-696925_ho_DV_seed\model_weights.pth
INFO:src.utils.logger:It: 114, Loss: 7.708e-02, Loss_res: 4.104e-02,  Loss_bcs: 1.358e-03, Loss_ut_ics: 1.825e-04, Loss_norm: 4.907e-05, Loss_gauge: 0.000e+00, w_pde: 9.50e-01, L^2_error: 9.752e-02, lr: 1.000e-03, Time: 3.37e+02
INFO:src.utils.logger:Model state saved to results\ho\DV\20260301-174503_seed0_ho_DV_b1_layered_e600_w120_4q_2l\checkpoints\2026-03-01_17-45-19-696925_ho_DV_seed\model.pth
INFO:src.utils.logger:Model weights saved to results\ho\DV\20260301-174503_seed0_ho_DV_b1_layered_e600_w120_4q_2l\checkpoints\2026-03-01_17-45-19-696925_ho_DV_seed\model_weights.pth
INFO:src.utils.logger:It: 115, Loss: 8.063e-02, Loss_res: 4.489e-02,  Loss_bcs: 1.354e-03, Loss_ut_ics: 1.801e-04, Loss_norm: 4.881e-05, Loss_gauge: 0.000e+00, w_pde: 9.58e-01, L^2_error: 9.755e-02, lr: 1.000e-03, Time: 3.40e+02
INFO:src.utils.logger:Model state saved to results\ho\DV\20260301-174503_seed0_ho_DV_b1_layered_e600_w120_4q_2l\checkpoints\2026-03-01_17-45-19-696925_ho_DV_seed\model.pth
INFO:src.utils.logger:Model weights saved to results\ho\DV\20260301-174503_seed0_ho_DV_b1_layered_e600_w120_4q_2l\checkpoints\2026-03-01_17-45-19-696925_ho_DV_seed\model_weights.pth
INFO:src.utils.logger:It: 116, Loss: 7.715e-02, Loss_res: 4.139e-02,  Loss_bcs: 1.345e-03, Loss_ut_ics: 1.777e-04, Loss_norm: 4.886e-05, Loss_gauge: 0.000e+00, w_pde: 9.67e-01, L^2_error: 9.761e-02, lr: 1.000e-03, Time: 3.43e+02
INFO:src.utils.logger:Model state saved to results\ho\DV\20260301-174503_seed0_ho_DV_b1_layered_e600_w120_4q_2l\checkpoints\2026-03-01_17-45-19-696925_ho_DV_seed\model.pth
INFO:src.utils.logger:Model weights saved to results\ho\DV\20260301-174503_seed0_ho_DV_b1_layered_e600_w120_4q_2l\checkpoints\2026-03-01_17-45-19-696925_ho_DV_seed\model_weights.pth
INFO:src.utils.logger:It: 117, Loss: 7.743e-02, Loss_res: 4.179e-02,  Loss_bcs: 1.330e-03, Loss_ut_ics: 1.755e-04, Loss_norm: 4.912e-05, Loss_gauge: 0.000e+00, w_pde: 9.75e-01, L^2_error: 9.769e-02, lr: 1.000e-03, Time: 3.46e+02
INFO:src.utils.logger:Model state saved to results\ho\DV\20260301-174503_seed0_ho_DV_b1_layered_e600_w120_4q_2l\checkpoints\2026-03-01_17-45-19-696925_ho_DV_seed\model.pth
INFO:src.utils.logger:Model weights saved to results\ho\DV\20260301-174503_seed0_ho_DV_b1_layered_e600_w120_4q_2l\checkpoints\2026-03-01_17-45-19-696925_ho_DV_seed\model_weights.pth
INFO:src.utils.logger:It: 118, Loss: 8.053e-02, Loss_res: 4.501e-02,  Loss_bcs: 1.319e-03, Loss_ut_ics: 1.735e-04, Loss_norm: 4.948e-05, Loss_gauge: 0.000e+00, w_pde: 9.83e-01, L^2_error: 9.780e-02, lr: 1.000e-03, Time: 3.49e+02
INFO:src.utils.logger:Model state saved to results\ho\DV\20260301-174503_seed0_ho_DV_b1_layered_e600_w120_4q_2l\checkpoints\2026-03-01_17-45-19-696925_ho_DV_seed\model.pth
INFO:src.utils.logger:Model weights saved to results\ho\DV\20260301-174503_seed0_ho_DV_b1_layered_e600_w120_4q_2l\checkpoints\2026-03-01_17-45-19-696925_ho_DV_seed\model_weights.pth
INFO:src.utils.logger:It: 119, Loss: 7.853e-02, Loss_res: 4.302e-02,  Loss_bcs: 1.302e-03, Loss_ut_ics: 1.716e-04, Loss_norm: 4.974e-05, Loss_gauge: 0.000e+00, w_pde: 9.92e-01, L^2_error: 9.788e-02, lr: 1.000e-03, Time: 3.51e+02
INFO:src.utils.logger:Model state saved to results\ho\DV\20260301-174503_seed0_ho_DV_b1_layered_e600_w120_4q_2l\checkpoints\2026-03-01_17-45-19-696925_ho_DV_seed\model.pth
INFO:src.utils.logger:Model weights saved to results\ho\DV\20260301-174503_seed0_ho_DV_b1_layered_e600_w120_4q_2l\checkpoints\2026-03-01_17-45-19-696925_ho_DV_seed\model_weights.pth
INFO:src.utils.logger:It: 120, Loss: 8.009e-02, Loss_res: 4.460e-02,  Loss_bcs: 1.285e-03, Loss_ut_ics: 1.698e-04, Loss_norm: 4.981e-05, Loss_gauge: 0.000e+00, w_pde: 1.00e+00, L^2_error: 9.793e-02, lr: 1.000e-03, Time: 3.55e+02
INFO:src.utils.logger:Model state saved to results\ho\DV\20260301-174503_seed0_ho_DV_b1_layered_e600_w120_4q_2l\checkpoints\2026-03-01_17-45-19-696925_ho_DV_seed\model.pth
INFO:src.utils.logger:Model weights saved to results\ho\DV\20260301-174503_seed0_ho_DV_b1_layered_e600_w120_4q_2l\checkpoints\2026-03-01_17-45-19-696925_ho_DV_seed\model_weights.pth
INFO:src.utils.logger:It: 121, Loss: 7.730e-02, Loss_res: 4.216e-02,  Loss_bcs: 1.267e-03, Loss_ut_ics: 1.681e-04, Loss_norm: 4.959e-05, Loss_gauge: 0.000e+00, w_pde: 1.00e+00, L^2_error: 9.793e-02, lr: 1.000e-03, Time: 3.60e+02
INFO:src.utils.logger:Model state saved to results\ho\DV\20260301-174503_seed0_ho_DV_b1_layered_e600_w120_4q_2l\checkpoints\2026-03-01_17-45-19-696925_ho_DV_seed\model.pth
INFO:src.utils.logger:Model weights saved to results\ho\DV\20260301-174503_seed0_ho_DV_b1_layered_e600_w120_4q_2l\checkpoints\2026-03-01_17-45-19-696925_ho_DV_seed\model_weights.pth
INFO:src.utils.logger:It: 122, Loss: 7.566e-02, Loss_res: 4.087e-02,  Loss_bcs: 1.247e-03, Loss_ut_ics: 1.665e-04, Loss_norm: 4.912e-05, Loss_gauge: 0.000e+00, w_pde: 1.00e+00, L^2_error: 9.789e-02, lr: 1.000e-03, Time: 3.64e+02
INFO:src.utils.logger:Model state saved to results\ho\DV\20260301-174503_seed0_ho_DV_b1_layered_e600_w120_4q_2l\checkpoints\2026-03-01_17-45-19-696925_ho_DV_seed\model.pth
INFO:src.utils.logger:Model weights saved to results\ho\DV\20260301-174503_seed0_ho_DV_b1_layered_e600_w120_4q_2l\checkpoints\2026-03-01_17-45-19-696925_ho_DV_seed\model_weights.pth
INFO:src.utils.logger:It: 123, Loss: 7.664e-02, Loss_res: 4.217e-02,  Loss_bcs: 1.230e-03, Loss_ut_ics: 1.650e-04, Loss_norm: 4.840e-05, Loss_gauge: 0.000e+00, w_pde: 1.00e+00, L^2_error: 9.784e-02, lr: 1.000e-03, Time: 3.68e+02
INFO:src.utils.logger:Model state saved to results\ho\DV\20260301-174503_seed0_ho_DV_b1_layered_e600_w120_4q_2l\checkpoints\2026-03-01_17-45-19-696925_ho_DV_seed\model.pth
INFO:src.utils.logger:Model weights saved to results\ho\DV\20260301-174503_seed0_ho_DV_b1_layered_e600_w120_4q_2l\checkpoints\2026-03-01_17-45-19-696925_ho_DV_seed\model_weights.pth
INFO:src.utils.logger:It: 124, Loss: 7.713e-02, Loss_res: 4.297e-02,  Loss_bcs: 1.213e-03, Loss_ut_ics: 1.635e-04, Loss_norm: 4.753e-05, Loss_gauge: 0.000e+00, w_pde: 1.00e+00, L^2_error: 9.781e-02, lr: 1.000e-03, Time: 3.71e+02
INFO:src.utils.logger:Model state saved to results\ho\DV\20260301-174503_seed0_ho_DV_b1_layered_e600_w120_4q_2l\checkpoints\2026-03-01_17-45-19-696925_ho_DV_seed\model.pth
INFO:src.utils.logger:Model weights saved to results\ho\DV\20260301-174503_seed0_ho_DV_b1_layered_e600_w120_4q_2l\checkpoints\2026-03-01_17-45-19-696925_ho_DV_seed\model_weights.pth
INFO:src.utils.logger:It: 125, Loss: 7.391e-02, Loss_res: 4.004e-02,  Loss_bcs: 1.199e-03, Loss_ut_ics: 1.622e-04, Loss_norm: 4.657e-05, Loss_gauge: 0.000e+00, w_pde: 1.00e+00, L^2_error: 9.780e-02, lr: 1.000e-03, Time: 3.74e+02
INFO:src.utils.logger:Model state saved to results\ho\DV\20260301-174503_seed0_ho_DV_b1_layered_e600_w120_4q_2l\checkpoints\2026-03-01_17-45-19-696925_ho_DV_seed\model.pth
INFO:src.utils.logger:Model weights saved to results\ho\DV\20260301-174503_seed0_ho_DV_b1_layered_e600_w120_4q_2l\checkpoints\2026-03-01_17-45-19-696925_ho_DV_seed\model_weights.pth
INFO:src.utils.logger:It: 126, Loss: 7.586e-02, Loss_res: 4.226e-02,  Loss_bcs: 1.187e-03, Loss_ut_ics: 1.609e-04, Loss_norm: 4.553e-05, Loss_gauge: 0.000e+00, w_pde: 1.00e+00, L^2_error: 9.782e-02, lr: 1.000e-03, Time: 3.77e+02
INFO:src.utils.logger:Model state saved to results\ho\DV\20260301-174503_seed0_ho_DV_b1_layered_e600_w120_4q_2l\checkpoints\2026-03-01_17-45-19-696925_ho_DV_seed\model.pth
INFO:src.utils.logger:Model weights saved to results\ho\DV\20260301-174503_seed0_ho_DV_b1_layered_e600_w120_4q_2l\checkpoints\2026-03-01_17-45-19-696925_ho_DV_seed\model_weights.pth
INFO:src.utils.logger:It: 127, Loss: 7.403e-02, Loss_res: 4.069e-02,  Loss_bcs: 1.174e-03, Loss_ut_ics: 1.597e-04, Loss_norm: 4.454e-05, Loss_gauge: 0.000e+00, w_pde: 1.00e+00, L^2_error: 9.786e-02, lr: 1.000e-03, Time: 3.81e+02
INFO:src.utils.logger:Model state saved to results\ho\DV\20260301-174503_seed0_ho_DV_b1_layered_e600_w120_4q_2l\checkpoints\2026-03-01_17-45-19-696925_ho_DV_seed\model.pth
INFO:src.utils.logger:Model weights saved to results\ho\DV\20260301-174503_seed0_ho_DV_b1_layered_e600_w120_4q_2l\checkpoints\2026-03-01_17-45-19-696925_ho_DV_seed\model_weights.pth
INFO:src.utils.logger:It: 128, Loss: 7.291e-02, Loss_res: 3.982e-02,  Loss_bcs: 1.168e-03, Loss_ut_ics: 1.586e-04, Loss_norm: 4.363e-05, Loss_gauge: 0.000e+00, w_pde: 1.00e+00, L^2_error: 9.788e-02, lr: 1.000e-03, Time: 3.84e+02
INFO:src.utils.logger:Model state saved to results\ho\DV\20260301-174503_seed0_ho_DV_b1_layered_e600_w120_4q_2l\checkpoints\2026-03-01_17-45-19-696925_ho_DV_seed\model.pth
INFO:src.utils.logger:Model weights saved to results\ho\DV\20260301-174503_seed0_ho_DV_b1_layered_e600_w120_4q_2l\checkpoints\2026-03-01_17-45-19-696925_ho_DV_seed\model_weights.pth
INFO:src.utils.logger:It: 129, Loss: 7.752e-02, Loss_res: 4.467e-02,  Loss_bcs: 1.161e-03, Loss_ut_ics: 1.574e-04, Loss_norm: 4.288e-05, Loss_gauge: 0.000e+00, w_pde: 1.00e+00, L^2_error: 9.790e-02, lr: 1.000e-03, Time: 3.87e+02
INFO:src.utils.logger:Model state saved to results\ho\DV\20260301-174503_seed0_ho_DV_b1_layered_e600_w120_4q_2l\checkpoints\2026-03-01_17-45-19-696925_ho_DV_seed\model.pth
INFO:src.utils.logger:Model weights saved to results\ho\DV\20260301-174503_seed0_ho_DV_b1_layered_e600_w120_4q_2l\checkpoints\2026-03-01_17-45-19-696925_ho_DV_seed\model_weights.pth
INFO:src.utils.logger:It: 130, Loss: 7.590e-02, Loss_res: 4.329e-02,  Loss_bcs: 1.159e-03, Loss_ut_ics: 1.562e-04, Loss_norm: 4.221e-05, Loss_gauge: 0.000e+00, w_pde: 1.00e+00, L^2_error: 9.791e-02, lr: 1.000e-03, Time: 3.90e+02
INFO:src.utils.logger:Model state saved to results\ho\DV\20260301-174503_seed0_ho_DV_b1_layered_e600_w120_4q_2l\checkpoints\2026-03-01_17-45-19-696925_ho_DV_seed\model.pth
INFO:src.utils.logger:Model weights saved to results\ho\DV\20260301-174503_seed0_ho_DV_b1_layered_e600_w120_4q_2l\checkpoints\2026-03-01_17-45-19-696925_ho_DV_seed\model_weights.pth
INFO:src.utils.logger:It: 131, Loss: 7.553e-02, Loss_res: 4.316e-02,  Loss_bcs: 1.158e-03, Loss_ut_ics: 1.551e-04, Loss_norm: 4.156e-05, Loss_gauge: 0.000e+00, w_pde: 1.00e+00, L^2_error: 9.796e-02, lr: 1.000e-03, Time: 3.93e+02
INFO:src.utils.logger:Model state saved to results\ho\DV\20260301-174503_seed0_ho_DV_b1_layered_e600_w120_4q_2l\checkpoints\2026-03-01_17-45-19-696925_ho_DV_seed\model.pth
INFO:src.utils.logger:Model weights saved to results\ho\DV\20260301-174503_seed0_ho_DV_b1_layered_e600_w120_4q_2l\checkpoints\2026-03-01_17-45-19-696925_ho_DV_seed\model_weights.pth
INFO:src.utils.logger:It: 132, Loss: 7.763e-02, Loss_res: 4.548e-02,  Loss_bcs: 1.160e-03, Loss_ut_ics: 1.539e-04, Loss_norm: 4.100e-05, Loss_gauge: 0.000e+00, w_pde: 1.00e+00, L^2_error: 9.801e-02, lr: 1.000e-03, Time: 3.96e+02
INFO:src.utils.logger:Model state saved to results\ho\DV\20260301-174503_seed0_ho_DV_b1_layered_e600_w120_4q_2l\checkpoints\2026-03-01_17-45-19-696925_ho_DV_seed\model.pth
INFO:src.utils.logger:Model weights saved to results\ho\DV\20260301-174503_seed0_ho_DV_b1_layered_e600_w120_4q_2l\checkpoints\2026-03-01_17-45-19-696925_ho_DV_seed\model_weights.pth
INFO:src.utils.logger:It: 133, Loss: 7.674e-02, Loss_res: 4.481e-02,  Loss_bcs: 1.161e-03, Loss_ut_ics: 1.528e-04, Loss_norm: 4.041e-05, Loss_gauge: 0.000e+00, w_pde: 1.00e+00, L^2_error: 9.803e-02, lr: 1.000e-03, Time: 4.00e+02
INFO:src.utils.logger:Model state saved to results\ho\DV\20260301-174503_seed0_ho_DV_b1_layered_e600_w120_4q_2l\checkpoints\2026-03-01_17-45-19-696925_ho_DV_seed\model.pth
INFO:src.utils.logger:Model weights saved to results\ho\DV\20260301-174503_seed0_ho_DV_b1_layered_e600_w120_4q_2l\checkpoints\2026-03-01_17-45-19-696925_ho_DV_seed\model_weights.pth
INFO:src.utils.logger:It: 134, Loss: 7.367e-02, Loss_res: 4.197e-02,  Loss_bcs: 1.169e-03, Loss_ut_ics: 1.517e-04, Loss_norm: 3.979e-05, Loss_gauge: 0.000e+00, w_pde: 1.00e+00, L^2_error: 9.804e-02, lr: 1.000e-03, Time: 4.03e+02
INFO:src.utils.logger:Model state saved to results\ho\DV\20260301-174503_seed0_ho_DV_b1_layered_e600_w120_4q_2l\checkpoints\2026-03-01_17-45-19-696925_ho_DV_seed\model.pth
INFO:src.utils.logger:Model weights saved to results\ho\DV\20260301-174503_seed0_ho_DV_b1_layered_e600_w120_4q_2l\checkpoints\2026-03-01_17-45-19-696925_ho_DV_seed\model_weights.pth
INFO:src.utils.logger:It: 135, Loss: 7.508e-02, Loss_res: 4.359e-02,  Loss_bcs: 1.175e-03, Loss_ut_ics: 1.506e-04, Loss_norm: 3.921e-05, Loss_gauge: 0.000e+00, w_pde: 1.00e+00, L^2_error: 9.805e-02, lr: 1.000e-03, Time: 4.07e+02
INFO:src.utils.logger:Model state saved to results\ho\DV\20260301-174503_seed0_ho_DV_b1_layered_e600_w120_4q_2l\checkpoints\2026-03-01_17-45-19-696925_ho_DV_seed\model.pth
INFO:src.utils.logger:Model weights saved to results\ho\DV\20260301-174503_seed0_ho_DV_b1_layered_e600_w120_4q_2l\checkpoints\2026-03-01_17-45-19-696925_ho_DV_seed\model_weights.pth
INFO:src.utils.logger:It: 136, Loss: 7.388e-02, Loss_res: 4.260e-02,  Loss_bcs: 1.182e-03, Loss_ut_ics: 1.495e-04, Loss_norm: 3.855e-05, Loss_gauge: 0.000e+00, w_pde: 1.00e+00, L^2_error: 9.809e-02, lr: 1.000e-03, Time: 4.10e+02
INFO:src.utils.logger:Model state saved to results\ho\DV\20260301-174503_seed0_ho_DV_b1_layered_e600_w120_4q_2l\checkpoints\2026-03-01_17-45-19-696925_ho_DV_seed\model.pth
INFO:src.utils.logger:Model weights saved to results\ho\DV\20260301-174503_seed0_ho_DV_b1_layered_e600_w120_4q_2l\checkpoints\2026-03-01_17-45-19-696925_ho_DV_seed\model_weights.pth
INFO:src.utils.logger:It: 137, Loss: 7.179e-02, Loss_res: 4.070e-02,  Loss_bcs: 1.191e-03, Loss_ut_ics: 1.485e-04, Loss_norm: 3.770e-05, Loss_gauge: 0.000e+00, w_pde: 1.00e+00, L^2_error: 9.813e-02, lr: 1.000e-03, Time: 4.13e+02
INFO:src.utils.logger:Model state saved to results\ho\DV\20260301-174503_seed0_ho_DV_b1_layered_e600_w120_4q_2l\checkpoints\2026-03-01_17-45-19-696925_ho_DV_seed\model.pth
INFO:src.utils.logger:Model weights saved to results\ho\DV\20260301-174503_seed0_ho_DV_b1_layered_e600_w120_4q_2l\checkpoints\2026-03-01_17-45-19-696925_ho_DV_seed\model_weights.pth
INFO:src.utils.logger:It: 138, Loss: 7.228e-02, Loss_res: 4.137e-02,  Loss_bcs: 1.203e-03, Loss_ut_ics: 1.476e-04, Loss_norm: 3.673e-05, Loss_gauge: 0.000e+00, w_pde: 1.00e+00, L^2_error: 9.817e-02, lr: 1.000e-03, Time: 4.16e+02
INFO:src.utils.logger:Model state saved to results\ho\DV\20260301-174503_seed0_ho_DV_b1_layered_e600_w120_4q_2l\checkpoints\2026-03-01_17-45-19-696925_ho_DV_seed\model.pth
INFO:src.utils.logger:Model weights saved to results\ho\DV\20260301-174503_seed0_ho_DV_b1_layered_e600_w120_4q_2l\checkpoints\2026-03-01_17-45-19-696925_ho_DV_seed\model_weights.pth
INFO:src.utils.logger:It: 139, Loss: 7.377e-02, Loss_res: 4.304e-02,  Loss_bcs: 1.210e-03, Loss_ut_ics: 1.467e-04, Loss_norm: 3.569e-05, Loss_gauge: 0.000e+00, w_pde: 1.00e+00, L^2_error: 9.821e-02, lr: 1.000e-03, Time: 4.19e+02
INFO:src.utils.logger:Model state saved to results\ho\DV\20260301-174503_seed0_ho_DV_b1_layered_e600_w120_4q_2l\checkpoints\2026-03-01_17-45-19-696925_ho_DV_seed\model.pth
INFO:src.utils.logger:Model weights saved to results\ho\DV\20260301-174503_seed0_ho_DV_b1_layered_e600_w120_4q_2l\checkpoints\2026-03-01_17-45-19-696925_ho_DV_seed\model_weights.pth
INFO:src.utils.logger:It: 140, Loss: 7.324e-02, Loss_res: 4.268e-02,  Loss_bcs: 1.214e-03, Loss_ut_ics: 1.458e-04, Loss_norm: 3.461e-05, Loss_gauge: 0.000e+00, w_pde: 1.00e+00, L^2_error: 9.821e-02, lr: 1.000e-03, Time: 4.22e+02
INFO:src.utils.logger:Model state saved to results\ho\DV\20260301-174503_seed0_ho_DV_b1_layered_e600_w120_4q_2l\checkpoints\2026-03-01_17-45-19-696925_ho_DV_seed\model.pth
INFO:src.utils.logger:Model weights saved to results\ho\DV\20260301-174503_seed0_ho_DV_b1_layered_e600_w120_4q_2l\checkpoints\2026-03-01_17-45-19-696925_ho_DV_seed\model_weights.pth
INFO:src.utils.logger:It: 141, Loss: 7.505e-02, Loss_res: 4.467e-02,  Loss_bcs: 1.220e-03, Loss_ut_ics: 1.450e-04, Loss_norm: 3.348e-05, Loss_gauge: 0.000e+00, w_pde: 1.00e+00, L^2_error: 9.820e-02, lr: 1.000e-03, Time: 4.25e+02
INFO:src.utils.logger:Model state saved to results\ho\DV\20260301-174503_seed0_ho_DV_b1_layered_e600_w120_4q_2l\checkpoints\2026-03-01_17-45-19-696925_ho_DV_seed\model.pth
INFO:src.utils.logger:Model weights saved to results\ho\DV\20260301-174503_seed0_ho_DV_b1_layered_e600_w120_4q_2l\checkpoints\2026-03-01_17-45-19-696925_ho_DV_seed\model_weights.pth
INFO:src.utils.logger:It: 142, Loss: 7.108e-02, Loss_res: 4.085e-02,  Loss_bcs: 1.229e-03, Loss_ut_ics: 1.442e-04, Loss_norm: 3.228e-05, Loss_gauge: 0.000e+00, w_pde: 1.00e+00, L^2_error: 9.817e-02, lr: 1.000e-03, Time: 4.28e+02
INFO:src.utils.logger:Model state saved to results\ho\DV\20260301-174503_seed0_ho_DV_b1_layered_e600_w120_4q_2l\checkpoints\2026-03-01_17-45-19-696925_ho_DV_seed\model.pth
INFO:src.utils.logger:Model weights saved to results\ho\DV\20260301-174503_seed0_ho_DV_b1_layered_e600_w120_4q_2l\checkpoints\2026-03-01_17-45-19-696925_ho_DV_seed\model_weights.pth
INFO:src.utils.logger:It: 143, Loss: 7.308e-02, Loss_res: 4.303e-02,  Loss_bcs: 1.229e-03, Loss_ut_ics: 1.434e-04, Loss_norm: 3.116e-05, Loss_gauge: 0.000e+00, w_pde: 1.00e+00, L^2_error: 9.816e-02, lr: 1.000e-03, Time: 4.31e+02
INFO:src.utils.logger:Model state saved to results\ho\DV\20260301-174503_seed0_ho_DV_b1_layered_e600_w120_4q_2l\checkpoints\2026-03-01_17-45-19-696925_ho_DV_seed\model.pth
INFO:src.utils.logger:Model weights saved to results\ho\DV\20260301-174503_seed0_ho_DV_b1_layered_e600_w120_4q_2l\checkpoints\2026-03-01_17-45-19-696925_ho_DV_seed\model_weights.pth
INFO:src.utils.logger:It: 144, Loss: 7.435e-02, Loss_res: 4.445e-02,  Loss_bcs: 1.232e-03, Loss_ut_ics: 1.426e-04, Loss_norm: 3.017e-05, Loss_gauge: 0.000e+00, w_pde: 1.00e+00, L^2_error: 9.818e-02, lr: 1.000e-03, Time: 4.34e+02
INFO:src.utils.logger:Model state saved to results\ho\DV\20260301-174503_seed0_ho_DV_b1_layered_e600_w120_4q_2l\checkpoints\2026-03-01_17-45-19-696925_ho_DV_seed\model.pth
INFO:src.utils.logger:Model weights saved to results\ho\DV\20260301-174503_seed0_ho_DV_b1_layered_e600_w120_4q_2l\checkpoints\2026-03-01_17-45-19-696925_ho_DV_seed\model_weights.pth
INFO:src.utils.logger:It: 145, Loss: 7.398e-02, Loss_res: 4.423e-02,  Loss_bcs: 1.235e-03, Loss_ut_ics: 1.418e-04, Loss_norm: 2.922e-05, Loss_gauge: 0.000e+00, w_pde: 1.00e+00, L^2_error: 9.820e-02, lr: 1.000e-03, Time: 4.37e+02
INFO:src.utils.logger:Model state saved to results\ho\DV\20260301-174503_seed0_ho_DV_b1_layered_e600_w120_4q_2l\checkpoints\2026-03-01_17-45-19-696925_ho_DV_seed\model.pth
INFO:src.utils.logger:Model weights saved to results\ho\DV\20260301-174503_seed0_ho_DV_b1_layered_e600_w120_4q_2l\checkpoints\2026-03-01_17-45-19-696925_ho_DV_seed\model_weights.pth
INFO:src.utils.logger:It: 146, Loss: 6.987e-02, Loss_res: 4.026e-02,  Loss_bcs: 1.240e-03, Loss_ut_ics: 1.411e-04, Loss_norm: 2.838e-05, Loss_gauge: 0.000e+00, w_pde: 1.00e+00, L^2_error: 9.821e-02, lr: 1.000e-03, Time: 4.40e+02
INFO:src.utils.logger:Model state saved to results\ho\DV\20260301-174503_seed0_ho_DV_b1_layered_e600_w120_4q_2l\checkpoints\2026-03-01_17-45-19-696925_ho_DV_seed\model.pth
INFO:src.utils.logger:Model weights saved to results\ho\DV\20260301-174503_seed0_ho_DV_b1_layered_e600_w120_4q_2l\checkpoints\2026-03-01_17-45-19-696925_ho_DV_seed\model_weights.pth
INFO:src.utils.logger:It: 147, Loss: 7.237e-02, Loss_res: 4.291e-02,  Loss_bcs: 1.243e-03, Loss_ut_ics: 1.404e-04, Loss_norm: 2.766e-05, Loss_gauge: 0.000e+00, w_pde: 1.00e+00, L^2_error: 9.823e-02, lr: 1.000e-03, Time: 4.43e+02
INFO:src.utils.logger:Model state saved to results\ho\DV\20260301-174503_seed0_ho_DV_b1_layered_e600_w120_4q_2l\checkpoints\2026-03-01_17-45-19-696925_ho_DV_seed\model.pth
INFO:src.utils.logger:Model weights saved to results\ho\DV\20260301-174503_seed0_ho_DV_b1_layered_e600_w120_4q_2l\checkpoints\2026-03-01_17-45-19-696925_ho_DV_seed\model_weights.pth
INFO:src.utils.logger:It: 148, Loss: 7.239e-02, Loss_res: 4.308e-02,  Loss_bcs: 1.238e-03, Loss_ut_ics: 1.397e-04, Loss_norm: 2.700e-05, Loss_gauge: 0.000e+00, w_pde: 1.00e+00, L^2_error: 9.825e-02, lr: 1.000e-03, Time: 4.46e+02
INFO:src.utils.logger:Model state saved to results\ho\DV\20260301-174503_seed0_ho_DV_b1_layered_e600_w120_4q_2l\checkpoints\2026-03-01_17-45-19-696925_ho_DV_seed\model.pth
INFO:src.utils.logger:Model weights saved to results\ho\DV\20260301-174503_seed0_ho_DV_b1_layered_e600_w120_4q_2l\checkpoints\2026-03-01_17-45-19-696925_ho_DV_seed\model_weights.pth
INFO:src.utils.logger:It: 149, Loss: 7.125e-02, Loss_res: 4.208e-02,  Loss_bcs: 1.240e-03, Loss_ut_ics: 1.390e-04, Loss_norm: 2.648e-05, Loss_gauge: 0.000e+00, w_pde: 1.00e+00, L^2_error: 9.826e-02, lr: 1.000e-03, Time: 4.48e+02
INFO:src.utils.logger:Model state saved to results\ho\DV\20260301-174503_seed0_ho_DV_b1_layered_e600_w120_4q_2l\checkpoints\2026-03-01_17-45-19-696925_ho_DV_seed\model.pth
INFO:src.utils.logger:Model weights saved to results\ho\DV\20260301-174503_seed0_ho_DV_b1_layered_e600_w120_4q_2l\checkpoints\2026-03-01_17-45-19-696925_ho_DV_seed\model_weights.pth
INFO:src.utils.logger:It: 150, Loss: 7.220e-02, Loss_res: 4.317e-02,  Loss_bcs: 1.239e-03, Loss_ut_ics: 1.383e-04, Loss_norm: 2.598e-05, Loss_gauge: 0.000e+00, w_pde: 1.00e+00, L^2_error: 9.826e-02, lr: 1.000e-03, Time: 4.51e+02
INFO:src.utils.logger:Model state saved to results\ho\DV\20260301-174503_seed0_ho_DV_b1_layered_e600_w120_4q_2l\checkpoints\2026-03-01_17-45-19-696925_ho_DV_seed\model.pth
INFO:src.utils.logger:Model weights saved to results\ho\DV\20260301-174503_seed0_ho_DV_b1_layered_e600_w120_4q_2l\checkpoints\2026-03-01_17-45-19-696925_ho_DV_seed\model_weights.pth
INFO:src.utils.logger:It: 151, Loss: 6.920e-02, Loss_res: 4.032e-02,  Loss_bcs: 1.234e-03, Loss_ut_ics: 1.376e-04, Loss_norm: 2.549e-05, Loss_gauge: 0.000e+00, w_pde: 1.00e+00, L^2_error: 9.826e-02, lr: 1.000e-03, Time: 4.54e+02
INFO:src.utils.logger:Model state saved to results\ho\DV\20260301-174503_seed0_ho_DV_b1_layered_e600_w120_4q_2l\checkpoints\2026-03-01_17-45-19-696925_ho_DV_seed\model.pth
INFO:src.utils.logger:Model weights saved to results\ho\DV\20260301-174503_seed0_ho_DV_b1_layered_e600_w120_4q_2l\checkpoints\2026-03-01_17-45-19-696925_ho_DV_seed\model_weights.pth
INFO:src.utils.logger:It: 152, Loss: 6.929e-02, Loss_res: 4.054e-02,  Loss_bcs: 1.234e-03, Loss_ut_ics: 1.369e-04, Loss_norm: 2.505e-05, Loss_gauge: 0.000e+00, w_pde: 1.00e+00, L^2_error: 9.828e-02, lr: 1.000e-03, Time: 4.57e+02
INFO:src.utils.logger:Model state saved to results\ho\DV\20260301-174503_seed0_ho_DV_b1_layered_e600_w120_4q_2l\checkpoints\2026-03-01_17-45-19-696925_ho_DV_seed\model.pth
INFO:src.utils.logger:Model weights saved to results\ho\DV\20260301-174503_seed0_ho_DV_b1_layered_e600_w120_4q_2l\checkpoints\2026-03-01_17-45-19-696925_ho_DV_seed\model_weights.pth
INFO:src.utils.logger:It: 153, Loss: 7.036e-02, Loss_res: 4.175e-02,  Loss_bcs: 1.234e-03, Loss_ut_ics: 1.363e-04, Loss_norm: 2.464e-05, Loss_gauge: 0.000e+00, w_pde: 1.00e+00, L^2_error: 9.829e-02, lr: 1.000e-03, Time: 4.60e+02
INFO:src.utils.logger:Model state saved to results\ho\DV\20260301-174503_seed0_ho_DV_b1_layered_e600_w120_4q_2l\checkpoints\2026-03-01_17-45-19-696925_ho_DV_seed\model.pth
INFO:src.utils.logger:Model weights saved to results\ho\DV\20260301-174503_seed0_ho_DV_b1_layered_e600_w120_4q_2l\checkpoints\2026-03-01_17-45-19-696925_ho_DV_seed\model_weights.pth
INFO:src.utils.logger:It: 154, Loss: 6.885e-02, Loss_res: 4.038e-02,  Loss_bcs: 1.231e-03, Loss_ut_ics: 1.356e-04, Loss_norm: 2.423e-05, Loss_gauge: 0.000e+00, w_pde: 1.00e+00, L^2_error: 9.831e-02, lr: 1.000e-03, Time: 4.63e+02
INFO:src.utils.logger:Model state saved to results\ho\DV\20260301-174503_seed0_ho_DV_b1_layered_e600_w120_4q_2l\checkpoints\2026-03-01_17-45-19-696925_ho_DV_seed\model.pth
INFO:src.utils.logger:Model weights saved to results\ho\DV\20260301-174503_seed0_ho_DV_b1_layered_e600_w120_4q_2l\checkpoints\2026-03-01_17-45-19-696925_ho_DV_seed\model_weights.pth
INFO:src.utils.logger:It: 155, Loss: 6.765e-02, Loss_res: 3.932e-02,  Loss_bcs: 1.224e-03, Loss_ut_ics: 1.350e-04, Loss_norm: 2.382e-05, Loss_gauge: 0.000e+00, w_pde: 1.00e+00, L^2_error: 9.832e-02, lr: 1.000e-03, Time: 4.66e+02
INFO:src.utils.logger:Model state saved to results\ho\DV\20260301-174503_seed0_ho_DV_b1_layered_e600_w120_4q_2l\checkpoints\2026-03-01_17-45-19-696925_ho_DV_seed\model.pth
INFO:src.utils.logger:Model weights saved to results\ho\DV\20260301-174503_seed0_ho_DV_b1_layered_e600_w120_4q_2l\checkpoints\2026-03-01_17-45-19-696925_ho_DV_seed\model_weights.pth
INFO:src.utils.logger:It: 156, Loss: 7.106e-02, Loss_res: 4.286e-02,  Loss_bcs: 1.219e-03, Loss_ut_ics: 1.343e-04, Loss_norm: 2.341e-05, Loss_gauge: 0.000e+00, w_pde: 1.00e+00, L^2_error: 9.834e-02, lr: 1.000e-03, Time: 4.69e+02
INFO:src.utils.logger:Model state saved to results\ho\DV\20260301-174503_seed0_ho_DV_b1_layered_e600_w120_4q_2l\checkpoints\2026-03-01_17-45-19-696925_ho_DV_seed\model.pth
INFO:src.utils.logger:Model weights saved to results\ho\DV\20260301-174503_seed0_ho_DV_b1_layered_e600_w120_4q_2l\checkpoints\2026-03-01_17-45-19-696925_ho_DV_seed\model_weights.pth
INFO:src.utils.logger:It: 157, Loss: 6.899e-02, Loss_res: 4.091e-02,  Loss_bcs: 1.215e-03, Loss_ut_ics: 1.337e-04, Loss_norm: 2.299e-05, Loss_gauge: 0.000e+00, w_pde: 1.00e+00, L^2_error: 9.836e-02, lr: 1.000e-03, Time: 4.72e+02
INFO:src.utils.logger:Model state saved to results\ho\DV\20260301-174503_seed0_ho_DV_b1_layered_e600_w120_4q_2l\checkpoints\2026-03-01_17-45-19-696925_ho_DV_seed\model.pth
INFO:src.utils.logger:Model weights saved to results\ho\DV\20260301-174503_seed0_ho_DV_b1_layered_e600_w120_4q_2l\checkpoints\2026-03-01_17-45-19-696925_ho_DV_seed\model_weights.pth
INFO:src.utils.logger:It: 158, Loss: 6.945e-02, Loss_res: 4.151e-02,  Loss_bcs: 1.209e-03, Loss_ut_ics: 1.331e-04, Loss_norm: 2.264e-05, Loss_gauge: 0.000e+00, w_pde: 1.00e+00, L^2_error: 9.835e-02, lr: 1.000e-03, Time: 4.75e+02
INFO:src.utils.logger:Model state saved to results\ho\DV\20260301-174503_seed0_ho_DV_b1_layered_e600_w120_4q_2l\checkpoints\2026-03-01_17-45-19-696925_ho_DV_seed\model.pth
INFO:src.utils.logger:Model weights saved to results\ho\DV\20260301-174503_seed0_ho_DV_b1_layered_e600_w120_4q_2l\checkpoints\2026-03-01_17-45-19-696925_ho_DV_seed\model_weights.pth
INFO:src.utils.logger:It: 159, Loss: 7.125e-02, Loss_res: 4.345e-02,  Loss_bcs: 1.203e-03, Loss_ut_ics: 1.325e-04, Loss_norm: 2.232e-05, Loss_gauge: 0.000e+00, w_pde: 1.00e+00, L^2_error: 9.834e-02, lr: 1.000e-03, Time: 4.78e+02
INFO:src.utils.logger:Model state saved to results\ho\DV\20260301-174503_seed0_ho_DV_b1_layered_e600_w120_4q_2l\checkpoints\2026-03-01_17-45-19-696925_ho_DV_seed\model.pth
INFO:src.utils.logger:Model weights saved to results\ho\DV\20260301-174503_seed0_ho_DV_b1_layered_e600_w120_4q_2l\checkpoints\2026-03-01_17-45-19-696925_ho_DV_seed\model_weights.pth
INFO:src.utils.logger:It: 160, Loss: 6.968e-02, Loss_res: 4.200e-02,  Loss_bcs: 1.207e-03, Loss_ut_ics: 1.318e-04, Loss_norm: 2.200e-05, Loss_gauge: 0.000e+00, w_pde: 1.00e+00, L^2_error: 9.834e-02, lr: 1.000e-03, Time: 4.80e+02
INFO:src.utils.logger:Model state saved to results\ho\DV\20260301-174503_seed0_ho_DV_b1_layered_e600_w120_4q_2l\checkpoints\2026-03-01_17-45-19-696925_ho_DV_seed\model.pth
INFO:src.utils.logger:Model weights saved to results\ho\DV\20260301-174503_seed0_ho_DV_b1_layered_e600_w120_4q_2l\checkpoints\2026-03-01_17-45-19-696925_ho_DV_seed\model_weights.pth
INFO:src.utils.logger:It: 161, Loss: 6.988e-02, Loss_res: 4.232e-02,  Loss_bcs: 1.198e-03, Loss_ut_ics: 1.312e-04, Loss_norm: 2.165e-05, Loss_gauge: 0.000e+00, w_pde: 1.00e+00, L^2_error: 9.835e-02, lr: 1.000e-03, Time: 4.83e+02
INFO:src.utils.logger:Model state saved to results\ho\DV\20260301-174503_seed0_ho_DV_b1_layered_e600_w120_4q_2l\checkpoints\2026-03-01_17-45-19-696925_ho_DV_seed\model.pth
INFO:src.utils.logger:Model weights saved to results\ho\DV\20260301-174503_seed0_ho_DV_b1_layered_e600_w120_4q_2l\checkpoints\2026-03-01_17-45-19-696925_ho_DV_seed\model_weights.pth
INFO:src.utils.logger:It: 162, Loss: 6.557e-02, Loss_res: 3.813e-02,  Loss_bcs: 1.193e-03, Loss_ut_ics: 1.307e-04, Loss_norm: 2.131e-05, Loss_gauge: 0.000e+00, w_pde: 1.00e+00, L^2_error: 9.837e-02, lr: 1.000e-03, Time: 4.86e+02
INFO:src.utils.logger:Model state saved to results\ho\DV\20260301-174503_seed0_ho_DV_b1_layered_e600_w120_4q_2l\checkpoints\2026-03-01_17-45-19-696925_ho_DV_seed\model.pth
INFO:src.utils.logger:Model weights saved to results\ho\DV\20260301-174503_seed0_ho_DV_b1_layered_e600_w120_4q_2l\checkpoints\2026-03-01_17-45-19-696925_ho_DV_seed\model_weights.pth
INFO:src.utils.logger:It: 163, Loss: 7.007e-02, Loss_res: 4.276e-02,  Loss_bcs: 1.187e-03, Loss_ut_ics: 1.301e-04, Loss_norm: 2.096e-05, Loss_gauge: 0.000e+00, w_pde: 1.00e+00, L^2_error: 9.841e-02, lr: 1.000e-03, Time: 4.89e+02
INFO:src.utils.logger:Model state saved to results\ho\DV\20260301-174503_seed0_ho_DV_b1_layered_e600_w120_4q_2l\checkpoints\2026-03-01_17-45-19-696925_ho_DV_seed\model.pth
INFO:src.utils.logger:Model weights saved to results\ho\DV\20260301-174503_seed0_ho_DV_b1_layered_e600_w120_4q_2l\checkpoints\2026-03-01_17-45-19-696925_ho_DV_seed\model_weights.pth
INFO:src.utils.logger:It: 164, Loss: 6.995e-02, Loss_res: 4.275e-02,  Loss_bcs: 1.183e-03, Loss_ut_ics: 1.295e-04, Loss_norm: 2.059e-05, Loss_gauge: 0.000e+00, w_pde: 1.00e+00, L^2_error: 9.843e-02, lr: 1.000e-03, Time: 4.92e+02
INFO:src.utils.logger:Model state saved to results\ho\DV\20260301-174503_seed0_ho_DV_b1_layered_e600_w120_4q_2l\checkpoints\2026-03-01_17-45-19-696925_ho_DV_seed\model.pth
INFO:src.utils.logger:Model weights saved to results\ho\DV\20260301-174503_seed0_ho_DV_b1_layered_e600_w120_4q_2l\checkpoints\2026-03-01_17-45-19-696925_ho_DV_seed\model_weights.pth
INFO:src.utils.logger:It: 165, Loss: 7.068e-02, Loss_res: 4.360e-02,  Loss_bcs: 1.180e-03, Loss_ut_ics: 1.290e-04, Loss_norm: 2.024e-05, Loss_gauge: 0.000e+00, w_pde: 1.00e+00, L^2_error: 9.843e-02, lr: 1.000e-03, Time: 4.95e+02
INFO:src.utils.logger:Model state saved to results\ho\DV\20260301-174503_seed0_ho_DV_b1_layered_e600_w120_4q_2l\checkpoints\2026-03-01_17-45-19-696925_ho_DV_seed\model.pth
INFO:src.utils.logger:Model weights saved to results\ho\DV\20260301-174503_seed0_ho_DV_b1_layered_e600_w120_4q_2l\checkpoints\2026-03-01_17-45-19-696925_ho_DV_seed\model_weights.pth
INFO:src.utils.logger:It: 166, Loss: 6.871e-02, Loss_res: 4.175e-02,  Loss_bcs: 1.176e-03, Loss_ut_ics: 1.284e-04, Loss_norm: 1.990e-05, Loss_gauge: 0.000e+00, w_pde: 1.00e+00, L^2_error: 9.841e-02, lr: 1.000e-03, Time: 4.98e+02
INFO:src.utils.logger:Model state saved to results\ho\DV\20260301-174503_seed0_ho_DV_b1_layered_e600_w120_4q_2l\checkpoints\2026-03-01_17-45-19-696925_ho_DV_seed\model.pth
INFO:src.utils.logger:Model weights saved to results\ho\DV\20260301-174503_seed0_ho_DV_b1_layered_e600_w120_4q_2l\checkpoints\2026-03-01_17-45-19-696925_ho_DV_seed\model_weights.pth
INFO:src.utils.logger:It: 167, Loss: 6.956e-02, Loss_res: 4.271e-02,  Loss_bcs: 1.176e-03, Loss_ut_ics: 1.279e-04, Loss_norm: 1.957e-05, Loss_gauge: 0.000e+00, w_pde: 1.00e+00, L^2_error: 9.839e-02, lr: 1.000e-03, Time: 5.01e+02
INFO:src.utils.logger:Model state saved to results\ho\DV\20260301-174503_seed0_ho_DV_b1_layered_e600_w120_4q_2l\checkpoints\2026-03-01_17-45-19-696925_ho_DV_seed\model.pth
INFO:src.utils.logger:Model weights saved to results\ho\DV\20260301-174503_seed0_ho_DV_b1_layered_e600_w120_4q_2l\checkpoints\2026-03-01_17-45-19-696925_ho_DV_seed\model_weights.pth
INFO:src.utils.logger:It: 168, Loss: 6.713e-02, Loss_res: 4.040e-02,  Loss_bcs: 1.171e-03, Loss_ut_ics: 1.273e-04, Loss_norm: 1.923e-05, Loss_gauge: 0.000e+00, w_pde: 1.00e+00, L^2_error: 9.838e-02, lr: 1.000e-03, Time: 5.04e+02
INFO:src.utils.logger:Model state saved to results\ho\DV\20260301-174503_seed0_ho_DV_b1_layered_e600_w120_4q_2l\checkpoints\2026-03-01_17-45-19-696925_ho_DV_seed\model.pth
INFO:src.utils.logger:Model weights saved to results\ho\DV\20260301-174503_seed0_ho_DV_b1_layered_e600_w120_4q_2l\checkpoints\2026-03-01_17-45-19-696925_ho_DV_seed\model_weights.pth
INFO:src.utils.logger:It: 169, Loss: 6.772e-02, Loss_res: 4.110e-02,  Loss_bcs: 1.170e-03, Loss_ut_ics: 1.268e-04, Loss_norm: 1.887e-05, Loss_gauge: 0.000e+00, w_pde: 1.00e+00, L^2_error: 9.839e-02, lr: 1.000e-03, Time: 5.07e+02
INFO:src.utils.logger:Model state saved to results\ho\DV\20260301-174503_seed0_ho_DV_b1_layered_e600_w120_4q_2l\checkpoints\2026-03-01_17-45-19-696925_ho_DV_seed\model.pth
INFO:src.utils.logger:Model weights saved to results\ho\DV\20260301-174503_seed0_ho_DV_b1_layered_e600_w120_4q_2l\checkpoints\2026-03-01_17-45-19-696925_ho_DV_seed\model_weights.pth
INFO:src.utils.logger:It: 170, Loss: 6.761e-02, Loss_res: 4.109e-02,  Loss_bcs: 1.170e-03, Loss_ut_ics: 1.263e-04, Loss_norm: 1.848e-05, Loss_gauge: 0.000e+00, w_pde: 1.00e+00, L^2_error: 9.842e-02, lr: 1.000e-03, Time: 5.09e+02
INFO:src.utils.logger:Model state saved to results\ho\DV\20260301-174503_seed0_ho_DV_b1_layered_e600_w120_4q_2l\checkpoints\2026-03-01_17-45-19-696925_ho_DV_seed\model.pth
INFO:src.utils.logger:Model weights saved to results\ho\DV\20260301-174503_seed0_ho_DV_b1_layered_e600_w120_4q_2l\checkpoints\2026-03-01_17-45-19-696925_ho_DV_seed\model_weights.pth
INFO:src.utils.logger:It: 171, Loss: 6.673e-02, Loss_res: 4.031e-02,  Loss_bcs: 1.167e-03, Loss_ut_ics: 1.258e-04, Loss_norm: 1.812e-05, Loss_gauge: 0.000e+00, w_pde: 1.00e+00, L^2_error: 9.845e-02, lr: 1.000e-03, Time: 5.12e+02
INFO:src.utils.logger:Model state saved to results\ho\DV\20260301-174503_seed0_ho_DV_b1_layered_e600_w120_4q_2l\checkpoints\2026-03-01_17-45-19-696925_ho_DV_seed\model.pth
INFO:src.utils.logger:Model weights saved to results\ho\DV\20260301-174503_seed0_ho_DV_b1_layered_e600_w120_4q_2l\checkpoints\2026-03-01_17-45-19-696925_ho_DV_seed\model_weights.pth
INFO:src.utils.logger:It: 172, Loss: 6.685e-02, Loss_res: 4.053e-02,  Loss_bcs: 1.166e-03, Loss_ut_ics: 1.253e-04, Loss_norm: 1.774e-05, Loss_gauge: 0.000e+00, w_pde: 1.00e+00, L^2_error: 9.845e-02, lr: 1.000e-03, Time: 5.15e+02
INFO:src.utils.logger:Model state saved to results\ho\DV\20260301-174503_seed0_ho_DV_b1_layered_e600_w120_4q_2l\checkpoints\2026-03-01_17-45-19-696925_ho_DV_seed\model.pth
INFO:src.utils.logger:Model weights saved to results\ho\DV\20260301-174503_seed0_ho_DV_b1_layered_e600_w120_4q_2l\checkpoints\2026-03-01_17-45-19-696925_ho_DV_seed\model_weights.pth
INFO:src.utils.logger:It: 173, Loss: 6.587e-02, Loss_res: 3.964e-02,  Loss_bcs: 1.168e-03, Loss_ut_ics: 1.248e-04, Loss_norm: 1.739e-05, Loss_gauge: 0.000e+00, w_pde: 1.00e+00, L^2_error: 9.843e-02, lr: 1.000e-03, Time: 5.18e+02
INFO:src.utils.logger:Model state saved to results\ho\DV\20260301-174503_seed0_ho_DV_b1_layered_e600_w120_4q_2l\checkpoints\2026-03-01_17-45-19-696925_ho_DV_seed\model.pth
INFO:src.utils.logger:Model weights saved to results\ho\DV\20260301-174503_seed0_ho_DV_b1_layered_e600_w120_4q_2l\checkpoints\2026-03-01_17-45-19-696925_ho_DV_seed\model_weights.pth
INFO:src.utils.logger:It: 174, Loss: 6.803e-02, Loss_res: 4.190e-02,  Loss_bcs: 1.169e-03, Loss_ut_ics: 1.243e-04, Loss_norm: 1.705e-05, Loss_gauge: 0.000e+00, w_pde: 1.00e+00, L^2_error: 9.841e-02, lr: 1.000e-03, Time: 5.21e+02
INFO:src.utils.logger:Model state saved to results\ho\DV\20260301-174503_seed0_ho_DV_b1_layered_e600_w120_4q_2l\checkpoints\2026-03-01_17-45-19-696925_ho_DV_seed\model.pth
INFO:src.utils.logger:Model weights saved to results\ho\DV\20260301-174503_seed0_ho_DV_b1_layered_e600_w120_4q_2l\checkpoints\2026-03-01_17-45-19-696925_ho_DV_seed\model_weights.pth
INFO:src.utils.logger:It: 175, Loss: 6.741e-02, Loss_res: 4.138e-02,  Loss_bcs: 1.168e-03, Loss_ut_ics: 1.239e-04, Loss_norm: 1.673e-05, Loss_gauge: 0.000e+00, w_pde: 1.00e+00, L^2_error: 9.836e-02, lr: 1.000e-03, Time: 5.24e+02
INFO:src.utils.logger:Model state saved to results\ho\DV\20260301-174503_seed0_ho_DV_b1_layered_e600_w120_4q_2l\checkpoints\2026-03-01_17-45-19-696925_ho_DV_seed\model.pth
INFO:src.utils.logger:Model weights saved to results\ho\DV\20260301-174503_seed0_ho_DV_b1_layered_e600_w120_4q_2l\checkpoints\2026-03-01_17-45-19-696925_ho_DV_seed\model_weights.pth
INFO:src.utils.logger:It: 176, Loss: 7.071e-02, Loss_res: 4.478e-02,  Loss_bcs: 1.173e-03, Loss_ut_ics: 1.234e-04, Loss_norm: 1.643e-05, Loss_gauge: 0.000e+00, w_pde: 1.00e+00, L^2_error: 9.833e-02, lr: 1.000e-03, Time: 5.27e+02
INFO:src.utils.logger:Model state saved to results\ho\DV\20260301-174503_seed0_ho_DV_b1_layered_e600_w120_4q_2l\checkpoints\2026-03-01_17-45-19-696925_ho_DV_seed\model.pth
INFO:src.utils.logger:Model weights saved to results\ho\DV\20260301-174503_seed0_ho_DV_b1_layered_e600_w120_4q_2l\checkpoints\2026-03-01_17-45-19-696925_ho_DV_seed\model_weights.pth
INFO:src.utils.logger:It: 177, Loss: 6.852e-02, Loss_res: 4.270e-02,  Loss_bcs: 1.168e-03, Loss_ut_ics: 1.229e-04, Loss_norm: 1.613e-05, Loss_gauge: 0.000e+00, w_pde: 1.00e+00, L^2_error: 9.834e-02, lr: 1.000e-03, Time: 5.30e+02
INFO:src.utils.logger:Model state saved to results\ho\DV\20260301-174503_seed0_ho_DV_b1_layered_e600_w120_4q_2l\checkpoints\2026-03-01_17-45-19-696925_ho_DV_seed\model.pth
INFO:src.utils.logger:Model weights saved to results\ho\DV\20260301-174503_seed0_ho_DV_b1_layered_e600_w120_4q_2l\checkpoints\2026-03-01_17-45-19-696925_ho_DV_seed\model_weights.pth
INFO:src.utils.logger:It: 178, Loss: 6.782e-02, Loss_res: 4.208e-02,  Loss_bcs: 1.171e-03, Loss_ut_ics: 1.224e-04, Loss_norm: 1.582e-05, Loss_gauge: 0.000e+00, w_pde: 1.00e+00, L^2_error: 9.835e-02, lr: 1.000e-03, Time: 5.32e+02
INFO:src.utils.logger:Model state saved to results\ho\DV\20260301-174503_seed0_ho_DV_b1_layered_e600_w120_4q_2l\checkpoints\2026-03-01_17-45-19-696925_ho_DV_seed\model.pth
INFO:src.utils.logger:Model weights saved to results\ho\DV\20260301-174503_seed0_ho_DV_b1_layered_e600_w120_4q_2l\checkpoints\2026-03-01_17-45-19-696925_ho_DV_seed\model_weights.pth
INFO:src.utils.logger:It: 179, Loss: 6.436e-02, Loss_res: 3.872e-02,  Loss_bcs: 1.165e-03, Loss_ut_ics: 1.220e-04, Loss_norm: 1.548e-05, Loss_gauge: 0.000e+00, w_pde: 1.00e+00, L^2_error: 9.836e-02, lr: 1.000e-03, Time: 5.36e+02
INFO:src.utils.logger:Model state saved to results\ho\DV\20260301-174503_seed0_ho_DV_b1_layered_e600_w120_4q_2l\checkpoints\2026-03-01_17-45-19-696925_ho_DV_seed\model.pth
INFO:src.utils.logger:Model weights saved to results\ho\DV\20260301-174503_seed0_ho_DV_b1_layered_e600_w120_4q_2l\checkpoints\2026-03-01_17-45-19-696925_ho_DV_seed\model_weights.pth
INFO:src.utils.logger:It: 180, Loss: 6.693e-02, Loss_res: 4.138e-02,  Loss_bcs: 1.170e-03, Loss_ut_ics: 1.215e-04, Loss_norm: 1.516e-05, Loss_gauge: 0.000e+00, w_pde: 1.00e+00, L^2_error: 9.837e-02, lr: 1.000e-03, Time: 5.38e+02
INFO:src.utils.logger:Model state saved to results\ho\DV\20260301-174503_seed0_ho_DV_b1_layered_e600_w120_4q_2l\checkpoints\2026-03-01_17-45-19-696925_ho_DV_seed\model.pth
INFO:src.utils.logger:Model weights saved to results\ho\DV\20260301-174503_seed0_ho_DV_b1_layered_e600_w120_4q_2l\checkpoints\2026-03-01_17-45-19-696925_ho_DV_seed\model_weights.pth
INFO:src.utils.logger:It: 181, Loss: 6.651e-02, Loss_res: 4.105e-02,  Loss_bcs: 1.167e-03, Loss_ut_ics: 1.211e-04, Loss_norm: 1.484e-05, Loss_gauge: 0.000e+00, w_pde: 1.00e+00, L^2_error: 9.836e-02, lr: 1.000e-03, Time: 5.41e+02
INFO:src.utils.logger:Model state saved to results\ho\DV\20260301-174503_seed0_ho_DV_b1_layered_e600_w120_4q_2l\checkpoints\2026-03-01_17-45-19-696925_ho_DV_seed\model.pth
INFO:src.utils.logger:Model weights saved to results\ho\DV\20260301-174503_seed0_ho_DV_b1_layered_e600_w120_4q_2l\checkpoints\2026-03-01_17-45-19-696925_ho_DV_seed\model_weights.pth
INFO:src.utils.logger:It: 182, Loss: 6.935e-02, Loss_res: 4.398e-02,  Loss_bcs: 1.171e-03, Loss_ut_ics: 1.206e-04, Loss_norm: 1.454e-05, Loss_gauge: 0.000e+00, w_pde: 1.00e+00, L^2_error: 9.833e-02, lr: 1.000e-03, Time: 5.44e+02
INFO:src.utils.logger:Model state saved to results\ho\DV\20260301-174503_seed0_ho_DV_b1_layered_e600_w120_4q_2l\checkpoints\2026-03-01_17-45-19-696925_ho_DV_seed\model.pth
INFO:src.utils.logger:Model weights saved to results\ho\DV\20260301-174503_seed0_ho_DV_b1_layered_e600_w120_4q_2l\checkpoints\2026-03-01_17-45-19-696925_ho_DV_seed\model_weights.pth
INFO:src.utils.logger:It: 183, Loss: 6.711e-02, Loss_res: 4.184e-02,  Loss_bcs: 1.163e-03, Loss_ut_ics: 1.202e-04, Loss_norm: 1.426e-05, Loss_gauge: 0.000e+00, w_pde: 1.00e+00, L^2_error: 9.830e-02, lr: 1.000e-03, Time: 5.47e+02
INFO:src.utils.logger:Model state saved to results\ho\DV\20260301-174503_seed0_ho_DV_b1_layered_e600_w120_4q_2l\checkpoints\2026-03-01_17-45-19-696925_ho_DV_seed\model.pth
INFO:src.utils.logger:Model weights saved to results\ho\DV\20260301-174503_seed0_ho_DV_b1_layered_e600_w120_4q_2l\checkpoints\2026-03-01_17-45-19-696925_ho_DV_seed\model_weights.pth
INFO:src.utils.logger:It: 184, Loss: 6.686e-02, Loss_res: 4.168e-02,  Loss_bcs: 1.163e-03, Loss_ut_ics: 1.197e-04, Loss_norm: 1.397e-05, Loss_gauge: 0.000e+00, w_pde: 1.00e+00, L^2_error: 9.830e-02, lr: 1.000e-03, Time: 5.50e+02
INFO:src.utils.logger:Model state saved to results\ho\DV\20260301-174503_seed0_ho_DV_b1_layered_e600_w120_4q_2l\checkpoints\2026-03-01_17-45-19-696925_ho_DV_seed\model.pth
INFO:src.utils.logger:Model weights saved to results\ho\DV\20260301-174503_seed0_ho_DV_b1_layered_e600_w120_4q_2l\checkpoints\2026-03-01_17-45-19-696925_ho_DV_seed\model_weights.pth
INFO:src.utils.logger:It: 185, Loss: 6.700e-02, Loss_res: 4.191e-02,  Loss_bcs: 1.162e-03, Loss_ut_ics: 1.193e-04, Loss_norm: 1.371e-05, Loss_gauge: 0.000e+00, w_pde: 1.00e+00, L^2_error: 9.829e-02, lr: 1.000e-03, Time: 5.53e+02
INFO:src.utils.logger:Model state saved to results\ho\DV\20260301-174503_seed0_ho_DV_b1_layered_e600_w120_4q_2l\checkpoints\2026-03-01_17-45-19-696925_ho_DV_seed\model.pth
INFO:src.utils.logger:Model weights saved to results\ho\DV\20260301-174503_seed0_ho_DV_b1_layered_e600_w120_4q_2l\checkpoints\2026-03-01_17-45-19-696925_ho_DV_seed\model_weights.pth
INFO:src.utils.logger:It: 186, Loss: 6.456e-02, Loss_res: 3.957e-02,  Loss_bcs: 1.157e-03, Loss_ut_ics: 1.189e-04, Loss_norm: 1.347e-05, Loss_gauge: 0.000e+00, w_pde: 1.00e+00, L^2_error: 9.829e-02, lr: 1.000e-03, Time: 5.56e+02
INFO:src.utils.logger:Model state saved to results\ho\DV\20260301-174503_seed0_ho_DV_b1_layered_e600_w120_4q_2l\checkpoints\2026-03-01_17-45-19-696925_ho_DV_seed\model.pth
INFO:src.utils.logger:Model weights saved to results\ho\DV\20260301-174503_seed0_ho_DV_b1_layered_e600_w120_4q_2l\checkpoints\2026-03-01_17-45-19-696925_ho_DV_seed\model_weights.pth
INFO:src.utils.logger:It: 187, Loss: 6.515e-02, Loss_res: 4.024e-02,  Loss_bcs: 1.154e-03, Loss_ut_ics: 1.184e-04, Loss_norm: 1.323e-05, Loss_gauge: 0.000e+00, w_pde: 1.00e+00, L^2_error: 9.828e-02, lr: 1.000e-03, Time: 5.59e+02
INFO:src.utils.logger:Model state saved to results\ho\DV\20260301-174503_seed0_ho_DV_b1_layered_e600_w120_4q_2l\checkpoints\2026-03-01_17-45-19-696925_ho_DV_seed\model.pth
INFO:src.utils.logger:Model weights saved to results\ho\DV\20260301-174503_seed0_ho_DV_b1_layered_e600_w120_4q_2l\checkpoints\2026-03-01_17-45-19-696925_ho_DV_seed\model_weights.pth
INFO:src.utils.logger:It: 188, Loss: 6.457e-02, Loss_res: 3.975e-02,  Loss_bcs: 1.160e-03, Loss_ut_ics: 1.180e-04, Loss_norm: 1.298e-05, Loss_gauge: 0.000e+00, w_pde: 1.00e+00, L^2_error: 9.826e-02, lr: 1.000e-03, Time: 5.62e+02
INFO:src.utils.logger:Model state saved to results\ho\DV\20260301-174503_seed0_ho_DV_b1_layered_e600_w120_4q_2l\checkpoints\2026-03-01_17-45-19-696925_ho_DV_seed\model.pth
INFO:src.utils.logger:Model weights saved to results\ho\DV\20260301-174503_seed0_ho_DV_b1_layered_e600_w120_4q_2l\checkpoints\2026-03-01_17-45-19-696925_ho_DV_seed\model_weights.pth
INFO:src.utils.logger:It: 189, Loss: 6.616e-02, Loss_res: 4.143e-02,  Loss_bcs: 1.154e-03, Loss_ut_ics: 1.176e-04, Loss_norm: 1.272e-05, Loss_gauge: 0.000e+00, w_pde: 1.00e+00, L^2_error: 9.824e-02, lr: 1.000e-03, Time: 5.65e+02
INFO:src.utils.logger:Model state saved to results\ho\DV\20260301-174503_seed0_ho_DV_b1_layered_e600_w120_4q_2l\checkpoints\2026-03-01_17-45-19-696925_ho_DV_seed\model.pth
INFO:src.utils.logger:Model weights saved to results\ho\DV\20260301-174503_seed0_ho_DV_b1_layered_e600_w120_4q_2l\checkpoints\2026-03-01_17-45-19-696925_ho_DV_seed\model_weights.pth
INFO:src.utils.logger:It: 190, Loss: 6.524e-02, Loss_res: 4.060e-02,  Loss_bcs: 1.154e-03, Loss_ut_ics: 1.171e-04, Loss_norm: 1.247e-05, Loss_gauge: 0.000e+00, w_pde: 1.00e+00, L^2_error: 9.822e-02, lr: 1.000e-03, Time: 5.68e+02
INFO:src.utils.logger:Model state saved to results\ho\DV\20260301-174503_seed0_ho_DV_b1_layered_e600_w120_4q_2l\checkpoints\2026-03-01_17-45-19-696925_ho_DV_seed\model.pth
INFO:src.utils.logger:Model weights saved to results\ho\DV\20260301-174503_seed0_ho_DV_b1_layered_e600_w120_4q_2l\checkpoints\2026-03-01_17-45-19-696925_ho_DV_seed\model_weights.pth
INFO:src.utils.logger:It: 191, Loss: 6.773e-02, Loss_res: 4.317e-02,  Loss_bcs: 1.152e-03, Loss_ut_ics: 1.167e-04, Loss_norm: 1.221e-05, Loss_gauge: 0.000e+00, w_pde: 1.00e+00, L^2_error: 9.821e-02, lr: 1.000e-03, Time: 5.70e+02
INFO:src.utils.logger:Model state saved to results\ho\DV\20260301-174503_seed0_ho_DV_b1_layered_e600_w120_4q_2l\checkpoints\2026-03-01_17-45-19-696925_ho_DV_seed\model.pth
INFO:src.utils.logger:Model weights saved to results\ho\DV\20260301-174503_seed0_ho_DV_b1_layered_e600_w120_4q_2l\checkpoints\2026-03-01_17-45-19-696925_ho_DV_seed\model_weights.pth
INFO:src.utils.logger:It: 192, Loss: 6.245e-02, Loss_res: 3.798e-02,  Loss_bcs: 1.150e-03, Loss_ut_ics: 1.163e-04, Loss_norm: 1.194e-05, Loss_gauge: 0.000e+00, w_pde: 1.00e+00, L^2_error: 9.820e-02, lr: 1.000e-03, Time: 5.73e+02
INFO:src.utils.logger:Model state saved to results\ho\DV\20260301-174503_seed0_ho_DV_b1_layered_e600_w120_4q_2l\checkpoints\2026-03-01_17-45-19-696925_ho_DV_seed\model.pth
INFO:src.utils.logger:Model weights saved to results\ho\DV\20260301-174503_seed0_ho_DV_b1_layered_e600_w120_4q_2l\checkpoints\2026-03-01_17-45-19-696925_ho_DV_seed\model_weights.pth
INFO:src.utils.logger:It: 193, Loss: 6.490e-02, Loss_res: 4.052e-02,  Loss_bcs: 1.147e-03, Loss_ut_ics: 1.159e-04, Loss_norm: 1.168e-05, Loss_gauge: 0.000e+00, w_pde: 1.00e+00, L^2_error: 9.820e-02, lr: 1.000e-03, Time: 5.76e+02
INFO:src.utils.logger:Model state saved to results\ho\DV\20260301-174503_seed0_ho_DV_b1_layered_e600_w120_4q_2l\checkpoints\2026-03-01_17-45-19-696925_ho_DV_seed\model.pth
INFO:src.utils.logger:Model weights saved to results\ho\DV\20260301-174503_seed0_ho_DV_b1_layered_e600_w120_4q_2l\checkpoints\2026-03-01_17-45-19-696925_ho_DV_seed\model_weights.pth
INFO:src.utils.logger:It: 194, Loss: 6.726e-02, Loss_res: 4.296e-02,  Loss_bcs: 1.148e-03, Loss_ut_ics: 1.155e-04, Loss_norm: 1.141e-05, Loss_gauge: 0.000e+00, w_pde: 1.00e+00, L^2_error: 9.820e-02, lr: 1.000e-03, Time: 5.79e+02
INFO:src.utils.logger:Model state saved to results\ho\DV\20260301-174503_seed0_ho_DV_b1_layered_e600_w120_4q_2l\checkpoints\2026-03-01_17-45-19-696925_ho_DV_seed\model.pth
INFO:src.utils.logger:Model weights saved to results\ho\DV\20260301-174503_seed0_ho_DV_b1_layered_e600_w120_4q_2l\checkpoints\2026-03-01_17-45-19-696925_ho_DV_seed\model_weights.pth
INFO:src.utils.logger:It: 195, Loss: 6.546e-02, Loss_res: 4.125e-02,  Loss_bcs: 1.147e-03, Loss_ut_ics: 1.151e-04, Loss_norm: 1.115e-05, Loss_gauge: 0.000e+00, w_pde: 1.00e+00, L^2_error: 9.816e-02, lr: 1.000e-03, Time: 5.83e+02
INFO:src.utils.logger:Model state saved to results\ho\DV\20260301-174503_seed0_ho_DV_b1_layered_e600_w120_4q_2l\checkpoints\2026-03-01_17-45-19-696925_ho_DV_seed\model.pth
INFO:src.utils.logger:Model weights saved to results\ho\DV\20260301-174503_seed0_ho_DV_b1_layered_e600_w120_4q_2l\checkpoints\2026-03-01_17-45-19-696925_ho_DV_seed\model_weights.pth
INFO:src.utils.logger:It: 196, Loss: 6.621e-02, Loss_res: 4.208e-02,  Loss_bcs: 1.147e-03, Loss_ut_ics: 1.147e-04, Loss_norm: 1.091e-05, Loss_gauge: 0.000e+00, w_pde: 1.00e+00, L^2_error: 9.812e-02, lr: 1.000e-03, Time: 5.87e+02
INFO:src.utils.logger:Model state saved to results\ho\DV\20260301-174503_seed0_ho_DV_b1_layered_e600_w120_4q_2l\checkpoints\2026-03-01_17-45-19-696925_ho_DV_seed\model.pth
INFO:src.utils.logger:Model weights saved to results\ho\DV\20260301-174503_seed0_ho_DV_b1_layered_e600_w120_4q_2l\checkpoints\2026-03-01_17-45-19-696925_ho_DV_seed\model_weights.pth
INFO:src.utils.logger:It: 197, Loss: 6.598e-02, Loss_res: 4.194e-02,  Loss_bcs: 1.143e-03, Loss_ut_ics: 1.142e-04, Loss_norm: 1.068e-05, Loss_gauge: 0.000e+00, w_pde: 1.00e+00, L^2_error: 9.808e-02, lr: 1.000e-03, Time: 5.90e+02
INFO:src.utils.logger:Model state saved to results\ho\DV\20260301-174503_seed0_ho_DV_b1_layered_e600_w120_4q_2l\checkpoints\2026-03-01_17-45-19-696925_ho_DV_seed\model.pth
INFO:src.utils.logger:Model weights saved to results\ho\DV\20260301-174503_seed0_ho_DV_b1_layered_e600_w120_4q_2l\checkpoints\2026-03-01_17-45-19-696925_ho_DV_seed\model_weights.pth
INFO:src.utils.logger:It: 198, Loss: 6.250e-02, Loss_res: 3.854e-02,  Loss_bcs: 1.148e-03, Loss_ut_ics: 1.138e-04, Loss_norm: 1.046e-05, Loss_gauge: 0.000e+00, w_pde: 1.00e+00, L^2_error: 9.807e-02, lr: 1.000e-03, Time: 5.93e+02
INFO:src.utils.logger:Model state saved to results\ho\DV\20260301-174503_seed0_ho_DV_b1_layered_e600_w120_4q_2l\checkpoints\2026-03-01_17-45-19-696925_ho_DV_seed\model.pth
INFO:src.utils.logger:Model weights saved to results\ho\DV\20260301-174503_seed0_ho_DV_b1_layered_e600_w120_4q_2l\checkpoints\2026-03-01_17-45-19-696925_ho_DV_seed\model_weights.pth
INFO:src.utils.logger:It: 199, Loss: 6.743e-02, Loss_res: 4.356e-02,  Loss_bcs: 1.133e-03, Loss_ut_ics: 1.134e-04, Loss_norm: 1.024e-05, Loss_gauge: 0.000e+00, w_pde: 1.00e+00, L^2_error: 9.806e-02, lr: 1.000e-03, Time: 5.95e+02
INFO:src.utils.logger:Model state saved to results\ho\DV\20260301-174503_seed0_ho_DV_b1_layered_e600_w120_4q_2l\checkpoints\2026-03-01_17-45-19-696925_ho_DV_seed\model.pth
INFO:src.utils.logger:Model weights saved to results\ho\DV\20260301-174503_seed0_ho_DV_b1_layered_e600_w120_4q_2l\checkpoints\2026-03-01_17-45-19-696925_ho_DV_seed\model_weights.pth
INFO:src.utils.logger:It: 200, Loss: 6.694e-02, Loss_res: 4.315e-02,  Loss_bcs: 1.135e-03, Loss_ut_ics: 1.130e-04, Loss_norm: 1.002e-05, Loss_gauge: 0.000e+00, w_pde: 1.00e+00, L^2_error: 9.804e-02, lr: 1.000e-03, Time: 5.98e+02
INFO:src.utils.logger:Model state saved to results\ho\DV\20260301-174503_seed0_ho_DV_b1_layered_e600_w120_4q_2l\checkpoints\2026-03-01_17-45-19-696925_ho_DV_seed\model.pth
INFO:src.utils.logger:Model weights saved to results\ho\DV\20260301-174503_seed0_ho_DV_b1_layered_e600_w120_4q_2l\checkpoints\2026-03-01_17-45-19-696925_ho_DV_seed\model_weights.pth
INFO:src.utils.logger:It: 201, Loss: 6.218e-02, Loss_res: 3.847e-02,  Loss_bcs: 1.136e-03, Loss_ut_ics: 1.126e-04, Loss_norm: 9.797e-06, Loss_gauge: 0.000e+00, w_pde: 1.00e+00, L^2_error: 9.802e-02, lr: 1.000e-03, Time: 6.01e+02
INFO:src.utils.logger:Model state saved to results\ho\DV\20260301-174503_seed0_ho_DV_b1_layered_e600_w120_4q_2l\checkpoints\2026-03-01_17-45-19-696925_ho_DV_seed\model.pth
INFO:src.utils.logger:Model weights saved to results\ho\DV\20260301-174503_seed0_ho_DV_b1_layered_e600_w120_4q_2l\checkpoints\2026-03-01_17-45-19-696925_ho_DV_seed\model_weights.pth
INFO:src.utils.logger:It: 202, Loss: 6.435e-02, Loss_res: 4.073e-02,  Loss_bcs: 1.126e-03, Loss_ut_ics: 1.122e-04, Loss_norm: 9.577e-06, Loss_gauge: 0.000e+00, w_pde: 1.00e+00, L^2_error: 9.800e-02, lr: 1.000e-03, Time: 6.04e+02
INFO:src.utils.logger:Model state saved to results\ho\DV\20260301-174503_seed0_ho_DV_b1_layered_e600_w120_4q_2l\checkpoints\2026-03-01_17-45-19-696925_ho_DV_seed\model.pth
INFO:src.utils.logger:Model weights saved to results\ho\DV\20260301-174503_seed0_ho_DV_b1_layered_e600_w120_4q_2l\checkpoints\2026-03-01_17-45-19-696925_ho_DV_seed\model_weights.pth
INFO:src.utils.logger:It: 203, Loss: 6.525e-02, Loss_res: 4.170e-02,  Loss_bcs: 1.131e-03, Loss_ut_ics: 1.118e-04, Loss_norm: 9.366e-06, Loss_gauge: 0.000e+00, w_pde: 1.00e+00, L^2_error: 9.800e-02, lr: 1.000e-03, Time: 6.07e+02
INFO:src.utils.logger:Model state saved to results\ho\DV\20260301-174503_seed0_ho_DV_b1_layered_e600_w120_4q_2l\checkpoints\2026-03-01_17-45-19-696925_ho_DV_seed\model.pth
INFO:src.utils.logger:Model weights saved to results\ho\DV\20260301-174503_seed0_ho_DV_b1_layered_e600_w120_4q_2l\checkpoints\2026-03-01_17-45-19-696925_ho_DV_seed\model_weights.pth
INFO:src.utils.logger:It: 204, Loss: 6.402e-02, Loss_res: 4.057e-02,  Loss_bcs: 1.124e-03, Loss_ut_ics: 1.114e-04, Loss_norm: 9.161e-06, Loss_gauge: 0.000e+00, w_pde: 1.00e+00, L^2_error: 9.797e-02, lr: 1.000e-03, Time: 6.10e+02
INFO:src.utils.logger:Model state saved to results\ho\DV\20260301-174503_seed0_ho_DV_b1_layered_e600_w120_4q_2l\checkpoints\2026-03-01_17-45-19-696925_ho_DV_seed\model.pth
INFO:src.utils.logger:Model weights saved to results\ho\DV\20260301-174503_seed0_ho_DV_b1_layered_e600_w120_4q_2l\checkpoints\2026-03-01_17-45-19-696925_ho_DV_seed\model_weights.pth
INFO:src.utils.logger:It: 205, Loss: 6.526e-02, Loss_res: 4.188e-02,  Loss_bcs: 1.128e-03, Loss_ut_ics: 1.110e-04, Loss_norm: 8.977e-06, Loss_gauge: 0.000e+00, w_pde: 1.00e+00, L^2_error: 9.795e-02, lr: 1.000e-03, Time: 6.13e+02
INFO:src.utils.logger:Model state saved to results\ho\DV\20260301-174503_seed0_ho_DV_b1_layered_e600_w120_4q_2l\checkpoints\2026-03-01_17-45-19-696925_ho_DV_seed\model.pth
INFO:src.utils.logger:Model weights saved to results\ho\DV\20260301-174503_seed0_ho_DV_b1_layered_e600_w120_4q_2l\checkpoints\2026-03-01_17-45-19-696925_ho_DV_seed\model_weights.pth
INFO:src.utils.logger:It: 206, Loss: 6.391e-02, Loss_res: 4.062e-02,  Loss_bcs: 1.120e-03, Loss_ut_ics: 1.106e-04, Loss_norm: 8.792e-06, Loss_gauge: 0.000e+00, w_pde: 1.00e+00, L^2_error: 9.792e-02, lr: 1.000e-03, Time: 6.16e+02
INFO:src.utils.logger:Model state saved to results\ho\DV\20260301-174503_seed0_ho_DV_b1_layered_e600_w120_4q_2l\checkpoints\2026-03-01_17-45-19-696925_ho_DV_seed\model.pth
INFO:src.utils.logger:Model weights saved to results\ho\DV\20260301-174503_seed0_ho_DV_b1_layered_e600_w120_4q_2l\checkpoints\2026-03-01_17-45-19-696925_ho_DV_seed\model_weights.pth
INFO:src.utils.logger:It: 207, Loss: 6.710e-02, Loss_res: 4.389e-02,  Loss_bcs: 1.123e-03, Loss_ut_ics: 1.102e-04, Loss_norm: 8.606e-06, Loss_gauge: 0.000e+00, w_pde: 1.00e+00, L^2_error: 9.789e-02, lr: 1.000e-03, Time: 6.18e+02
INFO:src.utils.logger:Model state saved to results\ho\DV\20260301-174503_seed0_ho_DV_b1_layered_e600_w120_4q_2l\checkpoints\2026-03-01_17-45-19-696925_ho_DV_seed\model.pth
INFO:src.utils.logger:Model weights saved to results\ho\DV\20260301-174503_seed0_ho_DV_b1_layered_e600_w120_4q_2l\checkpoints\2026-03-01_17-45-19-696925_ho_DV_seed\model_weights.pth
INFO:src.utils.logger:It: 208, Loss: 6.259e-02, Loss_res: 3.946e-02,  Loss_bcs: 1.118e-03, Loss_ut_ics: 1.099e-04, Loss_norm: 8.422e-06, Loss_gauge: 0.000e+00, w_pde: 1.00e+00, L^2_error: 9.786e-02, lr: 1.000e-03, Time: 6.21e+02
INFO:src.utils.logger:Model state saved to results\ho\DV\20260301-174503_seed0_ho_DV_b1_layered_e600_w120_4q_2l\checkpoints\2026-03-01_17-45-19-696925_ho_DV_seed\model.pth
INFO:src.utils.logger:Model weights saved to results\ho\DV\20260301-174503_seed0_ho_DV_b1_layered_e600_w120_4q_2l\checkpoints\2026-03-01_17-45-19-696925_ho_DV_seed\model_weights.pth
INFO:src.utils.logger:It: 209, Loss: 6.358e-02, Loss_res: 4.053e-02,  Loss_bcs: 1.118e-03, Loss_ut_ics: 1.095e-04, Loss_norm: 8.231e-06, Loss_gauge: 0.000e+00, w_pde: 1.00e+00, L^2_error: 9.784e-02, lr: 1.000e-03, Time: 6.24e+02
INFO:src.utils.logger:Model state saved to results\ho\DV\20260301-174503_seed0_ho_DV_b1_layered_e600_w120_4q_2l\checkpoints\2026-03-01_17-45-19-696925_ho_DV_seed\model.pth
INFO:src.utils.logger:Model weights saved to results\ho\DV\20260301-174503_seed0_ho_DV_b1_layered_e600_w120_4q_2l\checkpoints\2026-03-01_17-45-19-696925_ho_DV_seed\model_weights.pth
INFO:src.utils.logger:It: 210, Loss: 6.247e-02, Loss_res: 3.951e-02,  Loss_bcs: 1.112e-03, Loss_ut_ics: 1.091e-04, Loss_norm: 8.043e-06, Loss_gauge: 0.000e+00, w_pde: 1.00e+00, L^2_error: 9.782e-02, lr: 1.000e-03, Time: 6.27e+02
INFO:src.utils.logger:Model state saved to results\ho\DV\20260301-174503_seed0_ho_DV_b1_layered_e600_w120_4q_2l\checkpoints\2026-03-01_17-45-19-696925_ho_DV_seed\model.pth
INFO:src.utils.logger:Model weights saved to results\ho\DV\20260301-174503_seed0_ho_DV_b1_layered_e600_w120_4q_2l\checkpoints\2026-03-01_17-45-19-696925_ho_DV_seed\model_weights.pth
INFO:src.utils.logger:It: 211, Loss: 6.207e-02, Loss_res: 3.918e-02,  Loss_bcs: 1.114e-03, Loss_ut_ics: 1.087e-04, Loss_norm: 7.860e-06, Loss_gauge: 0.000e+00, w_pde: 1.00e+00, L^2_error: 9.779e-02, lr: 1.000e-03, Time: 6.30e+02
INFO:src.utils.logger:Model state saved to results\ho\DV\20260301-174503_seed0_ho_DV_b1_layered_e600_w120_4q_2l\checkpoints\2026-03-01_17-45-19-696925_ho_DV_seed\model.pth
INFO:src.utils.logger:Model weights saved to results\ho\DV\20260301-174503_seed0_ho_DV_b1_layered_e600_w120_4q_2l\checkpoints\2026-03-01_17-45-19-696925_ho_DV_seed\model_weights.pth
INFO:src.utils.logger:It: 212, Loss: 6.853e-02, Loss_res: 4.573e-02,  Loss_bcs: 1.102e-03, Loss_ut_ics: 1.083e-04, Loss_norm: 7.682e-06, Loss_gauge: 0.000e+00, w_pde: 1.00e+00, L^2_error: 9.776e-02, lr: 1.000e-03, Time: 6.33e+02
INFO:src.utils.logger:Model state saved to results\ho\DV\20260301-174503_seed0_ho_DV_b1_layered_e600_w120_4q_2l\checkpoints\2026-03-01_17-45-19-696925_ho_DV_seed\model.pth
INFO:src.utils.logger:Model weights saved to results\ho\DV\20260301-174503_seed0_ho_DV_b1_layered_e600_w120_4q_2l\checkpoints\2026-03-01_17-45-19-696925_ho_DV_seed\model_weights.pth
INFO:src.utils.logger:It: 213, Loss: 6.470e-02, Loss_res: 4.198e-02,  Loss_bcs: 1.103e-03, Loss_ut_ics: 1.079e-04, Loss_norm: 7.499e-06, Loss_gauge: 0.000e+00, w_pde: 1.00e+00, L^2_error: 9.772e-02, lr: 1.000e-03, Time: 6.36e+02
INFO:src.utils.logger:Model state saved to results\ho\DV\20260301-174503_seed0_ho_DV_b1_layered_e600_w120_4q_2l\checkpoints\2026-03-01_17-45-19-696925_ho_DV_seed\model.pth
INFO:src.utils.logger:Model weights saved to results\ho\DV\20260301-174503_seed0_ho_DV_b1_layered_e600_w120_4q_2l\checkpoints\2026-03-01_17-45-19-696925_ho_DV_seed\model_weights.pth
INFO:src.utils.logger:It: 214, Loss: 6.471e-02, Loss_res: 4.207e-02,  Loss_bcs: 1.099e-03, Loss_ut_ics: 1.075e-04, Loss_norm: 7.330e-06, Loss_gauge: 0.000e+00, w_pde: 1.00e+00, L^2_error: 9.769e-02, lr: 1.000e-03, Time: 6.39e+02
INFO:src.utils.logger:Model state saved to results\ho\DV\20260301-174503_seed0_ho_DV_b1_layered_e600_w120_4q_2l\checkpoints\2026-03-01_17-45-19-696925_ho_DV_seed\model.pth
INFO:src.utils.logger:Model weights saved to results\ho\DV\20260301-174503_seed0_ho_DV_b1_layered_e600_w120_4q_2l\checkpoints\2026-03-01_17-45-19-696925_ho_DV_seed\model_weights.pth
INFO:src.utils.logger:It: 215, Loss: 6.338e-02, Loss_res: 4.082e-02,  Loss_bcs: 1.097e-03, Loss_ut_ics: 1.071e-04, Loss_norm: 7.166e-06, Loss_gauge: 0.000e+00, w_pde: 1.00e+00, L^2_error: 9.766e-02, lr: 1.000e-03, Time: 6.41e+02
INFO:src.utils.logger:Model state saved to results\ho\DV\20260301-174503_seed0_ho_DV_b1_layered_e600_w120_4q_2l\checkpoints\2026-03-01_17-45-19-696925_ho_DV_seed\model.pth
INFO:src.utils.logger:Model weights saved to results\ho\DV\20260301-174503_seed0_ho_DV_b1_layered_e600_w120_4q_2l\checkpoints\2026-03-01_17-45-19-696925_ho_DV_seed\model_weights.pth
INFO:src.utils.logger:It: 216, Loss: 6.183e-02, Loss_res: 3.935e-02,  Loss_bcs: 1.100e-03, Loss_ut_ics: 1.067e-04, Loss_norm: 7.004e-06, Loss_gauge: 0.000e+00, w_pde: 1.00e+00, L^2_error: 9.764e-02, lr: 1.000e-03, Time: 6.44e+02
INFO:src.utils.logger:Model state saved to results\ho\DV\20260301-174503_seed0_ho_DV_b1_layered_e600_w120_4q_2l\checkpoints\2026-03-01_17-45-19-696925_ho_DV_seed\model.pth
INFO:src.utils.logger:Model weights saved to results\ho\DV\20260301-174503_seed0_ho_DV_b1_layered_e600_w120_4q_2l\checkpoints\2026-03-01_17-45-19-696925_ho_DV_seed\model_weights.pth
INFO:src.utils.logger:It: 217, Loss: 6.090e-02, Loss_res: 3.849e-02,  Loss_bcs: 1.099e-03, Loss_ut_ics: 1.064e-04, Loss_norm: 6.851e-06, Loss_gauge: 0.000e+00, w_pde: 1.00e+00, L^2_error: 9.761e-02, lr: 1.000e-03, Time: 6.47e+02
INFO:src.utils.logger:Model state saved to results\ho\DV\20260301-174503_seed0_ho_DV_b1_layered_e600_w120_4q_2l\checkpoints\2026-03-01_17-45-19-696925_ho_DV_seed\model.pth
INFO:src.utils.logger:Model weights saved to results\ho\DV\20260301-174503_seed0_ho_DV_b1_layered_e600_w120_4q_2l\checkpoints\2026-03-01_17-45-19-696925_ho_DV_seed\model_weights.pth
INFO:src.utils.logger:It: 218, Loss: 6.168e-02, Loss_res: 3.936e-02,  Loss_bcs: 1.097e-03, Loss_ut_ics: 1.060e-04, Loss_norm: 6.696e-06, Loss_gauge: 0.000e+00, w_pde: 1.00e+00, L^2_error: 9.759e-02, lr: 1.000e-03, Time: 6.50e+02
INFO:src.utils.logger:Model state saved to results\ho\DV\20260301-174503_seed0_ho_DV_b1_layered_e600_w120_4q_2l\checkpoints\2026-03-01_17-45-19-696925_ho_DV_seed\model.pth
INFO:src.utils.logger:Model weights saved to results\ho\DV\20260301-174503_seed0_ho_DV_b1_layered_e600_w120_4q_2l\checkpoints\2026-03-01_17-45-19-696925_ho_DV_seed\model_weights.pth
INFO:src.utils.logger:It: 219, Loss: 6.037e-02, Loss_res: 3.812e-02,  Loss_bcs: 1.095e-03, Loss_ut_ics: 1.056e-04, Loss_norm: 6.546e-06, Loss_gauge: 0.000e+00, w_pde: 1.00e+00, L^2_error: 9.759e-02, lr: 1.000e-03, Time: 6.53e+02
INFO:src.utils.logger:Model state saved to results\ho\DV\20260301-174503_seed0_ho_DV_b1_layered_e600_w120_4q_2l\checkpoints\2026-03-01_17-45-19-696925_ho_DV_seed\model.pth
INFO:src.utils.logger:Model weights saved to results\ho\DV\20260301-174503_seed0_ho_DV_b1_layered_e600_w120_4q_2l\checkpoints\2026-03-01_17-45-19-696925_ho_DV_seed\model_weights.pth
INFO:src.utils.logger:It: 220, Loss: 5.964e-02, Loss_res: 3.748e-02,  Loss_bcs: 1.089e-03, Loss_ut_ics: 1.052e-04, Loss_norm: 6.387e-06, Loss_gauge: 0.000e+00, w_pde: 1.00e+00, L^2_error: 9.758e-02, lr: 1.000e-03, Time: 6.56e+02
INFO:src.utils.logger:Model state saved to results\ho\DV\20260301-174503_seed0_ho_DV_b1_layered_e600_w120_4q_2l\checkpoints\2026-03-01_17-45-19-696925_ho_DV_seed\model.pth
INFO:src.utils.logger:Model weights saved to results\ho\DV\20260301-174503_seed0_ho_DV_b1_layered_e600_w120_4q_2l\checkpoints\2026-03-01_17-45-19-696925_ho_DV_seed\model_weights.pth
INFO:src.utils.logger:It: 221, Loss: 6.418e-02, Loss_res: 4.211e-02,  Loss_bcs: 1.088e-03, Loss_ut_ics: 1.048e-04, Loss_norm: 6.223e-06, Loss_gauge: 0.000e+00, w_pde: 1.00e+00, L^2_error: 9.755e-02, lr: 1.000e-03, Time: 6.58e+02
INFO:src.utils.logger:Model state saved to results\ho\DV\20260301-174503_seed0_ho_DV_b1_layered_e600_w120_4q_2l\checkpoints\2026-03-01_17-45-19-696925_ho_DV_seed\model.pth
INFO:src.utils.logger:Model weights saved to results\ho\DV\20260301-174503_seed0_ho_DV_b1_layered_e600_w120_4q_2l\checkpoints\2026-03-01_17-45-19-696925_ho_DV_seed\model_weights.pth
INFO:src.utils.logger:It: 222, Loss: 6.202e-02, Loss_res: 4.002e-02,  Loss_bcs: 1.087e-03, Loss_ut_ics: 1.044e-04, Loss_norm: 6.058e-06, Loss_gauge: 0.000e+00, w_pde: 1.00e+00, L^2_error: 9.752e-02, lr: 1.000e-03, Time: 6.61e+02
INFO:src.utils.logger:Model state saved to results\ho\DV\20260301-174503_seed0_ho_DV_b1_layered_e600_w120_4q_2l\checkpoints\2026-03-01_17-45-19-696925_ho_DV_seed\model.pth
INFO:src.utils.logger:Model weights saved to results\ho\DV\20260301-174503_seed0_ho_DV_b1_layered_e600_w120_4q_2l\checkpoints\2026-03-01_17-45-19-696925_ho_DV_seed\model_weights.pth
INFO:src.utils.logger:It: 223, Loss: 6.192e-02, Loss_res: 4.000e-02,  Loss_bcs: 1.089e-03, Loss_ut_ics: 1.040e-04, Loss_norm: 5.901e-06, Loss_gauge: 0.000e+00, w_pde: 1.00e+00, L^2_error: 9.746e-02, lr: 1.000e-03, Time: 6.65e+02
INFO:src.utils.logger:Model state saved to results\ho\DV\20260301-174503_seed0_ho_DV_b1_layered_e600_w120_4q_2l\checkpoints\2026-03-01_17-45-19-696925_ho_DV_seed\model.pth
INFO:src.utils.logger:Model weights saved to results\ho\DV\20260301-174503_seed0_ho_DV_b1_layered_e600_w120_4q_2l\checkpoints\2026-03-01_17-45-19-696925_ho_DV_seed\model_weights.pth
INFO:src.utils.logger:It: 224, Loss: 6.308e-02, Loss_res: 4.124e-02,  Loss_bcs: 1.083e-03, Loss_ut_ics: 1.036e-04, Loss_norm: 5.748e-06, Loss_gauge: 0.000e+00, w_pde: 1.00e+00, L^2_error: 9.740e-02, lr: 1.000e-03, Time: 6.68e+02
INFO:src.utils.logger:Model state saved to results\ho\DV\20260301-174503_seed0_ho_DV_b1_layered_e600_w120_4q_2l\checkpoints\2026-03-01_17-45-19-696925_ho_DV_seed\model.pth
INFO:src.utils.logger:Model weights saved to results\ho\DV\20260301-174503_seed0_ho_DV_b1_layered_e600_w120_4q_2l\checkpoints\2026-03-01_17-45-19-696925_ho_DV_seed\model_weights.pth
INFO:src.utils.logger:It: 225, Loss: 6.280e-02, Loss_res: 4.105e-02,  Loss_bcs: 1.079e-03, Loss_ut_ics: 1.032e-04, Loss_norm: 5.596e-06, Loss_gauge: 0.000e+00, w_pde: 1.00e+00, L^2_error: 9.735e-02, lr: 1.000e-03, Time: 6.70e+02
INFO:src.utils.logger:Model state saved to results\ho\DV\20260301-174503_seed0_ho_DV_b1_layered_e600_w120_4q_2l\checkpoints\2026-03-01_17-45-19-696925_ho_DV_seed\model.pth
INFO:src.utils.logger:Model weights saved to results\ho\DV\20260301-174503_seed0_ho_DV_b1_layered_e600_w120_4q_2l\checkpoints\2026-03-01_17-45-19-696925_ho_DV_seed\model_weights.pth
INFO:src.utils.logger:It: 226, Loss: 6.211e-02, Loss_res: 4.044e-02,  Loss_bcs: 1.076e-03, Loss_ut_ics: 1.028e-04, Loss_norm: 5.452e-06, Loss_gauge: 0.000e+00, w_pde: 1.00e+00, L^2_error: 9.733e-02, lr: 1.000e-03, Time: 6.73e+02
INFO:src.utils.logger:Model state saved to results\ho\DV\20260301-174503_seed0_ho_DV_b1_layered_e600_w120_4q_2l\checkpoints\2026-03-01_17-45-19-696925_ho_DV_seed\model.pth
INFO:src.utils.logger:Model weights saved to results\ho\DV\20260301-174503_seed0_ho_DV_b1_layered_e600_w120_4q_2l\checkpoints\2026-03-01_17-45-19-696925_ho_DV_seed\model_weights.pth
INFO:src.utils.logger:It: 227, Loss: 6.337e-02, Loss_res: 4.179e-02,  Loss_bcs: 1.072e-03, Loss_ut_ics: 1.024e-04, Loss_norm: 5.308e-06, Loss_gauge: 0.000e+00, w_pde: 1.00e+00, L^2_error: 9.731e-02, lr: 1.000e-03, Time: 6.76e+02
INFO:src.utils.logger:Model state saved to results\ho\DV\20260301-174503_seed0_ho_DV_b1_layered_e600_w120_4q_2l\checkpoints\2026-03-01_17-45-19-696925_ho_DV_seed\model.pth
INFO:src.utils.logger:Model weights saved to results\ho\DV\20260301-174503_seed0_ho_DV_b1_layered_e600_w120_4q_2l\checkpoints\2026-03-01_17-45-19-696925_ho_DV_seed\model_weights.pth
INFO:src.utils.logger:It: 228, Loss: 6.277e-02, Loss_res: 4.127e-02,  Loss_bcs: 1.066e-03, Loss_ut_ics: 1.020e-04, Loss_norm: 5.174e-06, Loss_gauge: 0.000e+00, w_pde: 1.00e+00, L^2_error: 9.730e-02, lr: 1.000e-03, Time: 6.79e+02
INFO:src.utils.logger:Model state saved to results\ho\DV\20260301-174503_seed0_ho_DV_b1_layered_e600_w120_4q_2l\checkpoints\2026-03-01_17-45-19-696925_ho_DV_seed\model.pth
INFO:src.utils.logger:Model weights saved to results\ho\DV\20260301-174503_seed0_ho_DV_b1_layered_e600_w120_4q_2l\checkpoints\2026-03-01_17-45-19-696925_ho_DV_seed\model_weights.pth
INFO:src.utils.logger:It: 229, Loss: 6.001e-02, Loss_res: 3.860e-02,  Loss_bcs: 1.062e-03, Loss_ut_ics: 1.017e-04, Loss_norm: 5.048e-06, Loss_gauge: 0.000e+00, w_pde: 1.00e+00, L^2_error: 9.727e-02, lr: 1.000e-03, Time: 6.82e+02
INFO:src.utils.logger:Model state saved to results\ho\DV\20260301-174503_seed0_ho_DV_b1_layered_e600_w120_4q_2l\checkpoints\2026-03-01_17-45-19-696925_ho_DV_seed\model.pth
INFO:src.utils.logger:Model weights saved to results\ho\DV\20260301-174503_seed0_ho_DV_b1_layered_e600_w120_4q_2l\checkpoints\2026-03-01_17-45-19-696925_ho_DV_seed\model_weights.pth
INFO:src.utils.logger:It: 230, Loss: 6.237e-02, Loss_res: 4.103e-02,  Loss_bcs: 1.063e-03, Loss_ut_ics: 1.013e-04, Loss_norm: 4.941e-06, Loss_gauge: 0.000e+00, w_pde: 1.00e+00, L^2_error: 9.723e-02, lr: 1.000e-03, Time: 6.85e+02
INFO:src.utils.logger:Model state saved to results\ho\DV\20260301-174503_seed0_ho_DV_b1_layered_e600_w120_4q_2l\checkpoints\2026-03-01_17-45-19-696925_ho_DV_seed\model.pth
INFO:src.utils.logger:Model weights saved to results\ho\DV\20260301-174503_seed0_ho_DV_b1_layered_e600_w120_4q_2l\checkpoints\2026-03-01_17-45-19-696925_ho_DV_seed\model_weights.pth
INFO:src.utils.logger:It: 231, Loss: 6.212e-02, Loss_res: 4.087e-02,  Loss_bcs: 1.057e-03, Loss_ut_ics: 1.009e-04, Loss_norm: 4.843e-06, Loss_gauge: 0.000e+00, w_pde: 1.00e+00, L^2_error: 9.720e-02, lr: 1.000e-03, Time: 6.87e+02
INFO:src.utils.logger:Model state saved to results\ho\DV\20260301-174503_seed0_ho_DV_b1_layered_e600_w120_4q_2l\checkpoints\2026-03-01_17-45-19-696925_ho_DV_seed\model.pth
INFO:src.utils.logger:Model weights saved to results\ho\DV\20260301-174503_seed0_ho_DV_b1_layered_e600_w120_4q_2l\checkpoints\2026-03-01_17-45-19-696925_ho_DV_seed\model_weights.pth
INFO:src.utils.logger:It: 232, Loss: 6.075e-02, Loss_res: 3.957e-02,  Loss_bcs: 1.059e-03, Loss_ut_ics: 1.005e-04, Loss_norm: 4.753e-06, Loss_gauge: 0.000e+00, w_pde: 1.00e+00, L^2_error: 9.717e-02, lr: 1.000e-03, Time: 6.90e+02
INFO:src.utils.logger:Model state saved to results\ho\DV\20260301-174503_seed0_ho_DV_b1_layered_e600_w120_4q_2l\checkpoints\2026-03-01_17-45-19-696925_ho_DV_seed\model.pth
INFO:src.utils.logger:Model weights saved to results\ho\DV\20260301-174503_seed0_ho_DV_b1_layered_e600_w120_4q_2l\checkpoints\2026-03-01_17-45-19-696925_ho_DV_seed\model_weights.pth
INFO:src.utils.logger:It: 233, Loss: 6.152e-02, Loss_res: 4.043e-02,  Loss_bcs: 1.052e-03, Loss_ut_ics: 1.001e-04, Loss_norm: 4.659e-06, Loss_gauge: 0.000e+00, w_pde: 1.00e+00, L^2_error: 9.715e-02, lr: 1.000e-03, Time: 6.93e+02
INFO:src.utils.logger:Model state saved to results\ho\DV\20260301-174503_seed0_ho_DV_b1_layered_e600_w120_4q_2l\checkpoints\2026-03-01_17-45-19-696925_ho_DV_seed\model.pth
INFO:src.utils.logger:Model weights saved to results\ho\DV\20260301-174503_seed0_ho_DV_b1_layered_e600_w120_4q_2l\checkpoints\2026-03-01_17-45-19-696925_ho_DV_seed\model_weights.pth
INFO:src.utils.logger:It: 234, Loss: 6.133e-02, Loss_res: 4.031e-02,  Loss_bcs: 1.055e-03, Loss_ut_ics: 9.970e-05, Loss_norm: 4.564e-06, Loss_gauge: 0.000e+00, w_pde: 1.00e+00, L^2_error: 9.714e-02, lr: 1.000e-03, Time: 6.96e+02
INFO:src.utils.logger:Model state saved to results\ho\DV\20260301-174503_seed0_ho_DV_b1_layered_e600_w120_4q_2l\checkpoints\2026-03-01_17-45-19-696925_ho_DV_seed\model.pth
INFO:src.utils.logger:Model weights saved to results\ho\DV\20260301-174503_seed0_ho_DV_b1_layered_e600_w120_4q_2l\checkpoints\2026-03-01_17-45-19-696925_ho_DV_seed\model_weights.pth
INFO:src.utils.logger:It: 235, Loss: 6.044e-02, Loss_res: 3.951e-02,  Loss_bcs: 1.050e-03, Loss_ut_ics: 9.932e-05, Loss_norm: 4.455e-06, Loss_gauge: 0.000e+00, w_pde: 1.00e+00, L^2_error: 9.713e-02, lr: 1.000e-03, Time: 6.99e+02
INFO:src.utils.logger:Model state saved to results\ho\DV\20260301-174503_seed0_ho_DV_b1_layered_e600_w120_4q_2l\checkpoints\2026-03-01_17-45-19-696925_ho_DV_seed\model.pth
INFO:src.utils.logger:Model weights saved to results\ho\DV\20260301-174503_seed0_ho_DV_b1_layered_e600_w120_4q_2l\checkpoints\2026-03-01_17-45-19-696925_ho_DV_seed\model_weights.pth
INFO:src.utils.logger:It: 236, Loss: 6.345e-02, Loss_res: 4.258e-02,  Loss_bcs: 1.052e-03, Loss_ut_ics: 9.895e-05, Loss_norm: 4.328e-06, Loss_gauge: 0.000e+00, w_pde: 1.00e+00, L^2_error: 9.709e-02, lr: 1.000e-03, Time: 7.02e+02
INFO:src.utils.logger:Model state saved to results\ho\DV\20260301-174503_seed0_ho_DV_b1_layered_e600_w120_4q_2l\checkpoints\2026-03-01_17-45-19-696925_ho_DV_seed\model.pth
INFO:src.utils.logger:Model weights saved to results\ho\DV\20260301-174503_seed0_ho_DV_b1_layered_e600_w120_4q_2l\checkpoints\2026-03-01_17-45-19-696925_ho_DV_seed\model_weights.pth
INFO:src.utils.logger:It: 237, Loss: 6.096e-02, Loss_res: 4.017e-02,  Loss_bcs: 1.047e-03, Loss_ut_ics: 9.857e-05, Loss_norm: 4.211e-06, Loss_gauge: 0.000e+00, w_pde: 1.00e+00, L^2_error: 9.703e-02, lr: 1.000e-03, Time: 7.05e+02
INFO:src.utils.logger:Model state saved to results\ho\DV\20260301-174503_seed0_ho_DV_b1_layered_e600_w120_4q_2l\checkpoints\2026-03-01_17-45-19-696925_ho_DV_seed\model.pth
INFO:src.utils.logger:Model weights saved to results\ho\DV\20260301-174503_seed0_ho_DV_b1_layered_e600_w120_4q_2l\checkpoints\2026-03-01_17-45-19-696925_ho_DV_seed\model_weights.pth
INFO:src.utils.logger:It: 238, Loss: 5.981e-02, Loss_res: 3.910e-02,  Loss_bcs: 1.047e-03, Loss_ut_ics: 9.818e-05, Loss_norm: 4.083e-06, Loss_gauge: 0.000e+00, w_pde: 1.00e+00, L^2_error: 9.696e-02, lr: 1.000e-03, Time: 7.08e+02
INFO:src.utils.logger:Model state saved to results\ho\DV\20260301-174503_seed0_ho_DV_b1_layered_e600_w120_4q_2l\checkpoints\2026-03-01_17-45-19-696925_ho_DV_seed\model.pth
INFO:src.utils.logger:Model weights saved to results\ho\DV\20260301-174503_seed0_ho_DV_b1_layered_e600_w120_4q_2l\checkpoints\2026-03-01_17-45-19-696925_ho_DV_seed\model_weights.pth
INFO:src.utils.logger:It: 239, Loss: 5.909e-02, Loss_res: 3.847e-02,  Loss_bcs: 1.042e-03, Loss_ut_ics: 9.779e-05, Loss_norm: 3.969e-06, Loss_gauge: 0.000e+00, w_pde: 1.00e+00, L^2_error: 9.690e-02, lr: 1.000e-03, Time: 7.11e+02
INFO:src.utils.logger:Model state saved to results\ho\DV\20260301-174503_seed0_ho_DV_b1_layered_e600_w120_4q_2l\checkpoints\2026-03-01_17-45-19-696925_ho_DV_seed\model.pth
INFO:src.utils.logger:Model weights saved to results\ho\DV\20260301-174503_seed0_ho_DV_b1_layered_e600_w120_4q_2l\checkpoints\2026-03-01_17-45-19-696925_ho_DV_seed\model_weights.pth
INFO:src.utils.logger:It: 240, Loss: 5.963e-02, Loss_res: 3.909e-02,  Loss_bcs: 1.040e-03, Loss_ut_ics: 9.740e-05, Loss_norm: 3.862e-06, Loss_gauge: 0.000e+00, w_pde: 1.00e+00, L^2_error: 9.685e-02, lr: 1.000e-03, Time: 7.13e+02
INFO:src.utils.logger:Model state saved to results\ho\DV\20260301-174503_seed0_ho_DV_b1_layered_e600_w120_4q_2l\checkpoints\2026-03-01_17-45-19-696925_ho_DV_seed\model.pth
INFO:src.utils.logger:Model weights saved to results\ho\DV\20260301-174503_seed0_ho_DV_b1_layered_e600_w120_4q_2l\checkpoints\2026-03-01_17-45-19-696925_ho_DV_seed\model_weights.pth
INFO:src.utils.logger:It: 241, Loss: 5.826e-02, Loss_res: 3.780e-02,  Loss_bcs: 1.038e-03, Loss_ut_ics: 9.702e-05, Loss_norm: 3.757e-06, Loss_gauge: 0.000e+00, w_pde: 1.00e+00, L^2_error: 9.682e-02, lr: 1.000e-03, Time: 7.16e+02
INFO:src.utils.logger:Model state saved to results\ho\DV\20260301-174503_seed0_ho_DV_b1_layered_e600_w120_4q_2l\checkpoints\2026-03-01_17-45-19-696925_ho_DV_seed\model.pth
INFO:src.utils.logger:Model weights saved to results\ho\DV\20260301-174503_seed0_ho_DV_b1_layered_e600_w120_4q_2l\checkpoints\2026-03-01_17-45-19-696925_ho_DV_seed\model_weights.pth
INFO:src.utils.logger:It: 242, Loss: 6.149e-02, Loss_res: 4.111e-02,  Loss_bcs: 1.036e-03, Loss_ut_ics: 9.663e-05, Loss_norm: 3.668e-06, Loss_gauge: 0.000e+00, w_pde: 1.00e+00, L^2_error: 9.681e-02, lr: 1.000e-03, Time: 7.19e+02
INFO:src.utils.logger:Model state saved to results\ho\DV\20260301-174503_seed0_ho_DV_b1_layered_e600_w120_4q_2l\checkpoints\2026-03-01_17-45-19-696925_ho_DV_seed\model.pth
INFO:src.utils.logger:Model weights saved to results\ho\DV\20260301-174503_seed0_ho_DV_b1_layered_e600_w120_4q_2l\checkpoints\2026-03-01_17-45-19-696925_ho_DV_seed\model_weights.pth
INFO:src.utils.logger:It: 243, Loss: 5.734e-02, Loss_res: 3.704e-02,  Loss_bcs: 1.032e-03, Loss_ut_ics: 9.626e-05, Loss_norm: 3.583e-06, Loss_gauge: 0.000e+00, w_pde: 1.00e+00, L^2_error: 9.678e-02, lr: 1.000e-03, Time: 7.22e+02
INFO:src.utils.logger:Model state saved to results\ho\DV\20260301-174503_seed0_ho_DV_b1_layered_e600_w120_4q_2l\checkpoints\2026-03-01_17-45-19-696925_ho_DV_seed\model.pth
INFO:src.utils.logger:Model weights saved to results\ho\DV\20260301-174503_seed0_ho_DV_b1_layered_e600_w120_4q_2l\checkpoints\2026-03-01_17-45-19-696925_ho_DV_seed\model_weights.pth
INFO:src.utils.logger:It: 244, Loss: 5.843e-02, Loss_res: 3.821e-02,  Loss_bcs: 1.034e-03, Loss_ut_ics: 9.587e-05, Loss_norm: 3.518e-06, Loss_gauge: 0.000e+00, w_pde: 1.00e+00, L^2_error: 9.674e-02, lr: 1.000e-03, Time: 7.25e+02
INFO:src.utils.logger:Model state saved to results\ho\DV\20260301-174503_seed0_ho_DV_b1_layered_e600_w120_4q_2l\checkpoints\2026-03-01_17-45-19-696925_ho_DV_seed\model.pth
INFO:src.utils.logger:Model weights saved to results\ho\DV\20260301-174503_seed0_ho_DV_b1_layered_e600_w120_4q_2l\checkpoints\2026-03-01_17-45-19-696925_ho_DV_seed\model_weights.pth
INFO:src.utils.logger:It: 245, Loss: 5.922e-02, Loss_res: 3.907e-02,  Loss_bcs: 1.033e-03, Loss_ut_ics: 9.546e-05, Loss_norm: 3.455e-06, Loss_gauge: 0.000e+00, w_pde: 1.00e+00, L^2_error: 9.670e-02, lr: 1.000e-03, Time: 7.28e+02
INFO:src.utils.logger:Model state saved to results\ho\DV\20260301-174503_seed0_ho_DV_b1_layered_e600_w120_4q_2l\checkpoints\2026-03-01_17-45-19-696925_ho_DV_seed\model.pth
INFO:src.utils.logger:Model weights saved to results\ho\DV\20260301-174503_seed0_ho_DV_b1_layered_e600_w120_4q_2l\checkpoints\2026-03-01_17-45-19-696925_ho_DV_seed\model_weights.pth
INFO:src.utils.logger:It: 246, Loss: 5.934e-02, Loss_res: 3.929e-02,  Loss_bcs: 1.029e-03, Loss_ut_ics: 9.506e-05, Loss_norm: 3.384e-06, Loss_gauge: 0.000e+00, w_pde: 1.00e+00, L^2_error: 9.666e-02, lr: 1.000e-03, Time: 7.31e+02
INFO:src.utils.logger:Model state saved to results\ho\DV\20260301-174503_seed0_ho_DV_b1_layered_e600_w120_4q_2l\checkpoints\2026-03-01_17-45-19-696925_ho_DV_seed\model.pth
INFO:src.utils.logger:Model weights saved to results\ho\DV\20260301-174503_seed0_ho_DV_b1_layered_e600_w120_4q_2l\checkpoints\2026-03-01_17-45-19-696925_ho_DV_seed\model_weights.pth
INFO:src.utils.logger:It: 247, Loss: 6.187e-02, Loss_res: 4.189e-02,  Loss_bcs: 1.027e-03, Loss_ut_ics: 9.465e-05, Loss_norm: 3.332e-06, Loss_gauge: 0.000e+00, w_pde: 1.00e+00, L^2_error: 9.664e-02, lr: 1.000e-03, Time: 7.33e+02
INFO:src.utils.logger:Model state saved to results\ho\DV\20260301-174503_seed0_ho_DV_b1_layered_e600_w120_4q_2l\checkpoints\2026-03-01_17-45-19-696925_ho_DV_seed\model.pth
INFO:src.utils.logger:Model weights saved to results\ho\DV\20260301-174503_seed0_ho_DV_b1_layered_e600_w120_4q_2l\checkpoints\2026-03-01_17-45-19-696925_ho_DV_seed\model_weights.pth
INFO:src.utils.logger:It: 248, Loss: 6.036e-02, Loss_res: 4.046e-02,  Loss_bcs: 1.030e-03, Loss_ut_ics: 9.426e-05, Loss_norm: 3.295e-06, Loss_gauge: 0.000e+00, w_pde: 1.00e+00, L^2_error: 9.661e-02, lr: 1.000e-03, Time: 7.36e+02
INFO:src.utils.logger:Model state saved to results\ho\DV\20260301-174503_seed0_ho_DV_b1_layered_e600_w120_4q_2l\checkpoints\2026-03-01_17-45-19-696925_ho_DV_seed\model.pth
INFO:src.utils.logger:Model weights saved to results\ho\DV\20260301-174503_seed0_ho_DV_b1_layered_e600_w120_4q_2l\checkpoints\2026-03-01_17-45-19-696925_ho_DV_seed\model_weights.pth
INFO:src.utils.logger:It: 249, Loss: 5.676e-02, Loss_res: 3.694e-02,  Loss_bcs: 1.026e-03, Loss_ut_ics: 9.388e-05, Loss_norm: 3.244e-06, Loss_gauge: 0.000e+00, w_pde: 1.00e+00, L^2_error: 9.658e-02, lr: 1.000e-03, Time: 7.39e+02
INFO:src.utils.logger:Model state saved to results\ho\DV\20260301-174503_seed0_ho_DV_b1_layered_e600_w120_4q_2l\checkpoints\2026-03-01_17-45-19-696925_ho_DV_seed\model.pth
INFO:src.utils.logger:Model weights saved to results\ho\DV\20260301-174503_seed0_ho_DV_b1_layered_e600_w120_4q_2l\checkpoints\2026-03-01_17-45-19-696925_ho_DV_seed\model_weights.pth
INFO:src.utils.logger:It: 250, Loss: 5.853e-02, Loss_res: 3.879e-02,  Loss_bcs: 1.022e-03, Loss_ut_ics: 9.348e-05, Loss_norm: 3.194e-06, Loss_gauge: 0.000e+00, w_pde: 1.00e+00, L^2_error: 9.653e-02, lr: 1.000e-03, Time: 7.42e+02
INFO:src.utils.logger:Model state saved to results\ho\DV\20260301-174503_seed0_ho_DV_b1_layered_e600_w120_4q_2l\checkpoints\2026-03-01_17-45-19-696925_ho_DV_seed\model.pth
INFO:src.utils.logger:Model weights saved to results\ho\DV\20260301-174503_seed0_ho_DV_b1_layered_e600_w120_4q_2l\checkpoints\2026-03-01_17-45-19-696925_ho_DV_seed\model_weights.pth
INFO:src.utils.logger:It: 251, Loss: 5.831e-02, Loss_res: 3.866e-02,  Loss_bcs: 1.020e-03, Loss_ut_ics: 9.308e-05, Loss_norm: 3.152e-06, Loss_gauge: 0.000e+00, w_pde: 1.00e+00, L^2_error: 9.646e-02, lr: 1.000e-03, Time: 7.45e+02
INFO:src.utils.logger:Model state saved to results\ho\DV\20260301-174503_seed0_ho_DV_b1_layered_e600_w120_4q_2l\checkpoints\2026-03-01_17-45-19-696925_ho_DV_seed\model.pth
INFO:src.utils.logger:Model weights saved to results\ho\DV\20260301-174503_seed0_ho_DV_b1_layered_e600_w120_4q_2l\checkpoints\2026-03-01_17-45-19-696925_ho_DV_seed\model_weights.pth
INFO:src.utils.logger:It: 252, Loss: 6.040e-02, Loss_res: 4.083e-02,  Loss_bcs: 1.019e-03, Loss_ut_ics: 9.267e-05, Loss_norm: 3.084e-06, Loss_gauge: 0.000e+00, w_pde: 1.00e+00, L^2_error: 9.643e-02, lr: 1.000e-03, Time: 7.48e+02
INFO:src.utils.logger:Model state saved to results\ho\DV\20260301-174503_seed0_ho_DV_b1_layered_e600_w120_4q_2l\checkpoints\2026-03-01_17-45-19-696925_ho_DV_seed\model.pth
INFO:src.utils.logger:Model weights saved to results\ho\DV\20260301-174503_seed0_ho_DV_b1_layered_e600_w120_4q_2l\checkpoints\2026-03-01_17-45-19-696925_ho_DV_seed\model_weights.pth
INFO:src.utils.logger:It: 253, Loss: 5.950e-02, Loss_res: 4.001e-02,  Loss_bcs: 1.015e-03, Loss_ut_ics: 9.228e-05, Loss_norm: 3.022e-06, Loss_gauge: 0.000e+00, w_pde: 1.00e+00, L^2_error: 9.641e-02, lr: 1.000e-03, Time: 7.51e+02
INFO:src.utils.logger:Model state saved to results\ho\DV\20260301-174503_seed0_ho_DV_b1_layered_e600_w120_4q_2l\checkpoints\2026-03-01_17-45-19-696925_ho_DV_seed\model.pth
INFO:src.utils.logger:Model weights saved to results\ho\DV\20260301-174503_seed0_ho_DV_b1_layered_e600_w120_4q_2l\checkpoints\2026-03-01_17-45-19-696925_ho_DV_seed\model_weights.pth
INFO:src.utils.logger:It: 254, Loss: 5.845e-02, Loss_res: 3.904e-02,  Loss_bcs: 1.015e-03, Loss_ut_ics: 9.189e-05, Loss_norm: 2.923e-06, Loss_gauge: 0.000e+00, w_pde: 1.00e+00, L^2_error: 9.637e-02, lr: 1.000e-03, Time: 7.54e+02
INFO:src.utils.logger:Model state saved to results\ho\DV\20260301-174503_seed0_ho_DV_b1_layered_e600_w120_4q_2l\checkpoints\2026-03-01_17-45-19-696925_ho_DV_seed\model.pth
INFO:src.utils.logger:Model weights saved to results\ho\DV\20260301-174503_seed0_ho_DV_b1_layered_e600_w120_4q_2l\checkpoints\2026-03-01_17-45-19-696925_ho_DV_seed\model_weights.pth
INFO:src.utils.logger:It: 255, Loss: 5.687e-02, Loss_res: 3.754e-02,  Loss_bcs: 1.015e-03, Loss_ut_ics: 9.150e-05, Loss_norm: 2.837e-06, Loss_gauge: 0.000e+00, w_pde: 1.00e+00, L^2_error: 9.633e-02, lr: 1.000e-03, Time: 7.57e+02
INFO:src.utils.logger:Model state saved to results\ho\DV\20260301-174503_seed0_ho_DV_b1_layered_e600_w120_4q_2l\checkpoints\2026-03-01_17-45-19-696925_ho_DV_seed\model.pth
INFO:src.utils.logger:Model weights saved to results\ho\DV\20260301-174503_seed0_ho_DV_b1_layered_e600_w120_4q_2l\checkpoints\2026-03-01_17-45-19-696925_ho_DV_seed\model_weights.pth
INFO:src.utils.logger:It: 256, Loss: 5.753e-02, Loss_res: 3.829e-02,  Loss_bcs: 1.011e-03, Loss_ut_ics: 9.110e-05, Loss_norm: 2.738e-06, Loss_gauge: 0.000e+00, w_pde: 1.00e+00, L^2_error: 9.628e-02, lr: 1.000e-03, Time: 7.59e+02
INFO:src.utils.logger:Model state saved to results\ho\DV\20260301-174503_seed0_ho_DV_b1_layered_e600_w120_4q_2l\checkpoints\2026-03-01_17-45-19-696925_ho_DV_seed\model.pth
INFO:src.utils.logger:Model weights saved to results\ho\DV\20260301-174503_seed0_ho_DV_b1_layered_e600_w120_4q_2l\checkpoints\2026-03-01_17-45-19-696925_ho_DV_seed\model_weights.pth
INFO:src.utils.logger:It: 257, Loss: 5.758e-02, Loss_res: 3.842e-02,  Loss_bcs: 1.006e-03, Loss_ut_ics: 9.070e-05, Loss_norm: 2.612e-06, Loss_gauge: 0.000e+00, w_pde: 1.00e+00, L^2_error: 9.623e-02, lr: 1.000e-03, Time: 7.62e+02
INFO:src.utils.logger:Model state saved to results\ho\DV\20260301-174503_seed0_ho_DV_b1_layered_e600_w120_4q_2l\checkpoints\2026-03-01_17-45-19-696925_ho_DV_seed\model.pth
INFO:src.utils.logger:Model weights saved to results\ho\DV\20260301-174503_seed0_ho_DV_b1_layered_e600_w120_4q_2l\checkpoints\2026-03-01_17-45-19-696925_ho_DV_seed\model_weights.pth
INFO:src.utils.logger:It: 258, Loss: 5.965e-02, Loss_res: 4.057e-02,  Loss_bcs: 1.007e-03, Loss_ut_ics: 9.030e-05, Loss_norm: 2.449e-06, Loss_gauge: 0.000e+00, w_pde: 1.00e+00, L^2_error: 9.620e-02, lr: 1.000e-03, Time: 7.65e+02
INFO:src.utils.logger:Model state saved to results\ho\DV\20260301-174503_seed0_ho_DV_b1_layered_e600_w120_4q_2l\checkpoints\2026-03-01_17-45-19-696925_ho_DV_seed\model.pth
INFO:src.utils.logger:Model weights saved to results\ho\DV\20260301-174503_seed0_ho_DV_b1_layered_e600_w120_4q_2l\checkpoints\2026-03-01_17-45-19-696925_ho_DV_seed\model_weights.pth
INFO:src.utils.logger:It: 259, Loss: 5.744e-02, Loss_res: 3.845e-02,  Loss_bcs: 9.991e-04, Loss_ut_ics: 8.991e-05, Loss_norm: 2.297e-06, Loss_gauge: 0.000e+00, w_pde: 1.00e+00, L^2_error: 9.615e-02, lr: 1.000e-03, Time: 7.68e+02
INFO:src.utils.logger:Model state saved to results\ho\DV\20260301-174503_seed0_ho_DV_b1_layered_e600_w120_4q_2l\checkpoints\2026-03-01_17-45-19-696925_ho_DV_seed\model.pth
INFO:src.utils.logger:Model weights saved to results\ho\DV\20260301-174503_seed0_ho_DV_b1_layered_e600_w120_4q_2l\checkpoints\2026-03-01_17-45-19-696925_ho_DV_seed\model_weights.pth
INFO:src.utils.logger:It: 260, Loss: 5.745e-02, Loss_res: 3.854e-02,  Loss_bcs: 9.958e-04, Loss_ut_ics: 8.952e-05, Loss_norm: 2.176e-06, Loss_gauge: 0.000e+00, w_pde: 1.00e+00, L^2_error: 9.611e-02, lr: 1.000e-03, Time: 7.71e+02
INFO:src.utils.logger:Model state saved to results\ho\DV\20260301-174503_seed0_ho_DV_b1_layered_e600_w120_4q_2l\checkpoints\2026-03-01_17-45-19-696925_ho_DV_seed\model.pth
INFO:src.utils.logger:Model weights saved to results\ho\DV\20260301-174503_seed0_ho_DV_b1_layered_e600_w120_4q_2l\checkpoints\2026-03-01_17-45-19-696925_ho_DV_seed\model_weights.pth
INFO:src.utils.logger:It: 261, Loss: 5.790e-02, Loss_res: 3.907e-02,  Loss_bcs: 9.905e-04, Loss_ut_ics: 8.914e-05, Loss_norm: 2.099e-06, Loss_gauge: 0.000e+00, w_pde: 1.00e+00, L^2_error: 9.606e-02, lr: 1.000e-03, Time: 7.74e+02
INFO:src.utils.logger:Model state saved to results\ho\DV\20260301-174503_seed0_ho_DV_b1_layered_e600_w120_4q_2l\checkpoints\2026-03-01_17-45-19-696925_ho_DV_seed\model.pth
INFO:src.utils.logger:Model weights saved to results\ho\DV\20260301-174503_seed0_ho_DV_b1_layered_e600_w120_4q_2l\checkpoints\2026-03-01_17-45-19-696925_ho_DV_seed\model_weights.pth
INFO:src.utils.logger:It: 262, Loss: 5.411e-02, Loss_res: 3.537e-02,  Loss_bcs: 9.848e-04, Loss_ut_ics: 8.875e-05, Loss_norm: 2.075e-06, Loss_gauge: 0.000e+00, w_pde: 1.00e+00, L^2_error: 9.600e-02, lr: 1.000e-03, Time: 7.77e+02
INFO:src.utils.logger:Model state saved to results\ho\DV\20260301-174503_seed0_ho_DV_b1_layered_e600_w120_4q_2l\checkpoints\2026-03-01_17-45-19-696925_ho_DV_seed\model.pth
INFO:src.utils.logger:Model weights saved to results\ho\DV\20260301-174503_seed0_ho_DV_b1_layered_e600_w120_4q_2l\checkpoints\2026-03-01_17-45-19-696925_ho_DV_seed\model_weights.pth
INFO:src.utils.logger:It: 263, Loss: 5.580e-02, Loss_res: 3.713e-02,  Loss_bcs: 9.828e-04, Loss_ut_ics: 8.835e-05, Loss_norm: 2.088e-06, Loss_gauge: 0.000e+00, w_pde: 1.00e+00, L^2_error: 9.595e-02, lr: 1.000e-03, Time: 7.80e+02
INFO:src.utils.logger:Model state saved to results\ho\DV\20260301-174503_seed0_ho_DV_b1_layered_e600_w120_4q_2l\checkpoints\2026-03-01_17-45-19-696925_ho_DV_seed\model.pth
INFO:src.utils.logger:Model weights saved to results\ho\DV\20260301-174503_seed0_ho_DV_b1_layered_e600_w120_4q_2l\checkpoints\2026-03-01_17-45-19-696925_ho_DV_seed\model_weights.pth
INFO:src.utils.logger:It: 264, Loss: 5.789e-02, Loss_res: 3.931e-02,  Loss_bcs: 9.775e-04, Loss_ut_ics: 8.796e-05, Loss_norm: 2.106e-06, Loss_gauge: 0.000e+00, w_pde: 1.00e+00, L^2_error: 9.592e-02, lr: 1.000e-03, Time: 7.82e+02
INFO:src.utils.logger:Model state saved to results\ho\DV\20260301-174503_seed0_ho_DV_b1_layered_e600_w120_4q_2l\checkpoints\2026-03-01_17-45-19-696925_ho_DV_seed\model.pth
INFO:src.utils.logger:Model weights saved to results\ho\DV\20260301-174503_seed0_ho_DV_b1_layered_e600_w120_4q_2l\checkpoints\2026-03-01_17-45-19-696925_ho_DV_seed\model_weights.pth
INFO:src.utils.logger:It: 265, Loss: 5.859e-02, Loss_res: 4.010e-02,  Loss_bcs: 9.719e-04, Loss_ut_ics: 8.757e-05, Loss_norm: 2.151e-06, Loss_gauge: 0.000e+00, w_pde: 1.00e+00, L^2_error: 9.587e-02, lr: 1.000e-03, Time: 7.85e+02
INFO:src.utils.logger:Model state saved to results\ho\DV\20260301-174503_seed0_ho_DV_b1_layered_e600_w120_4q_2l\checkpoints\2026-03-01_17-45-19-696925_ho_DV_seed\model.pth
INFO:src.utils.logger:Model weights saved to results\ho\DV\20260301-174503_seed0_ho_DV_b1_layered_e600_w120_4q_2l\checkpoints\2026-03-01_17-45-19-696925_ho_DV_seed\model_weights.pth
INFO:src.utils.logger:It: 266, Loss: 6.099e-02, Loss_res: 4.257e-02,  Loss_bcs: 9.691e-04, Loss_ut_ics: 8.717e-05, Loss_norm: 2.245e-06, Loss_gauge: 0.000e+00, w_pde: 1.00e+00, L^2_error: 9.585e-02, lr: 1.000e-03, Time: 7.88e+02
INFO:src.utils.logger:Model state saved to results\ho\DV\20260301-174503_seed0_ho_DV_b1_layered_e600_w120_4q_2l\checkpoints\2026-03-01_17-45-19-696925_ho_DV_seed\model.pth
INFO:src.utils.logger:Model weights saved to results\ho\DV\20260301-174503_seed0_ho_DV_b1_layered_e600_w120_4q_2l\checkpoints\2026-03-01_17-45-19-696925_ho_DV_seed\model_weights.pth
INFO:src.utils.logger:It: 267, Loss: 5.769e-02, Loss_res: 3.936e-02,  Loss_bcs: 9.640e-04, Loss_ut_ics: 8.679e-05, Loss_norm: 2.352e-06, Loss_gauge: 0.000e+00, w_pde: 1.00e+00, L^2_error: 9.580e-02, lr: 1.000e-03, Time: 7.91e+02
INFO:src.utils.logger:Model state saved to results\ho\DV\20260301-174503_seed0_ho_DV_b1_layered_e600_w120_4q_2l\checkpoints\2026-03-01_17-45-19-696925_ho_DV_seed\model.pth
INFO:src.utils.logger:Model weights saved to results\ho\DV\20260301-174503_seed0_ho_DV_b1_layered_e600_w120_4q_2l\checkpoints\2026-03-01_17-45-19-696925_ho_DV_seed\model_weights.pth
INFO:src.utils.logger:It: 268, Loss: 5.810e-02, Loss_res: 3.985e-02,  Loss_bcs: 9.587e-04, Loss_ut_ics: 8.639e-05, Loss_norm: 2.437e-06, Loss_gauge: 0.000e+00, w_pde: 1.00e+00, L^2_error: 9.574e-02, lr: 1.000e-03, Time: 7.94e+02
INFO:src.utils.logger:Model state saved to results\ho\DV\20260301-174503_seed0_ho_DV_b1_layered_e600_w120_4q_2l\checkpoints\2026-03-01_17-45-19-696925_ho_DV_seed\model.pth
INFO:src.utils.logger:Model weights saved to results\ho\DV\20260301-174503_seed0_ho_DV_b1_layered_e600_w120_4q_2l\checkpoints\2026-03-01_17-45-19-696925_ho_DV_seed\model_weights.pth
INFO:src.utils.logger:It: 269, Loss: 5.590e-02, Loss_res: 3.773e-02,  Loss_bcs: 9.575e-04, Loss_ut_ics: 8.599e-05, Loss_norm: 2.450e-06, Loss_gauge: 0.000e+00, w_pde: 1.00e+00, L^2_error: 9.569e-02, lr: 1.000e-03, Time: 7.97e+02
INFO:src.utils.logger:Model state saved to results\ho\DV\20260301-174503_seed0_ho_DV_b1_layered_e600_w120_4q_2l\checkpoints\2026-03-01_17-45-19-696925_ho_DV_seed\model.pth
INFO:src.utils.logger:Model weights saved to results\ho\DV\20260301-174503_seed0_ho_DV_b1_layered_e600_w120_4q_2l\checkpoints\2026-03-01_17-45-19-696925_ho_DV_seed\model_weights.pth
INFO:src.utils.logger:It: 270, Loss: 5.785e-02, Loss_res: 3.977e-02,  Loss_bcs: 9.529e-04, Loss_ut_ics: 8.559e-05, Loss_norm: 2.371e-06, Loss_gauge: 0.000e+00, w_pde: 1.00e+00, L^2_error: 9.564e-02, lr: 1.000e-03, Time: 8.00e+02
INFO:src.utils.logger:Model state saved to results\ho\DV\20260301-174503_seed0_ho_DV_b1_layered_e600_w120_4q_2l\checkpoints\2026-03-01_17-45-19-696925_ho_DV_seed\model.pth
INFO:src.utils.logger:Model weights saved to results\ho\DV\20260301-174503_seed0_ho_DV_b1_layered_e600_w120_4q_2l\checkpoints\2026-03-01_17-45-19-696925_ho_DV_seed\model_weights.pth
INFO:src.utils.logger:It: 271, Loss: 5.534e-02, Loss_res: 3.734e-02,  Loss_bcs: 9.488e-04, Loss_ut_ics: 8.519e-05, Loss_norm: 2.240e-06, Loss_gauge: 0.000e+00, w_pde: 1.00e+00, L^2_error: 9.560e-02, lr: 1.000e-03, Time: 8.03e+02
INFO:src.utils.logger:Model state saved to results\ho\DV\20260301-174503_seed0_ho_DV_b1_layered_e600_w120_4q_2l\checkpoints\2026-03-01_17-45-19-696925_ho_DV_seed\model.pth
INFO:src.utils.logger:Model weights saved to results\ho\DV\20260301-174503_seed0_ho_DV_b1_layered_e600_w120_4q_2l\checkpoints\2026-03-01_17-45-19-696925_ho_DV_seed\model_weights.pth
INFO:src.utils.logger:It: 272, Loss: 5.606e-02, Loss_res: 3.815e-02,  Loss_bcs: 9.469e-04, Loss_ut_ics: 8.479e-05, Loss_norm: 2.130e-06, Loss_gauge: 0.000e+00, w_pde: 1.00e+00, L^2_error: 9.555e-02, lr: 1.000e-03, Time: 8.07e+02
INFO:src.utils.logger:Model state saved to results\ho\DV\20260301-174503_seed0_ho_DV_b1_layered_e600_w120_4q_2l\checkpoints\2026-03-01_17-45-19-696925_ho_DV_seed\model.pth
INFO:src.utils.logger:Model weights saved to results\ho\DV\20260301-174503_seed0_ho_DV_b1_layered_e600_w120_4q_2l\checkpoints\2026-03-01_17-45-19-696925_ho_DV_seed\model_weights.pth
INFO:src.utils.logger:It: 273, Loss: 5.695e-02, Loss_res: 3.912e-02,  Loss_bcs: 9.438e-04, Loss_ut_ics: 8.439e-05, Loss_norm: 2.036e-06, Loss_gauge: 0.000e+00, w_pde: 1.00e+00, L^2_error: 9.551e-02, lr: 1.000e-03, Time: 8.10e+02
INFO:src.utils.logger:Model state saved to results\ho\DV\20260301-174503_seed0_ho_DV_b1_layered_e600_w120_4q_2l\checkpoints\2026-03-01_17-45-19-696925_ho_DV_seed\model.pth
INFO:src.utils.logger:Model weights saved to results\ho\DV\20260301-174503_seed0_ho_DV_b1_layered_e600_w120_4q_2l\checkpoints\2026-03-01_17-45-19-696925_ho_DV_seed\model_weights.pth
INFO:src.utils.logger:It: 274, Loss: 5.800e-02, Loss_res: 4.025e-02,  Loss_bcs: 9.415e-04, Loss_ut_ics: 8.400e-05, Loss_norm: 1.950e-06, Loss_gauge: 0.000e+00, w_pde: 1.00e+00, L^2_error: 9.545e-02, lr: 1.000e-03, Time: 8.13e+02
INFO:src.utils.logger:Model state saved to results\ho\DV\20260301-174503_seed0_ho_DV_b1_layered_e600_w120_4q_2l\checkpoints\2026-03-01_17-45-19-696925_ho_DV_seed\model.pth
INFO:src.utils.logger:Model weights saved to results\ho\DV\20260301-174503_seed0_ho_DV_b1_layered_e600_w120_4q_2l\checkpoints\2026-03-01_17-45-19-696925_ho_DV_seed\model_weights.pth
INFO:src.utils.logger:It: 275, Loss: 5.493e-02, Loss_res: 3.726e-02,  Loss_bcs: 9.384e-04, Loss_ut_ics: 8.361e-05, Loss_norm: 1.887e-06, Loss_gauge: 0.000e+00, w_pde: 1.00e+00, L^2_error: 9.541e-02, lr: 1.000e-03, Time: 8.16e+02
INFO:src.utils.logger:Model state saved to results\ho\DV\20260301-174503_seed0_ho_DV_b1_layered_e600_w120_4q_2l\checkpoints\2026-03-01_17-45-19-696925_ho_DV_seed\model.pth
INFO:src.utils.logger:Model weights saved to results\ho\DV\20260301-174503_seed0_ho_DV_b1_layered_e600_w120_4q_2l\checkpoints\2026-03-01_17-45-19-696925_ho_DV_seed\model_weights.pth
INFO:src.utils.logger:It: 276, Loss: 5.710e-02, Loss_res: 3.950e-02,  Loss_bcs: 9.373e-04, Loss_ut_ics: 8.322e-05, Loss_norm: 1.843e-06, Loss_gauge: 0.000e+00, w_pde: 1.00e+00, L^2_error: 9.536e-02, lr: 1.000e-03, Time: 8.19e+02
INFO:src.utils.logger:Model state saved to results\ho\DV\20260301-174503_seed0_ho_DV_b1_layered_e600_w120_4q_2l\checkpoints\2026-03-01_17-45-19-696925_ho_DV_seed\model.pth
INFO:src.utils.logger:Model weights saved to results\ho\DV\20260301-174503_seed0_ho_DV_b1_layered_e600_w120_4q_2l\checkpoints\2026-03-01_17-45-19-696925_ho_DV_seed\model_weights.pth
INFO:src.utils.logger:It: 277, Loss: 5.603e-02, Loss_res: 3.852e-02,  Loss_bcs: 9.337e-04, Loss_ut_ics: 8.284e-05, Loss_norm: 1.830e-06, Loss_gauge: 0.000e+00, w_pde: 1.00e+00, L^2_error: 9.530e-02, lr: 1.000e-03, Time: 8.22e+02
INFO:src.utils.logger:Model state saved to results\ho\DV\20260301-174503_seed0_ho_DV_b1_layered_e600_w120_4q_2l\checkpoints\2026-03-01_17-45-19-696925_ho_DV_seed\model.pth
INFO:src.utils.logger:Model weights saved to results\ho\DV\20260301-174503_seed0_ho_DV_b1_layered_e600_w120_4q_2l\checkpoints\2026-03-01_17-45-19-696925_ho_DV_seed\model_weights.pth
INFO:src.utils.logger:It: 278, Loss: 5.716e-02, Loss_res: 3.973e-02,  Loss_bcs: 9.311e-04, Loss_ut_ics: 8.246e-05, Loss_norm: 1.828e-06, Loss_gauge: 0.000e+00, w_pde: 1.00e+00, L^2_error: 9.522e-02, lr: 1.000e-03, Time: 8.25e+02
INFO:src.utils.logger:Model state saved to results\ho\DV\20260301-174503_seed0_ho_DV_b1_layered_e600_w120_4q_2l\checkpoints\2026-03-01_17-45-19-696925_ho_DV_seed\model.pth
INFO:src.utils.logger:Model weights saved to results\ho\DV\20260301-174503_seed0_ho_DV_b1_layered_e600_w120_4q_2l\checkpoints\2026-03-01_17-45-19-696925_ho_DV_seed\model_weights.pth
INFO:src.utils.logger:It: 279, Loss: 5.658e-02, Loss_res: 3.923e-02,  Loss_bcs: 9.290e-04, Loss_ut_ics: 8.206e-05, Loss_norm: 1.875e-06, Loss_gauge: 0.000e+00, w_pde: 1.00e+00, L^2_error: 9.514e-02, lr: 1.000e-03, Time: 8.28e+02
INFO:src.utils.logger:Model state saved to results\ho\DV\20260301-174503_seed0_ho_DV_b1_layered_e600_w120_4q_2l\checkpoints\2026-03-01_17-45-19-696925_ho_DV_seed\model.pth
INFO:src.utils.logger:Model weights saved to results\ho\DV\20260301-174503_seed0_ho_DV_b1_layered_e600_w120_4q_2l\checkpoints\2026-03-01_17-45-19-696925_ho_DV_seed\model_weights.pth
INFO:src.utils.logger:It: 280, Loss: 5.696e-02, Loss_res: 3.968e-02,  Loss_bcs: 9.299e-04, Loss_ut_ics: 8.167e-05, Loss_norm: 1.960e-06, Loss_gauge: 0.000e+00, w_pde: 1.00e+00, L^2_error: 9.507e-02, lr: 1.000e-03, Time: 8.31e+02
INFO:src.utils.logger:Model state saved to results\ho\DV\20260301-174503_seed0_ho_DV_b1_layered_e600_w120_4q_2l\checkpoints\2026-03-01_17-45-19-696925_ho_DV_seed\model.pth
INFO:src.utils.logger:Model weights saved to results\ho\DV\20260301-174503_seed0_ho_DV_b1_layered_e600_w120_4q_2l\checkpoints\2026-03-01_17-45-19-696925_ho_DV_seed\model_weights.pth
INFO:src.utils.logger:It: 281, Loss: 5.643e-02, Loss_res: 3.924e-02,  Loss_bcs: 9.246e-04, Loss_ut_ics: 8.128e-05, Loss_norm: 2.080e-06, Loss_gauge: 0.000e+00, w_pde: 1.00e+00, L^2_error: 9.501e-02, lr: 1.000e-03, Time: 8.34e+02
INFO:src.utils.logger:Model state saved to results\ho\DV\20260301-174503_seed0_ho_DV_b1_layered_e600_w120_4q_2l\checkpoints\2026-03-01_17-45-19-696925_ho_DV_seed\model.pth
INFO:src.utils.logger:Model weights saved to results\ho\DV\20260301-174503_seed0_ho_DV_b1_layered_e600_w120_4q_2l\checkpoints\2026-03-01_17-45-19-696925_ho_DV_seed\model_weights.pth
INFO:src.utils.logger:It: 282, Loss: 5.442e-02, Loss_res: 3.730e-02,  Loss_bcs: 9.241e-04, Loss_ut_ics: 8.089e-05, Loss_norm: 2.222e-06, Loss_gauge: 0.000e+00, w_pde: 1.00e+00, L^2_error: 9.498e-02, lr: 1.000e-03, Time: 8.38e+02
INFO:src.utils.logger:Model state saved to results\ho\DV\20260301-174503_seed0_ho_DV_b1_layered_e600_w120_4q_2l\checkpoints\2026-03-01_17-45-19-696925_ho_DV_seed\model.pth
INFO:src.utils.logger:Model weights saved to results\ho\DV\20260301-174503_seed0_ho_DV_b1_layered_e600_w120_4q_2l\checkpoints\2026-03-01_17-45-19-696925_ho_DV_seed\model_weights.pth
INFO:src.utils.logger:It: 283, Loss: 5.577e-02, Loss_res: 3.873e-02,  Loss_bcs: 9.204e-04, Loss_ut_ics: 8.051e-05, Loss_norm: 2.289e-06, Loss_gauge: 0.000e+00, w_pde: 1.00e+00, L^2_error: 9.495e-02, lr: 1.000e-03, Time: 8.42e+02
INFO:src.utils.logger:Model state saved to results\ho\DV\20260301-174503_seed0_ho_DV_b1_layered_e600_w120_4q_2l\checkpoints\2026-03-01_17-45-19-696925_ho_DV_seed\model.pth
INFO:src.utils.logger:Model weights saved to results\ho\DV\20260301-174503_seed0_ho_DV_b1_layered_e600_w120_4q_2l\checkpoints\2026-03-01_17-45-19-696925_ho_DV_seed\model_weights.pth
INFO:src.utils.logger:It: 284, Loss: 5.362e-02, Loss_res: 3.666e-02,  Loss_bcs: 9.171e-04, Loss_ut_ics: 8.013e-05, Loss_norm: 2.288e-06, Loss_gauge: 0.000e+00, w_pde: 1.00e+00, L^2_error: 9.489e-02, lr: 1.000e-03, Time: 8.45e+02
INFO:src.utils.logger:Model state saved to results\ho\DV\20260301-174503_seed0_ho_DV_b1_layered_e600_w120_4q_2l\checkpoints\2026-03-01_17-45-19-696925_ho_DV_seed\model.pth
INFO:src.utils.logger:Model weights saved to results\ho\DV\20260301-174503_seed0_ho_DV_b1_layered_e600_w120_4q_2l\checkpoints\2026-03-01_17-45-19-696925_ho_DV_seed\model_weights.pth
INFO:src.utils.logger:It: 285, Loss: 5.349e-02, Loss_res: 3.662e-02,  Loss_bcs: 9.132e-04, Loss_ut_ics: 7.973e-05, Loss_norm: 2.203e-06, Loss_gauge: 0.000e+00, w_pde: 1.00e+00, L^2_error: 9.480e-02, lr: 1.000e-03, Time: 8.49e+02
INFO:src.utils.logger:Model state saved to results\ho\DV\20260301-174503_seed0_ho_DV_b1_layered_e600_w120_4q_2l\checkpoints\2026-03-01_17-45-19-696925_ho_DV_seed\model.pth
INFO:src.utils.logger:Model weights saved to results\ho\DV\20260301-174503_seed0_ho_DV_b1_layered_e600_w120_4q_2l\checkpoints\2026-03-01_17-45-19-696925_ho_DV_seed\model_weights.pth
INFO:src.utils.logger:It: 286, Loss: 5.731e-02, Loss_res: 4.052e-02,  Loss_bcs: 9.112e-04, Loss_ut_ics: 7.930e-05, Loss_norm: 2.114e-06, Loss_gauge: 0.000e+00, w_pde: 1.00e+00, L^2_error: 9.471e-02, lr: 1.000e-03, Time: 8.52e+02
INFO:src.utils.logger:Model state saved to results\ho\DV\20260301-174503_seed0_ho_DV_b1_layered_e600_w120_4q_2l\checkpoints\2026-03-01_17-45-19-696925_ho_DV_seed\model.pth
INFO:src.utils.logger:Model weights saved to results\ho\DV\20260301-174503_seed0_ho_DV_b1_layered_e600_w120_4q_2l\checkpoints\2026-03-01_17-45-19-696925_ho_DV_seed\model_weights.pth
INFO:src.utils.logger:It: 287, Loss: 5.379e-02, Loss_res: 3.709e-02,  Loss_bcs: 9.094e-04, Loss_ut_ics: 7.889e-05, Loss_norm: 2.010e-06, Loss_gauge: 0.000e+00, w_pde: 1.00e+00, L^2_error: 9.466e-02, lr: 1.000e-03, Time: 8.54e+02
INFO:src.utils.logger:Model state saved to results\ho\DV\20260301-174503_seed0_ho_DV_b1_layered_e600_w120_4q_2l\checkpoints\2026-03-01_17-45-19-696925_ho_DV_seed\model.pth
INFO:src.utils.logger:Model weights saved to results\ho\DV\20260301-174503_seed0_ho_DV_b1_layered_e600_w120_4q_2l\checkpoints\2026-03-01_17-45-19-696925_ho_DV_seed\model_weights.pth
INFO:src.utils.logger:It: 288, Loss: 5.533e-02, Loss_res: 3.872e-02,  Loss_bcs: 9.038e-04, Loss_ut_ics: 7.848e-05, Loss_norm: 1.931e-06, Loss_gauge: 0.000e+00, w_pde: 1.00e+00, L^2_error: 9.463e-02, lr: 1.000e-03, Time: 8.57e+02
INFO:src.utils.logger:Model state saved to results\ho\DV\20260301-174503_seed0_ho_DV_b1_layered_e600_w120_4q_2l\checkpoints\2026-03-01_17-45-19-696925_ho_DV_seed\model.pth
INFO:src.utils.logger:Model weights saved to results\ho\DV\20260301-174503_seed0_ho_DV_b1_layered_e600_w120_4q_2l\checkpoints\2026-03-01_17-45-19-696925_ho_DV_seed\model_weights.pth
INFO:src.utils.logger:It: 289, Loss: 5.438e-02, Loss_res: 3.785e-02,  Loss_bcs: 9.006e-04, Loss_ut_ics: 7.809e-05, Loss_norm: 1.908e-06, Loss_gauge: 0.000e+00, w_pde: 1.00e+00, L^2_error: 9.458e-02, lr: 1.000e-03, Time: 8.61e+02
INFO:src.utils.logger:Model state saved to results\ho\DV\20260301-174503_seed0_ho_DV_b1_layered_e600_w120_4q_2l\checkpoints\2026-03-01_17-45-19-696925_ho_DV_seed\model.pth
INFO:src.utils.logger:Model weights saved to results\ho\DV\20260301-174503_seed0_ho_DV_b1_layered_e600_w120_4q_2l\checkpoints\2026-03-01_17-45-19-696925_ho_DV_seed\model_weights.pth
INFO:src.utils.logger:It: 290, Loss: 4.961e-02, Loss_res: 3.317e-02,  Loss_bcs: 8.966e-04, Loss_ut_ics: 7.769e-05, Loss_norm: 1.906e-06, Loss_gauge: 0.000e+00, w_pde: 1.00e+00, L^2_error: 9.451e-02, lr: 1.000e-03, Time: 8.65e+02
INFO:src.utils.logger:Model state saved to results\ho\DV\20260301-174503_seed0_ho_DV_b1_layered_e600_w120_4q_2l\checkpoints\2026-03-01_17-45-19-696925_ho_DV_seed\model.pth
INFO:src.utils.logger:Model weights saved to results\ho\DV\20260301-174503_seed0_ho_DV_b1_layered_e600_w120_4q_2l\checkpoints\2026-03-01_17-45-19-696925_ho_DV_seed\model_weights.pth
INFO:src.utils.logger:It: 291, Loss: 5.462e-02, Loss_res: 3.827e-02,  Loss_bcs: 8.914e-04, Loss_ut_ics: 7.728e-05, Loss_norm: 1.892e-06, Loss_gauge: 0.000e+00, w_pde: 1.00e+00, L^2_error: 9.443e-02, lr: 1.000e-03, Time: 8.68e+02
INFO:src.utils.logger:Model state saved to results\ho\DV\20260301-174503_seed0_ho_DV_b1_layered_e600_w120_4q_2l\checkpoints\2026-03-01_17-45-19-696925_ho_DV_seed\model.pth
INFO:src.utils.logger:Model weights saved to results\ho\DV\20260301-174503_seed0_ho_DV_b1_layered_e600_w120_4q_2l\checkpoints\2026-03-01_17-45-19-696925_ho_DV_seed\model_weights.pth
INFO:src.utils.logger:It: 292, Loss: 5.288e-02, Loss_res: 3.661e-02,  Loss_bcs: 8.892e-04, Loss_ut_ics: 7.685e-05, Loss_norm: 1.949e-06, Loss_gauge: 0.000e+00, w_pde: 1.00e+00, L^2_error: 9.434e-02, lr: 1.000e-03, Time: 8.71e+02
INFO:src.utils.logger:Model state saved to results\ho\DV\20260301-174503_seed0_ho_DV_b1_layered_e600_w120_4q_2l\checkpoints\2026-03-01_17-45-19-696925_ho_DV_seed\model.pth
INFO:src.utils.logger:Model weights saved to results\ho\DV\20260301-174503_seed0_ho_DV_b1_layered_e600_w120_4q_2l\checkpoints\2026-03-01_17-45-19-696925_ho_DV_seed\model_weights.pth
INFO:src.utils.logger:It: 293, Loss: 5.234e-02, Loss_res: 3.616e-02,  Loss_bcs: 8.842e-04, Loss_ut_ics: 7.643e-05, Loss_norm: 2.017e-06, Loss_gauge: 0.000e+00, w_pde: 1.00e+00, L^2_error: 9.428e-02, lr: 1.000e-03, Time: 8.74e+02
INFO:src.utils.logger:Model state saved to results\ho\DV\20260301-174503_seed0_ho_DV_b1_layered_e600_w120_4q_2l\checkpoints\2026-03-01_17-45-19-696925_ho_DV_seed\model.pth
INFO:src.utils.logger:Model weights saved to results\ho\DV\20260301-174503_seed0_ho_DV_b1_layered_e600_w120_4q_2l\checkpoints\2026-03-01_17-45-19-696925_ho_DV_seed\model_weights.pth
INFO:src.utils.logger:It: 294, Loss: 5.389e-02, Loss_res: 3.779e-02,  Loss_bcs: 8.813e-04, Loss_ut_ics: 7.602e-05, Loss_norm: 2.116e-06, Loss_gauge: 0.000e+00, w_pde: 1.00e+00, L^2_error: 9.425e-02, lr: 1.000e-03, Time: 8.77e+02
INFO:src.utils.logger:Model state saved to results\ho\DV\20260301-174503_seed0_ho_DV_b1_layered_e600_w120_4q_2l\checkpoints\2026-03-01_17-45-19-696925_ho_DV_seed\model.pth
INFO:src.utils.logger:Model weights saved to results\ho\DV\20260301-174503_seed0_ho_DV_b1_layered_e600_w120_4q_2l\checkpoints\2026-03-01_17-45-19-696925_ho_DV_seed\model_weights.pth
INFO:src.utils.logger:It: 295, Loss: 5.354e-02, Loss_res: 3.753e-02,  Loss_bcs: 8.797e-04, Loss_ut_ics: 7.562e-05, Loss_norm: 2.223e-06, Loss_gauge: 0.000e+00, w_pde: 1.00e+00, L^2_error: 9.422e-02, lr: 1.000e-03, Time: 8.80e+02
INFO:src.utils.logger:Model state saved to results\ho\DV\20260301-174503_seed0_ho_DV_b1_layered_e600_w120_4q_2l\checkpoints\2026-03-01_17-45-19-696925_ho_DV_seed\model.pth
INFO:src.utils.logger:Model weights saved to results\ho\DV\20260301-174503_seed0_ho_DV_b1_layered_e600_w120_4q_2l\checkpoints\2026-03-01_17-45-19-696925_ho_DV_seed\model_weights.pth
INFO:src.utils.logger:It: 296, Loss: 5.301e-02, Loss_res: 3.708e-02,  Loss_bcs: 8.757e-04, Loss_ut_ics: 7.523e-05, Loss_norm: 2.283e-06, Loss_gauge: 0.000e+00, w_pde: 1.00e+00, L^2_error: 9.414e-02, lr: 1.000e-03, Time: 8.83e+02
INFO:src.utils.logger:Model state saved to results\ho\DV\20260301-174503_seed0_ho_DV_b1_layered_e600_w120_4q_2l\checkpoints\2026-03-01_17-45-19-696925_ho_DV_seed\model.pth
INFO:src.utils.logger:Model weights saved to results\ho\DV\20260301-174503_seed0_ho_DV_b1_layered_e600_w120_4q_2l\checkpoints\2026-03-01_17-45-19-696925_ho_DV_seed\model_weights.pth
INFO:src.utils.logger:It: 297, Loss: 5.260e-02, Loss_res: 3.675e-02,  Loss_bcs: 8.741e-04, Loss_ut_ics: 7.482e-05, Loss_norm: 2.340e-06, Loss_gauge: 0.000e+00, w_pde: 1.00e+00, L^2_error: 9.405e-02, lr: 1.000e-03, Time: 8.86e+02
INFO:src.utils.logger:Model state saved to results\ho\DV\20260301-174503_seed0_ho_DV_b1_layered_e600_w120_4q_2l\checkpoints\2026-03-01_17-45-19-696925_ho_DV_seed\model.pth
INFO:src.utils.logger:Model weights saved to results\ho\DV\20260301-174503_seed0_ho_DV_b1_layered_e600_w120_4q_2l\checkpoints\2026-03-01_17-45-19-696925_ho_DV_seed\model_weights.pth
INFO:src.utils.logger:It: 298, Loss: 5.319e-02, Loss_res: 3.743e-02,  Loss_bcs: 8.723e-04, Loss_ut_ics: 7.439e-05, Loss_norm: 2.340e-06, Loss_gauge: 0.000e+00, w_pde: 1.00e+00, L^2_error: 9.397e-02, lr: 1.000e-03, Time: 8.89e+02
INFO:src.utils.logger:Model state saved to results\ho\DV\20260301-174503_seed0_ho_DV_b1_layered_e600_w120_4q_2l\checkpoints\2026-03-01_17-45-19-696925_ho_DV_seed\model.pth
INFO:src.utils.logger:Model weights saved to results\ho\DV\20260301-174503_seed0_ho_DV_b1_layered_e600_w120_4q_2l\checkpoints\2026-03-01_17-45-19-696925_ho_DV_seed\model_weights.pth
INFO:src.utils.logger:It: 299, Loss: 5.203e-02, Loss_res: 3.636e-02,  Loss_bcs: 8.674e-04, Loss_ut_ics: 7.397e-05, Loss_norm: 2.275e-06, Loss_gauge: 0.000e+00, w_pde: 1.00e+00, L^2_error: 9.389e-02, lr: 1.000e-03, Time: 8.92e+02
INFO:src.utils.logger:Model state saved to results\ho\DV\20260301-174503_seed0_ho_DV_b1_layered_e600_w120_4q_2l\checkpoints\2026-03-01_17-45-19-696925_ho_DV_seed\model.pth
INFO:src.utils.logger:Model weights saved to results\ho\DV\20260301-174503_seed0_ho_DV_b1_layered_e600_w120_4q_2l\checkpoints\2026-03-01_17-45-19-696925_ho_DV_seed\model_weights.pth
INFO:src.utils.logger:It: 300, Loss: 5.422e-02, Loss_res: 3.864e-02,  Loss_bcs: 8.653e-04, Loss_ut_ics: 7.355e-05, Loss_norm: 2.161e-06, Loss_gauge: 0.000e+00, w_pde: 1.00e+00, L^2_error: 9.384e-02, lr: 1.000e-03, Time: 8.95e+02
INFO:src.utils.logger:Model state saved to results\ho\DV\20260301-174503_seed0_ho_DV_b1_layered_e600_w120_4q_2l\checkpoints\2026-03-01_17-45-19-696925_ho_DV_seed\model.pth
INFO:src.utils.logger:Model weights saved to results\ho\DV\20260301-174503_seed0_ho_DV_b1_layered_e600_w120_4q_2l\checkpoints\2026-03-01_17-45-19-696925_ho_DV_seed\model_weights.pth
INFO:src.utils.logger:It: 301, Loss: 4.895e-02, Loss_res: 3.345e-02,  Loss_bcs: 8.643e-04, Loss_ut_ics: 7.314e-05, Loss_norm: 2.045e-06, Loss_gauge: 0.000e+00, w_pde: 1.00e+00, L^2_error: 9.378e-02, lr: 1.000e-03, Time: 8.98e+02
INFO:src.utils.logger:Model state saved to results\ho\DV\20260301-174503_seed0_ho_DV_b1_layered_e600_w120_4q_2l\checkpoints\2026-03-01_17-45-19-696925_ho_DV_seed\model.pth
INFO:src.utils.logger:Model weights saved to results\ho\DV\20260301-174503_seed0_ho_DV_b1_layered_e600_w120_4q_2l\checkpoints\2026-03-01_17-45-19-696925_ho_DV_seed\model_weights.pth
INFO:src.utils.logger:It: 302, Loss: 5.308e-02, Loss_res: 3.766e-02,  Loss_bcs: 8.580e-04, Loss_ut_ics: 7.272e-05, Loss_norm: 1.918e-06, Loss_gauge: 0.000e+00, w_pde: 1.00e+00, L^2_error: 9.371e-02, lr: 1.000e-03, Time: 9.01e+02
INFO:src.utils.logger:Model state saved to results\ho\DV\20260301-174503_seed0_ho_DV_b1_layered_e600_w120_4q_2l\checkpoints\2026-03-01_17-45-19-696925_ho_DV_seed\model.pth
INFO:src.utils.logger:Model weights saved to results\ho\DV\20260301-174503_seed0_ho_DV_b1_layered_e600_w120_4q_2l\checkpoints\2026-03-01_17-45-19-696925_ho_DV_seed\model_weights.pth
INFO:src.utils.logger:It: 303, Loss: 4.918e-02, Loss_res: 3.385e-02,  Loss_bcs: 8.550e-04, Loss_ut_ics: 7.230e-05, Loss_norm: 1.868e-06, Loss_gauge: 0.000e+00, w_pde: 1.00e+00, L^2_error: 9.364e-02, lr: 1.000e-03, Time: 9.04e+02
INFO:src.utils.logger:Model state saved to results\ho\DV\20260301-174503_seed0_ho_DV_b1_layered_e600_w120_4q_2l\checkpoints\2026-03-01_17-45-19-696925_ho_DV_seed\model.pth
INFO:src.utils.logger:Model weights saved to results\ho\DV\20260301-174503_seed0_ho_DV_b1_layered_e600_w120_4q_2l\checkpoints\2026-03-01_17-45-19-696925_ho_DV_seed\model_weights.pth
INFO:src.utils.logger:It: 304, Loss: 4.986e-02, Loss_res: 3.462e-02,  Loss_bcs: 8.533e-04, Loss_ut_ics: 7.188e-05, Loss_norm: 1.848e-06, Loss_gauge: 0.000e+00, w_pde: 1.00e+00, L^2_error: 9.354e-02, lr: 1.000e-03, Time: 9.07e+02
INFO:src.utils.logger:Model state saved to results\ho\DV\20260301-174503_seed0_ho_DV_b1_layered_e600_w120_4q_2l\checkpoints\2026-03-01_17-45-19-696925_ho_DV_seed\model.pth
INFO:src.utils.logger:Model weights saved to results\ho\DV\20260301-174503_seed0_ho_DV_b1_layered_e600_w120_4q_2l\checkpoints\2026-03-01_17-45-19-696925_ho_DV_seed\model_weights.pth
INFO:src.utils.logger:It: 305, Loss: 5.098e-02, Loss_res: 3.583e-02,  Loss_bcs: 8.510e-04, Loss_ut_ics: 7.144e-05, Loss_norm: 1.868e-06, Loss_gauge: 0.000e+00, w_pde: 1.00e+00, L^2_error: 9.346e-02, lr: 1.000e-03, Time: 9.10e+02
INFO:src.utils.logger:Model state saved to results\ho\DV\20260301-174503_seed0_ho_DV_b1_layered_e600_w120_4q_2l\checkpoints\2026-03-01_17-45-19-696925_ho_DV_seed\model.pth
INFO:src.utils.logger:Model weights saved to results\ho\DV\20260301-174503_seed0_ho_DV_b1_layered_e600_w120_4q_2l\checkpoints\2026-03-01_17-45-19-696925_ho_DV_seed\model_weights.pth
INFO:src.utils.logger:It: 306, Loss: 5.108e-02, Loss_res: 3.602e-02,  Loss_bcs: 8.499e-04, Loss_ut_ics: 7.100e-05, Loss_norm: 1.956e-06, Loss_gauge: 0.000e+00, w_pde: 1.00e+00, L^2_error: 9.340e-02, lr: 1.000e-03, Time: 9.13e+02
INFO:src.utils.logger:Model state saved to results\ho\DV\20260301-174503_seed0_ho_DV_b1_layered_e600_w120_4q_2l\checkpoints\2026-03-01_17-45-19-696925_ho_DV_seed\model.pth
INFO:src.utils.logger:Model weights saved to results\ho\DV\20260301-174503_seed0_ho_DV_b1_layered_e600_w120_4q_2l\checkpoints\2026-03-01_17-45-19-696925_ho_DV_seed\model_weights.pth
INFO:src.utils.logger:It: 307, Loss: 5.098e-02, Loss_res: 3.601e-02,  Loss_bcs: 8.479e-04, Loss_ut_ics: 7.057e-05, Loss_norm: 2.118e-06, Loss_gauge: 0.000e+00, w_pde: 1.00e+00, L^2_error: 9.337e-02, lr: 1.000e-03, Time: 9.16e+02
INFO:src.utils.logger:Model state saved to results\ho\DV\20260301-174503_seed0_ho_DV_b1_layered_e600_w120_4q_2l\checkpoints\2026-03-01_17-45-19-696925_ho_DV_seed\model.pth
INFO:src.utils.logger:Model weights saved to results\ho\DV\20260301-174503_seed0_ho_DV_b1_layered_e600_w120_4q_2l\checkpoints\2026-03-01_17-45-19-696925_ho_DV_seed\model_weights.pth
INFO:src.utils.logger:It: 308, Loss: 5.418e-02, Loss_res: 3.930e-02,  Loss_bcs: 8.411e-04, Loss_ut_ics: 7.016e-05, Loss_norm: 2.270e-06, Loss_gauge: 0.000e+00, w_pde: 1.00e+00, L^2_error: 9.332e-02, lr: 1.000e-03, Time: 9.19e+02
INFO:src.utils.logger:Model state saved to results\ho\DV\20260301-174503_seed0_ho_DV_b1_layered_e600_w120_4q_2l\checkpoints\2026-03-01_17-45-19-696925_ho_DV_seed\model.pth
INFO:src.utils.logger:Model weights saved to results\ho\DV\20260301-174503_seed0_ho_DV_b1_layered_e600_w120_4q_2l\checkpoints\2026-03-01_17-45-19-696925_ho_DV_seed\model_weights.pth
INFO:src.utils.logger:It: 309, Loss: 5.171e-02, Loss_res: 3.690e-02,  Loss_bcs: 8.414e-04, Loss_ut_ics: 6.975e-05, Loss_norm: 2.463e-06, Loss_gauge: 0.000e+00, w_pde: 1.00e+00, L^2_error: 9.323e-02, lr: 1.000e-03, Time: 9.22e+02
INFO:src.utils.logger:Model state saved to results\ho\DV\20260301-174503_seed0_ho_DV_b1_layered_e600_w120_4q_2l\checkpoints\2026-03-01_17-45-19-696925_ho_DV_seed\model.pth
INFO:src.utils.logger:Model weights saved to results\ho\DV\20260301-174503_seed0_ho_DV_b1_layered_e600_w120_4q_2l\checkpoints\2026-03-01_17-45-19-696925_ho_DV_seed\model_weights.pth
INFO:src.utils.logger:It: 310, Loss: 4.915e-02, Loss_res: 3.443e-02,  Loss_bcs: 8.382e-04, Loss_ut_ics: 6.933e-05, Loss_norm: 2.626e-06, Loss_gauge: 0.000e+00, w_pde: 1.00e+00, L^2_error: 9.312e-02, lr: 1.000e-03, Time: 9.25e+02
INFO:src.utils.logger:Model state saved to results\ho\DV\20260301-174503_seed0_ho_DV_b1_layered_e600_w120_4q_2l\checkpoints\2026-03-01_17-45-19-696925_ho_DV_seed\model.pth
INFO:src.utils.logger:Model weights saved to results\ho\DV\20260301-174503_seed0_ho_DV_b1_layered_e600_w120_4q_2l\checkpoints\2026-03-01_17-45-19-696925_ho_DV_seed\model_weights.pth
INFO:src.utils.logger:It: 311, Loss: 5.177e-02, Loss_res: 3.715e-02,  Loss_bcs: 8.320e-04, Loss_ut_ics: 6.888e-05, Loss_norm: 2.638e-06, Loss_gauge: 0.000e+00, w_pde: 1.00e+00, L^2_error: 9.301e-02, lr: 1.000e-03, Time: 9.28e+02
INFO:src.utils.logger:Model state saved to results\ho\DV\20260301-174503_seed0_ho_DV_b1_layered_e600_w120_4q_2l\checkpoints\2026-03-01_17-45-19-696925_ho_DV_seed\model.pth
INFO:src.utils.logger:Model weights saved to results\ho\DV\20260301-174503_seed0_ho_DV_b1_layered_e600_w120_4q_2l\checkpoints\2026-03-01_17-45-19-696925_ho_DV_seed\model_weights.pth
INFO:src.utils.logger:It: 312, Loss: 5.168e-02, Loss_res: 3.715e-02,  Loss_bcs: 8.261e-04, Loss_ut_ics: 6.844e-05, Loss_norm: 2.604e-06, Loss_gauge: 0.000e+00, w_pde: 1.00e+00, L^2_error: 9.293e-02, lr: 1.000e-03, Time: 9.31e+02
INFO:src.utils.logger:Model state saved to results\ho\DV\20260301-174503_seed0_ho_DV_b1_layered_e600_w120_4q_2l\checkpoints\2026-03-01_17-45-19-696925_ho_DV_seed\model.pth
INFO:src.utils.logger:Model weights saved to results\ho\DV\20260301-174503_seed0_ho_DV_b1_layered_e600_w120_4q_2l\checkpoints\2026-03-01_17-45-19-696925_ho_DV_seed\model_weights.pth
INFO:src.utils.logger:It: 313, Loss: 4.789e-02, Loss_res: 3.345e-02,  Loss_bcs: 8.288e-04, Loss_ut_ics: 6.802e-05, Loss_norm: 2.554e-06, Loss_gauge: 0.000e+00, w_pde: 1.00e+00, L^2_error: 9.286e-02, lr: 1.000e-03, Time: 9.34e+02
INFO:src.utils.logger:Model state saved to results\ho\DV\20260301-174503_seed0_ho_DV_b1_layered_e600_w120_4q_2l\checkpoints\2026-03-01_17-45-19-696925_ho_DV_seed\model.pth
INFO:src.utils.logger:Model weights saved to results\ho\DV\20260301-174503_seed0_ho_DV_b1_layered_e600_w120_4q_2l\checkpoints\2026-03-01_17-45-19-696925_ho_DV_seed\model_weights.pth
INFO:src.utils.logger:It: 314, Loss: 5.087e-02, Loss_res: 3.652e-02,  Loss_bcs: 8.188e-04, Loss_ut_ics: 6.760e-05, Loss_norm: 2.512e-06, Loss_gauge: 0.000e+00, w_pde: 1.00e+00, L^2_error: 9.281e-02, lr: 1.000e-03, Time: 9.37e+02
INFO:src.utils.logger:Model state saved to results\ho\DV\20260301-174503_seed0_ho_DV_b1_layered_e600_w120_4q_2l\checkpoints\2026-03-01_17-45-19-696925_ho_DV_seed\model.pth
INFO:src.utils.logger:Model weights saved to results\ho\DV\20260301-174503_seed0_ho_DV_b1_layered_e600_w120_4q_2l\checkpoints\2026-03-01_17-45-19-696925_ho_DV_seed\model_weights.pth
INFO:src.utils.logger:It: 315, Loss: 4.906e-02, Loss_res: 3.479e-02,  Loss_bcs: 8.180e-04, Loss_ut_ics: 6.717e-05, Loss_norm: 2.478e-06, Loss_gauge: 0.000e+00, w_pde: 1.00e+00, L^2_error: 9.275e-02, lr: 1.000e-03, Time: 9.40e+02
INFO:src.utils.logger:Model state saved to results\ho\DV\20260301-174503_seed0_ho_DV_b1_layered_e600_w120_4q_2l\checkpoints\2026-03-01_17-45-19-696925_ho_DV_seed\model.pth
INFO:src.utils.logger:Model weights saved to results\ho\DV\20260301-174503_seed0_ho_DV_b1_layered_e600_w120_4q_2l\checkpoints\2026-03-01_17-45-19-696925_ho_DV_seed\model_weights.pth
INFO:src.utils.logger:It: 316, Loss: 5.096e-02, Loss_res: 3.678e-02,  Loss_bcs: 8.152e-04, Loss_ut_ics: 6.676e-05, Loss_norm: 2.484e-06, Loss_gauge: 0.000e+00, w_pde: 1.00e+00, L^2_error: 9.265e-02, lr: 1.000e-03, Time: 9.43e+02
INFO:src.utils.logger:Model state saved to results\ho\DV\20260301-174503_seed0_ho_DV_b1_layered_e600_w120_4q_2l\checkpoints\2026-03-01_17-45-19-696925_ho_DV_seed\model.pth
INFO:src.utils.logger:Model weights saved to results\ho\DV\20260301-174503_seed0_ho_DV_b1_layered_e600_w120_4q_2l\checkpoints\2026-03-01_17-45-19-696925_ho_DV_seed\model_weights.pth
INFO:src.utils.logger:It: 317, Loss: 4.641e-02, Loss_res: 3.232e-02,  Loss_bcs: 8.117e-04, Loss_ut_ics: 6.633e-05, Loss_norm: 2.564e-06, Loss_gauge: 0.000e+00, w_pde: 1.00e+00, L^2_error: 9.252e-02, lr: 1.000e-03, Time: 9.46e+02
INFO:src.utils.logger:Model state saved to results\ho\DV\20260301-174503_seed0_ho_DV_b1_layered_e600_w120_4q_2l\checkpoints\2026-03-01_17-45-19-696925_ho_DV_seed\model.pth
INFO:src.utils.logger:Model weights saved to results\ho\DV\20260301-174503_seed0_ho_DV_b1_layered_e600_w120_4q_2l\checkpoints\2026-03-01_17-45-19-696925_ho_DV_seed\model_weights.pth
INFO:src.utils.logger:It: 318, Loss: 4.955e-02, Loss_res: 3.555e-02,  Loss_bcs: 8.077e-04, Loss_ut_ics: 6.588e-05, Loss_norm: 2.621e-06, Loss_gauge: 0.000e+00, w_pde: 1.00e+00, L^2_error: 9.241e-02, lr: 1.000e-03, Time: 9.49e+02
INFO:src.utils.logger:Model state saved to results\ho\DV\20260301-174503_seed0_ho_DV_b1_layered_e600_w120_4q_2l\checkpoints\2026-03-01_17-45-19-696925_ho_DV_seed\model.pth
INFO:src.utils.logger:Model weights saved to results\ho\DV\20260301-174503_seed0_ho_DV_b1_layered_e600_w120_4q_2l\checkpoints\2026-03-01_17-45-19-696925_ho_DV_seed\model_weights.pth
INFO:src.utils.logger:It: 319, Loss: 5.129e-02, Loss_res: 3.738e-02,  Loss_bcs: 8.050e-04, Loss_ut_ics: 6.544e-05, Loss_norm: 2.706e-06, Loss_gauge: 0.000e+00, w_pde: 1.00e+00, L^2_error: 9.234e-02, lr: 1.000e-03, Time: 9.52e+02
INFO:src.utils.logger:Model state saved to results\ho\DV\20260301-174503_seed0_ho_DV_b1_layered_e600_w120_4q_2l\checkpoints\2026-03-01_17-45-19-696925_ho_DV_seed\model.pth
INFO:src.utils.logger:Model weights saved to results\ho\DV\20260301-174503_seed0_ho_DV_b1_layered_e600_w120_4q_2l\checkpoints\2026-03-01_17-45-19-696925_ho_DV_seed\model_weights.pth
INFO:src.utils.logger:It: 320, Loss: 4.731e-02, Loss_res: 3.348e-02,  Loss_bcs: 8.053e-04, Loss_ut_ics: 6.502e-05, Loss_norm: 2.807e-06, Loss_gauge: 0.000e+00, w_pde: 1.00e+00, L^2_error: 9.227e-02, lr: 1.000e-03, Time: 9.55e+02
INFO:src.utils.logger:Model state saved to results\ho\DV\20260301-174503_seed0_ho_DV_b1_layered_e600_w120_4q_2l\checkpoints\2026-03-01_17-45-19-696925_ho_DV_seed\model.pth
INFO:src.utils.logger:Model weights saved to results\ho\DV\20260301-174503_seed0_ho_DV_b1_layered_e600_w120_4q_2l\checkpoints\2026-03-01_17-45-19-696925_ho_DV_seed\model_weights.pth
INFO:src.utils.logger:It: 321, Loss: 4.911e-02, Loss_res: 3.538e-02,  Loss_bcs: 8.008e-04, Loss_ut_ics: 6.460e-05, Loss_norm: 2.914e-06, Loss_gauge: 0.000e+00, w_pde: 1.00e+00, L^2_error: 9.219e-02, lr: 1.000e-03, Time: 9.57e+02
INFO:src.utils.logger:Model state saved to results\ho\DV\20260301-174503_seed0_ho_DV_b1_layered_e600_w120_4q_2l\checkpoints\2026-03-01_17-45-19-696925_ho_DV_seed\model.pth
INFO:src.utils.logger:Model weights saved to results\ho\DV\20260301-174503_seed0_ho_DV_b1_layered_e600_w120_4q_2l\checkpoints\2026-03-01_17-45-19-696925_ho_DV_seed\model_weights.pth
INFO:src.utils.logger:It: 322, Loss: 5.124e-02, Loss_res: 3.759e-02,  Loss_bcs: 7.970e-04, Loss_ut_ics: 6.417e-05, Loss_norm: 2.976e-06, Loss_gauge: 0.000e+00, w_pde: 1.00e+00, L^2_error: 9.209e-02, lr: 1.000e-03, Time: 9.60e+02
INFO:src.utils.logger:Model state saved to results\ho\DV\20260301-174503_seed0_ho_DV_b1_layered_e600_w120_4q_2l\checkpoints\2026-03-01_17-45-19-696925_ho_DV_seed\model.pth
INFO:src.utils.logger:Model weights saved to results\ho\DV\20260301-174503_seed0_ho_DV_b1_layered_e600_w120_4q_2l\checkpoints\2026-03-01_17-45-19-696925_ho_DV_seed\model_weights.pth
INFO:src.utils.logger:It: 323, Loss: 4.904e-02, Loss_res: 3.548e-02,  Loss_bcs: 7.977e-04, Loss_ut_ics: 6.374e-05, Loss_norm: 3.037e-06, Loss_gauge: 0.000e+00, w_pde: 1.00e+00, L^2_error: 9.197e-02, lr: 1.000e-03, Time: 9.63e+02
INFO:src.utils.logger:Model state saved to results\ho\DV\20260301-174503_seed0_ho_DV_b1_layered_e600_w120_4q_2l\checkpoints\2026-03-01_17-45-19-696925_ho_DV_seed\model.pth
INFO:src.utils.logger:Model weights saved to results\ho\DV\20260301-174503_seed0_ho_DV_b1_layered_e600_w120_4q_2l\checkpoints\2026-03-01_17-45-19-696925_ho_DV_seed\model_weights.pth
INFO:src.utils.logger:It: 324, Loss: 4.604e-02, Loss_res: 3.257e-02,  Loss_bcs: 7.939e-04, Loss_ut_ics: 6.331e-05, Loss_norm: 3.041e-06, Loss_gauge: 0.000e+00, w_pde: 1.00e+00, L^2_error: 9.185e-02, lr: 1.000e-03, Time: 9.66e+02
INFO:src.utils.logger:Model state saved to results\ho\DV\20260301-174503_seed0_ho_DV_b1_layered_e600_w120_4q_2l\checkpoints\2026-03-01_17-45-19-696925_ho_DV_seed\model.pth
INFO:src.utils.logger:Model weights saved to results\ho\DV\20260301-174503_seed0_ho_DV_b1_layered_e600_w120_4q_2l\checkpoints\2026-03-01_17-45-19-696925_ho_DV_seed\model_weights.pth
INFO:src.utils.logger:It: 325, Loss: 4.811e-02, Loss_res: 3.473e-02,  Loss_bcs: 7.926e-04, Loss_ut_ics: 6.286e-05, Loss_norm: 3.062e-06, Loss_gauge: 0.000e+00, w_pde: 1.00e+00, L^2_error: 9.174e-02, lr: 1.000e-03, Time: 9.69e+02
INFO:src.utils.logger:Model state saved to results\ho\DV\20260301-174503_seed0_ho_DV_b1_layered_e600_w120_4q_2l\checkpoints\2026-03-01_17-45-19-696925_ho_DV_seed\model.pth
INFO:src.utils.logger:Model weights saved to results\ho\DV\20260301-174503_seed0_ho_DV_b1_layered_e600_w120_4q_2l\checkpoints\2026-03-01_17-45-19-696925_ho_DV_seed\model_weights.pth
INFO:src.utils.logger:It: 326, Loss: 4.833e-02, Loss_res: 3.504e-02,  Loss_bcs: 7.861e-04, Loss_ut_ics: 6.243e-05, Loss_norm: 3.086e-06, Loss_gauge: 0.000e+00, w_pde: 1.00e+00, L^2_error: 9.165e-02, lr: 1.000e-03, Time: 9.72e+02
INFO:src.utils.logger:Model state saved to results\ho\DV\20260301-174503_seed0_ho_DV_b1_layered_e600_w120_4q_2l\checkpoints\2026-03-01_17-45-19-696925_ho_DV_seed\model.pth
INFO:src.utils.logger:Model weights saved to results\ho\DV\20260301-174503_seed0_ho_DV_b1_layered_e600_w120_4q_2l\checkpoints\2026-03-01_17-45-19-696925_ho_DV_seed\model_weights.pth
INFO:src.utils.logger:It: 327, Loss: 4.874e-02, Loss_res: 3.554e-02,  Loss_bcs: 7.846e-04, Loss_ut_ics: 6.200e-05, Loss_norm: 3.105e-06, Loss_gauge: 0.000e+00, w_pde: 1.00e+00, L^2_error: 9.157e-02, lr: 1.000e-03, Time: 9.75e+02
INFO:src.utils.logger:Model state saved to results\ho\DV\20260301-174503_seed0_ho_DV_b1_layered_e600_w120_4q_2l\checkpoints\2026-03-01_17-45-19-696925_ho_DV_seed\model.pth
INFO:src.utils.logger:Model weights saved to results\ho\DV\20260301-174503_seed0_ho_DV_b1_layered_e600_w120_4q_2l\checkpoints\2026-03-01_17-45-19-696925_ho_DV_seed\model_weights.pth
INFO:src.utils.logger:It: 328, Loss: 4.724e-02, Loss_res: 3.413e-02,  Loss_bcs: 7.812e-04, Loss_ut_ics: 6.157e-05, Loss_norm: 3.107e-06, Loss_gauge: 0.000e+00, w_pde: 1.00e+00, L^2_error: 9.149e-02, lr: 1.000e-03, Time: 9.78e+02
INFO:src.utils.logger:Model state saved to results\ho\DV\20260301-174503_seed0_ho_DV_b1_layered_e600_w120_4q_2l\checkpoints\2026-03-01_17-45-19-696925_ho_DV_seed\model.pth
INFO:src.utils.logger:Model weights saved to results\ho\DV\20260301-174503_seed0_ho_DV_b1_layered_e600_w120_4q_2l\checkpoints\2026-03-01_17-45-19-696925_ho_DV_seed\model_weights.pth
INFO:src.utils.logger:It: 329, Loss: 4.650e-02, Loss_res: 3.348e-02,  Loss_bcs: 7.751e-04, Loss_ut_ics: 6.115e-05, Loss_norm: 3.056e-06, Loss_gauge: 0.000e+00, w_pde: 1.00e+00, L^2_error: 9.137e-02, lr: 1.000e-03, Time: 9.81e+02
INFO:src.utils.logger:Model state saved to results\ho\DV\20260301-174503_seed0_ho_DV_b1_layered_e600_w120_4q_2l\checkpoints\2026-03-01_17-45-19-696925_ho_DV_seed\model.pth
INFO:src.utils.logger:Model weights saved to results\ho\DV\20260301-174503_seed0_ho_DV_b1_layered_e600_w120_4q_2l\checkpoints\2026-03-01_17-45-19-696925_ho_DV_seed\model_weights.pth
INFO:src.utils.logger:It: 330, Loss: 4.920e-02, Loss_res: 3.627e-02,  Loss_bcs: 7.732e-04, Loss_ut_ics: 6.071e-05, Loss_norm: 3.028e-06, Loss_gauge: 0.000e+00, w_pde: 1.00e+00, L^2_error: 9.123e-02, lr: 1.000e-03, Time: 9.84e+02
INFO:src.utils.logger:Model state saved to results\ho\DV\20260301-174503_seed0_ho_DV_b1_layered_e600_w120_4q_2l\checkpoints\2026-03-01_17-45-19-696925_ho_DV_seed\model.pth
INFO:src.utils.logger:Model weights saved to results\ho\DV\20260301-174503_seed0_ho_DV_b1_layered_e600_w120_4q_2l\checkpoints\2026-03-01_17-45-19-696925_ho_DV_seed\model_weights.pth
INFO:src.utils.logger:It: 331, Loss: 4.929e-02, Loss_res: 3.646e-02,  Loss_bcs: 7.683e-04, Loss_ut_ics: 6.026e-05, Loss_norm: 3.058e-06, Loss_gauge: 0.000e+00, w_pde: 1.00e+00, L^2_error: 9.110e-02, lr: 1.000e-03, Time: 9.87e+02
INFO:src.utils.logger:Model state saved to results\ho\DV\20260301-174503_seed0_ho_DV_b1_layered_e600_w120_4q_2l\checkpoints\2026-03-01_17-45-19-696925_ho_DV_seed\model.pth
INFO:src.utils.logger:Model weights saved to results\ho\DV\20260301-174503_seed0_ho_DV_b1_layered_e600_w120_4q_2l\checkpoints\2026-03-01_17-45-19-696925_ho_DV_seed\model_weights.pth
INFO:src.utils.logger:It: 332, Loss: 4.670e-02, Loss_res: 3.396e-02,  Loss_bcs: 7.628e-04, Loss_ut_ics: 5.983e-05, Loss_norm: 3.121e-06, Loss_gauge: 0.000e+00, w_pde: 1.00e+00, L^2_error: 9.099e-02, lr: 1.000e-03, Time: 9.90e+02
INFO:src.utils.logger:Model state saved to results\ho\DV\20260301-174503_seed0_ho_DV_b1_layered_e600_w120_4q_2l\checkpoints\2026-03-01_17-45-19-696925_ho_DV_seed\model.pth
INFO:src.utils.logger:Model weights saved to results\ho\DV\20260301-174503_seed0_ho_DV_b1_layered_e600_w120_4q_2l\checkpoints\2026-03-01_17-45-19-696925_ho_DV_seed\model_weights.pth
INFO:src.utils.logger:It: 333, Loss: 4.807e-02, Loss_res: 3.541e-02,  Loss_bcs: 7.618e-04, Loss_ut_ics: 5.940e-05, Loss_norm: 3.231e-06, Loss_gauge: 0.000e+00, w_pde: 1.00e+00, L^2_error: 9.089e-02, lr: 1.000e-03, Time: 9.93e+02
INFO:src.utils.logger:Model state saved to results\ho\DV\20260301-174503_seed0_ho_DV_b1_layered_e600_w120_4q_2l\checkpoints\2026-03-01_17-45-19-696925_ho_DV_seed\model.pth
INFO:src.utils.logger:Model weights saved to results\ho\DV\20260301-174503_seed0_ho_DV_b1_layered_e600_w120_4q_2l\checkpoints\2026-03-01_17-45-19-696925_ho_DV_seed\model_weights.pth
INFO:src.utils.logger:It: 334, Loss: 4.778e-02, Loss_res: 3.521e-02,  Loss_bcs: 7.580e-04, Loss_ut_ics: 5.899e-05, Loss_norm: 3.344e-06, Loss_gauge: 0.000e+00, w_pde: 1.00e+00, L^2_error: 9.079e-02, lr: 1.000e-03, Time: 9.96e+02
INFO:src.utils.logger:Model state saved to results\ho\DV\20260301-174503_seed0_ho_DV_b1_layered_e600_w120_4q_2l\checkpoints\2026-03-01_17-45-19-696925_ho_DV_seed\model.pth
INFO:src.utils.logger:Model weights saved to results\ho\DV\20260301-174503_seed0_ho_DV_b1_layered_e600_w120_4q_2l\checkpoints\2026-03-01_17-45-19-696925_ho_DV_seed\model_weights.pth
INFO:src.utils.logger:It: 335, Loss: 4.624e-02, Loss_res: 3.375e-02,  Loss_bcs: 7.509e-04, Loss_ut_ics: 5.857e-05, Loss_norm: 3.453e-06, Loss_gauge: 0.000e+00, w_pde: 1.00e+00, L^2_error: 9.066e-02, lr: 1.000e-03, Time: 9.99e+02
INFO:src.utils.logger:Model state saved to results\ho\DV\20260301-174503_seed0_ho_DV_b1_layered_e600_w120_4q_2l\checkpoints\2026-03-01_17-45-19-696925_ho_DV_seed\model.pth
INFO:src.utils.logger:Model weights saved to results\ho\DV\20260301-174503_seed0_ho_DV_b1_layered_e600_w120_4q_2l\checkpoints\2026-03-01_17-45-19-696925_ho_DV_seed\model_weights.pth
INFO:src.utils.logger:It: 336, Loss: 4.516e-02, Loss_res: 3.277e-02,  Loss_bcs: 7.506e-04, Loss_ut_ics: 5.815e-05, Loss_norm: 3.610e-06, Loss_gauge: 0.000e+00, w_pde: 1.00e+00, L^2_error: 9.051e-02, lr: 1.000e-03, Time: 1.00e+03
INFO:src.utils.logger:Model state saved to results\ho\DV\20260301-174503_seed0_ho_DV_b1_layered_e600_w120_4q_2l\checkpoints\2026-03-01_17-45-19-696925_ho_DV_seed\model.pth
INFO:src.utils.logger:Model weights saved to results\ho\DV\20260301-174503_seed0_ho_DV_b1_layered_e600_w120_4q_2l\checkpoints\2026-03-01_17-45-19-696925_ho_DV_seed\model_weights.pth
INFO:src.utils.logger:It: 337, Loss: 4.673e-02, Loss_res: 3.442e-02,  Loss_bcs: 7.466e-04, Loss_ut_ics: 5.771e-05, Loss_norm: 3.705e-06, Loss_gauge: 0.000e+00, w_pde: 1.00e+00, L^2_error: 9.035e-02, lr: 1.000e-03, Time: 1.00e+03
INFO:src.utils.logger:Model state saved to results\ho\DV\20260301-174503_seed0_ho_DV_b1_layered_e600_w120_4q_2l\checkpoints\2026-03-01_17-45-19-696925_ho_DV_seed\model.pth
INFO:src.utils.logger:Model weights saved to results\ho\DV\20260301-174503_seed0_ho_DV_b1_layered_e600_w120_4q_2l\checkpoints\2026-03-01_17-45-19-696925_ho_DV_seed\model_weights.pth
INFO:src.utils.logger:It: 338, Loss: 4.808e-02, Loss_res: 3.587e-02,  Loss_bcs: 7.398e-04, Loss_ut_ics: 5.726e-05, Loss_norm: 3.709e-06, Loss_gauge: 0.000e+00, w_pde: 1.00e+00, L^2_error: 9.022e-02, lr: 1.000e-03, Time: 1.01e+03
INFO:src.utils.logger:Model state saved to results\ho\DV\20260301-174503_seed0_ho_DV_b1_layered_e600_w120_4q_2l\checkpoints\2026-03-01_17-45-19-696925_ho_DV_seed\model.pth
INFO:src.utils.logger:Model weights saved to results\ho\DV\20260301-174503_seed0_ho_DV_b1_layered_e600_w120_4q_2l\checkpoints\2026-03-01_17-45-19-696925_ho_DV_seed\model_weights.pth
INFO:src.utils.logger:It: 339, Loss: 4.590e-02, Loss_res: 3.378e-02,  Loss_bcs: 7.362e-04, Loss_ut_ics: 5.683e-05, Loss_norm: 3.737e-06, Loss_gauge: 0.000e+00, w_pde: 1.00e+00, L^2_error: 9.010e-02, lr: 1.000e-03, Time: 1.01e+03
INFO:src.utils.logger:Model state saved to results\ho\DV\20260301-174503_seed0_ho_DV_b1_layered_e600_w120_4q_2l\checkpoints\2026-03-01_17-45-19-696925_ho_DV_seed\model.pth
INFO:src.utils.logger:Model weights saved to results\ho\DV\20260301-174503_seed0_ho_DV_b1_layered_e600_w120_4q_2l\checkpoints\2026-03-01_17-45-19-696925_ho_DV_seed\model_weights.pth
INFO:src.utils.logger:It: 340, Loss: 4.862e-02, Loss_res: 3.658e-02,  Loss_bcs: 7.330e-04, Loss_ut_ics: 5.640e-05, Loss_norm: 3.723e-06, Loss_gauge: 0.000e+00, w_pde: 1.00e+00, L^2_error: 8.999e-02, lr: 1.000e-03, Time: 1.01e+03
INFO:src.utils.logger:Model state saved to results\ho\DV\20260301-174503_seed0_ho_DV_b1_layered_e600_w120_4q_2l\checkpoints\2026-03-01_17-45-19-696925_ho_DV_seed\model.pth
INFO:src.utils.logger:Model weights saved to results\ho\DV\20260301-174503_seed0_ho_DV_b1_layered_e600_w120_4q_2l\checkpoints\2026-03-01_17-45-19-696925_ho_DV_seed\model_weights.pth
INFO:src.utils.logger:It: 341, Loss: 4.521e-02, Loss_res: 3.326e-02,  Loss_bcs: 7.269e-04, Loss_ut_ics: 5.598e-05, Loss_norm: 3.691e-06, Loss_gauge: 0.000e+00, w_pde: 1.00e+00, L^2_error: 8.985e-02, lr: 1.000e-03, Time: 1.02e+03
INFO:src.utils.logger:Model state saved to results\ho\DV\20260301-174503_seed0_ho_DV_b1_layered_e600_w120_4q_2l\checkpoints\2026-03-01_17-45-19-696925_ho_DV_seed\model.pth
INFO:src.utils.logger:Model weights saved to results\ho\DV\20260301-174503_seed0_ho_DV_b1_layered_e600_w120_4q_2l\checkpoints\2026-03-01_17-45-19-696925_ho_DV_seed\model_weights.pth
INFO:src.utils.logger:It: 342, Loss: 4.791e-02, Loss_res: 3.606e-02,  Loss_bcs: 7.240e-04, Loss_ut_ics: 5.554e-05, Loss_norm: 3.677e-06, Loss_gauge: 0.000e+00, w_pde: 1.00e+00, L^2_error: 8.969e-02, lr: 1.000e-03, Time: 1.02e+03
INFO:src.utils.logger:Model state saved to results\ho\DV\20260301-174503_seed0_ho_DV_b1_layered_e600_w120_4q_2l\checkpoints\2026-03-01_17-45-19-696925_ho_DV_seed\model.pth
INFO:src.utils.logger:Model weights saved to results\ho\DV\20260301-174503_seed0_ho_DV_b1_layered_e600_w120_4q_2l\checkpoints\2026-03-01_17-45-19-696925_ho_DV_seed\model_weights.pth
INFO:src.utils.logger:It: 343, Loss: 4.582e-02, Loss_res: 3.406e-02,  Loss_bcs: 7.210e-04, Loss_ut_ics: 5.510e-05, Loss_norm: 3.721e-06, Loss_gauge: 0.000e+00, w_pde: 1.00e+00, L^2_error: 8.954e-02, lr: 1.000e-03, Time: 1.02e+03
INFO:src.utils.logger:Model state saved to results\ho\DV\20260301-174503_seed0_ho_DV_b1_layered_e600_w120_4q_2l\checkpoints\2026-03-01_17-45-19-696925_ho_DV_seed\model.pth
INFO:src.utils.logger:Model weights saved to results\ho\DV\20260301-174503_seed0_ho_DV_b1_layered_e600_w120_4q_2l\checkpoints\2026-03-01_17-45-19-696925_ho_DV_seed\model_weights.pth
INFO:src.utils.logger:It: 344, Loss: 4.553e-02, Loss_res: 3.386e-02,  Loss_bcs: 7.192e-04, Loss_ut_ics: 5.466e-05, Loss_norm: 3.809e-06, Loss_gauge: 0.000e+00, w_pde: 1.00e+00, L^2_error: 8.938e-02, lr: 1.000e-03, Time: 1.03e+03
INFO:src.utils.logger:Model state saved to results\ho\DV\20260301-174503_seed0_ho_DV_b1_layered_e600_w120_4q_2l\checkpoints\2026-03-01_17-45-19-696925_ho_DV_seed\model.pth
INFO:src.utils.logger:Model weights saved to results\ho\DV\20260301-174503_seed0_ho_DV_b1_layered_e600_w120_4q_2l\checkpoints\2026-03-01_17-45-19-696925_ho_DV_seed\model_weights.pth
INFO:src.utils.logger:It: 345, Loss: 4.408e-02, Loss_res: 3.250e-02,  Loss_bcs: 7.092e-04, Loss_ut_ics: 5.424e-05, Loss_norm: 3.985e-06, Loss_gauge: 0.000e+00, w_pde: 1.00e+00, L^2_error: 8.925e-02, lr: 1.000e-03, Time: 1.03e+03
INFO:src.utils.logger:Model state saved to results\ho\DV\20260301-174503_seed0_ho_DV_b1_layered_e600_w120_4q_2l\checkpoints\2026-03-01_17-45-19-696925_ho_DV_seed\model.pth
INFO:src.utils.logger:Model weights saved to results\ho\DV\20260301-174503_seed0_ho_DV_b1_layered_e600_w120_4q_2l\checkpoints\2026-03-01_17-45-19-696925_ho_DV_seed\model_weights.pth
INFO:src.utils.logger:It: 346, Loss: 4.711e-02, Loss_res: 3.562e-02,  Loss_bcs: 7.079e-04, Loss_ut_ics: 5.382e-05, Loss_norm: 4.115e-06, Loss_gauge: 0.000e+00, w_pde: 1.00e+00, L^2_error: 8.911e-02, lr: 1.000e-03, Time: 1.03e+03
INFO:src.utils.logger:Model state saved to results\ho\DV\20260301-174503_seed0_ho_DV_b1_layered_e600_w120_4q_2l\checkpoints\2026-03-01_17-45-19-696925_ho_DV_seed\model.pth
INFO:src.utils.logger:Model weights saved to results\ho\DV\20260301-174503_seed0_ho_DV_b1_layered_e600_w120_4q_2l\checkpoints\2026-03-01_17-45-19-696925_ho_DV_seed\model_weights.pth
INFO:src.utils.logger:It: 347, Loss: 4.452e-02, Loss_res: 3.311e-02,  Loss_bcs: 7.054e-04, Loss_ut_ics: 5.341e-05, Loss_norm: 4.260e-06, Loss_gauge: 0.000e+00, w_pde: 1.00e+00, L^2_error: 8.896e-02, lr: 1.000e-03, Time: 1.03e+03
INFO:src.utils.logger:Model state saved to results\ho\DV\20260301-174503_seed0_ho_DV_b1_layered_e600_w120_4q_2l\checkpoints\2026-03-01_17-45-19-696925_ho_DV_seed\model.pth
INFO:src.utils.logger:Model weights saved to results\ho\DV\20260301-174503_seed0_ho_DV_b1_layered_e600_w120_4q_2l\checkpoints\2026-03-01_17-45-19-696925_ho_DV_seed\model_weights.pth
INFO:src.utils.logger:It: 348, Loss: 4.258e-02, Loss_res: 3.126e-02,  Loss_bcs: 7.049e-04, Loss_ut_ics: 5.299e-05, Loss_norm: 4.394e-06, Loss_gauge: 0.000e+00, w_pde: 1.00e+00, L^2_error: 8.876e-02, lr: 1.000e-03, Time: 1.04e+03
INFO:src.utils.logger:Model state saved to results\ho\DV\20260301-174503_seed0_ho_DV_b1_layered_e600_w120_4q_2l\checkpoints\2026-03-01_17-45-19-696925_ho_DV_seed\model.pth
INFO:src.utils.logger:Model weights saved to results\ho\DV\20260301-174503_seed0_ho_DV_b1_layered_e600_w120_4q_2l\checkpoints\2026-03-01_17-45-19-696925_ho_DV_seed\model_weights.pth
INFO:src.utils.logger:It: 349, Loss: 4.303e-02, Loss_res: 3.179e-02,  Loss_bcs: 7.004e-04, Loss_ut_ics: 5.255e-05, Loss_norm: 4.514e-06, Loss_gauge: 0.000e+00, w_pde: 1.00e+00, L^2_error: 8.856e-02, lr: 1.000e-03, Time: 1.04e+03
INFO:src.utils.logger:Model state saved to results\ho\DV\20260301-174503_seed0_ho_DV_b1_layered_e600_w120_4q_2l\checkpoints\2026-03-01_17-45-19-696925_ho_DV_seed\model.pth
INFO:src.utils.logger:Model weights saved to results\ho\DV\20260301-174503_seed0_ho_DV_b1_layered_e600_w120_4q_2l\checkpoints\2026-03-01_17-45-19-696925_ho_DV_seed\model_weights.pth
INFO:src.utils.logger:It: 350, Loss: 4.452e-02, Loss_res: 3.338e-02,  Loss_bcs: 6.951e-04, Loss_ut_ics: 5.211e-05, Loss_norm: 4.566e-06, Loss_gauge: 0.000e+00, w_pde: 1.00e+00, L^2_error: 8.839e-02, lr: 1.000e-03, Time: 1.04e+03
INFO:src.utils.logger:Model state saved to results\ho\DV\20260301-174503_seed0_ho_DV_b1_layered_e600_w120_4q_2l\checkpoints\2026-03-01_17-45-19-696925_ho_DV_seed\model.pth
INFO:src.utils.logger:Model weights saved to results\ho\DV\20260301-174503_seed0_ho_DV_b1_layered_e600_w120_4q_2l\checkpoints\2026-03-01_17-45-19-696925_ho_DV_seed\model_weights.pth
INFO:src.utils.logger:It: 351, Loss: 4.298e-02, Loss_res: 3.192e-02,  Loss_bcs: 6.983e-04, Loss_ut_ics: 5.168e-05, Loss_norm: 4.571e-06, Loss_gauge: 0.000e+00, w_pde: 1.00e+00, L^2_error: 8.825e-02, lr: 1.000e-03, Time: 1.05e+03
INFO:src.utils.logger:Model state saved to results\ho\DV\20260301-174503_seed0_ho_DV_b1_layered_e600_w120_4q_2l\checkpoints\2026-03-01_17-45-19-696925_ho_DV_seed\model.pth
INFO:src.utils.logger:Model weights saved to results\ho\DV\20260301-174503_seed0_ho_DV_b1_layered_e600_w120_4q_2l\checkpoints\2026-03-01_17-45-19-696925_ho_DV_seed\model_weights.pth
INFO:src.utils.logger:It: 352, Loss: 4.233e-02, Loss_res: 3.137e-02,  Loss_bcs: 6.859e-04, Loss_ut_ics: 5.126e-05, Loss_norm: 4.532e-06, Loss_gauge: 0.000e+00, w_pde: 1.00e+00, L^2_error: 8.810e-02, lr: 1.000e-03, Time: 1.05e+03
INFO:src.utils.logger:Model state saved to results\ho\DV\20260301-174503_seed0_ho_DV_b1_layered_e600_w120_4q_2l\checkpoints\2026-03-01_17-45-19-696925_ho_DV_seed\model.pth
INFO:src.utils.logger:Model weights saved to results\ho\DV\20260301-174503_seed0_ho_DV_b1_layered_e600_w120_4q_2l\checkpoints\2026-03-01_17-45-19-696925_ho_DV_seed\model_weights.pth
INFO:src.utils.logger:It: 353, Loss: 4.336e-02, Loss_res: 3.248e-02,  Loss_bcs: 6.902e-04, Loss_ut_ics: 5.083e-05, Loss_norm: 4.482e-06, Loss_gauge: 0.000e+00, w_pde: 1.00e+00, L^2_error: 8.793e-02, lr: 1.000e-03, Time: 1.05e+03
INFO:src.utils.logger:Model state saved to results\ho\DV\20260301-174503_seed0_ho_DV_b1_layered_e600_w120_4q_2l\checkpoints\2026-03-01_17-45-19-696925_ho_DV_seed\model.pth
INFO:src.utils.logger:Model weights saved to results\ho\DV\20260301-174503_seed0_ho_DV_b1_layered_e600_w120_4q_2l\checkpoints\2026-03-01_17-45-19-696925_ho_DV_seed\model_weights.pth
INFO:src.utils.logger:It: 354, Loss: 4.393e-02, Loss_res: 3.314e-02,  Loss_bcs: 6.897e-04, Loss_ut_ics: 5.038e-05, Loss_norm: 4.461e-06, Loss_gauge: 0.000e+00, w_pde: 1.00e+00, L^2_error: 8.774e-02, lr: 1.000e-03, Time: 1.06e+03
INFO:src.utils.logger:Model state saved to results\ho\DV\20260301-174503_seed0_ho_DV_b1_layered_e600_w120_4q_2l\checkpoints\2026-03-01_17-45-19-696925_ho_DV_seed\model.pth
INFO:src.utils.logger:Model weights saved to results\ho\DV\20260301-174503_seed0_ho_DV_b1_layered_e600_w120_4q_2l\checkpoints\2026-03-01_17-45-19-696925_ho_DV_seed\model_weights.pth
INFO:src.utils.logger:It: 355, Loss: 4.649e-02, Loss_res: 3.581e-02,  Loss_bcs: 6.813e-04, Loss_ut_ics: 4.992e-05, Loss_norm: 4.426e-06, Loss_gauge: 0.000e+00, w_pde: 1.00e+00, L^2_error: 8.754e-02, lr: 1.000e-03, Time: 1.06e+03
INFO:src.utils.logger:Model state saved to results\ho\DV\20260301-174503_seed0_ho_DV_b1_layered_e600_w120_4q_2l\checkpoints\2026-03-01_17-45-19-696925_ho_DV_seed\model.pth
INFO:src.utils.logger:Model weights saved to results\ho\DV\20260301-174503_seed0_ho_DV_b1_layered_e600_w120_4q_2l\checkpoints\2026-03-01_17-45-19-696925_ho_DV_seed\model_weights.pth
INFO:src.utils.logger:It: 356, Loss: 4.597e-02, Loss_res: 3.537e-02,  Loss_bcs: 6.836e-04, Loss_ut_ics: 4.947e-05, Loss_norm: 4.385e-06, Loss_gauge: 0.000e+00, w_pde: 1.00e+00, L^2_error: 8.735e-02, lr: 1.000e-03, Time: 1.06e+03
INFO:src.utils.logger:Model state saved to results\ho\DV\20260301-174503_seed0_ho_DV_b1_layered_e600_w120_4q_2l\checkpoints\2026-03-01_17-45-19-696925_ho_DV_seed\model.pth
INFO:src.utils.logger:Model weights saved to results\ho\DV\20260301-174503_seed0_ho_DV_b1_layered_e600_w120_4q_2l\checkpoints\2026-03-01_17-45-19-696925_ho_DV_seed\model_weights.pth
INFO:src.utils.logger:It: 357, Loss: 4.135e-02, Loss_res: 3.084e-02,  Loss_bcs: 6.848e-04, Loss_ut_ics: 4.902e-05, Loss_norm: 4.378e-06, Loss_gauge: 0.000e+00, w_pde: 1.00e+00, L^2_error: 8.717e-02, lr: 1.000e-03, Time: 1.07e+03
INFO:src.utils.logger:Model state saved to results\ho\DV\20260301-174503_seed0_ho_DV_b1_layered_e600_w120_4q_2l\checkpoints\2026-03-01_17-45-19-696925_ho_DV_seed\model.pth
INFO:src.utils.logger:Model weights saved to results\ho\DV\20260301-174503_seed0_ho_DV_b1_layered_e600_w120_4q_2l\checkpoints\2026-03-01_17-45-19-696925_ho_DV_seed\model_weights.pth
INFO:src.utils.logger:It: 358, Loss: 4.296e-02, Loss_res: 3.254e-02,  Loss_bcs: 6.757e-04, Loss_ut_ics: 4.858e-05, Loss_norm: 4.429e-06, Loss_gauge: 0.000e+00, w_pde: 1.00e+00, L^2_error: 8.698e-02, lr: 1.000e-03, Time: 1.07e+03
INFO:src.utils.logger:Model state saved to results\ho\DV\20260301-174503_seed0_ho_DV_b1_layered_e600_w120_4q_2l\checkpoints\2026-03-01_17-45-19-696925_ho_DV_seed\model.pth
INFO:src.utils.logger:Model weights saved to results\ho\DV\20260301-174503_seed0_ho_DV_b1_layered_e600_w120_4q_2l\checkpoints\2026-03-01_17-45-19-696925_ho_DV_seed\model_weights.pth
INFO:src.utils.logger:It: 359, Loss: 4.006e-02, Loss_res: 2.974e-02,  Loss_bcs: 6.677e-04, Loss_ut_ics: 4.813e-05, Loss_norm: 4.527e-06, Loss_gauge: 0.000e+00, w_pde: 1.00e+00, L^2_error: 8.678e-02, lr: 1.000e-03, Time: 1.07e+03
INFO:src.utils.logger:Model state saved to results\ho\DV\20260301-174503_seed0_ho_DV_b1_layered_e600_w120_4q_2l\checkpoints\2026-03-01_17-45-19-696925_ho_DV_seed\model.pth
INFO:src.utils.logger:Model weights saved to results\ho\DV\20260301-174503_seed0_ho_DV_b1_layered_e600_w120_4q_2l\checkpoints\2026-03-01_17-45-19-696925_ho_DV_seed\model_weights.pth
INFO:src.utils.logger:It: 360, Loss: 4.283e-02, Loss_res: 3.260e-02,  Loss_bcs: 6.702e-04, Loss_ut_ics: 4.769e-05, Loss_norm: 4.685e-06, Loss_gauge: 0.000e+00, w_pde: 1.00e+00, L^2_error: 8.657e-02, lr: 1.000e-03, Time: 1.08e+03
INFO:src.utils.logger:Model state saved to results\ho\DV\20260301-174503_seed0_ho_DV_b1_layered_e600_w120_4q_2l\checkpoints\2026-03-01_17-45-19-696925_ho_DV_seed\model.pth
INFO:src.utils.logger:Model weights saved to results\ho\DV\20260301-174503_seed0_ho_DV_b1_layered_e600_w120_4q_2l\checkpoints\2026-03-01_17-45-19-696925_ho_DV_seed\model_weights.pth
INFO:src.utils.logger:It: 361, Loss: 3.970e-02, Loss_res: 2.956e-02,  Loss_bcs: 6.684e-04, Loss_ut_ics: 4.725e-05, Loss_norm: 4.932e-06, Loss_gauge: 0.000e+00, w_pde: 1.00e+00, L^2_error: 8.636e-02, lr: 1.000e-03, Time: 1.08e+03
INFO:src.utils.logger:Model state saved to results\ho\DV\20260301-174503_seed0_ho_DV_b1_layered_e600_w120_4q_2l\checkpoints\2026-03-01_17-45-19-696925_ho_DV_seed\model.pth
INFO:src.utils.logger:Model weights saved to results\ho\DV\20260301-174503_seed0_ho_DV_b1_layered_e600_w120_4q_2l\checkpoints\2026-03-01_17-45-19-696925_ho_DV_seed\model_weights.pth
INFO:src.utils.logger:It: 362, Loss: 4.194e-02, Loss_res: 3.189e-02,  Loss_bcs: 6.632e-04, Loss_ut_ics: 4.681e-05, Loss_norm: 5.125e-06, Loss_gauge: 0.000e+00, w_pde: 1.00e+00, L^2_error: 8.617e-02, lr: 1.000e-03, Time: 1.08e+03
INFO:src.utils.logger:Model state saved to results\ho\DV\20260301-174503_seed0_ho_DV_b1_layered_e600_w120_4q_2l\checkpoints\2026-03-01_17-45-19-696925_ho_DV_seed\model.pth
INFO:src.utils.logger:Model weights saved to results\ho\DV\20260301-174503_seed0_ho_DV_b1_layered_e600_w120_4q_2l\checkpoints\2026-03-01_17-45-19-696925_ho_DV_seed\model_weights.pth
INFO:src.utils.logger:It: 363, Loss: 4.095e-02, Loss_res: 3.098e-02,  Loss_bcs: 6.603e-04, Loss_ut_ics: 4.639e-05, Loss_norm: 5.197e-06, Loss_gauge: 0.000e+00, w_pde: 1.00e+00, L^2_error: 8.598e-02, lr: 1.000e-03, Time: 1.09e+03
INFO:src.utils.logger:Model state saved to results\ho\DV\20260301-174503_seed0_ho_DV_b1_layered_e600_w120_4q_2l\checkpoints\2026-03-01_17-45-19-696925_ho_DV_seed\model.pth
INFO:src.utils.logger:Model weights saved to results\ho\DV\20260301-174503_seed0_ho_DV_b1_layered_e600_w120_4q_2l\checkpoints\2026-03-01_17-45-19-696925_ho_DV_seed\model_weights.pth
INFO:src.utils.logger:It: 364, Loss: 4.111e-02, Loss_res: 3.123e-02,  Loss_bcs: 6.556e-04, Loss_ut_ics: 4.598e-05, Loss_norm: 5.132e-06, Loss_gauge: 0.000e+00, w_pde: 1.00e+00, L^2_error: 8.575e-02, lr: 1.000e-03, Time: 1.09e+03
INFO:src.utils.logger:Model state saved to results\ho\DV\20260301-174503_seed0_ho_DV_b1_layered_e600_w120_4q_2l\checkpoints\2026-03-01_17-45-19-696925_ho_DV_seed\model.pth
INFO:src.utils.logger:Model weights saved to results\ho\DV\20260301-174503_seed0_ho_DV_b1_layered_e600_w120_4q_2l\checkpoints\2026-03-01_17-45-19-696925_ho_DV_seed\model_weights.pth
INFO:src.utils.logger:It: 365, Loss: 4.146e-02, Loss_res: 3.167e-02,  Loss_bcs: 6.485e-04, Loss_ut_ics: 4.556e-05, Loss_norm: 4.989e-06, Loss_gauge: 0.000e+00, w_pde: 1.00e+00, L^2_error: 8.552e-02, lr: 1.000e-03, Time: 1.09e+03
INFO:src.utils.logger:Model state saved to results\ho\DV\20260301-174503_seed0_ho_DV_b1_layered_e600_w120_4q_2l\checkpoints\2026-03-01_17-45-19-696925_ho_DV_seed\model.pth
INFO:src.utils.logger:Model weights saved to results\ho\DV\20260301-174503_seed0_ho_DV_b1_layered_e600_w120_4q_2l\checkpoints\2026-03-01_17-45-19-696925_ho_DV_seed\model_weights.pth
INFO:src.utils.logger:It: 366, Loss: 4.010e-02, Loss_res: 3.039e-02,  Loss_bcs: 6.538e-04, Loss_ut_ics: 4.514e-05, Loss_norm: 4.802e-06, Loss_gauge: 0.000e+00, w_pde: 1.00e+00, L^2_error: 8.527e-02, lr: 1.000e-03, Time: 1.09e+03
INFO:src.utils.logger:Model state saved to results\ho\DV\20260301-174503_seed0_ho_DV_b1_layered_e600_w120_4q_2l\checkpoints\2026-03-01_17-45-19-696925_ho_DV_seed\model.pth
INFO:src.utils.logger:Model weights saved to results\ho\DV\20260301-174503_seed0_ho_DV_b1_layered_e600_w120_4q_2l\checkpoints\2026-03-01_17-45-19-696925_ho_DV_seed\model_weights.pth
INFO:src.utils.logger:It: 367, Loss: 4.225e-02, Loss_res: 3.263e-02,  Loss_bcs: 6.490e-04, Loss_ut_ics: 4.472e-05, Loss_norm: 4.647e-06, Loss_gauge: 0.000e+00, w_pde: 1.00e+00, L^2_error: 8.502e-02, lr: 1.000e-03, Time: 1.10e+03
INFO:src.utils.logger:Model state saved to results\ho\DV\20260301-174503_seed0_ho_DV_b1_layered_e600_w120_4q_2l\checkpoints\2026-03-01_17-45-19-696925_ho_DV_seed\model.pth
INFO:src.utils.logger:Model weights saved to results\ho\DV\20260301-174503_seed0_ho_DV_b1_layered_e600_w120_4q_2l\checkpoints\2026-03-01_17-45-19-696925_ho_DV_seed\model_weights.pth
INFO:src.utils.logger:It: 368, Loss: 4.140e-02, Loss_res: 3.187e-02,  Loss_bcs: 6.505e-04, Loss_ut_ics: 4.431e-05, Loss_norm: 4.583e-06, Loss_gauge: 0.000e+00, w_pde: 1.00e+00, L^2_error: 8.478e-02, lr: 1.000e-03, Time: 1.10e+03
INFO:src.utils.logger:Model state saved to results\ho\DV\20260301-174503_seed0_ho_DV_b1_layered_e600_w120_4q_2l\checkpoints\2026-03-01_17-45-19-696925_ho_DV_seed\model.pth
INFO:src.utils.logger:Model weights saved to results\ho\DV\20260301-174503_seed0_ho_DV_b1_layered_e600_w120_4q_2l\checkpoints\2026-03-01_17-45-19-696925_ho_DV_seed\model_weights.pth
INFO:src.utils.logger:It: 369, Loss: 3.809e-02, Loss_res: 2.864e-02,  Loss_bcs: 6.413e-04, Loss_ut_ics: 4.389e-05, Loss_norm: 4.634e-06, Loss_gauge: 0.000e+00, w_pde: 1.00e+00, L^2_error: 8.454e-02, lr: 1.000e-03, Time: 1.10e+03
INFO:src.utils.logger:Model state saved to results\ho\DV\20260301-174503_seed0_ho_DV_b1_layered_e600_w120_4q_2l\checkpoints\2026-03-01_17-45-19-696925_ho_DV_seed\model.pth
INFO:src.utils.logger:Model weights saved to results\ho\DV\20260301-174503_seed0_ho_DV_b1_layered_e600_w120_4q_2l\checkpoints\2026-03-01_17-45-19-696925_ho_DV_seed\model_weights.pth
INFO:src.utils.logger:It: 370, Loss: 3.946e-02, Loss_res: 3.010e-02,  Loss_bcs: 6.341e-04, Loss_ut_ics: 4.348e-05, Loss_norm: 4.787e-06, Loss_gauge: 0.000e+00, w_pde: 1.00e+00, L^2_error: 8.430e-02, lr: 1.000e-03, Time: 1.11e+03
INFO:src.utils.logger:Model state saved to results\ho\DV\20260301-174503_seed0_ho_DV_b1_layered_e600_w120_4q_2l\checkpoints\2026-03-01_17-45-19-696925_ho_DV_seed\model.pth
INFO:src.utils.logger:Model weights saved to results\ho\DV\20260301-174503_seed0_ho_DV_b1_layered_e600_w120_4q_2l\checkpoints\2026-03-01_17-45-19-696925_ho_DV_seed\model_weights.pth
INFO:src.utils.logger:It: 371, Loss: 3.880e-02, Loss_res: 2.954e-02,  Loss_bcs: 6.286e-04, Loss_ut_ics: 4.306e-05, Loss_norm: 4.954e-06, Loss_gauge: 0.000e+00, w_pde: 1.00e+00, L^2_error: 8.406e-02, lr: 1.000e-03, Time: 1.11e+03
INFO:src.utils.logger:Model state saved to results\ho\DV\20260301-174503_seed0_ho_DV_b1_layered_e600_w120_4q_2l\checkpoints\2026-03-01_17-45-19-696925_ho_DV_seed\model.pth
INFO:src.utils.logger:Model weights saved to results\ho\DV\20260301-174503_seed0_ho_DV_b1_layered_e600_w120_4q_2l\checkpoints\2026-03-01_17-45-19-696925_ho_DV_seed\model_weights.pth
INFO:src.utils.logger:It: 372, Loss: 4.037e-02, Loss_res: 3.119e-02,  Loss_bcs: 6.236e-04, Loss_ut_ics: 4.263e-05, Loss_norm: 5.140e-06, Loss_gauge: 0.000e+00, w_pde: 1.00e+00, L^2_error: 8.381e-02, lr: 1.000e-03, Time: 1.11e+03
INFO:src.utils.logger:Model state saved to results\ho\DV\20260301-174503_seed0_ho_DV_b1_layered_e600_w120_4q_2l\checkpoints\2026-03-01_17-45-19-696925_ho_DV_seed\model.pth
INFO:src.utils.logger:Model weights saved to results\ho\DV\20260301-174503_seed0_ho_DV_b1_layered_e600_w120_4q_2l\checkpoints\2026-03-01_17-45-19-696925_ho_DV_seed\model_weights.pth
INFO:src.utils.logger:It: 373, Loss: 3.790e-02, Loss_res: 2.881e-02,  Loss_bcs: 6.244e-04, Loss_ut_ics: 4.221e-05, Loss_norm: 5.353e-06, Loss_gauge: 0.000e+00, w_pde: 1.00e+00, L^2_error: 8.355e-02, lr: 1.000e-03, Time: 1.12e+03
INFO:src.utils.logger:Model state saved to results\ho\DV\20260301-174503_seed0_ho_DV_b1_layered_e600_w120_4q_2l\checkpoints\2026-03-01_17-45-19-696925_ho_DV_seed\model.pth
INFO:src.utils.logger:Model weights saved to results\ho\DV\20260301-174503_seed0_ho_DV_b1_layered_e600_w120_4q_2l\checkpoints\2026-03-01_17-45-19-696925_ho_DV_seed\model_weights.pth
INFO:src.utils.logger:It: 374, Loss: 3.773e-02, Loss_res: 2.873e-02,  Loss_bcs: 6.210e-04, Loss_ut_ics: 4.178e-05, Loss_norm: 5.586e-06, Loss_gauge: 0.000e+00, w_pde: 1.00e+00, L^2_error: 8.328e-02, lr: 1.000e-03, Time: 1.12e+03
INFO:src.utils.logger:Model state saved to results\ho\DV\20260301-174503_seed0_ho_DV_b1_layered_e600_w120_4q_2l\checkpoints\2026-03-01_17-45-19-696925_ho_DV_seed\model.pth
INFO:src.utils.logger:Model weights saved to results\ho\DV\20260301-174503_seed0_ho_DV_b1_layered_e600_w120_4q_2l\checkpoints\2026-03-01_17-45-19-696925_ho_DV_seed\model_weights.pth
INFO:src.utils.logger:It: 375, Loss: 3.948e-02, Loss_res: 3.057e-02,  Loss_bcs: 6.153e-04, Loss_ut_ics: 4.134e-05, Loss_norm: 5.789e-06, Loss_gauge: 0.000e+00, w_pde: 1.00e+00, L^2_error: 8.301e-02, lr: 1.000e-03, Time: 1.12e+03
INFO:src.utils.logger:Model state saved to results\ho\DV\20260301-174503_seed0_ho_DV_b1_layered_e600_w120_4q_2l\checkpoints\2026-03-01_17-45-19-696925_ho_DV_seed\model.pth
INFO:src.utils.logger:Model weights saved to results\ho\DV\20260301-174503_seed0_ho_DV_b1_layered_e600_w120_4q_2l\checkpoints\2026-03-01_17-45-19-696925_ho_DV_seed\model_weights.pth
INFO:src.utils.logger:It: 376, Loss: 3.910e-02, Loss_res: 3.027e-02,  Loss_bcs: 6.138e-04, Loss_ut_ics: 4.091e-05, Loss_norm: 5.905e-06, Loss_gauge: 0.000e+00, w_pde: 1.00e+00, L^2_error: 8.274e-02, lr: 1.000e-03, Time: 1.12e+03
INFO:src.utils.logger:Model state saved to results\ho\DV\20260301-174503_seed0_ho_DV_b1_layered_e600_w120_4q_2l\checkpoints\2026-03-01_17-45-19-696925_ho_DV_seed\model.pth
INFO:src.utils.logger:Model weights saved to results\ho\DV\20260301-174503_seed0_ho_DV_b1_layered_e600_w120_4q_2l\checkpoints\2026-03-01_17-45-19-696925_ho_DV_seed\model_weights.pth
INFO:src.utils.logger:It: 377, Loss: 3.793e-02, Loss_res: 2.920e-02,  Loss_bcs: 6.066e-04, Loss_ut_ics: 4.049e-05, Loss_norm: 6.047e-06, Loss_gauge: 0.000e+00, w_pde: 1.00e+00, L^2_error: 8.246e-02, lr: 1.000e-03, Time: 1.13e+03
INFO:src.utils.logger:Model state saved to results\ho\DV\20260301-174503_seed0_ho_DV_b1_layered_e600_w120_4q_2l\checkpoints\2026-03-01_17-45-19-696925_ho_DV_seed\model.pth
INFO:src.utils.logger:Model weights saved to results\ho\DV\20260301-174503_seed0_ho_DV_b1_layered_e600_w120_4q_2l\checkpoints\2026-03-01_17-45-19-696925_ho_DV_seed\model_weights.pth
INFO:src.utils.logger:It: 378, Loss: 3.905e-02, Loss_res: 3.041e-02,  Loss_bcs: 6.019e-04, Loss_ut_ics: 4.006e-05, Loss_norm: 6.064e-06, Loss_gauge: 0.000e+00, w_pde: 1.00e+00, L^2_error: 8.218e-02, lr: 1.000e-03, Time: 1.13e+03
INFO:src.utils.logger:Model state saved to results\ho\DV\20260301-174503_seed0_ho_DV_b1_layered_e600_w120_4q_2l\checkpoints\2026-03-01_17-45-19-696925_ho_DV_seed\model.pth
INFO:src.utils.logger:Model weights saved to results\ho\DV\20260301-174503_seed0_ho_DV_b1_layered_e600_w120_4q_2l\checkpoints\2026-03-01_17-45-19-696925_ho_DV_seed\model_weights.pth
INFO:src.utils.logger:It: 379, Loss: 3.777e-02, Loss_res: 2.921e-02,  Loss_bcs: 6.016e-04, Loss_ut_ics: 3.965e-05, Loss_norm: 6.048e-06, Loss_gauge: 0.000e+00, w_pde: 1.00e+00, L^2_error: 8.189e-02, lr: 1.000e-03, Time: 1.13e+03
INFO:src.utils.logger:Model state saved to results\ho\DV\20260301-174503_seed0_ho_DV_b1_layered_e600_w120_4q_2l\checkpoints\2026-03-01_17-45-19-696925_ho_DV_seed\model.pth
INFO:src.utils.logger:Model weights saved to results\ho\DV\20260301-174503_seed0_ho_DV_b1_layered_e600_w120_4q_2l\checkpoints\2026-03-01_17-45-19-696925_ho_DV_seed\model_weights.pth
INFO:src.utils.logger:It: 380, Loss: 3.838e-02, Loss_res: 2.991e-02,  Loss_bcs: 5.969e-04, Loss_ut_ics: 3.924e-05, Loss_norm: 5.962e-06, Loss_gauge: 0.000e+00, w_pde: 1.00e+00, L^2_error: 8.160e-02, lr: 1.000e-03, Time: 1.14e+03
INFO:src.utils.logger:Model state saved to results\ho\DV\20260301-174503_seed0_ho_DV_b1_layered_e600_w120_4q_2l\checkpoints\2026-03-01_17-45-19-696925_ho_DV_seed\model.pth
INFO:src.utils.logger:Model weights saved to results\ho\DV\20260301-174503_seed0_ho_DV_b1_layered_e600_w120_4q_2l\checkpoints\2026-03-01_17-45-19-696925_ho_DV_seed\model_weights.pth
INFO:src.utils.logger:It: 381, Loss: 3.884e-02, Loss_res: 3.045e-02,  Loss_bcs: 5.914e-04, Loss_ut_ics: 3.885e-05, Loss_norm: 5.839e-06, Loss_gauge: 0.000e+00, w_pde: 1.00e+00, L^2_error: 8.130e-02, lr: 1.000e-03, Time: 1.14e+03
INFO:src.utils.logger:Model state saved to results\ho\DV\20260301-174503_seed0_ho_DV_b1_layered_e600_w120_4q_2l\checkpoints\2026-03-01_17-45-19-696925_ho_DV_seed\model.pth
INFO:src.utils.logger:Model weights saved to results\ho\DV\20260301-174503_seed0_ho_DV_b1_layered_e600_w120_4q_2l\checkpoints\2026-03-01_17-45-19-696925_ho_DV_seed\model_weights.pth
INFO:src.utils.logger:It: 382, Loss: 3.533e-02, Loss_res: 2.702e-02,  Loss_bcs: 5.924e-04, Loss_ut_ics: 3.846e-05, Loss_norm: 5.700e-06, Loss_gauge: 0.000e+00, w_pde: 1.00e+00, L^2_error: 8.098e-02, lr: 1.000e-03, Time: 1.14e+03
INFO:src.utils.logger:Model state saved to results\ho\DV\20260301-174503_seed0_ho_DV_b1_layered_e600_w120_4q_2l\checkpoints\2026-03-01_17-45-19-696925_ho_DV_seed\model.pth
INFO:src.utils.logger:Model weights saved to results\ho\DV\20260301-174503_seed0_ho_DV_b1_layered_e600_w120_4q_2l\checkpoints\2026-03-01_17-45-19-696925_ho_DV_seed\model_weights.pth
INFO:src.utils.logger:It: 383, Loss: 3.678e-02, Loss_res: 2.854e-02,  Loss_bcs: 5.909e-04, Loss_ut_ics: 3.808e-05, Loss_norm: 5.616e-06, Loss_gauge: 0.000e+00, w_pde: 1.00e+00, L^2_error: 8.066e-02, lr: 1.000e-03, Time: 1.14e+03
INFO:src.utils.logger:Model state saved to results\ho\DV\20260301-174503_seed0_ho_DV_b1_layered_e600_w120_4q_2l\checkpoints\2026-03-01_17-45-19-696925_ho_DV_seed\model.pth
INFO:src.utils.logger:Model weights saved to results\ho\DV\20260301-174503_seed0_ho_DV_b1_layered_e600_w120_4q_2l\checkpoints\2026-03-01_17-45-19-696925_ho_DV_seed\model_weights.pth
INFO:src.utils.logger:It: 384, Loss: 3.878e-02, Loss_res: 3.062e-02,  Loss_bcs: 5.864e-04, Loss_ut_ics: 3.771e-05, Loss_norm: 5.549e-06, Loss_gauge: 0.000e+00, w_pde: 1.00e+00, L^2_error: 8.030e-02, lr: 1.000e-03, Time: 1.15e+03
INFO:src.utils.logger:Model state saved to results\ho\DV\20260301-174503_seed0_ho_DV_b1_layered_e600_w120_4q_2l\checkpoints\2026-03-01_17-45-19-696925_ho_DV_seed\model.pth
INFO:src.utils.logger:Model weights saved to results\ho\DV\20260301-174503_seed0_ho_DV_b1_layered_e600_w120_4q_2l\checkpoints\2026-03-01_17-45-19-696925_ho_DV_seed\model_weights.pth
INFO:src.utils.logger:It: 385, Loss: 3.528e-02, Loss_res: 2.720e-02,  Loss_bcs: 5.869e-04, Loss_ut_ics: 3.733e-05, Loss_norm: 5.619e-06, Loss_gauge: 0.000e+00, w_pde: 1.00e+00, L^2_error: 7.994e-02, lr: 1.000e-03, Time: 1.15e+03
INFO:src.utils.logger:Model state saved to results\ho\DV\20260301-174503_seed0_ho_DV_b1_layered_e600_w120_4q_2l\checkpoints\2026-03-01_17-45-19-696925_ho_DV_seed\model.pth
INFO:src.utils.logger:Model weights saved to results\ho\DV\20260301-174503_seed0_ho_DV_b1_layered_e600_w120_4q_2l\checkpoints\2026-03-01_17-45-19-696925_ho_DV_seed\model_weights.pth
INFO:src.utils.logger:It: 386, Loss: 3.645e-02, Loss_res: 2.846e-02,  Loss_bcs: 5.796e-04, Loss_ut_ics: 3.695e-05, Loss_norm: 5.806e-06, Loss_gauge: 0.000e+00, w_pde: 1.00e+00, L^2_error: 7.960e-02, lr: 1.000e-03, Time: 1.15e+03
INFO:src.utils.logger:Model state saved to results\ho\DV\20260301-174503_seed0_ho_DV_b1_layered_e600_w120_4q_2l\checkpoints\2026-03-01_17-45-19-696925_ho_DV_seed\model.pth
INFO:src.utils.logger:Model weights saved to results\ho\DV\20260301-174503_seed0_ho_DV_b1_layered_e600_w120_4q_2l\checkpoints\2026-03-01_17-45-19-696925_ho_DV_seed\model_weights.pth
INFO:src.utils.logger:It: 387, Loss: 3.511e-02, Loss_res: 2.718e-02,  Loss_bcs: 5.823e-04, Loss_ut_ics: 3.657e-05, Loss_norm: 6.060e-06, Loss_gauge: 0.000e+00, w_pde: 1.00e+00, L^2_error: 7.930e-02, lr: 1.000e-03, Time: 1.16e+03
INFO:src.utils.logger:Model state saved to results\ho\DV\20260301-174503_seed0_ho_DV_b1_layered_e600_w120_4q_2l\checkpoints\2026-03-01_17-45-19-696925_ho_DV_seed\model.pth
INFO:src.utils.logger:Model weights saved to results\ho\DV\20260301-174503_seed0_ho_DV_b1_layered_e600_w120_4q_2l\checkpoints\2026-03-01_17-45-19-696925_ho_DV_seed\model_weights.pth
INFO:src.utils.logger:It: 388, Loss: 3.428e-02, Loss_res: 2.643e-02,  Loss_bcs: 5.762e-04, Loss_ut_ics: 3.623e-05, Loss_norm: 6.273e-06, Loss_gauge: 0.000e+00, w_pde: 1.00e+00, L^2_error: 7.898e-02, lr: 1.000e-03, Time: 1.16e+03
INFO:src.utils.logger:Model state saved to results\ho\DV\20260301-174503_seed0_ho_DV_b1_layered_e600_w120_4q_2l\checkpoints\2026-03-01_17-45-19-696925_ho_DV_seed\model.pth
INFO:src.utils.logger:Model weights saved to results\ho\DV\20260301-174503_seed0_ho_DV_b1_layered_e600_w120_4q_2l\checkpoints\2026-03-01_17-45-19-696925_ho_DV_seed\model_weights.pth
INFO:src.utils.logger:It: 389, Loss: 3.406e-02, Loss_res: 2.627e-02,  Loss_bcs: 5.738e-04, Loss_ut_ics: 3.589e-05, Loss_norm: 6.416e-06, Loss_gauge: 0.000e+00, w_pde: 1.00e+00, L^2_error: 7.862e-02, lr: 1.000e-03, Time: 1.16e+03
INFO:src.utils.logger:Model state saved to results\ho\DV\20260301-174503_seed0_ho_DV_b1_layered_e600_w120_4q_2l\checkpoints\2026-03-01_17-45-19-696925_ho_DV_seed\model.pth
INFO:src.utils.logger:Model weights saved to results\ho\DV\20260301-174503_seed0_ho_DV_b1_layered_e600_w120_4q_2l\checkpoints\2026-03-01_17-45-19-696925_ho_DV_seed\model_weights.pth
INFO:src.utils.logger:It: 390, Loss: 3.265e-02, Loss_res: 2.494e-02,  Loss_bcs: 5.726e-04, Loss_ut_ics: 3.552e-05, Loss_norm: 6.546e-06, Loss_gauge: 0.000e+00, w_pde: 1.00e+00, L^2_error: 7.824e-02, lr: 1.000e-03, Time: 1.17e+03
INFO:src.utils.logger:Model state saved to results\ho\DV\20260301-174503_seed0_ho_DV_b1_layered_e600_w120_4q_2l\checkpoints\2026-03-01_17-45-19-696925_ho_DV_seed\model.pth
INFO:src.utils.logger:Model weights saved to results\ho\DV\20260301-174503_seed0_ho_DV_b1_layered_e600_w120_4q_2l\checkpoints\2026-03-01_17-45-19-696925_ho_DV_seed\model_weights.pth
INFO:src.utils.logger:It: 391, Loss: 3.267e-02, Loss_res: 2.504e-02,  Loss_bcs: 5.675e-04, Loss_ut_ics: 3.516e-05, Loss_norm: 6.626e-06, Loss_gauge: 0.000e+00, w_pde: 1.00e+00, L^2_error: 7.784e-02, lr: 1.000e-03, Time: 1.17e+03
INFO:src.utils.logger:Model state saved to results\ho\DV\20260301-174503_seed0_ho_DV_b1_layered_e600_w120_4q_2l\checkpoints\2026-03-01_17-45-19-696925_ho_DV_seed\model.pth
INFO:src.utils.logger:Model weights saved to results\ho\DV\20260301-174503_seed0_ho_DV_b1_layered_e600_w120_4q_2l\checkpoints\2026-03-01_17-45-19-696925_ho_DV_seed\model_weights.pth
INFO:src.utils.logger:It: 392, Loss: 3.332e-02, Loss_res: 2.577e-02,  Loss_bcs: 5.588e-04, Loss_ut_ics: 3.479e-05, Loss_norm: 6.715e-06, Loss_gauge: 0.000e+00, w_pde: 1.00e+00, L^2_error: 7.747e-02, lr: 1.000e-03, Time: 1.17e+03
INFO:src.utils.logger:Model state saved to results\ho\DV\20260301-174503_seed0_ho_DV_b1_layered_e600_w120_4q_2l\checkpoints\2026-03-01_17-45-19-696925_ho_DV_seed\model.pth
INFO:src.utils.logger:Model weights saved to results\ho\DV\20260301-174503_seed0_ho_DV_b1_layered_e600_w120_4q_2l\checkpoints\2026-03-01_17-45-19-696925_ho_DV_seed\model_weights.pth
INFO:src.utils.logger:It: 393, Loss: 3.395e-02, Loss_res: 2.646e-02,  Loss_bcs: 5.688e-04, Loss_ut_ics: 3.445e-05, Loss_norm: 6.711e-06, Loss_gauge: 0.000e+00, w_pde: 1.00e+00, L^2_error: 7.713e-02, lr: 1.000e-03, Time: 1.17e+03
INFO:src.utils.logger:Model state saved to results\ho\DV\20260301-174503_seed0_ho_DV_b1_layered_e600_w120_4q_2l\checkpoints\2026-03-01_17-45-19-696925_ho_DV_seed\model.pth
INFO:src.utils.logger:Model weights saved to results\ho\DV\20260301-174503_seed0_ho_DV_b1_layered_e600_w120_4q_2l\checkpoints\2026-03-01_17-45-19-696925_ho_DV_seed\model_weights.pth
INFO:src.utils.logger:It: 394, Loss: 3.231e-02, Loss_res: 2.490e-02,  Loss_bcs: 5.559e-04, Loss_ut_ics: 3.412e-05, Loss_norm: 6.644e-06, Loss_gauge: 0.000e+00, w_pde: 1.00e+00, L^2_error: 7.679e-02, lr: 1.000e-03, Time: 1.18e+03
INFO:src.utils.logger:Model state saved to results\ho\DV\20260301-174503_seed0_ho_DV_b1_layered_e600_w120_4q_2l\checkpoints\2026-03-01_17-45-19-696925_ho_DV_seed\model.pth
INFO:src.utils.logger:Model weights saved to results\ho\DV\20260301-174503_seed0_ho_DV_b1_layered_e600_w120_4q_2l\checkpoints\2026-03-01_17-45-19-696925_ho_DV_seed\model_weights.pth
INFO:src.utils.logger:It: 395, Loss: 3.342e-02, Loss_res: 2.607e-02,  Loss_bcs: 5.601e-04, Loss_ut_ics: 3.381e-05, Loss_norm: 6.565e-06, Loss_gauge: 0.000e+00, w_pde: 1.00e+00, L^2_error: 7.641e-02, lr: 1.000e-03, Time: 1.18e+03
INFO:src.utils.logger:Model state saved to results\ho\DV\20260301-174503_seed0_ho_DV_b1_layered_e600_w120_4q_2l\checkpoints\2026-03-01_17-45-19-696925_ho_DV_seed\model.pth
INFO:src.utils.logger:Model weights saved to results\ho\DV\20260301-174503_seed0_ho_DV_b1_layered_e600_w120_4q_2l\checkpoints\2026-03-01_17-45-19-696925_ho_DV_seed\model_weights.pth
INFO:src.utils.logger:It: 396, Loss: 3.347e-02, Loss_res: 2.619e-02,  Loss_bcs: 5.564e-04, Loss_ut_ics: 3.347e-05, Loss_norm: 6.537e-06, Loss_gauge: 0.000e+00, w_pde: 1.00e+00, L^2_error: 7.598e-02, lr: 1.000e-03, Time: 1.18e+03
INFO:src.utils.logger:Model state saved to results\ho\DV\20260301-174503_seed0_ho_DV_b1_layered_e600_w120_4q_2l\checkpoints\2026-03-01_17-45-19-696925_ho_DV_seed\model.pth
INFO:src.utils.logger:Model weights saved to results\ho\DV\20260301-174503_seed0_ho_DV_b1_layered_e600_w120_4q_2l\checkpoints\2026-03-01_17-45-19-696925_ho_DV_seed\model_weights.pth
INFO:src.utils.logger:It: 397, Loss: 3.124e-02, Loss_res: 2.403e-02,  Loss_bcs: 5.524e-04, Loss_ut_ics: 3.312e-05, Loss_norm: 6.595e-06, Loss_gauge: 0.000e+00, w_pde: 1.00e+00, L^2_error: 7.556e-02, lr: 1.000e-03, Time: 1.19e+03
INFO:src.utils.logger:Model state saved to results\ho\DV\20260301-174503_seed0_ho_DV_b1_layered_e600_w120_4q_2l\checkpoints\2026-03-01_17-45-19-696925_ho_DV_seed\model.pth
INFO:src.utils.logger:Model weights saved to results\ho\DV\20260301-174503_seed0_ho_DV_b1_layered_e600_w120_4q_2l\checkpoints\2026-03-01_17-45-19-696925_ho_DV_seed\model_weights.pth
INFO:src.utils.logger:It: 398, Loss: 3.079e-02, Loss_res: 2.365e-02,  Loss_bcs: 5.523e-04, Loss_ut_ics: 3.277e-05, Loss_norm: 6.741e-06, Loss_gauge: 0.000e+00, w_pde: 1.00e+00, L^2_error: 7.516e-02, lr: 1.000e-03, Time: 1.19e+03
INFO:src.utils.logger:Model state saved to results\ho\DV\20260301-174503_seed0_ho_DV_b1_layered_e600_w120_4q_2l\checkpoints\2026-03-01_17-45-19-696925_ho_DV_seed\model.pth
INFO:src.utils.logger:Model weights saved to results\ho\DV\20260301-174503_seed0_ho_DV_b1_layered_e600_w120_4q_2l\checkpoints\2026-03-01_17-45-19-696925_ho_DV_seed\model_weights.pth
INFO:src.utils.logger:It: 399, Loss: 3.231e-02, Loss_res: 2.523e-02,  Loss_bcs: 5.479e-04, Loss_ut_ics: 3.245e-05, Loss_norm: 6.923e-06, Loss_gauge: 0.000e+00, w_pde: 1.00e+00, L^2_error: 7.480e-02, lr: 1.000e-03, Time: 1.19e+03
INFO:src.utils.logger:Model state saved to results\ho\DV\20260301-174503_seed0_ho_DV_b1_layered_e600_w120_4q_2l\checkpoints\2026-03-01_17-45-19-696925_ho_DV_seed\model.pth
INFO:src.utils.logger:Model weights saved to results\ho\DV\20260301-174503_seed0_ho_DV_b1_layered_e600_w120_4q_2l\checkpoints\2026-03-01_17-45-19-696925_ho_DV_seed\model_weights.pth
INFO:src.utils.logger:It: 400, Loss: 3.103e-02, Loss_res: 2.401e-02,  Loss_bcs: 5.512e-04, Loss_ut_ics: 3.216e-05, Loss_norm: 7.126e-06, Loss_gauge: 0.000e+00, w_pde: 1.00e+00, L^2_error: 7.441e-02, lr: 1.000e-03, Time: 1.19e+03
INFO:src.utils.logger:Model state saved to results\ho\DV\20260301-174503_seed0_ho_DV_b1_layered_e600_w120_4q_2l\checkpoints\2026-03-01_17-45-19-696925_ho_DV_seed\model.pth
INFO:src.utils.logger:Model weights saved to results\ho\DV\20260301-174503_seed0_ho_DV_b1_layered_e600_w120_4q_2l\checkpoints\2026-03-01_17-45-19-696925_ho_DV_seed\model_weights.pth
INFO:src.utils.logger:It: 401, Loss: 3.066e-02, Loss_res: 2.370e-02,  Loss_bcs: 5.484e-04, Loss_ut_ics: 3.188e-05, Loss_norm: 7.278e-06, Loss_gauge: 0.000e+00, w_pde: 1.00e+00, L^2_error: 7.399e-02, lr: 1.000e-03, Time: 1.20e+03
INFO:src.utils.logger:Model state saved to results\ho\DV\20260301-174503_seed0_ho_DV_b1_layered_e600_w120_4q_2l\checkpoints\2026-03-01_17-45-19-696925_ho_DV_seed\model.pth
INFO:src.utils.logger:Model weights saved to results\ho\DV\20260301-174503_seed0_ho_DV_b1_layered_e600_w120_4q_2l\checkpoints\2026-03-01_17-45-19-696925_ho_DV_seed\model_weights.pth
INFO:src.utils.logger:It: 402, Loss: 3.140e-02, Loss_res: 2.451e-02,  Loss_bcs: 5.412e-04, Loss_ut_ics: 3.159e-05, Loss_norm: 7.329e-06, Loss_gauge: 0.000e+00, w_pde: 1.00e+00, L^2_error: 7.354e-02, lr: 1.000e-03, Time: 1.20e+03
INFO:src.utils.logger:Model state saved to results\ho\DV\20260301-174503_seed0_ho_DV_b1_layered_e600_w120_4q_2l\checkpoints\2026-03-01_17-45-19-696925_ho_DV_seed\model.pth
INFO:src.utils.logger:Model weights saved to results\ho\DV\20260301-174503_seed0_ho_DV_b1_layered_e600_w120_4q_2l\checkpoints\2026-03-01_17-45-19-696925_ho_DV_seed\model_weights.pth
INFO:src.utils.logger:It: 403, Loss: 3.167e-02, Loss_res: 2.484e-02,  Loss_bcs: 5.399e-04, Loss_ut_ics: 3.129e-05, Loss_norm: 7.297e-06, Loss_gauge: 0.000e+00, w_pde: 1.00e+00, L^2_error: 7.307e-02, lr: 1.000e-03, Time: 1.20e+03
INFO:src.utils.logger:Model state saved to results\ho\DV\20260301-174503_seed0_ho_DV_b1_layered_e600_w120_4q_2l\checkpoints\2026-03-01_17-45-19-696925_ho_DV_seed\model.pth
INFO:src.utils.logger:Model weights saved to results\ho\DV\20260301-174503_seed0_ho_DV_b1_layered_e600_w120_4q_2l\checkpoints\2026-03-01_17-45-19-696925_ho_DV_seed\model_weights.pth
INFO:src.utils.logger:It: 404, Loss: 2.851e-02, Loss_res: 2.174e-02,  Loss_bcs: 5.358e-04, Loss_ut_ics: 3.099e-05, Loss_norm: 7.228e-06, Loss_gauge: 0.000e+00, w_pde: 1.00e+00, L^2_error: 7.262e-02, lr: 1.000e-03, Time: 1.21e+03
INFO:src.utils.logger:Model state saved to results\ho\DV\20260301-174503_seed0_ho_DV_b1_layered_e600_w120_4q_2l\checkpoints\2026-03-01_17-45-19-696925_ho_DV_seed\model.pth
INFO:src.utils.logger:Model weights saved to results\ho\DV\20260301-174503_seed0_ho_DV_b1_layered_e600_w120_4q_2l\checkpoints\2026-03-01_17-45-19-696925_ho_DV_seed\model_weights.pth
INFO:src.utils.logger:It: 405, Loss: 2.953e-02, Loss_res: 2.282e-02,  Loss_bcs: 5.390e-04, Loss_ut_ics: 3.071e-05, Loss_norm: 7.123e-06, Loss_gauge: 0.000e+00, w_pde: 1.00e+00, L^2_error: 7.220e-02, lr: 1.000e-03, Time: 1.21e+03
INFO:src.utils.logger:Model state saved to results\ho\DV\20260301-174503_seed0_ho_DV_b1_layered_e600_w120_4q_2l\checkpoints\2026-03-01_17-45-19-696925_ho_DV_seed\model.pth
INFO:src.utils.logger:Model weights saved to results\ho\DV\20260301-174503_seed0_ho_DV_b1_layered_e600_w120_4q_2l\checkpoints\2026-03-01_17-45-19-696925_ho_DV_seed\model_weights.pth
INFO:src.utils.logger:It: 406, Loss: 2.790e-02, Loss_res: 2.125e-02,  Loss_bcs: 5.319e-04, Loss_ut_ics: 3.045e-05, Loss_norm: 7.017e-06, Loss_gauge: 0.000e+00, w_pde: 1.00e+00, L^2_error: 7.179e-02, lr: 1.000e-03, Time: 1.21e+03
INFO:src.utils.logger:Model state saved to results\ho\DV\20260301-174503_seed0_ho_DV_b1_layered_e600_w120_4q_2l\checkpoints\2026-03-01_17-45-19-696925_ho_DV_seed\model.pth
INFO:src.utils.logger:Model weights saved to results\ho\DV\20260301-174503_seed0_ho_DV_b1_layered_e600_w120_4q_2l\checkpoints\2026-03-01_17-45-19-696925_ho_DV_seed\model_weights.pth
INFO:src.utils.logger:It: 407, Loss: 2.779e-02, Loss_res: 2.118e-02,  Loss_bcs: 5.272e-04, Loss_ut_ics: 3.021e-05, Loss_norm: 6.917e-06, Loss_gauge: 0.000e+00, w_pde: 1.00e+00, L^2_error: 7.136e-02, lr: 1.000e-03, Time: 1.21e+03
INFO:src.utils.logger:Model state saved to results\ho\DV\20260301-174503_seed0_ho_DV_b1_layered_e600_w120_4q_2l\checkpoints\2026-03-01_17-45-19-696925_ho_DV_seed\model.pth
INFO:src.utils.logger:Model weights saved to results\ho\DV\20260301-174503_seed0_ho_DV_b1_layered_e600_w120_4q_2l\checkpoints\2026-03-01_17-45-19-696925_ho_DV_seed\model_weights.pth
INFO:src.utils.logger:It: 408, Loss: 3.068e-02, Loss_res: 2.412e-02,  Loss_bcs: 5.298e-04, Loss_ut_ics: 2.998e-05, Loss_norm: 6.849e-06, Loss_gauge: 0.000e+00, w_pde: 1.00e+00, L^2_error: 7.088e-02, lr: 1.000e-03, Time: 1.22e+03
INFO:src.utils.logger:Model state saved to results\ho\DV\20260301-174503_seed0_ho_DV_b1_layered_e600_w120_4q_2l\checkpoints\2026-03-01_17-45-19-696925_ho_DV_seed\model.pth
INFO:src.utils.logger:Model weights saved to results\ho\DV\20260301-174503_seed0_ho_DV_b1_layered_e600_w120_4q_2l\checkpoints\2026-03-01_17-45-19-696925_ho_DV_seed\model_weights.pth
INFO:src.utils.logger:It: 409, Loss: 3.028e-02, Loss_res: 2.378e-02,  Loss_bcs: 5.298e-04, Loss_ut_ics: 2.972e-05, Loss_norm: 6.846e-06, Loss_gauge: 0.000e+00, w_pde: 1.00e+00, L^2_error: 7.038e-02, lr: 1.000e-03, Time: 1.22e+03
INFO:src.utils.logger:Model state saved to results\ho\DV\20260301-174503_seed0_ho_DV_b1_layered_e600_w120_4q_2l\checkpoints\2026-03-01_17-45-19-696925_ho_DV_seed\model.pth
INFO:src.utils.logger:Model weights saved to results\ho\DV\20260301-174503_seed0_ho_DV_b1_layered_e600_w120_4q_2l\checkpoints\2026-03-01_17-45-19-696925_ho_DV_seed\model_weights.pth
INFO:src.utils.logger:It: 410, Loss: 2.829e-02, Loss_res: 2.184e-02,  Loss_bcs: 5.238e-04, Loss_ut_ics: 2.946e-05, Loss_norm: 6.838e-06, Loss_gauge: 0.000e+00, w_pde: 1.00e+00, L^2_error: 6.990e-02, lr: 1.000e-03, Time: 1.22e+03
INFO:src.utils.logger:Model state saved to results\ho\DV\20260301-174503_seed0_ho_DV_b1_layered_e600_w120_4q_2l\checkpoints\2026-03-01_17-45-19-696925_ho_DV_seed\model.pth
INFO:src.utils.logger:Model weights saved to results\ho\DV\20260301-174503_seed0_ho_DV_b1_layered_e600_w120_4q_2l\checkpoints\2026-03-01_17-45-19-696925_ho_DV_seed\model_weights.pth
INFO:src.utils.logger:It: 411, Loss: 2.767e-02, Loss_res: 2.127e-02,  Loss_bcs: 5.284e-04, Loss_ut_ics: 2.922e-05, Loss_norm: 6.890e-06, Loss_gauge: 0.000e+00, w_pde: 1.00e+00, L^2_error: 6.942e-02, lr: 1.000e-03, Time: 1.23e+03
INFO:src.utils.logger:Model state saved to results\ho\DV\20260301-174503_seed0_ho_DV_b1_layered_e600_w120_4q_2l\checkpoints\2026-03-01_17-45-19-696925_ho_DV_seed\model.pth
INFO:src.utils.logger:Model weights saved to results\ho\DV\20260301-174503_seed0_ho_DV_b1_layered_e600_w120_4q_2l\checkpoints\2026-03-01_17-45-19-696925_ho_DV_seed\model_weights.pth
INFO:src.utils.logger:It: 412, Loss: 2.717e-02, Loss_res: 2.082e-02,  Loss_bcs: 5.212e-04, Loss_ut_ics: 2.898e-05, Loss_norm: 7.033e-06, Loss_gauge: 0.000e+00, w_pde: 1.00e+00, L^2_error: 6.896e-02, lr: 1.000e-03, Time: 1.23e+03
INFO:src.utils.logger:Model state saved to results\ho\DV\20260301-174503_seed0_ho_DV_b1_layered_e600_w120_4q_2l\checkpoints\2026-03-01_17-45-19-696925_ho_DV_seed\model.pth
INFO:src.utils.logger:Model weights saved to results\ho\DV\20260301-174503_seed0_ho_DV_b1_layered_e600_w120_4q_2l\checkpoints\2026-03-01_17-45-19-696925_ho_DV_seed\model_weights.pth
INFO:src.utils.logger:It: 413, Loss: 2.674e-02, Loss_res: 2.043e-02,  Loss_bcs: 5.138e-04, Loss_ut_ics: 2.877e-05, Loss_norm: 7.116e-06, Loss_gauge: 0.000e+00, w_pde: 1.00e+00, L^2_error: 6.849e-02, lr: 1.000e-03, Time: 1.23e+03
INFO:src.utils.logger:Model state saved to results\ho\DV\20260301-174503_seed0_ho_DV_b1_layered_e600_w120_4q_2l\checkpoints\2026-03-01_17-45-19-696925_ho_DV_seed\model.pth
INFO:src.utils.logger:Model weights saved to results\ho\DV\20260301-174503_seed0_ho_DV_b1_layered_e600_w120_4q_2l\checkpoints\2026-03-01_17-45-19-696925_ho_DV_seed\model_weights.pth
INFO:src.utils.logger:It: 414, Loss: 2.603e-02, Loss_res: 1.976e-02,  Loss_bcs: 5.181e-04, Loss_ut_ics: 2.856e-05, Loss_norm: 7.179e-06, Loss_gauge: 0.000e+00, w_pde: 1.00e+00, L^2_error: 6.799e-02, lr: 1.000e-03, Time: 1.24e+03
INFO:src.utils.logger:Model state saved to results\ho\DV\20260301-174503_seed0_ho_DV_b1_layered_e600_w120_4q_2l\checkpoints\2026-03-01_17-45-19-696925_ho_DV_seed\model.pth
INFO:src.utils.logger:Model weights saved to results\ho\DV\20260301-174503_seed0_ho_DV_b1_layered_e600_w120_4q_2l\checkpoints\2026-03-01_17-45-19-696925_ho_DV_seed\model_weights.pth
INFO:src.utils.logger:It: 415, Loss: 2.633e-02, Loss_res: 2.011e-02,  Loss_bcs: 5.143e-04, Loss_ut_ics: 2.834e-05, Loss_norm: 7.178e-06, Loss_gauge: 0.000e+00, w_pde: 1.00e+00, L^2_error: 6.746e-02, lr: 1.000e-03, Time: 1.24e+03
INFO:src.utils.logger:Model state saved to results\ho\DV\20260301-174503_seed0_ho_DV_b1_layered_e600_w120_4q_2l\checkpoints\2026-03-01_17-45-19-696925_ho_DV_seed\model.pth
INFO:src.utils.logger:Model weights saved to results\ho\DV\20260301-174503_seed0_ho_DV_b1_layered_e600_w120_4q_2l\checkpoints\2026-03-01_17-45-19-696925_ho_DV_seed\model_weights.pth
INFO:src.utils.logger:It: 416, Loss: 2.422e-02, Loss_res: 1.806e-02,  Loss_bcs: 5.050e-04, Loss_ut_ics: 2.812e-05, Loss_norm: 7.120e-06, Loss_gauge: 0.000e+00, w_pde: 1.00e+00, L^2_error: 6.695e-02, lr: 1.000e-03, Time: 1.24e+03
INFO:src.utils.logger:Model state saved to results\ho\DV\20260301-174503_seed0_ho_DV_b1_layered_e600_w120_4q_2l\checkpoints\2026-03-01_17-45-19-696925_ho_DV_seed\model.pth
INFO:src.utils.logger:Model weights saved to results\ho\DV\20260301-174503_seed0_ho_DV_b1_layered_e600_w120_4q_2l\checkpoints\2026-03-01_17-45-19-696925_ho_DV_seed\model_weights.pth
INFO:src.utils.logger:It: 417, Loss: 2.469e-02, Loss_res: 1.856e-02,  Loss_bcs: 5.172e-04, Loss_ut_ics: 2.791e-05, Loss_norm: 7.057e-06, Loss_gauge: 0.000e+00, w_pde: 1.00e+00, L^2_error: 6.645e-02, lr: 1.000e-03, Time: 1.24e+03
INFO:src.utils.logger:Model state saved to results\ho\DV\20260301-174503_seed0_ho_DV_b1_layered_e600_w120_4q_2l\checkpoints\2026-03-01_17-45-19-696925_ho_DV_seed\model.pth
INFO:src.utils.logger:Model weights saved to results\ho\DV\20260301-174503_seed0_ho_DV_b1_layered_e600_w120_4q_2l\checkpoints\2026-03-01_17-45-19-696925_ho_DV_seed\model_weights.pth
INFO:src.utils.logger:It: 418, Loss: 2.494e-02, Loss_res: 1.885e-02,  Loss_bcs: 5.088e-04, Loss_ut_ics: 2.773e-05, Loss_norm: 7.027e-06, Loss_gauge: 0.000e+00, w_pde: 1.00e+00, L^2_error: 6.597e-02, lr: 1.000e-03, Time: 1.25e+03
INFO:src.utils.logger:Model state saved to results\ho\DV\20260301-174503_seed0_ho_DV_b1_layered_e600_w120_4q_2l\checkpoints\2026-03-01_17-45-19-696925_ho_DV_seed\model.pth
INFO:src.utils.logger:Model weights saved to results\ho\DV\20260301-174503_seed0_ho_DV_b1_layered_e600_w120_4q_2l\checkpoints\2026-03-01_17-45-19-696925_ho_DV_seed\model_weights.pth
INFO:src.utils.logger:It: 419, Loss: 2.446e-02, Loss_res: 1.841e-02,  Loss_bcs: 5.081e-04, Loss_ut_ics: 2.756e-05, Loss_norm: 7.034e-06, Loss_gauge: 0.000e+00, w_pde: 1.00e+00, L^2_error: 6.549e-02, lr: 1.000e-03, Time: 1.25e+03
INFO:src.utils.logger:Model state saved to results\ho\DV\20260301-174503_seed0_ho_DV_b1_layered_e600_w120_4q_2l\checkpoints\2026-03-01_17-45-19-696925_ho_DV_seed\model.pth
INFO:src.utils.logger:Model weights saved to results\ho\DV\20260301-174503_seed0_ho_DV_b1_layered_e600_w120_4q_2l\checkpoints\2026-03-01_17-45-19-696925_ho_DV_seed\model_weights.pth
INFO:src.utils.logger:It: 420, Loss: 2.475e-02, Loss_res: 1.874e-02,  Loss_bcs: 4.958e-04, Loss_ut_ics: 2.740e-05, Loss_norm: 6.996e-06, Loss_gauge: 0.000e+00, w_pde: 1.00e+00, L^2_error: 6.498e-02, lr: 1.000e-03, Time: 1.25e+03
INFO:src.utils.logger:Model state saved to results\ho\DV\20260301-174503_seed0_ho_DV_b1_layered_e600_w120_4q_2l\checkpoints\2026-03-01_17-45-19-696925_ho_DV_seed\model.pth
INFO:src.utils.logger:Model weights saved to results\ho\DV\20260301-174503_seed0_ho_DV_b1_layered_e600_w120_4q_2l\checkpoints\2026-03-01_17-45-19-696925_ho_DV_seed\model_weights.pth
INFO:src.utils.logger:It: 421, Loss: 2.525e-02, Loss_res: 1.927e-02,  Loss_bcs: 4.952e-04, Loss_ut_ics: 2.724e-05, Loss_norm: 6.918e-06, Loss_gauge: 0.000e+00, w_pde: 1.00e+00, L^2_error: 6.441e-02, lr: 1.000e-03, Time: 1.26e+03
INFO:src.utils.logger:Model state saved to results\ho\DV\20260301-174503_seed0_ho_DV_b1_layered_e600_w120_4q_2l\checkpoints\2026-03-01_17-45-19-696925_ho_DV_seed\model.pth
INFO:src.utils.logger:Model weights saved to results\ho\DV\20260301-174503_seed0_ho_DV_b1_layered_e600_w120_4q_2l\checkpoints\2026-03-01_17-45-19-696925_ho_DV_seed\model_weights.pth
INFO:src.utils.logger:It: 422, Loss: 2.322e-02, Loss_res: 1.727e-02,  Loss_bcs: 5.067e-04, Loss_ut_ics: 2.704e-05, Loss_norm: 6.928e-06, Loss_gauge: 0.000e+00, w_pde: 1.00e+00, L^2_error: 6.385e-02, lr: 1.000e-03, Time: 1.26e+03
INFO:src.utils.logger:Model state saved to results\ho\DV\20260301-174503_seed0_ho_DV_b1_layered_e600_w120_4q_2l\checkpoints\2026-03-01_17-45-19-696925_ho_DV_seed\model.pth
INFO:src.utils.logger:Model weights saved to results\ho\DV\20260301-174503_seed0_ho_DV_b1_layered_e600_w120_4q_2l\checkpoints\2026-03-01_17-45-19-696925_ho_DV_seed\model_weights.pth
INFO:src.utils.logger:It: 423, Loss: 2.410e-02, Loss_res: 1.820e-02,  Loss_bcs: 4.969e-04, Loss_ut_ics: 2.684e-05, Loss_norm: 6.971e-06, Loss_gauge: 0.000e+00, w_pde: 1.00e+00, L^2_error: 6.331e-02, lr: 1.000e-03, Time: 1.26e+03
INFO:src.utils.logger:Model state saved to results\ho\DV\20260301-174503_seed0_ho_DV_b1_layered_e600_w120_4q_2l\checkpoints\2026-03-01_17-45-19-696925_ho_DV_seed\model.pth
INFO:src.utils.logger:Model weights saved to results\ho\DV\20260301-174503_seed0_ho_DV_b1_layered_e600_w120_4q_2l\checkpoints\2026-03-01_17-45-19-696925_ho_DV_seed\model_weights.pth
INFO:src.utils.logger:It: 424, Loss: 2.256e-02, Loss_res: 1.670e-02,  Loss_bcs: 4.997e-04, Loss_ut_ics: 2.666e-05, Loss_norm: 7.045e-06, Loss_gauge: 0.000e+00, w_pde: 1.00e+00, L^2_error: 6.281e-02, lr: 1.000e-03, Time: 1.26e+03
INFO:src.utils.logger:Model state saved to results\ho\DV\20260301-174503_seed0_ho_DV_b1_layered_e600_w120_4q_2l\checkpoints\2026-03-01_17-45-19-696925_ho_DV_seed\model.pth
INFO:src.utils.logger:Model weights saved to results\ho\DV\20260301-174503_seed0_ho_DV_b1_layered_e600_w120_4q_2l\checkpoints\2026-03-01_17-45-19-696925_ho_DV_seed\model_weights.pth
INFO:src.utils.logger:It: 425, Loss: 2.316e-02, Loss_res: 1.732e-02,  Loss_bcs: 5.003e-04, Loss_ut_ics: 2.650e-05, Loss_norm: 7.126e-06, Loss_gauge: 0.000e+00, w_pde: 1.00e+00, L^2_error: 6.231e-02, lr: 1.000e-03, Time: 1.27e+03
INFO:src.utils.logger:Model state saved to results\ho\DV\20260301-174503_seed0_ho_DV_b1_layered_e600_w120_4q_2l\checkpoints\2026-03-01_17-45-19-696925_ho_DV_seed\model.pth
INFO:src.utils.logger:Model weights saved to results\ho\DV\20260301-174503_seed0_ho_DV_b1_layered_e600_w120_4q_2l\checkpoints\2026-03-01_17-45-19-696925_ho_DV_seed\model_weights.pth
INFO:src.utils.logger:It: 426, Loss: 2.323e-02, Loss_res: 1.744e-02,  Loss_bcs: 4.857e-04, Loss_ut_ics: 2.634e-05, Loss_norm: 7.161e-06, Loss_gauge: 0.000e+00, w_pde: 1.00e+00, L^2_error: 6.179e-02, lr: 1.000e-03, Time: 1.27e+03
INFO:src.utils.logger:Model state saved to results\ho\DV\20260301-174503_seed0_ho_DV_b1_layered_e600_w120_4q_2l\checkpoints\2026-03-01_17-45-19-696925_ho_DV_seed\model.pth
INFO:src.utils.logger:Model weights saved to results\ho\DV\20260301-174503_seed0_ho_DV_b1_layered_e600_w120_4q_2l\checkpoints\2026-03-01_17-45-19-696925_ho_DV_seed\model_weights.pth
INFO:src.utils.logger:It: 427, Loss: 2.263e-02, Loss_res: 1.687e-02,  Loss_bcs: 4.888e-04, Loss_ut_ics: 2.619e-05, Loss_norm: 7.116e-06, Loss_gauge: 0.000e+00, w_pde: 1.00e+00, L^2_error: 6.124e-02, lr: 1.000e-03, Time: 1.27e+03
INFO:src.utils.logger:Model state saved to results\ho\DV\20260301-174503_seed0_ho_DV_b1_layered_e600_w120_4q_2l\checkpoints\2026-03-01_17-45-19-696925_ho_DV_seed\model.pth
INFO:src.utils.logger:Model weights saved to results\ho\DV\20260301-174503_seed0_ho_DV_b1_layered_e600_w120_4q_2l\checkpoints\2026-03-01_17-45-19-696925_ho_DV_seed\model_weights.pth
INFO:src.utils.logger:It: 428, Loss: 2.227e-02, Loss_res: 1.654e-02,  Loss_bcs: 4.923e-04, Loss_ut_ics: 2.603e-05, Loss_norm: 6.981e-06, Loss_gauge: 0.000e+00, w_pde: 1.00e+00, L^2_error: 6.067e-02, lr: 1.000e-03, Time: 1.28e+03
INFO:src.utils.logger:Model state saved to results\ho\DV\20260301-174503_seed0_ho_DV_b1_layered_e600_w120_4q_2l\checkpoints\2026-03-01_17-45-19-696925_ho_DV_seed\model.pth
INFO:src.utils.logger:Model weights saved to results\ho\DV\20260301-174503_seed0_ho_DV_b1_layered_e600_w120_4q_2l\checkpoints\2026-03-01_17-45-19-696925_ho_DV_seed\model_weights.pth
INFO:src.utils.logger:It: 429, Loss: 2.133e-02, Loss_res: 1.564e-02,  Loss_bcs: 4.810e-04, Loss_ut_ics: 2.587e-05, Loss_norm: 6.797e-06, Loss_gauge: 0.000e+00, w_pde: 1.00e+00, L^2_error: 6.007e-02, lr: 1.000e-03, Time: 1.28e+03
INFO:src.utils.logger:Model state saved to results\ho\DV\20260301-174503_seed0_ho_DV_b1_layered_e600_w120_4q_2l\checkpoints\2026-03-01_17-45-19-696925_ho_DV_seed\model.pth
INFO:src.utils.logger:Model weights saved to results\ho\DV\20260301-174503_seed0_ho_DV_b1_layered_e600_w120_4q_2l\checkpoints\2026-03-01_17-45-19-696925_ho_DV_seed\model_weights.pth
INFO:src.utils.logger:It: 430, Loss: 2.077e-02, Loss_res: 1.512e-02,  Loss_bcs: 4.782e-04, Loss_ut_ics: 2.571e-05, Loss_norm: 6.593e-06, Loss_gauge: 0.000e+00, w_pde: 1.00e+00, L^2_error: 5.950e-02, lr: 1.000e-03, Time: 1.28e+03
INFO:src.utils.logger:Model state saved to results\ho\DV\20260301-174503_seed0_ho_DV_b1_layered_e600_w120_4q_2l\checkpoints\2026-03-01_17-45-19-696925_ho_DV_seed\model.pth
INFO:src.utils.logger:Model weights saved to results\ho\DV\20260301-174503_seed0_ho_DV_b1_layered_e600_w120_4q_2l\checkpoints\2026-03-01_17-45-19-696925_ho_DV_seed\model_weights.pth
INFO:src.utils.logger:It: 431, Loss: 2.005e-02, Loss_res: 1.441e-02,  Loss_bcs: 4.908e-04, Loss_ut_ics: 2.558e-05, Loss_norm: 6.395e-06, Loss_gauge: 0.000e+00, w_pde: 1.00e+00, L^2_error: 5.897e-02, lr: 1.000e-03, Time: 1.29e+03
INFO:src.utils.logger:Model state saved to results\ho\DV\20260301-174503_seed0_ho_DV_b1_layered_e600_w120_4q_2l\checkpoints\2026-03-01_17-45-19-696925_ho_DV_seed\model.pth
INFO:src.utils.logger:Model weights saved to results\ho\DV\20260301-174503_seed0_ho_DV_b1_layered_e600_w120_4q_2l\checkpoints\2026-03-01_17-45-19-696925_ho_DV_seed\model_weights.pth
INFO:src.utils.logger:It: 432, Loss: 2.105e-02, Loss_res: 1.544e-02,  Loss_bcs: 4.828e-04, Loss_ut_ics: 2.547e-05, Loss_norm: 6.227e-06, Loss_gauge: 0.000e+00, w_pde: 1.00e+00, L^2_error: 5.846e-02, lr: 1.000e-03, Time: 1.29e+03
INFO:src.utils.logger:Model state saved to results\ho\DV\20260301-174503_seed0_ho_DV_b1_layered_e600_w120_4q_2l\checkpoints\2026-03-01_17-45-19-696925_ho_DV_seed\model.pth
INFO:src.utils.logger:Model weights saved to results\ho\DV\20260301-174503_seed0_ho_DV_b1_layered_e600_w120_4q_2l\checkpoints\2026-03-01_17-45-19-696925_ho_DV_seed\model_weights.pth
INFO:src.utils.logger:It: 433, Loss: 2.116e-02, Loss_res: 1.558e-02,  Loss_bcs: 4.813e-04, Loss_ut_ics: 2.537e-05, Loss_norm: 6.144e-06, Loss_gauge: 0.000e+00, w_pde: 1.00e+00, L^2_error: 5.791e-02, lr: 1.000e-03, Time: 1.29e+03
INFO:src.utils.logger:Model state saved to results\ho\DV\20260301-174503_seed0_ho_DV_b1_layered_e600_w120_4q_2l\checkpoints\2026-03-01_17-45-19-696925_ho_DV_seed\model.pth
INFO:src.utils.logger:Model weights saved to results\ho\DV\20260301-174503_seed0_ho_DV_b1_layered_e600_w120_4q_2l\checkpoints\2026-03-01_17-45-19-696925_ho_DV_seed\model_weights.pth
INFO:src.utils.logger:It: 434, Loss: 1.996e-02, Loss_res: 1.441e-02,  Loss_bcs: 4.681e-04, Loss_ut_ics: 2.527e-05, Loss_norm: 6.084e-06, Loss_gauge: 0.000e+00, w_pde: 1.00e+00, L^2_error: 5.732e-02, lr: 1.000e-03, Time: 1.29e+03
INFO:src.utils.logger:Model state saved to results\ho\DV\20260301-174503_seed0_ho_DV_b1_layered_e600_w120_4q_2l\checkpoints\2026-03-01_17-45-19-696925_ho_DV_seed\model.pth
INFO:src.utils.logger:Model weights saved to results\ho\DV\20260301-174503_seed0_ho_DV_b1_layered_e600_w120_4q_2l\checkpoints\2026-03-01_17-45-19-696925_ho_DV_seed\model_weights.pth
INFO:src.utils.logger:It: 435, Loss: 2.051e-02, Loss_res: 1.498e-02,  Loss_bcs: 4.775e-04, Loss_ut_ics: 2.512e-05, Loss_norm: 6.104e-06, Loss_gauge: 0.000e+00, w_pde: 1.00e+00, L^2_error: 5.670e-02, lr: 1.000e-03, Time: 1.30e+03
INFO:src.utils.logger:Model state saved to results\ho\DV\20260301-174503_seed0_ho_DV_b1_layered_e600_w120_4q_2l\checkpoints\2026-03-01_17-45-19-696925_ho_DV_seed\model.pth
INFO:src.utils.logger:Model weights saved to results\ho\DV\20260301-174503_seed0_ho_DV_b1_layered_e600_w120_4q_2l\checkpoints\2026-03-01_17-45-19-696925_ho_DV_seed\model_weights.pth
INFO:src.utils.logger:It: 436, Loss: 1.927e-02, Loss_res: 1.378e-02,  Loss_bcs: 4.728e-04, Loss_ut_ics: 2.497e-05, Loss_norm: 6.143e-06, Loss_gauge: 0.000e+00, w_pde: 1.00e+00, L^2_error: 5.611e-02, lr: 1.000e-03, Time: 1.30e+03
INFO:src.utils.logger:Model state saved to results\ho\DV\20260301-174503_seed0_ho_DV_b1_layered_e600_w120_4q_2l\checkpoints\2026-03-01_17-45-19-696925_ho_DV_seed\model.pth
INFO:src.utils.logger:Model weights saved to results\ho\DV\20260301-174503_seed0_ho_DV_b1_layered_e600_w120_4q_2l\checkpoints\2026-03-01_17-45-19-696925_ho_DV_seed\model_weights.pth
INFO:src.utils.logger:It: 437, Loss: 1.930e-02, Loss_res: 1.383e-02,  Loss_bcs: 4.773e-04, Loss_ut_ics: 2.483e-05, Loss_norm: 6.257e-06, Loss_gauge: 0.000e+00, w_pde: 1.00e+00, L^2_error: 5.556e-02, lr: 1.000e-03, Time: 1.30e+03
INFO:src.utils.logger:Model state saved to results\ho\DV\20260301-174503_seed0_ho_DV_b1_layered_e600_w120_4q_2l\checkpoints\2026-03-01_17-45-19-696925_ho_DV_seed\model.pth
INFO:src.utils.logger:Model weights saved to results\ho\DV\20260301-174503_seed0_ho_DV_b1_layered_e600_w120_4q_2l\checkpoints\2026-03-01_17-45-19-696925_ho_DV_seed\model_weights.pth
INFO:src.utils.logger:It: 438, Loss: 1.923e-02, Loss_res: 1.379e-02,  Loss_bcs: 4.695e-04, Loss_ut_ics: 2.470e-05, Loss_norm: 6.328e-06, Loss_gauge: 0.000e+00, w_pde: 1.00e+00, L^2_error: 5.500e-02, lr: 1.000e-03, Time: 1.31e+03
INFO:src.utils.logger:Model state saved to results\ho\DV\20260301-174503_seed0_ho_DV_b1_layered_e600_w120_4q_2l\checkpoints\2026-03-01_17-45-19-696925_ho_DV_seed\model.pth
INFO:src.utils.logger:Model weights saved to results\ho\DV\20260301-174503_seed0_ho_DV_b1_layered_e600_w120_4q_2l\checkpoints\2026-03-01_17-45-19-696925_ho_DV_seed\model_weights.pth
INFO:src.utils.logger:It: 439, Loss: 1.876e-02, Loss_res: 1.335e-02,  Loss_bcs: 4.626e-04, Loss_ut_ics: 2.457e-05, Loss_norm: 6.364e-06, Loss_gauge: 0.000e+00, w_pde: 1.00e+00, L^2_error: 5.442e-02, lr: 1.000e-03, Time: 1.31e+03
INFO:src.utils.logger:Model state saved to results\ho\DV\20260301-174503_seed0_ho_DV_b1_layered_e600_w120_4q_2l\checkpoints\2026-03-01_17-45-19-696925_ho_DV_seed\model.pth
INFO:src.utils.logger:Model weights saved to results\ho\DV\20260301-174503_seed0_ho_DV_b1_layered_e600_w120_4q_2l\checkpoints\2026-03-01_17-45-19-696925_ho_DV_seed\model_weights.pth
INFO:src.utils.logger:It: 440, Loss: 1.858e-02, Loss_res: 1.318e-02,  Loss_bcs: 4.800e-04, Loss_ut_ics: 2.442e-05, Loss_norm: 6.361e-06, Loss_gauge: 0.000e+00, w_pde: 1.00e+00, L^2_error: 5.382e-02, lr: 1.000e-03, Time: 1.31e+03
INFO:src.utils.logger:Model state saved to results\ho\DV\20260301-174503_seed0_ho_DV_b1_layered_e600_w120_4q_2l\checkpoints\2026-03-01_17-45-19-696925_ho_DV_seed\model.pth
INFO:src.utils.logger:Model weights saved to results\ho\DV\20260301-174503_seed0_ho_DV_b1_layered_e600_w120_4q_2l\checkpoints\2026-03-01_17-45-19-696925_ho_DV_seed\model_weights.pth
INFO:src.utils.logger:It: 441, Loss: 1.887e-02, Loss_res: 1.351e-02,  Loss_bcs: 4.771e-04, Loss_ut_ics: 2.427e-05, Loss_norm: 6.302e-06, Loss_gauge: 0.000e+00, w_pde: 1.00e+00, L^2_error: 5.325e-02, lr: 1.000e-03, Time: 1.32e+03
INFO:src.utils.logger:Model state saved to results\ho\DV\20260301-174503_seed0_ho_DV_b1_layered_e600_w120_4q_2l\checkpoints\2026-03-01_17-45-19-696925_ho_DV_seed\model.pth
INFO:src.utils.logger:Model weights saved to results\ho\DV\20260301-174503_seed0_ho_DV_b1_layered_e600_w120_4q_2l\checkpoints\2026-03-01_17-45-19-696925_ho_DV_seed\model_weights.pth
INFO:src.utils.logger:It: 442, Loss: 1.819e-02, Loss_res: 1.286e-02,  Loss_bcs: 4.645e-04, Loss_ut_ics: 2.416e-05, Loss_norm: 6.150e-06, Loss_gauge: 0.000e+00, w_pde: 1.00e+00, L^2_error: 5.268e-02, lr: 1.000e-03, Time: 1.32e+03
INFO:src.utils.logger:Model state saved to results\ho\DV\20260301-174503_seed0_ho_DV_b1_layered_e600_w120_4q_2l\checkpoints\2026-03-01_17-45-19-696925_ho_DV_seed\model.pth
INFO:src.utils.logger:Model weights saved to results\ho\DV\20260301-174503_seed0_ho_DV_b1_layered_e600_w120_4q_2l\checkpoints\2026-03-01_17-45-19-696925_ho_DV_seed\model_weights.pth
INFO:src.utils.logger:It: 443, Loss: 1.822e-02, Loss_res: 1.291e-02,  Loss_bcs: 4.706e-04, Loss_ut_ics: 2.406e-05, Loss_norm: 5.927e-06, Loss_gauge: 0.000e+00, w_pde: 1.00e+00, L^2_error: 5.208e-02, lr: 1.000e-03, Time: 1.32e+03
INFO:src.utils.logger:Model state saved to results\ho\DV\20260301-174503_seed0_ho_DV_b1_layered_e600_w120_4q_2l\checkpoints\2026-03-01_17-45-19-696925_ho_DV_seed\model.pth
INFO:src.utils.logger:Model weights saved to results\ho\DV\20260301-174503_seed0_ho_DV_b1_layered_e600_w120_4q_2l\checkpoints\2026-03-01_17-45-19-696925_ho_DV_seed\model_weights.pth
INFO:src.utils.logger:It: 444, Loss: 1.683e-02, Loss_res: 1.154e-02,  Loss_bcs: 4.701e-04, Loss_ut_ics: 2.396e-05, Loss_norm: 5.683e-06, Loss_gauge: 0.000e+00, w_pde: 1.00e+00, L^2_error: 5.146e-02, lr: 1.000e-03, Time: 1.32e+03
INFO:src.utils.logger:Model state saved to results\ho\DV\20260301-174503_seed0_ho_DV_b1_layered_e600_w120_4q_2l\checkpoints\2026-03-01_17-45-19-696925_ho_DV_seed\model.pth
INFO:src.utils.logger:Model weights saved to results\ho\DV\20260301-174503_seed0_ho_DV_b1_layered_e600_w120_4q_2l\checkpoints\2026-03-01_17-45-19-696925_ho_DV_seed\model_weights.pth
INFO:src.utils.logger:It: 445, Loss: 1.803e-02, Loss_res: 1.276e-02,  Loss_bcs: 4.759e-04, Loss_ut_ics: 2.385e-05, Loss_norm: 5.474e-06, Loss_gauge: 0.000e+00, w_pde: 1.00e+00, L^2_error: 5.084e-02, lr: 1.000e-03, Time: 1.33e+03
INFO:src.utils.logger:Model state saved to results\ho\DV\20260301-174503_seed0_ho_DV_b1_layered_e600_w120_4q_2l\checkpoints\2026-03-01_17-45-19-696925_ho_DV_seed\model.pth
INFO:src.utils.logger:Model weights saved to results\ho\DV\20260301-174503_seed0_ho_DV_b1_layered_e600_w120_4q_2l\checkpoints\2026-03-01_17-45-19-696925_ho_DV_seed\model_weights.pth
INFO:src.utils.logger:It: 446, Loss: 1.648e-02, Loss_res: 1.124e-02,  Loss_bcs: 4.659e-04, Loss_ut_ics: 2.376e-05, Loss_norm: 5.317e-06, Loss_gauge: 0.000e+00, w_pde: 1.00e+00, L^2_error: 5.024e-02, lr: 1.000e-03, Time: 1.33e+03
INFO:src.utils.logger:Model state saved to results\ho\DV\20260301-174503_seed0_ho_DV_b1_layered_e600_w120_4q_2l\checkpoints\2026-03-01_17-45-19-696925_ho_DV_seed\model.pth
INFO:src.utils.logger:Model weights saved to results\ho\DV\20260301-174503_seed0_ho_DV_b1_layered_e600_w120_4q_2l\checkpoints\2026-03-01_17-45-19-696925_ho_DV_seed\model_weights.pth
INFO:src.utils.logger:It: 447, Loss: 1.678e-02, Loss_res: 1.156e-02,  Loss_bcs: 4.602e-04, Loss_ut_ics: 2.367e-05, Loss_norm: 5.218e-06, Loss_gauge: 0.000e+00, w_pde: 1.00e+00, L^2_error: 4.968e-02, lr: 1.000e-03, Time: 1.33e+03
INFO:src.utils.logger:Model state saved to results\ho\DV\20260301-174503_seed0_ho_DV_b1_layered_e600_w120_4q_2l\checkpoints\2026-03-01_17-45-19-696925_ho_DV_seed\model.pth
INFO:src.utils.logger:Model weights saved to results\ho\DV\20260301-174503_seed0_ho_DV_b1_layered_e600_w120_4q_2l\checkpoints\2026-03-01_17-45-19-696925_ho_DV_seed\model_weights.pth
INFO:src.utils.logger:It: 448, Loss: 1.659e-02, Loss_res: 1.138e-02,  Loss_bcs: 4.596e-04, Loss_ut_ics: 2.361e-05, Loss_norm: 5.154e-06, Loss_gauge: 0.000e+00, w_pde: 1.00e+00, L^2_error: 4.907e-02, lr: 1.000e-03, Time: 1.34e+03
INFO:src.utils.logger:Model state saved to results\ho\DV\20260301-174503_seed0_ho_DV_b1_layered_e600_w120_4q_2l\checkpoints\2026-03-01_17-45-19-696925_ho_DV_seed\model.pth
INFO:src.utils.logger:Model weights saved to results\ho\DV\20260301-174503_seed0_ho_DV_b1_layered_e600_w120_4q_2l\checkpoints\2026-03-01_17-45-19-696925_ho_DV_seed\model_weights.pth
INFO:src.utils.logger:It: 449, Loss: 1.577e-02, Loss_res: 1.058e-02,  Loss_bcs: 4.590e-04, Loss_ut_ics: 2.351e-05, Loss_norm: 5.110e-06, Loss_gauge: 0.000e+00, w_pde: 1.00e+00, L^2_error: 4.848e-02, lr: 1.000e-03, Time: 1.34e+03
INFO:src.utils.logger:Model state saved to results\ho\DV\20260301-174503_seed0_ho_DV_b1_layered_e600_w120_4q_2l\checkpoints\2026-03-01_17-45-19-696925_ho_DV_seed\model.pth
INFO:src.utils.logger:Model weights saved to results\ho\DV\20260301-174503_seed0_ho_DV_b1_layered_e600_w120_4q_2l\checkpoints\2026-03-01_17-45-19-696925_ho_DV_seed\model_weights.pth
INFO:src.utils.logger:It: 450, Loss: 1.597e-02, Loss_res: 1.080e-02,  Loss_bcs: 4.558e-04, Loss_ut_ics: 2.343e-05, Loss_norm: 5.081e-06, Loss_gauge: 0.000e+00, w_pde: 1.00e+00, L^2_error: 4.789e-02, lr: 1.000e-03, Time: 1.34e+03
INFO:src.utils.logger:Model state saved to results\ho\DV\20260301-174503_seed0_ho_DV_b1_layered_e600_w120_4q_2l\checkpoints\2026-03-01_17-45-19-696925_ho_DV_seed\model.pth
INFO:src.utils.logger:Model weights saved to results\ho\DV\20260301-174503_seed0_ho_DV_b1_layered_e600_w120_4q_2l\checkpoints\2026-03-01_17-45-19-696925_ho_DV_seed\model_weights.pth
INFO:src.utils.logger:It: 451, Loss: 1.583e-02, Loss_res: 1.068e-02,  Loss_bcs: 4.574e-04, Loss_ut_ics: 2.335e-05, Loss_norm: 5.041e-06, Loss_gauge: 0.000e+00, w_pde: 1.00e+00, L^2_error: 4.726e-02, lr: 1.000e-03, Time: 1.35e+03
INFO:src.utils.logger:Model state saved to results\ho\DV\20260301-174503_seed0_ho_DV_b1_layered_e600_w120_4q_2l\checkpoints\2026-03-01_17-45-19-696925_ho_DV_seed\model.pth
INFO:src.utils.logger:Model weights saved to results\ho\DV\20260301-174503_seed0_ho_DV_b1_layered_e600_w120_4q_2l\checkpoints\2026-03-01_17-45-19-696925_ho_DV_seed\model_weights.pth
INFO:src.utils.logger:It: 452, Loss: 1.490e-02, Loss_res: 9.770e-03,  Loss_bcs: 4.571e-04, Loss_ut_ics: 2.324e-05, Loss_norm: 5.013e-06, Loss_gauge: 0.000e+00, w_pde: 1.00e+00, L^2_error: 4.666e-02, lr: 1.000e-03, Time: 1.35e+03
INFO:src.utils.logger:Model state saved to results\ho\DV\20260301-174503_seed0_ho_DV_b1_layered_e600_w120_4q_2l\checkpoints\2026-03-01_17-45-19-696925_ho_DV_seed\model.pth
INFO:src.utils.logger:Model weights saved to results\ho\DV\20260301-174503_seed0_ho_DV_b1_layered_e600_w120_4q_2l\checkpoints\2026-03-01_17-45-19-696925_ho_DV_seed\model_weights.pth
INFO:src.utils.logger:It: 453, Loss: 1.481e-02, Loss_res: 9.701e-03,  Loss_bcs: 4.547e-04, Loss_ut_ics: 2.314e-05, Loss_norm: 4.967e-06, Loss_gauge: 0.000e+00, w_pde: 1.00e+00, L^2_error: 4.607e-02, lr: 1.000e-03, Time: 1.35e+03
INFO:src.utils.logger:Model state saved to results\ho\DV\20260301-174503_seed0_ho_DV_b1_layered_e600_w120_4q_2l\checkpoints\2026-03-01_17-45-19-696925_ho_DV_seed\model.pth
INFO:src.utils.logger:Model weights saved to results\ho\DV\20260301-174503_seed0_ho_DV_b1_layered_e600_w120_4q_2l\checkpoints\2026-03-01_17-45-19-696925_ho_DV_seed\model_weights.pth
INFO:src.utils.logger:It: 454, Loss: 1.560e-02, Loss_res: 1.052e-02,  Loss_bcs: 4.502e-04, Loss_ut_ics: 2.305e-05, Loss_norm: 4.873e-06, Loss_gauge: 0.000e+00, w_pde: 1.00e+00, L^2_error: 4.547e-02, lr: 1.000e-03, Time: 1.35e+03
INFO:src.utils.logger:Model state saved to results\ho\DV\20260301-174503_seed0_ho_DV_b1_layered_e600_w120_4q_2l\checkpoints\2026-03-01_17-45-19-696925_ho_DV_seed\model.pth
INFO:src.utils.logger:Model weights saved to results\ho\DV\20260301-174503_seed0_ho_DV_b1_layered_e600_w120_4q_2l\checkpoints\2026-03-01_17-45-19-696925_ho_DV_seed\model_weights.pth
INFO:src.utils.logger:It: 455, Loss: 1.482e-02, Loss_res: 9.764e-03,  Loss_bcs: 4.482e-04, Loss_ut_ics: 2.293e-05, Loss_norm: 4.783e-06, Loss_gauge: 0.000e+00, w_pde: 1.00e+00, L^2_error: 4.486e-02, lr: 1.000e-03, Time: 1.36e+03
INFO:src.utils.logger:Model state saved to results\ho\DV\20260301-174503_seed0_ho_DV_b1_layered_e600_w120_4q_2l\checkpoints\2026-03-01_17-45-19-696925_ho_DV_seed\model.pth
INFO:src.utils.logger:Model weights saved to results\ho\DV\20260301-174503_seed0_ho_DV_b1_layered_e600_w120_4q_2l\checkpoints\2026-03-01_17-45-19-696925_ho_DV_seed\model_weights.pth
INFO:src.utils.logger:It: 456, Loss: 1.421e-02, Loss_res: 9.169e-03,  Loss_bcs: 4.518e-04, Loss_ut_ics: 2.281e-05, Loss_norm: 4.698e-06, Loss_gauge: 0.000e+00, w_pde: 1.00e+00, L^2_error: 4.427e-02, lr: 1.000e-03, Time: 1.36e+03
INFO:src.utils.logger:Model state saved to results\ho\DV\20260301-174503_seed0_ho_DV_b1_layered_e600_w120_4q_2l\checkpoints\2026-03-01_17-45-19-696925_ho_DV_seed\model.pth
INFO:src.utils.logger:Model weights saved to results\ho\DV\20260301-174503_seed0_ho_DV_b1_layered_e600_w120_4q_2l\checkpoints\2026-03-01_17-45-19-696925_ho_DV_seed\model_weights.pth
INFO:src.utils.logger:It: 457, Loss: 1.397e-02, Loss_res: 8.957e-03,  Loss_bcs: 4.488e-04, Loss_ut_ics: 2.269e-05, Loss_norm: 4.607e-06, Loss_gauge: 0.000e+00, w_pde: 1.00e+00, L^2_error: 4.368e-02, lr: 1.000e-03, Time: 1.36e+03
INFO:src.utils.logger:Model state saved to results\ho\DV\20260301-174503_seed0_ho_DV_b1_layered_e600_w120_4q_2l\checkpoints\2026-03-01_17-45-19-696925_ho_DV_seed\model.pth
INFO:src.utils.logger:Model weights saved to results\ho\DV\20260301-174503_seed0_ho_DV_b1_layered_e600_w120_4q_2l\checkpoints\2026-03-01_17-45-19-696925_ho_DV_seed\model_weights.pth
INFO:src.utils.logger:It: 458, Loss: 1.469e-02, Loss_res: 9.707e-03,  Loss_bcs: 4.434e-04, Loss_ut_ics: 2.258e-05, Loss_norm: 4.489e-06, Loss_gauge: 0.000e+00, w_pde: 1.00e+00, L^2_error: 4.308e-02, lr: 1.000e-03, Time: 1.37e+03
INFO:src.utils.logger:Model state saved to results\ho\DV\20260301-174503_seed0_ho_DV_b1_layered_e600_w120_4q_2l\checkpoints\2026-03-01_17-45-19-696925_ho_DV_seed\model.pth
INFO:src.utils.logger:Model weights saved to results\ho\DV\20260301-174503_seed0_ho_DV_b1_layered_e600_w120_4q_2l\checkpoints\2026-03-01_17-45-19-696925_ho_DV_seed\model_weights.pth
INFO:src.utils.logger:It: 459, Loss: 1.408e-02, Loss_res: 9.122e-03,  Loss_bcs: 4.455e-04, Loss_ut_ics: 2.247e-05, Loss_norm: 4.311e-06, Loss_gauge: 0.000e+00, w_pde: 1.00e+00, L^2_error: 4.247e-02, lr: 1.000e-03, Time: 1.37e+03
INFO:src.utils.logger:Model state saved to results\ho\DV\20260301-174503_seed0_ho_DV_b1_layered_e600_w120_4q_2l\checkpoints\2026-03-01_17-45-19-696925_ho_DV_seed\model.pth
INFO:src.utils.logger:Model weights saved to results\ho\DV\20260301-174503_seed0_ho_DV_b1_layered_e600_w120_4q_2l\checkpoints\2026-03-01_17-45-19-696925_ho_DV_seed\model_weights.pth
INFO:src.utils.logger:It: 460, Loss: 1.303e-02, Loss_res: 8.096e-03,  Loss_bcs: 4.414e-04, Loss_ut_ics: 2.235e-05, Loss_norm: 4.135e-06, Loss_gauge: 0.000e+00, w_pde: 1.00e+00, L^2_error: 4.189e-02, lr: 1.000e-03, Time: 1.37e+03
INFO:src.utils.logger:Model state saved to results\ho\DV\20260301-174503_seed0_ho_DV_b1_layered_e600_w120_4q_2l\checkpoints\2026-03-01_17-45-19-696925_ho_DV_seed\model.pth
INFO:src.utils.logger:Model weights saved to results\ho\DV\20260301-174503_seed0_ho_DV_b1_layered_e600_w120_4q_2l\checkpoints\2026-03-01_17-45-19-696925_ho_DV_seed\model_weights.pth
INFO:src.utils.logger:It: 461, Loss: 1.317e-02, Loss_res: 8.249e-03,  Loss_bcs: 4.466e-04, Loss_ut_ics: 2.226e-05, Loss_norm: 3.969e-06, Loss_gauge: 0.000e+00, w_pde: 1.00e+00, L^2_error: 4.128e-02, lr: 1.000e-03, Time: 1.38e+03
INFO:src.utils.logger:Model state saved to results\ho\DV\20260301-174503_seed0_ho_DV_b1_layered_e600_w120_4q_2l\checkpoints\2026-03-01_17-45-19-696925_ho_DV_seed\model.pth
INFO:src.utils.logger:Model weights saved to results\ho\DV\20260301-174503_seed0_ho_DV_b1_layered_e600_w120_4q_2l\checkpoints\2026-03-01_17-45-19-696925_ho_DV_seed\model_weights.pth
INFO:src.utils.logger:It: 462, Loss: 1.293e-02, Loss_res: 8.041e-03,  Loss_bcs: 4.397e-04, Loss_ut_ics: 2.217e-05, Loss_norm: 3.797e-06, Loss_gauge: 0.000e+00, w_pde: 1.00e+00, L^2_error: 4.070e-02, lr: 1.000e-03, Time: 1.38e+03
INFO:src.utils.logger:Model state saved to results\ho\DV\20260301-174503_seed0_ho_DV_b1_layered_e600_w120_4q_2l\checkpoints\2026-03-01_17-45-19-696925_ho_DV_seed\model.pth
INFO:src.utils.logger:Model weights saved to results\ho\DV\20260301-174503_seed0_ho_DV_b1_layered_e600_w120_4q_2l\checkpoints\2026-03-01_17-45-19-696925_ho_DV_seed\model_weights.pth
INFO:src.utils.logger:It: 463, Loss: 1.311e-02, Loss_res: 8.229e-03,  Loss_bcs: 4.412e-04, Loss_ut_ics: 2.209e-05, Loss_norm: 3.618e-06, Loss_gauge: 0.000e+00, w_pde: 1.00e+00, L^2_error: 4.012e-02, lr: 1.000e-03, Time: 1.38e+03
INFO:src.utils.logger:Model state saved to results\ho\DV\20260301-174503_seed0_ho_DV_b1_layered_e600_w120_4q_2l\checkpoints\2026-03-01_17-45-19-696925_ho_DV_seed\model.pth
INFO:src.utils.logger:Model weights saved to results\ho\DV\20260301-174503_seed0_ho_DV_b1_layered_e600_w120_4q_2l\checkpoints\2026-03-01_17-45-19-696925_ho_DV_seed\model_weights.pth
INFO:src.utils.logger:It: 464, Loss: 1.248e-02, Loss_res: 7.622e-03,  Loss_bcs: 4.419e-04, Loss_ut_ics: 2.202e-05, Loss_norm: 3.470e-06, Loss_gauge: 0.000e+00, w_pde: 1.00e+00, L^2_error: 3.952e-02, lr: 1.000e-03, Time: 1.39e+03
INFO:src.utils.logger:Model state saved to results\ho\DV\20260301-174503_seed0_ho_DV_b1_layered_e600_w120_4q_2l\checkpoints\2026-03-01_17-45-19-696925_ho_DV_seed\model.pth
INFO:src.utils.logger:Model weights saved to results\ho\DV\20260301-174503_seed0_ho_DV_b1_layered_e600_w120_4q_2l\checkpoints\2026-03-01_17-45-19-696925_ho_DV_seed\model_weights.pth
INFO:src.utils.logger:It: 465, Loss: 1.237e-02, Loss_res: 7.522e-03,  Loss_bcs: 4.474e-04, Loss_ut_ics: 2.193e-05, Loss_norm: 3.373e-06, Loss_gauge: 0.000e+00, w_pde: 1.00e+00, L^2_error: 3.894e-02, lr: 1.000e-03, Time: 1.39e+03
INFO:src.utils.logger:Model state saved to results\ho\DV\20260301-174503_seed0_ho_DV_b1_layered_e600_w120_4q_2l\checkpoints\2026-03-01_17-45-19-696925_ho_DV_seed\model.pth
INFO:src.utils.logger:Model weights saved to results\ho\DV\20260301-174503_seed0_ho_DV_b1_layered_e600_w120_4q_2l\checkpoints\2026-03-01_17-45-19-696925_ho_DV_seed\model_weights.pth
INFO:src.utils.logger:It: 466, Loss: 1.234e-02, Loss_res: 7.521e-03,  Loss_bcs: 4.341e-04, Loss_ut_ics: 2.186e-05, Loss_norm: 3.304e-06, Loss_gauge: 0.000e+00, w_pde: 1.00e+00, L^2_error: 3.838e-02, lr: 1.000e-03, Time: 1.39e+03
INFO:src.utils.logger:Model state saved to results\ho\DV\20260301-174503_seed0_ho_DV_b1_layered_e600_w120_4q_2l\checkpoints\2026-03-01_17-45-19-696925_ho_DV_seed\model.pth
INFO:src.utils.logger:Model weights saved to results\ho\DV\20260301-174503_seed0_ho_DV_b1_layered_e600_w120_4q_2l\checkpoints\2026-03-01_17-45-19-696925_ho_DV_seed\model_weights.pth
INFO:src.utils.logger:It: 467, Loss: 1.193e-02, Loss_res: 7.108e-03,  Loss_bcs: 4.483e-04, Loss_ut_ics: 2.179e-05, Loss_norm: 3.242e-06, Loss_gauge: 0.000e+00, w_pde: 1.00e+00, L^2_error: 3.782e-02, lr: 1.000e-03, Time: 1.40e+03
INFO:src.utils.logger:Model state saved to results\ho\DV\20260301-174503_seed0_ho_DV_b1_layered_e600_w120_4q_2l\checkpoints\2026-03-01_17-45-19-696925_ho_DV_seed\model.pth
INFO:src.utils.logger:Model weights saved to results\ho\DV\20260301-174503_seed0_ho_DV_b1_layered_e600_w120_4q_2l\checkpoints\2026-03-01_17-45-19-696925_ho_DV_seed\model_weights.pth
INFO:src.utils.logger:It: 468, Loss: 1.163e-02, Loss_res: 6.825e-03,  Loss_bcs: 4.413e-04, Loss_ut_ics: 2.173e-05, Loss_norm: 3.168e-06, Loss_gauge: 0.000e+00, w_pde: 1.00e+00, L^2_error: 3.725e-02, lr: 1.000e-03, Time: 1.40e+03
INFO:src.utils.logger:Model state saved to results\ho\DV\20260301-174503_seed0_ho_DV_b1_layered_e600_w120_4q_2l\checkpoints\2026-03-01_17-45-19-696925_ho_DV_seed\model.pth
INFO:src.utils.logger:Model weights saved to results\ho\DV\20260301-174503_seed0_ho_DV_b1_layered_e600_w120_4q_2l\checkpoints\2026-03-01_17-45-19-696925_ho_DV_seed\model_weights.pth
INFO:src.utils.logger:It: 469, Loss: 1.119e-02, Loss_res: 6.396e-03,  Loss_bcs: 4.398e-04, Loss_ut_ics: 2.167e-05, Loss_norm: 3.044e-06, Loss_gauge: 0.000e+00, w_pde: 1.00e+00, L^2_error: 3.668e-02, lr: 1.000e-03, Time: 1.40e+03
INFO:src.utils.logger:Model state saved to results\ho\DV\20260301-174503_seed0_ho_DV_b1_layered_e600_w120_4q_2l\checkpoints\2026-03-01_17-45-19-696925_ho_DV_seed\model.pth
INFO:src.utils.logger:Model weights saved to results\ho\DV\20260301-174503_seed0_ho_DV_b1_layered_e600_w120_4q_2l\checkpoints\2026-03-01_17-45-19-696925_ho_DV_seed\model_weights.pth
INFO:src.utils.logger:It: 470, Loss: 1.130e-02, Loss_res: 6.525e-03,  Loss_bcs: 4.376e-04, Loss_ut_ics: 2.160e-05, Loss_norm: 2.920e-06, Loss_gauge: 0.000e+00, w_pde: 1.00e+00, L^2_error: 3.609e-02, lr: 1.000e-03, Time: 1.40e+03
INFO:src.utils.logger:Model state saved to results\ho\DV\20260301-174503_seed0_ho_DV_b1_layered_e600_w120_4q_2l\checkpoints\2026-03-01_17-45-19-696925_ho_DV_seed\model.pth
INFO:src.utils.logger:Model weights saved to results\ho\DV\20260301-174503_seed0_ho_DV_b1_layered_e600_w120_4q_2l\checkpoints\2026-03-01_17-45-19-696925_ho_DV_seed\model_weights.pth
INFO:src.utils.logger:It: 471, Loss: 1.140e-02, Loss_res: 6.649e-03,  Loss_bcs: 4.342e-04, Loss_ut_ics: 2.150e-05, Loss_norm: 2.770e-06, Loss_gauge: 0.000e+00, w_pde: 1.00e+00, L^2_error: 3.553e-02, lr: 1.000e-03, Time: 1.41e+03
INFO:src.utils.logger:Model state saved to results\ho\DV\20260301-174503_seed0_ho_DV_b1_layered_e600_w120_4q_2l\checkpoints\2026-03-01_17-45-19-696925_ho_DV_seed\model.pth
INFO:src.utils.logger:Model weights saved to results\ho\DV\20260301-174503_seed0_ho_DV_b1_layered_e600_w120_4q_2l\checkpoints\2026-03-01_17-45-19-696925_ho_DV_seed\model_weights.pth
INFO:src.utils.logger:It: 472, Loss: 1.089e-02, Loss_res: 6.172e-03,  Loss_bcs: 4.310e-04, Loss_ut_ics: 2.139e-05, Loss_norm: 2.629e-06, Loss_gauge: 0.000e+00, w_pde: 1.00e+00, L^2_error: 3.501e-02, lr: 1.000e-03, Time: 1.41e+03
INFO:src.utils.logger:Model state saved to results\ho\DV\20260301-174503_seed0_ho_DV_b1_layered_e600_w120_4q_2l\checkpoints\2026-03-01_17-45-19-696925_ho_DV_seed\model.pth
INFO:src.utils.logger:Model weights saved to results\ho\DV\20260301-174503_seed0_ho_DV_b1_layered_e600_w120_4q_2l\checkpoints\2026-03-01_17-45-19-696925_ho_DV_seed\model_weights.pth
INFO:src.utils.logger:It: 473, Loss: 1.079e-02, Loss_res: 6.087e-03,  Loss_bcs: 4.359e-04, Loss_ut_ics: 2.129e-05, Loss_norm: 2.481e-06, Loss_gauge: 0.000e+00, w_pde: 1.00e+00, L^2_error: 3.451e-02, lr: 1.000e-03, Time: 1.41e+03
INFO:src.utils.logger:Model state saved to results\ho\DV\20260301-174503_seed0_ho_DV_b1_layered_e600_w120_4q_2l\checkpoints\2026-03-01_17-45-19-696925_ho_DV_seed\model.pth
INFO:src.utils.logger:Model weights saved to results\ho\DV\20260301-174503_seed0_ho_DV_b1_layered_e600_w120_4q_2l\checkpoints\2026-03-01_17-45-19-696925_ho_DV_seed\model_weights.pth
INFO:src.utils.logger:It: 474, Loss: 1.037e-02, Loss_res: 5.686e-03,  Loss_bcs: 4.300e-04, Loss_ut_ics: 2.120e-05, Loss_norm: 2.335e-06, Loss_gauge: 0.000e+00, w_pde: 1.00e+00, L^2_error: 3.399e-02, lr: 1.000e-03, Time: 1.42e+03
INFO:src.utils.logger:Model state saved to results\ho\DV\20260301-174503_seed0_ho_DV_b1_layered_e600_w120_4q_2l\checkpoints\2026-03-01_17-45-19-696925_ho_DV_seed\model.pth
INFO:src.utils.logger:Model weights saved to results\ho\DV\20260301-174503_seed0_ho_DV_b1_layered_e600_w120_4q_2l\checkpoints\2026-03-01_17-45-19-696925_ho_DV_seed\model_weights.pth
INFO:src.utils.logger:It: 475, Loss: 1.029e-02, Loss_res: 5.631e-03,  Loss_bcs: 4.241e-04, Loss_ut_ics: 2.109e-05, Loss_norm: 2.213e-06, Loss_gauge: 0.000e+00, w_pde: 1.00e+00, L^2_error: 3.344e-02, lr: 1.000e-03, Time: 1.42e+03
INFO:src.utils.logger:Model state saved to results\ho\DV\20260301-174503_seed0_ho_DV_b1_layered_e600_w120_4q_2l\checkpoints\2026-03-01_17-45-19-696925_ho_DV_seed\model.pth
INFO:src.utils.logger:Model weights saved to results\ho\DV\20260301-174503_seed0_ho_DV_b1_layered_e600_w120_4q_2l\checkpoints\2026-03-01_17-45-19-696925_ho_DV_seed\model_weights.pth
INFO:src.utils.logger:It: 476, Loss: 1.030e-02, Loss_res: 5.665e-03,  Loss_bcs: 4.273e-04, Loss_ut_ics: 2.098e-05, Loss_norm: 2.089e-06, Loss_gauge: 0.000e+00, w_pde: 1.00e+00, L^2_error: 3.288e-02, lr: 1.000e-03, Time: 1.42e+03
INFO:src.utils.logger:Model state saved to results\ho\DV\20260301-174503_seed0_ho_DV_b1_layered_e600_w120_4q_2l\checkpoints\2026-03-01_17-45-19-696925_ho_DV_seed\model.pth
INFO:src.utils.logger:Model weights saved to results\ho\DV\20260301-174503_seed0_ho_DV_b1_layered_e600_w120_4q_2l\checkpoints\2026-03-01_17-45-19-696925_ho_DV_seed\model_weights.pth
INFO:src.utils.logger:It: 477, Loss: 1.026e-02, Loss_res: 5.645e-03,  Loss_bcs: 4.328e-04, Loss_ut_ics: 2.086e-05, Loss_norm: 1.979e-06, Loss_gauge: 0.000e+00, w_pde: 1.00e+00, L^2_error: 3.238e-02, lr: 1.000e-03, Time: 1.43e+03
INFO:src.utils.logger:Model state saved to results\ho\DV\20260301-174503_seed0_ho_DV_b1_layered_e600_w120_4q_2l\checkpoints\2026-03-01_17-45-19-696925_ho_DV_seed\model.pth
INFO:src.utils.logger:Model weights saved to results\ho\DV\20260301-174503_seed0_ho_DV_b1_layered_e600_w120_4q_2l\checkpoints\2026-03-01_17-45-19-696925_ho_DV_seed\model_weights.pth
INFO:src.utils.logger:It: 478, Loss: 1.012e-02, Loss_res: 5.514e-03,  Loss_bcs: 4.366e-04, Loss_ut_ics: 2.078e-05, Loss_norm: 1.901e-06, Loss_gauge: 0.000e+00, w_pde: 1.00e+00, L^2_error: 3.192e-02, lr: 1.000e-03, Time: 1.43e+03
INFO:src.utils.logger:Model state saved to results\ho\DV\20260301-174503_seed0_ho_DV_b1_layered_e600_w120_4q_2l\checkpoints\2026-03-01_17-45-19-696925_ho_DV_seed\model.pth
INFO:src.utils.logger:Model weights saved to results\ho\DV\20260301-174503_seed0_ho_DV_b1_layered_e600_w120_4q_2l\checkpoints\2026-03-01_17-45-19-696925_ho_DV_seed\model_weights.pth
INFO:src.utils.logger:It: 479, Loss: 9.929e-03, Loss_res: 5.342e-03,  Loss_bcs: 4.357e-04, Loss_ut_ics: 2.071e-05, Loss_norm: 1.843e-06, Loss_gauge: 0.000e+00, w_pde: 1.00e+00, L^2_error: 3.145e-02, lr: 1.000e-03, Time: 1.44e+03
INFO:src.utils.logger:Model state saved to results\ho\DV\20260301-174503_seed0_ho_DV_b1_layered_e600_w120_4q_2l\checkpoints\2026-03-01_17-45-19-696925_ho_DV_seed\model.pth
INFO:src.utils.logger:Model weights saved to results\ho\DV\20260301-174503_seed0_ho_DV_b1_layered_e600_w120_4q_2l\checkpoints\2026-03-01_17-45-19-696925_ho_DV_seed\model_weights.pth
INFO:src.utils.logger:It: 480, Loss: 9.555e-03, Loss_res: 4.980e-03,  Loss_bcs: 4.362e-04, Loss_ut_ics: 2.065e-05, Loss_norm: 1.779e-06, Loss_gauge: 0.000e+00, w_pde: 1.00e+00, L^2_error: 3.097e-02, lr: 1.000e-03, Time: 1.44e+03
INFO:src.utils.logger:Model state saved to results\ho\DV\20260301-174503_seed0_ho_DV_b1_layered_e600_w120_4q_2l\checkpoints\2026-03-01_17-45-19-696925_ho_DV_seed\model.pth
INFO:src.utils.logger:Model weights saved to results\ho\DV\20260301-174503_seed0_ho_DV_b1_layered_e600_w120_4q_2l\checkpoints\2026-03-01_17-45-19-696925_ho_DV_seed\model_weights.pth
INFO:src.utils.logger:It: 481, Loss: 9.896e-03, Loss_res: 5.344e-03,  Loss_bcs: 4.270e-04, Loss_ut_ics: 2.058e-05, Loss_norm: 1.700e-06, Loss_gauge: 0.000e+00, w_pde: 1.00e+00, L^2_error: 3.048e-02, lr: 1.000e-03, Time: 1.44e+03
INFO:src.utils.logger:Model state saved to results\ho\DV\20260301-174503_seed0_ho_DV_b1_layered_e600_w120_4q_2l\checkpoints\2026-03-01_17-45-19-696925_ho_DV_seed\model.pth
INFO:src.utils.logger:Model weights saved to results\ho\DV\20260301-174503_seed0_ho_DV_b1_layered_e600_w120_4q_2l\checkpoints\2026-03-01_17-45-19-696925_ho_DV_seed\model_weights.pth
INFO:src.utils.logger:It: 482, Loss: 9.912e-03, Loss_res: 5.366e-03,  Loss_bcs: 4.360e-04, Loss_ut_ics: 2.051e-05, Loss_norm: 1.604e-06, Loss_gauge: 0.000e+00, w_pde: 1.00e+00, L^2_error: 2.998e-02, lr: 1.000e-03, Time: 1.45e+03
INFO:src.utils.logger:Model state saved to results\ho\DV\20260301-174503_seed0_ho_DV_b1_layered_e600_w120_4q_2l\checkpoints\2026-03-01_17-45-19-696925_ho_DV_seed\model.pth
INFO:src.utils.logger:Model weights saved to results\ho\DV\20260301-174503_seed0_ho_DV_b1_layered_e600_w120_4q_2l\checkpoints\2026-03-01_17-45-19-696925_ho_DV_seed\model_weights.pth
INFO:src.utils.logger:It: 483, Loss: 9.478e-03, Loss_res: 4.962e-03,  Loss_bcs: 4.221e-04, Loss_ut_ics: 2.043e-05, Loss_norm: 1.498e-06, Loss_gauge: 0.000e+00, w_pde: 1.00e+00, L^2_error: 2.953e-02, lr: 1.000e-03, Time: 1.45e+03
INFO:src.utils.logger:Model state saved to results\ho\DV\20260301-174503_seed0_ho_DV_b1_layered_e600_w120_4q_2l\checkpoints\2026-03-01_17-45-19-696925_ho_DV_seed\model.pth
INFO:src.utils.logger:Model weights saved to results\ho\DV\20260301-174503_seed0_ho_DV_b1_layered_e600_w120_4q_2l\checkpoints\2026-03-01_17-45-19-696925_ho_DV_seed\model_weights.pth
INFO:src.utils.logger:It: 484, Loss: 9.323e-03, Loss_res: 4.817e-03,  Loss_bcs: 4.265e-04, Loss_ut_ics: 2.036e-05, Loss_norm: 1.389e-06, Loss_gauge: 0.000e+00, w_pde: 1.00e+00, L^2_error: 2.911e-02, lr: 1.000e-03, Time: 1.45e+03
INFO:src.utils.logger:Model state saved to results\ho\DV\20260301-174503_seed0_ho_DV_b1_layered_e600_w120_4q_2l\checkpoints\2026-03-01_17-45-19-696925_ho_DV_seed\model.pth
INFO:src.utils.logger:Model weights saved to results\ho\DV\20260301-174503_seed0_ho_DV_b1_layered_e600_w120_4q_2l\checkpoints\2026-03-01_17-45-19-696925_ho_DV_seed\model_weights.pth
INFO:src.utils.logger:It: 485, Loss: 9.010e-03, Loss_res: 4.515e-03,  Loss_bcs: 4.271e-04, Loss_ut_ics: 2.031e-05, Loss_norm: 1.282e-06, Loss_gauge: 0.000e+00, w_pde: 1.00e+00, L^2_error: 2.870e-02, lr: 1.000e-03, Time: 1.45e+03
INFO:src.utils.logger:Model state saved to results\ho\DV\20260301-174503_seed0_ho_DV_b1_layered_e600_w120_4q_2l\checkpoints\2026-03-01_17-45-19-696925_ho_DV_seed\model.pth
INFO:src.utils.logger:Model weights saved to results\ho\DV\20260301-174503_seed0_ho_DV_b1_layered_e600_w120_4q_2l\checkpoints\2026-03-01_17-45-19-696925_ho_DV_seed\model_weights.pth
INFO:src.utils.logger:It: 486, Loss: 8.912e-03, Loss_res: 4.428e-03,  Loss_bcs: 4.276e-04, Loss_ut_ics: 2.025e-05, Loss_norm: 1.178e-06, Loss_gauge: 0.000e+00, w_pde: 1.00e+00, L^2_error: 2.825e-02, lr: 1.000e-03, Time: 1.46e+03
INFO:src.utils.logger:Model state saved to results\ho\DV\20260301-174503_seed0_ho_DV_b1_layered_e600_w120_4q_2l\checkpoints\2026-03-01_17-45-19-696925_ho_DV_seed\model.pth
INFO:src.utils.logger:Model weights saved to results\ho\DV\20260301-174503_seed0_ho_DV_b1_layered_e600_w120_4q_2l\checkpoints\2026-03-01_17-45-19-696925_ho_DV_seed\model_weights.pth
INFO:src.utils.logger:It: 487, Loss: 8.968e-03, Loss_res: 4.501e-03,  Loss_bcs: 4.286e-04, Loss_ut_ics: 2.016e-05, Loss_norm: 1.073e-06, Loss_gauge: 0.000e+00, w_pde: 1.00e+00, L^2_error: 2.782e-02, lr: 1.000e-03, Time: 1.46e+03
INFO:src.utils.logger:Model state saved to results\ho\DV\20260301-174503_seed0_ho_DV_b1_layered_e600_w120_4q_2l\checkpoints\2026-03-01_17-45-19-696925_ho_DV_seed\model.pth
INFO:src.utils.logger:Model weights saved to results\ho\DV\20260301-174503_seed0_ho_DV_b1_layered_e600_w120_4q_2l\checkpoints\2026-03-01_17-45-19-696925_ho_DV_seed\model_weights.pth
INFO:src.utils.logger:It: 488, Loss: 8.803e-03, Loss_res: 4.348e-03,  Loss_bcs: 4.329e-04, Loss_ut_ics: 2.009e-05, Loss_norm: 9.820e-07, Loss_gauge: 0.000e+00, w_pde: 1.00e+00, L^2_error: 2.740e-02, lr: 1.000e-03, Time: 1.46e+03
INFO:src.utils.logger:Model state saved to results\ho\DV\20260301-174503_seed0_ho_DV_b1_layered_e600_w120_4q_2l\checkpoints\2026-03-01_17-45-19-696925_ho_DV_seed\model.pth
INFO:src.utils.logger:Model weights saved to results\ho\DV\20260301-174503_seed0_ho_DV_b1_layered_e600_w120_4q_2l\checkpoints\2026-03-01_17-45-19-696925_ho_DV_seed\model_weights.pth
INFO:src.utils.logger:It: 489, Loss: 8.419e-03, Loss_res: 3.992e-03,  Loss_bcs: 4.223e-04, Loss_ut_ics: 2.000e-05, Loss_norm: 8.923e-07, Loss_gauge: 0.000e+00, w_pde: 1.00e+00, L^2_error: 2.698e-02, lr: 1.000e-03, Time: 1.47e+03
INFO:src.utils.logger:Model state saved to results\ho\DV\20260301-174503_seed0_ho_DV_b1_layered_e600_w120_4q_2l\checkpoints\2026-03-01_17-45-19-696925_ho_DV_seed\model.pth
INFO:src.utils.logger:Model weights saved to results\ho\DV\20260301-174503_seed0_ho_DV_b1_layered_e600_w120_4q_2l\checkpoints\2026-03-01_17-45-19-696925_ho_DV_seed\model_weights.pth
INFO:src.utils.logger:It: 490, Loss: 8.423e-03, Loss_res: 4.021e-03,  Loss_bcs: 4.184e-04, Loss_ut_ics: 1.990e-05, Loss_norm: 8.291e-07, Loss_gauge: 0.000e+00, w_pde: 1.00e+00, L^2_error: 2.657e-02, lr: 1.000e-03, Time: 1.47e+03
INFO:src.utils.logger:Model state saved to results\ho\DV\20260301-174503_seed0_ho_DV_b1_layered_e600_w120_4q_2l\checkpoints\2026-03-01_17-45-19-696925_ho_DV_seed\model.pth
INFO:src.utils.logger:Model weights saved to results\ho\DV\20260301-174503_seed0_ho_DV_b1_layered_e600_w120_4q_2l\checkpoints\2026-03-01_17-45-19-696925_ho_DV_seed\model_weights.pth
INFO:src.utils.logger:It: 491, Loss: 8.586e-03, Loss_res: 4.209e-03,  Loss_bcs: 4.168e-04, Loss_ut_ics: 1.978e-05, Loss_norm: 7.849e-07, Loss_gauge: 0.000e+00, w_pde: 1.00e+00, L^2_error: 2.617e-02, lr: 1.000e-03, Time: 1.47e+03
INFO:src.utils.logger:Model state saved to results\ho\DV\20260301-174503_seed0_ho_DV_b1_layered_e600_w120_4q_2l\checkpoints\2026-03-01_17-45-19-696925_ho_DV_seed\model.pth
INFO:src.utils.logger:Model weights saved to results\ho\DV\20260301-174503_seed0_ho_DV_b1_layered_e600_w120_4q_2l\checkpoints\2026-03-01_17-45-19-696925_ho_DV_seed\model_weights.pth
INFO:src.utils.logger:It: 492, Loss: 8.174e-03, Loss_res: 3.813e-03,  Loss_bcs: 4.274e-04, Loss_ut_ics: 1.965e-05, Loss_norm: 7.532e-07, Loss_gauge: 0.000e+00, w_pde: 1.00e+00, L^2_error: 2.581e-02, lr: 1.000e-03, Time: 1.48e+03
INFO:src.utils.logger:Model state saved to results\ho\DV\20260301-174503_seed0_ho_DV_b1_layered_e600_w120_4q_2l\checkpoints\2026-03-01_17-45-19-696925_ho_DV_seed\model.pth
INFO:src.utils.logger:Model weights saved to results\ho\DV\20260301-174503_seed0_ho_DV_b1_layered_e600_w120_4q_2l\checkpoints\2026-03-01_17-45-19-696925_ho_DV_seed\model_weights.pth
INFO:src.utils.logger:It: 493, Loss: 8.303e-03, Loss_res: 3.977e-03,  Loss_bcs: 4.135e-04, Loss_ut_ics: 1.954e-05, Loss_norm: 7.366e-07, Loss_gauge: 0.000e+00, w_pde: 1.00e+00, L^2_error: 2.550e-02, lr: 1.000e-03, Time: 1.48e+03
INFO:src.utils.logger:Model state saved to results\ho\DV\20260301-174503_seed0_ho_DV_b1_layered_e600_w120_4q_2l\checkpoints\2026-03-01_17-45-19-696925_ho_DV_seed\model.pth
INFO:src.utils.logger:Model weights saved to results\ho\DV\20260301-174503_seed0_ho_DV_b1_layered_e600_w120_4q_2l\checkpoints\2026-03-01_17-45-19-696925_ho_DV_seed\model_weights.pth
INFO:src.utils.logger:It: 494, Loss: 8.344e-03, Loss_res: 4.025e-03,  Loss_bcs: 4.185e-04, Loss_ut_ics: 1.948e-05, Loss_norm: 7.083e-07, Loss_gauge: 0.000e+00, w_pde: 1.00e+00, L^2_error: 2.515e-02, lr: 1.000e-03, Time: 1.48e+03
INFO:src.utils.logger:Model state saved to results\ho\DV\20260301-174503_seed0_ho_DV_b1_layered_e600_w120_4q_2l\checkpoints\2026-03-01_17-45-19-696925_ho_DV_seed\model.pth
INFO:src.utils.logger:Model weights saved to results\ho\DV\20260301-174503_seed0_ho_DV_b1_layered_e600_w120_4q_2l\checkpoints\2026-03-01_17-45-19-696925_ho_DV_seed\model_weights.pth
INFO:src.utils.logger:It: 495, Loss: 8.028e-03, Loss_res: 3.716e-03,  Loss_bcs: 4.250e-04, Loss_ut_ics: 1.942e-05, Loss_norm: 6.706e-07, Loss_gauge: 0.000e+00, w_pde: 1.00e+00, L^2_error: 2.478e-02, lr: 1.000e-03, Time: 1.49e+03
INFO:src.utils.logger:Model state saved to results\ho\DV\20260301-174503_seed0_ho_DV_b1_layered_e600_w120_4q_2l\checkpoints\2026-03-01_17-45-19-696925_ho_DV_seed\model.pth
INFO:src.utils.logger:Model weights saved to results\ho\DV\20260301-174503_seed0_ho_DV_b1_layered_e600_w120_4q_2l\checkpoints\2026-03-01_17-45-19-696925_ho_DV_seed\model_weights.pth
INFO:src.utils.logger:It: 496, Loss: 7.863e-03, Loss_res: 3.570e-03,  Loss_bcs: 4.190e-04, Loss_ut_ics: 1.935e-05, Loss_norm: 6.220e-07, Loss_gauge: 0.000e+00, w_pde: 1.00e+00, L^2_error: 2.440e-02, lr: 1.000e-03, Time: 1.49e+03
INFO:src.utils.logger:Model state saved to results\ho\DV\20260301-174503_seed0_ho_DV_b1_layered_e600_w120_4q_2l\checkpoints\2026-03-01_17-45-19-696925_ho_DV_seed\model.pth
INFO:src.utils.logger:Model weights saved to results\ho\DV\20260301-174503_seed0_ho_DV_b1_layered_e600_w120_4q_2l\checkpoints\2026-03-01_17-45-19-696925_ho_DV_seed\model_weights.pth
INFO:src.utils.logger:It: 497, Loss: 7.938e-03, Loss_res: 3.652e-03,  Loss_bcs: 4.253e-04, Loss_ut_ics: 1.929e-05, Loss_norm: 5.686e-07, Loss_gauge: 0.000e+00, w_pde: 1.00e+00, L^2_error: 2.404e-02, lr: 1.000e-03, Time: 1.49e+03
INFO:src.utils.logger:Model state saved to results\ho\DV\20260301-174503_seed0_ho_DV_b1_layered_e600_w120_4q_2l\checkpoints\2026-03-01_17-45-19-696925_ho_DV_seed\model.pth
INFO:src.utils.logger:Model weights saved to results\ho\DV\20260301-174503_seed0_ho_DV_b1_layered_e600_w120_4q_2l\checkpoints\2026-03-01_17-45-19-696925_ho_DV_seed\model_weights.pth
INFO:src.utils.logger:It: 498, Loss: 7.837e-03, Loss_res: 3.571e-03,  Loss_bcs: 4.171e-04, Loss_ut_ics: 1.923e-05, Loss_norm: 5.293e-07, Loss_gauge: 0.000e+00, w_pde: 1.00e+00, L^2_error: 2.376e-02, lr: 1.000e-03, Time: 1.50e+03
INFO:src.utils.logger:Model state saved to results\ho\DV\20260301-174503_seed0_ho_DV_b1_layered_e600_w120_4q_2l\checkpoints\2026-03-01_17-45-19-696925_ho_DV_seed\model.pth
INFO:src.utils.logger:Model weights saved to results\ho\DV\20260301-174503_seed0_ho_DV_b1_layered_e600_w120_4q_2l\checkpoints\2026-03-01_17-45-19-696925_ho_DV_seed\model_weights.pth
INFO:src.utils.logger:It: 499, Loss: 7.846e-03, Loss_res: 3.585e-03,  Loss_bcs: 4.210e-04, Loss_ut_ics: 1.919e-05, Loss_norm: 4.925e-07, Loss_gauge: 0.000e+00, w_pde: 1.00e+00, L^2_error: 2.349e-02, lr: 1.000e-03, Time: 1.50e+03
INFO:src.utils.logger:Model state saved to results\ho\DV\20260301-174503_seed0_ho_DV_b1_layered_e600_w120_4q_2l\checkpoints\2026-03-01_17-45-19-696925_ho_DV_seed\model.pth
INFO:src.utils.logger:Model weights saved to results\ho\DV\20260301-174503_seed0_ho_DV_b1_layered_e600_w120_4q_2l\checkpoints\2026-03-01_17-45-19-696925_ho_DV_seed\model_weights.pth
INFO:src.utils.logger:It: 500, Loss: 7.783e-03, Loss_res: 3.537e-03,  Loss_bcs: 4.168e-04, Loss_ut_ics: 1.914e-05, Loss_norm: 4.687e-07, Loss_gauge: 0.000e+00, w_pde: 1.00e+00, L^2_error: 2.321e-02, lr: 1.000e-03, Time: 1.50e+03
INFO:src.utils.logger:Model state saved to results\ho\DV\20260301-174503_seed0_ho_DV_b1_layered_e600_w120_4q_2l\checkpoints\2026-03-01_17-45-19-696925_ho_DV_seed\model.pth
INFO:src.utils.logger:Model weights saved to results\ho\DV\20260301-174503_seed0_ho_DV_b1_layered_e600_w120_4q_2l\checkpoints\2026-03-01_17-45-19-696925_ho_DV_seed\model_weights.pth
INFO:src.utils.logger:It: 501, Loss: 7.535e-03, Loss_res: 3.302e-03,  Loss_bcs: 4.165e-04, Loss_ut_ics: 1.907e-05, Loss_norm: 4.499e-07, Loss_gauge: 0.000e+00, w_pde: 1.00e+00, L^2_error: 2.290e-02, lr: 1.000e-03, Time: 1.50e+03
INFO:src.utils.logger:Model state saved to results\ho\DV\20260301-174503_seed0_ho_DV_b1_layered_e600_w120_4q_2l\checkpoints\2026-03-01_17-45-19-696925_ho_DV_seed\model.pth
INFO:src.utils.logger:Model weights saved to results\ho\DV\20260301-174503_seed0_ho_DV_b1_layered_e600_w120_4q_2l\checkpoints\2026-03-01_17-45-19-696925_ho_DV_seed\model_weights.pth
INFO:src.utils.logger:It: 502, Loss: 7.527e-03, Loss_res: 3.318e-03,  Loss_bcs: 4.095e-04, Loss_ut_ics: 1.899e-05, Loss_norm: 4.268e-07, Loss_gauge: 0.000e+00, w_pde: 1.00e+00, L^2_error: 2.257e-02, lr: 1.000e-03, Time: 1.51e+03
INFO:src.utils.logger:Model state saved to results\ho\DV\20260301-174503_seed0_ho_DV_b1_layered_e600_w120_4q_2l\checkpoints\2026-03-01_17-45-19-696925_ho_DV_seed\model.pth
INFO:src.utils.logger:Model weights saved to results\ho\DV\20260301-174503_seed0_ho_DV_b1_layered_e600_w120_4q_2l\checkpoints\2026-03-01_17-45-19-696925_ho_DV_seed\model_weights.pth
INFO:src.utils.logger:It: 503, Loss: 7.507e-03, Loss_res: 3.307e-03,  Loss_bcs: 4.202e-04, Loss_ut_ics: 1.889e-05, Loss_norm: 4.077e-07, Loss_gauge: 0.000e+00, w_pde: 1.00e+00, L^2_error: 2.227e-02, lr: 1.000e-03, Time: 1.51e+03
INFO:src.utils.logger:Model state saved to results\ho\DV\20260301-174503_seed0_ho_DV_b1_layered_e600_w120_4q_2l\checkpoints\2026-03-01_17-45-19-696925_ho_DV_seed\model.pth
INFO:src.utils.logger:Model weights saved to results\ho\DV\20260301-174503_seed0_ho_DV_b1_layered_e600_w120_4q_2l\checkpoints\2026-03-01_17-45-19-696925_ho_DV_seed\model_weights.pth
INFO:src.utils.logger:It: 504, Loss: 7.489e-03, Loss_res: 3.311e-03,  Loss_bcs: 4.162e-04, Loss_ut_ics: 1.880e-05, Loss_norm: 3.957e-07, Loss_gauge: 0.000e+00, w_pde: 1.00e+00, L^2_error: 2.203e-02, lr: 1.000e-03, Time: 1.51e+03
INFO:src.utils.logger:Model state saved to results\ho\DV\20260301-174503_seed0_ho_DV_b1_layered_e600_w120_4q_2l\checkpoints\2026-03-01_17-45-19-696925_ho_DV_seed\model.pth
INFO:src.utils.logger:Model weights saved to results\ho\DV\20260301-174503_seed0_ho_DV_b1_layered_e600_w120_4q_2l\checkpoints\2026-03-01_17-45-19-696925_ho_DV_seed\model_weights.pth
INFO:src.utils.logger:It: 505, Loss: 7.424e-03, Loss_res: 3.262e-03,  Loss_bcs: 4.127e-04, Loss_ut_ics: 1.873e-05, Loss_norm: 3.902e-07, Loss_gauge: 0.000e+00, w_pde: 1.00e+00, L^2_error: 2.184e-02, lr: 1.000e-03, Time: 1.52e+03
INFO:src.utils.logger:Model state saved to results\ho\DV\20260301-174503_seed0_ho_DV_b1_layered_e600_w120_4q_2l\checkpoints\2026-03-01_17-45-19-696925_ho_DV_seed\model.pth
INFO:src.utils.logger:Model weights saved to results\ho\DV\20260301-174503_seed0_ho_DV_b1_layered_e600_w120_4q_2l\checkpoints\2026-03-01_17-45-19-696925_ho_DV_seed\model_weights.pth
INFO:src.utils.logger:It: 506, Loss: 7.257e-03, Loss_res: 3.114e-03,  Loss_bcs: 4.008e-04, Loss_ut_ics: 1.870e-05, Loss_norm: 3.794e-07, Loss_gauge: 0.000e+00, w_pde: 1.00e+00, L^2_error: 2.159e-02, lr: 1.000e-03, Time: 1.52e+03
INFO:src.utils.logger:Model state saved to results\ho\DV\20260301-174503_seed0_ho_DV_b1_layered_e600_w120_4q_2l\checkpoints\2026-03-01_17-45-19-696925_ho_DV_seed\model.pth
INFO:src.utils.logger:Model weights saved to results\ho\DV\20260301-174503_seed0_ho_DV_b1_layered_e600_w120_4q_2l\checkpoints\2026-03-01_17-45-19-696925_ho_DV_seed\model_weights.pth
INFO:src.utils.logger:It: 507, Loss: 7.078e-03, Loss_res: 2.932e-03,  Loss_bcs: 4.187e-04, Loss_ut_ics: 1.863e-05, Loss_norm: 3.661e-07, Loss_gauge: 0.000e+00, w_pde: 1.00e+00, L^2_error: 2.130e-02, lr: 1.000e-03, Time: 1.52e+03
INFO:src.utils.logger:Model state saved to results\ho\DV\20260301-174503_seed0_ho_DV_b1_layered_e600_w120_4q_2l\checkpoints\2026-03-01_17-45-19-696925_ho_DV_seed\model.pth
INFO:src.utils.logger:Model weights saved to results\ho\DV\20260301-174503_seed0_ho_DV_b1_layered_e600_w120_4q_2l\checkpoints\2026-03-01_17-45-19-696925_ho_DV_seed\model_weights.pth
INFO:src.utils.logger:It: 508, Loss: 7.114e-03, Loss_res: 2.998e-03,  Loss_bcs: 4.100e-04, Loss_ut_ics: 1.852e-05, Loss_norm: 3.389e-07, Loss_gauge: 0.000e+00, w_pde: 1.00e+00, L^2_error: 2.105e-02, lr: 1.000e-03, Time: 1.52e+03
INFO:src.utils.logger:Model state saved to results\ho\DV\20260301-174503_seed0_ho_DV_b1_layered_e600_w120_4q_2l\checkpoints\2026-03-01_17-45-19-696925_ho_DV_seed\model.pth
INFO:src.utils.logger:Model weights saved to results\ho\DV\20260301-174503_seed0_ho_DV_b1_layered_e600_w120_4q_2l\checkpoints\2026-03-01_17-45-19-696925_ho_DV_seed\model_weights.pth
INFO:src.utils.logger:It: 509, Loss: 7.217e-03, Loss_res: 3.120e-03,  Loss_bcs: 4.081e-04, Loss_ut_ics: 1.843e-05, Loss_norm: 2.963e-07, Loss_gauge: 0.000e+00, w_pde: 1.00e+00, L^2_error: 2.086e-02, lr: 1.000e-03, Time: 1.53e+03
INFO:src.utils.logger:Model state saved to results\ho\DV\20260301-174503_seed0_ho_DV_b1_layered_e600_w120_4q_2l\checkpoints\2026-03-01_17-45-19-696925_ho_DV_seed\model.pth
INFO:src.utils.logger:Model weights saved to results\ho\DV\20260301-174503_seed0_ho_DV_b1_layered_e600_w120_4q_2l\checkpoints\2026-03-01_17-45-19-696925_ho_DV_seed\model_weights.pth
INFO:src.utils.logger:It: 510, Loss: 7.044e-03, Loss_res: 2.953e-03,  Loss_bcs: 4.133e-04, Loss_ut_ics: 1.838e-05, Loss_norm: 2.591e-07, Loss_gauge: 0.000e+00, w_pde: 1.00e+00, L^2_error: 2.070e-02, lr: 1.000e-03, Time: 1.53e+03
INFO:src.utils.logger:Model state saved to results\ho\DV\20260301-174503_seed0_ho_DV_b1_layered_e600_w120_4q_2l\checkpoints\2026-03-01_17-45-19-696925_ho_DV_seed\model.pth
INFO:src.utils.logger:Model weights saved to results\ho\DV\20260301-174503_seed0_ho_DV_b1_layered_e600_w120_4q_2l\checkpoints\2026-03-01_17-45-19-696925_ho_DV_seed\model_weights.pth
INFO:src.utils.logger:It: 511, Loss: 6.927e-03, Loss_res: 2.853e-03,  Loss_bcs: 4.063e-04, Loss_ut_ics: 1.833e-05, Loss_norm: 2.224e-07, Loss_gauge: 0.000e+00, w_pde: 1.00e+00, L^2_error: 2.053e-02, lr: 1.000e-03, Time: 1.53e+03
INFO:src.utils.logger:Model state saved to results\ho\DV\20260301-174503_seed0_ho_DV_b1_layered_e600_w120_4q_2l\checkpoints\2026-03-01_17-45-19-696925_ho_DV_seed\model.pth
INFO:src.utils.logger:Model weights saved to results\ho\DV\20260301-174503_seed0_ho_DV_b1_layered_e600_w120_4q_2l\checkpoints\2026-03-01_17-45-19-696925_ho_DV_seed\model_weights.pth
INFO:src.utils.logger:It: 512, Loss: 6.879e-03, Loss_res: 2.815e-03,  Loss_bcs: 4.052e-04, Loss_ut_ics: 1.829e-05, Loss_norm: 1.875e-07, Loss_gauge: 0.000e+00, w_pde: 1.00e+00, L^2_error: 2.032e-02, lr: 1.000e-03, Time: 1.54e+03
INFO:src.utils.logger:Model state saved to results\ho\DV\20260301-174503_seed0_ho_DV_b1_layered_e600_w120_4q_2l\checkpoints\2026-03-01_17-45-19-696925_ho_DV_seed\model.pth
INFO:src.utils.logger:Model weights saved to results\ho\DV\20260301-174503_seed0_ho_DV_b1_layered_e600_w120_4q_2l\checkpoints\2026-03-01_17-45-19-696925_ho_DV_seed\model_weights.pth
INFO:src.utils.logger:It: 513, Loss: 6.878e-03, Loss_res: 2.824e-03,  Loss_bcs: 4.112e-04, Loss_ut_ics: 1.821e-05, Loss_norm: 1.569e-07, Loss_gauge: 0.000e+00, w_pde: 1.00e+00, L^2_error: 2.011e-02, lr: 1.000e-03, Time: 1.54e+03
INFO:src.utils.logger:Model state saved to results\ho\DV\20260301-174503_seed0_ho_DV_b1_layered_e600_w120_4q_2l\checkpoints\2026-03-01_17-45-19-696925_ho_DV_seed\model.pth
INFO:src.utils.logger:Model weights saved to results\ho\DV\20260301-174503_seed0_ho_DV_b1_layered_e600_w120_4q_2l\checkpoints\2026-03-01_17-45-19-696925_ho_DV_seed\model_weights.pth
INFO:src.utils.logger:It: 514, Loss: 6.877e-03, Loss_res: 2.842e-03,  Loss_bcs: 4.085e-04, Loss_ut_ics: 1.813e-05, Loss_norm: 1.354e-07, Loss_gauge: 0.000e+00, w_pde: 1.00e+00, L^2_error: 1.995e-02, lr: 1.000e-03, Time: 1.54e+03
INFO:src.utils.logger:Model state saved to results\ho\DV\20260301-174503_seed0_ho_DV_b1_layered_e600_w120_4q_2l\checkpoints\2026-03-01_17-45-19-696925_ho_DV_seed\model.pth
INFO:src.utils.logger:Model weights saved to results\ho\DV\20260301-174503_seed0_ho_DV_b1_layered_e600_w120_4q_2l\checkpoints\2026-03-01_17-45-19-696925_ho_DV_seed\model_weights.pth
INFO:src.utils.logger:It: 515, Loss: 6.851e-03, Loss_res: 2.815e-03,  Loss_bcs: 4.172e-04, Loss_ut_ics: 1.809e-05, Loss_norm: 1.270e-07, Loss_gauge: 0.000e+00, w_pde: 1.00e+00, L^2_error: 1.978e-02, lr: 1.000e-03, Time: 1.55e+03
INFO:src.utils.logger:Model state saved to results\ho\DV\20260301-174503_seed0_ho_DV_b1_layered_e600_w120_4q_2l\checkpoints\2026-03-01_17-45-19-696925_ho_DV_seed\model.pth
INFO:src.utils.logger:Model weights saved to results\ho\DV\20260301-174503_seed0_ho_DV_b1_layered_e600_w120_4q_2l\checkpoints\2026-03-01_17-45-19-696925_ho_DV_seed\model_weights.pth
INFO:src.utils.logger:It: 516, Loss: 6.771e-03, Loss_res: 2.760e-03,  Loss_bcs: 4.081e-04, Loss_ut_ics: 1.801e-05, Loss_norm: 1.276e-07, Loss_gauge: 0.000e+00, w_pde: 1.00e+00, L^2_error: 1.963e-02, lr: 1.000e-03, Time: 1.55e+03
INFO:src.utils.logger:Model state saved to results\ho\DV\20260301-174503_seed0_ho_DV_b1_layered_e600_w120_4q_2l\checkpoints\2026-03-01_17-45-19-696925_ho_DV_seed\model.pth
INFO:src.utils.logger:Model weights saved to results\ho\DV\20260301-174503_seed0_ho_DV_b1_layered_e600_w120_4q_2l\checkpoints\2026-03-01_17-45-19-696925_ho_DV_seed\model_weights.pth
INFO:src.utils.logger:It: 517, Loss: 6.780e-03, Loss_res: 2.781e-03,  Loss_bcs: 4.131e-04, Loss_ut_ics: 1.793e-05, Loss_norm: 1.327e-07, Loss_gauge: 0.000e+00, w_pde: 1.00e+00, L^2_error: 1.948e-02, lr: 1.000e-03, Time: 1.55e+03
INFO:src.utils.logger:Model state saved to results\ho\DV\20260301-174503_seed0_ho_DV_b1_layered_e600_w120_4q_2l\checkpoints\2026-03-01_17-45-19-696925_ho_DV_seed\model.pth
INFO:src.utils.logger:Model weights saved to results\ho\DV\20260301-174503_seed0_ho_DV_b1_layered_e600_w120_4q_2l\checkpoints\2026-03-01_17-45-19-696925_ho_DV_seed\model_weights.pth
INFO:src.utils.logger:It: 518, Loss: 6.637e-03, Loss_res: 2.662e-03,  Loss_bcs: 4.066e-04, Loss_ut_ics: 1.784e-05, Loss_norm: 1.386e-07, Loss_gauge: 0.000e+00, w_pde: 1.00e+00, L^2_error: 1.933e-02, lr: 1.000e-03, Time: 1.55e+03
INFO:src.utils.logger:Model state saved to results\ho\DV\20260301-174503_seed0_ho_DV_b1_layered_e600_w120_4q_2l\checkpoints\2026-03-01_17-45-19-696925_ho_DV_seed\model.pth
INFO:src.utils.logger:Model weights saved to results\ho\DV\20260301-174503_seed0_ho_DV_b1_layered_e600_w120_4q_2l\checkpoints\2026-03-01_17-45-19-696925_ho_DV_seed\model_weights.pth
INFO:src.utils.logger:It: 519, Loss: 6.694e-03, Loss_res: 2.731e-03,  Loss_bcs: 4.115e-04, Loss_ut_ics: 1.775e-05, Loss_norm: 1.417e-07, Loss_gauge: 0.000e+00, w_pde: 1.00e+00, L^2_error: 1.920e-02, lr: 1.000e-03, Time: 1.56e+03
INFO:src.utils.logger:Model state saved to results\ho\DV\20260301-174503_seed0_ho_DV_b1_layered_e600_w120_4q_2l\checkpoints\2026-03-01_17-45-19-696925_ho_DV_seed\model.pth
INFO:src.utils.logger:Model weights saved to results\ho\DV\20260301-174503_seed0_ho_DV_b1_layered_e600_w120_4q_2l\checkpoints\2026-03-01_17-45-19-696925_ho_DV_seed\model_weights.pth
INFO:src.utils.logger:It: 520, Loss: 6.549e-03, Loss_res: 2.617e-03,  Loss_bcs: 3.953e-04, Loss_ut_ics: 1.768e-05, Loss_norm: 1.362e-07, Loss_gauge: 0.000e+00, w_pde: 1.00e+00, L^2_error: 1.908e-02, lr: 1.000e-03, Time: 1.56e+03
INFO:src.utils.logger:Model state saved to results\ho\DV\20260301-174503_seed0_ho_DV_b1_layered_e600_w120_4q_2l\checkpoints\2026-03-01_17-45-19-696925_ho_DV_seed\model.pth
INFO:src.utils.logger:Model weights saved to results\ho\DV\20260301-174503_seed0_ho_DV_b1_layered_e600_w120_4q_2l\checkpoints\2026-03-01_17-45-19-696925_ho_DV_seed\model_weights.pth
INFO:src.utils.logger:It: 521, Loss: 6.343e-03, Loss_res: 2.410e-03,  Loss_bcs: 4.077e-04, Loss_ut_ics: 1.762e-05, Loss_norm: 1.203e-07, Loss_gauge: 0.000e+00, w_pde: 1.00e+00, L^2_error: 1.896e-02, lr: 1.000e-03, Time: 1.56e+03
INFO:src.utils.logger:Model state saved to results\ho\DV\20260301-174503_seed0_ho_DV_b1_layered_e600_w120_4q_2l\checkpoints\2026-03-01_17-45-19-696925_ho_DV_seed\model.pth
INFO:src.utils.logger:Model weights saved to results\ho\DV\20260301-174503_seed0_ho_DV_b1_layered_e600_w120_4q_2l\checkpoints\2026-03-01_17-45-19-696925_ho_DV_seed\model_weights.pth
INFO:src.utils.logger:It: 522, Loss: 6.514e-03, Loss_res: 2.592e-03,  Loss_bcs: 4.071e-04, Loss_ut_ics: 1.757e-05, Loss_norm: 1.002e-07, Loss_gauge: 0.000e+00, w_pde: 1.00e+00, L^2_error: 1.886e-02, lr: 1.000e-03, Time: 1.57e+03
INFO:src.utils.logger:Model state saved to results\ho\DV\20260301-174503_seed0_ho_DV_b1_layered_e600_w120_4q_2l\checkpoints\2026-03-01_17-45-19-696925_ho_DV_seed\model.pth
INFO:src.utils.logger:Model weights saved to results\ho\DV\20260301-174503_seed0_ho_DV_b1_layered_e600_w120_4q_2l\checkpoints\2026-03-01_17-45-19-696925_ho_DV_seed\model_weights.pth
INFO:src.utils.logger:It: 523, Loss: 6.344e-03, Loss_res: 2.446e-03,  Loss_bcs: 3.935e-04, Loss_ut_ics: 1.752e-05, Loss_norm: 7.758e-08, Loss_gauge: 0.000e+00, w_pde: 1.00e+00, L^2_error: 1.876e-02, lr: 1.000e-03, Time: 1.57e+03
INFO:src.utils.logger:Model state saved to results\ho\DV\20260301-174503_seed0_ho_DV_b1_layered_e600_w120_4q_2l\checkpoints\2026-03-01_17-45-19-696925_ho_DV_seed\model.pth
INFO:src.utils.logger:Model weights saved to results\ho\DV\20260301-174503_seed0_ho_DV_b1_layered_e600_w120_4q_2l\checkpoints\2026-03-01_17-45-19-696925_ho_DV_seed\model_weights.pth
INFO:src.utils.logger:It: 524, Loss: 6.549e-03, Loss_res: 2.661e-03,  Loss_bcs: 3.921e-04, Loss_ut_ics: 1.747e-05, Loss_norm: 5.904e-08, Loss_gauge: 0.000e+00, w_pde: 1.00e+00, L^2_error: 1.867e-02, lr: 1.000e-03, Time: 1.57e+03
INFO:src.utils.logger:Model state saved to results\ho\DV\20260301-174503_seed0_ho_DV_b1_layered_e600_w120_4q_2l\checkpoints\2026-03-01_17-45-19-696925_ho_DV_seed\model.pth
INFO:src.utils.logger:Model weights saved to results\ho\DV\20260301-174503_seed0_ho_DV_b1_layered_e600_w120_4q_2l\checkpoints\2026-03-01_17-45-19-696925_ho_DV_seed\model_weights.pth
INFO:src.utils.logger:It: 525, Loss: 6.582e-03, Loss_res: 2.690e-03,  Loss_bcs: 4.045e-04, Loss_ut_ics: 1.743e-05, Loss_norm: 5.133e-08, Loss_gauge: 0.000e+00, w_pde: 1.00e+00, L^2_error: 1.859e-02, lr: 1.000e-03, Time: 1.58e+03
INFO:src.utils.logger:Model state saved to results\ho\DV\20260301-174503_seed0_ho_DV_b1_layered_e600_w120_4q_2l\checkpoints\2026-03-01_17-45-19-696925_ho_DV_seed\model.pth
INFO:src.utils.logger:Model weights saved to results\ho\DV\20260301-174503_seed0_ho_DV_b1_layered_e600_w120_4q_2l\checkpoints\2026-03-01_17-45-19-696925_ho_DV_seed\model_weights.pth
INFO:src.utils.logger:It: 526, Loss: 6.252e-03, Loss_res: 2.374e-03,  Loss_bcs: 3.980e-04, Loss_ut_ics: 1.740e-05, Loss_norm: 4.900e-08, Loss_gauge: 0.000e+00, w_pde: 1.00e+00, L^2_error: 1.851e-02, lr: 1.000e-03, Time: 1.58e+03
INFO:src.utils.logger:Model state saved to results\ho\DV\20260301-174503_seed0_ho_DV_b1_layered_e600_w120_4q_2l\checkpoints\2026-03-01_17-45-19-696925_ho_DV_seed\model.pth
INFO:src.utils.logger:Model weights saved to results\ho\DV\20260301-174503_seed0_ho_DV_b1_layered_e600_w120_4q_2l\checkpoints\2026-03-01_17-45-19-696925_ho_DV_seed\model_weights.pth
INFO:src.utils.logger:It: 527, Loss: 6.284e-03, Loss_res: 2.417e-03,  Loss_bcs: 3.978e-04, Loss_ut_ics: 1.734e-05, Loss_norm: 5.028e-08, Loss_gauge: 0.000e+00, w_pde: 1.00e+00, L^2_error: 1.843e-02, lr: 1.000e-03, Time: 1.58e+03
INFO:src.utils.logger:Model state saved to results\ho\DV\20260301-174503_seed0_ho_DV_b1_layered_e600_w120_4q_2l\checkpoints\2026-03-01_17-45-19-696925_ho_DV_seed\model.pth
INFO:src.utils.logger:Model weights saved to results\ho\DV\20260301-174503_seed0_ho_DV_b1_layered_e600_w120_4q_2l\checkpoints\2026-03-01_17-45-19-696925_ho_DV_seed\model_weights.pth
INFO:src.utils.logger:It: 528, Loss: 6.259e-03, Loss_res: 2.415e-03,  Loss_bcs: 3.871e-04, Loss_ut_ics: 1.729e-05, Loss_norm: 5.228e-08, Loss_gauge: 0.000e+00, w_pde: 1.00e+00, L^2_error: 1.833e-02, lr: 1.000e-03, Time: 1.58e+03
INFO:src.utils.logger:Model state saved to results\ho\DV\20260301-174503_seed0_ho_DV_b1_layered_e600_w120_4q_2l\checkpoints\2026-03-01_17-45-19-696925_ho_DV_seed\model.pth
INFO:src.utils.logger:Model weights saved to results\ho\DV\20260301-174503_seed0_ho_DV_b1_layered_e600_w120_4q_2l\checkpoints\2026-03-01_17-45-19-696925_ho_DV_seed\model_weights.pth
INFO:src.utils.logger:It: 529, Loss: 6.502e-03, Loss_res: 2.666e-03,  Loss_bcs: 3.967e-04, Loss_ut_ics: 1.720e-05, Loss_norm: 5.733e-08, Loss_gauge: 0.000e+00, w_pde: 1.00e+00, L^2_error: 1.825e-02, lr: 1.000e-03, Time: 1.59e+03
INFO:src.utils.logger:Model state saved to results\ho\DV\20260301-174503_seed0_ho_DV_b1_layered_e600_w120_4q_2l\checkpoints\2026-03-01_17-45-19-696925_ho_DV_seed\model.pth
INFO:src.utils.logger:Model weights saved to results\ho\DV\20260301-174503_seed0_ho_DV_b1_layered_e600_w120_4q_2l\checkpoints\2026-03-01_17-45-19-696925_ho_DV_seed\model_weights.pth
INFO:src.utils.logger:It: 530, Loss: 6.180e-03, Loss_res: 2.354e-03,  Loss_bcs: 4.003e-04, Loss_ut_ics: 1.713e-05, Loss_norm: 6.824e-08, Loss_gauge: 0.000e+00, w_pde: 1.00e+00, L^2_error: 1.818e-02, lr: 1.000e-03, Time: 1.59e+03
INFO:src.utils.logger:Model state saved to results\ho\DV\20260301-174503_seed0_ho_DV_b1_layered_e600_w120_4q_2l\checkpoints\2026-03-01_17-45-19-696925_ho_DV_seed\model.pth
INFO:src.utils.logger:Model weights saved to results\ho\DV\20260301-174503_seed0_ho_DV_b1_layered_e600_w120_4q_2l\checkpoints\2026-03-01_17-45-19-696925_ho_DV_seed\model_weights.pth
INFO:src.utils.logger:It: 531, Loss: 6.206e-03, Loss_res: 2.403e-03,  Loss_bcs: 3.902e-04, Loss_ut_ics: 1.706e-05, Loss_norm: 7.354e-08, Loss_gauge: 0.000e+00, w_pde: 1.00e+00, L^2_error: 1.811e-02, lr: 1.000e-03, Time: 1.59e+03
INFO:src.utils.logger:Model state saved to results\ho\DV\20260301-174503_seed0_ho_DV_b1_layered_e600_w120_4q_2l\checkpoints\2026-03-01_17-45-19-696925_ho_DV_seed\model.pth
INFO:src.utils.logger:Model weights saved to results\ho\DV\20260301-174503_seed0_ho_DV_b1_layered_e600_w120_4q_2l\checkpoints\2026-03-01_17-45-19-696925_ho_DV_seed\model_weights.pth
INFO:src.utils.logger:It: 532, Loss: 6.201e-03, Loss_res: 2.399e-03,  Loss_bcs: 4.040e-04, Loss_ut_ics: 1.699e-05, Loss_norm: 7.460e-08, Loss_gauge: 0.000e+00, w_pde: 1.00e+00, L^2_error: 1.803e-02, lr: 1.000e-03, Time: 1.60e+03
INFO:src.utils.logger:Model state saved to results\ho\DV\20260301-174503_seed0_ho_DV_b1_layered_e600_w120_4q_2l\checkpoints\2026-03-01_17-45-19-696925_ho_DV_seed\model.pth
INFO:src.utils.logger:Model weights saved to results\ho\DV\20260301-174503_seed0_ho_DV_b1_layered_e600_w120_4q_2l\checkpoints\2026-03-01_17-45-19-696925_ho_DV_seed\model_weights.pth
INFO:src.utils.logger:It: 533, Loss: 6.148e-03, Loss_res: 2.363e-03,  Loss_bcs: 4.027e-04, Loss_ut_ics: 1.691e-05, Loss_norm: 7.259e-08, Loss_gauge: 0.000e+00, w_pde: 1.00e+00, L^2_error: 1.795e-02, lr: 1.000e-03, Time: 1.60e+03
INFO:src.utils.logger:Model state saved to results\ho\DV\20260301-174503_seed0_ho_DV_b1_layered_e600_w120_4q_2l\checkpoints\2026-03-01_17-45-19-696925_ho_DV_seed\model.pth
INFO:src.utils.logger:Model weights saved to results\ho\DV\20260301-174503_seed0_ho_DV_b1_layered_e600_w120_4q_2l\checkpoints\2026-03-01_17-45-19-696925_ho_DV_seed\model_weights.pth
INFO:src.utils.logger:It: 534, Loss: 6.258e-03, Loss_res: 2.496e-03,  Loss_bcs: 3.956e-04, Loss_ut_ics: 1.683e-05, Loss_norm: 6.945e-08, Loss_gauge: 0.000e+00, w_pde: 1.00e+00, L^2_error: 1.789e-02, lr: 1.000e-03, Time: 1.60e+03
INFO:src.utils.logger:Model state saved to results\ho\DV\20260301-174503_seed0_ho_DV_b1_layered_e600_w120_4q_2l\checkpoints\2026-03-01_17-45-19-696925_ho_DV_seed\model.pth
INFO:src.utils.logger:Model weights saved to results\ho\DV\20260301-174503_seed0_ho_DV_b1_layered_e600_w120_4q_2l\checkpoints\2026-03-01_17-45-19-696925_ho_DV_seed\model_weights.pth
INFO:src.utils.logger:It: 535, Loss: 5.846e-03, Loss_res: 2.106e-03,  Loss_bcs: 3.854e-04, Loss_ut_ics: 1.677e-05, Loss_norm: 7.091e-08, Loss_gauge: 0.000e+00, w_pde: 1.00e+00, L^2_error: 1.786e-02, lr: 1.000e-03, Time: 1.60e+03
INFO:src.utils.logger:Model state saved to results\ho\DV\20260301-174503_seed0_ho_DV_b1_layered_e600_w120_4q_2l\checkpoints\2026-03-01_17-45-19-696925_ho_DV_seed\model.pth
INFO:src.utils.logger:Model weights saved to results\ho\DV\20260301-174503_seed0_ho_DV_b1_layered_e600_w120_4q_2l\checkpoints\2026-03-01_17-45-19-696925_ho_DV_seed\model_weights.pth
INFO:src.utils.logger:It: 536, Loss: 6.172e-03, Loss_res: 2.436e-03,  Loss_bcs: 3.903e-04, Loss_ut_ics: 1.672e-05, Loss_norm: 6.670e-08, Loss_gauge: 0.000e+00, w_pde: 1.00e+00, L^2_error: 1.784e-02, lr: 1.000e-03, Time: 1.61e+03
INFO:src.utils.logger:Model state saved to results\ho\DV\20260301-174503_seed0_ho_DV_b1_layered_e600_w120_4q_2l\checkpoints\2026-03-01_17-45-19-696925_ho_DV_seed\model.pth
INFO:src.utils.logger:Model weights saved to results\ho\DV\20260301-174503_seed0_ho_DV_b1_layered_e600_w120_4q_2l\checkpoints\2026-03-01_17-45-19-696925_ho_DV_seed\model_weights.pth
INFO:src.utils.logger:It: 537, Loss: 5.983e-03, Loss_res: 2.240e-03,  Loss_bcs: 4.049e-04, Loss_ut_ics: 1.669e-05, Loss_norm: 6.213e-08, Loss_gauge: 0.000e+00, w_pde: 1.00e+00, L^2_error: 1.779e-02, lr: 1.000e-03, Time: 1.61e+03
INFO:src.utils.logger:Model state saved to results\ho\DV\20260301-174503_seed0_ho_DV_b1_layered_e600_w120_4q_2l\checkpoints\2026-03-01_17-45-19-696925_ho_DV_seed\model.pth
INFO:src.utils.logger:Model weights saved to results\ho\DV\20260301-174503_seed0_ho_DV_b1_layered_e600_w120_4q_2l\checkpoints\2026-03-01_17-45-19-696925_ho_DV_seed\model_weights.pth
INFO:src.utils.logger:It: 538, Loss: 5.997e-03, Loss_res: 2.283e-03,  Loss_bcs: 3.872e-04, Loss_ut_ics: 1.663e-05, Loss_norm: 6.355e-08, Loss_gauge: 0.000e+00, w_pde: 1.00e+00, L^2_error: 1.773e-02, lr: 1.000e-03, Time: 1.61e+03
INFO:src.utils.logger:Model state saved to results\ho\DV\20260301-174503_seed0_ho_DV_b1_layered_e600_w120_4q_2l\checkpoints\2026-03-01_17-45-19-696925_ho_DV_seed\model.pth
INFO:src.utils.logger:Model weights saved to results\ho\DV\20260301-174503_seed0_ho_DV_b1_layered_e600_w120_4q_2l\checkpoints\2026-03-01_17-45-19-696925_ho_DV_seed\model_weights.pth
INFO:src.utils.logger:It: 539, Loss: 6.086e-03, Loss_res: 2.379e-03,  Loss_bcs: 3.920e-04, Loss_ut_ics: 1.657e-05, Loss_norm: 7.057e-08, Loss_gauge: 0.000e+00, w_pde: 1.00e+00, L^2_error: 1.769e-02, lr: 1.000e-03, Time: 1.62e+03
INFO:src.utils.logger:Model state saved to results\ho\DV\20260301-174503_seed0_ho_DV_b1_layered_e600_w120_4q_2l\checkpoints\2026-03-01_17-45-19-696925_ho_DV_seed\model.pth
INFO:src.utils.logger:Model weights saved to results\ho\DV\20260301-174503_seed0_ho_DV_b1_layered_e600_w120_4q_2l\checkpoints\2026-03-01_17-45-19-696925_ho_DV_seed\model_weights.pth
INFO:src.utils.logger:It: 540, Loss: 5.952e-03, Loss_res: 2.264e-03,  Loss_bcs: 3.827e-04, Loss_ut_ics: 1.653e-05, Loss_norm: 7.816e-08, Loss_gauge: 0.000e+00, w_pde: 1.00e+00, L^2_error: 1.765e-02, lr: 1.000e-03, Time: 1.62e+03
INFO:src.utils.logger:Model state saved to results\ho\DV\20260301-174503_seed0_ho_DV_b1_layered_e600_w120_4q_2l\checkpoints\2026-03-01_17-45-19-696925_ho_DV_seed\model.pth
INFO:src.utils.logger:Model weights saved to results\ho\DV\20260301-174503_seed0_ho_DV_b1_layered_e600_w120_4q_2l\checkpoints\2026-03-01_17-45-19-696925_ho_DV_seed\model_weights.pth
INFO:src.utils.logger:It: 541, Loss: 5.975e-03, Loss_res: 2.292e-03,  Loss_bcs: 3.876e-04, Loss_ut_ics: 1.648e-05, Loss_norm: 8.837e-08, Loss_gauge: 0.000e+00, w_pde: 1.00e+00, L^2_error: 1.764e-02, lr: 1.000e-03, Time: 1.62e+03
INFO:src.utils.logger:Model state saved to results\ho\DV\20260301-174503_seed0_ho_DV_b1_layered_e600_w120_4q_2l\checkpoints\2026-03-01_17-45-19-696925_ho_DV_seed\model.pth
INFO:src.utils.logger:Model weights saved to results\ho\DV\20260301-174503_seed0_ho_DV_b1_layered_e600_w120_4q_2l\checkpoints\2026-03-01_17-45-19-696925_ho_DV_seed\model_weights.pth
INFO:src.utils.logger:It: 542, Loss: 5.844e-03, Loss_res: 2.161e-03,  Loss_bcs: 3.948e-04, Loss_ut_ics: 1.644e-05, Loss_norm: 9.933e-08, Loss_gauge: 0.000e+00, w_pde: 1.00e+00, L^2_error: 1.761e-02, lr: 1.000e-03, Time: 1.62e+03
INFO:src.utils.logger:Model state saved to results\ho\DV\20260301-174503_seed0_ho_DV_b1_layered_e600_w120_4q_2l\checkpoints\2026-03-01_17-45-19-696925_ho_DV_seed\model.pth
INFO:src.utils.logger:Model weights saved to results\ho\DV\20260301-174503_seed0_ho_DV_b1_layered_e600_w120_4q_2l\checkpoints\2026-03-01_17-45-19-696925_ho_DV_seed\model_weights.pth
INFO:src.utils.logger:It: 543, Loss: 5.922e-03, Loss_res: 2.251e-03,  Loss_bcs: 3.939e-04, Loss_ut_ics: 1.638e-05, Loss_norm: 1.114e-07, Loss_gauge: 0.000e+00, w_pde: 1.00e+00, L^2_error: 1.756e-02, lr: 1.000e-03, Time: 1.63e+03
INFO:src.utils.logger:Model state saved to results\ho\DV\20260301-174503_seed0_ho_DV_b1_layered_e600_w120_4q_2l\checkpoints\2026-03-01_17-45-19-696925_ho_DV_seed\model.pth
INFO:src.utils.logger:Model weights saved to results\ho\DV\20260301-174503_seed0_ho_DV_b1_layered_e600_w120_4q_2l\checkpoints\2026-03-01_17-45-19-696925_ho_DV_seed\model_weights.pth
INFO:src.utils.logger:It: 544, Loss: 5.936e-03, Loss_res: 2.282e-03,  Loss_bcs: 3.900e-04, Loss_ut_ics: 1.632e-05, Loss_norm: 1.235e-07, Loss_gauge: 0.000e+00, w_pde: 1.00e+00, L^2_error: 1.751e-02, lr: 1.000e-03, Time: 1.63e+03
INFO:src.utils.logger:Model state saved to results\ho\DV\20260301-174503_seed0_ho_DV_b1_layered_e600_w120_4q_2l\checkpoints\2026-03-01_17-45-19-696925_ho_DV_seed\model.pth
INFO:src.utils.logger:Model weights saved to results\ho\DV\20260301-174503_seed0_ho_DV_b1_layered_e600_w120_4q_2l\checkpoints\2026-03-01_17-45-19-696925_ho_DV_seed\model_weights.pth
INFO:src.utils.logger:It: 545, Loss: 5.877e-03, Loss_res: 2.245e-03,  Loss_bcs: 3.837e-04, Loss_ut_ics: 1.624e-05, Loss_norm: 1.356e-07, Loss_gauge: 0.000e+00, w_pde: 1.00e+00, L^2_error: 1.747e-02, lr: 1.000e-03, Time: 1.63e+03
INFO:src.utils.logger:Model state saved to results\ho\DV\20260301-174503_seed0_ho_DV_b1_layered_e600_w120_4q_2l\checkpoints\2026-03-01_17-45-19-696925_ho_DV_seed\model.pth
INFO:src.utils.logger:Model weights saved to results\ho\DV\20260301-174503_seed0_ho_DV_b1_layered_e600_w120_4q_2l\checkpoints\2026-03-01_17-45-19-696925_ho_DV_seed\model_weights.pth
INFO:src.utils.logger:It: 546, Loss: 5.779e-03, Loss_res: 2.153e-03,  Loss_bcs: 3.907e-04, Loss_ut_ics: 1.617e-05, Loss_norm: 1.404e-07, Loss_gauge: 0.000e+00, w_pde: 1.00e+00, L^2_error: 1.745e-02, lr: 1.000e-03, Time: 1.64e+03
INFO:src.utils.logger:Model state saved to results\ho\DV\20260301-174503_seed0_ho_DV_b1_layered_e600_w120_4q_2l\checkpoints\2026-03-01_17-45-19-696925_ho_DV_seed\model.pth
INFO:src.utils.logger:Model weights saved to results\ho\DV\20260301-174503_seed0_ho_DV_b1_layered_e600_w120_4q_2l\checkpoints\2026-03-01_17-45-19-696925_ho_DV_seed\model_weights.pth
INFO:src.utils.logger:It: 547, Loss: 5.717e-03, Loss_res: 2.101e-03,  Loss_bcs: 3.922e-04, Loss_ut_ics: 1.612e-05, Loss_norm: 1.405e-07, Loss_gauge: 0.000e+00, w_pde: 1.00e+00, L^2_error: 1.742e-02, lr: 1.000e-03, Time: 1.64e+03
INFO:src.utils.logger:Model state saved to results\ho\DV\20260301-174503_seed0_ho_DV_b1_layered_e600_w120_4q_2l\checkpoints\2026-03-01_17-45-19-696925_ho_DV_seed\model.pth
INFO:src.utils.logger:Model weights saved to results\ho\DV\20260301-174503_seed0_ho_DV_b1_layered_e600_w120_4q_2l\checkpoints\2026-03-01_17-45-19-696925_ho_DV_seed\model_weights.pth
INFO:src.utils.logger:It: 548, Loss: 5.836e-03, Loss_res: 2.243e-03,  Loss_bcs: 3.816e-04, Loss_ut_ics: 1.605e-05, Loss_norm: 1.404e-07, Loss_gauge: 0.000e+00, w_pde: 1.00e+00, L^2_error: 1.740e-02, lr: 1.000e-03, Time: 1.64e+03
INFO:src.utils.logger:Model state saved to results\ho\DV\20260301-174503_seed0_ho_DV_b1_layered_e600_w120_4q_2l\checkpoints\2026-03-01_17-45-19-696925_ho_DV_seed\model.pth
INFO:src.utils.logger:Model weights saved to results\ho\DV\20260301-174503_seed0_ho_DV_b1_layered_e600_w120_4q_2l\checkpoints\2026-03-01_17-45-19-696925_ho_DV_seed\model_weights.pth
INFO:src.utils.logger:It: 549, Loss: 5.924e-03, Loss_res: 2.339e-03,  Loss_bcs: 3.860e-04, Loss_ut_ics: 1.599e-05, Loss_norm: 1.433e-07, Loss_gauge: 0.000e+00, w_pde: 1.00e+00, L^2_error: 1.735e-02, lr: 1.000e-03, Time: 1.64e+03
INFO:src.utils.logger:Model state saved to results\ho\DV\20260301-174503_seed0_ho_DV_b1_layered_e600_w120_4q_2l\checkpoints\2026-03-01_17-45-19-696925_ho_DV_seed\model.pth
INFO:src.utils.logger:Model weights saved to results\ho\DV\20260301-174503_seed0_ho_DV_b1_layered_e600_w120_4q_2l\checkpoints\2026-03-01_17-45-19-696925_ho_DV_seed\model_weights.pth
INFO:src.utils.logger:It: 550, Loss: 5.655e-03, Loss_res: 2.085e-03,  Loss_bcs: 3.849e-04, Loss_ut_ics: 1.592e-05, Loss_norm: 1.506e-07, Loss_gauge: 0.000e+00, w_pde: 1.00e+00, L^2_error: 1.730e-02, lr: 1.000e-03, Time: 1.65e+03
INFO:src.utils.logger:Model state saved to results\ho\DV\20260301-174503_seed0_ho_DV_b1_layered_e600_w120_4q_2l\checkpoints\2026-03-01_17-45-19-696925_ho_DV_seed\model.pth
INFO:src.utils.logger:Model weights saved to results\ho\DV\20260301-174503_seed0_ho_DV_b1_layered_e600_w120_4q_2l\checkpoints\2026-03-01_17-45-19-696925_ho_DV_seed\model_weights.pth
INFO:src.utils.logger:It: 551, Loss: 5.624e-03, Loss_res: 2.063e-03,  Loss_bcs: 3.908e-04, Loss_ut_ics: 1.585e-05, Loss_norm: 1.590e-07, Loss_gauge: 0.000e+00, w_pde: 1.00e+00, L^2_error: 1.727e-02, lr: 1.000e-03, Time: 1.65e+03
INFO:src.utils.logger:Model state saved to results\ho\DV\20260301-174503_seed0_ho_DV_b1_layered_e600_w120_4q_2l\checkpoints\2026-03-01_17-45-19-696925_ho_DV_seed\model.pth
INFO:src.utils.logger:Model weights saved to results\ho\DV\20260301-174503_seed0_ho_DV_b1_layered_e600_w120_4q_2l\checkpoints\2026-03-01_17-45-19-696925_ho_DV_seed\model_weights.pth
INFO:src.utils.logger:It: 552, Loss: 5.668e-03, Loss_res: 2.125e-03,  Loss_bcs: 3.842e-04, Loss_ut_ics: 1.579e-05, Loss_norm: 1.623e-07, Loss_gauge: 0.000e+00, w_pde: 1.00e+00, L^2_error: 1.727e-02, lr: 1.000e-03, Time: 1.65e+03
INFO:src.utils.logger:Model state saved to results\ho\DV\20260301-174503_seed0_ho_DV_b1_layered_e600_w120_4q_2l\checkpoints\2026-03-01_17-45-19-696925_ho_DV_seed\model.pth
INFO:src.utils.logger:Model weights saved to results\ho\DV\20260301-174503_seed0_ho_DV_b1_layered_e600_w120_4q_2l\checkpoints\2026-03-01_17-45-19-696925_ho_DV_seed\model_weights.pth
INFO:src.utils.logger:It: 553, Loss: 5.863e-03, Loss_res: 2.331e-03,  Loss_bcs: 3.829e-04, Loss_ut_ics: 1.574e-05, Loss_norm: 1.610e-07, Loss_gauge: 0.000e+00, w_pde: 1.00e+00, L^2_error: 1.729e-02, lr: 1.000e-03, Time: 1.66e+03
INFO:src.utils.logger:Model state saved to results\ho\DV\20260301-174503_seed0_ho_DV_b1_layered_e600_w120_4q_2l\checkpoints\2026-03-01_17-45-19-696925_ho_DV_seed\model.pth
INFO:src.utils.logger:Model weights saved to results\ho\DV\20260301-174503_seed0_ho_DV_b1_layered_e600_w120_4q_2l\checkpoints\2026-03-01_17-45-19-696925_ho_DV_seed\model_weights.pth
INFO:src.utils.logger:It: 554, Loss: 5.619e-03, Loss_res: 2.082e-03,  Loss_bcs: 3.891e-04, Loss_ut_ics: 1.574e-05, Loss_norm: 1.545e-07, Loss_gauge: 0.000e+00, w_pde: 1.00e+00, L^2_error: 1.728e-02, lr: 1.000e-03, Time: 1.66e+03
INFO:src.utils.logger:Model state saved to results\ho\DV\20260301-174503_seed0_ho_DV_b1_layered_e600_w120_4q_2l\checkpoints\2026-03-01_17-45-19-696925_ho_DV_seed\model.pth
INFO:src.utils.logger:Model weights saved to results\ho\DV\20260301-174503_seed0_ho_DV_b1_layered_e600_w120_4q_2l\checkpoints\2026-03-01_17-45-19-696925_ho_DV_seed\model_weights.pth
INFO:src.utils.logger:It: 555, Loss: 5.726e-03, Loss_res: 2.207e-03,  Loss_bcs: 3.772e-04, Loss_ut_ics: 1.571e-05, Loss_norm: 1.545e-07, Loss_gauge: 0.000e+00, w_pde: 1.00e+00, L^2_error: 1.725e-02, lr: 1.000e-03, Time: 1.66e+03
INFO:src.utils.logger:Model state saved to results\ho\DV\20260301-174503_seed0_ho_DV_b1_layered_e600_w120_4q_2l\checkpoints\2026-03-01_17-45-19-696925_ho_DV_seed\model.pth
INFO:src.utils.logger:Model weights saved to results\ho\DV\20260301-174503_seed0_ho_DV_b1_layered_e600_w120_4q_2l\checkpoints\2026-03-01_17-45-19-696925_ho_DV_seed\model_weights.pth
INFO:src.utils.logger:It: 556, Loss: 5.524e-03, Loss_res: 2.003e-03,  Loss_bcs: 3.846e-04, Loss_ut_ics: 1.568e-05, Loss_norm: 1.587e-07, Loss_gauge: 0.000e+00, w_pde: 1.00e+00, L^2_error: 1.721e-02, lr: 1.000e-03, Time: 1.67e+03
INFO:src.utils.logger:Model state saved to results\ho\DV\20260301-174503_seed0_ho_DV_b1_layered_e600_w120_4q_2l\checkpoints\2026-03-01_17-45-19-696925_ho_DV_seed\model.pth
INFO:src.utils.logger:Model weights saved to results\ho\DV\20260301-174503_seed0_ho_DV_b1_layered_e600_w120_4q_2l\checkpoints\2026-03-01_17-45-19-696925_ho_DV_seed\model_weights.pth
INFO:src.utils.logger:It: 557, Loss: 5.655e-03, Loss_res: 2.141e-03,  Loss_bcs: 3.861e-04, Loss_ut_ics: 1.564e-05, Loss_norm: 1.632e-07, Loss_gauge: 0.000e+00, w_pde: 1.00e+00, L^2_error: 1.720e-02, lr: 1.000e-03, Time: 1.67e+03
INFO:src.utils.logger:Model state saved to results\ho\DV\20260301-174503_seed0_ho_DV_b1_layered_e600_w120_4q_2l\checkpoints\2026-03-01_17-45-19-696925_ho_DV_seed\model.pth
INFO:src.utils.logger:Model weights saved to results\ho\DV\20260301-174503_seed0_ho_DV_b1_layered_e600_w120_4q_2l\checkpoints\2026-03-01_17-45-19-696925_ho_DV_seed\model_weights.pth
INFO:src.utils.logger:It: 558, Loss: 5.529e-03, Loss_res: 2.027e-03,  Loss_bcs: 3.820e-04, Loss_ut_ics: 1.560e-05, Loss_norm: 1.621e-07, Loss_gauge: 0.000e+00, w_pde: 1.00e+00, L^2_error: 1.719e-02, lr: 1.000e-03, Time: 1.67e+03
INFO:src.utils.logger:Model state saved to results\ho\DV\20260301-174503_seed0_ho_DV_b1_layered_e600_w120_4q_2l\checkpoints\2026-03-01_17-45-19-696925_ho_DV_seed\model.pth
INFO:src.utils.logger:Model weights saved to results\ho\DV\20260301-174503_seed0_ho_DV_b1_layered_e600_w120_4q_2l\checkpoints\2026-03-01_17-45-19-696925_ho_DV_seed\model_weights.pth
INFO:src.utils.logger:It: 559, Loss: 5.640e-03, Loss_res: 2.148e-03,  Loss_bcs: 3.835e-04, Loss_ut_ics: 1.554e-05, Loss_norm: 1.623e-07, Loss_gauge: 0.000e+00, w_pde: 1.00e+00, L^2_error: 1.717e-02, lr: 1.000e-03, Time: 1.67e+03
INFO:src.utils.logger:Model state saved to results\ho\DV\20260301-174503_seed0_ho_DV_b1_layered_e600_w120_4q_2l\checkpoints\2026-03-01_17-45-19-696925_ho_DV_seed\model.pth
INFO:src.utils.logger:Model weights saved to results\ho\DV\20260301-174503_seed0_ho_DV_b1_layered_e600_w120_4q_2l\checkpoints\2026-03-01_17-45-19-696925_ho_DV_seed\model_weights.pth
INFO:src.utils.logger:It: 560, Loss: 5.555e-03, Loss_res: 2.086e-03,  Loss_bcs: 3.759e-04, Loss_ut_ics: 1.546e-05, Loss_norm: 1.622e-07, Loss_gauge: 0.000e+00, w_pde: 1.00e+00, L^2_error: 1.714e-02, lr: 1.000e-03, Time: 1.68e+03
INFO:src.utils.logger:Model state saved to results\ho\DV\20260301-174503_seed0_ho_DV_b1_layered_e600_w120_4q_2l\checkpoints\2026-03-01_17-45-19-696925_ho_DV_seed\model.pth
INFO:src.utils.logger:Model weights saved to results\ho\DV\20260301-174503_seed0_ho_DV_b1_layered_e600_w120_4q_2l\checkpoints\2026-03-01_17-45-19-696925_ho_DV_seed\model_weights.pth
INFO:src.utils.logger:It: 561, Loss: 5.570e-03, Loss_res: 2.111e-03,  Loss_bcs: 3.836e-04, Loss_ut_ics: 1.537e-05, Loss_norm: 1.657e-07, Loss_gauge: 0.000e+00, w_pde: 1.00e+00, L^2_error: 1.711e-02, lr: 1.000e-03, Time: 1.68e+03
INFO:src.utils.logger:Model state saved to results\ho\DV\20260301-174503_seed0_ho_DV_b1_layered_e600_w120_4q_2l\checkpoints\2026-03-01_17-45-19-696925_ho_DV_seed\model.pth
INFO:src.utils.logger:Model weights saved to results\ho\DV\20260301-174503_seed0_ho_DV_b1_layered_e600_w120_4q_2l\checkpoints\2026-03-01_17-45-19-696925_ho_DV_seed\model_weights.pth
INFO:src.utils.logger:It: 562, Loss: 5.657e-03, Loss_res: 2.218e-03,  Loss_bcs: 3.781e-04, Loss_ut_ics: 1.530e-05, Loss_norm: 1.723e-07, Loss_gauge: 0.000e+00, w_pde: 1.00e+00, L^2_error: 1.712e-02, lr: 1.000e-03, Time: 1.68e+03
INFO:src.utils.logger:Model state saved to results\ho\DV\20260301-174503_seed0_ho_DV_b1_layered_e600_w120_4q_2l\checkpoints\2026-03-01_17-45-19-696925_ho_DV_seed\model.pth
INFO:src.utils.logger:Model weights saved to results\ho\DV\20260301-174503_seed0_ho_DV_b1_layered_e600_w120_4q_2l\checkpoints\2026-03-01_17-45-19-696925_ho_DV_seed\model_weights.pth
INFO:src.utils.logger:It: 563, Loss: 5.384e-03, Loss_res: 1.954e-03,  Loss_bcs: 3.748e-04, Loss_ut_ics: 1.527e-05, Loss_norm: 1.756e-07, Loss_gauge: 0.000e+00, w_pde: 1.00e+00, L^2_error: 1.711e-02, lr: 1.000e-03, Time: 1.69e+03
INFO:src.utils.logger:Model state saved to results\ho\DV\20260301-174503_seed0_ho_DV_b1_layered_e600_w120_4q_2l\checkpoints\2026-03-01_17-45-19-696925_ho_DV_seed\model.pth
INFO:src.utils.logger:Model weights saved to results\ho\DV\20260301-174503_seed0_ho_DV_b1_layered_e600_w120_4q_2l\checkpoints\2026-03-01_17-45-19-696925_ho_DV_seed\model_weights.pth
INFO:src.utils.logger:It: 564, Loss: 5.493e-03, Loss_res: 2.070e-03,  Loss_bcs: 3.758e-04, Loss_ut_ics: 1.523e-05, Loss_norm: 1.818e-07, Loss_gauge: 0.000e+00, w_pde: 1.00e+00, L^2_error: 1.710e-02, lr: 1.000e-03, Time: 1.69e+03
INFO:src.utils.logger:Model state saved to results\ho\DV\20260301-174503_seed0_ho_DV_b1_layered_e600_w120_4q_2l\checkpoints\2026-03-01_17-45-19-696925_ho_DV_seed\model.pth
INFO:src.utils.logger:Model weights saved to results\ho\DV\20260301-174503_seed0_ho_DV_b1_layered_e600_w120_4q_2l\checkpoints\2026-03-01_17-45-19-696925_ho_DV_seed\model_weights.pth
INFO:src.utils.logger:It: 565, Loss: 5.458e-03, Loss_res: 2.038e-03,  Loss_bcs: 3.816e-04, Loss_ut_ics: 1.519e-05, Loss_norm: 1.874e-07, Loss_gauge: 0.000e+00, w_pde: 1.00e+00, L^2_error: 1.708e-02, lr: 1.000e-03, Time: 1.69e+03
INFO:src.utils.logger:Model state saved to results\ho\DV\20260301-174503_seed0_ho_DV_b1_layered_e600_w120_4q_2l\checkpoints\2026-03-01_17-45-19-696925_ho_DV_seed\model.pth
INFO:src.utils.logger:Model weights saved to results\ho\DV\20260301-174503_seed0_ho_DV_b1_layered_e600_w120_4q_2l\checkpoints\2026-03-01_17-45-19-696925_ho_DV_seed\model_weights.pth
INFO:src.utils.logger:It: 566, Loss: 5.459e-03, Loss_res: 2.056e-03,  Loss_bcs: 3.748e-04, Loss_ut_ics: 1.514e-05, Loss_norm: 1.861e-07, Loss_gauge: 0.000e+00, w_pde: 1.00e+00, L^2_error: 1.707e-02, lr: 1.000e-03, Time: 1.69e+03
INFO:src.utils.logger:Model state saved to results\ho\DV\20260301-174503_seed0_ho_DV_b1_layered_e600_w120_4q_2l\checkpoints\2026-03-01_17-45-19-696925_ho_DV_seed\model.pth
INFO:src.utils.logger:Model weights saved to results\ho\DV\20260301-174503_seed0_ho_DV_b1_layered_e600_w120_4q_2l\checkpoints\2026-03-01_17-45-19-696925_ho_DV_seed\model_weights.pth
INFO:src.utils.logger:It: 567, Loss: 5.440e-03, Loss_res: 2.055e-03,  Loss_bcs: 3.681e-04, Loss_ut_ics: 1.508e-05, Loss_norm: 1.795e-07, Loss_gauge: 0.000e+00, w_pde: 1.00e+00, L^2_error: 1.706e-02, lr: 1.000e-03, Time: 1.70e+03
INFO:src.utils.logger:Model state saved to results\ho\DV\20260301-174503_seed0_ho_DV_b1_layered_e600_w120_4q_2l\checkpoints\2026-03-01_17-45-19-696925_ho_DV_seed\model.pth
INFO:src.utils.logger:Model weights saved to results\ho\DV\20260301-174503_seed0_ho_DV_b1_layered_e600_w120_4q_2l\checkpoints\2026-03-01_17-45-19-696925_ho_DV_seed\model_weights.pth
INFO:src.utils.logger:It: 568, Loss: 5.446e-03, Loss_res: 2.074e-03,  Loss_bcs: 3.659e-04, Loss_ut_ics: 1.503e-05, Loss_norm: 1.676e-07, Loss_gauge: 0.000e+00, w_pde: 1.00e+00, L^2_error: 1.704e-02, lr: 1.000e-03, Time: 1.70e+03
INFO:src.utils.logger:Model state saved to results\ho\DV\20260301-174503_seed0_ho_DV_b1_layered_e600_w120_4q_2l\checkpoints\2026-03-01_17-45-19-696925_ho_DV_seed\model.pth
INFO:src.utils.logger:Model weights saved to results\ho\DV\20260301-174503_seed0_ho_DV_b1_layered_e600_w120_4q_2l\checkpoints\2026-03-01_17-45-19-696925_ho_DV_seed\model_weights.pth
INFO:src.utils.logger:It: 569, Loss: 5.384e-03, Loss_res: 2.012e-03,  Loss_bcs: 3.766e-04, Loss_ut_ics: 1.497e-05, Loss_norm: 1.590e-07, Loss_gauge: 0.000e+00, w_pde: 1.00e+00, L^2_error: 1.703e-02, lr: 1.000e-03, Time: 1.70e+03
INFO:src.utils.logger:Model state saved to results\ho\DV\20260301-174503_seed0_ho_DV_b1_layered_e600_w120_4q_2l\checkpoints\2026-03-01_17-45-19-696925_ho_DV_seed\model.pth
INFO:src.utils.logger:Model weights saved to results\ho\DV\20260301-174503_seed0_ho_DV_b1_layered_e600_w120_4q_2l\checkpoints\2026-03-01_17-45-19-696925_ho_DV_seed\model_weights.pth
INFO:src.utils.logger:It: 570, Loss: 5.465e-03, Loss_res: 2.101e-03,  Loss_bcs: 3.787e-04, Loss_ut_ics: 1.493e-05, Loss_norm: 1.505e-07, Loss_gauge: 0.000e+00, w_pde: 1.00e+00, L^2_error: 1.702e-02, lr: 1.000e-03, Time: 1.71e+03
INFO:src.utils.logger:Model state saved to results\ho\DV\20260301-174503_seed0_ho_DV_b1_layered_e600_w120_4q_2l\checkpoints\2026-03-01_17-45-19-696925_ho_DV_seed\model.pth
INFO:src.utils.logger:Model weights saved to results\ho\DV\20260301-174503_seed0_ho_DV_b1_layered_e600_w120_4q_2l\checkpoints\2026-03-01_17-45-19-696925_ho_DV_seed\model_weights.pth
INFO:src.utils.logger:It: 571, Loss: 5.312e-03, Loss_res: 1.970e-03,  Loss_bcs: 3.636e-04, Loss_ut_ics: 1.489e-05, Loss_norm: 1.476e-07, Loss_gauge: 0.000e+00, w_pde: 1.00e+00, L^2_error: 1.700e-02, lr: 1.000e-03, Time: 1.71e+03
INFO:src.utils.logger:Model state saved to results\ho\DV\20260301-174503_seed0_ho_DV_b1_layered_e600_w120_4q_2l\checkpoints\2026-03-01_17-45-19-696925_ho_DV_seed\model.pth
INFO:src.utils.logger:Model weights saved to results\ho\DV\20260301-174503_seed0_ho_DV_b1_layered_e600_w120_4q_2l\checkpoints\2026-03-01_17-45-19-696925_ho_DV_seed\model_weights.pth
INFO:src.utils.logger:It: 572, Loss: 5.550e-03, Loss_res: 2.209e-03,  Loss_bcs: 3.708e-04, Loss_ut_ics: 1.485e-05, Loss_norm: 1.484e-07, Loss_gauge: 0.000e+00, w_pde: 1.00e+00, L^2_error: 1.701e-02, lr: 1.000e-03, Time: 1.71e+03
INFO:src.utils.logger:Model state saved to results\ho\DV\20260301-174503_seed0_ho_DV_b1_layered_e600_w120_4q_2l\checkpoints\2026-03-01_17-45-19-696925_ho_DV_seed\model.pth
INFO:src.utils.logger:Model weights saved to results\ho\DV\20260301-174503_seed0_ho_DV_b1_layered_e600_w120_4q_2l\checkpoints\2026-03-01_17-45-19-696925_ho_DV_seed\model_weights.pth
INFO:src.utils.logger:It: 573, Loss: 5.452e-03, Loss_res: 2.126e-03,  Loss_bcs: 3.594e-04, Loss_ut_ics: 1.483e-05, Loss_norm: 1.484e-07, Loss_gauge: 0.000e+00, w_pde: 1.00e+00, L^2_error: 1.702e-02, lr: 1.000e-03, Time: 1.72e+03
INFO:src.utils.logger:Model state saved to results\ho\DV\20260301-174503_seed0_ho_DV_b1_layered_e600_w120_4q_2l\checkpoints\2026-03-01_17-45-19-696925_ho_DV_seed\model.pth
INFO:src.utils.logger:Model weights saved to results\ho\DV\20260301-174503_seed0_ho_DV_b1_layered_e600_w120_4q_2l\checkpoints\2026-03-01_17-45-19-696925_ho_DV_seed\model_weights.pth
INFO:src.utils.logger:It: 574, Loss: 5.231e-03, Loss_res: 1.900e-03,  Loss_bcs: 3.670e-04, Loss_ut_ics: 1.482e-05, Loss_norm: 1.458e-07, Loss_gauge: 0.000e+00, w_pde: 1.00e+00, L^2_error: 1.700e-02, lr: 1.000e-03, Time: 1.72e+03
INFO:src.utils.logger:Model state saved to results\ho\DV\20260301-174503_seed0_ho_DV_b1_layered_e600_w120_4q_2l\checkpoints\2026-03-01_17-45-19-696925_ho_DV_seed\model.pth
INFO:src.utils.logger:Model weights saved to results\ho\DV\20260301-174503_seed0_ho_DV_b1_layered_e600_w120_4q_2l\checkpoints\2026-03-01_17-45-19-696925_ho_DV_seed\model_weights.pth
INFO:src.utils.logger:It: 575, Loss: 5.427e-03, Loss_res: 2.099e-03,  Loss_bcs: 3.765e-04, Loss_ut_ics: 1.476e-05, Loss_norm: 1.461e-07, Loss_gauge: 0.000e+00, w_pde: 1.00e+00, L^2_error: 1.696e-02, lr: 1.000e-03, Time: 1.72e+03
INFO:src.utils.logger:Model state saved to results\ho\DV\20260301-174503_seed0_ho_DV_b1_layered_e600_w120_4q_2l\checkpoints\2026-03-01_17-45-19-696925_ho_DV_seed\model.pth
INFO:src.utils.logger:Model weights saved to results\ho\DV\20260301-174503_seed0_ho_DV_b1_layered_e600_w120_4q_2l\checkpoints\2026-03-01_17-45-19-696925_ho_DV_seed\model_weights.pth
INFO:src.utils.logger:It: 576, Loss: 5.332e-03, Loss_res: 2.022e-03,  Loss_bcs: 3.735e-04, Loss_ut_ics: 1.468e-05, Loss_norm: 1.457e-07, Loss_gauge: 0.000e+00, w_pde: 1.00e+00, L^2_error: 1.694e-02, lr: 1.000e-03, Time: 1.72e+03
INFO:src.utils.logger:Model state saved to results\ho\DV\20260301-174503_seed0_ho_DV_b1_layered_e600_w120_4q_2l\checkpoints\2026-03-01_17-45-19-696925_ho_DV_seed\model.pth
INFO:src.utils.logger:Model weights saved to results\ho\DV\20260301-174503_seed0_ho_DV_b1_layered_e600_w120_4q_2l\checkpoints\2026-03-01_17-45-19-696925_ho_DV_seed\model_weights.pth
INFO:src.utils.logger:It: 577, Loss: 5.392e-03, Loss_res: 2.112e-03,  Loss_bcs: 3.570e-04, Loss_ut_ics: 1.461e-05, Loss_norm: 1.417e-07, Loss_gauge: 0.000e+00, w_pde: 1.00e+00, L^2_error: 1.693e-02, lr: 1.000e-03, Time: 1.73e+03
INFO:src.utils.logger:Model state saved to results\ho\DV\20260301-174503_seed0_ho_DV_b1_layered_e600_w120_4q_2l\checkpoints\2026-03-01_17-45-19-696925_ho_DV_seed\model.pth
INFO:src.utils.logger:Model weights saved to results\ho\DV\20260301-174503_seed0_ho_DV_b1_layered_e600_w120_4q_2l\checkpoints\2026-03-01_17-45-19-696925_ho_DV_seed\model_weights.pth
INFO:src.utils.logger:It: 578, Loss: 5.310e-03, Loss_res: 2.042e-03,  Loss_bcs: 3.568e-04, Loss_ut_ics: 1.455e-05, Loss_norm: 1.366e-07, Loss_gauge: 0.000e+00, w_pde: 1.00e+00, L^2_error: 1.692e-02, lr: 1.000e-03, Time: 1.73e+03
INFO:src.utils.logger:Model state saved to results\ho\DV\20260301-174503_seed0_ho_DV_b1_layered_e600_w120_4q_2l\checkpoints\2026-03-01_17-45-19-696925_ho_DV_seed\model.pth
INFO:src.utils.logger:Model weights saved to results\ho\DV\20260301-174503_seed0_ho_DV_b1_layered_e600_w120_4q_2l\checkpoints\2026-03-01_17-45-19-696925_ho_DV_seed\model_weights.pth
INFO:src.utils.logger:It: 579, Loss: 5.384e-03, Loss_res: 2.119e-03,  Loss_bcs: 3.625e-04, Loss_ut_ics: 1.451e-05, Loss_norm: 1.329e-07, Loss_gauge: 0.000e+00, w_pde: 1.00e+00, L^2_error: 1.690e-02, lr: 1.000e-03, Time: 1.73e+03
INFO:src.utils.logger:Model state saved to results\ho\DV\20260301-174503_seed0_ho_DV_b1_layered_e600_w120_4q_2l\checkpoints\2026-03-01_17-45-19-696925_ho_DV_seed\model.pth
INFO:src.utils.logger:Model weights saved to results\ho\DV\20260301-174503_seed0_ho_DV_b1_layered_e600_w120_4q_2l\checkpoints\2026-03-01_17-45-19-696925_ho_DV_seed\model_weights.pth
INFO:src.utils.logger:It: 580, Loss: 5.366e-03, Loss_res: 2.105e-03,  Loss_bcs: 3.675e-04, Loss_ut_ics: 1.446e-05, Loss_norm: 1.321e-07, Loss_gauge: 0.000e+00, w_pde: 1.00e+00, L^2_error: 1.690e-02, lr: 1.000e-03, Time: 1.74e+03
INFO:src.utils.logger:Model state saved to results\ho\DV\20260301-174503_seed0_ho_DV_b1_layered_e600_w120_4q_2l\checkpoints\2026-03-01_17-45-19-696925_ho_DV_seed\model.pth
INFO:src.utils.logger:Model weights saved to results\ho\DV\20260301-174503_seed0_ho_DV_b1_layered_e600_w120_4q_2l\checkpoints\2026-03-01_17-45-19-696925_ho_DV_seed\model_weights.pth
INFO:src.utils.logger:It: 581, Loss: 5.248e-03, Loss_res: 1.993e-03,  Loss_bcs: 3.676e-04, Loss_ut_ics: 1.444e-05, Loss_norm: 1.298e-07, Loss_gauge: 0.000e+00, w_pde: 1.00e+00, L^2_error: 1.688e-02, lr: 1.000e-03, Time: 1.74e+03
INFO:src.utils.logger:Model state saved to results\ho\DV\20260301-174503_seed0_ho_DV_b1_layered_e600_w120_4q_2l\checkpoints\2026-03-01_17-45-19-696925_ho_DV_seed\model.pth
INFO:src.utils.logger:Model weights saved to results\ho\DV\20260301-174503_seed0_ho_DV_b1_layered_e600_w120_4q_2l\checkpoints\2026-03-01_17-45-19-696925_ho_DV_seed\model_weights.pth
INFO:src.utils.logger:It: 582, Loss: 5.294e-03, Loss_res: 2.061e-03,  Loss_bcs: 3.520e-04, Loss_ut_ics: 1.440e-05, Loss_norm: 1.298e-07, Loss_gauge: 0.000e+00, w_pde: 1.00e+00, L^2_error: 1.687e-02, lr: 1.000e-03, Time: 1.74e+03
INFO:src.utils.logger:Model state saved to results\ho\DV\20260301-174503_seed0_ho_DV_b1_layered_e600_w120_4q_2l\checkpoints\2026-03-01_17-45-19-696925_ho_DV_seed\model.pth
INFO:src.utils.logger:Model weights saved to results\ho\DV\20260301-174503_seed0_ho_DV_b1_layered_e600_w120_4q_2l\checkpoints\2026-03-01_17-45-19-696925_ho_DV_seed\model_weights.pth
INFO:src.utils.logger:It: 583, Loss: 5.213e-03, Loss_res: 1.988e-03,  Loss_bcs: 3.523e-04, Loss_ut_ics: 1.436e-05, Loss_norm: 1.276e-07, Loss_gauge: 0.000e+00, w_pde: 1.00e+00, L^2_error: 1.688e-02, lr: 1.000e-03, Time: 1.74e+03
INFO:src.utils.logger:Model state saved to results\ho\DV\20260301-174503_seed0_ho_DV_b1_layered_e600_w120_4q_2l\checkpoints\2026-03-01_17-45-19-696925_ho_DV_seed\model.pth
INFO:src.utils.logger:Model weights saved to results\ho\DV\20260301-174503_seed0_ho_DV_b1_layered_e600_w120_4q_2l\checkpoints\2026-03-01_17-45-19-696925_ho_DV_seed\model_weights.pth
INFO:src.utils.logger:It: 584, Loss: 5.236e-03, Loss_res: 2.012e-03,  Loss_bcs: 3.553e-04, Loss_ut_ics: 1.434e-05, Loss_norm: 1.253e-07, Loss_gauge: 0.000e+00, w_pde: 1.00e+00, L^2_error: 1.688e-02, lr: 1.000e-03, Time: 1.75e+03
INFO:src.utils.logger:Model state saved to results\ho\DV\20260301-174503_seed0_ho_DV_b1_layered_e600_w120_4q_2l\checkpoints\2026-03-01_17-45-19-696925_ho_DV_seed\model.pth
INFO:src.utils.logger:Model weights saved to results\ho\DV\20260301-174503_seed0_ho_DV_b1_layered_e600_w120_4q_2l\checkpoints\2026-03-01_17-45-19-696925_ho_DV_seed\model_weights.pth
INFO:src.utils.logger:It: 585, Loss: 5.127e-03, Loss_res: 1.910e-03,  Loss_bcs: 3.557e-04, Loss_ut_ics: 1.430e-05, Loss_norm: 1.231e-07, Loss_gauge: 0.000e+00, w_pde: 1.00e+00, L^2_error: 1.685e-02, lr: 1.000e-03, Time: 1.75e+03
INFO:src.utils.logger:Model state saved to results\ho\DV\20260301-174503_seed0_ho_DV_b1_layered_e600_w120_4q_2l\checkpoints\2026-03-01_17-45-19-696925_ho_DV_seed\model.pth
INFO:src.utils.logger:Model weights saved to results\ho\DV\20260301-174503_seed0_ho_DV_b1_layered_e600_w120_4q_2l\checkpoints\2026-03-01_17-45-19-696925_ho_DV_seed\model_weights.pth
INFO:src.utils.logger:It: 586, Loss: 5.218e-03, Loss_res: 2.015e-03,  Loss_bcs: 3.565e-04, Loss_ut_ics: 1.423e-05, Loss_norm: 1.245e-07, Loss_gauge: 0.000e+00, w_pde: 1.00e+00, L^2_error: 1.683e-02, lr: 1.000e-03, Time: 1.75e+03
INFO:src.utils.logger:Model state saved to results\ho\DV\20260301-174503_seed0_ho_DV_b1_layered_e600_w120_4q_2l\checkpoints\2026-03-01_17-45-19-696925_ho_DV_seed\model.pth
INFO:src.utils.logger:Model weights saved to results\ho\DV\20260301-174503_seed0_ho_DV_b1_layered_e600_w120_4q_2l\checkpoints\2026-03-01_17-45-19-696925_ho_DV_seed\model_weights.pth
INFO:src.utils.logger:It: 587, Loss: 5.162e-03, Loss_res: 1.977e-03,  Loss_bcs: 3.513e-04, Loss_ut_ics: 1.417e-05, Loss_norm: 1.257e-07, Loss_gauge: 0.000e+00, w_pde: 1.00e+00, L^2_error: 1.682e-02, lr: 1.000e-03, Time: 1.76e+03
INFO:src.utils.logger:Model state saved to results\ho\DV\20260301-174503_seed0_ho_DV_b1_layered_e600_w120_4q_2l\checkpoints\2026-03-01_17-45-19-696925_ho_DV_seed\model.pth
INFO:src.utils.logger:Model weights saved to results\ho\DV\20260301-174503_seed0_ho_DV_b1_layered_e600_w120_4q_2l\checkpoints\2026-03-01_17-45-19-696925_ho_DV_seed\model_weights.pth
INFO:src.utils.logger:It: 588, Loss: 5.066e-03, Loss_res: 1.884e-03,  Loss_bcs: 3.590e-04, Loss_ut_ics: 1.411e-05, Loss_norm: 1.257e-07, Loss_gauge: 0.000e+00, w_pde: 1.00e+00, L^2_error: 1.681e-02, lr: 1.000e-03, Time: 1.76e+03
INFO:src.utils.logger:Model state saved to results\ho\DV\20260301-174503_seed0_ho_DV_b1_layered_e600_w120_4q_2l\checkpoints\2026-03-01_17-45-19-696925_ho_DV_seed\model.pth
INFO:src.utils.logger:Model weights saved to results\ho\DV\20260301-174503_seed0_ho_DV_b1_layered_e600_w120_4q_2l\checkpoints\2026-03-01_17-45-19-696925_ho_DV_seed\model_weights.pth
INFO:src.utils.logger:It: 589, Loss: 5.109e-03, Loss_res: 1.936e-03,  Loss_bcs: 3.614e-04, Loss_ut_ics: 1.406e-05, Loss_norm: 1.256e-07, Loss_gauge: 0.000e+00, w_pde: 1.00e+00, L^2_error: 1.681e-02, lr: 1.000e-03, Time: 1.76e+03
INFO:src.utils.logger:Model state saved to results\ho\DV\20260301-174503_seed0_ho_DV_b1_layered_e600_w120_4q_2l\checkpoints\2026-03-01_17-45-19-696925_ho_DV_seed\model.pth
INFO:src.utils.logger:Model weights saved to results\ho\DV\20260301-174503_seed0_ho_DV_b1_layered_e600_w120_4q_2l\checkpoints\2026-03-01_17-45-19-696925_ho_DV_seed\model_weights.pth
INFO:src.utils.logger:It: 590, Loss: 5.071e-03, Loss_res: 1.908e-03,  Loss_bcs: 3.604e-04, Loss_ut_ics: 1.401e-05, Loss_norm: 1.233e-07, Loss_gauge: 0.000e+00, w_pde: 1.00e+00, L^2_error: 1.680e-02, lr: 1.000e-03, Time: 1.77e+03
INFO:src.utils.logger:Model state saved to results\ho\DV\20260301-174503_seed0_ho_DV_b1_layered_e600_w120_4q_2l\checkpoints\2026-03-01_17-45-19-696925_ho_DV_seed\model.pth
INFO:src.utils.logger:Model weights saved to results\ho\DV\20260301-174503_seed0_ho_DV_b1_layered_e600_w120_4q_2l\checkpoints\2026-03-01_17-45-19-696925_ho_DV_seed\model_weights.pth
INFO:src.utils.logger:It: 591, Loss: 5.056e-03, Loss_res: 1.909e-03,  Loss_bcs: 3.547e-04, Loss_ut_ics: 1.396e-05, Loss_norm: 1.242e-07, Loss_gauge: 0.000e+00, w_pde: 1.00e+00, L^2_error: 1.679e-02, lr: 1.000e-03, Time: 1.77e+03
INFO:src.utils.logger:Model state saved to results\ho\DV\20260301-174503_seed0_ho_DV_b1_layered_e600_w120_4q_2l\checkpoints\2026-03-01_17-45-19-696925_ho_DV_seed\model.pth
INFO:src.utils.logger:Model weights saved to results\ho\DV\20260301-174503_seed0_ho_DV_b1_layered_e600_w120_4q_2l\checkpoints\2026-03-01_17-45-19-696925_ho_DV_seed\model_weights.pth
INFO:src.utils.logger:It: 592, Loss: 5.052e-03, Loss_res: 1.921e-03,  Loss_bcs: 3.505e-04, Loss_ut_ics: 1.390e-05, Loss_norm: 1.250e-07, Loss_gauge: 0.000e+00, w_pde: 1.00e+00, L^2_error: 1.677e-02, lr: 1.000e-03, Time: 1.77e+03
INFO:src.utils.logger:Model state saved to results\ho\DV\20260301-174503_seed0_ho_DV_b1_layered_e600_w120_4q_2l\checkpoints\2026-03-01_17-45-19-696925_ho_DV_seed\model.pth
INFO:src.utils.logger:Model weights saved to results\ho\DV\20260301-174503_seed0_ho_DV_b1_layered_e600_w120_4q_2l\checkpoints\2026-03-01_17-45-19-696925_ho_DV_seed\model_weights.pth
INFO:src.utils.logger:It: 593, Loss: 5.110e-03, Loss_res: 1.993e-03,  Loss_bcs: 3.465e-04, Loss_ut_ics: 1.385e-05, Loss_norm: 1.254e-07, Loss_gauge: 0.000e+00, w_pde: 1.00e+00, L^2_error: 1.677e-02, lr: 1.000e-03, Time: 1.77e+03
INFO:src.utils.logger:Model state saved to results\ho\DV\20260301-174503_seed0_ho_DV_b1_layered_e600_w120_4q_2l\checkpoints\2026-03-01_17-45-19-696925_ho_DV_seed\model.pth
INFO:src.utils.logger:Model weights saved to results\ho\DV\20260301-174503_seed0_ho_DV_b1_layered_e600_w120_4q_2l\checkpoints\2026-03-01_17-45-19-696925_ho_DV_seed\model_weights.pth
INFO:src.utils.logger:It: 594, Loss: 5.002e-03, Loss_res: 1.886e-03,  Loss_bcs: 3.542e-04, Loss_ut_ics: 1.381e-05, Loss_norm: 1.217e-07, Loss_gauge: 0.000e+00, w_pde: 1.00e+00, L^2_error: 1.678e-02, lr: 1.000e-03, Time: 1.78e+03
INFO:src.utils.logger:Model state saved to results\ho\DV\20260301-174503_seed0_ho_DV_b1_layered_e600_w120_4q_2l\checkpoints\2026-03-01_17-45-19-696925_ho_DV_seed\model.pth
INFO:src.utils.logger:Model weights saved to results\ho\DV\20260301-174503_seed0_ho_DV_b1_layered_e600_w120_4q_2l\checkpoints\2026-03-01_17-45-19-696925_ho_DV_seed\model_weights.pth
INFO:src.utils.logger:It: 595, Loss: 5.033e-03, Loss_res: 1.932e-03,  Loss_bcs: 3.470e-04, Loss_ut_ics: 1.377e-05, Loss_norm: 1.173e-07, Loss_gauge: 0.000e+00, w_pde: 1.00e+00, L^2_error: 1.677e-02, lr: 1.000e-03, Time: 1.78e+03
INFO:src.utils.logger:Model state saved to results\ho\DV\20260301-174503_seed0_ho_DV_b1_layered_e600_w120_4q_2l\checkpoints\2026-03-01_17-45-19-696925_ho_DV_seed\model.pth
INFO:src.utils.logger:Model weights saved to results\ho\DV\20260301-174503_seed0_ho_DV_b1_layered_e600_w120_4q_2l\checkpoints\2026-03-01_17-45-19-696925_ho_DV_seed\model_weights.pth
INFO:src.utils.logger:It: 596, Loss: 4.966e-03, Loss_res: 1.861e-03,  Loss_bcs: 3.601e-04, Loss_ut_ics: 1.372e-05, Loss_norm: 1.171e-07, Loss_gauge: 0.000e+00, w_pde: 1.00e+00, L^2_error: 1.674e-02, lr: 1.000e-03, Time: 1.78e+03
INFO:src.utils.logger:Model state saved to results\ho\DV\20260301-174503_seed0_ho_DV_b1_layered_e600_w120_4q_2l\checkpoints\2026-03-01_17-45-19-696925_ho_DV_seed\model.pth
INFO:src.utils.logger:Model weights saved to results\ho\DV\20260301-174503_seed0_ho_DV_b1_layered_e600_w120_4q_2l\checkpoints\2026-03-01_17-45-19-696925_ho_DV_seed\model_weights.pth
INFO:src.utils.logger:It: 597, Loss: 4.822e-03, Loss_res: 1.734e-03,  Loss_bcs: 3.558e-04, Loss_ut_ics: 1.366e-05, Loss_norm: 1.197e-07, Loss_gauge: 0.000e+00, w_pde: 1.00e+00, L^2_error: 1.673e-02, lr: 1.000e-03, Time: 1.79e+03
INFO:src.utils.logger:Model state saved to results\ho\DV\20260301-174503_seed0_ho_DV_b1_layered_e600_w120_4q_2l\checkpoints\2026-03-01_17-45-19-696925_ho_DV_seed\model.pth
INFO:src.utils.logger:Model weights saved to results\ho\DV\20260301-174503_seed0_ho_DV_b1_layered_e600_w120_4q_2l\checkpoints\2026-03-01_17-45-19-696925_ho_DV_seed\model_weights.pth
INFO:src.utils.logger:It: 598, Loss: 5.049e-03, Loss_res: 1.972e-03,  Loss_bcs: 3.562e-04, Loss_ut_ics: 1.360e-05, Loss_norm: 1.200e-07, Loss_gauge: 0.000e+00, w_pde: 1.00e+00, L^2_error: 1.674e-02, lr: 1.000e-03, Time: 1.79e+03
INFO:src.utils.logger:Model state saved to results\ho\DV\20260301-174503_seed0_ho_DV_b1_layered_e600_w120_4q_2l\checkpoints\2026-03-01_17-45-19-696925_ho_DV_seed\model.pth
INFO:src.utils.logger:Model weights saved to results\ho\DV\20260301-174503_seed0_ho_DV_b1_layered_e600_w120_4q_2l\checkpoints\2026-03-01_17-45-19-696925_ho_DV_seed\model_weights.pth
INFO:src.utils.logger:It: 599, Loss: 5.059e-03, Loss_res: 1.995e-03,  Loss_bcs: 3.498e-04, Loss_ut_ics: 1.357e-05, Loss_norm: 1.148e-07, Loss_gauge: 0.000e+00, w_pde: 1.00e+00, L^2_error: 1.676e-02, lr: 1.000e-03, Time: 1.79e+03
INFO:src.utils.logger:Model state saved to results\ho\DV\20260301-174503_seed0_ho_DV_b1_layered_e600_w120_4q_2l\checkpoints\2026-03-01_17-45-19-696925_ho_DV_seed\model.pth
INFO:src.utils.logger:Model weights saved to results\ho\DV\20260301-174503_seed0_ho_DV_b1_layered_e600_w120_4q_2l\checkpoints\2026-03-01_17-45-19-696925_ho_DV_seed\model_weights.pth
INFO:src.utils.logger:It: 600, Loss: 4.888e-03, Loss_res: 1.823e-03,  Loss_bcs: 3.556e-04, Loss_ut_ics: 1.354e-05, Loss_norm: 1.066e-07, Loss_gauge: 0.000e+00, w_pde: 1.00e+00, L^2_error: 1.674e-02, lr: 1.000e-03, Time: 1.79e+03
INFO:src.utils.logger:Model state saved to results\ho\DV\20260301-174503_seed0_ho_DV_b1_layered_e600_w120_4q_2l\checkpoints\2026-03-01_17-45-19-696925_ho_DV_seed\model.pth
INFO:src.utils.logger:Model weights saved to results\ho\DV\20260301-174503_seed0_ho_DV_b1_layered_e600_w120_4q_2l\checkpoints\2026-03-01_17-45-19-696925_ho_DV_seed\model_weights.pth
